contract,pair_bytes,path,count,variant,sample,cohort,rounds,traces,elapsed_ns,checksum,requests,requested_bytes,peak_allocations,peak_bytes
normal,16,build-cleanup,8,whitefoot,0,0,0,32768,4450000,6849720929101567961,0,0,0,0
normal,16,build-cleanup,8,source-c,0,0,0,32768,4625000,6849720929101567961,0,0,0,0
normal,16,build-cleanup,8,direct-c,0,0,0,32768,3201000,6849720929101567961,0,0,0,0
normal,16,build-cleanup,8,avl-c,0,0,0,32768,7875000,6849720929101567961,0,0,0,0
normal,16,build-cleanup,8,rust-btree-map,0,0,0,32768,4060000,6849720929101567961,0,0,0,0
normal,16,build-cleanup,8,cpp-map,0,0,0,32768,8139000,6849720929101567961,0,0,0,0
normal,16,build-cleanup,8,absl-btree-map,0,0,0,32768,5213000,6849720929101567961,0,0,0,0
normal,16,build-cleanup,8,source-c,1,0,0,32768,4599000,17484069816043865054,0,0,0,0
normal,16,build-cleanup,8,direct-c,1,0,0,32768,3235000,17484069816043865054,0,0,0,0
normal,16,build-cleanup,8,avl-c,1,0,0,32768,7856000,17484069816043865054,0,0,0,0
normal,16,build-cleanup,8,rust-btree-map,1,0,0,32768,4060000,17484069816043865054,0,0,0,0
normal,16,build-cleanup,8,cpp-map,1,0,0,32768,8434000,17484069816043865054,0,0,0,0
normal,16,build-cleanup,8,absl-btree-map,1,0,0,32768,4937000,17484069816043865054,0,0,0,0
normal,16,build-cleanup,8,whitefoot,1,0,0,32768,4580000,17484069816043865054,0,0,0,0
normal,16,build-cleanup,8,direct-c,2,0,0,32768,3226000,14012510134856559248,0,0,0,0
normal,16,build-cleanup,8,avl-c,2,0,0,32768,7831000,14012510134856559248,0,0,0,0
normal,16,build-cleanup,8,rust-btree-map,2,0,0,32768,4055000,14012510134856559248,0,0,0,0
normal,16,build-cleanup,8,cpp-map,2,0,0,32768,8503000,14012510134856559248,0,0,0,0
normal,16,build-cleanup,8,absl-btree-map,2,0,0,32768,4693000,14012510134856559248,0,0,0,0
normal,16,build-cleanup,8,whitefoot,2,0,0,32768,4334000,14012510134856559248,0,0,0,0
normal,16,build-cleanup,8,source-c,2,0,0,32768,4682000,14012510134856559248,0,0,0,0
normal,16,build-cleanup,8,avl-c,3,0,0,32768,7780000,1508741671537269472,0,0,0,0
normal,16,build-cleanup,8,rust-btree-map,3,0,0,32768,3782000,1508741671537269472,0,0,0,0
normal,16,build-cleanup,8,cpp-map,3,0,0,32768,8151000,1508741671537269472,0,0,0,0
normal,16,build-cleanup,8,absl-btree-map,3,0,0,32768,4866000,1508741671537269472,0,0,0,0
normal,16,build-cleanup,8,whitefoot,3,0,0,32768,4553000,1508741671537269472,0,0,0,0
normal,16,build-cleanup,8,source-c,3,0,0,32768,4533000,1508741671537269472,0,0,0,0
normal,16,build-cleanup,8,direct-c,3,0,0,32768,3148000,1508741671537269472,0,0,0,0
normal,16,build-cleanup,8,rust-btree-map,4,0,0,32768,3948000,4420214495421399194,0,0,0,0
normal,16,build-cleanup,8,cpp-map,4,0,0,32768,8268000,4420214495421399194,0,0,0,0
normal,16,build-cleanup,8,absl-btree-map,4,0,0,32768,4811000,4420214495421399194,0,0,0,0
normal,16,build-cleanup,8,whitefoot,4,0,0,32768,4476000,4420214495421399194,0,0,0,0
normal,16,build-cleanup,8,source-c,4,0,0,32768,4674000,4420214495421399194,0,0,0,0
normal,16,build-cleanup,8,direct-c,4,0,0,32768,3198000,4420214495421399194,0,0,0,0
normal,16,build-cleanup,8,avl-c,4,0,0,32768,7512000,4420214495421399194,0,0,0,0
normal,16,build-cleanup,8,cpp-map,5,0,0,32768,7943000,10324764268321666758,0,0,0,0
normal,16,build-cleanup,8,absl-btree-map,5,0,0,32768,4629000,10324764268321666758,0,0,0,0
normal,16,build-cleanup,8,whitefoot,5,0,0,32768,4653000,10324764268321666758,0,0,0,0
normal,16,build-cleanup,8,source-c,5,0,0,32768,4600000,10324764268321666758,0,0,0,0
normal,16,build-cleanup,8,direct-c,5,0,0,32768,3191000,10324764268321666758,0,0,0,0
normal,16,build-cleanup,8,avl-c,5,0,0,32768,7480000,10324764268321666758,0,0,0,0
normal,16,build-cleanup,8,rust-btree-map,5,0,0,32768,3803000,10324764268321666758,0,0,0,0
normal,16,build-cleanup,256,whitefoot,0,0,0,1024,8644000,11013625039375809593,0,0,0,0
normal,16,build-cleanup,256,source-c,0,0,0,1024,8769000,11013625039375809593,0,0,0,0
normal,16,build-cleanup,256,direct-c,0,0,0,1024,5636000,11013625039375809593,0,0,0,0
normal,16,build-cleanup,256,avl-c,0,0,0,1024,11856000,11013625039375809593,0,0,0,0
normal,16,build-cleanup,256,rust-btree-map,0,0,0,1024,7524000,11013625039375809593,0,0,0,0
normal,16,build-cleanup,256,cpp-map,0,0,0,1024,9612000,11013625039375809593,0,0,0,0
normal,16,build-cleanup,256,absl-btree-map,0,0,0,1024,5566000,11013625039375809593,0,0,0,0
normal,16,build-cleanup,256,source-c,1,0,0,1024,8806000,15053961420106435164,0,0,0,0
normal,16,build-cleanup,256,direct-c,1,0,0,1024,5530000,15053961420106435164,0,0,0,0
normal,16,build-cleanup,256,avl-c,1,0,0,1024,11817000,15053961420106435164,0,0,0,0
normal,16,build-cleanup,256,rust-btree-map,1,0,0,1024,7355000,15053961420106435164,0,0,0,0
normal,16,build-cleanup,256,cpp-map,1,0,0,1024,9385000,15053961420106435164,0,0,0,0
normal,16,build-cleanup,256,absl-btree-map,1,0,0,1024,5590000,15053961420106435164,0,0,0,0
normal,16,build-cleanup,256,whitefoot,1,0,0,1024,8549000,15053961420106435164,0,0,0,0
normal,16,build-cleanup,256,direct-c,2,0,0,1024,5555000,16429259055641363798,0,0,0,0
normal,16,build-cleanup,256,avl-c,2,0,0,1024,11845000,16429259055641363798,0,0,0,0
normal,16,build-cleanup,256,rust-btree-map,2,0,0,1024,7434000,16429259055641363798,0,0,0,0
normal,16,build-cleanup,256,cpp-map,2,0,0,1024,9634000,16429259055641363798,0,0,0,0
normal,16,build-cleanup,256,absl-btree-map,2,0,0,1024,5605000,16429259055641363798,0,0,0,0
normal,16,build-cleanup,256,whitefoot,2,0,0,1024,8883000,16429259055641363798,0,0,0,0
normal,16,build-cleanup,256,source-c,2,0,0,1024,8994000,16429259055641363798,0,0,0,0
normal,16,build-cleanup,256,avl-c,3,0,0,1024,12100000,5173250294674526306,0,0,0,0
normal,16,build-cleanup,256,rust-btree-map,3,0,0,1024,7382000,5173250294674526306,0,0,0,0
normal,16,build-cleanup,256,cpp-map,3,0,0,1024,9781000,5173250294674526306,0,0,0,0
normal,16,build-cleanup,256,absl-btree-map,3,0,0,1024,5467000,5173250294674526306,0,0,0,0
normal,16,build-cleanup,256,whitefoot,3,0,0,1024,8690000,5173250294674526306,0,0,0,0
normal,16,build-cleanup,256,source-c,3,0,0,1024,8780000,5173250294674526306,0,0,0,0
normal,16,build-cleanup,256,direct-c,3,0,0,1024,5592000,5173250294674526306,0,0,0,0
normal,16,build-cleanup,256,rust-btree-map,4,0,0,1024,7296000,12502284741807326751,0,0,0,0
normal,16,build-cleanup,256,cpp-map,4,0,0,1024,9368000,12502284741807326751,0,0,0,0
normal,16,build-cleanup,256,absl-btree-map,4,0,0,1024,5424000,12502284741807326751,0,0,0,0
normal,16,build-cleanup,256,whitefoot,4,0,0,1024,8784000,12502284741807326751,0,0,0,0
normal,16,build-cleanup,256,source-c,4,0,0,1024,8669000,12502284741807326751,0,0,0,0
normal,16,build-cleanup,256,direct-c,4,0,0,1024,5633000,12502284741807326751,0,0,0,0
normal,16,build-cleanup,256,avl-c,4,0,0,1024,12009000,12502284741807326751,0,0,0,0
normal,16,build-cleanup,256,cpp-map,5,0,0,1024,9411000,7741357206570794833,0,0,0,0
normal,16,build-cleanup,256,absl-btree-map,5,0,0,1024,5458000,7741357206570794833,0,0,0,0
normal,16,build-cleanup,256,whitefoot,5,0,0,1024,8684000,7741357206570794833,0,0,0,0
normal,16,build-cleanup,256,source-c,5,0,0,1024,8693000,7741357206570794833,0,0,0,0
normal,16,build-cleanup,256,direct-c,5,0,0,1024,5542000,7741357206570794833,0,0,0,0
normal,16,build-cleanup,256,avl-c,5,0,0,1024,11836000,7741357206570794833,0,0,0,0
normal,16,build-cleanup,256,rust-btree-map,5,0,0,1024,7226000,7741357206570794833,0,0,0,0
normal,16,build-cleanup,4096,whitefoot,0,0,0,64,19852000,7431128649587285305,0,0,0,0
normal,16,build-cleanup,4096,source-c,0,0,0,64,21978000,7431128649587285305,0,0,0,0
normal,16,build-cleanup,4096,direct-c,0,0,0,64,17863000,7431128649587285305,0,0,0,0
normal,16,build-cleanup,4096,avl-c,0,0,0,64,18509000,7431128649587285305,0,0,0,0
normal,16,build-cleanup,4096,rust-btree-map,0,0,0,64,17531000,7431128649587285305,0,0,0,0
normal,16,build-cleanup,4096,cpp-map,0,0,0,64,18263000,7431128649587285305,0,0,0,0
normal,16,build-cleanup,4096,absl-btree-map,0,0,0,64,15181000,7431128649587285305,0,0,0,0
normal,16,build-cleanup,4096,source-c,1,0,0,64,22404000,6137889413006515808,0,0,0,0
normal,16,build-cleanup,4096,direct-c,1,0,0,64,18525000,6137889413006515808,0,0,0,0
normal,16,build-cleanup,4096,avl-c,1,0,0,64,19518000,6137889413006515808,0,0,0,0
normal,16,build-cleanup,4096,rust-btree-map,1,0,0,64,18007000,6137889413006515808,0,0,0,0
normal,16,build-cleanup,4096,cpp-map,1,0,0,64,18934000,6137889413006515808,0,0,0,0
normal,16,build-cleanup,4096,absl-btree-map,1,0,0,64,15397000,6137889413006515808,0,0,0,0
normal,16,build-cleanup,4096,whitefoot,1,0,0,64,20459000,6137889413006515808,0,0,0,0
normal,16,build-cleanup,4096,direct-c,2,0,0,64,18181000,14663390403239075653,0,0,0,0
normal,16,build-cleanup,4096,avl-c,2,0,0,64,19262000,14663390403239075653,0,0,0,0
normal,16,build-cleanup,4096,rust-btree-map,2,0,0,64,18128000,14663390403239075653,0,0,0,0
normal,16,build-cleanup,4096,cpp-map,2,0,0,64,18817000,14663390403239075653,0,0,0,0
normal,16,build-cleanup,4096,absl-btree-map,2,0,0,64,15014000,14663390403239075653,0,0,0,0
normal,16,build-cleanup,4096,whitefoot,2,0,0,64,19929000,14663390403239075653,0,0,0,0
normal,16,build-cleanup,4096,source-c,2,0,0,64,21982000,14663390403239075653,0,0,0,0
normal,16,build-cleanup,4096,avl-c,3,0,0,64,18857000,11530284332928067575,0,0,0,0
normal,16,build-cleanup,4096,rust-btree-map,3,0,0,64,17617000,11530284332928067575,0,0,0,0
normal,16,build-cleanup,4096,cpp-map,3,0,0,64,18140000,11530284332928067575,0,0,0,0
normal,16,build-cleanup,4096,absl-btree-map,3,0,0,64,15006000,11530284332928067575,0,0,0,0
normal,16,build-cleanup,4096,whitefoot,3,0,0,64,19933000,11530284332928067575,0,0,0,0
normal,16,build-cleanup,4096,source-c,3,0,0,64,21970000,11530284332928067575,0,0,0,0
normal,16,build-cleanup,4096,direct-c,3,0,0,64,17854000,11530284332928067575,0,0,0,0
normal,16,build-cleanup,4096,rust-btree-map,4,0,0,64,17275000,5322748425621117260,0,0,0,0
normal,16,build-cleanup,4096,cpp-map,4,0,0,64,18281000,5322748425621117260,0,0,0,0
normal,16,build-cleanup,4096,absl-btree-map,4,0,0,64,14905000,5322748425621117260,0,0,0,0
normal,16,build-cleanup,4096,whitefoot,4,0,0,64,19955000,5322748425621117260,0,0,0,0
normal,16,build-cleanup,4096,source-c,4,0,0,64,21865000,5322748425621117260,0,0,0,0
normal,16,build-cleanup,4096,direct-c,4,0,0,64,17884000,5322748425621117260,0,0,0,0
normal,16,build-cleanup,4096,avl-c,4,0,0,64,18878000,5322748425621117260,0,0,0,0
normal,16,build-cleanup,4096,cpp-map,5,0,0,64,18285000,4272269164200385109,0,0,0,0
normal,16,build-cleanup,4096,absl-btree-map,5,0,0,64,15324000,4272269164200385109,0,0,0,0
normal,16,build-cleanup,4096,whitefoot,5,0,0,64,19813000,4272269164200385109,0,0,0,0
normal,16,build-cleanup,4096,source-c,5,0,0,64,21923000,4272269164200385109,0,0,0,0
normal,16,build-cleanup,4096,direct-c,5,0,0,64,17935000,4272269164200385109,0,0,0,0
normal,16,build-cleanup,4096,avl-c,5,0,0,64,18556000,4272269164200385109,0,0,0,0
normal,16,build-cleanup,4096,rust-btree-map,5,0,0,64,17530000,4272269164200385109,0,0,0,0
normal,16,hit-miss,8,whitefoot,0,0,1024,64,5457000,8034487115160880622,0,0,0,0
normal,16,hit-miss,8,source-c,0,0,1024,64,5182000,8034487115160880622,0,0,0,0
normal,16,hit-miss,8,direct-c,0,0,1024,64,2886000,8034487115160880622,0,0,0,0
normal,16,hit-miss,8,avl-c,0,0,1024,64,1644000,8034487115160880622,0,0,0,0
normal,16,hit-miss,8,rust-btree-map,0,0,1024,64,3101000,8034487115160880622,0,0,0,0
normal,16,hit-miss,8,cpp-map,0,0,1024,64,3063000,8034487115160880622,0,0,0,0
normal,16,hit-miss,8,absl-btree-map,0,0,1024,64,3335000,8034487115160880622,0,0,0,0
normal,16,hit-miss,8,source-c,1,0,1024,64,5201000,13118977925222619936,0,0,0,0
normal,16,hit-miss,8,direct-c,1,0,1024,64,2873000,13118977925222619936,0,0,0,0
normal,16,hit-miss,8,avl-c,1,0,1024,64,1644000,13118977925222619936,0,0,0,0
normal,16,hit-miss,8,rust-btree-map,1,0,1024,64,3119000,13118977925222619936,0,0,0,0
normal,16,hit-miss,8,cpp-map,1,0,1024,64,3069000,13118977925222619936,0,0,0,0
normal,16,hit-miss,8,absl-btree-map,1,0,1024,64,3323000,13118977925222619936,0,0,0,0
normal,16,hit-miss,8,whitefoot,1,0,1024,64,5464000,13118977925222619936,0,0,0,0
normal,16,hit-miss,8,direct-c,2,0,1024,64,2879000,17264587201499946224,0,0,0,0
normal,16,hit-miss,8,avl-c,2,0,1024,64,1652000,17264587201499946224,0,0,0,0
normal,16,hit-miss,8,rust-btree-map,2,0,1024,64,3102000,17264587201499946224,0,0,0,0
normal,16,hit-miss,8,cpp-map,2,0,1024,64,3142000,17264587201499946224,0,0,0,0
normal,16,hit-miss,8,absl-btree-map,2,0,1024,64,3326000,17264587201499946224,0,0,0,0
normal,16,hit-miss,8,whitefoot,2,0,1024,64,5461000,17264587201499946224,0,0,0,0
normal,16,hit-miss,8,source-c,2,0,1024,64,5151000,17264587201499946224,0,0,0,0
normal,16,hit-miss,8,avl-c,3,0,1024,64,1645000,11264264585823877922,0,0,0,0
normal,16,hit-miss,8,rust-btree-map,3,0,1024,64,3107000,11264264585823877922,0,0,0,0
normal,16,hit-miss,8,cpp-map,3,0,1024,64,3061000,11264264585823877922,0,0,0,0
normal,16,hit-miss,8,absl-btree-map,3,0,1024,64,3323000,11264264585823877922,0,0,0,0
normal,16,hit-miss,8,whitefoot,3,0,1024,64,5526000,11264264585823877922,0,0,0,0
normal,16,hit-miss,8,source-c,3,0,1024,64,5142000,11264264585823877922,0,0,0,0
normal,16,hit-miss,8,direct-c,3,0,1024,64,2877000,11264264585823877922,0,0,0,0
normal,16,hit-miss,8,rust-btree-map,4,0,1024,64,3104000,13252529680170993431,0,0,0,0
normal,16,hit-miss,8,cpp-map,4,0,1024,64,3064000,13252529680170993431,0,0,0,0
normal,16,hit-miss,8,absl-btree-map,4,0,1024,64,3327000,13252529680170993431,0,0,0,0
normal,16,hit-miss,8,whitefoot,4,0,1024,64,5459000,13252529680170993431,0,0,0,0
normal,16,hit-miss,8,source-c,4,0,1024,64,5160000,13252529680170993431,0,0,0,0
normal,16,hit-miss,8,direct-c,4,0,1024,64,2875000,13252529680170993431,0,0,0,0
normal,16,hit-miss,8,avl-c,4,0,1024,64,1697000,13252529680170993431,0,0,0,0
normal,16,hit-miss,8,cpp-map,5,0,1024,64,3078000,12916513954052557451,0,0,0,0
normal,16,hit-miss,8,absl-btree-map,5,0,1024,64,3320000,12916513954052557451,0,0,0,0
normal,16,hit-miss,8,whitefoot,5,0,1024,64,5448000,12916513954052557451,0,0,0,0
normal,16,hit-miss,8,source-c,5,0,1024,64,5146000,12916513954052557451,0,0,0,0
normal,16,hit-miss,8,direct-c,5,0,1024,64,2870000,12916513954052557451,0,0,0,0
normal,16,hit-miss,8,avl-c,5,0,1024,64,1644000,12916513954052557451,0,0,0,0
normal,16,hit-miss,8,rust-btree-map,5,0,1024,64,3111000,12916513954052557451,0,0,0,0
normal,16,hit-miss,256,whitefoot,0,0,32,64,13150000,659357870925784830,0,0,0,0
normal,16,hit-miss,256,source-c,0,0,32,64,13515000,659357870925784830,0,0,0,0
normal,16,hit-miss,256,direct-c,0,0,32,64,8232000,659357870925784830,0,0,0,0
normal,16,hit-miss,256,avl-c,0,0,32,64,6310000,659357870925784830,0,0,0,0
normal,16,hit-miss,256,rust-btree-map,0,0,32,64,7927000,659357870925784830,0,0,0,0
normal,16,hit-miss,256,cpp-map,0,0,32,64,6351000,659357870925784830,0,0,0,0
normal,16,hit-miss,256,absl-btree-map,0,0,32,64,9094000,659357870925784830,0,0,0,0
normal,16,hit-miss,256,source-c,1,0,32,64,13512000,13307813763000865802,0,0,0,0
normal,16,hit-miss,256,direct-c,1,0,32,64,8190000,13307813763000865802,0,0,0,0
normal,16,hit-miss,256,avl-c,1,0,32,64,6122000,13307813763000865802,0,0,0,0
normal,16,hit-miss,256,rust-btree-map,1,0,32,64,8110000,13307813763000865802,0,0,0,0
normal,16,hit-miss,256,cpp-map,1,0,32,64,6351000,13307813763000865802,0,0,0,0
normal,16,hit-miss,256,absl-btree-map,1,0,32,64,9108000,13307813763000865802,0,0,0,0
normal,16,hit-miss,256,whitefoot,1,0,32,64,13112000,13307813763000865802,0,0,0,0
normal,16,hit-miss,256,direct-c,2,0,32,64,8688000,12674987301196740784,0,0,0,0
normal,16,hit-miss,256,avl-c,2,0,32,64,6557000,12674987301196740784,0,0,0,0
normal,16,hit-miss,256,rust-btree-map,2,0,32,64,8404000,12674987301196740784,0,0,0,0
normal,16,hit-miss,256,cpp-map,2,0,32,64,6628000,12674987301196740784,0,0,0,0
normal,16,hit-miss,256,absl-btree-map,2,0,32,64,9585000,12674987301196740784,0,0,0,0
normal,16,hit-miss,256,whitefoot,2,0,32,64,14128000,12674987301196740784,0,0,0,0
normal,16,hit-miss,256,source-c,2,0,32,64,13673000,12674987301196740784,0,0,0,0
normal,16,hit-miss,256,avl-c,3,0,32,64,6123000,9405949653701584947,0,0,0,0
normal,16,hit-miss,256,rust-btree-map,3,0,32,64,7889000,9405949653701584947,0,0,0,0
normal,16,hit-miss,256,cpp-map,3,0,32,64,6375000,9405949653701584947,0,0,0,0
normal,16,hit-miss,256,absl-btree-map,3,0,32,64,9096000,9405949653701584947,0,0,0,0
normal,16,hit-miss,256,whitefoot,3,0,32,64,14766000,9405949653701584947,0,0,0,0
normal,16,hit-miss,256,source-c,3,0,32,64,13418000,9405949653701584947,0,0,0,0
normal,16,hit-miss,256,direct-c,3,0,32,64,8587000,9405949653701584947,0,0,0,0
normal,16,hit-miss,256,rust-btree-map,4,0,32,64,8019000,656654595279940924,0,0,0,0
normal,16,hit-miss,256,cpp-map,4,0,32,64,6450000,656654595279940924,0,0,0,0
normal,16,hit-miss,256,absl-btree-map,4,0,32,64,9218000,656654595279940924,0,0,0,0
normal,16,hit-miss,256,whitefoot,4,0,32,64,13141000,656654595279940924,0,0,0,0
normal,16,hit-miss,256,source-c,4,0,32,64,14503000,656654595279940924,0,0,0,0
normal,16,hit-miss,256,direct-c,4,0,32,64,8246000,656654595279940924,0,0,0,0
normal,16,hit-miss,256,avl-c,4,0,32,64,6231000,656654595279940924,0,0,0,0
normal,16,hit-miss,256,cpp-map,5,0,32,64,6378000,12949037178327229258,0,0,0,0
normal,16,hit-miss,256,absl-btree-map,5,0,32,64,9262000,12949037178327229258,0,0,0,0
normal,16,hit-miss,256,whitefoot,5,0,32,64,14240000,12949037178327229258,0,0,0,0
normal,16,hit-miss,256,source-c,5,0,32,64,13509000,12949037178327229258,0,0,0,0
normal,16,hit-miss,256,direct-c,5,0,32,64,8220000,12949037178327229258,0,0,0,0
normal,16,hit-miss,256,avl-c,5,0,32,64,6168000,12949037178327229258,0,0,0,0
normal,16,hit-miss,256,rust-btree-map,5,0,32,64,8050000,12949037178327229258,0,0,0,0
normal,16,hit-miss,4096,whitefoot,0,0,2,64,56777000,8197573062235613894,0,0,0,0
normal,16,hit-miss,4096,source-c,0,0,2,64,60567000,8197573062235613894,0,0,0,0
normal,16,hit-miss,4096,direct-c,0,0,2,64,50306000,8197573062235613894,0,0,0,0
normal,16,hit-miss,4096,avl-c,0,0,2,64,29661000,8197573062235613894,0,0,0,0
normal,16,hit-miss,4096,rust-btree-map,0,0,2,64,62278000,8197573062235613894,0,0,0,0
normal,16,hit-miss,4096,cpp-map,0,0,2,64,59062000,8197573062235613894,0,0,0,0
normal,16,hit-miss,4096,absl-btree-map,0,0,2,64,55359000,8197573062235613894,0,0,0,0
normal,16,hit-miss,4096,source-c,1,0,2,64,60723000,5756549077947648243,0,0,0,0
normal,16,hit-miss,4096,direct-c,1,0,2,64,50098000,5756549077947648243,0,0,0,0
normal,16,hit-miss,4096,avl-c,1,0,2,64,29189000,5756549077947648243,0,0,0,0
normal,16,hit-miss,4096,rust-btree-map,1,0,2,64,63537000,5756549077947648243,0,0,0,0
normal,16,hit-miss,4096,cpp-map,1,0,2,64,59258000,5756549077947648243,0,0,0,0
normal,16,hit-miss,4096,absl-btree-map,1,0,2,64,55670000,5756549077947648243,0,0,0,0
normal,16,hit-miss,4096,whitefoot,1,0,2,64,57023000,5756549077947648243,0,0,0,0
normal,16,hit-miss,4096,direct-c,2,0,2,64,50690000,9124807087230062883,0,0,0,0
normal,16,hit-miss,4096,avl-c,2,0,2,64,29083000,9124807087230062883,0,0,0,0
normal,16,hit-miss,4096,rust-btree-map,2,0,2,64,62159000,9124807087230062883,0,0,0,0
normal,16,hit-miss,4096,cpp-map,2,0,2,64,58528000,9124807087230062883,0,0,0,0
normal,16,hit-miss,4096,absl-btree-map,2,0,2,64,55806000,9124807087230062883,0,0,0,0
normal,16,hit-miss,4096,whitefoot,2,0,2,64,56729000,9124807087230062883,0,0,0,0
normal,16,hit-miss,4096,source-c,2,0,2,64,61409000,9124807087230062883,0,0,0,0
normal,16,hit-miss,4096,avl-c,3,0,2,64,30438000,12575996493983855181,0,0,0,0
normal,16,hit-miss,4096,rust-btree-map,3,0,2,64,63445000,12575996493983855181,0,0,0,0
normal,16,hit-miss,4096,cpp-map,3,0,2,64,58542000,12575996493983855181,0,0,0,0
normal,16,hit-miss,4096,absl-btree-map,3,0,2,64,55711000,12575996493983855181,0,0,0,0
normal,16,hit-miss,4096,whitefoot,3,0,2,64,56741000,12575996493983855181,0,0,0,0
normal,16,hit-miss,4096,source-c,3,0,2,64,63444000,12575996493983855181,0,0,0,0
normal,16,hit-miss,4096,direct-c,3,0,2,64,51266000,12575996493983855181,0,0,0,0
normal,16,hit-miss,4096,rust-btree-map,4,0,2,64,62195000,14819980433781767019,0,0,0,0
normal,16,hit-miss,4096,cpp-map,4,0,2,64,58607000,14819980433781767019,0,0,0,0
normal,16,hit-miss,4096,absl-btree-map,4,0,2,64,55398000,14819980433781767019,0,0,0,0
normal,16,hit-miss,4096,whitefoot,4,0,2,64,56897000,14819980433781767019,0,0,0,0
normal,16,hit-miss,4096,source-c,4,0,2,64,60713000,14819980433781767019,0,0,0,0
normal,16,hit-miss,4096,direct-c,4,0,2,64,50984000,14819980433781767019,0,0,0,0
normal,16,hit-miss,4096,avl-c,4,0,2,64,29344000,14819980433781767019,0,0,0,0
normal,16,hit-miss,4096,cpp-map,5,0,2,64,59646000,1647241991530859549,0,0,0,0
normal,16,hit-miss,4096,absl-btree-map,5,0,2,64,55997000,1647241991530859549,0,0,0,0
normal,16,hit-miss,4096,whitefoot,5,0,2,64,56736000,1647241991530859549,0,0,0,0
normal,16,hit-miss,4096,source-c,5,0,2,64,60494000,1647241991530859549,0,0,0,0
normal,16,hit-miss,4096,direct-c,5,0,2,64,50815000,1647241991530859549,0,0,0,0
normal,16,hit-miss,4096,avl-c,5,0,2,64,30327000,1647241991530859549,0,0,0,0
normal,16,hit-miss,4096,rust-btree-map,5,0,2,64,62123000,1647241991530859549,0,0,0,0
normal,16,replace-edit-remove-insert,8,whitefoot,0,0,1024,64,13061000,7661373783904497615,0,0,0,0
normal,16,replace-edit-remove-insert,8,source-c,0,0,1024,64,14648000,7661373783904497615,0,0,0,0
normal,16,replace-edit-remove-insert,8,direct-c,0,0,1024,64,14950000,7661373783904497615,0,0,0,0
normal,16,replace-edit-remove-insert,8,avl-c,0,0,1024,64,21174000,7661373783904497615,0,0,0,0
normal,16,replace-edit-remove-insert,8,rust-btree-map,0,0,1024,64,16464000,7661373783904497615,0,0,0,0
normal,16,replace-edit-remove-insert,8,cpp-map,0,0,1024,64,18795000,7661373783904497615,0,0,0,0
normal,16,replace-edit-remove-insert,8,absl-btree-map,0,0,1024,64,11074000,7661373783904497615,0,0,0,0
normal,16,replace-edit-remove-insert,8,source-c,1,0,1024,64,14565000,7019661342982476386,0,0,0,0
normal,16,replace-edit-remove-insert,8,direct-c,1,0,1024,64,14909000,7019661342982476386,0,0,0,0
normal,16,replace-edit-remove-insert,8,avl-c,1,0,1024,64,21193000,7019661342982476386,0,0,0,0
normal,16,replace-edit-remove-insert,8,rust-btree-map,1,0,1024,64,16490000,7019661342982476386,0,0,0,0
normal,16,replace-edit-remove-insert,8,cpp-map,1,0,1024,64,18787000,7019661342982476386,0,0,0,0
normal,16,replace-edit-remove-insert,8,absl-btree-map,1,0,1024,64,10987000,7019661342982476386,0,0,0,0
normal,16,replace-edit-remove-insert,8,whitefoot,1,0,1024,64,13159000,7019661342982476386,0,0,0,0
normal,16,replace-edit-remove-insert,8,direct-c,2,0,1024,64,14971000,14166328055710750205,0,0,0,0
normal,16,replace-edit-remove-insert,8,avl-c,2,0,1024,64,21116000,14166328055710750205,0,0,0,0
normal,16,replace-edit-remove-insert,8,rust-btree-map,2,0,1024,64,16584000,14166328055710750205,0,0,0,0
normal,16,replace-edit-remove-insert,8,cpp-map,2,0,1024,64,18759000,14166328055710750205,0,0,0,0
normal,16,replace-edit-remove-insert,8,absl-btree-map,2,0,1024,64,11032000,14166328055710750205,0,0,0,0
normal,16,replace-edit-remove-insert,8,whitefoot,2,0,1024,64,13136000,14166328055710750205,0,0,0,0
normal,16,replace-edit-remove-insert,8,source-c,2,0,1024,64,14582000,14166328055710750205,0,0,0,0
normal,16,replace-edit-remove-insert,8,avl-c,3,0,1024,64,21155000,14582269659162858761,0,0,0,0
normal,16,replace-edit-remove-insert,8,rust-btree-map,3,0,1024,64,16505000,14582269659162858761,0,0,0,0
normal,16,replace-edit-remove-insert,8,cpp-map,3,0,1024,64,18956000,14582269659162858761,0,0,0,0
normal,16,replace-edit-remove-insert,8,absl-btree-map,3,0,1024,64,11087000,14582269659162858761,0,0,0,0
normal,16,replace-edit-remove-insert,8,whitefoot,3,0,1024,64,13095000,14582269659162858761,0,0,0,0
normal,16,replace-edit-remove-insert,8,source-c,3,0,1024,64,14601000,14582269659162858761,0,0,0,0
normal,16,replace-edit-remove-insert,8,direct-c,3,0,1024,64,14992000,14582269659162858761,0,0,0,0
normal,16,replace-edit-remove-insert,8,rust-btree-map,4,0,1024,64,16650000,8651229268661788905,0,0,0,0
normal,16,replace-edit-remove-insert,8,cpp-map,4,0,1024,64,18711000,8651229268661788905,0,0,0,0
normal,16,replace-edit-remove-insert,8,absl-btree-map,4,0,1024,64,11073000,8651229268661788905,0,0,0,0
normal,16,replace-edit-remove-insert,8,whitefoot,4,0,1024,64,13056000,8651229268661788905,0,0,0,0
normal,16,replace-edit-remove-insert,8,source-c,4,0,1024,64,14914000,8651229268661788905,0,0,0,0
normal,16,replace-edit-remove-insert,8,direct-c,4,0,1024,64,15552000,8651229268661788905,0,0,0,0
normal,16,replace-edit-remove-insert,8,avl-c,4,0,1024,64,22085000,8651229268661788905,0,0,0,0
normal,16,replace-edit-remove-insert,8,cpp-map,5,0,1024,64,19033000,13149676712275543788,0,0,0,0
normal,16,replace-edit-remove-insert,8,absl-btree-map,5,0,1024,64,11018000,13149676712275543788,0,0,0,0
normal,16,replace-edit-remove-insert,8,whitefoot,5,0,1024,64,13106000,13149676712275543788,0,0,0,0
normal,16,replace-edit-remove-insert,8,source-c,5,0,1024,64,14686000,13149676712275543788,0,0,0,0
normal,16,replace-edit-remove-insert,8,direct-c,5,0,1024,64,14912000,13149676712275543788,0,0,0,0
normal,16,replace-edit-remove-insert,8,avl-c,5,0,1024,64,21742000,13149676712275543788,0,0,0,0
normal,16,replace-edit-remove-insert,8,rust-btree-map,5,0,1024,64,16754000,13149676712275543788,0,0,0,0
normal,16,replace-edit-remove-insert,256,whitefoot,0,0,32,64,43559000,15867597980047193841,0,0,0,0
normal,16,replace-edit-remove-insert,256,source-c,0,0,32,64,48994000,15867597980047193841,0,0,0,0
normal,16,replace-edit-remove-insert,256,direct-c,0,0,32,64,37103000,15867597980047193841,0,0,0,0
normal,16,replace-edit-remove-insert,256,avl-c,0,0,32,64,58612000,15867597980047193841,0,0,0,0
normal,16,replace-edit-remove-insert,256,rust-btree-map,0,0,32,64,32966000,15867597980047193841,0,0,0,0
normal,16,replace-edit-remove-insert,256,cpp-map,0,0,32,64,34949000,15867597980047193841,0,0,0,0
normal,16,replace-edit-remove-insert,256,absl-btree-map,0,0,32,64,25782000,15867597980047193841,0,0,0,0
normal,16,replace-edit-remove-insert,256,source-c,1,0,32,64,48675000,10121935019186409923,0,0,0,0
normal,16,replace-edit-remove-insert,256,direct-c,1,0,32,64,36964000,10121935019186409923,0,0,0,0
normal,16,replace-edit-remove-insert,256,avl-c,1,0,32,64,57401000,10121935019186409923,0,0,0,0
normal,16,replace-edit-remove-insert,256,rust-btree-map,1,0,32,64,31749000,10121935019186409923,0,0,0,0
normal,16,replace-edit-remove-insert,256,cpp-map,1,0,32,64,34617000,10121935019186409923,0,0,0,0
normal,16,replace-edit-remove-insert,256,absl-btree-map,1,0,32,64,25868000,10121935019186409923,0,0,0,0
normal,16,replace-edit-remove-insert,256,whitefoot,1,0,32,64,43586000,10121935019186409923,0,0,0,0
normal,16,replace-edit-remove-insert,256,direct-c,2,0,32,64,37019000,10749477120101584880,0,0,0,0
normal,16,replace-edit-remove-insert,256,avl-c,2,0,32,64,58400000,10749477120101584880,0,0,0,0
normal,16,replace-edit-remove-insert,256,rust-btree-map,2,0,32,64,32371000,10749477120101584880,0,0,0,0
normal,16,replace-edit-remove-insert,256,cpp-map,2,0,32,64,35059000,10749477120101584880,0,0,0,0
normal,16,replace-edit-remove-insert,256,absl-btree-map,2,0,32,64,26016000,10749477120101584880,0,0,0,0
normal,16,replace-edit-remove-insert,256,whitefoot,2,0,32,64,43560000,10749477120101584880,0,0,0,0
normal,16,replace-edit-remove-insert,256,source-c,2,0,32,64,49180000,10749477120101584880,0,0,0,0
normal,16,replace-edit-remove-insert,256,avl-c,3,0,32,64,59076000,7335366319695397063,0,0,0,0
normal,16,replace-edit-remove-insert,256,rust-btree-map,3,0,32,64,32917000,7335366319695397063,0,0,0,0
normal,16,replace-edit-remove-insert,256,cpp-map,3,0,32,64,35851000,7335366319695397063,0,0,0,0
normal,16,replace-edit-remove-insert,256,absl-btree-map,3,0,32,64,25715000,7335366319695397063,0,0,0,0
normal,16,replace-edit-remove-insert,256,whitefoot,3,0,32,64,43612000,7335366319695397063,0,0,0,0
normal,16,replace-edit-remove-insert,256,source-c,3,0,32,64,48851000,7335366319695397063,0,0,0,0
normal,16,replace-edit-remove-insert,256,direct-c,3,0,32,64,37227000,7335366319695397063,0,0,0,0
normal,16,replace-edit-remove-insert,256,rust-btree-map,4,0,32,64,31617000,1179751658378221503,0,0,0,0
normal,16,replace-edit-remove-insert,256,cpp-map,4,0,32,64,35808000,1179751658378221503,0,0,0,0
normal,16,replace-edit-remove-insert,256,absl-btree-map,4,0,32,64,25693000,1179751658378221503,0,0,0,0
normal,16,replace-edit-remove-insert,256,whitefoot,4,0,32,64,43334000,1179751658378221503,0,0,0,0
normal,16,replace-edit-remove-insert,256,source-c,4,0,32,64,48699000,1179751658378221503,0,0,0,0
normal,16,replace-edit-remove-insert,256,direct-c,4,0,32,64,36855000,1179751658378221503,0,0,0,0
normal,16,replace-edit-remove-insert,256,avl-c,4,0,32,64,57330000,1179751658378221503,0,0,0,0
normal,16,replace-edit-remove-insert,256,cpp-map,5,0,32,64,35412000,276037253344044453,0,0,0,0
normal,16,replace-edit-remove-insert,256,absl-btree-map,5,0,32,64,25829000,276037253344044453,0,0,0,0
normal,16,replace-edit-remove-insert,256,whitefoot,5,0,32,64,43643000,276037253344044453,0,0,0,0
normal,16,replace-edit-remove-insert,256,source-c,5,0,32,64,48721000,276037253344044453,0,0,0,0
normal,16,replace-edit-remove-insert,256,direct-c,5,0,32,64,37322000,276037253344044453,0,0,0,0
normal,16,replace-edit-remove-insert,256,avl-c,5,0,32,64,56928000,276037253344044453,0,0,0,0
normal,16,replace-edit-remove-insert,256,rust-btree-map,5,0,32,64,31572000,276037253344044453,0,0,0,0
normal,16,replace-edit-remove-insert,4096,whitefoot,0,0,2,64,101742000,7704341466821470784,0,0,0,0
normal,16,replace-edit-remove-insert,4096,source-c,0,0,2,64,111696000,7704341466821470784,0,0,0,0
normal,16,replace-edit-remove-insert,4096,direct-c,0,0,2,64,110513000,7704341466821470784,0,0,0,0
normal,16,replace-edit-remove-insert,4096,avl-c,0,0,2,64,101829000,7704341466821470784,0,0,0,0
normal,16,replace-edit-remove-insert,4096,rust-btree-map,0,0,2,64,122250000,7704341466821470784,0,0,0,0
normal,16,replace-edit-remove-insert,4096,cpp-map,0,0,2,64,87738000,7704341466821470784,0,0,0,0
normal,16,replace-edit-remove-insert,4096,absl-btree-map,0,0,2,64,104574000,7704341466821470784,0,0,0,0
normal,16,replace-edit-remove-insert,4096,source-c,1,0,2,64,111898000,3337221902068411079,0,0,0,0
normal,16,replace-edit-remove-insert,4096,direct-c,1,0,2,64,110647000,3337221902068411079,0,0,0,0
normal,16,replace-edit-remove-insert,4096,avl-c,1,0,2,64,105259000,3337221902068411079,0,0,0,0
normal,16,replace-edit-remove-insert,4096,rust-btree-map,1,0,2,64,121744000,3337221902068411079,0,0,0,0
normal,16,replace-edit-remove-insert,4096,cpp-map,1,0,2,64,85493000,3337221902068411079,0,0,0,0
normal,16,replace-edit-remove-insert,4096,absl-btree-map,1,0,2,64,104404000,3337221902068411079,0,0,0,0
normal,16,replace-edit-remove-insert,4096,whitefoot,1,0,2,64,101307000,3337221902068411079,0,0,0,0
normal,16,replace-edit-remove-insert,4096,direct-c,2,0,2,64,112447000,15440756800666721092,0,0,0,0
normal,16,replace-edit-remove-insert,4096,avl-c,2,0,2,64,102586000,15440756800666721092,0,0,0,0
normal,16,replace-edit-remove-insert,4096,rust-btree-map,2,0,2,64,120558000,15440756800666721092,0,0,0,0
normal,16,replace-edit-remove-insert,4096,cpp-map,2,0,2,64,86620000,15440756800666721092,0,0,0,0
normal,16,replace-edit-remove-insert,4096,absl-btree-map,2,0,2,64,104859000,15440756800666721092,0,0,0,0
normal,16,replace-edit-remove-insert,4096,whitefoot,2,0,2,64,101569000,15440756800666721092,0,0,0,0
normal,16,replace-edit-remove-insert,4096,source-c,2,0,2,64,112304000,15440756800666721092,0,0,0,0
normal,16,replace-edit-remove-insert,4096,avl-c,3,0,2,64,102153000,2406130354720565108,0,0,0,0
normal,16,replace-edit-remove-insert,4096,rust-btree-map,3,0,2,64,119481000,2406130354720565108,0,0,0,0
normal,16,replace-edit-remove-insert,4096,cpp-map,3,0,2,64,86198000,2406130354720565108,0,0,0,0
normal,16,replace-edit-remove-insert,4096,absl-btree-map,3,0,2,64,104543000,2406130354720565108,0,0,0,0
normal,16,replace-edit-remove-insert,4096,whitefoot,3,0,2,64,101267000,2406130354720565108,0,0,0,0
normal,16,replace-edit-remove-insert,4096,source-c,3,0,2,64,113707000,2406130354720565108,0,0,0,0
normal,16,replace-edit-remove-insert,4096,direct-c,3,0,2,64,111879000,2406130354720565108,0,0,0,0
normal,16,replace-edit-remove-insert,4096,rust-btree-map,4,0,2,64,119999000,15832489262772732733,0,0,0,0
normal,16,replace-edit-remove-insert,4096,cpp-map,4,0,2,64,86368000,15832489262772732733,0,0,0,0
normal,16,replace-edit-remove-insert,4096,absl-btree-map,4,0,2,64,110757000,15832489262772732733,0,0,0,0
normal,16,replace-edit-remove-insert,4096,whitefoot,4,0,2,64,106514000,15832489262772732733,0,0,0,0
normal,16,replace-edit-remove-insert,4096,source-c,4,0,2,64,113005000,15832489262772732733,0,0,0,0
normal,16,replace-edit-remove-insert,4096,direct-c,4,0,2,64,111342000,15832489262772732733,0,0,0,0
normal,16,replace-edit-remove-insert,4096,avl-c,4,0,2,64,103316000,15832489262772732733,0,0,0,0
normal,16,replace-edit-remove-insert,4096,cpp-map,5,0,2,64,89559000,1121283079017453640,0,0,0,0
normal,16,replace-edit-remove-insert,4096,absl-btree-map,5,0,2,64,104729000,1121283079017453640,0,0,0,0
normal,16,replace-edit-remove-insert,4096,whitefoot,5,0,2,64,101542000,1121283079017453640,0,0,0,0
normal,16,replace-edit-remove-insert,4096,source-c,5,0,2,64,112480000,1121283079017453640,0,0,0,0
normal,16,replace-edit-remove-insert,4096,direct-c,5,0,2,64,111056000,1121283079017453640,0,0,0,0
normal,16,replace-edit-remove-insert,4096,avl-c,5,0,2,64,102799000,1121283079017453640,0,0,0,0
normal,16,replace-edit-remove-insert,4096,rust-btree-map,5,0,2,64,119421000,1121283079017453640,0,0,0,0
normal,16,range-16,8,whitefoot,0,0,1024,64,6648000,8693203516650528526,0,0,0,0
normal,16,range-16,8,source-c,0,0,1024,64,6321000,8693203516650528526,0,0,0,0
normal,16,range-16,8,direct-c,0,0,1024,64,3900000,8693203516650528526,0,0,0,0
normal,16,range-16,8,avl-c,0,0,1024,64,6729000,8693203516650528526,0,0,0,0
normal,16,range-16,8,rust-btree-map,0,0,1024,64,7104000,8693203516650528526,0,0,0,0
normal,16,range-16,8,cpp-map,0,0,1024,64,6022000,8693203516650528526,0,0,0,0
normal,16,range-16,8,absl-btree-map,0,0,1024,64,4263000,8693203516650528526,0,0,0,0
normal,16,range-16,8,source-c,1,0,1024,64,6362000,10905242904446212686,0,0,0,0
normal,16,range-16,8,direct-c,1,0,1024,64,3879000,10905242904446212686,0,0,0,0
normal,16,range-16,8,avl-c,1,0,1024,64,6772000,10905242904446212686,0,0,0,0
normal,16,range-16,8,rust-btree-map,1,0,1024,64,7204000,10905242904446212686,0,0,0,0
normal,16,range-16,8,cpp-map,1,0,1024,64,5926000,10905242904446212686,0,0,0,0
normal,16,range-16,8,absl-btree-map,1,0,1024,64,4272000,10905242904446212686,0,0,0,0
normal,16,range-16,8,whitefoot,1,0,1024,64,6701000,10905242904446212686,0,0,0,0
normal,16,range-16,8,direct-c,2,0,1024,64,3960000,9245301671997977780,0,0,0,0
normal,16,range-16,8,avl-c,2,0,1024,64,6685000,9245301671997977780,0,0,0,0
normal,16,range-16,8,rust-btree-map,2,0,1024,64,7230000,9245301671997977780,0,0,0,0
normal,16,range-16,8,cpp-map,2,0,1024,64,6053000,9245301671997977780,0,0,0,0
normal,16,range-16,8,absl-btree-map,2,0,1024,64,4258000,9245301671997977780,0,0,0,0
normal,16,range-16,8,whitefoot,2,0,1024,64,6710000,9245301671997977780,0,0,0,0
normal,16,range-16,8,source-c,2,0,1024,64,6336000,9245301671997977780,0,0,0,0
normal,16,range-16,8,avl-c,3,0,1024,64,6689000,933495525889082875,0,0,0,0
normal,16,range-16,8,rust-btree-map,3,0,1024,64,7230000,933495525889082875,0,0,0,0
normal,16,range-16,8,cpp-map,3,0,1024,64,6031000,933495525889082875,0,0,0,0
normal,16,range-16,8,absl-btree-map,3,0,1024,64,4324000,933495525889082875,0,0,0,0
normal,16,range-16,8,whitefoot,3,0,1024,64,6649000,933495525889082875,0,0,0,0
normal,16,range-16,8,source-c,3,0,1024,64,6325000,933495525889082875,0,0,0,0
normal,16,range-16,8,direct-c,3,0,1024,64,3892000,933495525889082875,0,0,0,0
normal,16,range-16,8,rust-btree-map,4,0,1024,64,7151000,6434732460729435398,0,0,0,0
normal,16,range-16,8,cpp-map,4,0,1024,64,6108000,6434732460729435398,0,0,0,0
normal,16,range-16,8,absl-btree-map,4,0,1024,64,4261000,6434732460729435398,0,0,0,0
normal,16,range-16,8,whitefoot,4,0,1024,64,6652000,6434732460729435398,0,0,0,0
normal,16,range-16,8,source-c,4,0,1024,64,6334000,6434732460729435398,0,0,0,0
normal,16,range-16,8,direct-c,4,0,1024,64,3888000,6434732460729435398,0,0,0,0
normal,16,range-16,8,avl-c,4,0,1024,64,6675000,6434732460729435398,0,0,0,0
normal,16,range-16,8,cpp-map,5,0,1024,64,5982000,17116562401309775039,0,0,0,0
normal,16,range-16,8,absl-btree-map,5,0,1024,64,4259000,17116562401309775039,0,0,0,0
normal,16,range-16,8,whitefoot,5,0,1024,64,6659000,17116562401309775039,0,0,0,0
normal,16,range-16,8,source-c,5,0,1024,64,6315000,17116562401309775039,0,0,0,0
normal,16,range-16,8,direct-c,5,0,1024,64,3896000,17116562401309775039,0,0,0,0
normal,16,range-16,8,avl-c,5,0,1024,64,6741000,17116562401309775039,0,0,0,0
normal,16,range-16,8,rust-btree-map,5,0,1024,64,7290000,17116562401309775039,0,0,0,0
normal,16,range-16,256,whitefoot,0,0,32,64,29959000,15663662862293875359,0,0,0,0
normal,16,range-16,256,source-c,0,0,32,64,28713000,15663662862293875359,0,0,0,0
normal,16,range-16,256,direct-c,0,0,32,64,14899000,15663662862293875359,0,0,0,0
normal,16,range-16,256,avl-c,0,0,32,64,29559000,15663662862293875359,0,0,0,0
normal,16,range-16,256,rust-btree-map,0,0,32,64,19531000,15663662862293875359,0,0,0,0
normal,16,range-16,256,cpp-map,0,0,32,64,21180000,15663662862293875359,0,0,0,0
normal,16,range-16,256,absl-btree-map,0,0,32,64,13614000,15663662862293875359,0,0,0,0
normal,16,range-16,256,source-c,1,0,32,64,27951000,4360055169508945627,0,0,0,0
normal,16,range-16,256,direct-c,1,0,32,64,14869000,4360055169508945627,0,0,0,0
normal,16,range-16,256,avl-c,1,0,32,64,29659000,4360055169508945627,0,0,0,0
normal,16,range-16,256,rust-btree-map,1,0,32,64,20056000,4360055169508945627,0,0,0,0
normal,16,range-16,256,cpp-map,1,0,32,64,19336000,4360055169508945627,0,0,0,0
normal,16,range-16,256,absl-btree-map,1,0,32,64,14472000,4360055169508945627,0,0,0,0
normal,16,range-16,256,whitefoot,1,0,32,64,28718000,4360055169508945627,0,0,0,0
normal,16,range-16,256,direct-c,2,0,32,64,15157000,11673677639064965927,0,0,0,0
normal,16,range-16,256,avl-c,2,0,32,64,28387000,11673677639064965927,0,0,0,0
normal,16,range-16,256,rust-btree-map,2,0,32,64,19895000,11673677639064965927,0,0,0,0
normal,16,range-16,256,cpp-map,2,0,32,64,21720000,11673677639064965927,0,0,0,0
normal,16,range-16,256,absl-btree-map,2,0,32,64,13339000,11673677639064965927,0,0,0,0
normal,16,range-16,256,whitefoot,2,0,32,64,28140000,11673677639064965927,0,0,0,0
normal,16,range-16,256,source-c,2,0,32,64,29157000,11673677639064965927,0,0,0,0
normal,16,range-16,256,avl-c,3,0,32,64,28175000,5879993889355225792,0,0,0,0
normal,16,range-16,256,rust-btree-map,3,0,32,64,19765000,5879993889355225792,0,0,0,0
normal,16,range-16,256,cpp-map,3,0,32,64,21700000,5879993889355225792,0,0,0,0
normal,16,range-16,256,absl-btree-map,3,0,32,64,13390000,5879993889355225792,0,0,0,0
normal,16,range-16,256,whitefoot,3,0,32,64,27815000,5879993889355225792,0,0,0,0
normal,16,range-16,256,source-c,3,0,32,64,29305000,5879993889355225792,0,0,0,0
normal,16,range-16,256,direct-c,3,0,32,64,14914000,5879993889355225792,0,0,0,0
normal,16,range-16,256,rust-btree-map,4,0,32,64,19625000,17322454295432107805,0,0,0,0
normal,16,range-16,256,cpp-map,4,0,32,64,20787000,17322454295432107805,0,0,0,0
normal,16,range-16,256,absl-btree-map,4,0,32,64,15203000,17322454295432107805,0,0,0,0
normal,16,range-16,256,whitefoot,4,0,32,64,27994000,17322454295432107805,0,0,0,0
normal,16,range-16,256,source-c,4,0,32,64,29392000,17322454295432107805,0,0,0,0
normal,16,range-16,256,direct-c,4,0,32,64,14726000,17322454295432107805,0,0,0,0
normal,16,range-16,256,avl-c,4,0,32,64,29881000,17322454295432107805,0,0,0,0
normal,16,range-16,256,cpp-map,5,0,32,64,19576000,636975262340870515,0,0,0,0
normal,16,range-16,256,absl-btree-map,5,0,32,64,15694000,636975262340870515,0,0,0,0
normal,16,range-16,256,whitefoot,5,0,32,64,27918000,636975262340870515,0,0,0,0
normal,16,range-16,256,source-c,5,0,32,64,27632000,636975262340870515,0,0,0,0
normal,16,range-16,256,direct-c,5,0,32,64,15805000,636975262340870515,0,0,0,0
normal,16,range-16,256,avl-c,5,0,32,64,28980000,636975262340870515,0,0,0,0
normal,16,range-16,256,rust-btree-map,5,0,32,64,20099000,636975262340870515,0,0,0,0
normal,16,range-16,4096,whitefoot,0,0,2,64,59054000,17183600489834138633,0,0,0,0
normal,16,range-16,4096,source-c,0,0,2,64,60566000,17183600489834138633,0,0,0,0
normal,16,range-16,4096,direct-c,0,0,2,64,45681000,17183600489834138633,0,0,0,0
normal,16,range-16,4096,avl-c,0,0,2,64,68136000,17183600489834138633,0,0,0,0
normal,16,range-16,4096,rust-btree-map,0,0,2,64,63894000,17183600489834138633,0,0,0,0
normal,16,range-16,4096,cpp-map,0,0,2,64,59836000,17183600489834138633,0,0,0,0
normal,16,range-16,4096,absl-btree-map,0,0,2,64,49202000,17183600489834138633,0,0,0,0
normal,16,range-16,4096,source-c,1,0,2,64,59347000,14383637250628433074,0,0,0,0
normal,16,range-16,4096,direct-c,1,0,2,64,45114000,14383637250628433074,0,0,0,0
normal,16,range-16,4096,avl-c,1,0,2,64,68039000,14383637250628433074,0,0,0,0
normal,16,range-16,4096,rust-btree-map,1,0,2,64,62937000,14383637250628433074,0,0,0,0
normal,16,range-16,4096,cpp-map,1,0,2,64,59502000,14383637250628433074,0,0,0,0
normal,16,range-16,4096,absl-btree-map,1,0,2,64,50835000,14383637250628433074,0,0,0,0
normal,16,range-16,4096,whitefoot,1,0,2,64,57601000,14383637250628433074,0,0,0,0
normal,16,range-16,4096,direct-c,2,0,2,64,45228000,4327845425080782936,0,0,0,0
normal,16,range-16,4096,avl-c,2,0,2,64,68202000,4327845425080782936,0,0,0,0
normal,16,range-16,4096,rust-btree-map,2,0,2,64,63057000,4327845425080782936,0,0,0,0
normal,16,range-16,4096,cpp-map,2,0,2,64,59797000,4327845425080782936,0,0,0,0
normal,16,range-16,4096,absl-btree-map,2,0,2,64,48897000,4327845425080782936,0,0,0,0
normal,16,range-16,4096,whitefoot,2,0,2,64,58153000,4327845425080782936,0,0,0,0
normal,16,range-16,4096,source-c,2,0,2,64,59338000,4327845425080782936,0,0,0,0
normal,16,range-16,4096,avl-c,3,0,2,64,68095000,6158330948712542402,0,0,0,0
normal,16,range-16,4096,rust-btree-map,3,0,2,64,62934000,6158330948712542402,0,0,0,0
normal,16,range-16,4096,cpp-map,3,0,2,64,60473000,6158330948712542402,0,0,0,0
normal,16,range-16,4096,absl-btree-map,3,0,2,64,51315000,6158330948712542402,0,0,0,0
normal,16,range-16,4096,whitefoot,3,0,2,64,57846000,6158330948712542402,0,0,0,0
normal,16,range-16,4096,source-c,3,0,2,64,64860000,6158330948712542402,0,0,0,0
normal,16,range-16,4096,direct-c,3,0,2,64,45948000,6158330948712542402,0,0,0,0
normal,16,range-16,4096,rust-btree-map,4,0,2,64,63430000,6710041771363842631,0,0,0,0
normal,16,range-16,4096,cpp-map,4,0,2,64,60002000,6710041771363842631,0,0,0,0
normal,16,range-16,4096,absl-btree-map,4,0,2,64,48925000,6710041771363842631,0,0,0,0
normal,16,range-16,4096,whitefoot,4,0,2,64,57360000,6710041771363842631,0,0,0,0
normal,16,range-16,4096,source-c,4,0,2,64,59341000,6710041771363842631,0,0,0,0
normal,16,range-16,4096,direct-c,4,0,2,64,46138000,6710041771363842631,0,0,0,0
normal,16,range-16,4096,avl-c,4,0,2,64,68473000,6710041771363842631,0,0,0,0
normal,16,range-16,4096,cpp-map,5,0,2,64,59917000,9899772263809057278,0,0,0,0
normal,16,range-16,4096,absl-btree-map,5,0,2,64,48868000,9899772263809057278,0,0,0,0
normal,16,range-16,4096,whitefoot,5,0,2,64,57490000,9899772263809057278,0,0,0,0
normal,16,range-16,4096,source-c,5,0,2,64,59227000,9899772263809057278,0,0,0,0
normal,16,range-16,4096,direct-c,5,0,2,64,45767000,9899772263809057278,0,0,0,0
normal,16,range-16,4096,avl-c,5,0,2,64,69760000,9899772263809057278,0,0,0,0
normal,16,range-16,4096,rust-btree-map,5,0,2,64,65226000,9899772263809057278,0,0,0,0
normal,16,replace-only,8,whitefoot,0,0,1024,64,1936000,17835864986002966962,0,0,0,0
normal,16,replace-only,8,source-c,0,0,1024,64,3192000,17835864986002966962,0,0,0,0
normal,16,replace-only,8,direct-c,0,0,1024,64,2469000,17835864986002966962,0,0,0,0
normal,16,replace-only,8,avl-c,0,0,1024,64,3781000,17835864986002966962,0,0,0,0
normal,16,replace-only,8,rust-btree-map,0,0,1024,64,2347000,17835864986002966962,0,0,0,0
normal,16,replace-only,8,cpp-map,0,0,1024,64,2073000,17835864986002966962,0,0,0,0
normal,16,replace-only,8,absl-btree-map,0,0,1024,64,2296000,17835864986002966962,0,0,0,0
normal,16,replace-only,8,source-c,1,0,1024,64,3003000,2752218561415581604,0,0,0,0
normal,16,replace-only,8,direct-c,1,0,1024,64,2327000,2752218561415581604,0,0,0,0
normal,16,replace-only,8,avl-c,1,0,1024,64,3643000,2752218561415581604,0,0,0,0
normal,16,replace-only,8,rust-btree-map,1,0,1024,64,2251000,2752218561415581604,0,0,0,0
normal,16,replace-only,8,cpp-map,1,0,1024,64,2049000,2752218561415581604,0,0,0,0
normal,16,replace-only,8,absl-btree-map,1,0,1024,64,2268000,2752218561415581604,0,0,0,0
normal,16,replace-only,8,whitefoot,1,0,1024,64,1876000,2752218561415581604,0,0,0,0
normal,16,replace-only,8,direct-c,2,0,1024,64,2331000,5306931724957841047,0,0,0,0
normal,16,replace-only,8,avl-c,2,0,1024,64,3632000,5306931724957841047,0,0,0,0
normal,16,replace-only,8,rust-btree-map,2,0,1024,64,2315000,5306931724957841047,0,0,0,0
normal,16,replace-only,8,cpp-map,2,0,1024,64,1973000,5306931724957841047,0,0,0,0
normal,16,replace-only,8,absl-btree-map,2,0,1024,64,2268000,5306931724957841047,0,0,0,0
normal,16,replace-only,8,whitefoot,2,0,1024,64,1824000,5306931724957841047,0,0,0,0
normal,16,replace-only,8,source-c,2,0,1024,64,3010000,5306931724957841047,0,0,0,0
normal,16,replace-only,8,avl-c,3,0,1024,64,3601000,5671136601137005892,0,0,0,0
normal,16,replace-only,8,rust-btree-map,3,0,1024,64,2232000,5671136601137005892,0,0,0,0
normal,16,replace-only,8,cpp-map,3,0,1024,64,1968000,5671136601137005892,0,0,0,0
normal,16,replace-only,8,absl-btree-map,3,0,1024,64,2267000,5671136601137005892,0,0,0,0
normal,16,replace-only,8,whitefoot,3,0,1024,64,1822000,5671136601137005892,0,0,0,0
normal,16,replace-only,8,source-c,3,0,1024,64,3001000,5671136601137005892,0,0,0,0
normal,16,replace-only,8,direct-c,3,0,1024,64,2350000,5671136601137005892,0,0,0,0
normal,16,replace-only,8,rust-btree-map,4,0,1024,64,2266000,10585323936216642456,0,0,0,0
normal,16,replace-only,8,cpp-map,4,0,1024,64,2056000,10585323936216642456,0,0,0,0
normal,16,replace-only,8,absl-btree-map,4,0,1024,64,2272000,10585323936216642456,0,0,0,0
normal,16,replace-only,8,whitefoot,4,0,1024,64,1818000,10585323936216642456,0,0,0,0
normal,16,replace-only,8,source-c,4,0,1024,64,2999000,10585323936216642456,0,0,0,0
normal,16,replace-only,8,direct-c,4,0,1024,64,2331000,10585323936216642456,0,0,0,0
normal,16,replace-only,8,avl-c,4,0,1024,64,3632000,10585323936216642456,0,0,0,0
normal,16,replace-only,8,cpp-map,5,0,1024,64,2049000,13041098476625921015,0,0,0,0
normal,16,replace-only,8,absl-btree-map,5,0,1024,64,2337000,13041098476625921015,0,0,0,0
normal,16,replace-only,8,whitefoot,5,0,1024,64,1826000,13041098476625921015,0,0,0,0
normal,16,replace-only,8,source-c,5,0,1024,64,2997000,13041098476625921015,0,0,0,0
normal,16,replace-only,8,direct-c,5,0,1024,64,2329000,13041098476625921015,0,0,0,0
normal,16,replace-only,8,avl-c,5,0,1024,64,3603000,13041098476625921015,0,0,0,0
normal,16,replace-only,8,rust-btree-map,5,0,1024,64,2226000,13041098476625921015,0,0,0,0
normal,16,replace-only,256,whitefoot,0,0,32,64,5409000,7307352308601637089,0,0,0,0
normal,16,replace-only,256,source-c,0,0,32,64,8242000,7307352308601637089,0,0,0,0
normal,16,replace-only,256,direct-c,0,0,32,64,5535000,7307352308601637089,0,0,0,0
normal,16,replace-only,256,avl-c,0,0,32,64,10976000,7307352308601637089,0,0,0,0
normal,16,replace-only,256,rust-btree-map,0,0,32,64,4995000,7307352308601637089,0,0,0,0
normal,16,replace-only,256,cpp-map,0,0,32,64,4084000,7307352308601637089,0,0,0,0
normal,16,replace-only,256,absl-btree-map,0,0,32,64,5588000,7307352308601637089,0,0,0,0
normal,16,replace-only,256,source-c,1,0,32,64,8149000,15847099012976718069,0,0,0,0
normal,16,replace-only,256,direct-c,1,0,32,64,5331000,15847099012976718069,0,0,0,0
normal,16,replace-only,256,avl-c,1,0,32,64,11066000,15847099012976718069,0,0,0,0
normal,16,replace-only,256,rust-btree-map,1,0,32,64,4831000,15847099012976718069,0,0,0,0
normal,16,replace-only,256,cpp-map,1,0,32,64,3966000,15847099012976718069,0,0,0,0
normal,16,replace-only,256,absl-btree-map,1,0,32,64,5294000,15847099012976718069,0,0,0,0
normal,16,replace-only,256,whitefoot,1,0,32,64,5431000,15847099012976718069,0,0,0,0
normal,16,replace-only,256,direct-c,2,0,32,64,5327000,15404117054651911528,0,0,0,0
normal,16,replace-only,256,avl-c,2,0,32,64,10281000,15404117054651911528,0,0,0,0
normal,16,replace-only,256,rust-btree-map,2,0,32,64,4817000,15404117054651911528,0,0,0,0
normal,16,replace-only,256,cpp-map,2,0,32,64,3934000,15404117054651911528,0,0,0,0
normal,16,replace-only,256,absl-btree-map,2,0,32,64,5269000,15404117054651911528,0,0,0,0
normal,16,replace-only,256,whitefoot,2,0,32,64,5478000,15404117054651911528,0,0,0,0
normal,16,replace-only,256,source-c,2,0,32,64,8130000,15404117054651911528,0,0,0,0
normal,16,replace-only,256,avl-c,3,0,32,64,10696000,9382154259344185091,0,0,0,0
normal,16,replace-only,256,rust-btree-map,3,0,32,64,4887000,9382154259344185091,0,0,0,0
normal,16,replace-only,256,cpp-map,3,0,32,64,3922000,9382154259344185091,0,0,0,0
normal,16,replace-only,256,absl-btree-map,3,0,32,64,5279000,9382154259344185091,0,0,0,0
normal,16,replace-only,256,whitefoot,3,0,32,64,5394000,9382154259344185091,0,0,0,0
normal,16,replace-only,256,source-c,3,0,32,64,8135000,9382154259344185091,0,0,0,0
normal,16,replace-only,256,direct-c,3,0,32,64,5317000,9382154259344185091,0,0,0,0
normal,16,replace-only,256,rust-btree-map,4,0,32,64,4810000,13722619632887717159,0,0,0,0
normal,16,replace-only,256,cpp-map,4,0,32,64,3954000,13722619632887717159,0,0,0,0
normal,16,replace-only,256,absl-btree-map,4,0,32,64,5286000,13722619632887717159,0,0,0,0
normal,16,replace-only,256,whitefoot,4,0,32,64,5418000,13722619632887717159,0,0,0,0
normal,16,replace-only,256,source-c,4,0,32,64,8169000,13722619632887717159,0,0,0,0
normal,16,replace-only,256,direct-c,4,0,32,64,5398000,13722619632887717159,0,0,0,0
normal,16,replace-only,256,avl-c,4,0,32,64,10663000,13722619632887717159,0,0,0,0
normal,16,replace-only,256,cpp-map,5,0,32,64,3967000,12498561820830790344,0,0,0,0
normal,16,replace-only,256,absl-btree-map,5,0,32,64,5302000,12498561820830790344,0,0,0,0
normal,16,replace-only,256,whitefoot,5,0,32,64,5489000,12498561820830790344,0,0,0,0
normal,16,replace-only,256,source-c,5,0,32,64,8248000,12498561820830790344,0,0,0,0
normal,16,replace-only,256,direct-c,5,0,32,64,5424000,12498561820830790344,0,0,0,0
normal,16,replace-only,256,avl-c,5,0,32,64,10886000,12498561820830790344,0,0,0,0
normal,16,replace-only,256,rust-btree-map,5,0,32,64,5041000,12498561820830790344,0,0,0,0
normal,16,replace-only,4096,whitefoot,0,0,2,64,38866000,1829817160922488703,0,0,0,0
normal,16,replace-only,4096,source-c,0,0,2,64,42618000,1829817160922488703,0,0,0,0
normal,16,replace-only,4096,direct-c,0,0,2,64,35955000,1829817160922488703,0,0,0,0
normal,16,replace-only,4096,avl-c,0,0,2,64,45189000,1829817160922488703,0,0,0,0
normal,16,replace-only,4096,rust-btree-map,0,0,2,64,41410000,1829817160922488703,0,0,0,0
normal,16,replace-only,4096,cpp-map,0,0,2,64,40982000,1829817160922488703,0,0,0,0
normal,16,replace-only,4096,absl-btree-map,0,0,2,64,35069000,1829817160922488703,0,0,0,0
normal,16,replace-only,4096,source-c,1,0,2,64,42749000,13481405822941529360,0,0,0,0
normal,16,replace-only,4096,direct-c,1,0,2,64,36367000,13481405822941529360,0,0,0,0
normal,16,replace-only,4096,avl-c,1,0,2,64,45773000,13481405822941529360,0,0,0,0
normal,16,replace-only,4096,rust-btree-map,1,0,2,64,40765000,13481405822941529360,0,0,0,0
normal,16,replace-only,4096,cpp-map,1,0,2,64,38988000,13481405822941529360,0,0,0,0
normal,16,replace-only,4096,absl-btree-map,1,0,2,64,34848000,13481405822941529360,0,0,0,0
normal,16,replace-only,4096,whitefoot,1,0,2,64,38889000,13481405822941529360,0,0,0,0
normal,16,replace-only,4096,direct-c,2,0,2,64,36123000,15972728422441632139,0,0,0,0
normal,16,replace-only,4096,avl-c,2,0,2,64,45319000,15972728422441632139,0,0,0,0
normal,16,replace-only,4096,rust-btree-map,2,0,2,64,40893000,15972728422441632139,0,0,0,0
normal,16,replace-only,4096,cpp-map,2,0,2,64,40062000,15972728422441632139,0,0,0,0
normal,16,replace-only,4096,absl-btree-map,2,0,2,64,35698000,15972728422441632139,0,0,0,0
normal,16,replace-only,4096,whitefoot,2,0,2,64,39010000,15972728422441632139,0,0,0,0
normal,16,replace-only,4096,source-c,2,0,2,64,43350000,15972728422441632139,0,0,0,0
normal,16,replace-only,4096,avl-c,3,0,2,64,45225000,11828906779896300928,0,0,0,0
normal,16,replace-only,4096,rust-btree-map,3,0,2,64,40635000,11828906779896300928,0,0,0,0
normal,16,replace-only,4096,cpp-map,3,0,2,64,38832000,11828906779896300928,0,0,0,0
normal,16,replace-only,4096,absl-btree-map,3,0,2,64,35101000,11828906779896300928,0,0,0,0
normal,16,replace-only,4096,whitefoot,3,0,2,64,39850000,11828906779896300928,0,0,0,0
normal,16,replace-only,4096,source-c,3,0,2,64,44289000,11828906779896300928,0,0,0,0
normal,16,replace-only,4096,direct-c,3,0,2,64,35973000,11828906779896300928,0,0,0,0
normal,16,replace-only,4096,rust-btree-map,4,0,2,64,40240000,10969292055750176411,0,0,0,0
normal,16,replace-only,4096,cpp-map,4,0,2,64,39305000,10969292055750176411,0,0,0,0
normal,16,replace-only,4096,absl-btree-map,4,0,2,64,35311000,10969292055750176411,0,0,0,0
normal,16,replace-only,4096,whitefoot,4,0,2,64,39223000,10969292055750176411,0,0,0,0
normal,16,replace-only,4096,source-c,4,0,2,64,42578000,10969292055750176411,0,0,0,0
normal,16,replace-only,4096,direct-c,4,0,2,64,36078000,10969292055750176411,0,0,0,0
normal,16,replace-only,4096,avl-c,4,0,2,64,45516000,10969292055750176411,0,0,0,0
normal,16,replace-only,4096,cpp-map,5,0,2,64,39074000,2483912109471816850,0,0,0,0
normal,16,replace-only,4096,absl-btree-map,5,0,2,64,34826000,2483912109471816850,0,0,0,0
normal,16,replace-only,4096,whitefoot,5,0,2,64,38891000,2483912109471816850,0,0,0,0
normal,16,replace-only,4096,source-c,5,0,2,64,42602000,2483912109471816850,0,0,0,0
normal,16,replace-only,4096,direct-c,5,0,2,64,36025000,2483912109471816850,0,0,0,0
normal,16,replace-only,4096,avl-c,5,0,2,64,45552000,2483912109471816850,0,0,0,0
normal,16,replace-only,4096,rust-btree-map,5,0,2,64,40797000,2483912109471816850,0,0,0,0
normal,264,build-cleanup,8,whitefoot,0,0,0,32768,22795000,12970432720697302631,0,0,0,0
normal,264,build-cleanup,8,source-c,0,0,0,32768,21126000,12970432720697302631,0,0,0,0
normal,264,build-cleanup,8,direct-c,0,0,0,32768,13450000,12970432720697302631,0,0,0,0
normal,264,build-cleanup,8,avl-c,0,0,0,32768,17533000,12970432720697302631,0,0,0,0
normal,264,build-cleanup,8,rust-btree-map,0,0,0,32768,12821000,12970432720697302631,0,0,0,0
normal,264,build-cleanup,8,cpp-map,0,0,0,32768,18395000,12970432720697302631,0,0,0,0
normal,264,build-cleanup,8,absl-btree-map,0,0,0,32768,16647000,12970432720697302631,0,0,0,0
normal,264,build-cleanup,8,source-c,1,0,0,32768,21602000,5694958712740464370,0,0,0,0
normal,264,build-cleanup,8,direct-c,1,0,0,32768,13840000,5694958712740464370,0,0,0,0
normal,264,build-cleanup,8,avl-c,1,0,0,32768,18241000,5694958712740464370,0,0,0,0
normal,264,build-cleanup,8,rust-btree-map,1,0,0,32768,13222000,5694958712740464370,0,0,0,0
normal,264,build-cleanup,8,cpp-map,1,0,0,32768,18821000,5694958712740464370,0,0,0,0
normal,264,build-cleanup,8,absl-btree-map,1,0,0,32768,16595000,5694958712740464370,0,0,0,0
normal,264,build-cleanup,8,whitefoot,1,0,0,32768,22761000,5694958712740464370,0,0,0,0
normal,264,build-cleanup,8,direct-c,2,0,0,32768,13438000,2359434015305248190,0,0,0,0
normal,264,build-cleanup,8,avl-c,2,0,0,32768,17804000,2359434015305248190,0,0,0,0
normal,264,build-cleanup,8,rust-btree-map,2,0,0,32768,12735000,2359434015305248190,0,0,0,0
normal,264,build-cleanup,8,cpp-map,2,0,0,32768,18466000,2359434015305248190,0,0,0,0
normal,264,build-cleanup,8,absl-btree-map,2,0,0,32768,16595000,2359434015305248190,0,0,0,0
normal,264,build-cleanup,8,whitefoot,2,0,0,32768,22822000,2359434015305248190,0,0,0,0
normal,264,build-cleanup,8,source-c,2,0,0,32768,21195000,2359434015305248190,0,0,0,0
normal,264,build-cleanup,8,avl-c,3,0,0,32768,17571000,16016019999817036713,0,0,0,0
normal,264,build-cleanup,8,rust-btree-map,3,0,0,32768,12746000,16016019999817036713,0,0,0,0
normal,264,build-cleanup,8,cpp-map,3,0,0,32768,18391000,16016019999817036713,0,0,0,0
normal,264,build-cleanup,8,absl-btree-map,3,0,0,32768,16692000,16016019999817036713,0,0,0,0
normal,264,build-cleanup,8,whitefoot,3,0,0,32768,22915000,16016019999817036713,0,0,0,0
normal,264,build-cleanup,8,source-c,3,0,0,32768,21220000,16016019999817036713,0,0,0,0
normal,264,build-cleanup,8,direct-c,3,0,0,32768,13398000,16016019999817036713,0,0,0,0
normal,264,build-cleanup,8,rust-btree-map,4,0,0,32768,12710000,4737682427074849567,0,0,0,0
normal,264,build-cleanup,8,cpp-map,4,0,0,32768,18805000,4737682427074849567,0,0,0,0
normal,264,build-cleanup,8,absl-btree-map,4,0,0,32768,16947000,4737682427074849567,0,0,0,0
normal,264,build-cleanup,8,whitefoot,4,0,0,32768,22803000,4737682427074849567,0,0,0,0
normal,264,build-cleanup,8,source-c,4,0,0,32768,21440000,4737682427074849567,0,0,0,0
normal,264,build-cleanup,8,direct-c,4,0,0,32768,13493000,4737682427074849567,0,0,0,0
normal,264,build-cleanup,8,avl-c,4,0,0,32768,17520000,4737682427074849567,0,0,0,0
normal,264,build-cleanup,8,cpp-map,5,0,0,32768,18503000,14669398769654276613,0,0,0,0
normal,264,build-cleanup,8,absl-btree-map,5,0,0,32768,16593000,14669398769654276613,0,0,0,0
normal,264,build-cleanup,8,whitefoot,5,0,0,32768,22890000,14669398769654276613,0,0,0,0
normal,264,build-cleanup,8,source-c,5,0,0,32768,21253000,14669398769654276613,0,0,0,0
normal,264,build-cleanup,8,direct-c,5,0,0,32768,13412000,14669398769654276613,0,0,0,0
normal,264,build-cleanup,8,avl-c,5,0,0,32768,17828000,14669398769654276613,0,0,0,0
normal,264,build-cleanup,8,rust-btree-map,5,0,0,32768,12701000,14669398769654276613,0,0,0,0
normal,264,build-cleanup,256,whitefoot,0,0,0,1024,44557000,10905709568423654914,0,0,0,0
normal,264,build-cleanup,256,source-c,0,0,0,1024,39707000,10905709568423654914,0,0,0,0
normal,264,build-cleanup,256,direct-c,0,0,0,1024,25006000,10905709568423654914,0,0,0,0
normal,264,build-cleanup,256,avl-c,0,0,0,1024,20587000,10905709568423654914,0,0,0,0
normal,264,build-cleanup,256,rust-btree-map,0,0,0,1024,22182000,10905709568423654914,0,0,0,0
normal,264,build-cleanup,256,cpp-map,0,0,0,1024,21702000,10905709568423654914,0,0,0,0
normal,264,build-cleanup,256,absl-btree-map,0,0,0,1024,23169000,10905709568423654914,0,0,0,0
normal,264,build-cleanup,256,source-c,1,0,0,1024,39731000,15688311896904489896,0,0,0,0
normal,264,build-cleanup,256,direct-c,1,0,0,1024,25460000,15688311896904489896,0,0,0,0
normal,264,build-cleanup,256,avl-c,1,0,0,1024,22434000,15688311896904489896,0,0,0,0
normal,264,build-cleanup,256,rust-btree-map,1,0,0,1024,22123000,15688311896904489896,0,0,0,0
normal,264,build-cleanup,256,cpp-map,1,0,0,1024,21637000,15688311896904489896,0,0,0,0
normal,264,build-cleanup,256,absl-btree-map,1,0,0,1024,23376000,15688311896904489896,0,0,0,0
normal,264,build-cleanup,256,whitefoot,1,0,0,1024,46241000,15688311896904489896,0,0,0,0
normal,264,build-cleanup,256,direct-c,2,0,0,1024,24850000,4247202477217429097,0,0,0,0
normal,264,build-cleanup,256,avl-c,2,0,0,1024,20567000,4247202477217429097,0,0,0,0
normal,264,build-cleanup,256,rust-btree-map,2,0,0,1024,21979000,4247202477217429097,0,0,0,0
normal,264,build-cleanup,256,cpp-map,2,0,0,1024,21298000,4247202477217429097,0,0,0,0
normal,264,build-cleanup,256,absl-btree-map,2,0,0,1024,22410000,4247202477217429097,0,0,0,0
normal,264,build-cleanup,256,whitefoot,2,0,0,1024,44569000,4247202477217429097,0,0,0,0
normal,264,build-cleanup,256,source-c,2,0,0,1024,39698000,4247202477217429097,0,0,0,0
normal,264,build-cleanup,256,avl-c,3,0,0,1024,20593000,16038135718187473938,0,0,0,0
normal,264,build-cleanup,256,rust-btree-map,3,0,0,1024,21883000,16038135718187473938,0,0,0,0
normal,264,build-cleanup,256,cpp-map,3,0,0,1024,21458000,16038135718187473938,0,0,0,0
normal,264,build-cleanup,256,absl-btree-map,3,0,0,1024,22314000,16038135718187473938,0,0,0,0
normal,264,build-cleanup,256,whitefoot,3,0,0,1024,44590000,16038135718187473938,0,0,0,0
normal,264,build-cleanup,256,source-c,3,0,0,1024,39809000,16038135718187473938,0,0,0,0
normal,264,build-cleanup,256,direct-c,3,0,0,1024,24861000,16038135718187473938,0,0,0,0
normal,264,build-cleanup,256,rust-btree-map,4,0,0,1024,21895000,4728765474361407804,0,0,0,0
normal,264,build-cleanup,256,cpp-map,4,0,0,1024,21289000,4728765474361407804,0,0,0,0
normal,264,build-cleanup,256,absl-btree-map,4,0,0,1024,22391000,4728765474361407804,0,0,0,0
normal,264,build-cleanup,256,whitefoot,4,0,0,1024,44491000,4728765474361407804,0,0,0,0
normal,264,build-cleanup,256,source-c,4,0,0,1024,40244000,4728765474361407804,0,0,0,0
normal,264,build-cleanup,256,direct-c,4,0,0,1024,25046000,4728765474361407804,0,0,0,0
normal,264,build-cleanup,256,avl-c,4,0,0,1024,20647000,4728765474361407804,0,0,0,0
normal,264,build-cleanup,256,cpp-map,5,0,0,1024,22108000,9948234311477538802,0,0,0,0
normal,264,build-cleanup,256,absl-btree-map,5,0,0,1024,22212000,9948234311477538802,0,0,0,0
normal,264,build-cleanup,256,whitefoot,5,0,0,1024,44546000,9948234311477538802,0,0,0,0
normal,264,build-cleanup,256,source-c,5,0,0,1024,39632000,9948234311477538802,0,0,0,0
normal,264,build-cleanup,256,direct-c,5,0,0,1024,24943000,9948234311477538802,0,0,0,0
normal,264,build-cleanup,256,avl-c,5,0,0,1024,21218000,9948234311477538802,0,0,0,0
normal,264,build-cleanup,256,rust-btree-map,5,0,0,1024,22244000,9948234311477538802,0,0,0,0
normal,264,build-cleanup,4096,whitefoot,0,0,0,64,57508000,7242297467275157476,0,0,0,0
normal,264,build-cleanup,4096,source-c,0,0,0,64,51149000,7242297467275157476,0,0,0,0
normal,264,build-cleanup,4096,direct-c,0,0,0,64,36489000,7242297467275157476,0,0,0,0
normal,264,build-cleanup,4096,avl-c,0,0,0,64,30862000,7242297467275157476,0,0,0,0
normal,264,build-cleanup,4096,rust-btree-map,0,0,0,64,32894000,7242297467275157476,0,0,0,0
normal,264,build-cleanup,4096,cpp-map,0,0,0,64,33138000,7242297467275157476,0,0,0,0
normal,264,build-cleanup,4096,absl-btree-map,0,0,0,64,42589000,7242297467275157476,0,0,0,0
normal,264,build-cleanup,4096,source-c,1,0,0,64,51221000,13558288347933268278,0,0,0,0
normal,264,build-cleanup,4096,direct-c,1,0,0,64,36288000,13558288347933268278,0,0,0,0
normal,264,build-cleanup,4096,avl-c,1,0,0,64,30735000,13558288347933268278,0,0,0,0
normal,264,build-cleanup,4096,rust-btree-map,1,0,0,64,32958000,13558288347933268278,0,0,0,0
normal,264,build-cleanup,4096,cpp-map,1,0,0,64,33178000,13558288347933268278,0,0,0,0
normal,264,build-cleanup,4096,absl-btree-map,1,0,0,64,42453000,13558288347933268278,0,0,0,0
normal,264,build-cleanup,4096,whitefoot,1,0,0,64,55243000,13558288347933268278,0,0,0,0
normal,264,build-cleanup,4096,direct-c,2,0,0,64,36357000,14340865951249812916,0,0,0,0
normal,264,build-cleanup,4096,avl-c,2,0,0,64,31153000,14340865951249812916,0,0,0,0
normal,264,build-cleanup,4096,rust-btree-map,2,0,0,64,33355000,14340865951249812916,0,0,0,0
normal,264,build-cleanup,4096,cpp-map,2,0,0,64,33148000,14340865951249812916,0,0,0,0
normal,264,build-cleanup,4096,absl-btree-map,2,0,0,64,42715000,14340865951249812916,0,0,0,0
normal,264,build-cleanup,4096,whitefoot,2,0,0,64,58620000,14340865951249812916,0,0,0,0
normal,264,build-cleanup,4096,source-c,2,0,0,64,52321000,14340865951249812916,0,0,0,0
normal,264,build-cleanup,4096,avl-c,3,0,0,64,31074000,1577564721488938948,0,0,0,0
normal,264,build-cleanup,4096,rust-btree-map,3,0,0,64,32794000,1577564721488938948,0,0,0,0
normal,264,build-cleanup,4096,cpp-map,3,0,0,64,33223000,1577564721488938948,0,0,0,0
normal,264,build-cleanup,4096,absl-btree-map,3,0,0,64,43361000,1577564721488938948,0,0,0,0
normal,264,build-cleanup,4096,whitefoot,3,0,0,64,55359000,1577564721488938948,0,0,0,0
normal,264,build-cleanup,4096,source-c,3,0,0,64,51063000,1577564721488938948,0,0,0,0
normal,264,build-cleanup,4096,direct-c,3,0,0,64,36810000,1577564721488938948,0,0,0,0
normal,264,build-cleanup,4096,rust-btree-map,4,0,0,64,32971000,10126895932126016361,0,0,0,0
normal,264,build-cleanup,4096,cpp-map,4,0,0,64,33508000,10126895932126016361,0,0,0,0
normal,264,build-cleanup,4096,absl-btree-map,4,0,0,64,43016000,10126895932126016361,0,0,0,0
normal,264,build-cleanup,4096,whitefoot,4,0,0,64,55569000,10126895932126016361,0,0,0,0
normal,264,build-cleanup,4096,source-c,4,0,0,64,50926000,10126895932126016361,0,0,0,0
normal,264,build-cleanup,4096,direct-c,4,0,0,64,36303000,10126895932126016361,0,0,0,0
normal,264,build-cleanup,4096,avl-c,4,0,0,64,30411000,10126895932126016361,0,0,0,0
normal,264,build-cleanup,4096,cpp-map,5,0,0,64,33105000,10755512085683788456,0,0,0,0
normal,264,build-cleanup,4096,absl-btree-map,5,0,0,64,42653000,10755512085683788456,0,0,0,0
normal,264,build-cleanup,4096,whitefoot,5,0,0,64,57978000,10755512085683788456,0,0,0,0
normal,264,build-cleanup,4096,source-c,5,0,0,64,53888000,10755512085683788456,0,0,0,0
normal,264,build-cleanup,4096,direct-c,5,0,0,64,36508000,10755512085683788456,0,0,0,0
normal,264,build-cleanup,4096,avl-c,5,0,0,64,31311000,10755512085683788456,0,0,0,0
normal,264,build-cleanup,4096,rust-btree-map,5,0,0,64,32811000,10755512085683788456,0,0,0,0
normal,264,hit-miss,8,whitefoot,0,0,1024,64,10302000,15911070240917534194,0,0,0,0
normal,264,hit-miss,8,source-c,0,0,1024,64,9613000,15911070240917534194,0,0,0,0
normal,264,hit-miss,8,direct-c,0,0,1024,64,10428000,15911070240917534194,0,0,0,0
normal,264,hit-miss,8,avl-c,0,0,1024,64,11059000,15911070240917534194,0,0,0,0
normal,264,hit-miss,8,rust-btree-map,0,0,1024,64,9938000,15911070240917534194,0,0,0,0
normal,264,hit-miss,8,cpp-map,0,0,1024,64,9684000,15911070240917534194,0,0,0,0
normal,264,hit-miss,8,absl-btree-map,0,0,1024,64,9521000,15911070240917534194,0,0,0,0
normal,264,hit-miss,8,source-c,1,0,1024,64,9685000,11599439563201050437,0,0,0,0
normal,264,hit-miss,8,direct-c,1,0,1024,64,10244000,11599439563201050437,0,0,0,0
normal,264,hit-miss,8,avl-c,1,0,1024,64,10951000,11599439563201050437,0,0,0,0
normal,264,hit-miss,8,rust-btree-map,1,0,1024,64,10028000,11599439563201050437,0,0,0,0
normal,264,hit-miss,8,cpp-map,1,0,1024,64,9690000,11599439563201050437,0,0,0,0
normal,264,hit-miss,8,absl-btree-map,1,0,1024,64,9534000,11599439563201050437,0,0,0,0
normal,264,hit-miss,8,whitefoot,1,0,1024,64,10289000,11599439563201050437,0,0,0,0
normal,264,hit-miss,8,direct-c,2,0,1024,64,10192000,7907477449312067031,0,0,0,0
normal,264,hit-miss,8,avl-c,2,0,1024,64,10947000,7907477449312067031,0,0,0,0
normal,264,hit-miss,8,rust-btree-map,2,0,1024,64,9944000,7907477449312067031,0,0,0,0
normal,264,hit-miss,8,cpp-map,2,0,1024,64,9656000,7907477449312067031,0,0,0,0
normal,264,hit-miss,8,absl-btree-map,2,0,1024,64,9596000,7907477449312067031,0,0,0,0
normal,264,hit-miss,8,whitefoot,2,0,1024,64,10486000,7907477449312067031,0,0,0,0
normal,264,hit-miss,8,source-c,2,0,1024,64,9983000,7907477449312067031,0,0,0,0
normal,264,hit-miss,8,avl-c,3,0,1024,64,11009000,2316265427564664105,0,0,0,0
normal,264,hit-miss,8,rust-btree-map,3,0,1024,64,9958000,2316265427564664105,0,0,0,0
normal,264,hit-miss,8,cpp-map,3,0,1024,64,9677000,2316265427564664105,0,0,0,0
normal,264,hit-miss,8,absl-btree-map,3,0,1024,64,9538000,2316265427564664105,0,0,0,0
normal,264,hit-miss,8,whitefoot,3,0,1024,64,10331000,2316265427564664105,0,0,0,0
normal,264,hit-miss,8,source-c,3,0,1024,64,9777000,2316265427564664105,0,0,0,0
normal,264,hit-miss,8,direct-c,3,0,1024,64,10227000,2316265427564664105,0,0,0,0
normal,264,hit-miss,8,rust-btree-map,4,0,1024,64,9993000,12115682481797854173,0,0,0,0
normal,264,hit-miss,8,cpp-map,4,0,1024,64,9606000,12115682481797854173,0,0,0,0
normal,264,hit-miss,8,absl-btree-map,4,0,1024,64,9526000,12115682481797854173,0,0,0,0
normal,264,hit-miss,8,whitefoot,4,0,1024,64,10333000,12115682481797854173,0,0,0,0
normal,264,hit-miss,8,source-c,4,0,1024,64,9802000,12115682481797854173,0,0,0,0
normal,264,hit-miss,8,direct-c,4,0,1024,64,10184000,12115682481797854173,0,0,0,0
normal,264,hit-miss,8,avl-c,4,0,1024,64,10950000,12115682481797854173,0,0,0,0
normal,264,hit-miss,8,cpp-map,5,0,1024,64,9616000,2929237865108832753,0,0,0,0
normal,264,hit-miss,8,absl-btree-map,5,0,1024,64,9522000,2929237865108832753,0,0,0,0
normal,264,hit-miss,8,whitefoot,5,0,1024,64,10291000,2929237865108832753,0,0,0,0
normal,264,hit-miss,8,source-c,5,0,1024,64,9775000,2929237865108832753,0,0,0,0
normal,264,hit-miss,8,direct-c,5,0,1024,64,10184000,2929237865108832753,0,0,0,0
normal,264,hit-miss,8,avl-c,5,0,1024,64,10927000,2929237865108832753,0,0,0,0
normal,264,hit-miss,8,rust-btree-map,5,0,1024,64,9990000,2929237865108832753,0,0,0,0
normal,264,hit-miss,256,whitefoot,0,0,32,64,18495000,632918352230895573,0,0,0,0
normal,264,hit-miss,256,source-c,0,0,32,64,17109000,632918352230895573,0,0,0,0
normal,264,hit-miss,256,direct-c,0,0,32,64,14204000,632918352230895573,0,0,0,0
normal,264,hit-miss,256,avl-c,0,0,32,64,17686000,632918352230895573,0,0,0,0
normal,264,hit-miss,256,rust-btree-map,0,0,32,64,16136000,632918352230895573,0,0,0,0
normal,264,hit-miss,256,cpp-map,0,0,32,64,11363000,632918352230895573,0,0,0,0
normal,264,hit-miss,256,absl-btree-map,0,0,32,64,13739000,632918352230895573,0,0,0,0
normal,264,hit-miss,256,source-c,1,0,32,64,17181000,13148039306226453033,0,0,0,0
normal,264,hit-miss,256,direct-c,1,0,32,64,14159000,13148039306226453033,0,0,0,0
normal,264,hit-miss,256,avl-c,1,0,32,64,17518000,13148039306226453033,0,0,0,0
normal,264,hit-miss,256,rust-btree-map,1,0,32,64,16123000,13148039306226453033,0,0,0,0
normal,264,hit-miss,256,cpp-map,1,0,32,64,11075000,13148039306226453033,0,0,0,0
normal,264,hit-miss,256,absl-btree-map,1,0,32,64,13839000,13148039306226453033,0,0,0,0
normal,264,hit-miss,256,whitefoot,1,0,32,64,17972000,13148039306226453033,0,0,0,0
normal,264,hit-miss,256,direct-c,2,0,32,64,14038000,16588842381711063914,0,0,0,0
normal,264,hit-miss,256,avl-c,2,0,32,64,17574000,16588842381711063914,0,0,0,0
normal,264,hit-miss,256,rust-btree-map,2,0,32,64,16022000,16588842381711063914,0,0,0,0
normal,264,hit-miss,256,cpp-map,2,0,32,64,10990000,16588842381711063914,0,0,0,0
normal,264,hit-miss,256,absl-btree-map,2,0,32,64,13786000,16588842381711063914,0,0,0,0
normal,264,hit-miss,256,whitefoot,2,0,32,64,21699000,16588842381711063914,0,0,0,0
normal,264,hit-miss,256,source-c,2,0,32,64,17277000,16588842381711063914,0,0,0,0
normal,264,hit-miss,256,avl-c,3,0,32,64,18516000,4493271121112100087,0,0,0,0
normal,264,hit-miss,256,rust-btree-map,3,0,32,64,16659000,4493271121112100087,0,0,0,0
normal,264,hit-miss,256,cpp-map,3,0,32,64,11522000,4493271121112100087,0,0,0,0
normal,264,hit-miss,256,absl-btree-map,3,0,32,64,14251000,4493271121112100087,0,0,0,0
normal,264,hit-miss,256,whitefoot,3,0,32,64,18208000,4493271121112100087,0,0,0,0
normal,264,hit-miss,256,source-c,3,0,32,64,17866000,4493271121112100087,0,0,0,0
normal,264,hit-miss,256,direct-c,3,0,32,64,14133000,4493271121112100087,0,0,0,0
normal,264,hit-miss,256,rust-btree-map,4,0,32,64,16177000,7947395574310753487,0,0,0,0
normal,264,hit-miss,256,cpp-map,4,0,32,64,11162000,7947395574310753487,0,0,0,0
normal,264,hit-miss,256,absl-btree-map,4,0,32,64,13721000,7947395574310753487,0,0,0,0
normal,264,hit-miss,256,whitefoot,4,0,32,64,18075000,7947395574310753487,0,0,0,0
normal,264,hit-miss,256,source-c,4,0,32,64,18074000,7947395574310753487,0,0,0,0
normal,264,hit-miss,256,direct-c,4,0,32,64,14216000,7947395574310753487,0,0,0,0
normal,264,hit-miss,256,avl-c,4,0,32,64,17521000,7947395574310753487,0,0,0,0
normal,264,hit-miss,256,cpp-map,5,0,32,64,11051000,7513660605470930704,0,0,0,0
normal,264,hit-miss,256,absl-btree-map,5,0,32,64,13782000,7513660605470930704,0,0,0,0
normal,264,hit-miss,256,whitefoot,5,0,32,64,17849000,7513660605470930704,0,0,0,0
normal,264,hit-miss,256,source-c,5,0,32,64,17227000,7513660605470930704,0,0,0,0
normal,264,hit-miss,256,direct-c,5,0,32,64,14115000,7513660605470930704,0,0,0,0
normal,264,hit-miss,256,avl-c,5,0,32,64,17576000,7513660605470930704,0,0,0,0
normal,264,hit-miss,256,rust-btree-map,5,0,32,64,16034000,7513660605470930704,0,0,0,0
normal,264,hit-miss,4096,whitefoot,0,0,2,64,104074000,9336059074387684422,0,0,0,0
normal,264,hit-miss,4096,source-c,0,0,2,64,99332000,9336059074387684422,0,0,0,0
normal,264,hit-miss,4096,direct-c,0,0,2,64,78187000,9336059074387684422,0,0,0,0
normal,264,hit-miss,4096,avl-c,0,0,2,64,60267000,9336059074387684422,0,0,0,0
normal,264,hit-miss,4096,rust-btree-map,0,0,2,64,87130000,9336059074387684422,0,0,0,0
normal,264,hit-miss,4096,cpp-map,0,0,2,64,84350000,9336059074387684422,0,0,0,0
normal,264,hit-miss,4096,absl-btree-map,0,0,2,64,110603000,9336059074387684422,0,0,0,0
normal,264,hit-miss,4096,source-c,1,0,2,64,99254000,5552303480900245877,0,0,0,0
normal,264,hit-miss,4096,direct-c,1,0,2,64,78256000,5552303480900245877,0,0,0,0
normal,264,hit-miss,4096,avl-c,1,0,2,64,60636000,5552303480900245877,0,0,0,0
normal,264,hit-miss,4096,rust-btree-map,1,0,2,64,87588000,5552303480900245877,0,0,0,0
normal,264,hit-miss,4096,cpp-map,1,0,2,64,83491000,5552303480900245877,0,0,0,0
normal,264,hit-miss,4096,absl-btree-map,1,0,2,64,108113000,5552303480900245877,0,0,0,0
normal,264,hit-miss,4096,whitefoot,1,0,2,64,104575000,5552303480900245877,0,0,0,0
normal,264,hit-miss,4096,direct-c,2,0,2,64,80443000,10881546498374648049,0,0,0,0
normal,264,hit-miss,4096,avl-c,2,0,2,64,61622000,10881546498374648049,0,0,0,0
normal,264,hit-miss,4096,rust-btree-map,2,0,2,64,87266000,10881546498374648049,0,0,0,0
normal,264,hit-miss,4096,cpp-map,2,0,2,64,84248000,10881546498374648049,0,0,0,0
normal,264,hit-miss,4096,absl-btree-map,2,0,2,64,108483000,10881546498374648049,0,0,0,0
normal,264,hit-miss,4096,whitefoot,2,0,2,64,104075000,10881546498374648049,0,0,0,0
normal,264,hit-miss,4096,source-c,2,0,2,64,99202000,10881546498374648049,0,0,0,0
normal,264,hit-miss,4096,avl-c,3,0,2,64,60590000,9230546168091702444,0,0,0,0
normal,264,hit-miss,4096,rust-btree-map,3,0,2,64,87107000,9230546168091702444,0,0,0,0
normal,264,hit-miss,4096,cpp-map,3,0,2,64,84486000,9230546168091702444,0,0,0,0
normal,264,hit-miss,4096,absl-btree-map,3,0,2,64,108591000,9230546168091702444,0,0,0,0
normal,264,hit-miss,4096,whitefoot,3,0,2,64,107067000,9230546168091702444,0,0,0,0
normal,264,hit-miss,4096,source-c,3,0,2,64,99151000,9230546168091702444,0,0,0,0
normal,264,hit-miss,4096,direct-c,3,0,2,64,79087000,9230546168091702444,0,0,0,0
normal,264,hit-miss,4096,rust-btree-map,4,0,2,64,87050000,15634305563042820653,0,0,0,0
normal,264,hit-miss,4096,cpp-map,4,0,2,64,83995000,15634305563042820653,0,0,0,0
normal,264,hit-miss,4096,absl-btree-map,4,0,2,64,107294000,15634305563042820653,0,0,0,0
normal,264,hit-miss,4096,whitefoot,4,0,2,64,104156000,15634305563042820653,0,0,0,0
normal,264,hit-miss,4096,source-c,4,0,2,64,99285000,15634305563042820653,0,0,0,0
normal,264,hit-miss,4096,direct-c,4,0,2,64,78663000,15634305563042820653,0,0,0,0
normal,264,hit-miss,4096,avl-c,4,0,2,64,61662000,15634305563042820653,0,0,0,0
normal,264,hit-miss,4096,cpp-map,5,0,2,64,84855000,11025423596080953157,0,0,0,0
normal,264,hit-miss,4096,absl-btree-map,5,0,2,64,109022000,11025423596080953157,0,0,0,0
normal,264,hit-miss,4096,whitefoot,5,0,2,64,105763000,11025423596080953157,0,0,0,0
normal,264,hit-miss,4096,source-c,5,0,2,64,99126000,11025423596080953157,0,0,0,0
normal,264,hit-miss,4096,direct-c,5,0,2,64,77543000,11025423596080953157,0,0,0,0
normal,264,hit-miss,4096,avl-c,5,0,2,64,60166000,11025423596080953157,0,0,0,0
normal,264,hit-miss,4096,rust-btree-map,5,0,2,64,87043000,11025423596080953157,0,0,0,0
normal,264,replace-edit-remove-insert,8,whitefoot,0,0,1024,64,104451000,14001471601555630752,0,0,0,0
normal,264,replace-edit-remove-insert,8,source-c,0,0,1024,64,84294000,14001471601555630752,0,0,0,0
normal,264,replace-edit-remove-insert,8,direct-c,0,0,1024,64,66487000,14001471601555630752,0,0,0,0
normal,264,replace-edit-remove-insert,8,avl-c,0,0,1024,64,55969000,14001471601555630752,0,0,0,0
normal,264,replace-edit-remove-insert,8,rust-btree-map,0,0,1024,64,66996000,14001471601555630752,0,0,0,0
normal,264,replace-edit-remove-insert,8,cpp-map,0,0,1024,64,42986000,14001471601555630752,0,0,0,0
normal,264,replace-edit-remove-insert,8,absl-btree-map,0,0,1024,64,61485000,14001471601555630752,0,0,0,0
normal,264,replace-edit-remove-insert,8,source-c,1,0,1024,64,84376000,3409011035975531195,0,0,0,0
normal,264,replace-edit-remove-insert,8,direct-c,1,0,1024,64,68462000,3409011035975531195,0,0,0,0
normal,264,replace-edit-remove-insert,8,avl-c,1,0,1024,64,56136000,3409011035975531195,0,0,0,0
normal,264,replace-edit-remove-insert,8,rust-btree-map,1,0,1024,64,67271000,3409011035975531195,0,0,0,0
normal,264,replace-edit-remove-insert,8,cpp-map,1,0,1024,64,42978000,3409011035975531195,0,0,0,0
normal,264,replace-edit-remove-insert,8,absl-btree-map,1,0,1024,64,61468000,3409011035975531195,0,0,0,0
normal,264,replace-edit-remove-insert,8,whitefoot,1,0,1024,64,105095000,3409011035975531195,0,0,0,0
normal,264,replace-edit-remove-insert,8,direct-c,2,0,1024,64,66506000,7208867627709953911,0,0,0,0
normal,264,replace-edit-remove-insert,8,avl-c,2,0,1024,64,55965000,7208867627709953911,0,0,0,0
normal,264,replace-edit-remove-insert,8,rust-btree-map,2,0,1024,64,71339000,7208867627709953911,0,0,0,0
normal,264,replace-edit-remove-insert,8,cpp-map,2,0,1024,64,43720000,7208867627709953911,0,0,0,0
normal,264,replace-edit-remove-insert,8,absl-btree-map,2,0,1024,64,61725000,7208867627709953911,0,0,0,0
normal,264,replace-edit-remove-insert,8,whitefoot,2,0,1024,64,104544000,7208867627709953911,0,0,0,0
normal,264,replace-edit-remove-insert,8,source-c,2,0,1024,64,81956000,7208867627709953911,0,0,0,0
normal,264,replace-edit-remove-insert,8,avl-c,3,0,1024,64,56164000,17239568843091695629,0,0,0,0
normal,264,replace-edit-remove-insert,8,rust-btree-map,3,0,1024,64,68483000,17239568843091695629,0,0,0,0
normal,264,replace-edit-remove-insert,8,cpp-map,3,0,1024,64,43319000,17239568843091695629,0,0,0,0
normal,264,replace-edit-remove-insert,8,absl-btree-map,3,0,1024,64,61452000,17239568843091695629,0,0,0,0
normal,264,replace-edit-remove-insert,8,whitefoot,3,0,1024,64,105333000,17239568843091695629,0,0,0,0
normal,264,replace-edit-remove-insert,8,source-c,3,0,1024,64,81716000,17239568843091695629,0,0,0,0
normal,264,replace-edit-remove-insert,8,direct-c,3,0,1024,64,66542000,17239568843091695629,0,0,0,0
normal,264,replace-edit-remove-insert,8,rust-btree-map,4,0,1024,64,70128000,13435469807867225644,0,0,0,0
normal,264,replace-edit-remove-insert,8,cpp-map,4,0,1024,64,43085000,13435469807867225644,0,0,0,0
normal,264,replace-edit-remove-insert,8,absl-btree-map,4,0,1024,64,61545000,13435469807867225644,0,0,0,0
normal,264,replace-edit-remove-insert,8,whitefoot,4,0,1024,64,104842000,13435469807867225644,0,0,0,0
normal,264,replace-edit-remove-insert,8,source-c,4,0,1024,64,81543000,13435469807867225644,0,0,0,0
normal,264,replace-edit-remove-insert,8,direct-c,4,0,1024,64,66712000,13435469807867225644,0,0,0,0
normal,264,replace-edit-remove-insert,8,avl-c,4,0,1024,64,56067000,13435469807867225644,0,0,0,0
normal,264,replace-edit-remove-insert,8,cpp-map,5,0,1024,64,43025000,5393134365172411407,0,0,0,0
normal,264,replace-edit-remove-insert,8,absl-btree-map,5,0,1024,64,61582000,5393134365172411407,0,0,0,0
normal,264,replace-edit-remove-insert,8,whitefoot,5,0,1024,64,105646000,5393134365172411407,0,0,0,0
normal,264,replace-edit-remove-insert,8,source-c,5,0,1024,64,81746000,5393134365172411407,0,0,0,0
normal,264,replace-edit-remove-insert,8,direct-c,5,0,1024,64,67574000,5393134365172411407,0,0,0,0
normal,264,replace-edit-remove-insert,8,avl-c,5,0,1024,64,58189000,5393134365172411407,0,0,0,0
normal,264,replace-edit-remove-insert,8,rust-btree-map,5,0,1024,64,67035000,5393134365172411407,0,0,0,0
normal,264,replace-edit-remove-insert,256,whitefoot,0,0,32,64,152514000,5804153690033205121,0,0,0,0
normal,264,replace-edit-remove-insert,256,source-c,0,0,32,64,132355000,5804153690033205121,0,0,0,0
normal,264,replace-edit-remove-insert,256,direct-c,0,0,32,64,96427000,5804153690033205121,0,0,0,0
normal,264,replace-edit-remove-insert,256,avl-c,0,0,32,64,94153000,5804153690033205121,0,0,0,0
normal,264,replace-edit-remove-insert,256,rust-btree-map,0,0,32,64,95956000,5804153690033205121,0,0,0,0
normal,264,replace-edit-remove-insert,256,cpp-map,0,0,32,64,56191000,5804153690033205121,0,0,0,0
normal,264,replace-edit-remove-insert,256,absl-btree-map,0,0,32,64,105329000,5804153690033205121,0,0,0,0
normal,264,replace-edit-remove-insert,256,source-c,1,0,32,64,131678000,2929391412368865679,0,0,0,0
normal,264,replace-edit-remove-insert,256,direct-c,1,0,32,64,99919000,2929391412368865679,0,0,0,0
normal,264,replace-edit-remove-insert,256,avl-c,1,0,32,64,94384000,2929391412368865679,0,0,0,0
normal,264,replace-edit-remove-insert,256,rust-btree-map,1,0,32,64,95959000,2929391412368865679,0,0,0,0
normal,264,replace-edit-remove-insert,256,cpp-map,1,0,32,64,56075000,2929391412368865679,0,0,0,0
normal,264,replace-edit-remove-insert,256,absl-btree-map,1,0,32,64,104950000,2929391412368865679,0,0,0,0
normal,264,replace-edit-remove-insert,256,whitefoot,1,0,32,64,150999000,2929391412368865679,0,0,0,0
normal,264,replace-edit-remove-insert,256,direct-c,2,0,32,64,97526000,1449550563570819242,0,0,0,0
normal,264,replace-edit-remove-insert,256,avl-c,2,0,32,64,94181000,1449550563570819242,0,0,0,0
normal,264,replace-edit-remove-insert,256,rust-btree-map,2,0,32,64,96069000,1449550563570819242,0,0,0,0
normal,264,replace-edit-remove-insert,256,cpp-map,2,0,32,64,56660000,1449550563570819242,0,0,0,0
normal,264,replace-edit-remove-insert,256,absl-btree-map,2,0,32,64,107098000,1449550563570819242,0,0,0,0
normal,264,replace-edit-remove-insert,256,whitefoot,2,0,32,64,148381000,1449550563570819242,0,0,0,0
normal,264,replace-edit-remove-insert,256,source-c,2,0,32,64,131943000,1449550563570819242,0,0,0,0
normal,264,replace-edit-remove-insert,256,avl-c,3,0,32,64,93956000,12773694427521399930,0,0,0,0
normal,264,replace-edit-remove-insert,256,rust-btree-map,3,0,32,64,96048000,12773694427521399930,0,0,0,0
normal,264,replace-edit-remove-insert,256,cpp-map,3,0,32,64,55210000,12773694427521399930,0,0,0,0
normal,264,replace-edit-remove-insert,256,absl-btree-map,3,0,32,64,106159000,12773694427521399930,0,0,0,0
normal,264,replace-edit-remove-insert,256,whitefoot,3,0,32,64,152460000,12773694427521399930,0,0,0,0
normal,264,replace-edit-remove-insert,256,source-c,3,0,32,64,131737000,12773694427521399930,0,0,0,0
normal,264,replace-edit-remove-insert,256,direct-c,3,0,32,64,97127000,12773694427521399930,0,0,0,0
normal,264,replace-edit-remove-insert,256,rust-btree-map,4,0,32,64,95917000,11310116527308697346,0,0,0,0
normal,264,replace-edit-remove-insert,256,cpp-map,4,0,32,64,55630000,11310116527308697346,0,0,0,0
normal,264,replace-edit-remove-insert,256,absl-btree-map,4,0,32,64,104848000,11310116527308697346,0,0,0,0
normal,264,replace-edit-remove-insert,256,whitefoot,4,0,32,64,149774000,11310116527308697346,0,0,0,0
normal,264,replace-edit-remove-insert,256,source-c,4,0,32,64,132026000,11310116527308697346,0,0,0,0
normal,264,replace-edit-remove-insert,256,direct-c,4,0,32,64,97330000,11310116527308697346,0,0,0,0
normal,264,replace-edit-remove-insert,256,avl-c,4,0,32,64,94715000,11310116527308697346,0,0,0,0
normal,264,replace-edit-remove-insert,256,cpp-map,5,0,32,64,56096000,5901112441980926456,0,0,0,0
normal,264,replace-edit-remove-insert,256,absl-btree-map,5,0,32,64,104928000,5901112441980926456,0,0,0,0
normal,264,replace-edit-remove-insert,256,whitefoot,5,0,32,64,148472000,5901112441980926456,0,0,0,0
normal,264,replace-edit-remove-insert,256,source-c,5,0,32,64,131773000,5901112441980926456,0,0,0,0
normal,264,replace-edit-remove-insert,256,direct-c,5,0,32,64,96940000,5901112441980926456,0,0,0,0
normal,264,replace-edit-remove-insert,256,avl-c,5,0,32,64,93972000,5901112441980926456,0,0,0,0
normal,264,replace-edit-remove-insert,256,rust-btree-map,5,0,32,64,96344000,5901112441980926456,0,0,0,0
normal,264,replace-edit-remove-insert,4096,whitefoot,0,0,2,64,279926000,13589301835924901981,0,0,0,0
normal,264,replace-edit-remove-insert,4096,source-c,0,0,2,64,255719000,13589301835924901981,0,0,0,0
normal,264,replace-edit-remove-insert,4096,direct-c,0,0,2,64,186771000,13589301835924901981,0,0,0,0
normal,264,replace-edit-remove-insert,4096,avl-c,0,0,2,64,157834000,13589301835924901981,0,0,0,0
normal,264,replace-edit-remove-insert,4096,rust-btree-map,0,0,2,64,182239000,13589301835924901981,0,0,0,0
normal,264,replace-edit-remove-insert,4096,cpp-map,0,0,2,64,127395000,13589301835924901981,0,0,0,0
normal,264,replace-edit-remove-insert,4096,absl-btree-map,0,0,2,64,211573000,13589301835924901981,0,0,0,0
normal,264,replace-edit-remove-insert,4096,source-c,1,0,2,64,253258000,1613534446757638177,0,0,0,0
normal,264,replace-edit-remove-insert,4096,direct-c,1,0,2,64,185871000,1613534446757638177,0,0,0,0
normal,264,replace-edit-remove-insert,4096,avl-c,1,0,2,64,160600000,1613534446757638177,0,0,0,0
normal,264,replace-edit-remove-insert,4096,rust-btree-map,1,0,2,64,189413000,1613534446757638177,0,0,0,0
normal,264,replace-edit-remove-insert,4096,cpp-map,1,0,2,64,128411000,1613534446757638177,0,0,0,0
normal,264,replace-edit-remove-insert,4096,absl-btree-map,1,0,2,64,208840000,1613534446757638177,0,0,0,0
normal,264,replace-edit-remove-insert,4096,whitefoot,1,0,2,64,279040000,1613534446757638177,0,0,0,0
normal,264,replace-edit-remove-insert,4096,direct-c,2,0,2,64,186080000,3515889195455458067,0,0,0,0
normal,264,replace-edit-remove-insert,4096,avl-c,2,0,2,64,157341000,3515889195455458067,0,0,0,0
normal,264,replace-edit-remove-insert,4096,rust-btree-map,2,0,2,64,182382000,3515889195455458067,0,0,0,0
normal,264,replace-edit-remove-insert,4096,cpp-map,2,0,2,64,131490000,3515889195455458067,0,0,0,0
normal,264,replace-edit-remove-insert,4096,absl-btree-map,2,0,2,64,211736000,3515889195455458067,0,0,0,0
normal,264,replace-edit-remove-insert,4096,whitefoot,2,0,2,64,279578000,3515889195455458067,0,0,0,0
normal,264,replace-edit-remove-insert,4096,source-c,2,0,2,64,253090000,3515889195455458067,0,0,0,0
normal,264,replace-edit-remove-insert,4096,avl-c,3,0,2,64,157993000,2511659828698947447,0,0,0,0
normal,264,replace-edit-remove-insert,4096,rust-btree-map,3,0,2,64,182644000,2511659828698947447,0,0,0,0
normal,264,replace-edit-remove-insert,4096,cpp-map,3,0,2,64,128117000,2511659828698947447,0,0,0,0
normal,264,replace-edit-remove-insert,4096,absl-btree-map,3,0,2,64,213088000,2511659828698947447,0,0,0,0
normal,264,replace-edit-remove-insert,4096,whitefoot,3,0,2,64,283307000,2511659828698947447,0,0,0,0
normal,264,replace-edit-remove-insert,4096,source-c,3,0,2,64,253846000,2511659828698947447,0,0,0,0
normal,264,replace-edit-remove-insert,4096,direct-c,3,0,2,64,186113000,2511659828698947447,0,0,0,0
normal,264,replace-edit-remove-insert,4096,rust-btree-map,4,0,2,64,182498000,15906761920030230029,0,0,0,0
normal,264,replace-edit-remove-insert,4096,cpp-map,4,0,2,64,129145000,15906761920030230029,0,0,0,0
normal,264,replace-edit-remove-insert,4096,absl-btree-map,4,0,2,64,210557000,15906761920030230029,0,0,0,0
normal,264,replace-edit-remove-insert,4096,whitefoot,4,0,2,64,281068000,15906761920030230029,0,0,0,0
normal,264,replace-edit-remove-insert,4096,source-c,4,0,2,64,254217000,15906761920030230029,0,0,0,0
normal,264,replace-edit-remove-insert,4096,direct-c,4,0,2,64,185833000,15906761920030230029,0,0,0,0
normal,264,replace-edit-remove-insert,4096,avl-c,4,0,2,64,158190000,15906761920030230029,0,0,0,0
normal,264,replace-edit-remove-insert,4096,cpp-map,5,0,2,64,128117000,148354143472717343,0,0,0,0
normal,264,replace-edit-remove-insert,4096,absl-btree-map,5,0,2,64,211125000,148354143472717343,0,0,0,0
normal,264,replace-edit-remove-insert,4096,whitefoot,5,0,2,64,281843000,148354143472717343,0,0,0,0
normal,264,replace-edit-remove-insert,4096,source-c,5,0,2,64,252940000,148354143472717343,0,0,0,0
normal,264,replace-edit-remove-insert,4096,direct-c,5,0,2,64,186210000,148354143472717343,0,0,0,0
normal,264,replace-edit-remove-insert,4096,avl-c,5,0,2,64,160681000,148354143472717343,0,0,0,0
normal,264,replace-edit-remove-insert,4096,rust-btree-map,5,0,2,64,187490000,148354143472717343,0,0,0,0
normal,264,range-16,8,whitefoot,0,0,1024,64,38312000,10454894394397211393,0,0,0,0
normal,264,range-16,8,source-c,0,0,1024,64,39234000,10454894394397211393,0,0,0,0
normal,264,range-16,8,direct-c,0,0,1024,64,40080000,10454894394397211393,0,0,0,0
normal,264,range-16,8,avl-c,0,0,1024,64,38075000,10454894394397211393,0,0,0,0
normal,264,range-16,8,rust-btree-map,0,0,1024,64,38370000,10454894394397211393,0,0,0,0
normal,264,range-16,8,cpp-map,0,0,1024,64,36273000,10454894394397211393,0,0,0,0
normal,264,range-16,8,absl-btree-map,0,0,1024,64,38742000,10454894394397211393,0,0,0,0
normal,264,range-16,8,source-c,1,0,1024,64,38599000,16142555749248796463,0,0,0,0
normal,264,range-16,8,direct-c,1,0,1024,64,38708000,16142555749248796463,0,0,0,0
normal,264,range-16,8,avl-c,1,0,1024,64,38046000,16142555749248796463,0,0,0,0
normal,264,range-16,8,rust-btree-map,1,0,1024,64,38827000,16142555749248796463,0,0,0,0
normal,264,range-16,8,cpp-map,1,0,1024,64,35955000,16142555749248796463,0,0,0,0
normal,264,range-16,8,absl-btree-map,1,0,1024,64,38661000,16142555749248796463,0,0,0,0
normal,264,range-16,8,whitefoot,1,0,1024,64,39300000,16142555749248796463,0,0,0,0
normal,264,range-16,8,direct-c,2,0,1024,64,37635000,14599596358178069387,0,0,0,0
normal,264,range-16,8,avl-c,2,0,1024,64,36681000,14599596358178069387,0,0,0,0
normal,264,range-16,8,rust-btree-map,2,0,1024,64,37276000,14599596358178069387,0,0,0,0
normal,264,range-16,8,cpp-map,2,0,1024,64,35256000,14599596358178069387,0,0,0,0
normal,264,range-16,8,absl-btree-map,2,0,1024,64,38464000,14599596358178069387,0,0,0,0
normal,264,range-16,8,whitefoot,2,0,1024,64,39370000,14599596358178069387,0,0,0,0
normal,264,range-16,8,source-c,2,0,1024,64,38018000,14599596358178069387,0,0,0,0
normal,264,range-16,8,avl-c,3,0,1024,64,36746000,869537158201919681,0,0,0,0
normal,264,range-16,8,rust-btree-map,3,0,1024,64,37275000,869537158201919681,0,0,0,0
normal,264,range-16,8,cpp-map,3,0,1024,64,35063000,869537158201919681,0,0,0,0
normal,264,range-16,8,absl-btree-map,3,0,1024,64,37916000,869537158201919681,0,0,0,0
normal,264,range-16,8,whitefoot,3,0,1024,64,38719000,869537158201919681,0,0,0,0
normal,264,range-16,8,source-c,3,0,1024,64,39322000,869537158201919681,0,0,0,0
normal,264,range-16,8,direct-c,3,0,1024,64,37695000,869537158201919681,0,0,0,0
normal,264,range-16,8,rust-btree-map,4,0,1024,64,38323000,13716809541218740752,0,0,0,0
normal,264,range-16,8,cpp-map,4,0,1024,64,36461000,13716809541218740752,0,0,0,0
normal,264,range-16,8,absl-btree-map,4,0,1024,64,38138000,13716809541218740752,0,0,0,0
normal,264,range-16,8,whitefoot,4,0,1024,64,38344000,13716809541218740752,0,0,0,0
normal,264,range-16,8,source-c,4,0,1024,64,37836000,13716809541218740752,0,0,0,0
normal,264,range-16,8,direct-c,4,0,1024,64,37541000,13716809541218740752,0,0,0,0
normal,264,range-16,8,avl-c,4,0,1024,64,37058000,13716809541218740752,0,0,0,0
normal,264,range-16,8,cpp-map,5,0,1024,64,35073000,8813170770522661451,0,0,0,0
normal,264,range-16,8,absl-btree-map,5,0,1024,64,37814000,8813170770522661451,0,0,0,0
normal,264,range-16,8,whitefoot,5,0,1024,64,38422000,8813170770522661451,0,0,0,0
normal,264,range-16,8,source-c,5,0,1024,64,37841000,8813170770522661451,0,0,0,0
normal,264,range-16,8,direct-c,5,0,1024,64,37619000,8813170770522661451,0,0,0,0
normal,264,range-16,8,avl-c,5,0,1024,64,37120000,8813170770522661451,0,0,0,0
normal,264,range-16,8,rust-btree-map,5,0,1024,64,37329000,8813170770522661451,0,0,0,0
normal,264,range-16,256,whitefoot,0,0,32,64,142008000,9771770672604403740,0,0,0,0
normal,264,range-16,256,source-c,0,0,32,64,141004000,9771770672604403740,0,0,0,0
normal,264,range-16,256,direct-c,0,0,32,64,135219000,9771770672604403740,0,0,0,0
normal,264,range-16,256,avl-c,0,0,32,64,133929000,9771770672604403740,0,0,0,0
normal,264,range-16,256,rust-btree-map,0,0,32,64,130090000,9771770672604403740,0,0,0,0
normal,264,range-16,256,cpp-map,0,0,32,64,123875000,9771770672604403740,0,0,0,0
normal,264,range-16,256,absl-btree-map,0,0,32,64,136275000,9771770672604403740,0,0,0,0
normal,264,range-16,256,source-c,1,0,32,64,139729000,5783406123312949404,0,0,0,0
normal,264,range-16,256,direct-c,1,0,32,64,135881000,5783406123312949404,0,0,0,0
normal,264,range-16,256,avl-c,1,0,32,64,133499000,5783406123312949404,0,0,0,0
normal,264,range-16,256,rust-btree-map,1,0,32,64,130026000,5783406123312949404,0,0,0,0
normal,264,range-16,256,cpp-map,1,0,32,64,123828000,5783406123312949404,0,0,0,0
normal,264,range-16,256,absl-btree-map,1,0,32,64,136982000,5783406123312949404,0,0,0,0
normal,264,range-16,256,whitefoot,1,0,32,64,140823000,5783406123312949404,0,0,0,0
normal,264,range-16,256,direct-c,2,0,32,64,133959000,2372517088785168632,0,0,0,0
normal,264,range-16,256,avl-c,2,0,32,64,133410000,2372517088785168632,0,0,0,0
normal,264,range-16,256,rust-btree-map,2,0,32,64,130561000,2372517088785168632,0,0,0,0
normal,264,range-16,256,cpp-map,2,0,32,64,123639000,2372517088785168632,0,0,0,0
normal,264,range-16,256,absl-btree-map,2,0,32,64,135985000,2372517088785168632,0,0,0,0
normal,264,range-16,256,whitefoot,2,0,32,64,140450000,2372517088785168632,0,0,0,0
normal,264,range-16,256,source-c,2,0,32,64,141184000,2372517088785168632,0,0,0,0
normal,264,range-16,256,avl-c,3,0,32,64,133475000,7868721774671645668,0,0,0,0
normal,264,range-16,256,rust-btree-map,3,0,32,64,130134000,7868721774671645668,0,0,0,0
normal,264,range-16,256,cpp-map,3,0,32,64,123991000,7868721774671645668,0,0,0,0
normal,264,range-16,256,absl-btree-map,3,0,32,64,137043000,7868721774671645668,0,0,0,0
normal,264,range-16,256,whitefoot,3,0,32,64,141489000,7868721774671645668,0,0,0,0
normal,264,range-16,256,source-c,3,0,32,64,142598000,7868721774671645668,0,0,0,0
normal,264,range-16,256,direct-c,3,0,32,64,135256000,7868721774671645668,0,0,0,0
normal,264,range-16,256,rust-btree-map,4,0,32,64,134815000,6395273811152346309,0,0,0,0
normal,264,range-16,256,cpp-map,4,0,32,64,126942000,6395273811152346309,0,0,0,0
normal,264,range-16,256,absl-btree-map,4,0,32,64,139686000,6395273811152346309,0,0,0,0
normal,264,range-16,256,whitefoot,4,0,32,64,143974000,6395273811152346309,0,0,0,0
normal,264,range-16,256,source-c,4,0,32,64,140143000,6395273811152346309,0,0,0,0
normal,264,range-16,256,direct-c,4,0,32,64,136313000,6395273811152346309,0,0,0,0
normal,264,range-16,256,avl-c,4,0,32,64,134308000,6395273811152346309,0,0,0,0
normal,264,range-16,256,cpp-map,5,0,32,64,124053000,12286306296152728328,0,0,0,0
normal,264,range-16,256,absl-btree-map,5,0,32,64,135925000,12286306296152728328,0,0,0,0
normal,264,range-16,256,whitefoot,5,0,32,64,140314000,12286306296152728328,0,0,0,0
normal,264,range-16,256,source-c,5,0,32,64,139750000,12286306296152728328,0,0,0,0
normal,264,range-16,256,direct-c,5,0,32,64,137931000,12286306296152728328,0,0,0,0
normal,264,range-16,256,avl-c,5,0,32,64,134668000,12286306296152728328,0,0,0,0
normal,264,range-16,256,rust-btree-map,5,0,32,64,129596000,12286306296152728328,0,0,0,0
normal,264,range-16,4096,whitefoot,0,0,2,64,214194000,18250043195190621931,0,0,0,0
normal,264,range-16,4096,source-c,0,0,2,64,213175000,18250043195190621931,0,0,0,0
normal,264,range-16,4096,direct-c,0,0,2,64,192178000,18250043195190621931,0,0,0,0
normal,264,range-16,4096,avl-c,0,0,2,64,197780000,18250043195190621931,0,0,0,0
normal,264,range-16,4096,rust-btree-map,0,0,2,64,199689000,18250043195190621931,0,0,0,0
normal,264,range-16,4096,cpp-map,0,0,2,64,191902000,18250043195190621931,0,0,0,0
normal,264,range-16,4096,absl-btree-map,0,0,2,64,226972000,18250043195190621931,0,0,0,0
normal,264,range-16,4096,source-c,1,0,2,64,210521000,9506518637761144695,0,0,0,0
normal,264,range-16,4096,direct-c,1,0,2,64,192091000,9506518637761144695,0,0,0,0
normal,264,range-16,4096,avl-c,1,0,2,64,197456000,9506518637761144695,0,0,0,0
normal,264,range-16,4096,rust-btree-map,1,0,2,64,202584000,9506518637761144695,0,0,0,0
normal,264,range-16,4096,cpp-map,1,0,2,64,190139000,9506518637761144695,0,0,0,0
normal,264,range-16,4096,absl-btree-map,1,0,2,64,226986000,9506518637761144695,0,0,0,0
normal,264,range-16,4096,whitefoot,1,0,2,64,214318000,9506518637761144695,0,0,0,0
normal,264,range-16,4096,direct-c,2,0,2,64,194678000,4923863984560818635,0,0,0,0
normal,264,range-16,4096,avl-c,2,0,2,64,201500000,4923863984560818635,0,0,0,0
normal,264,range-16,4096,rust-btree-map,2,0,2,64,198238000,4923863984560818635,0,0,0,0
normal,264,range-16,4096,cpp-map,2,0,2,64,189511000,4923863984560818635,0,0,0,0
normal,264,range-16,4096,absl-btree-map,2,0,2,64,225739000,4923863984560818635,0,0,0,0
normal,264,range-16,4096,whitefoot,2,0,2,64,217357000,4923863984560818635,0,0,0,0
normal,264,range-16,4096,source-c,2,0,2,64,209783000,4923863984560818635,0,0,0,0
normal,264,range-16,4096,avl-c,3,0,2,64,197312000,4765934281346948831,0,0,0,0
normal,264,range-16,4096,rust-btree-map,3,0,2,64,197120000,4765934281346948831,0,0,0,0
normal,264,range-16,4096,cpp-map,3,0,2,64,192960000,4765934281346948831,0,0,0,0
normal,264,range-16,4096,absl-btree-map,3,0,2,64,224453000,4765934281346948831,0,0,0,0
normal,264,range-16,4096,whitefoot,3,0,2,64,216027000,4765934281346948831,0,0,0,0
normal,264,range-16,4096,source-c,3,0,2,64,209312000,4765934281346948831,0,0,0,0
normal,264,range-16,4096,direct-c,3,0,2,64,194439000,4765934281346948831,0,0,0,0
normal,264,range-16,4096,rust-btree-map,4,0,2,64,198566000,9399511896882792773,0,0,0,0
normal,264,range-16,4096,cpp-map,4,0,2,64,194527000,9399511896882792773,0,0,0,0
normal,264,range-16,4096,absl-btree-map,4,0,2,64,225784000,9399511896882792773,0,0,0,0
normal,264,range-16,4096,whitefoot,4,0,2,64,218329000,9399511896882792773,0,0,0,0
normal,264,range-16,4096,source-c,4,0,2,64,211895000,9399511896882792773,0,0,0,0
normal,264,range-16,4096,direct-c,4,0,2,64,192111000,9399511896882792773,0,0,0,0
normal,264,range-16,4096,avl-c,4,0,2,64,198785000,9399511896882792773,0,0,0,0
normal,264,range-16,4096,cpp-map,5,0,2,64,192402000,13054319203320571253,0,0,0,0
normal,264,range-16,4096,absl-btree-map,5,0,2,64,224833000,13054319203320571253,0,0,0,0
normal,264,range-16,4096,whitefoot,5,0,2,64,213663000,13054319203320571253,0,0,0,0
normal,264,range-16,4096,source-c,5,0,2,64,210925000,13054319203320571253,0,0,0,0
normal,264,range-16,4096,direct-c,5,0,2,64,192890000,13054319203320571253,0,0,0,0
normal,264,range-16,4096,avl-c,5,0,2,64,199862000,13054319203320571253,0,0,0,0
normal,264,range-16,4096,rust-btree-map,5,0,2,64,197502000,13054319203320571253,0,0,0,0
normal,264,replace-only,8,whitefoot,0,0,1024,64,20278000,14287150813521129440,0,0,0,0
normal,264,replace-only,8,source-c,0,0,1024,64,12526000,14287150813521129440,0,0,0,0
normal,264,replace-only,8,direct-c,0,0,1024,64,15700000,14287150813521129440,0,0,0,0
normal,264,replace-only,8,avl-c,0,0,1024,64,14383000,14287150813521129440,0,0,0,0
normal,264,replace-only,8,rust-btree-map,0,0,1024,64,12436000,14287150813521129440,0,0,0,0
normal,264,replace-only,8,cpp-map,0,0,1024,64,18310000,14287150813521129440,0,0,0,0
normal,264,replace-only,8,absl-btree-map,0,0,1024,64,15316000,14287150813521129440,0,0,0,0
normal,264,replace-only,8,source-c,1,0,1024,64,12473000,702076890288417158,0,0,0,0
normal,264,replace-only,8,direct-c,1,0,1024,64,15761000,702076890288417158,0,0,0,0
normal,264,replace-only,8,avl-c,1,0,1024,64,14329000,702076890288417158,0,0,0,0
normal,264,replace-only,8,rust-btree-map,1,0,1024,64,11950000,702076890288417158,0,0,0,0
normal,264,replace-only,8,cpp-map,1,0,1024,64,18022000,702076890288417158,0,0,0,0
normal,264,replace-only,8,absl-btree-map,1,0,1024,64,15567000,702076890288417158,0,0,0,0
normal,264,replace-only,8,whitefoot,1,0,1024,64,20757000,702076890288417158,0,0,0,0
normal,264,replace-only,8,direct-c,2,0,1024,64,15693000,15906499851270552200,0,0,0,0
normal,264,replace-only,8,avl-c,2,0,1024,64,14450000,15906499851270552200,0,0,0,0
normal,264,replace-only,8,rust-btree-map,2,0,1024,64,11957000,15906499851270552200,0,0,0,0
normal,264,replace-only,8,cpp-map,2,0,1024,64,18031000,15906499851270552200,0,0,0,0
normal,264,replace-only,8,absl-btree-map,2,0,1024,64,15412000,15906499851270552200,0,0,0,0
normal,264,replace-only,8,whitefoot,2,0,1024,64,20305000,15906499851270552200,0,0,0,0
normal,264,replace-only,8,source-c,2,0,1024,64,12532000,15906499851270552200,0,0,0,0
normal,264,replace-only,8,avl-c,3,0,1024,64,14402000,6881282814483963799,0,0,0,0
normal,264,replace-only,8,rust-btree-map,3,0,1024,64,12261000,6881282814483963799,0,0,0,0
normal,264,replace-only,8,cpp-map,3,0,1024,64,18508000,6881282814483963799,0,0,0,0
normal,264,replace-only,8,absl-btree-map,3,0,1024,64,15352000,6881282814483963799,0,0,0,0
normal,264,replace-only,8,whitefoot,3,0,1024,64,20305000,6881282814483963799,0,0,0,0
normal,264,replace-only,8,source-c,3,0,1024,64,12479000,6881282814483963799,0,0,0,0
normal,264,replace-only,8,direct-c,3,0,1024,64,15707000,6881282814483963799,0,0,0,0
normal,264,replace-only,8,rust-btree-map,4,0,1024,64,11864000,5788797778471989715,0,0,0,0
normal,264,replace-only,8,cpp-map,4,0,1024,64,18180000,5788797778471989715,0,0,0,0
normal,264,replace-only,8,absl-btree-map,4,0,1024,64,16051000,5788797778471989715,0,0,0,0
normal,264,replace-only,8,whitefoot,4,0,1024,64,20483000,5788797778471989715,0,0,0,0
normal,264,replace-only,8,source-c,4,0,1024,64,12804000,5788797778471989715,0,0,0,0
normal,264,replace-only,8,direct-c,4,0,1024,64,16052000,5788797778471989715,0,0,0,0
normal,264,replace-only,8,avl-c,4,0,1024,64,14882000,5788797778471989715,0,0,0,0
normal,264,replace-only,8,cpp-map,5,0,1024,64,18879000,11038019660138901035,0,0,0,0
normal,264,replace-only,8,absl-btree-map,5,0,1024,64,15858000,11038019660138901035,0,0,0,0
normal,264,replace-only,8,whitefoot,5,0,1024,64,20483000,11038019660138901035,0,0,0,0
normal,264,replace-only,8,source-c,5,0,1024,64,12447000,11038019660138901035,0,0,0,0
normal,264,replace-only,8,direct-c,5,0,1024,64,15841000,11038019660138901035,0,0,0,0
normal,264,replace-only,8,avl-c,5,0,1024,64,14349000,11038019660138901035,0,0,0,0
normal,264,replace-only,8,rust-btree-map,5,0,1024,64,11864000,11038019660138901035,0,0,0,0
normal,264,replace-only,256,whitefoot,0,0,32,64,23051000,8908833014335298010,0,0,0,0
normal,264,replace-only,256,source-c,0,0,32,64,16446000,8908833014335298010,0,0,0,0
normal,264,replace-only,256,direct-c,0,0,32,64,18573000,8908833014335298010,0,0,0,0
normal,264,replace-only,256,avl-c,0,0,32,64,25481000,8908833014335298010,0,0,0,0
normal,264,replace-only,256,rust-btree-map,0,0,32,64,15015000,8908833014335298010,0,0,0,0
normal,264,replace-only,256,cpp-map,0,0,32,64,19059000,8908833014335298010,0,0,0,0
normal,264,replace-only,256,absl-btree-map,0,0,32,64,16921000,8908833014335298010,0,0,0,0
normal,264,replace-only,256,source-c,1,0,32,64,16424000,3420800666641726507,0,0,0,0
normal,264,replace-only,256,direct-c,1,0,32,64,18570000,3420800666641726507,0,0,0,0
normal,264,replace-only,256,avl-c,1,0,32,64,25457000,3420800666641726507,0,0,0,0
normal,264,replace-only,256,rust-btree-map,1,0,32,64,15037000,3420800666641726507,0,0,0,0
normal,264,replace-only,256,cpp-map,1,0,32,64,19084000,3420800666641726507,0,0,0,0
normal,264,replace-only,256,absl-btree-map,1,0,32,64,16877000,3420800666641726507,0,0,0,0
normal,264,replace-only,256,whitefoot,1,0,32,64,23142000,3420800666641726507,0,0,0,0
normal,264,replace-only,256,direct-c,2,0,32,64,18520000,8180105495069198545,0,0,0,0
normal,264,replace-only,256,avl-c,2,0,32,64,25541000,8180105495069198545,0,0,0,0
normal,264,replace-only,256,rust-btree-map,2,0,32,64,14912000,8180105495069198545,0,0,0,0
normal,264,replace-only,256,cpp-map,2,0,32,64,19079000,8180105495069198545,0,0,0,0
normal,264,replace-only,256,absl-btree-map,2,0,32,64,16932000,8180105495069198545,0,0,0,0
normal,264,replace-only,256,whitefoot,2,0,32,64,22993000,8180105495069198545,0,0,0,0
normal,264,replace-only,256,source-c,2,0,32,64,17337000,8180105495069198545,0,0,0,0
normal,264,replace-only,256,avl-c,3,0,32,64,25483000,5350626479576479591,0,0,0,0
normal,264,replace-only,256,rust-btree-map,3,0,32,64,15044000,5350626479576479591,0,0,0,0
normal,264,replace-only,256,cpp-map,3,0,32,64,19121000,5350626479576479591,0,0,0,0
normal,264,replace-only,256,absl-btree-map,3,0,32,64,16896000,5350626479576479591,0,0,0,0
normal,264,replace-only,256,whitefoot,3,0,32,64,22938000,5350626479576479591,0,0,0,0
normal,264,replace-only,256,source-c,3,0,32,64,16534000,5350626479576479591,0,0,0,0
normal,264,replace-only,256,direct-c,3,0,32,64,18582000,5350626479576479591,0,0,0,0
normal,264,replace-only,256,rust-btree-map,4,0,32,64,14967000,6831523071117540389,0,0,0,0
normal,264,replace-only,256,cpp-map,4,0,32,64,18978000,6831523071117540389,0,0,0,0
normal,264,replace-only,256,absl-btree-map,4,0,32,64,16869000,6831523071117540389,0,0,0,0
normal,264,replace-only,256,whitefoot,4,0,32,64,23282000,6831523071117540389,0,0,0,0
normal,264,replace-only,256,source-c,4,0,32,64,16748000,6831523071117540389,0,0,0,0
normal,264,replace-only,256,direct-c,4,0,32,64,18597000,6831523071117540389,0,0,0,0
normal,264,replace-only,256,avl-c,4,0,32,64,26883000,6831523071117540389,0,0,0,0
normal,264,replace-only,256,cpp-map,5,0,32,64,19731000,7094912033617603462,0,0,0,0
normal,264,replace-only,256,absl-btree-map,5,0,32,64,16926000,7094912033617603462,0,0,0,0
normal,264,replace-only,256,whitefoot,5,0,32,64,22923000,7094912033617603462,0,0,0,0
normal,264,replace-only,256,source-c,5,0,32,64,16565000,7094912033617603462,0,0,0,0
normal,264,replace-only,256,direct-c,5,0,32,64,18565000,7094912033617603462,0,0,0,0
normal,264,replace-only,256,avl-c,5,0,32,64,25682000,7094912033617603462,0,0,0,0
normal,264,replace-only,256,rust-btree-map,5,0,32,64,15081000,7094912033617603462,0,0,0,0
normal,264,replace-only,4096,whitefoot,0,0,2,64,86965000,4669696948611520956,0,0,0,0
normal,264,replace-only,4096,source-c,0,0,2,64,82244000,4669696948611520956,0,0,0,0
normal,264,replace-only,4096,direct-c,0,0,2,64,70311000,4669696948611520956,0,0,0,0
normal,264,replace-only,4096,avl-c,0,0,2,64,75653000,4669696948611520956,0,0,0,0
normal,264,replace-only,4096,rust-btree-map,0,0,2,64,68492000,4669696948611520956,0,0,0,0
normal,264,replace-only,4096,cpp-map,0,0,2,64,73147000,4669696948611520956,0,0,0,0
normal,264,replace-only,4096,absl-btree-map,0,0,2,64,88112000,4669696948611520956,0,0,0,0
normal,264,replace-only,4096,source-c,1,0,2,64,85687000,5506325030156129665,0,0,0,0
normal,264,replace-only,4096,direct-c,1,0,2,64,71957000,5506325030156129665,0,0,0,0
normal,264,replace-only,4096,avl-c,1,0,2,64,74459000,5506325030156129665,0,0,0,0
normal,264,replace-only,4096,rust-btree-map,1,0,2,64,68900000,5506325030156129665,0,0,0,0
normal,264,replace-only,4096,cpp-map,1,0,2,64,73442000,5506325030156129665,0,0,0,0
normal,264,replace-only,4096,absl-btree-map,1,0,2,64,94441000,5506325030156129665,0,0,0,0
normal,264,replace-only,4096,whitefoot,1,0,2,64,88284000,5506325030156129665,0,0,0,0
normal,264,replace-only,4096,direct-c,2,0,2,64,72132000,16205872208552686073,0,0,0,0
normal,264,replace-only,4096,avl-c,2,0,2,64,75907000,16205872208552686073,0,0,0,0
normal,264,replace-only,4096,rust-btree-map,2,0,2,64,68447000,16205872208552686073,0,0,0,0
normal,264,replace-only,4096,cpp-map,2,0,2,64,73333000,16205872208552686073,0,0,0,0
normal,264,replace-only,4096,absl-btree-map,2,0,2,64,88910000,16205872208552686073,0,0,0,0
normal,264,replace-only,4096,whitefoot,2,0,2,64,86981000,16205872208552686073,0,0,0,0
normal,264,replace-only,4096,source-c,2,0,2,64,85969000,16205872208552686073,0,0,0,0
normal,264,replace-only,4096,avl-c,3,0,2,64,75241000,4546454774748244994,0,0,0,0
normal,264,replace-only,4096,rust-btree-map,3,0,2,64,68470000,4546454774748244994,0,0,0,0
normal,264,replace-only,4096,cpp-map,3,0,2,64,73498000,4546454774748244994,0,0,0,0
normal,264,replace-only,4096,absl-btree-map,3,0,2,64,88602000,4546454774748244994,0,0,0,0
normal,264,replace-only,4096,whitefoot,3,0,2,64,86826000,4546454774748244994,0,0,0,0
normal,264,replace-only,4096,source-c,3,0,2,64,82120000,4546454774748244994,0,0,0,0
normal,264,replace-only,4096,direct-c,3,0,2,64,70152000,4546454774748244994,0,0,0,0
normal,264,replace-only,4096,rust-btree-map,4,0,2,64,68775000,11254234394159105313,0,0,0,0
normal,264,replace-only,4096,cpp-map,4,0,2,64,73043000,11254234394159105313,0,0,0,0
normal,264,replace-only,4096,absl-btree-map,4,0,2,64,92347000,11254234394159105313,0,0,0,0
normal,264,replace-only,4096,whitefoot,4,0,2,64,88272000,11254234394159105313,0,0,0,0
normal,264,replace-only,4096,source-c,4,0,2,64,82972000,11254234394159105313,0,0,0,0
normal,264,replace-only,4096,direct-c,4,0,2,64,70189000,11254234394159105313,0,0,0,0
normal,264,replace-only,4096,avl-c,4,0,2,64,75162000,11254234394159105313,0,0,0,0
normal,264,replace-only,4096,cpp-map,5,0,2,64,73201000,11806765013238218578,0,0,0,0
normal,264,replace-only,4096,absl-btree-map,5,0,2,64,88973000,11806765013238218578,0,0,0,0
normal,264,replace-only,4096,whitefoot,5,0,2,64,86958000,11806765013238218578,0,0,0,0
normal,264,replace-only,4096,source-c,5,0,2,64,82194000,11806765013238218578,0,0,0,0
normal,264,replace-only,4096,direct-c,5,0,2,64,70264000,11806765013238218578,0,0,0,0
normal,264,replace-only,4096,avl-c,5,0,2,64,74858000,11806765013238218578,0,0,0,0
normal,264,replace-only,4096,rust-btree-map,5,0,2,64,70503000,11806765013238218578,0,0,0,0
normal,16,build-cleanup,8,absl-btree-map,0,1,0,32768,5634000,6849720929101567961,0,0,0,0
normal,16,build-cleanup,8,cpp-map,0,1,0,32768,8386000,6849720929101567961,0,0,0,0
normal,16,build-cleanup,8,rust-btree-map,0,1,0,32768,3899000,6849720929101567961,0,0,0,0
normal,16,build-cleanup,8,avl-c,0,1,0,32768,7523000,6849720929101567961,0,0,0,0
normal,16,build-cleanup,8,direct-c,0,1,0,32768,3110000,6849720929101567961,0,0,0,0
normal,16,build-cleanup,8,source-c,0,1,0,32768,4475000,6849720929101567961,0,0,0,0
normal,16,build-cleanup,8,whitefoot,0,1,0,32768,4337000,6849720929101567961,0,0,0,0
normal,16,build-cleanup,8,cpp-map,1,1,0,32768,8024000,17484069816043865054,0,0,0,0
normal,16,build-cleanup,8,rust-btree-map,1,1,0,32768,3892000,17484069816043865054,0,0,0,0
normal,16,build-cleanup,8,avl-c,1,1,0,32768,7534000,17484069816043865054,0,0,0,0
normal,16,build-cleanup,8,direct-c,1,1,0,32768,3103000,17484069816043865054,0,0,0,0
normal,16,build-cleanup,8,source-c,1,1,0,32768,4462000,17484069816043865054,0,0,0,0
normal,16,build-cleanup,8,whitefoot,1,1,0,32768,4346000,17484069816043865054,0,0,0,0
normal,16,build-cleanup,8,absl-btree-map,1,1,0,32768,4742000,17484069816043865054,0,0,0,0
normal,16,build-cleanup,8,rust-btree-map,2,1,0,32768,3780000,14012510134856559248,0,0,0,0
normal,16,build-cleanup,8,avl-c,2,1,0,32768,7454000,14012510134856559248,0,0,0,0
normal,16,build-cleanup,8,direct-c,2,1,0,32768,3169000,14012510134856559248,0,0,0,0
normal,16,build-cleanup,8,source-c,2,1,0,32768,4473000,14012510134856559248,0,0,0,0
normal,16,build-cleanup,8,whitefoot,2,1,0,32768,4326000,14012510134856559248,0,0,0,0
normal,16,build-cleanup,8,absl-btree-map,2,1,0,32768,4674000,14012510134856559248,0,0,0,0
normal,16,build-cleanup,8,cpp-map,2,1,0,32768,8065000,14012510134856559248,0,0,0,0
normal,16,build-cleanup,8,avl-c,3,1,0,32768,7438000,1508741671537269472,0,0,0,0
normal,16,build-cleanup,8,direct-c,3,1,0,32768,3155000,1508741671537269472,0,0,0,0
normal,16,build-cleanup,8,source-c,3,1,0,32768,4465000,1508741671537269472,0,0,0,0
normal,16,build-cleanup,8,whitefoot,3,1,0,32768,4326000,1508741671537269472,0,0,0,0
normal,16,build-cleanup,8,absl-btree-map,3,1,0,32768,4664000,1508741671537269472,0,0,0,0
normal,16,build-cleanup,8,cpp-map,3,1,0,32768,8083000,1508741671537269472,0,0,0,0
normal,16,build-cleanup,8,rust-btree-map,3,1,0,32768,3785000,1508741671537269472,0,0,0,0
normal,16,build-cleanup,8,direct-c,4,1,0,32768,3096000,4420214495421399194,0,0,0,0
normal,16,build-cleanup,8,source-c,4,1,0,32768,4544000,4420214495421399194,0,0,0,0
normal,16,build-cleanup,8,whitefoot,4,1,0,32768,4317000,4420214495421399194,0,0,0,0
normal,16,build-cleanup,8,absl-btree-map,4,1,0,32768,4632000,4420214495421399194,0,0,0,0
normal,16,build-cleanup,8,cpp-map,4,1,0,32768,7904000,4420214495421399194,0,0,0,0
normal,16,build-cleanup,8,rust-btree-map,4,1,0,32768,4058000,4420214495421399194,0,0,0,0
normal,16,build-cleanup,8,avl-c,4,1,0,32768,7722000,4420214495421399194,0,0,0,0
normal,16,build-cleanup,8,source-c,5,1,0,32768,4689000,10324764268321666758,0,0,0,0
normal,16,build-cleanup,8,whitefoot,5,1,0,32768,4469000,10324764268321666758,0,0,0,0
normal,16,build-cleanup,8,absl-btree-map,5,1,0,32768,4795000,10324764268321666758,0,0,0,0
normal,16,build-cleanup,8,cpp-map,5,1,0,32768,8242000,10324764268321666758,0,0,0,0
normal,16,build-cleanup,8,rust-btree-map,5,1,0,32768,3929000,10324764268321666758,0,0,0,0
normal,16,build-cleanup,8,avl-c,5,1,0,32768,7663000,10324764268321666758,0,0,0,0
normal,16,build-cleanup,8,direct-c,5,1,0,32768,3228000,10324764268321666758,0,0,0,0
normal,16,build-cleanup,256,absl-btree-map,0,1,0,1024,5629000,11013625039375809593,0,0,0,0
normal,16,build-cleanup,256,cpp-map,0,1,0,1024,9814000,11013625039375809593,0,0,0,0
normal,16,build-cleanup,256,rust-btree-map,0,1,0,1024,7762000,11013625039375809593,0,0,0,0
normal,16,build-cleanup,256,avl-c,0,1,0,1024,11817000,11013625039375809593,0,0,0,0
normal,16,build-cleanup,256,direct-c,0,1,0,1024,5657000,11013625039375809593,0,0,0,0
normal,16,build-cleanup,256,source-c,0,1,0,1024,9136000,11013625039375809593,0,0,0,0
normal,16,build-cleanup,256,whitefoot,0,1,0,1024,9254000,11013625039375809593,0,0,0,0
normal,16,build-cleanup,256,cpp-map,1,1,0,1024,9429000,15053961420106435164,0,0,0,0
normal,16,build-cleanup,256,rust-btree-map,1,1,0,1024,7504000,15053961420106435164,0,0,0,0
normal,16,build-cleanup,256,avl-c,1,1,0,1024,12082000,15053961420106435164,0,0,0,0
normal,16,build-cleanup,256,direct-c,1,1,0,1024,5555000,15053961420106435164,0,0,0,0
normal,16,build-cleanup,256,source-c,1,1,0,1024,8881000,15053961420106435164,0,0,0,0
normal,16,build-cleanup,256,whitefoot,1,1,0,1024,8733000,15053961420106435164,0,0,0,0
normal,16,build-cleanup,256,absl-btree-map,1,1,0,1024,5532000,15053961420106435164,0,0,0,0
normal,16,build-cleanup,256,rust-btree-map,2,1,0,1024,7529000,16429259055641363798,0,0,0,0
normal,16,build-cleanup,256,avl-c,2,1,0,1024,11954000,16429259055641363798,0,0,0,0
normal,16,build-cleanup,256,direct-c,2,1,0,1024,5640000,16429259055641363798,0,0,0,0
normal,16,build-cleanup,256,source-c,2,1,0,1024,8827000,16429259055641363798,0,0,0,0
normal,16,build-cleanup,256,whitefoot,2,1,0,1024,8650000,16429259055641363798,0,0,0,0
normal,16,build-cleanup,256,absl-btree-map,2,1,0,1024,5499000,16429259055641363798,0,0,0,0
normal,16,build-cleanup,256,cpp-map,2,1,0,1024,9449000,16429259055641363798,0,0,0,0
normal,16,build-cleanup,256,avl-c,3,1,0,1024,11911000,5173250294674526306,0,0,0,0
normal,16,build-cleanup,256,direct-c,3,1,0,1024,5591000,5173250294674526306,0,0,0,0
normal,16,build-cleanup,256,source-c,3,1,0,1024,8917000,5173250294674526306,0,0,0,0
normal,16,build-cleanup,256,whitefoot,3,1,0,1024,8645000,5173250294674526306,0,0,0,0
normal,16,build-cleanup,256,absl-btree-map,3,1,0,1024,5474000,5173250294674526306,0,0,0,0
normal,16,build-cleanup,256,cpp-map,3,1,0,1024,9470000,5173250294674526306,0,0,0,0
normal,16,build-cleanup,256,rust-btree-map,3,1,0,1024,7672000,5173250294674526306,0,0,0,0
normal,16,build-cleanup,256,direct-c,4,1,0,1024,5535000,12502284741807326751,0,0,0,0
normal,16,build-cleanup,256,source-c,4,1,0,1024,8652000,12502284741807326751,0,0,0,0
normal,16,build-cleanup,256,whitefoot,4,1,0,1024,8633000,12502284741807326751,0,0,0,0
normal,16,build-cleanup,256,absl-btree-map,4,1,0,1024,5437000,12502284741807326751,0,0,0,0
normal,16,build-cleanup,256,cpp-map,4,1,0,1024,9449000,12502284741807326751,0,0,0,0
normal,16,build-cleanup,256,rust-btree-map,4,1,0,1024,7189000,12502284741807326751,0,0,0,0
normal,16,build-cleanup,256,avl-c,4,1,0,1024,11810000,12502284741807326751,0,0,0,0
normal,16,build-cleanup,256,source-c,5,1,0,1024,8880000,7741357206570794833,0,0,0,0
normal,16,build-cleanup,256,whitefoot,5,1,0,1024,8901000,7741357206570794833,0,0,0,0
normal,16,build-cleanup,256,absl-btree-map,5,1,0,1024,5566000,7741357206570794833,0,0,0,0
normal,16,build-cleanup,256,cpp-map,5,1,0,1024,9607000,7741357206570794833,0,0,0,0
normal,16,build-cleanup,256,rust-btree-map,5,1,0,1024,7136000,7741357206570794833,0,0,0,0
normal,16,build-cleanup,256,avl-c,5,1,0,1024,11866000,7741357206570794833,0,0,0,0
normal,16,build-cleanup,256,direct-c,5,1,0,1024,5586000,7741357206570794833,0,0,0,0
normal,16,build-cleanup,4096,absl-btree-map,0,1,0,64,15667000,7431128649587285305,0,0,0,0
normal,16,build-cleanup,4096,cpp-map,0,1,0,64,18237000,7431128649587285305,0,0,0,0
normal,16,build-cleanup,4096,rust-btree-map,0,1,0,64,17377000,7431128649587285305,0,0,0,0
normal,16,build-cleanup,4096,avl-c,0,1,0,64,18469000,7431128649587285305,0,0,0,0
normal,16,build-cleanup,4096,direct-c,0,1,0,64,18048000,7431128649587285305,0,0,0,0
normal,16,build-cleanup,4096,source-c,0,1,0,64,21786000,7431128649587285305,0,0,0,0
normal,16,build-cleanup,4096,whitefoot,0,1,0,64,20889000,7431128649587285305,0,0,0,0
normal,16,build-cleanup,4096,cpp-map,1,1,0,64,18293000,6137889413006515808,0,0,0,0
normal,16,build-cleanup,4096,rust-btree-map,1,1,0,64,17173000,6137889413006515808,0,0,0,0
normal,16,build-cleanup,4096,avl-c,1,1,0,64,18753000,6137889413006515808,0,0,0,0
normal,16,build-cleanup,4096,direct-c,1,1,0,64,17988000,6137889413006515808,0,0,0,0
normal,16,build-cleanup,4096,source-c,1,1,0,64,21945000,6137889413006515808,0,0,0,0
normal,16,build-cleanup,4096,whitefoot,1,1,0,64,19906000,6137889413006515808,0,0,0,0
normal,16,build-cleanup,4096,absl-btree-map,1,1,0,64,14998000,6137889413006515808,0,0,0,0
normal,16,build-cleanup,4096,rust-btree-map,2,1,0,64,17532000,14663390403239075653,0,0,0,0
normal,16,build-cleanup,4096,avl-c,2,1,0,64,18592000,14663390403239075653,0,0,0,0
normal,16,build-cleanup,4096,direct-c,2,1,0,64,17856000,14663390403239075653,0,0,0,0
normal,16,build-cleanup,4096,source-c,2,1,0,64,21936000,14663390403239075653,0,0,0,0
normal,16,build-cleanup,4096,whitefoot,2,1,0,64,20070000,14663390403239075653,0,0,0,0
normal,16,build-cleanup,4096,absl-btree-map,2,1,0,64,14955000,14663390403239075653,0,0,0,0
normal,16,build-cleanup,4096,cpp-map,2,1,0,64,18246000,14663390403239075653,0,0,0,0
normal,16,build-cleanup,4096,avl-c,3,1,0,64,18771000,11530284332928067575,0,0,0,0
normal,16,build-cleanup,4096,direct-c,3,1,0,64,18004000,11530284332928067575,0,0,0,0
normal,16,build-cleanup,4096,source-c,3,1,0,64,21870000,11530284332928067575,0,0,0,0
normal,16,build-cleanup,4096,whitefoot,3,1,0,64,20097000,11530284332928067575,0,0,0,0
normal,16,build-cleanup,4096,absl-btree-map,3,1,0,64,15019000,11530284332928067575,0,0,0,0
normal,16,build-cleanup,4096,cpp-map,3,1,0,64,18170000,11530284332928067575,0,0,0,0
normal,16,build-cleanup,4096,rust-btree-map,3,1,0,64,17403000,11530284332928067575,0,0,0,0
normal,16,build-cleanup,4096,direct-c,4,1,0,64,17905000,5322748425621117260,0,0,0,0
normal,16,build-cleanup,4096,source-c,4,1,0,64,21805000,5322748425621117260,0,0,0,0
normal,16,build-cleanup,4096,whitefoot,4,1,0,64,19844000,5322748425621117260,0,0,0,0
normal,16,build-cleanup,4096,absl-btree-map,4,1,0,64,15161000,5322748425621117260,0,0,0,0
normal,16,build-cleanup,4096,cpp-map,4,1,0,64,18200000,5322748425621117260,0,0,0,0
normal,16,build-cleanup,4096,rust-btree-map,4,1,0,64,17318000,5322748425621117260,0,0,0,0
normal,16,build-cleanup,4096,avl-c,4,1,0,64,18738000,5322748425621117260,0,0,0,0
normal,16,build-cleanup,4096,source-c,5,1,0,64,21727000,4272269164200385109,0,0,0,0
normal,16,build-cleanup,4096,whitefoot,5,1,0,64,19774000,4272269164200385109,0,0,0,0
normal,16,build-cleanup,4096,absl-btree-map,5,1,0,64,15203000,4272269164200385109,0,0,0,0
normal,16,build-cleanup,4096,cpp-map,5,1,0,64,18211000,4272269164200385109,0,0,0,0
normal,16,build-cleanup,4096,rust-btree-map,5,1,0,64,17173000,4272269164200385109,0,0,0,0
normal,16,build-cleanup,4096,avl-c,5,1,0,64,18516000,4272269164200385109,0,0,0,0
normal,16,build-cleanup,4096,direct-c,5,1,0,64,18094000,4272269164200385109,0,0,0,0
normal,16,hit-miss,8,absl-btree-map,0,1,1024,64,3333000,8034487115160880622,0,0,0,0
normal,16,hit-miss,8,cpp-map,0,1,1024,64,3073000,8034487115160880622,0,0,0,0
normal,16,hit-miss,8,rust-btree-map,0,1,1024,64,3218000,8034487115160880622,0,0,0,0
normal,16,hit-miss,8,avl-c,0,1,1024,64,1707000,8034487115160880622,0,0,0,0
normal,16,hit-miss,8,direct-c,0,1,1024,64,2977000,8034487115160880622,0,0,0,0
normal,16,hit-miss,8,source-c,0,1,1024,64,5322000,8034487115160880622,0,0,0,0
normal,16,hit-miss,8,whitefoot,0,1,1024,64,5688000,8034487115160880622,0,0,0,0
normal,16,hit-miss,8,cpp-map,1,1,1024,64,3312000,13118977925222619936,0,0,0,0
normal,16,hit-miss,8,rust-btree-map,1,1,1024,64,3359000,13118977925222619936,0,0,0,0
normal,16,hit-miss,8,avl-c,1,1,1024,64,1754000,13118977925222619936,0,0,0,0
normal,16,hit-miss,8,direct-c,1,1,1024,64,3031000,13118977925222619936,0,0,0,0
normal,16,hit-miss,8,source-c,1,1,1024,64,5359000,13118977925222619936,0,0,0,0
normal,16,hit-miss,8,whitefoot,1,1,1024,64,5754000,13118977925222619936,0,0,0,0
normal,16,hit-miss,8,absl-btree-map,1,1,1024,64,3544000,13118977925222619936,0,0,0,0
normal,16,hit-miss,8,rust-btree-map,2,1,1024,64,3270000,17264587201499946224,0,0,0,0
normal,16,hit-miss,8,avl-c,2,1,1024,64,1755000,17264587201499946224,0,0,0,0
normal,16,hit-miss,8,direct-c,2,1,1024,64,3070000,17264587201499946224,0,0,0,0
normal,16,hit-miss,8,source-c,2,1,1024,64,5460000,17264587201499946224,0,0,0,0
normal,16,hit-miss,8,whitefoot,2,1,1024,64,5804000,17264587201499946224,0,0,0,0
normal,16,hit-miss,8,absl-btree-map,2,1,1024,64,3429000,17264587201499946224,0,0,0,0
normal,16,hit-miss,8,cpp-map,2,1,1024,64,3227000,17264587201499946224,0,0,0,0
normal,16,hit-miss,8,avl-c,3,1,1024,64,1673000,11264264585823877922,0,0,0,0
normal,16,hit-miss,8,direct-c,3,1,1024,64,2878000,11264264585823877922,0,0,0,0
normal,16,hit-miss,8,source-c,3,1,1024,64,5148000,11264264585823877922,0,0,0,0
normal,16,hit-miss,8,whitefoot,3,1,1024,64,5523000,11264264585823877922,0,0,0,0
normal,16,hit-miss,8,absl-btree-map,3,1,1024,64,3323000,11264264585823877922,0,0,0,0
normal,16,hit-miss,8,cpp-map,3,1,1024,64,3068000,11264264585823877922,0,0,0,0
normal,16,hit-miss,8,rust-btree-map,3,1,1024,64,3105000,11264264585823877922,0,0,0,0
normal,16,hit-miss,8,direct-c,4,1,1024,64,2876000,13252529680170993431,0,0,0,0
normal,16,hit-miss,8,source-c,4,1,1024,64,5116000,13252529680170993431,0,0,0,0
normal,16,hit-miss,8,whitefoot,4,1,1024,64,5454000,13252529680170993431,0,0,0,0
normal,16,hit-miss,8,absl-btree-map,4,1,1024,64,3324000,13252529680170993431,0,0,0,0
normal,16,hit-miss,8,cpp-map,4,1,1024,64,3158000,13252529680170993431,0,0,0,0
normal,16,hit-miss,8,rust-btree-map,4,1,1024,64,3226000,13252529680170993431,0,0,0,0
normal,16,hit-miss,8,avl-c,4,1,1024,64,1719000,13252529680170993431,0,0,0,0
normal,16,hit-miss,8,source-c,5,1,1024,64,5152000,12916513954052557451,0,0,0,0
normal,16,hit-miss,8,whitefoot,5,1,1024,64,5439000,12916513954052557451,0,0,0,0
normal,16,hit-miss,8,absl-btree-map,5,1,1024,64,3405000,12916513954052557451,0,0,0,0
normal,16,hit-miss,8,cpp-map,5,1,1024,64,3100000,12916513954052557451,0,0,0,0
normal,16,hit-miss,8,rust-btree-map,5,1,1024,64,3110000,12916513954052557451,0,0,0,0
normal,16,hit-miss,8,avl-c,5,1,1024,64,1646000,12916513954052557451,0,0,0,0
normal,16,hit-miss,8,direct-c,5,1,1024,64,2954000,12916513954052557451,0,0,0,0
normal,16,hit-miss,256,absl-btree-map,0,1,32,64,9348000,659357870925784830,0,0,0,0
normal,16,hit-miss,256,cpp-map,0,1,32,64,6460000,659357870925784830,0,0,0,0
normal,16,hit-miss,256,rust-btree-map,0,1,32,64,8500000,659357870925784830,0,0,0,0
normal,16,hit-miss,256,avl-c,0,1,32,64,6434000,659357870925784830,0,0,0,0
normal,16,hit-miss,256,direct-c,0,1,32,64,8403000,659357870925784830,0,0,0,0
normal,16,hit-miss,256,source-c,0,1,32,64,13664000,659357870925784830,0,0,0,0
normal,16,hit-miss,256,whitefoot,0,1,32,64,14374000,659357870925784830,0,0,0,0
normal,16,hit-miss,256,cpp-map,1,1,32,64,6573000,13307813763000865802,0,0,0,0
normal,16,hit-miss,256,rust-btree-map,1,1,32,64,8144000,13307813763000865802,0,0,0,0
normal,16,hit-miss,256,avl-c,1,1,32,64,6292000,13307813763000865802,0,0,0,0
normal,16,hit-miss,256,direct-c,1,1,32,64,8573000,13307813763000865802,0,0,0,0
normal,16,hit-miss,256,source-c,1,1,32,64,14411000,13307813763000865802,0,0,0,0
normal,16,hit-miss,256,whitefoot,1,1,32,64,14711000,13307813763000865802,0,0,0,0
normal,16,hit-miss,256,absl-btree-map,1,1,32,64,9259000,13307813763000865802,0,0,0,0
normal,16,hit-miss,256,rust-btree-map,2,1,32,64,7898000,12674987301196740784,0,0,0,0
normal,16,hit-miss,256,avl-c,2,1,32,64,6160000,12674987301196740784,0,0,0,0
normal,16,hit-miss,256,direct-c,2,1,32,64,8194000,12674987301196740784,0,0,0,0
normal,16,hit-miss,256,source-c,2,1,32,64,13837000,12674987301196740784,0,0,0,0
normal,16,hit-miss,256,whitefoot,2,1,32,64,13061000,12674987301196740784,0,0,0,0
normal,16,hit-miss,256,absl-btree-map,2,1,32,64,9119000,12674987301196740784,0,0,0,0
normal,16,hit-miss,256,cpp-map,2,1,32,64,6580000,12674987301196740784,0,0,0,0
normal,16,hit-miss,256,avl-c,3,1,32,64,6111000,9405949653701584947,0,0,0,0
normal,16,hit-miss,256,direct-c,3,1,32,64,8189000,9405949653701584947,0,0,0,0
normal,16,hit-miss,256,source-c,3,1,32,64,13446000,9405949653701584947,0,0,0,0
normal,16,hit-miss,256,whitefoot,3,1,32,64,13469000,9405949653701584947,0,0,0,0
normal,16,hit-miss,256,absl-btree-map,3,1,32,64,9127000,9405949653701584947,0,0,0,0
normal,16,hit-miss,256,cpp-map,3,1,32,64,6381000,9405949653701584947,0,0,0,0
normal,16,hit-miss,256,rust-btree-map,3,1,32,64,7965000,9405949653701584947,0,0,0,0
normal,16,hit-miss,256,direct-c,4,1,32,64,8209000,656654595279940924,0,0,0,0
normal,16,hit-miss,256,source-c,4,1,32,64,13942000,656654595279940924,0,0,0,0
normal,16,hit-miss,256,whitefoot,4,1,32,64,13200000,656654595279940924,0,0,0,0
normal,16,hit-miss,256,absl-btree-map,4,1,32,64,9420000,656654595279940924,0,0,0,0
normal,16,hit-miss,256,cpp-map,4,1,32,64,6367000,656654595279940924,0,0,0,0
normal,16,hit-miss,256,rust-btree-map,4,1,32,64,7961000,656654595279940924,0,0,0,0
normal,16,hit-miss,256,avl-c,4,1,32,64,6161000,656654595279940924,0,0,0,0
normal,16,hit-miss,256,source-c,5,1,32,64,13314000,12949037178327229258,0,0,0,0
normal,16,hit-miss,256,whitefoot,5,1,32,64,13160000,12949037178327229258,0,0,0,0
normal,16,hit-miss,256,absl-btree-map,5,1,32,64,9163000,12949037178327229258,0,0,0,0
normal,16,hit-miss,256,cpp-map,5,1,32,64,6338000,12949037178327229258,0,0,0,0
normal,16,hit-miss,256,rust-btree-map,5,1,32,64,8205000,12949037178327229258,0,0,0,0
normal,16,hit-miss,256,avl-c,5,1,32,64,6193000,12949037178327229258,0,0,0,0
normal,16,hit-miss,256,direct-c,5,1,32,64,8177000,12949037178327229258,0,0,0,0
normal,16,hit-miss,4096,absl-btree-map,0,1,2,64,55656000,8197573062235613894,0,0,0,0
normal,16,hit-miss,4096,cpp-map,0,1,2,64,58525000,8197573062235613894,0,0,0,0
normal,16,hit-miss,4096,rust-btree-map,0,1,2,64,61728000,8197573062235613894,0,0,0,0
normal,16,hit-miss,4096,avl-c,0,1,2,64,29095000,8197573062235613894,0,0,0,0
normal,16,hit-miss,4096,direct-c,0,1,2,64,50255000,8197573062235613894,0,0,0,0
normal,16,hit-miss,4096,source-c,0,1,2,64,61022000,8197573062235613894,0,0,0,0
normal,16,hit-miss,4096,whitefoot,0,1,2,64,59122000,8197573062235613894,0,0,0,0
normal,16,hit-miss,4096,cpp-map,1,1,2,64,58907000,5756549077947648243,0,0,0,0
normal,16,hit-miss,4096,rust-btree-map,1,1,2,64,61405000,5756549077947648243,0,0,0,0
normal,16,hit-miss,4096,avl-c,1,1,2,64,29015000,5756549077947648243,0,0,0,0
normal,16,hit-miss,4096,direct-c,1,1,2,64,50297000,5756549077947648243,0,0,0,0
normal,16,hit-miss,4096,source-c,1,1,2,64,60830000,5756549077947648243,0,0,0,0
normal,16,hit-miss,4096,whitefoot,1,1,2,64,56494000,5756549077947648243,0,0,0,0
normal,16,hit-miss,4096,absl-btree-map,1,1,2,64,55840000,5756549077947648243,0,0,0,0
normal,16,hit-miss,4096,rust-btree-map,2,1,2,64,62159000,9124807087230062883,0,0,0,0
normal,16,hit-miss,4096,avl-c,2,1,2,64,30616000,9124807087230062883,0,0,0,0
normal,16,hit-miss,4096,direct-c,2,1,2,64,50652000,9124807087230062883,0,0,0,0
normal,16,hit-miss,4096,source-c,2,1,2,64,61439000,9124807087230062883,0,0,0,0
normal,16,hit-miss,4096,whitefoot,2,1,2,64,56531000,9124807087230062883,0,0,0,0
normal,16,hit-miss,4096,absl-btree-map,2,1,2,64,55923000,9124807087230062883,0,0,0,0
normal,16,hit-miss,4096,cpp-map,2,1,2,64,59464000,9124807087230062883,0,0,0,0
normal,16,hit-miss,4096,avl-c,3,1,2,64,30022000,12575996493983855181,0,0,0,0
normal,16,hit-miss,4096,direct-c,3,1,2,64,50583000,12575996493983855181,0,0,0,0
normal,16,hit-miss,4096,source-c,3,1,2,64,60807000,12575996493983855181,0,0,0,0
normal,16,hit-miss,4096,whitefoot,3,1,2,64,56504000,12575996493983855181,0,0,0,0
normal,16,hit-miss,4096,absl-btree-map,3,1,2,64,55408000,12575996493983855181,0,0,0,0
normal,16,hit-miss,4096,cpp-map,3,1,2,64,58790000,12575996493983855181,0,0,0,0
normal,16,hit-miss,4096,rust-btree-map,3,1,2,64,61441000,12575996493983855181,0,0,0,0
normal,16,hit-miss,4096,direct-c,4,1,2,64,50230000,14819980433781767019,0,0,0,0
normal,16,hit-miss,4096,source-c,4,1,2,64,60835000,14819980433781767019,0,0,0,0
normal,16,hit-miss,4096,whitefoot,4,1,2,64,56609000,14819980433781767019,0,0,0,0
normal,16,hit-miss,4096,absl-btree-map,4,1,2,64,56077000,14819980433781767019,0,0,0,0
normal,16,hit-miss,4096,cpp-map,4,1,2,64,58344000,14819980433781767019,0,0,0,0
normal,16,hit-miss,4096,rust-btree-map,4,1,2,64,62484000,14819980433781767019,0,0,0,0
normal,16,hit-miss,4096,avl-c,4,1,2,64,28983000,14819980433781767019,0,0,0,0
normal,16,hit-miss,4096,source-c,5,1,2,64,61084000,1647241991530859549,0,0,0,0
normal,16,hit-miss,4096,whitefoot,5,1,2,64,58063000,1647241991530859549,0,0,0,0
normal,16,hit-miss,4096,absl-btree-map,5,1,2,64,55668000,1647241991530859549,0,0,0,0
normal,16,hit-miss,4096,cpp-map,5,1,2,64,59994000,1647241991530859549,0,0,0,0
normal,16,hit-miss,4096,rust-btree-map,5,1,2,64,64915000,1647241991530859549,0,0,0,0
normal,16,hit-miss,4096,avl-c,5,1,2,64,30231000,1647241991530859549,0,0,0,0
normal,16,hit-miss,4096,direct-c,5,1,2,64,53325000,1647241991530859549,0,0,0,0
normal,16,replace-edit-remove-insert,8,absl-btree-map,0,1,1024,64,11145000,7661373783904497615,0,0,0,0
normal,16,replace-edit-remove-insert,8,cpp-map,0,1,1024,64,18744000,7661373783904497615,0,0,0,0
normal,16,replace-edit-remove-insert,8,rust-btree-map,0,1,1024,64,16614000,7661373783904497615,0,0,0,0
normal,16,replace-edit-remove-insert,8,avl-c,0,1,1024,64,21421000,7661373783904497615,0,0,0,0
normal,16,replace-edit-remove-insert,8,direct-c,0,1,1024,64,15287000,7661373783904497615,0,0,0,0
normal,16,replace-edit-remove-insert,8,source-c,0,1,1024,64,14669000,7661373783904497615,0,0,0,0
normal,16,replace-edit-remove-insert,8,whitefoot,0,1,1024,64,13082000,7661373783904497615,0,0,0,0
normal,16,replace-edit-remove-insert,8,cpp-map,1,1,1024,64,18762000,7019661342982476386,0,0,0,0
normal,16,replace-edit-remove-insert,8,rust-btree-map,1,1,1024,64,16495000,7019661342982476386,0,0,0,0
normal,16,replace-edit-remove-insert,8,avl-c,1,1,1024,64,21361000,7019661342982476386,0,0,0,0
normal,16,replace-edit-remove-insert,8,direct-c,1,1,1024,64,14960000,7019661342982476386,0,0,0,0
normal,16,replace-edit-remove-insert,8,source-c,1,1,1024,64,14646000,7019661342982476386,0,0,0,0
normal,16,replace-edit-remove-insert,8,whitefoot,1,1,1024,64,13062000,7019661342982476386,0,0,0,0
normal,16,replace-edit-remove-insert,8,absl-btree-map,1,1,1024,64,11060000,7019661342982476386,0,0,0,0
normal,16,replace-edit-remove-insert,8,rust-btree-map,2,1,1024,64,16468000,14166328055710750205,0,0,0,0
normal,16,replace-edit-remove-insert,8,avl-c,2,1,1024,64,21215000,14166328055710750205,0,0,0,0
normal,16,replace-edit-remove-insert,8,direct-c,2,1,1024,64,15039000,14166328055710750205,0,0,0,0
normal,16,replace-edit-remove-insert,8,source-c,2,1,1024,64,14600000,14166328055710750205,0,0,0,0
normal,16,replace-edit-remove-insert,8,whitefoot,2,1,1024,64,13133000,14166328055710750205,0,0,0,0
normal,16,replace-edit-remove-insert,8,absl-btree-map,2,1,1024,64,11069000,14166328055710750205,0,0,0,0
normal,16,replace-edit-remove-insert,8,cpp-map,2,1,1024,64,18548000,14166328055710750205,0,0,0,0
normal,16,replace-edit-remove-insert,8,avl-c,3,1,1024,64,21601000,14582269659162858761,0,0,0,0
normal,16,replace-edit-remove-insert,8,direct-c,3,1,1024,64,15304000,14582269659162858761,0,0,0,0
normal,16,replace-edit-remove-insert,8,source-c,3,1,1024,64,14642000,14582269659162858761,0,0,0,0
normal,16,replace-edit-remove-insert,8,whitefoot,3,1,1024,64,13085000,14582269659162858761,0,0,0,0
normal,16,replace-edit-remove-insert,8,absl-btree-map,3,1,1024,64,11080000,14582269659162858761,0,0,0,0
normal,16,replace-edit-remove-insert,8,cpp-map,3,1,1024,64,18701000,14582269659162858761,0,0,0,0
normal,16,replace-edit-remove-insert,8,rust-btree-map,3,1,1024,64,16568000,14582269659162858761,0,0,0,0
normal,16,replace-edit-remove-insert,8,direct-c,4,1,1024,64,15310000,8651229268661788905,0,0,0,0
normal,16,replace-edit-remove-insert,8,source-c,4,1,1024,64,14819000,8651229268661788905,0,0,0,0
normal,16,replace-edit-remove-insert,8,whitefoot,4,1,1024,64,13064000,8651229268661788905,0,0,0,0
normal,16,replace-edit-remove-insert,8,absl-btree-map,4,1,1024,64,11119000,8651229268661788905,0,0,0,0
normal,16,replace-edit-remove-insert,8,cpp-map,4,1,1024,64,18730000,8651229268661788905,0,0,0,0
normal,16,replace-edit-remove-insert,8,rust-btree-map,4,1,1024,64,16544000,8651229268661788905,0,0,0,0
normal,16,replace-edit-remove-insert,8,avl-c,4,1,1024,64,21150000,8651229268661788905,0,0,0,0
normal,16,replace-edit-remove-insert,8,source-c,5,1,1024,64,14598000,13149676712275543788,0,0,0,0
normal,16,replace-edit-remove-insert,8,whitefoot,5,1,1024,64,13277000,13149676712275543788,0,0,0,0
normal,16,replace-edit-remove-insert,8,absl-btree-map,5,1,1024,64,11682000,13149676712275543788,0,0,0,0
normal,16,replace-edit-remove-insert,8,cpp-map,5,1,1024,64,19550000,13149676712275543788,0,0,0,0
normal,16,replace-edit-remove-insert,8,rust-btree-map,5,1,1024,64,17201000,13149676712275543788,0,0,0,0
normal,16,replace-edit-remove-insert,8,avl-c,5,1,1024,64,21648000,13149676712275543788,0,0,0,0
normal,16,replace-edit-remove-insert,8,direct-c,5,1,1024,64,14900000,13149676712275543788,0,0,0,0
normal,16,replace-edit-remove-insert,256,absl-btree-map,0,1,32,64,25762000,15867597980047193841,0,0,0,0
normal,16,replace-edit-remove-insert,256,cpp-map,0,1,32,64,35087000,15867597980047193841,0,0,0,0
normal,16,replace-edit-remove-insert,256,rust-btree-map,0,1,32,64,31908000,15867597980047193841,0,0,0,0
normal,16,replace-edit-remove-insert,256,avl-c,0,1,32,64,57505000,15867597980047193841,0,0,0,0
normal,16,replace-edit-remove-insert,256,direct-c,0,1,32,64,37212000,15867597980047193841,0,0,0,0
normal,16,replace-edit-remove-insert,256,source-c,0,1,32,64,49363000,15867597980047193841,0,0,0,0
normal,16,replace-edit-remove-insert,256,whitefoot,0,1,32,64,43583000,15867597980047193841,0,0,0,0
normal,16,replace-edit-remove-insert,256,cpp-map,1,1,32,64,35180000,10121935019186409923,0,0,0,0
normal,16,replace-edit-remove-insert,256,rust-btree-map,1,1,32,64,31720000,10121935019186409923,0,0,0,0
normal,16,replace-edit-remove-insert,256,avl-c,1,1,32,64,56855000,10121935019186409923,0,0,0,0
normal,16,replace-edit-remove-insert,256,direct-c,1,1,32,64,36950000,10121935019186409923,0,0,0,0
normal,16,replace-edit-remove-insert,256,source-c,1,1,32,64,49850000,10121935019186409923,0,0,0,0
normal,16,replace-edit-remove-insert,256,whitefoot,1,1,32,64,43351000,10121935019186409923,0,0,0,0
normal,16,replace-edit-remove-insert,256,absl-btree-map,1,1,32,64,26293000,10121935019186409923,0,0,0,0
normal,16,replace-edit-remove-insert,256,rust-btree-map,2,1,32,64,31780000,10749477120101584880,0,0,0,0
normal,16,replace-edit-remove-insert,256,avl-c,2,1,32,64,57739000,10749477120101584880,0,0,0,0
normal,16,replace-edit-remove-insert,256,direct-c,2,1,32,64,37070000,10749477120101584880,0,0,0,0
normal,16,replace-edit-remove-insert,256,source-c,2,1,32,64,50256000,10749477120101584880,0,0,0,0
normal,16,replace-edit-remove-insert,256,whitefoot,2,1,32,64,46347000,10749477120101584880,0,0,0,0
normal,16,replace-edit-remove-insert,256,absl-btree-map,2,1,32,64,26331000,10749477120101584880,0,0,0,0
normal,16,replace-edit-remove-insert,256,cpp-map,2,1,32,64,35151000,10749477120101584880,0,0,0,0
normal,16,replace-edit-remove-insert,256,avl-c,3,1,32,64,57059000,7335366319695397063,0,0,0,0
normal,16,replace-edit-remove-insert,256,direct-c,3,1,32,64,37306000,7335366319695397063,0,0,0,0
normal,16,replace-edit-remove-insert,256,source-c,3,1,32,64,48894000,7335366319695397063,0,0,0,0
normal,16,replace-edit-remove-insert,256,whitefoot,3,1,32,64,44911000,7335366319695397063,0,0,0,0
normal,16,replace-edit-remove-insert,256,absl-btree-map,3,1,32,64,26713000,7335366319695397063,0,0,0,0
normal,16,replace-edit-remove-insert,256,cpp-map,3,1,32,64,35701000,7335366319695397063,0,0,0,0
normal,16,replace-edit-remove-insert,256,rust-btree-map,3,1,32,64,31709000,7335366319695397063,0,0,0,0
normal,16,replace-edit-remove-insert,256,direct-c,4,1,32,64,36896000,1179751658378221503,0,0,0,0
normal,16,replace-edit-remove-insert,256,source-c,4,1,32,64,49308000,1179751658378221503,0,0,0,0
normal,16,replace-edit-remove-insert,256,whitefoot,4,1,32,64,44935000,1179751658378221503,0,0,0,0
normal,16,replace-edit-remove-insert,256,absl-btree-map,4,1,32,64,25789000,1179751658378221503,0,0,0,0
normal,16,replace-edit-remove-insert,256,cpp-map,4,1,32,64,34839000,1179751658378221503,0,0,0,0
normal,16,replace-edit-remove-insert,256,rust-btree-map,4,1,32,64,31927000,1179751658378221503,0,0,0,0
normal,16,replace-edit-remove-insert,256,avl-c,4,1,32,64,57050000,1179751658378221503,0,0,0,0
normal,16,replace-edit-remove-insert,256,source-c,5,1,32,64,49156000,276037253344044453,0,0,0,0
normal,16,replace-edit-remove-insert,256,whitefoot,5,1,32,64,43473000,276037253344044453,0,0,0,0
normal,16,replace-edit-remove-insert,256,absl-btree-map,5,1,32,64,26140000,276037253344044453,0,0,0,0
normal,16,replace-edit-remove-insert,256,cpp-map,5,1,32,64,37098000,276037253344044453,0,0,0,0
normal,16,replace-edit-remove-insert,256,rust-btree-map,5,1,32,64,33105000,276037253344044453,0,0,0,0
normal,16,replace-edit-remove-insert,256,avl-c,5,1,32,64,57474000,276037253344044453,0,0,0,0
normal,16,replace-edit-remove-insert,256,direct-c,5,1,32,64,36969000,276037253344044453,0,0,0,0
normal,16,replace-edit-remove-insert,4096,absl-btree-map,0,1,2,64,104818000,7704341466821470784,0,0,0,0
normal,16,replace-edit-remove-insert,4096,cpp-map,0,1,2,64,86356000,7704341466821470784,0,0,0,0
normal,16,replace-edit-remove-insert,4096,rust-btree-map,0,1,2,64,120639000,7704341466821470784,0,0,0,0
normal,16,replace-edit-remove-insert,4096,avl-c,0,1,2,64,104909000,7704341466821470784,0,0,0,0
normal,16,replace-edit-remove-insert,4096,direct-c,0,1,2,64,110584000,7704341466821470784,0,0,0,0
normal,16,replace-edit-remove-insert,4096,source-c,0,1,2,64,111838000,7704341466821470784,0,0,0,0
normal,16,replace-edit-remove-insert,4096,whitefoot,0,1,2,64,101249000,7704341466821470784,0,0,0,0
normal,16,replace-edit-remove-insert,4096,cpp-map,1,1,2,64,89097000,3337221902068411079,0,0,0,0
normal,16,replace-edit-remove-insert,4096,rust-btree-map,1,1,2,64,120477000,3337221902068411079,0,0,0,0
normal,16,replace-edit-remove-insert,4096,avl-c,1,1,2,64,102639000,3337221902068411079,0,0,0,0
normal,16,replace-edit-remove-insert,4096,direct-c,1,1,2,64,111263000,3337221902068411079,0,0,0,0
normal,16,replace-edit-remove-insert,4096,source-c,1,1,2,64,111589000,3337221902068411079,0,0,0,0
normal,16,replace-edit-remove-insert,4096,whitefoot,1,1,2,64,101173000,3337221902068411079,0,0,0,0
normal,16,replace-edit-remove-insert,4096,absl-btree-map,1,1,2,64,104213000,3337221902068411079,0,0,0,0
normal,16,replace-edit-remove-insert,4096,rust-btree-map,2,1,2,64,119924000,15440756800666721092,0,0,0,0
normal,16,replace-edit-remove-insert,4096,avl-c,2,1,2,64,103013000,15440756800666721092,0,0,0,0
normal,16,replace-edit-remove-insert,4096,direct-c,2,1,2,64,110691000,15440756800666721092,0,0,0,0
normal,16,replace-edit-remove-insert,4096,source-c,2,1,2,64,111949000,15440756800666721092,0,0,0,0
normal,16,replace-edit-remove-insert,4096,whitefoot,2,1,2,64,101349000,15440756800666721092,0,0,0,0
normal,16,replace-edit-remove-insert,4096,absl-btree-map,2,1,2,64,104160000,15440756800666721092,0,0,0,0
normal,16,replace-edit-remove-insert,4096,cpp-map,2,1,2,64,91259000,15440756800666721092,0,0,0,0
normal,16,replace-edit-remove-insert,4096,avl-c,3,1,2,64,105744000,2406130354720565108,0,0,0,0
normal,16,replace-edit-remove-insert,4096,direct-c,3,1,2,64,110553000,2406130354720565108,0,0,0,0
normal,16,replace-edit-remove-insert,4096,source-c,3,1,2,64,112010000,2406130354720565108,0,0,0,0
normal,16,replace-edit-remove-insert,4096,whitefoot,3,1,2,64,104228000,2406130354720565108,0,0,0,0
normal,16,replace-edit-remove-insert,4096,absl-btree-map,3,1,2,64,104725000,2406130354720565108,0,0,0,0
normal,16,replace-edit-remove-insert,4096,cpp-map,3,1,2,64,86890000,2406130354720565108,0,0,0,0
normal,16,replace-edit-remove-insert,4096,rust-btree-map,3,1,2,64,120844000,2406130354720565108,0,0,0,0
normal,16,replace-edit-remove-insert,4096,direct-c,4,1,2,64,112962000,15832489262772732733,0,0,0,0
normal,16,replace-edit-remove-insert,4096,source-c,4,1,2,64,112602000,15832489262772732733,0,0,0,0
normal,16,replace-edit-remove-insert,4096,whitefoot,4,1,2,64,101476000,15832489262772732733,0,0,0,0
normal,16,replace-edit-remove-insert,4096,absl-btree-map,4,1,2,64,104981000,15832489262772732733,0,0,0,0
normal,16,replace-edit-remove-insert,4096,cpp-map,4,1,2,64,88294000,15832489262772732733,0,0,0,0
normal,16,replace-edit-remove-insert,4096,rust-btree-map,4,1,2,64,121491000,15832489262772732733,0,0,0,0
normal,16,replace-edit-remove-insert,4096,avl-c,4,1,2,64,102851000,15832489262772732733,0,0,0,0
normal,16,replace-edit-remove-insert,4096,source-c,5,1,2,64,111781000,1121283079017453640,0,0,0,0
normal,16,replace-edit-remove-insert,4096,whitefoot,5,1,2,64,102043000,1121283079017453640,0,0,0,0
normal,16,replace-edit-remove-insert,4096,absl-btree-map,5,1,2,64,104060000,1121283079017453640,0,0,0,0
normal,16,replace-edit-remove-insert,4096,cpp-map,5,1,2,64,86394000,1121283079017453640,0,0,0,0
normal,16,replace-edit-remove-insert,4096,rust-btree-map,5,1,2,64,119916000,1121283079017453640,0,0,0,0
normal,16,replace-edit-remove-insert,4096,avl-c,5,1,2,64,102499000,1121283079017453640,0,0,0,0
normal,16,replace-edit-remove-insert,4096,direct-c,5,1,2,64,111561000,1121283079017453640,0,0,0,0
normal,16,range-16,8,absl-btree-map,0,1,1024,64,4268000,8693203516650528526,0,0,0,0
normal,16,range-16,8,cpp-map,0,1,1024,64,5992000,8693203516650528526,0,0,0,0
normal,16,range-16,8,rust-btree-map,0,1,1024,64,7213000,8693203516650528526,0,0,0,0
normal,16,range-16,8,avl-c,0,1,1024,64,7082000,8693203516650528526,0,0,0,0
normal,16,range-16,8,direct-c,0,1,1024,64,4177000,8693203516650528526,0,0,0,0
normal,16,range-16,8,source-c,0,1,1024,64,6676000,8693203516650528526,0,0,0,0
normal,16,range-16,8,whitefoot,0,1,1024,64,6922000,8693203516650528526,0,0,0,0
normal,16,range-16,8,cpp-map,1,1,1024,64,6330000,10905242904446212686,0,0,0,0
normal,16,range-16,8,rust-btree-map,1,1,1024,64,7321000,10905242904446212686,0,0,0,0
normal,16,range-16,8,avl-c,1,1,1024,64,7011000,10905242904446212686,0,0,0,0
normal,16,range-16,8,direct-c,1,1,1024,64,4110000,10905242904446212686,0,0,0,0
normal,16,range-16,8,source-c,1,1,1024,64,6385000,10905242904446212686,0,0,0,0
normal,16,range-16,8,whitefoot,1,1,1024,64,6637000,10905242904446212686,0,0,0,0
normal,16,range-16,8,absl-btree-map,1,1,1024,64,4363000,10905242904446212686,0,0,0,0
normal,16,range-16,8,rust-btree-map,2,1,1024,64,7021000,9245301671997977780,0,0,0,0
normal,16,range-16,8,avl-c,2,1,1024,64,6696000,9245301671997977780,0,0,0,0
normal,16,range-16,8,direct-c,2,1,1024,64,3888000,9245301671997977780,0,0,0,0
normal,16,range-16,8,source-c,2,1,1024,64,6343000,9245301671997977780,0,0,0,0
normal,16,range-16,8,whitefoot,2,1,1024,64,6718000,9245301671997977780,0,0,0,0
normal,16,range-16,8,absl-btree-map,2,1,1024,64,4257000,9245301671997977780,0,0,0,0
normal,16,range-16,8,cpp-map,2,1,1024,64,6000000,9245301671997977780,0,0,0,0
normal,16,range-16,8,avl-c,3,1,1024,64,6700000,933495525889082875,0,0,0,0
normal,16,range-16,8,direct-c,3,1,1024,64,3889000,933495525889082875,0,0,0,0
normal,16,range-16,8,source-c,3,1,1024,64,6370000,933495525889082875,0,0,0,0
normal,16,range-16,8,whitefoot,3,1,1024,64,6670000,933495525889082875,0,0,0,0
normal,16,range-16,8,absl-btree-map,3,1,1024,64,4263000,933495525889082875,0,0,0,0
normal,16,range-16,8,cpp-map,3,1,1024,64,6000000,933495525889082875,0,0,0,0
normal,16,range-16,8,rust-btree-map,3,1,1024,64,7042000,933495525889082875,0,0,0,0
normal,16,range-16,8,direct-c,4,1,1024,64,3899000,6434732460729435398,0,0,0,0
normal,16,range-16,8,source-c,4,1,1024,64,6375000,6434732460729435398,0,0,0,0
normal,16,range-16,8,whitefoot,4,1,1024,64,6644000,6434732460729435398,0,0,0,0
normal,16,range-16,8,absl-btree-map,4,1,1024,64,4262000,6434732460729435398,0,0,0,0
normal,16,range-16,8,cpp-map,4,1,1024,64,5991000,6434732460729435398,0,0,0,0
normal,16,range-16,8,rust-btree-map,4,1,1024,64,7060000,6434732460729435398,0,0,0,0
normal,16,range-16,8,avl-c,4,1,1024,64,6788000,6434732460729435398,0,0,0,0
normal,16,range-16,8,source-c,5,1,1024,64,6569000,17116562401309775039,0,0,0,0
normal,16,range-16,8,whitefoot,5,1,1024,64,6642000,17116562401309775039,0,0,0,0
normal,16,range-16,8,absl-btree-map,5,1,1024,64,4263000,17116562401309775039,0,0,0,0
normal,16,range-16,8,cpp-map,5,1,1024,64,6006000,17116562401309775039,0,0,0,0
normal,16,range-16,8,rust-btree-map,5,1,1024,64,7058000,17116562401309775039,0,0,0,0
normal,16,range-16,8,avl-c,5,1,1024,64,6705000,17116562401309775039,0,0,0,0
normal,16,range-16,8,direct-c,5,1,1024,64,3882000,17116562401309775039,0,0,0,0
normal,16,range-16,256,absl-btree-map,0,1,32,64,13795000,15663662862293875359,0,0,0,0
normal,16,range-16,256,cpp-map,0,1,32,64,19033000,15663662862293875359,0,0,0,0
normal,16,range-16,256,rust-btree-map,0,1,32,64,20219000,15663662862293875359,0,0,0,0
normal,16,range-16,256,avl-c,0,1,32,64,28854000,15663662862293875359,0,0,0,0
normal,16,range-16,256,direct-c,0,1,32,64,15151000,15663662862293875359,0,0,0,0
normal,16,range-16,256,source-c,0,1,32,64,27129000,15663662862293875359,0,0,0,0
normal,16,range-16,256,whitefoot,0,1,32,64,29740000,15663662862293875359,0,0,0,0
normal,16,range-16,256,cpp-map,1,1,32,64,19361000,4360055169508945627,0,0,0,0
normal,16,range-16,256,rust-btree-map,1,1,32,64,19420000,4360055169508945627,0,0,0,0
normal,16,range-16,256,avl-c,1,1,32,64,28561000,4360055169508945627,0,0,0,0
normal,16,range-16,256,direct-c,1,1,32,64,15265000,4360055169508945627,0,0,0,0
normal,16,range-16,256,source-c,1,1,32,64,27693000,4360055169508945627,0,0,0,0
normal,16,range-16,256,whitefoot,1,1,32,64,29047000,4360055169508945627,0,0,0,0
normal,16,range-16,256,absl-btree-map,1,1,32,64,13417000,4360055169508945627,0,0,0,0
normal,16,range-16,256,rust-btree-map,2,1,32,64,19563000,11673677639064965927,0,0,0,0
normal,16,range-16,256,avl-c,2,1,32,64,27602000,11673677639064965927,0,0,0,0
normal,16,range-16,256,direct-c,2,1,32,64,14802000,11673677639064965927,0,0,0,0
normal,16,range-16,256,source-c,2,1,32,64,28437000,11673677639064965927,0,0,0,0
normal,16,range-16,256,whitefoot,2,1,32,64,29321000,11673677639064965927,0,0,0,0
normal,16,range-16,256,absl-btree-map,2,1,32,64,15874000,11673677639064965927,0,0,0,0
normal,16,range-16,256,cpp-map,2,1,32,64,19271000,11673677639064965927,0,0,0,0
normal,16,range-16,256,avl-c,3,1,32,64,28001000,5879993889355225792,0,0,0,0
normal,16,range-16,256,direct-c,3,1,32,64,14937000,5879993889355225792,0,0,0,0
normal,16,range-16,256,source-c,3,1,32,64,28967000,5879993889355225792,0,0,0,0
normal,16,range-16,256,whitefoot,3,1,32,64,29563000,5879993889355225792,0,0,0,0
normal,16,range-16,256,absl-btree-map,3,1,32,64,14346000,5879993889355225792,0,0,0,0
normal,16,range-16,256,cpp-map,3,1,32,64,18651000,5879993889355225792,0,0,0,0
normal,16,range-16,256,rust-btree-map,3,1,32,64,20563000,5879993889355225792,0,0,0,0
normal,16,range-16,256,direct-c,4,1,32,64,15492000,17322454295432107805,0,0,0,0
normal,16,range-16,256,source-c,4,1,32,64,28681000,17322454295432107805,0,0,0,0
normal,16,range-16,256,whitefoot,4,1,32,64,27966000,17322454295432107805,0,0,0,0
normal,16,range-16,256,absl-btree-map,4,1,32,64,16505000,17322454295432107805,0,0,0,0
normal,16,range-16,256,cpp-map,4,1,32,64,19172000,17322454295432107805,0,0,0,0
normal,16,range-16,256,rust-btree-map,4,1,32,64,20714000,17322454295432107805,0,0,0,0
normal,16,range-16,256,avl-c,4,1,32,64,27837000,17322454295432107805,0,0,0,0
normal,16,range-16,256,source-c,5,1,32,64,27591000,636975262340870515,0,0,0,0
normal,16,range-16,256,whitefoot,5,1,32,64,29683000,636975262340870515,0,0,0,0
normal,16,range-16,256,absl-btree-map,5,1,32,64,14729000,636975262340870515,0,0,0,0
normal,16,range-16,256,cpp-map,5,1,32,64,19065000,636975262340870515,0,0,0,0
normal,16,range-16,256,rust-btree-map,5,1,32,64,19467000,636975262340870515,0,0,0,0
normal,16,range-16,256,avl-c,5,1,32,64,29350000,636975262340870515,0,0,0,0
normal,16,range-16,256,direct-c,5,1,32,64,15356000,636975262340870515,0,0,0,0
normal,16,range-16,4096,absl-btree-map,0,1,2,64,49158000,17183600489834138633,0,0,0,0
normal,16,range-16,4096,cpp-map,0,1,2,64,60498000,17183600489834138633,0,0,0,0
normal,16,range-16,4096,rust-btree-map,0,1,2,64,63824000,17183600489834138633,0,0,0,0
normal,16,range-16,4096,avl-c,0,1,2,64,68110000,17183600489834138633,0,0,0,0
normal,16,range-16,4096,direct-c,0,1,2,64,45511000,17183600489834138633,0,0,0,0
normal,16,range-16,4096,source-c,0,1,2,64,59225000,17183600489834138633,0,0,0,0
normal,16,range-16,4096,whitefoot,0,1,2,64,57468000,17183600489834138633,0,0,0,0
normal,16,range-16,4096,cpp-map,1,1,2,64,62053000,14383637250628433074,0,0,0,0
normal,16,range-16,4096,rust-btree-map,1,1,2,64,63910000,14383637250628433074,0,0,0,0
normal,16,range-16,4096,avl-c,1,1,2,64,68447000,14383637250628433074,0,0,0,0
normal,16,range-16,4096,direct-c,1,1,2,64,45165000,14383637250628433074,0,0,0,0
normal,16,range-16,4096,source-c,1,1,2,64,59375000,14383637250628433074,0,0,0,0
normal,16,range-16,4096,whitefoot,1,1,2,64,57511000,14383637250628433074,0,0,0,0
normal,16,range-16,4096,absl-btree-map,1,1,2,64,48887000,14383637250628433074,0,0,0,0
normal,16,range-16,4096,rust-btree-map,2,1,2,64,63023000,4327845425080782936,0,0,0,0
normal,16,range-16,4096,avl-c,2,1,2,64,69435000,4327845425080782936,0,0,0,0
normal,16,range-16,4096,direct-c,2,1,2,64,45187000,4327845425080782936,0,0,0,0
normal,16,range-16,4096,source-c,2,1,2,64,59279000,4327845425080782936,0,0,0,0
normal,16,range-16,4096,whitefoot,2,1,2,64,57770000,4327845425080782936,0,0,0,0
normal,16,range-16,4096,absl-btree-map,2,1,2,64,49962000,4327845425080782936,0,0,0,0
normal,16,range-16,4096,cpp-map,2,1,2,64,59739000,4327845425080782936,0,0,0,0
normal,16,range-16,4096,avl-c,3,1,2,64,70644000,6158330948712542402,0,0,0,0
normal,16,range-16,4096,direct-c,3,1,2,64,45128000,6158330948712542402,0,0,0,0
normal,16,range-16,4096,source-c,3,1,2,64,59498000,6158330948712542402,0,0,0,0
normal,16,range-16,4096,whitefoot,3,1,2,64,57328000,6158330948712542402,0,0,0,0
normal,16,range-16,4096,absl-btree-map,3,1,2,64,48465000,6158330948712542402,0,0,0,0
normal,16,range-16,4096,cpp-map,3,1,2,64,59649000,6158330948712542402,0,0,0,0
normal,16,range-16,4096,rust-btree-map,3,1,2,64,62978000,6158330948712542402,0,0,0,0
normal,16,range-16,4096,direct-c,4,1,2,64,45350000,6710041771363842631,0,0,0,0
normal,16,range-16,4096,source-c,4,1,2,64,59355000,6710041771363842631,0,0,0,0
normal,16,range-16,4096,whitefoot,4,1,2,64,57739000,6710041771363842631,0,0,0,0
normal,16,range-16,4096,absl-btree-map,4,1,2,64,48813000,6710041771363842631,0,0,0,0
normal,16,range-16,4096,cpp-map,4,1,2,64,59406000,6710041771363842631,0,0,0,0
normal,16,range-16,4096,rust-btree-map,4,1,2,64,63392000,6710041771363842631,0,0,0,0
normal,16,range-16,4096,avl-c,4,1,2,64,68355000,6710041771363842631,0,0,0,0
normal,16,range-16,4096,source-c,5,1,2,64,60773000,9899772263809057278,0,0,0,0
normal,16,range-16,4096,whitefoot,5,1,2,64,57388000,9899772263809057278,0,0,0,0
normal,16,range-16,4096,absl-btree-map,5,1,2,64,48619000,9899772263809057278,0,0,0,0
normal,16,range-16,4096,cpp-map,5,1,2,64,59565000,9899772263809057278,0,0,0,0
normal,16,range-16,4096,rust-btree-map,5,1,2,64,62947000,9899772263809057278,0,0,0,0
normal,16,range-16,4096,avl-c,5,1,2,64,68275000,9899772263809057278,0,0,0,0
normal,16,range-16,4096,direct-c,5,1,2,64,45304000,9899772263809057278,0,0,0,0
normal,16,replace-only,8,absl-btree-map,0,1,1024,64,2267000,17835864986002966962,0,0,0,0
normal,16,replace-only,8,cpp-map,0,1,1024,64,2046000,17835864986002966962,0,0,0,0
normal,16,replace-only,8,rust-btree-map,0,1,1024,64,2247000,17835864986002966962,0,0,0,0
normal,16,replace-only,8,avl-c,0,1,1024,64,3648000,17835864986002966962,0,0,0,0
normal,16,replace-only,8,direct-c,0,1,1024,64,2326000,17835864986002966962,0,0,0,0
normal,16,replace-only,8,source-c,0,1,1024,64,3035000,17835864986002966962,0,0,0,0
normal,16,replace-only,8,whitefoot,0,1,1024,64,1822000,17835864986002966962,0,0,0,0
normal,16,replace-only,8,cpp-map,1,1,1024,64,2049000,2752218561415581604,0,0,0,0
normal,16,replace-only,8,rust-btree-map,1,1,1024,64,2229000,2752218561415581604,0,0,0,0
normal,16,replace-only,8,avl-c,1,1,1024,64,3600000,2752218561415581604,0,0,0,0
normal,16,replace-only,8,direct-c,1,1,1024,64,2323000,2752218561415581604,0,0,0,0
normal,16,replace-only,8,source-c,1,1,1024,64,3004000,2752218561415581604,0,0,0,0
normal,16,replace-only,8,whitefoot,1,1,1024,64,1818000,2752218561415581604,0,0,0,0
normal,16,replace-only,8,absl-btree-map,1,1,1024,64,2269000,2752218561415581604,0,0,0,0
normal,16,replace-only,8,rust-btree-map,2,1,1024,64,2231000,5306931724957841047,0,0,0,0
normal,16,replace-only,8,avl-c,2,1,1024,64,3669000,5306931724957841047,0,0,0,0
normal,16,replace-only,8,direct-c,2,1,1024,64,2334000,5306931724957841047,0,0,0,0
normal,16,replace-only,8,source-c,2,1,1024,64,3000000,5306931724957841047,0,0,0,0
normal,16,replace-only,8,whitefoot,2,1,1024,64,1819000,5306931724957841047,0,0,0,0
normal,16,replace-only,8,absl-btree-map,2,1,1024,64,2271000,5306931724957841047,0,0,0,0
normal,16,replace-only,8,cpp-map,2,1,1024,64,2052000,5306931724957841047,0,0,0,0
normal,16,replace-only,8,avl-c,3,1,1024,64,3620000,5671136601137005892,0,0,0,0
normal,16,replace-only,8,direct-c,3,1,1024,64,2343000,5671136601137005892,0,0,0,0
normal,16,replace-only,8,source-c,3,1,1024,64,2998000,5671136601137005892,0,0,0,0
normal,16,replace-only,8,whitefoot,3,1,1024,64,1827000,5671136601137005892,0,0,0,0
normal,16,replace-only,8,absl-btree-map,3,1,1024,64,2264000,5671136601137005892,0,0,0,0
normal,16,replace-only,8,cpp-map,3,1,1024,64,2124000,5671136601137005892,0,0,0,0
normal,16,replace-only,8,rust-btree-map,3,1,1024,64,2228000,5671136601137005892,0,0,0,0
normal,16,replace-only,8,direct-c,4,1,1024,64,2331000,10585323936216642456,0,0,0,0
normal,16,replace-only,8,source-c,4,1,1024,64,3002000,10585323936216642456,0,0,0,0
normal,16,replace-only,8,whitefoot,4,1,1024,64,1823000,10585323936216642456,0,0,0,0
normal,16,replace-only,8,absl-btree-map,4,1,1024,64,2267000,10585323936216642456,0,0,0,0
normal,16,replace-only,8,cpp-map,4,1,1024,64,1977000,10585323936216642456,0,0,0,0
normal,16,replace-only,8,rust-btree-map,4,1,1024,64,2229000,10585323936216642456,0,0,0,0
normal,16,replace-only,8,avl-c,4,1,1024,64,3632000,10585323936216642456,0,0,0,0
normal,16,replace-only,8,source-c,5,1,1024,64,3004000,13041098476625921015,0,0,0,0
normal,16,replace-only,8,whitefoot,5,1,1024,64,1822000,13041098476625921015,0,0,0,0
normal,16,replace-only,8,absl-btree-map,5,1,1024,64,2264000,13041098476625921015,0,0,0,0
normal,16,replace-only,8,cpp-map,5,1,1024,64,2049000,13041098476625921015,0,0,0,0
normal,16,replace-only,8,rust-btree-map,5,1,1024,64,2234000,13041098476625921015,0,0,0,0
normal,16,replace-only,8,avl-c,5,1,1024,64,3629000,13041098476625921015,0,0,0,0
normal,16,replace-only,8,direct-c,5,1,1024,64,2379000,13041098476625921015,0,0,0,0
normal,16,replace-only,256,absl-btree-map,0,1,32,64,5385000,7307352308601637089,0,0,0,0
normal,16,replace-only,256,cpp-map,0,1,32,64,3964000,7307352308601637089,0,0,0,0
normal,16,replace-only,256,rust-btree-map,0,1,32,64,4938000,7307352308601637089,0,0,0,0
normal,16,replace-only,256,avl-c,0,1,32,64,10636000,7307352308601637089,0,0,0,0
normal,16,replace-only,256,direct-c,0,1,32,64,5337000,7307352308601637089,0,0,0,0
normal,16,replace-only,256,source-c,0,1,32,64,8164000,7307352308601637089,0,0,0,0
normal,16,replace-only,256,whitefoot,0,1,32,64,5517000,7307352308601637089,0,0,0,0
normal,16,replace-only,256,cpp-map,1,1,32,64,3963000,15847099012976718069,0,0,0,0
normal,16,replace-only,256,rust-btree-map,1,1,32,64,4832000,15847099012976718069,0,0,0,0
normal,16,replace-only,256,avl-c,1,1,32,64,10766000,15847099012976718069,0,0,0,0
normal,16,replace-only,256,direct-c,1,1,32,64,5330000,15847099012976718069,0,0,0,0
normal,16,replace-only,256,source-c,1,1,32,64,8158000,15847099012976718069,0,0,0,0
normal,16,replace-only,256,whitefoot,1,1,32,64,5444000,15847099012976718069,0,0,0,0
normal,16,replace-only,256,absl-btree-map,1,1,32,64,5311000,15847099012976718069,0,0,0,0
normal,16,replace-only,256,rust-btree-map,2,1,32,64,4815000,15404117054651911528,0,0,0,0
normal,16,replace-only,256,avl-c,2,1,32,64,10646000,15404117054651911528,0,0,0,0
normal,16,replace-only,256,direct-c,2,1,32,64,5324000,15404117054651911528,0,0,0,0
normal,16,replace-only,256,source-c,2,1,32,64,8402000,15404117054651911528,0,0,0,0
normal,16,replace-only,256,whitefoot,2,1,32,64,5650000,15404117054651911528,0,0,0,0
normal,16,replace-only,256,absl-btree-map,2,1,32,64,5480000,15404117054651911528,0,0,0,0
normal,16,replace-only,256,cpp-map,2,1,32,64,4081000,15404117054651911528,0,0,0,0
normal,16,replace-only,256,avl-c,3,1,32,64,10811000,9382154259344185091,0,0,0,0
normal,16,replace-only,256,direct-c,3,1,32,64,5448000,9382154259344185091,0,0,0,0
normal,16,replace-only,256,source-c,3,1,32,64,8190000,9382154259344185091,0,0,0,0
normal,16,replace-only,256,whitefoot,3,1,32,64,5417000,9382154259344185091,0,0,0,0
normal,16,replace-only,256,absl-btree-map,3,1,32,64,5304000,9382154259344185091,0,0,0,0
normal,16,replace-only,256,cpp-map,3,1,32,64,3970000,9382154259344185091,0,0,0,0
normal,16,replace-only,256,rust-btree-map,3,1,32,64,4849000,9382154259344185091,0,0,0,0
normal,16,replace-only,256,direct-c,4,1,32,64,5340000,13722619632887717159,0,0,0,0
normal,16,replace-only,256,source-c,4,1,32,64,8139000,13722619632887717159,0,0,0,0
normal,16,replace-only,256,whitefoot,4,1,32,64,5423000,13722619632887717159,0,0,0,0
normal,16,replace-only,256,absl-btree-map,4,1,32,64,5347000,13722619632887717159,0,0,0,0
normal,16,replace-only,256,cpp-map,4,1,32,64,4087000,13722619632887717159,0,0,0,0
normal,16,replace-only,256,rust-btree-map,4,1,32,64,4811000,13722619632887717159,0,0,0,0
normal,16,replace-only,256,avl-c,4,1,32,64,11074000,13722619632887717159,0,0,0,0
normal,16,replace-only,256,source-c,5,1,32,64,8276000,12498561820830790344,0,0,0,0
normal,16,replace-only,256,whitefoot,5,1,32,64,5432000,12498561820830790344,0,0,0,0
normal,16,replace-only,256,absl-btree-map,5,1,32,64,5305000,12498561820830790344,0,0,0,0
normal,16,replace-only,256,cpp-map,5,1,32,64,3949000,12498561820830790344,0,0,0,0
normal,16,replace-only,256,rust-btree-map,5,1,32,64,4827000,12498561820830790344,0,0,0,0
normal,16,replace-only,256,avl-c,5,1,32,64,10870000,12498561820830790344,0,0,0,0
normal,16,replace-only,256,direct-c,5,1,32,64,5312000,12498561820830790344,0,0,0,0
normal,16,replace-only,4096,absl-btree-map,0,1,2,64,36701000,1829817160922488703,0,0,0,0
normal,16,replace-only,4096,cpp-map,0,1,2,64,40306000,1829817160922488703,0,0,0,0
normal,16,replace-only,4096,rust-btree-map,0,1,2,64,40281000,1829817160922488703,0,0,0,0
normal,16,replace-only,4096,avl-c,0,1,2,64,45179000,1829817160922488703,0,0,0,0
normal,16,replace-only,4096,direct-c,0,1,2,64,36130000,1829817160922488703,0,0,0,0
normal,16,replace-only,4096,source-c,0,1,2,64,42693000,1829817160922488703,0,0,0,0
normal,16,replace-only,4096,whitefoot,0,1,2,64,38716000,1829817160922488703,0,0,0,0
normal,16,replace-only,4096,cpp-map,1,1,2,64,39018000,13481405822941529360,0,0,0,0
normal,16,replace-only,4096,rust-btree-map,1,1,2,64,41943000,13481405822941529360,0,0,0,0
normal,16,replace-only,4096,avl-c,1,1,2,64,45791000,13481405822941529360,0,0,0,0
normal,16,replace-only,4096,direct-c,1,1,2,64,36421000,13481405822941529360,0,0,0,0
normal,16,replace-only,4096,source-c,1,1,2,64,42781000,13481405822941529360,0,0,0,0
normal,16,replace-only,4096,whitefoot,1,1,2,64,38858000,13481405822941529360,0,0,0,0
normal,16,replace-only,4096,absl-btree-map,1,1,2,64,34817000,13481405822941529360,0,0,0,0
normal,16,replace-only,4096,rust-btree-map,2,1,2,64,40255000,15972728422441632139,0,0,0,0
normal,16,replace-only,4096,avl-c,2,1,2,64,46137000,15972728422441632139,0,0,0,0
normal,16,replace-only,4096,direct-c,2,1,2,64,36142000,15972728422441632139,0,0,0,0
normal,16,replace-only,4096,source-c,2,1,2,64,42896000,15972728422441632139,0,0,0,0
normal,16,replace-only,4096,whitefoot,2,1,2,64,39061000,15972728422441632139,0,0,0,0
normal,16,replace-only,4096,absl-btree-map,2,1,2,64,39679000,15972728422441632139,0,0,0,0
normal,16,replace-only,4096,cpp-map,2,1,2,64,40889000,15972728422441632139,0,0,0,0
normal,16,replace-only,4096,avl-c,3,1,2,64,45716000,11828906779896300928,0,0,0,0
normal,16,replace-only,4096,direct-c,3,1,2,64,36325000,11828906779896300928,0,0,0,0
normal,16,replace-only,4096,source-c,3,1,2,64,42743000,11828906779896300928,0,0,0,0
normal,16,replace-only,4096,whitefoot,3,1,2,64,38633000,11828906779896300928,0,0,0,0
normal,16,replace-only,4096,absl-btree-map,3,1,2,64,35121000,11828906779896300928,0,0,0,0
normal,16,replace-only,4096,cpp-map,3,1,2,64,39049000,11828906779896300928,0,0,0,0
normal,16,replace-only,4096,rust-btree-map,3,1,2,64,40085000,11828906779896300928,0,0,0,0
normal,16,replace-only,4096,direct-c,4,1,2,64,36363000,10969292055750176411,0,0,0,0
normal,16,replace-only,4096,source-c,4,1,2,64,42655000,10969292055750176411,0,0,0,0
normal,16,replace-only,4096,whitefoot,4,1,2,64,38779000,10969292055750176411,0,0,0,0
normal,16,replace-only,4096,absl-btree-map,4,1,2,64,35118000,10969292055750176411,0,0,0,0
normal,16,replace-only,4096,cpp-map,4,1,2,64,39464000,10969292055750176411,0,0,0,0
normal,16,replace-only,4096,rust-btree-map,4,1,2,64,40218000,10969292055750176411,0,0,0,0
normal,16,replace-only,4096,avl-c,4,1,2,64,45212000,10969292055750176411,0,0,0,0
normal,16,replace-only,4096,source-c,5,1,2,64,43251000,2483912109471816850,0,0,0,0
normal,16,replace-only,4096,whitefoot,5,1,2,64,38993000,2483912109471816850,0,0,0,0
normal,16,replace-only,4096,absl-btree-map,5,1,2,64,35519000,2483912109471816850,0,0,0,0
normal,16,replace-only,4096,cpp-map,5,1,2,64,38917000,2483912109471816850,0,0,0,0
normal,16,replace-only,4096,rust-btree-map,5,1,2,64,42257000,2483912109471816850,0,0,0,0
normal,16,replace-only,4096,avl-c,5,1,2,64,46098000,2483912109471816850,0,0,0,0
normal,16,replace-only,4096,direct-c,5,1,2,64,36195000,2483912109471816850,0,0,0,0
normal,264,build-cleanup,8,absl-btree-map,0,1,0,32768,16687000,12970432720697302631,0,0,0,0
normal,264,build-cleanup,8,cpp-map,0,1,0,32768,18407000,12970432720697302631,0,0,0,0
normal,264,build-cleanup,8,rust-btree-map,0,1,0,32768,12728000,12970432720697302631,0,0,0,0
normal,264,build-cleanup,8,avl-c,0,1,0,32768,17719000,12970432720697302631,0,0,0,0
normal,264,build-cleanup,8,direct-c,0,1,0,32768,13339000,12970432720697302631,0,0,0,0
normal,264,build-cleanup,8,source-c,0,1,0,32768,21135000,12970432720697302631,0,0,0,0
normal,264,build-cleanup,8,whitefoot,0,1,0,32768,22882000,12970432720697302631,0,0,0,0
normal,264,build-cleanup,8,cpp-map,1,1,0,32768,18465000,5694958712740464370,0,0,0,0
normal,264,build-cleanup,8,rust-btree-map,1,1,0,32768,12687000,5694958712740464370,0,0,0,0
normal,264,build-cleanup,8,avl-c,1,1,0,32768,17551000,5694958712740464370,0,0,0,0
normal,264,build-cleanup,8,direct-c,1,1,0,32768,13553000,5694958712740464370,0,0,0,0
normal,264,build-cleanup,8,source-c,1,1,0,32768,21917000,5694958712740464370,0,0,0,0
normal,264,build-cleanup,8,whitefoot,1,1,0,32768,23541000,5694958712740464370,0,0,0,0
normal,264,build-cleanup,8,absl-btree-map,1,1,0,32768,17177000,5694958712740464370,0,0,0,0
normal,264,build-cleanup,8,rust-btree-map,2,1,0,32768,12729000,2359434015305248190,0,0,0,0
normal,264,build-cleanup,8,avl-c,2,1,0,32768,17568000,2359434015305248190,0,0,0,0
normal,264,build-cleanup,8,direct-c,2,1,0,32768,13307000,2359434015305248190,0,0,0,0
normal,264,build-cleanup,8,source-c,2,1,0,32768,21232000,2359434015305248190,0,0,0,0
normal,264,build-cleanup,8,whitefoot,2,1,0,32768,22728000,2359434015305248190,0,0,0,0
normal,264,build-cleanup,8,absl-btree-map,2,1,0,32768,16624000,2359434015305248190,0,0,0,0
normal,264,build-cleanup,8,cpp-map,2,1,0,32768,18387000,2359434015305248190,0,0,0,0
normal,264,build-cleanup,8,avl-c,3,1,0,32768,17459000,16016019999817036713,0,0,0,0
normal,264,build-cleanup,8,direct-c,3,1,0,32768,13281000,16016019999817036713,0,0,0,0
normal,264,build-cleanup,8,source-c,3,1,0,32768,21155000,16016019999817036713,0,0,0,0
normal,264,build-cleanup,8,whitefoot,3,1,0,32768,22996000,16016019999817036713,0,0,0,0
normal,264,build-cleanup,8,absl-btree-map,3,1,0,32768,16601000,16016019999817036713,0,0,0,0
normal,264,build-cleanup,8,cpp-map,3,1,0,32768,18618000,16016019999817036713,0,0,0,0
normal,264,build-cleanup,8,rust-btree-map,3,1,0,32768,12779000,16016019999817036713,0,0,0,0
normal,264,build-cleanup,8,direct-c,4,1,0,32768,13230000,4737682427074849567,0,0,0,0
normal,264,build-cleanup,8,source-c,4,1,0,32768,21210000,4737682427074849567,0,0,0,0
normal,264,build-cleanup,8,whitefoot,4,1,0,32768,22879000,4737682427074849567,0,0,0,0
normal,264,build-cleanup,8,absl-btree-map,4,1,0,32768,16679000,4737682427074849567,0,0,0,0
normal,264,build-cleanup,8,cpp-map,4,1,0,32768,18412000,4737682427074849567,0,0,0,0
normal,264,build-cleanup,8,rust-btree-map,4,1,0,32768,12790000,4737682427074849567,0,0,0,0
normal,264,build-cleanup,8,avl-c,4,1,0,32768,17411000,4737682427074849567,0,0,0,0
normal,264,build-cleanup,8,source-c,5,1,0,32768,21585000,14669398769654276613,0,0,0,0
normal,264,build-cleanup,8,whitefoot,5,1,0,32768,23587000,14669398769654276613,0,0,0,0
normal,264,build-cleanup,8,absl-btree-map,5,1,0,32768,17766000,14669398769654276613,0,0,0,0
normal,264,build-cleanup,8,cpp-map,5,1,0,32768,18995000,14669398769654276613,0,0,0,0
normal,264,build-cleanup,8,rust-btree-map,5,1,0,32768,13009000,14669398769654276613,0,0,0,0
normal,264,build-cleanup,8,avl-c,5,1,0,32768,17709000,14669398769654276613,0,0,0,0
normal,264,build-cleanup,8,direct-c,5,1,0,32768,13437000,14669398769654276613,0,0,0,0
normal,264,build-cleanup,256,absl-btree-map,0,1,0,1024,22421000,10905709568423654914,0,0,0,0
normal,264,build-cleanup,256,cpp-map,0,1,0,1024,21929000,10905709568423654914,0,0,0,0
normal,264,build-cleanup,256,rust-btree-map,0,1,0,1024,22848000,10905709568423654914,0,0,0,0
normal,264,build-cleanup,256,avl-c,0,1,0,1024,21483000,10905709568423654914,0,0,0,0
normal,264,build-cleanup,256,direct-c,0,1,0,1024,25662000,10905709568423654914,0,0,0,0
normal,264,build-cleanup,256,source-c,0,1,0,1024,39633000,10905709568423654914,0,0,0,0
normal,264,build-cleanup,256,whitefoot,0,1,0,1024,44599000,10905709568423654914,0,0,0,0
normal,264,build-cleanup,256,cpp-map,1,1,0,1024,22105000,15688311896904489896,0,0,0,0
normal,264,build-cleanup,256,rust-btree-map,1,1,0,1024,22311000,15688311896904489896,0,0,0,0
normal,264,build-cleanup,256,avl-c,1,1,0,1024,20619000,15688311896904489896,0,0,0,0
normal,264,build-cleanup,256,direct-c,1,1,0,1024,24919000,15688311896904489896,0,0,0,0
normal,264,build-cleanup,256,source-c,1,1,0,1024,39674000,15688311896904489896,0,0,0,0
normal,264,build-cleanup,256,whitefoot,1,1,0,1024,44500000,15688311896904489896,0,0,0,0
normal,264,build-cleanup,256,absl-btree-map,1,1,0,1024,22652000,15688311896904489896,0,0,0,0
normal,264,build-cleanup,256,rust-btree-map,2,1,0,1024,21879000,4247202477217429097,0,0,0,0
normal,264,build-cleanup,256,avl-c,2,1,0,1024,20623000,4247202477217429097,0,0,0,0
normal,264,build-cleanup,256,direct-c,2,1,0,1024,24926000,4247202477217429097,0,0,0,0
normal,264,build-cleanup,256,source-c,2,1,0,1024,39757000,4247202477217429097,0,0,0,0
normal,264,build-cleanup,256,whitefoot,2,1,0,1024,44912000,4247202477217429097,0,0,0,0
normal,264,build-cleanup,256,absl-btree-map,2,1,0,1024,22425000,4247202477217429097,0,0,0,0
normal,264,build-cleanup,256,cpp-map,2,1,0,1024,22018000,4247202477217429097,0,0,0,0
normal,264,build-cleanup,256,avl-c,3,1,0,1024,20629000,16038135718187473938,0,0,0,0
normal,264,build-cleanup,256,direct-c,3,1,0,1024,24949000,16038135718187473938,0,0,0,0
normal,264,build-cleanup,256,source-c,3,1,0,1024,40447000,16038135718187473938,0,0,0,0
normal,264,build-cleanup,256,whitefoot,3,1,0,1024,44658000,16038135718187473938,0,0,0,0
normal,264,build-cleanup,256,absl-btree-map,3,1,0,1024,22442000,16038135718187473938,0,0,0,0
normal,264,build-cleanup,256,cpp-map,3,1,0,1024,22045000,16038135718187473938,0,0,0,0
normal,264,build-cleanup,256,rust-btree-map,3,1,0,1024,22625000,16038135718187473938,0,0,0,0
normal,264,build-cleanup,256,direct-c,4,1,0,1024,24820000,4728765474361407804,0,0,0,0
normal,264,build-cleanup,256,source-c,4,1,0,1024,39636000,4728765474361407804,0,0,0,0
normal,264,build-cleanup,256,whitefoot,4,1,0,1024,44559000,4728765474361407804,0,0,0,0
normal,264,build-cleanup,256,absl-btree-map,4,1,0,1024,22485000,4728765474361407804,0,0,0,0
normal,264,build-cleanup,256,cpp-map,4,1,0,1024,22211000,4728765474361407804,0,0,0,0
normal,264,build-cleanup,256,rust-btree-map,4,1,0,1024,21999000,4728765474361407804,0,0,0,0
normal,264,build-cleanup,256,avl-c,4,1,0,1024,21233000,4728765474361407804,0,0,0,0
normal,264,build-cleanup,256,source-c,5,1,0,1024,41340000,9948234311477538802,0,0,0,0
normal,264,build-cleanup,256,whitefoot,5,1,0,1024,44973000,9948234311477538802,0,0,0,0
normal,264,build-cleanup,256,absl-btree-map,5,1,0,1024,22269000,9948234311477538802,0,0,0,0
normal,264,build-cleanup,256,cpp-map,5,1,0,1024,22127000,9948234311477538802,0,0,0,0
normal,264,build-cleanup,256,rust-btree-map,5,1,0,1024,22156000,9948234311477538802,0,0,0,0
normal,264,build-cleanup,256,avl-c,5,1,0,1024,20612000,9948234311477538802,0,0,0,0
normal,264,build-cleanup,256,direct-c,5,1,0,1024,24902000,9948234311477538802,0,0,0,0
normal,264,build-cleanup,4096,absl-btree-map,0,1,0,64,42421000,7242297467275157476,0,0,0,0
normal,264,build-cleanup,4096,cpp-map,0,1,0,64,33016000,7242297467275157476,0,0,0,0
normal,264,build-cleanup,4096,rust-btree-map,0,1,0,64,32847000,7242297467275157476,0,0,0,0
normal,264,build-cleanup,4096,avl-c,0,1,0,64,30738000,7242297467275157476,0,0,0,0
normal,264,build-cleanup,4096,direct-c,0,1,0,64,36403000,7242297467275157476,0,0,0,0
normal,264,build-cleanup,4096,source-c,0,1,0,64,50818000,7242297467275157476,0,0,0,0
normal,264,build-cleanup,4096,whitefoot,0,1,0,64,55438000,7242297467275157476,0,0,0,0
normal,264,build-cleanup,4096,cpp-map,1,1,0,64,33262000,13558288347933268278,0,0,0,0
normal,264,build-cleanup,4096,rust-btree-map,1,1,0,64,32828000,13558288347933268278,0,0,0,0
normal,264,build-cleanup,4096,avl-c,1,1,0,64,30867000,13558288347933268278,0,0,0,0
normal,264,build-cleanup,4096,direct-c,1,1,0,64,37031000,13558288347933268278,0,0,0,0
normal,264,build-cleanup,4096,source-c,1,1,0,64,51085000,13558288347933268278,0,0,0,0
normal,264,build-cleanup,4096,whitefoot,1,1,0,64,55580000,13558288347933268278,0,0,0,0
normal,264,build-cleanup,4096,absl-btree-map,1,1,0,64,43311000,13558288347933268278,0,0,0,0
normal,264,build-cleanup,4096,rust-btree-map,2,1,0,64,34600000,14340865951249812916,0,0,0,0
normal,264,build-cleanup,4096,avl-c,2,1,0,64,31611000,14340865951249812916,0,0,0,0
normal,264,build-cleanup,4096,direct-c,2,1,0,64,36402000,14340865951249812916,0,0,0,0
normal,264,build-cleanup,4096,source-c,2,1,0,64,51052000,14340865951249812916,0,0,0,0
normal,264,build-cleanup,4096,whitefoot,2,1,0,64,55593000,14340865951249812916,0,0,0,0
normal,264,build-cleanup,4096,absl-btree-map,2,1,0,64,42658000,14340865951249812916,0,0,0,0
normal,264,build-cleanup,4096,cpp-map,2,1,0,64,33236000,14340865951249812916,0,0,0,0
normal,264,build-cleanup,4096,avl-c,3,1,0,64,31009000,1577564721488938948,0,0,0,0
normal,264,build-cleanup,4096,direct-c,3,1,0,64,36360000,1577564721488938948,0,0,0,0
normal,264,build-cleanup,4096,source-c,3,1,0,64,51079000,1577564721488938948,0,0,0,0
normal,264,build-cleanup,4096,whitefoot,3,1,0,64,55697000,1577564721488938948,0,0,0,0
normal,264,build-cleanup,4096,absl-btree-map,3,1,0,64,42633000,1577564721488938948,0,0,0,0
normal,264,build-cleanup,4096,cpp-map,3,1,0,64,33127000,1577564721488938948,0,0,0,0
normal,264,build-cleanup,4096,rust-btree-map,3,1,0,64,32886000,1577564721488938948,0,0,0,0
normal,264,build-cleanup,4096,direct-c,4,1,0,64,36520000,10126895932126016361,0,0,0,0
normal,264,build-cleanup,4096,source-c,4,1,0,64,51565000,10126895932126016361,0,0,0,0
normal,264,build-cleanup,4096,whitefoot,4,1,0,64,57033000,10126895932126016361,0,0,0,0
normal,264,build-cleanup,4096,absl-btree-map,4,1,0,64,42797000,10126895932126016361,0,0,0,0
normal,264,build-cleanup,4096,cpp-map,4,1,0,64,33121000,10126895932126016361,0,0,0,0
normal,264,build-cleanup,4096,rust-btree-map,4,1,0,64,33164000,10126895932126016361,0,0,0,0
normal,264,build-cleanup,4096,avl-c,4,1,0,64,32082000,10126895932126016361,0,0,0,0
normal,264,build-cleanup,4096,source-c,5,1,0,64,53506000,10755512085683788456,0,0,0,0
normal,264,build-cleanup,4096,whitefoot,5,1,0,64,55695000,10755512085683788456,0,0,0,0
normal,264,build-cleanup,4096,absl-btree-map,5,1,0,64,42907000,10755512085683788456,0,0,0,0
normal,264,build-cleanup,4096,cpp-map,5,1,0,64,33119000,10755512085683788456,0,0,0,0
normal,264,build-cleanup,4096,rust-btree-map,5,1,0,64,33555000,10755512085683788456,0,0,0,0
normal,264,build-cleanup,4096,avl-c,5,1,0,64,30703000,10755512085683788456,0,0,0,0
normal,264,build-cleanup,4096,direct-c,5,1,0,64,36541000,10755512085683788456,0,0,0,0
normal,264,hit-miss,8,absl-btree-map,0,1,1024,64,9953000,15911070240917534194,0,0,0,0
normal,264,hit-miss,8,cpp-map,0,1,1024,64,9961000,15911070240917534194,0,0,0,0
normal,264,hit-miss,8,rust-btree-map,0,1,1024,64,9956000,15911070240917534194,0,0,0,0
normal,264,hit-miss,8,avl-c,0,1,1024,64,11072000,15911070240917534194,0,0,0,0
normal,264,hit-miss,8,direct-c,0,1,1024,64,10164000,15911070240917534194,0,0,0,0
normal,264,hit-miss,8,source-c,0,1,1024,64,9671000,15911070240917534194,0,0,0,0
normal,264,hit-miss,8,whitefoot,0,1,1024,64,10354000,15911070240917534194,0,0,0,0
normal,264,hit-miss,8,cpp-map,1,1,1024,64,9618000,11599439563201050437,0,0,0,0
normal,264,hit-miss,8,rust-btree-map,1,1,1024,64,9941000,11599439563201050437,0,0,0,0
normal,264,hit-miss,8,avl-c,1,1,1024,64,11025000,11599439563201050437,0,0,0,0
normal,264,hit-miss,8,direct-c,1,1,1024,64,10156000,11599439563201050437,0,0,0,0
normal,264,hit-miss,8,source-c,1,1,1024,64,9679000,11599439563201050437,0,0,0,0
normal,264,hit-miss,8,whitefoot,1,1,1024,64,10507000,11599439563201050437,0,0,0,0
normal,264,hit-miss,8,absl-btree-map,1,1,1024,64,9553000,11599439563201050437,0,0,0,0
normal,264,hit-miss,8,rust-btree-map,2,1,1024,64,10133000,7907477449312067031,0,0,0,0
normal,264,hit-miss,8,avl-c,2,1,1024,64,10964000,7907477449312067031,0,0,0,0
normal,264,hit-miss,8,direct-c,2,1,1024,64,10173000,7907477449312067031,0,0,0,0
normal,264,hit-miss,8,source-c,2,1,1024,64,9647000,7907477449312067031,0,0,0,0
normal,264,hit-miss,8,whitefoot,2,1,1024,64,10411000,7907477449312067031,0,0,0,0
normal,264,hit-miss,8,absl-btree-map,2,1,1024,64,9557000,7907477449312067031,0,0,0,0
normal,264,hit-miss,8,cpp-map,2,1,1024,64,9595000,7907477449312067031,0,0,0,0
normal,264,hit-miss,8,avl-c,3,1,1024,64,11140000,2316265427564664105,0,0,0,0
normal,264,hit-miss,8,direct-c,3,1,1024,64,10180000,2316265427564664105,0,0,0,0
normal,264,hit-miss,8,source-c,3,1,1024,64,9705000,2316265427564664105,0,0,0,0
normal,264,hit-miss,8,whitefoot,3,1,1024,64,10476000,2316265427564664105,0,0,0,0
normal,264,hit-miss,8,absl-btree-map,3,1,1024,64,9541000,2316265427564664105,0,0,0,0
normal,264,hit-miss,8,cpp-map,3,1,1024,64,9626000,2316265427564664105,0,0,0,0
normal,264,hit-miss,8,rust-btree-map,3,1,1024,64,10053000,2316265427564664105,0,0,0,0
normal,264,hit-miss,8,direct-c,4,1,1024,64,10256000,12115682481797854173,0,0,0,0
normal,264,hit-miss,8,source-c,4,1,1024,64,9757000,12115682481797854173,0,0,0,0
normal,264,hit-miss,8,whitefoot,4,1,1024,64,10424000,12115682481797854173,0,0,0,0
normal,264,hit-miss,8,absl-btree-map,4,1,1024,64,9531000,12115682481797854173,0,0,0,0
normal,264,hit-miss,8,cpp-map,4,1,1024,64,9620000,12115682481797854173,0,0,0,0
normal,264,hit-miss,8,rust-btree-map,4,1,1024,64,10022000,12115682481797854173,0,0,0,0
normal,264,hit-miss,8,avl-c,4,1,1024,64,10949000,12115682481797854173,0,0,0,0
normal,264,hit-miss,8,source-c,5,1,1024,64,9743000,2929237865108832753,0,0,0,0
normal,264,hit-miss,8,whitefoot,5,1,1024,64,10310000,2929237865108832753,0,0,0,0
normal,264,hit-miss,8,absl-btree-map,5,1,1024,64,9527000,2929237865108832753,0,0,0,0
normal,264,hit-miss,8,cpp-map,5,1,1024,64,9663000,2929237865108832753,0,0,0,0
normal,264,hit-miss,8,rust-btree-map,5,1,1024,64,10022000,2929237865108832753,0,0,0,0
normal,264,hit-miss,8,avl-c,5,1,1024,64,11009000,2929237865108832753,0,0,0,0
normal,264,hit-miss,8,direct-c,5,1,1024,64,10169000,2929237865108832753,0,0,0,0
normal,264,hit-miss,256,absl-btree-map,0,1,32,64,13818000,632918352230895573,0,0,0,0
normal,264,hit-miss,256,cpp-map,0,1,32,64,11277000,632918352230895573,0,0,0,0
normal,264,hit-miss,256,rust-btree-map,0,1,32,64,16010000,632918352230895573,0,0,0,0
normal,264,hit-miss,256,avl-c,0,1,32,64,17715000,632918352230895573,0,0,0,0
normal,264,hit-miss,256,direct-c,0,1,32,64,14192000,632918352230895573,0,0,0,0
normal,264,hit-miss,256,source-c,0,1,32,64,17469000,632918352230895573,0,0,0,0
normal,264,hit-miss,256,whitefoot,0,1,32,64,18729000,632918352230895573,0,0,0,0
normal,264,hit-miss,256,cpp-map,1,1,32,64,11564000,13148039306226453033,0,0,0,0
normal,264,hit-miss,256,rust-btree-map,1,1,32,64,16191000,13148039306226453033,0,0,0,0
normal,264,hit-miss,256,avl-c,1,1,32,64,17553000,13148039306226453033,0,0,0,0
normal,264,hit-miss,256,direct-c,1,1,32,64,14080000,13148039306226453033,0,0,0,0
normal,264,hit-miss,256,source-c,1,1,32,64,17324000,13148039306226453033,0,0,0,0
normal,264,hit-miss,256,whitefoot,1,1,32,64,17883000,13148039306226453033,0,0,0,0
normal,264,hit-miss,256,absl-btree-map,1,1,32,64,13830000,13148039306226453033,0,0,0,0
normal,264,hit-miss,256,rust-btree-map,2,1,32,64,16432000,16588842381711063914,0,0,0,0
normal,264,hit-miss,256,avl-c,2,1,32,64,17681000,16588842381711063914,0,0,0,0
normal,264,hit-miss,256,direct-c,2,1,32,64,14076000,16588842381711063914,0,0,0,0
normal,264,hit-miss,256,source-c,2,1,32,64,17207000,16588842381711063914,0,0,0,0
normal,264,hit-miss,256,whitefoot,2,1,32,64,18169000,16588842381711063914,0,0,0,0
normal,264,hit-miss,256,absl-btree-map,2,1,32,64,13710000,16588842381711063914,0,0,0,0
normal,264,hit-miss,256,cpp-map,2,1,32,64,11240000,16588842381711063914,0,0,0,0
normal,264,hit-miss,256,avl-c,3,1,32,64,17601000,4493271121112100087,0,0,0,0
normal,264,hit-miss,256,direct-c,3,1,32,64,14043000,4493271121112100087,0,0,0,0
normal,264,hit-miss,256,source-c,3,1,32,64,17194000,4493271121112100087,0,0,0,0
normal,264,hit-miss,256,whitefoot,3,1,32,64,18075000,4493271121112100087,0,0,0,0
normal,264,hit-miss,256,absl-btree-map,3,1,32,64,14238000,4493271121112100087,0,0,0,0
normal,264,hit-miss,256,cpp-map,3,1,32,64,11034000,4493271121112100087,0,0,0,0
normal,264,hit-miss,256,rust-btree-map,3,1,32,64,16070000,4493271121112100087,0,0,0,0
normal,264,hit-miss,256,direct-c,4,1,32,64,14063000,7947395574310753487,0,0,0,0
normal,264,hit-miss,256,source-c,4,1,32,64,17293000,7947395574310753487,0,0,0,0
normal,264,hit-miss,256,whitefoot,4,1,32,64,17856000,7947395574310753487,0,0,0,0
normal,264,hit-miss,256,absl-btree-map,4,1,32,64,13804000,7947395574310753487,0,0,0,0
normal,264,hit-miss,256,cpp-map,4,1,32,64,11052000,7947395574310753487,0,0,0,0
normal,264,hit-miss,256,rust-btree-map,4,1,32,64,15995000,7947395574310753487,0,0,0,0
normal,264,hit-miss,256,avl-c,4,1,32,64,17620000,7947395574310753487,0,0,0,0
normal,264,hit-miss,256,source-c,5,1,32,64,17140000,7513660605470930704,0,0,0,0
normal,264,hit-miss,256,whitefoot,5,1,32,64,18195000,7513660605470930704,0,0,0,0
normal,264,hit-miss,256,absl-btree-map,5,1,32,64,14370000,7513660605470930704,0,0,0,0
normal,264,hit-miss,256,cpp-map,5,1,32,64,11489000,7513660605470930704,0,0,0,0
normal,264,hit-miss,256,rust-btree-map,5,1,32,64,16379000,7513660605470930704,0,0,0,0
normal,264,hit-miss,256,avl-c,5,1,32,64,18154000,7513660605470930704,0,0,0,0
normal,264,hit-miss,256,direct-c,5,1,32,64,14611000,7513660605470930704,0,0,0,0
normal,264,hit-miss,4096,absl-btree-map,0,1,2,64,107400000,9336059074387684422,0,0,0,0
normal,264,hit-miss,4096,cpp-map,0,1,2,64,84990000,9336059074387684422,0,0,0,0
normal,264,hit-miss,4096,rust-btree-map,0,1,2,64,89391000,9336059074387684422,0,0,0,0
normal,264,hit-miss,4096,avl-c,0,1,2,64,61046000,9336059074387684422,0,0,0,0
normal,264,hit-miss,4096,direct-c,0,1,2,64,78755000,9336059074387684422,0,0,0,0
normal,264,hit-miss,4096,source-c,0,1,2,64,100028000,9336059074387684422,0,0,0,0
normal,264,hit-miss,4096,whitefoot,0,1,2,64,104137000,9336059074387684422,0,0,0,0
normal,264,hit-miss,4096,cpp-map,1,1,2,64,84096000,5552303480900245877,0,0,0,0
normal,264,hit-miss,4096,rust-btree-map,1,1,2,64,87346000,5552303480900245877,0,0,0,0
normal,264,hit-miss,4096,avl-c,1,1,2,64,60580000,5552303480900245877,0,0,0,0
normal,264,hit-miss,4096,direct-c,1,1,2,64,77895000,5552303480900245877,0,0,0,0
normal,264,hit-miss,4096,source-c,1,1,2,64,99121000,5552303480900245877,0,0,0,0
normal,264,hit-miss,4096,whitefoot,1,1,2,64,105125000,5552303480900245877,0,0,0,0
normal,264,hit-miss,4096,absl-btree-map,1,1,2,64,111819000,5552303480900245877,0,0,0,0
normal,264,hit-miss,4096,rust-btree-map,2,1,2,64,88647000,10881546498374648049,0,0,0,0
normal,264,hit-miss,4096,avl-c,2,1,2,64,60802000,10881546498374648049,0,0,0,0
normal,264,hit-miss,4096,direct-c,2,1,2,64,77552000,10881546498374648049,0,0,0,0
normal,264,hit-miss,4096,source-c,2,1,2,64,98930000,10881546498374648049,0,0,0,0
normal,264,hit-miss,4096,whitefoot,2,1,2,64,107094000,10881546498374648049,0,0,0,0
normal,264,hit-miss,4096,absl-btree-map,2,1,2,64,110628000,10881546498374648049,0,0,0,0
normal,264,hit-miss,4096,cpp-map,2,1,2,64,83945000,10881546498374648049,0,0,0,0
normal,264,hit-miss,4096,avl-c,3,1,2,64,62870000,9230546168091702444,0,0,0,0
normal,264,hit-miss,4096,direct-c,3,1,2,64,78597000,9230546168091702444,0,0,0,0
normal,264,hit-miss,4096,source-c,3,1,2,64,99305000,9230546168091702444,0,0,0,0
normal,264,hit-miss,4096,whitefoot,3,1,2,64,106131000,9230546168091702444,0,0,0,0
normal,264,hit-miss,4096,absl-btree-map,3,1,2,64,108456000,9230546168091702444,0,0,0,0
normal,264,hit-miss,4096,cpp-map,3,1,2,64,84768000,9230546168091702444,0,0,0,0
normal,264,hit-miss,4096,rust-btree-map,3,1,2,64,87663000,9230546168091702444,0,0,0,0
normal,264,hit-miss,4096,direct-c,4,1,2,64,78494000,15634305563042820653,0,0,0,0
normal,264,hit-miss,4096,source-c,4,1,2,64,99699000,15634305563042820653,0,0,0,0
normal,264,hit-miss,4096,whitefoot,4,1,2,64,103779000,15634305563042820653,0,0,0,0
normal,264,hit-miss,4096,absl-btree-map,4,1,2,64,110549000,15634305563042820653,0,0,0,0
normal,264,hit-miss,4096,cpp-map,4,1,2,64,84404000,15634305563042820653,0,0,0,0
normal,264,hit-miss,4096,rust-btree-map,4,1,2,64,87882000,15634305563042820653,0,0,0,0
normal,264,hit-miss,4096,avl-c,4,1,2,64,60764000,15634305563042820653,0,0,0,0
normal,264,hit-miss,4096,source-c,5,1,2,64,99348000,11025423596080953157,0,0,0,0
normal,264,hit-miss,4096,whitefoot,5,1,2,64,104025000,11025423596080953157,0,0,0,0
normal,264,hit-miss,4096,absl-btree-map,5,1,2,64,108060000,11025423596080953157,0,0,0,0
normal,264,hit-miss,4096,cpp-map,5,1,2,64,83664000,11025423596080953157,0,0,0,0
normal,264,hit-miss,4096,rust-btree-map,5,1,2,64,87283000,11025423596080953157,0,0,0,0
normal,264,hit-miss,4096,avl-c,5,1,2,64,61143000,11025423596080953157,0,0,0,0
normal,264,hit-miss,4096,direct-c,5,1,2,64,80807000,11025423596080953157,0,0,0,0
normal,264,replace-edit-remove-insert,8,absl-btree-map,0,1,1024,64,61416000,14001471601555630752,0,0,0,0
normal,264,replace-edit-remove-insert,8,cpp-map,0,1,1024,64,42891000,14001471601555630752,0,0,0,0
normal,264,replace-edit-remove-insert,8,rust-btree-map,0,1,1024,64,67487000,14001471601555630752,0,0,0,0
normal,264,replace-edit-remove-insert,8,avl-c,0,1,1024,64,56092000,14001471601555630752,0,0,0,0
normal,264,replace-edit-remove-insert,8,direct-c,0,1,1024,64,66440000,14001471601555630752,0,0,0,0
normal,264,replace-edit-remove-insert,8,source-c,0,1,1024,64,81522000,14001471601555630752,0,0,0,0
normal,264,replace-edit-remove-insert,8,whitefoot,0,1,1024,64,105582000,14001471601555630752,0,0,0,0
normal,264,replace-edit-remove-insert,8,cpp-map,1,1,1024,64,42905000,3409011035975531195,0,0,0,0
normal,264,replace-edit-remove-insert,8,rust-btree-map,1,1,1024,64,67735000,3409011035975531195,0,0,0,0
normal,264,replace-edit-remove-insert,8,avl-c,1,1,1024,64,56026000,3409011035975531195,0,0,0,0
normal,264,replace-edit-remove-insert,8,direct-c,1,1,1024,64,66552000,3409011035975531195,0,0,0,0
normal,264,replace-edit-remove-insert,8,source-c,1,1,1024,64,84118000,3409011035975531195,0,0,0,0
normal,264,replace-edit-remove-insert,8,whitefoot,1,1,1024,64,108431000,3409011035975531195,0,0,0,0
normal,264,replace-edit-remove-insert,8,absl-btree-map,1,1,1024,64,61796000,3409011035975531195,0,0,0,0
normal,264,replace-edit-remove-insert,8,rust-btree-map,2,1,1024,64,67266000,7208867627709953911,0,0,0,0
normal,264,replace-edit-remove-insert,8,avl-c,2,1,1024,64,56110000,7208867627709953911,0,0,0,0
normal,264,replace-edit-remove-insert,8,direct-c,2,1,1024,64,66492000,7208867627709953911,0,0,0,0
normal,264,replace-edit-remove-insert,8,source-c,2,1,1024,64,82061000,7208867627709953911,0,0,0,0
normal,264,replace-edit-remove-insert,8,whitefoot,2,1,1024,64,104539000,7208867627709953911,0,0,0,0
normal,264,replace-edit-remove-insert,8,absl-btree-map,2,1,1024,64,62454000,7208867627709953911,0,0,0,0
normal,264,replace-edit-remove-insert,8,cpp-map,2,1,1024,64,42959000,7208867627709953911,0,0,0,0
normal,264,replace-edit-remove-insert,8,avl-c,3,1,1024,64,56132000,17239568843091695629,0,0,0,0
normal,264,replace-edit-remove-insert,8,direct-c,3,1,1024,64,66417000,17239568843091695629,0,0,0,0
normal,264,replace-edit-remove-insert,8,source-c,3,1,1024,64,81503000,17239568843091695629,0,0,0,0
normal,264,replace-edit-remove-insert,8,whitefoot,3,1,1024,64,104644000,17239568843091695629,0,0,0,0
normal,264,replace-edit-remove-insert,8,absl-btree-map,3,1,1024,64,62794000,17239568843091695629,0,0,0,0
normal,264,replace-edit-remove-insert,8,cpp-map,3,1,1024,64,43845000,17239568843091695629,0,0,0,0
normal,264,replace-edit-remove-insert,8,rust-btree-map,3,1,1024,64,67171000,17239568843091695629,0,0,0,0
normal,264,replace-edit-remove-insert,8,direct-c,4,1,1024,64,66502000,13435469807867225644,0,0,0,0
normal,264,replace-edit-remove-insert,8,source-c,4,1,1024,64,81748000,13435469807867225644,0,0,0,0
normal,264,replace-edit-remove-insert,8,whitefoot,4,1,1024,64,104519000,13435469807867225644,0,0,0,0
normal,264,replace-edit-remove-insert,8,absl-btree-map,4,1,1024,64,61506000,13435469807867225644,0,0,0,0
normal,264,replace-edit-remove-insert,8,cpp-map,4,1,1024,64,42825000,13435469807867225644,0,0,0,0
normal,264,replace-edit-remove-insert,8,rust-btree-map,4,1,1024,64,67542000,13435469807867225644,0,0,0,0
normal,264,replace-edit-remove-insert,8,avl-c,4,1,1024,64,56882000,13435469807867225644,0,0,0,0
normal,264,replace-edit-remove-insert,8,source-c,5,1,1024,64,81486000,5393134365172411407,0,0,0,0
normal,264,replace-edit-remove-insert,8,whitefoot,5,1,1024,64,104553000,5393134365172411407,0,0,0,0
normal,264,replace-edit-remove-insert,8,absl-btree-map,5,1,1024,64,61553000,5393134365172411407,0,0,0,0
normal,264,replace-edit-remove-insert,8,cpp-map,5,1,1024,64,44117000,5393134365172411407,0,0,0,0
normal,264,replace-edit-remove-insert,8,rust-btree-map,5,1,1024,64,68494000,5393134365172411407,0,0,0,0
normal,264,replace-edit-remove-insert,8,avl-c,5,1,1024,64,56112000,5393134365172411407,0,0,0,0
normal,264,replace-edit-remove-insert,8,direct-c,5,1,1024,64,66359000,5393134365172411407,0,0,0,0
normal,264,replace-edit-remove-insert,256,absl-btree-map,0,1,32,64,105322000,5804153690033205121,0,0,0,0
normal,264,replace-edit-remove-insert,256,cpp-map,0,1,32,64,56215000,5804153690033205121,0,0,0,0
normal,264,replace-edit-remove-insert,256,rust-btree-map,0,1,32,64,96434000,5804153690033205121,0,0,0,0
normal,264,replace-edit-remove-insert,256,avl-c,0,1,32,64,93919000,5804153690033205121,0,0,0,0
normal,264,replace-edit-remove-insert,256,direct-c,0,1,32,64,97408000,5804153690033205121,0,0,0,0
normal,264,replace-edit-remove-insert,256,source-c,0,1,32,64,131554000,5804153690033205121,0,0,0,0
normal,264,replace-edit-remove-insert,256,whitefoot,0,1,32,64,152016000,5804153690033205121,0,0,0,0
normal,264,replace-edit-remove-insert,256,cpp-map,1,1,32,64,56043000,2929391412368865679,0,0,0,0
normal,264,replace-edit-remove-insert,256,rust-btree-map,1,1,32,64,96202000,2929391412368865679,0,0,0,0
normal,264,replace-edit-remove-insert,256,avl-c,1,1,32,64,93557000,2929391412368865679,0,0,0,0
normal,264,replace-edit-remove-insert,256,direct-c,1,1,32,64,96941000,2929391412368865679,0,0,0,0
normal,264,replace-edit-remove-insert,256,source-c,1,1,32,64,132153000,2929391412368865679,0,0,0,0
normal,264,replace-edit-remove-insert,256,whitefoot,1,1,32,64,149299000,2929391412368865679,0,0,0,0
normal,264,replace-edit-remove-insert,256,absl-btree-map,1,1,32,64,105583000,2929391412368865679,0,0,0,0
normal,264,replace-edit-remove-insert,256,rust-btree-map,2,1,32,64,97592000,1449550563570819242,0,0,0,0
normal,264,replace-edit-remove-insert,256,avl-c,2,1,32,64,95102000,1449550563570819242,0,0,0,0
normal,264,replace-edit-remove-insert,256,direct-c,2,1,32,64,96339000,1449550563570819242,0,0,0,0
normal,264,replace-edit-remove-insert,256,source-c,2,1,32,64,131662000,1449550563570819242,0,0,0,0
normal,264,replace-edit-remove-insert,256,whitefoot,2,1,32,64,149005000,1449550563570819242,0,0,0,0
normal,264,replace-edit-remove-insert,256,absl-btree-map,2,1,32,64,105013000,1449550563570819242,0,0,0,0
normal,264,replace-edit-remove-insert,256,cpp-map,2,1,32,64,55816000,1449550563570819242,0,0,0,0
normal,264,replace-edit-remove-insert,256,avl-c,3,1,32,64,94919000,12773694427521399930,0,0,0,0
normal,264,replace-edit-remove-insert,256,direct-c,3,1,32,64,98015000,12773694427521399930,0,0,0,0
normal,264,replace-edit-remove-insert,256,source-c,3,1,32,64,136837000,12773694427521399930,0,0,0,0
normal,264,replace-edit-remove-insert,256,whitefoot,3,1,32,64,149474000,12773694427521399930,0,0,0,0
normal,264,replace-edit-remove-insert,256,absl-btree-map,3,1,32,64,106999000,12773694427521399930,0,0,0,0
normal,264,replace-edit-remove-insert,256,cpp-map,3,1,32,64,56161000,12773694427521399930,0,0,0,0
normal,264,replace-edit-remove-insert,256,rust-btree-map,3,1,32,64,96097000,12773694427521399930,0,0,0,0
normal,264,replace-edit-remove-insert,256,direct-c,4,1,32,64,96376000,11310116527308697346,0,0,0,0
normal,264,replace-edit-remove-insert,256,source-c,4,1,32,64,131422000,11310116527308697346,0,0,0,0
normal,264,replace-edit-remove-insert,256,whitefoot,4,1,32,64,149578000,11310116527308697346,0,0,0,0
normal,264,replace-edit-remove-insert,256,absl-btree-map,4,1,32,64,107883000,11310116527308697346,0,0,0,0
normal,264,replace-edit-remove-insert,256,cpp-map,4,1,32,64,55925000,11310116527308697346,0,0,0,0
normal,264,replace-edit-remove-insert,256,rust-btree-map,4,1,32,64,96468000,11310116527308697346,0,0,0,0
normal,264,replace-edit-remove-insert,256,avl-c,4,1,32,64,93891000,11310116527308697346,0,0,0,0
normal,264,replace-edit-remove-insert,256,source-c,5,1,32,64,131602000,5901112441980926456,0,0,0,0
normal,264,replace-edit-remove-insert,256,whitefoot,5,1,32,64,149324000,5901112441980926456,0,0,0,0
normal,264,replace-edit-remove-insert,256,absl-btree-map,5,1,32,64,105201000,5901112441980926456,0,0,0,0
normal,264,replace-edit-remove-insert,256,cpp-map,5,1,32,64,55477000,5901112441980926456,0,0,0,0
normal,264,replace-edit-remove-insert,256,rust-btree-map,5,1,32,64,96239000,5901112441980926456,0,0,0,0
normal,264,replace-edit-remove-insert,256,avl-c,5,1,32,64,97451000,5901112441980926456,0,0,0,0
normal,264,replace-edit-remove-insert,256,direct-c,5,1,32,64,97442000,5901112441980926456,0,0,0,0
normal,264,replace-edit-remove-insert,4096,absl-btree-map,0,1,2,64,209379000,13589301835924901981,0,0,0,0
normal,264,replace-edit-remove-insert,4096,cpp-map,0,1,2,64,132130000,13589301835924901981,0,0,0,0
normal,264,replace-edit-remove-insert,4096,rust-btree-map,0,1,2,64,182345000,13589301835924901981,0,0,0,0
normal,264,replace-edit-remove-insert,4096,avl-c,0,1,2,64,157929000,13589301835924901981,0,0,0,0
normal,264,replace-edit-remove-insert,4096,direct-c,0,1,2,64,186251000,13589301835924901981,0,0,0,0
normal,264,replace-edit-remove-insert,4096,source-c,0,1,2,64,253494000,13589301835924901981,0,0,0,0
normal,264,replace-edit-remove-insert,4096,whitefoot,0,1,2,64,282766000,13589301835924901981,0,0,0,0
normal,264,replace-edit-remove-insert,4096,cpp-map,1,1,2,64,127567000,1613534446757638177,0,0,0,0
normal,264,replace-edit-remove-insert,4096,rust-btree-map,1,1,2,64,186408000,1613534446757638177,0,0,0,0
normal,264,replace-edit-remove-insert,4096,avl-c,1,1,2,64,158946000,1613534446757638177,0,0,0,0
normal,264,replace-edit-remove-insert,4096,direct-c,1,1,2,64,188029000,1613534446757638177,0,0,0,0
normal,264,replace-edit-remove-insert,4096,source-c,1,1,2,64,255492000,1613534446757638177,0,0,0,0
normal,264,replace-edit-remove-insert,4096,whitefoot,1,1,2,64,283731000,1613534446757638177,0,0,0,0
normal,264,replace-edit-remove-insert,4096,absl-btree-map,1,1,2,64,213087000,1613534446757638177,0,0,0,0
normal,264,replace-edit-remove-insert,4096,rust-btree-map,2,1,2,64,182536000,3515889195455458067,0,0,0,0
normal,264,replace-edit-remove-insert,4096,avl-c,2,1,2,64,161354000,3515889195455458067,0,0,0,0
normal,264,replace-edit-remove-insert,4096,direct-c,2,1,2,64,256000000,3515889195455458067,0,0,0,0
normal,264,replace-edit-remove-insert,4096,source-c,2,1,2,64,257638000,3515889195455458067,0,0,0,0
normal,264,replace-edit-remove-insert,4096,whitefoot,2,1,2,64,279185000,3515889195455458067,0,0,0,0
normal,264,replace-edit-remove-insert,4096,absl-btree-map,2,1,2,64,212943000,3515889195455458067,0,0,0,0
normal,264,replace-edit-remove-insert,4096,cpp-map,2,1,2,64,127489000,3515889195455458067,0,0,0,0
normal,264,replace-edit-remove-insert,4096,avl-c,3,1,2,64,159812000,2511659828698947447,0,0,0,0
normal,264,replace-edit-remove-insert,4096,direct-c,3,1,2,64,188626000,2511659828698947447,0,0,0,0
normal,264,replace-edit-remove-insert,4096,source-c,3,1,2,64,253886000,2511659828698947447,0,0,0,0
normal,264,replace-edit-remove-insert,4096,whitefoot,3,1,2,64,279760000,2511659828698947447,0,0,0,0
normal,264,replace-edit-remove-insert,4096,absl-btree-map,3,1,2,64,209048000,2511659828698947447,0,0,0,0
normal,264,replace-edit-remove-insert,4096,cpp-map,3,1,2,64,129849000,2511659828698947447,0,0,0,0
normal,264,replace-edit-remove-insert,4096,rust-btree-map,3,1,2,64,185123000,2511659828698947447,0,0,0,0
normal,264,replace-edit-remove-insert,4096,direct-c,4,1,2,64,188664000,15906761920030230029,0,0,0,0
normal,264,replace-edit-remove-insert,4096,source-c,4,1,2,64,265192000,15906761920030230029,0,0,0,0
normal,264,replace-edit-remove-insert,4096,whitefoot,4,1,2,64,293165000,15906761920030230029,0,0,0,0
normal,264,replace-edit-remove-insert,4096,absl-btree-map,4,1,2,64,213920000,15906761920030230029,0,0,0,0
normal,264,replace-edit-remove-insert,4096,cpp-map,4,1,2,64,127745000,15906761920030230029,0,0,0,0
normal,264,replace-edit-remove-insert,4096,rust-btree-map,4,1,2,64,185736000,15906761920030230029,0,0,0,0
normal,264,replace-edit-remove-insert,4096,avl-c,4,1,2,64,158151000,15906761920030230029,0,0,0,0
normal,264,replace-edit-remove-insert,4096,source-c,5,1,2,64,255982000,148354143472717343,0,0,0,0
normal,264,replace-edit-remove-insert,4096,whitefoot,5,1,2,64,278572000,148354143472717343,0,0,0,0
normal,264,replace-edit-remove-insert,4096,absl-btree-map,5,1,2,64,209343000,148354143472717343,0,0,0,0
normal,264,replace-edit-remove-insert,4096,cpp-map,5,1,2,64,129650000,148354143472717343,0,0,0,0
normal,264,replace-edit-remove-insert,4096,rust-btree-map,5,1,2,64,183078000,148354143472717343,0,0,0,0
normal,264,replace-edit-remove-insert,4096,avl-c,5,1,2,64,159188000,148354143472717343,0,0,0,0
normal,264,replace-edit-remove-insert,4096,direct-c,5,1,2,64,187785000,148354143472717343,0,0,0,0
normal,264,range-16,8,absl-btree-map,0,1,1024,64,37761000,10454894394397211393,0,0,0,0
normal,264,range-16,8,cpp-map,0,1,1024,64,35027000,10454894394397211393,0,0,0,0
normal,264,range-16,8,rust-btree-map,0,1,1024,64,37224000,10454894394397211393,0,0,0,0
normal,264,range-16,8,avl-c,0,1,1024,64,36682000,10454894394397211393,0,0,0,0
normal,264,range-16,8,direct-c,0,1,1024,64,37473000,10454894394397211393,0,0,0,0
normal,264,range-16,8,source-c,0,1,1024,64,37614000,10454894394397211393,0,0,0,0
normal,264,range-16,8,whitefoot,0,1,1024,64,38080000,10454894394397211393,0,0,0,0
normal,264,range-16,8,cpp-map,1,1,1024,64,35144000,16142555749248796463,0,0,0,0
normal,264,range-16,8,rust-btree-map,1,1,1024,64,37348000,16142555749248796463,0,0,0,0
normal,264,range-16,8,avl-c,1,1,1024,64,36870000,16142555749248796463,0,0,0,0
normal,264,range-16,8,direct-c,1,1,1024,64,37479000,16142555749248796463,0,0,0,0
normal,264,range-16,8,source-c,1,1,1024,64,38615000,16142555749248796463,0,0,0,0
normal,264,range-16,8,whitefoot,1,1,1024,64,38078000,16142555749248796463,0,0,0,0
normal,264,range-16,8,absl-btree-map,1,1,1024,64,37861000,16142555749248796463,0,0,0,0
normal,264,range-16,8,rust-btree-map,2,1,1024,64,37329000,14599596358178069387,0,0,0,0
normal,264,range-16,8,avl-c,2,1,1024,64,36723000,14599596358178069387,0,0,0,0
normal,264,range-16,8,direct-c,2,1,1024,64,37837000,14599596358178069387,0,0,0,0
normal,264,range-16,8,source-c,2,1,1024,64,38914000,14599596358178069387,0,0,0,0
normal,264,range-16,8,whitefoot,2,1,1024,64,39881000,14599596358178069387,0,0,0,0
normal,264,range-16,8,absl-btree-map,2,1,1024,64,38147000,14599596358178069387,0,0,0,0
normal,264,range-16,8,cpp-map,2,1,1024,64,35125000,14599596358178069387,0,0,0,0
normal,264,range-16,8,avl-c,3,1,1024,64,36759000,869537158201919681,0,0,0,0
normal,264,range-16,8,direct-c,3,1,1024,64,37577000,869537158201919681,0,0,0,0
normal,264,range-16,8,source-c,3,1,1024,64,37569000,869537158201919681,0,0,0,0
normal,264,range-16,8,whitefoot,3,1,1024,64,38232000,869537158201919681,0,0,0,0
normal,264,range-16,8,absl-btree-map,3,1,1024,64,37786000,869537158201919681,0,0,0,0
normal,264,range-16,8,cpp-map,3,1,1024,64,35113000,869537158201919681,0,0,0,0
normal,264,range-16,8,rust-btree-map,3,1,1024,64,37268000,869537158201919681,0,0,0,0
normal,264,range-16,8,direct-c,4,1,1024,64,38057000,13716809541218740752,0,0,0,0
normal,264,range-16,8,source-c,4,1,1024,64,38499000,13716809541218740752,0,0,0,0
normal,264,range-16,8,whitefoot,4,1,1024,64,38062000,13716809541218740752,0,0,0,0
normal,264,range-16,8,absl-btree-map,4,1,1024,64,37841000,13716809541218740752,0,0,0,0
normal,264,range-16,8,cpp-map,4,1,1024,64,35143000,13716809541218740752,0,0,0,0
normal,264,range-16,8,rust-btree-map,4,1,1024,64,37333000,13716809541218740752,0,0,0,0
normal,264,range-16,8,avl-c,4,1,1024,64,36730000,13716809541218740752,0,0,0,0
normal,264,range-16,8,source-c,5,1,1024,64,38397000,8813170770522661451,0,0,0,0
normal,264,range-16,8,whitefoot,5,1,1024,64,38825000,8813170770522661451,0,0,0,0
normal,264,range-16,8,absl-btree-map,5,1,1024,64,37927000,8813170770522661451,0,0,0,0
normal,264,range-16,8,cpp-map,5,1,1024,64,35028000,8813170770522661451,0,0,0,0
normal,264,range-16,8,rust-btree-map,5,1,1024,64,38133000,8813170770522661451,0,0,0,0
normal,264,range-16,8,avl-c,5,1,1024,64,38112000,8813170770522661451,0,0,0,0
normal,264,range-16,8,direct-c,5,1,1024,64,37439000,8813170770522661451,0,0,0,0
normal,264,range-16,256,absl-btree-map,0,1,32,64,135997000,9771770672604403740,0,0,0,0
normal,264,range-16,256,cpp-map,0,1,32,64,124171000,9771770672604403740,0,0,0,0
normal,264,range-16,256,rust-btree-map,0,1,32,64,130037000,9771770672604403740,0,0,0,0
normal,264,range-16,256,avl-c,0,1,32,64,133332000,9771770672604403740,0,0,0,0
normal,264,range-16,256,direct-c,0,1,32,64,135214000,9771770672604403740,0,0,0,0
normal,264,range-16,256,source-c,0,1,32,64,141670000,9771770672604403740,0,0,0,0
normal,264,range-16,256,whitefoot,0,1,32,64,141117000,9771770672604403740,0,0,0,0
normal,264,range-16,256,cpp-map,1,1,32,64,123835000,5783406123312949404,0,0,0,0
normal,264,range-16,256,rust-btree-map,1,1,32,64,130011000,5783406123312949404,0,0,0,0
normal,264,range-16,256,avl-c,1,1,32,64,134079000,5783406123312949404,0,0,0,0
normal,264,range-16,256,direct-c,1,1,32,64,134880000,5783406123312949404,0,0,0,0
normal,264,range-16,256,source-c,1,1,32,64,141469000,5783406123312949404,0,0,0,0
normal,264,range-16,256,whitefoot,1,1,32,64,141900000,5783406123312949404,0,0,0,0
normal,264,range-16,256,absl-btree-map,1,1,32,64,135351000,5783406123312949404,0,0,0,0
normal,264,range-16,256,rust-btree-map,2,1,32,64,130401000,2372517088785168632,0,0,0,0
normal,264,range-16,256,avl-c,2,1,32,64,134053000,2372517088785168632,0,0,0,0
normal,264,range-16,256,direct-c,2,1,32,64,134576000,2372517088785168632,0,0,0,0
normal,264,range-16,256,source-c,2,1,32,64,140293000,2372517088785168632,0,0,0,0
normal,264,range-16,256,whitefoot,2,1,32,64,143239000,2372517088785168632,0,0,0,0
normal,264,range-16,256,absl-btree-map,2,1,32,64,134817000,2372517088785168632,0,0,0,0
normal,264,range-16,256,cpp-map,2,1,32,64,123892000,2372517088785168632,0,0,0,0
normal,264,range-16,256,avl-c,3,1,32,64,133297000,7868721774671645668,0,0,0,0
normal,264,range-16,256,direct-c,3,1,32,64,134575000,7868721774671645668,0,0,0,0
normal,264,range-16,256,source-c,3,1,32,64,140477000,7868721774671645668,0,0,0,0
normal,264,range-16,256,whitefoot,3,1,32,64,143364000,7868721774671645668,0,0,0,0
normal,264,range-16,256,absl-btree-map,3,1,32,64,136705000,7868721774671645668,0,0,0,0
normal,264,range-16,256,cpp-map,3,1,32,64,123492000,7868721774671645668,0,0,0,0
normal,264,range-16,256,rust-btree-map,3,1,32,64,130038000,7868721774671645668,0,0,0,0
normal,264,range-16,256,direct-c,4,1,32,64,134804000,6395273811152346309,0,0,0,0
normal,264,range-16,256,source-c,4,1,32,64,140343000,6395273811152346309,0,0,0,0
normal,264,range-16,256,whitefoot,4,1,32,64,142350000,6395273811152346309,0,0,0,0
normal,264,range-16,256,absl-btree-map,4,1,32,64,135607000,6395273811152346309,0,0,0,0
normal,264,range-16,256,cpp-map,4,1,32,64,124819000,6395273811152346309,0,0,0,0
normal,264,range-16,256,rust-btree-map,4,1,32,64,129940000,6395273811152346309,0,0,0,0
normal,264,range-16,256,avl-c,4,1,32,64,135273000,6395273811152346309,0,0,0,0
normal,264,range-16,256,source-c,5,1,32,64,140075000,12286306296152728328,0,0,0,0
normal,264,range-16,256,whitefoot,5,1,32,64,140098000,12286306296152728328,0,0,0,0
normal,264,range-16,256,absl-btree-map,5,1,32,64,136851000,12286306296152728328,0,0,0,0
normal,264,range-16,256,cpp-map,5,1,32,64,124539000,12286306296152728328,0,0,0,0
normal,264,range-16,256,rust-btree-map,5,1,32,64,131428000,12286306296152728328,0,0,0,0
normal,264,range-16,256,avl-c,5,1,32,64,135541000,12286306296152728328,0,0,0,0
normal,264,range-16,256,direct-c,5,1,32,64,134091000,12286306296152728328,0,0,0,0
normal,264,range-16,4096,absl-btree-map,0,1,2,64,227191000,18250043195190621931,0,0,0,0
normal,264,range-16,4096,cpp-map,0,1,2,64,190703000,18250043195190621931,0,0,0,0
normal,264,range-16,4096,rust-btree-map,0,1,2,64,203719000,18250043195190621931,0,0,0,0
normal,264,range-16,4096,avl-c,0,1,2,64,198085000,18250043195190621931,0,0,0,0
normal,264,range-16,4096,direct-c,0,1,2,64,192605000,18250043195190621931,0,0,0,0
normal,264,range-16,4096,source-c,0,1,2,64,212786000,18250043195190621931,0,0,0,0
normal,264,range-16,4096,whitefoot,0,1,2,64,214961000,18250043195190621931,0,0,0,0
normal,264,range-16,4096,cpp-map,1,1,2,64,189525000,9506518637761144695,0,0,0,0
normal,264,range-16,4096,rust-btree-map,1,1,2,64,197690000,9506518637761144695,0,0,0,0
normal,264,range-16,4096,avl-c,1,1,2,64,204008000,9506518637761144695,0,0,0,0
normal,264,range-16,4096,direct-c,1,1,2,64,199549000,9506518637761144695,0,0,0,0
normal,264,range-16,4096,source-c,1,1,2,64,209956000,9506518637761144695,0,0,0,0
normal,264,range-16,4096,whitefoot,1,1,2,64,213425000,9506518637761144695,0,0,0,0
normal,264,range-16,4096,absl-btree-map,1,1,2,64,226991000,9506518637761144695,0,0,0,0
normal,264,range-16,4096,rust-btree-map,2,1,2,64,198048000,4923863984560818635,0,0,0,0
normal,264,range-16,4096,avl-c,2,1,2,64,196625000,4923863984560818635,0,0,0,0
normal,264,range-16,4096,direct-c,2,1,2,64,192768000,4923863984560818635,0,0,0,0
normal,264,range-16,4096,source-c,2,1,2,64,213735000,4923863984560818635,0,0,0,0
normal,264,range-16,4096,whitefoot,2,1,2,64,214402000,4923863984560818635,0,0,0,0
normal,264,range-16,4096,absl-btree-map,2,1,2,64,224357000,4923863984560818635,0,0,0,0
normal,264,range-16,4096,cpp-map,2,1,2,64,189746000,4923863984560818635,0,0,0,0
normal,264,range-16,4096,avl-c,3,1,2,64,199638000,4765934281346948831,0,0,0,0
normal,264,range-16,4096,direct-c,3,1,2,64,192065000,4765934281346948831,0,0,0,0
normal,264,range-16,4096,source-c,3,1,2,64,209154000,4765934281346948831,0,0,0,0
normal,264,range-16,4096,whitefoot,3,1,2,64,215606000,4765934281346948831,0,0,0,0
normal,264,range-16,4096,absl-btree-map,3,1,2,64,224808000,4765934281346948831,0,0,0,0
normal,264,range-16,4096,cpp-map,3,1,2,64,192039000,4765934281346948831,0,0,0,0
normal,264,range-16,4096,rust-btree-map,3,1,2,64,200282000,4765934281346948831,0,0,0,0
normal,264,range-16,4096,direct-c,4,1,2,64,193787000,9399511896882792773,0,0,0,0
normal,264,range-16,4096,source-c,4,1,2,64,211993000,9399511896882792773,0,0,0,0
normal,264,range-16,4096,whitefoot,4,1,2,64,214058000,9399511896882792773,0,0,0,0
normal,264,range-16,4096,absl-btree-map,4,1,2,64,224387000,9399511896882792773,0,0,0,0
normal,264,range-16,4096,cpp-map,4,1,2,64,189956000,9399511896882792773,0,0,0,0
normal,264,range-16,4096,rust-btree-map,4,1,2,64,197947000,9399511896882792773,0,0,0,0
normal,264,range-16,4096,avl-c,4,1,2,64,199411000,9399511896882792773,0,0,0,0
normal,264,range-16,4096,source-c,5,1,2,64,209129000,13054319203320571253,0,0,0,0
normal,264,range-16,4096,whitefoot,5,1,2,64,222972000,13054319203320571253,0,0,0,0
normal,264,range-16,4096,absl-btree-map,5,1,2,64,231209000,13054319203320571253,0,0,0,0
normal,264,range-16,4096,cpp-map,5,1,2,64,195961000,13054319203320571253,0,0,0,0
normal,264,range-16,4096,rust-btree-map,5,1,2,64,199640000,13054319203320571253,0,0,0,0
normal,264,range-16,4096,avl-c,5,1,2,64,197486000,13054319203320571253,0,0,0,0
normal,264,range-16,4096,direct-c,5,1,2,64,192618000,13054319203320571253,0,0,0,0
normal,264,replace-only,8,absl-btree-map,0,1,1024,64,15262000,14287150813521129440,0,0,0,0
normal,264,replace-only,8,cpp-map,0,1,1024,64,18023000,14287150813521129440,0,0,0,0
normal,264,replace-only,8,rust-btree-map,0,1,1024,64,11857000,14287150813521129440,0,0,0,0
normal,264,replace-only,8,avl-c,0,1,1024,64,14378000,14287150813521129440,0,0,0,0
normal,264,replace-only,8,direct-c,0,1,1024,64,15676000,14287150813521129440,0,0,0,0
normal,264,replace-only,8,source-c,0,1,1024,64,12707000,14287150813521129440,0,0,0,0
normal,264,replace-only,8,whitefoot,0,1,1024,64,20881000,14287150813521129440,0,0,0,0
normal,264,replace-only,8,cpp-map,1,1,1024,64,18041000,702076890288417158,0,0,0,0
normal,264,replace-only,8,rust-btree-map,1,1,1024,64,12284000,702076890288417158,0,0,0,0
normal,264,replace-only,8,avl-c,1,1,1024,64,14430000,702076890288417158,0,0,0,0
normal,264,replace-only,8,direct-c,1,1,1024,64,15618000,702076890288417158,0,0,0,0
normal,264,replace-only,8,source-c,1,1,1024,64,12501000,702076890288417158,0,0,0,0
normal,264,replace-only,8,whitefoot,1,1,1024,64,20917000,702076890288417158,0,0,0,0
normal,264,replace-only,8,absl-btree-map,1,1,1024,64,15594000,702076890288417158,0,0,0,0
normal,264,replace-only,8,rust-btree-map,2,1,1024,64,12281000,15906499851270552200,0,0,0,0
normal,264,replace-only,8,avl-c,2,1,1024,64,14757000,15906499851270552200,0,0,0,0
normal,264,replace-only,8,direct-c,2,1,1024,64,16556000,15906499851270552200,0,0,0,0
normal,264,replace-only,8,source-c,2,1,1024,64,12638000,15906499851270552200,0,0,0,0
normal,264,replace-only,8,whitefoot,2,1,1024,64,20328000,15906499851270552200,0,0,0,0
normal,264,replace-only,8,absl-btree-map,2,1,1024,64,15382000,15906499851270552200,0,0,0,0
normal,264,replace-only,8,cpp-map,2,1,1024,64,18017000,15906499851270552200,0,0,0,0
normal,264,replace-only,8,avl-c,3,1,1024,64,14344000,6881282814483963799,0,0,0,0
normal,264,replace-only,8,direct-c,3,1,1024,64,15623000,6881282814483963799,0,0,0,0
normal,264,replace-only,8,source-c,3,1,1024,64,12454000,6881282814483963799,0,0,0,0
normal,264,replace-only,8,whitefoot,3,1,1024,64,20332000,6881282814483963799,0,0,0,0
normal,264,replace-only,8,absl-btree-map,3,1,1024,64,15334000,6881282814483963799,0,0,0,0
normal,264,replace-only,8,cpp-map,3,1,1024,64,18130000,6881282814483963799,0,0,0,0
normal,264,replace-only,8,rust-btree-map,3,1,1024,64,12091000,6881282814483963799,0,0,0,0
normal,264,replace-only,8,direct-c,4,1,1024,64,15606000,5788797778471989715,0,0,0,0
normal,264,replace-only,8,source-c,4,1,1024,64,12501000,5788797778471989715,0,0,0,0
normal,264,replace-only,8,whitefoot,4,1,1024,64,20299000,5788797778471989715,0,0,0,0
normal,264,replace-only,8,absl-btree-map,4,1,1024,64,15375000,5788797778471989715,0,0,0,0
normal,264,replace-only,8,cpp-map,4,1,1024,64,17995000,5788797778471989715,0,0,0,0
normal,264,replace-only,8,rust-btree-map,4,1,1024,64,11949000,5788797778471989715,0,0,0,0
normal,264,replace-only,8,avl-c,4,1,1024,64,14328000,5788797778471989715,0,0,0,0
normal,264,replace-only,8,source-c,5,1,1024,64,12871000,11038019660138901035,0,0,0,0
normal,264,replace-only,8,whitefoot,5,1,1024,64,21063000,11038019660138901035,0,0,0,0
normal,264,replace-only,8,absl-btree-map,5,1,1024,64,15397000,11038019660138901035,0,0,0,0
normal,264,replace-only,8,cpp-map,5,1,1024,64,18521000,11038019660138901035,0,0,0,0
normal,264,replace-only,8,rust-btree-map,5,1,1024,64,12298000,11038019660138901035,0,0,0,0
normal,264,replace-only,8,avl-c,5,1,1024,64,14759000,11038019660138901035,0,0,0,0
normal,264,replace-only,8,direct-c,5,1,1024,64,16157000,11038019660138901035,0,0,0,0
normal,264,replace-only,256,absl-btree-map,0,1,32,64,16922000,8908833014335298010,0,0,0,0
normal,264,replace-only,256,cpp-map,0,1,32,64,19247000,8908833014335298010,0,0,0,0
normal,264,replace-only,256,rust-btree-map,0,1,32,64,14785000,8908833014335298010,0,0,0,0
normal,264,replace-only,256,avl-c,0,1,32,64,25538000,8908833014335298010,0,0,0,0
normal,264,replace-only,256,direct-c,0,1,32,64,18656000,8908833014335298010,0,0,0,0
normal,264,replace-only,256,source-c,0,1,32,64,16974000,8908833014335298010,0,0,0,0
normal,264,replace-only,256,whitefoot,0,1,32,64,23090000,8908833014335298010,0,0,0,0
normal,264,replace-only,256,cpp-map,1,1,32,64,19211000,3420800666641726507,0,0,0,0
normal,264,replace-only,256,rust-btree-map,1,1,32,64,14718000,3420800666641726507,0,0,0,0
normal,264,replace-only,256,avl-c,1,1,32,64,25574000,3420800666641726507,0,0,0,0
normal,264,replace-only,256,direct-c,1,1,32,64,18667000,3420800666641726507,0,0,0,0
normal,264,replace-only,256,source-c,1,1,32,64,16652000,3420800666641726507,0,0,0,0
normal,264,replace-only,256,whitefoot,1,1,32,64,23287000,3420800666641726507,0,0,0,0
normal,264,replace-only,256,absl-btree-map,1,1,32,64,17250000,3420800666641726507,0,0,0,0
normal,264,replace-only,256,rust-btree-map,2,1,32,64,14794000,8180105495069198545,0,0,0,0
normal,264,replace-only,256,avl-c,2,1,32,64,25582000,8180105495069198545,0,0,0,0
normal,264,replace-only,256,direct-c,2,1,32,64,18634000,8180105495069198545,0,0,0,0
normal,264,replace-only,256,source-c,2,1,32,64,16851000,8180105495069198545,0,0,0,0
normal,264,replace-only,256,whitefoot,2,1,32,64,23336000,8180105495069198545,0,0,0,0
normal,264,replace-only,256,absl-btree-map,2,1,32,64,16975000,8180105495069198545,0,0,0,0
normal,264,replace-only,256,cpp-map,2,1,32,64,19088000,8180105495069198545,0,0,0,0
normal,264,replace-only,256,avl-c,3,1,32,64,26799000,5350626479576479591,0,0,0,0
normal,264,replace-only,256,direct-c,3,1,32,64,18922000,5350626479576479591,0,0,0,0
normal,264,replace-only,256,source-c,3,1,32,64,16553000,5350626479576479591,0,0,0,0
normal,264,replace-only,256,whitefoot,3,1,32,64,22974000,5350626479576479591,0,0,0,0
normal,264,replace-only,256,absl-btree-map,3,1,32,64,16856000,5350626479576479591,0,0,0,0
normal,264,replace-only,256,cpp-map,3,1,32,64,19234000,5350626479576479591,0,0,0,0
normal,264,replace-only,256,rust-btree-map,3,1,32,64,14878000,5350626479576479591,0,0,0,0
normal,264,replace-only,256,direct-c,4,1,32,64,18678000,6831523071117540389,0,0,0,0
normal,264,replace-only,256,source-c,4,1,32,64,16531000,6831523071117540389,0,0,0,0
normal,264,replace-only,256,whitefoot,4,1,32,64,22919000,6831523071117540389,0,0,0,0
normal,264,replace-only,256,absl-btree-map,4,1,32,64,17020000,6831523071117540389,0,0,0,0
normal,264,replace-only,256,cpp-map,4,1,32,64,19211000,6831523071117540389,0,0,0,0
normal,264,replace-only,256,rust-btree-map,4,1,32,64,14801000,6831523071117540389,0,0,0,0
normal,264,replace-only,256,avl-c,4,1,32,64,25469000,6831523071117540389,0,0,0,0
normal,264,replace-only,256,source-c,5,1,32,64,16550000,7094912033617603462,0,0,0,0
normal,264,replace-only,256,whitefoot,5,1,32,64,22914000,7094912033617603462,0,0,0,0
normal,264,replace-only,256,absl-btree-map,5,1,32,64,16920000,7094912033617603462,0,0,0,0
normal,264,replace-only,256,cpp-map,5,1,32,64,19244000,7094912033617603462,0,0,0,0
normal,264,replace-only,256,rust-btree-map,5,1,32,64,14795000,7094912033617603462,0,0,0,0
normal,264,replace-only,256,avl-c,5,1,32,64,25521000,7094912033617603462,0,0,0,0
normal,264,replace-only,256,direct-c,5,1,32,64,18554000,7094912033617603462,0,0,0,0
normal,264,replace-only,4096,absl-btree-map,0,1,2,64,88452000,4669696948611520956,0,0,0,0
normal,264,replace-only,4096,cpp-map,0,1,2,64,73089000,4669696948611520956,0,0,0,0
normal,264,replace-only,4096,rust-btree-map,0,1,2,64,68753000,4669696948611520956,0,0,0,0
normal,264,replace-only,4096,avl-c,0,1,2,64,74238000,4669696948611520956,0,0,0,0
normal,264,replace-only,4096,direct-c,0,1,2,64,70291000,4669696948611520956,0,0,0,0
normal,264,replace-only,4096,source-c,0,1,2,64,83931000,4669696948611520956,0,0,0,0
normal,264,replace-only,4096,whitefoot,0,1,2,64,88959000,4669696948611520956,0,0,0,0
normal,264,replace-only,4096,cpp-map,1,1,2,64,73525000,5506325030156129665,0,0,0,0
normal,264,replace-only,4096,rust-btree-map,1,1,2,64,68418000,5506325030156129665,0,0,0,0
normal,264,replace-only,4096,avl-c,1,1,2,64,75354000,5506325030156129665,0,0,0,0
normal,264,replace-only,4096,direct-c,1,1,2,64,70680000,5506325030156129665,0,0,0,0
normal,264,replace-only,4096,source-c,1,1,2,64,81856000,5506325030156129665,0,0,0,0
normal,264,replace-only,4096,whitefoot,1,1,2,64,87265000,5506325030156129665,0,0,0,0
normal,264,replace-only,4096,absl-btree-map,1,1,2,64,89040000,5506325030156129665,0,0,0,0
normal,264,replace-only,4096,rust-btree-map,2,1,2,64,68518000,16205872208552686073,0,0,0,0
normal,264,replace-only,4096,avl-c,2,1,2,64,76657000,16205872208552686073,0,0,0,0
normal,264,replace-only,4096,direct-c,2,1,2,64,72432000,16205872208552686073,0,0,0,0
normal,264,replace-only,4096,source-c,2,1,2,64,82208000,16205872208552686073,0,0,0,0
normal,264,replace-only,4096,whitefoot,2,1,2,64,87689000,16205872208552686073,0,0,0,0
normal,264,replace-only,4096,absl-btree-map,2,1,2,64,88634000,16205872208552686073,0,0,0,0
normal,264,replace-only,4096,cpp-map,2,1,2,64,73167000,16205872208552686073,0,0,0,0
normal,264,replace-only,4096,avl-c,3,1,2,64,75173000,4546454774748244994,0,0,0,0
normal,264,replace-only,4096,direct-c,3,1,2,64,70338000,4546454774748244994,0,0,0,0
normal,264,replace-only,4096,source-c,3,1,2,64,81954000,4546454774748244994,0,0,0,0
normal,264,replace-only,4096,whitefoot,3,1,2,64,87142000,4546454774748244994,0,0,0,0
normal,264,replace-only,4096,absl-btree-map,3,1,2,64,89288000,4546454774748244994,0,0,0,0
normal,264,replace-only,4096,cpp-map,3,1,2,64,75193000,4546454774748244994,0,0,0,0
normal,264,replace-only,4096,rust-btree-map,3,1,2,64,70267000,4546454774748244994,0,0,0,0
normal,264,replace-only,4096,direct-c,4,1,2,64,70469000,11254234394159105313,0,0,0,0
normal,264,replace-only,4096,source-c,4,1,2,64,81866000,11254234394159105313,0,0,0,0
normal,264,replace-only,4096,whitefoot,4,1,2,64,90607000,11254234394159105313,0,0,0,0
normal,264,replace-only,4096,absl-btree-map,4,1,2,64,91717000,11254234394159105313,0,0,0,0
normal,264,replace-only,4096,cpp-map,4,1,2,64,73023000,11254234394159105313,0,0,0,0
normal,264,replace-only,4096,rust-btree-map,4,1,2,64,68469000,11254234394159105313,0,0,0,0
normal,264,replace-only,4096,avl-c,4,1,2,64,74163000,11254234394159105313,0,0,0,0
normal,264,replace-only,4096,source-c,5,1,2,64,81971000,11806765013238218578,0,0,0,0
normal,264,replace-only,4096,whitefoot,5,1,2,64,90212000,11806765013238218578,0,0,0,0
normal,264,replace-only,4096,absl-btree-map,5,1,2,64,88775000,11806765013238218578,0,0,0,0
normal,264,replace-only,4096,cpp-map,5,1,2,64,74059000,11806765013238218578,0,0,0,0
normal,264,replace-only,4096,rust-btree-map,5,1,2,64,69234000,11806765013238218578,0,0,0,0
normal,264,replace-only,4096,avl-c,5,1,2,64,75457000,11806765013238218578,0,0,0,0
normal,264,replace-only,4096,direct-c,5,1,2,64,70354000,11806765013238218578,0,0,0,0
