contract,cohort,element_bytes,path,count,variant,sample,work,rounds,traces,elapsed_ns,checksum
normal-o3,0,8,forward-churn,16,whitefoot,0,1048576,65536,1,1633000,16520258290785817741
normal-o3,0,8,forward-churn,16,loop-c,0,1048576,65536,1,1330000,16520258290785817741
normal-o3,0,8,forward-churn,16,bulk-c,0,1048576,65536,1,1330000,16520258290785817741
normal-o3,0,8,forward-churn,16,rust-vec-deque,0,1048576,65536,1,1672000,16520258290785817741
normal-o3,0,8,forward-churn,16,cpp-std-deque,0,1048576,65536,1,1141000,16520258290785817741
normal-o3,0,8,forward-churn,16,loop-c,1,1048576,65536,1,1330000,5082758877125866350
normal-o3,0,8,forward-churn,16,bulk-c,1,1048576,65536,1,1330000,5082758877125866350
normal-o3,0,8,forward-churn,16,rust-vec-deque,1,1048576,65536,1,1677000,5082758877125866350
normal-o3,0,8,forward-churn,16,cpp-std-deque,1,1048576,65536,1,1141000,5082758877125866350
normal-o3,0,8,forward-churn,16,whitefoot,1,1048576,65536,1,1639000,5082758877125866350
normal-o3,0,8,forward-churn,16,bulk-c,2,1048576,65536,1,1329000,12092003537175466575
normal-o3,0,8,forward-churn,16,rust-vec-deque,2,1048576,65536,1,1679000,12092003537175466575
normal-o3,0,8,forward-churn,16,cpp-std-deque,2,1048576,65536,1,1140000,12092003537175466575
normal-o3,0,8,forward-churn,16,whitefoot,2,1048576,65536,1,1679000,12092003537175466575
normal-o3,0,8,forward-churn,16,loop-c,2,1048576,65536,1,1329000,12092003537175466575
normal-o3,0,8,forward-churn,16,rust-vec-deque,3,1048576,65536,1,1674000,654504123515515184
normal-o3,0,8,forward-churn,16,cpp-std-deque,3,1048576,65536,1,1141000,654504123515515184
normal-o3,0,8,forward-churn,16,whitefoot,3,1048576,65536,1,1634000,654504123515515184
normal-o3,0,8,forward-churn,16,loop-c,3,1048576,65536,1,1330000,654504123515515184
normal-o3,0,8,forward-churn,16,bulk-c,3,1048576,65536,1,1335000,654504123515515184
normal-o3,0,8,forward-churn,16,cpp-std-deque,4,1048576,65536,1,1146000,7663748783565115409
normal-o3,0,8,forward-churn,16,whitefoot,4,1048576,65536,1,1637000,7663748783565115409
normal-o3,0,8,forward-churn,16,loop-c,4,1048576,65536,1,1331000,7663748783565115409
normal-o3,0,8,forward-churn,16,bulk-c,4,1048576,65536,1,1330000,7663748783565115409
normal-o3,0,8,forward-churn,16,rust-vec-deque,4,1048576,65536,1,1670000,7663748783565115409
normal-o3,0,8,forward-churn,16,whitefoot,5,1048576,65536,1,1636000,14672993443614715634
normal-o3,0,8,forward-churn,16,loop-c,5,1048576,65536,1,1339000,14672993443614715634
normal-o3,0,8,forward-churn,16,bulk-c,5,1048576,65536,1,1330000,14672993443614715634
normal-o3,0,8,forward-churn,16,rust-vec-deque,5,1048576,65536,1,1669000,14672993443614715634
normal-o3,0,8,forward-churn,16,cpp-std-deque,5,1048576,65536,1,1140000,14672993443614715634
normal-o3,0,8,forward-churn,16,loop-c,6,1048576,65536,1,1335000,3235494029954764243
normal-o3,0,8,forward-churn,16,bulk-c,6,1048576,65536,1,1339000,3235494029954764243
normal-o3,0,8,forward-churn,16,rust-vec-deque,6,1048576,65536,1,1689000,3235494029954764243
normal-o3,0,8,forward-churn,16,cpp-std-deque,6,1048576,65536,1,1141000,3235494029954764243
normal-o3,0,8,forward-churn,16,whitefoot,6,1048576,65536,1,1660000,3235494029954764243
normal-o3,0,8,forward-churn,256,whitefoot,0,1048576,4096,1,1641000,14106569525812290277
normal-o3,0,8,forward-churn,256,loop-c,0,1048576,4096,1,1347000,14106569525812290277
normal-o3,0,8,forward-churn,256,bulk-c,0,1048576,4096,1,1332000,14106569525812290277
normal-o3,0,8,forward-churn,256,rust-vec-deque,0,1048576,4096,1,1662000,14106569525812290277
normal-o3,0,8,forward-churn,256,cpp-std-deque,0,1048576,4096,1,1094000,14106569525812290277
normal-o3,0,8,forward-churn,256,loop-c,1,1048576,4096,1,1330000,13167691777541378278
normal-o3,0,8,forward-churn,256,bulk-c,1,1048576,4096,1,1334000,13167691777541378278
normal-o3,0,8,forward-churn,256,rust-vec-deque,1,1048576,4096,1,1663000,13167691777541378278
normal-o3,0,8,forward-churn,256,cpp-std-deque,1,1048576,4096,1,1094000,13167691777541378278
normal-o3,0,8,forward-churn,256,whitefoot,1,1048576,4096,1,1640000,13167691777541378278
normal-o3,0,8,forward-churn,256,bulk-c,2,1048576,4096,1,1331000,12228814029270466279
normal-o3,0,8,forward-churn,256,rust-vec-deque,2,1048576,4096,1,1663000,12228814029270466279
normal-o3,0,8,forward-churn,256,cpp-std-deque,2,1048576,4096,1,1096000,12228814029270466279
normal-o3,0,8,forward-churn,256,whitefoot,2,1048576,4096,1,1635000,12228814029270466279
normal-o3,0,8,forward-churn,256,loop-c,2,1048576,4096,1,1331000,12228814029270466279
normal-o3,0,8,forward-churn,256,rust-vec-deque,3,1048576,4096,1,1664000,11289936280999554280
normal-o3,0,8,forward-churn,256,cpp-std-deque,3,1048576,4096,1,1093000,11289936280999554280
normal-o3,0,8,forward-churn,256,whitefoot,3,1048576,4096,1,1633000,11289936280999554280
normal-o3,0,8,forward-churn,256,loop-c,3,1048576,4096,1,1349000,11289936280999554280
normal-o3,0,8,forward-churn,256,bulk-c,3,1048576,4096,1,1340000,11289936280999554280
normal-o3,0,8,forward-churn,256,cpp-std-deque,4,1048576,4096,1,1094000,10351058532728642281
normal-o3,0,8,forward-churn,256,whitefoot,4,1048576,4096,1,1633000,10351058532728642281
normal-o3,0,8,forward-churn,256,loop-c,4,1048576,4096,1,1330000,10351058532728642281
normal-o3,0,8,forward-churn,256,bulk-c,4,1048576,4096,1,1331000,10351058532728642281
normal-o3,0,8,forward-churn,256,rust-vec-deque,4,1048576,4096,1,1667000,10351058532728642281
normal-o3,0,8,forward-churn,256,whitefoot,5,1048576,4096,1,1634000,9412180784457730282
normal-o3,0,8,forward-churn,256,loop-c,5,1048576,4096,1,1332000,9412180784457730282
normal-o3,0,8,forward-churn,256,bulk-c,5,1048576,4096,1,1330000,9412180784457730282
normal-o3,0,8,forward-churn,256,rust-vec-deque,5,1048576,4096,1,1664000,9412180784457730282
normal-o3,0,8,forward-churn,256,cpp-std-deque,5,1048576,4096,1,1094000,9412180784457730282
normal-o3,0,8,forward-churn,256,loop-c,6,1048576,4096,1,1330000,8473303036186818283
normal-o3,0,8,forward-churn,256,bulk-c,6,1048576,4096,1,1331000,8473303036186818283
normal-o3,0,8,forward-churn,256,rust-vec-deque,6,1048576,4096,1,1663000,8473303036186818283
normal-o3,0,8,forward-churn,256,cpp-std-deque,6,1048576,4096,1,1094000,8473303036186818283
normal-o3,0,8,forward-churn,256,whitefoot,6,1048576,4096,1,1637000,8473303036186818283
normal-o3,0,8,forward-churn,4096,whitefoot,0,1048576,256,1,1641000,6328821458572028005
normal-o3,0,8,forward-churn,4096,loop-c,0,1048576,256,1,1335000,6328821458572028005
normal-o3,0,8,forward-churn,4096,bulk-c,0,1048576,256,1,1335000,6328821458572028005
normal-o3,0,8,forward-churn,4096,rust-vec-deque,0,1048576,256,1,1678000,6328821458572028005
normal-o3,0,8,forward-churn,4096,cpp-std-deque,0,1048576,256,1,1125000,6328821458572028005
normal-o3,0,8,forward-churn,4096,loop-c,1,1048576,256,1,1342000,11933793186023016550
normal-o3,0,8,forward-churn,4096,bulk-c,1,1048576,256,1,1334000,11933793186023016550
normal-o3,0,8,forward-churn,4096,rust-vec-deque,1,1048576,256,1,1679000,11933793186023016550
normal-o3,0,8,forward-churn,4096,cpp-std-deque,1,1048576,256,1,1130000,11933793186023016550
normal-o3,0,8,forward-churn,4096,whitefoot,1,1048576,256,1,1640000,11933793186023016550
normal-o3,0,8,forward-churn,4096,bulk-c,2,1048576,256,1,1344000,17538764913474005095
normal-o3,0,8,forward-churn,4096,rust-vec-deque,2,1048576,256,1,1673000,17538764913474005095
normal-o3,0,8,forward-churn,4096,cpp-std-deque,2,1048576,256,1,1131000,17538764913474005095
normal-o3,0,8,forward-churn,4096,whitefoot,2,1048576,256,1,1639000,17538764913474005095
normal-o3,0,8,forward-churn,4096,loop-c,2,1048576,256,1,1335000,17538764913474005095
normal-o3,0,8,forward-churn,4096,rust-vec-deque,3,1048576,256,1,1674000,4696992567215442024
normal-o3,0,8,forward-churn,4096,cpp-std-deque,3,1048576,256,1,1124000,4696992567215442024
normal-o3,0,8,forward-churn,4096,whitefoot,3,1048576,256,1,1640000,4696992567215442024
normal-o3,0,8,forward-churn,4096,loop-c,3,1048576,256,1,1334000,4696992567215442024
normal-o3,0,8,forward-churn,4096,bulk-c,3,1048576,256,1,1346000,4696992567215442024
normal-o3,0,8,forward-churn,4096,cpp-std-deque,4,1048576,256,1,1124000,10301964294666430569
normal-o3,0,8,forward-churn,4096,whitefoot,4,1048576,256,1,1644000,10301964294666430569
normal-o3,0,8,forward-churn,4096,loop-c,4,1048576,256,1,1336000,10301964294666430569
normal-o3,0,8,forward-churn,4096,bulk-c,4,1048576,256,1,1357000,10301964294666430569
normal-o3,0,8,forward-churn,4096,rust-vec-deque,4,1048576,256,1,1679000,10301964294666430569
normal-o3,0,8,forward-churn,4096,whitefoot,5,1048576,256,1,1640000,15906936022117419114
normal-o3,0,8,forward-churn,4096,loop-c,5,1048576,256,1,1335000,15906936022117419114
normal-o3,0,8,forward-churn,4096,bulk-c,5,1048576,256,1,1350000,15906936022117419114
normal-o3,0,8,forward-churn,4096,rust-vec-deque,5,1048576,256,1,1671000,15906936022117419114
normal-o3,0,8,forward-churn,4096,cpp-std-deque,5,1048576,256,1,1123000,15906936022117419114
normal-o3,0,8,forward-churn,4096,loop-c,6,1048576,256,1,1334000,3065163675858856043
normal-o3,0,8,forward-churn,4096,bulk-c,6,1048576,256,1,1334000,3065163675858856043
normal-o3,0,8,forward-churn,4096,rust-vec-deque,6,1048576,256,1,1672000,3065163675858856043
normal-o3,0,8,forward-churn,4096,cpp-std-deque,6,1048576,256,1,1125000,3065163675858856043
normal-o3,0,8,forward-churn,4096,whitefoot,6,1048576,256,1,1640000,3065163675858856043
normal-o3,0,8,reverse-churn,16,whitefoot,0,1048576,65536,1,1242000,11795868680751190573
normal-o3,0,8,reverse-churn,16,loop-c,0,1048576,65536,1,2934000,11795868680751190573
normal-o3,0,8,reverse-churn,16,bulk-c,0,1048576,65536,1,2936000,11795868680751190573
normal-o3,0,8,reverse-churn,16,rust-vec-deque,0,1048576,65536,1,1277000,11795868680751190573
normal-o3,0,8,reverse-churn,16,cpp-std-deque,0,1048576,65536,1,2515000,11795868680751190573
normal-o3,0,8,reverse-churn,16,loop-c,1,1048576,65536,1,2936000,358369267091239182
normal-o3,0,8,reverse-churn,16,bulk-c,1,1048576,65536,1,2930000,358369267091239182
normal-o3,0,8,reverse-churn,16,rust-vec-deque,1,1048576,65536,1,1278000,358369267091239182
normal-o3,0,8,reverse-churn,16,cpp-std-deque,1,1048576,65536,1,2495000,358369267091239182
normal-o3,0,8,reverse-churn,16,whitefoot,1,1048576,65536,1,1242000,358369267091239182
normal-o3,0,8,reverse-churn,16,bulk-c,2,1048576,65536,1,2946000,7367613927140839407
normal-o3,0,8,reverse-churn,16,rust-vec-deque,2,1048576,65536,1,1281000,7367613927140839407
normal-o3,0,8,reverse-churn,16,cpp-std-deque,2,1048576,65536,1,2496000,7367613927140839407
normal-o3,0,8,reverse-churn,16,whitefoot,2,1048576,65536,1,1240000,7367613927140839407
normal-o3,0,8,reverse-churn,16,loop-c,2,1048576,65536,1,2937000,7367613927140839407
normal-o3,0,8,reverse-churn,16,rust-vec-deque,3,1048576,65536,1,1278000,14376858587190439632
normal-o3,0,8,reverse-churn,16,cpp-std-deque,3,1048576,65536,1,2495000,14376858587190439632
normal-o3,0,8,reverse-churn,16,whitefoot,3,1048576,65536,1,1245000,14376858587190439632
normal-o3,0,8,reverse-churn,16,loop-c,3,1048576,65536,1,2943000,14376858587190439632
normal-o3,0,8,reverse-churn,16,bulk-c,3,1048576,65536,1,2973000,14376858587190439632
normal-o3,0,8,reverse-churn,16,cpp-std-deque,4,1048576,65536,1,2495000,2939359173530488241
normal-o3,0,8,reverse-churn,16,whitefoot,4,1048576,65536,1,1242000,2939359173530488241
normal-o3,0,8,reverse-churn,16,loop-c,4,1048576,65536,1,2939000,2939359173530488241
normal-o3,0,8,reverse-churn,16,bulk-c,4,1048576,65536,1,2945000,2939359173530488241
normal-o3,0,8,reverse-churn,16,rust-vec-deque,4,1048576,65536,1,1276000,2939359173530488241
normal-o3,0,8,reverse-churn,16,whitefoot,5,1048576,65536,1,1242000,9948603833580088466
normal-o3,0,8,reverse-churn,16,loop-c,5,1048576,65536,1,2934000,9948603833580088466
normal-o3,0,8,reverse-churn,16,bulk-c,5,1048576,65536,1,2934000,9948603833580088466
normal-o3,0,8,reverse-churn,16,rust-vec-deque,5,1048576,65536,1,1278000,9948603833580088466
normal-o3,0,8,reverse-churn,16,cpp-std-deque,5,1048576,65536,1,2495000,9948603833580088466
normal-o3,0,8,reverse-churn,16,loop-c,6,1048576,65536,1,2938000,16957848493629688691
normal-o3,0,8,reverse-churn,16,bulk-c,6,1048576,65536,1,2926000,16957848493629688691
normal-o3,0,8,reverse-churn,16,rust-vec-deque,6,1048576,65536,1,1303000,16957848493629688691
normal-o3,0,8,reverse-churn,16,cpp-std-deque,6,1048576,65536,1,2495000,16957848493629688691
normal-o3,0,8,reverse-churn,16,whitefoot,6,1048576,65536,1,1242000,16957848493629688691
normal-o3,0,8,reverse-churn,256,whitefoot,0,1048576,4096,1,1242000,11248499213618773221
normal-o3,0,8,reverse-churn,256,loop-c,0,1048576,4096,1,2966000,11248499213618773221
normal-o3,0,8,reverse-churn,256,bulk-c,0,1048576,4096,1,2968000,11248499213618773221
normal-o3,0,8,reverse-churn,256,rust-vec-deque,0,1048576,4096,1,1282000,11248499213618773221
normal-o3,0,8,reverse-churn,256,cpp-std-deque,0,1048576,4096,1,2497000,11248499213618773221
normal-o3,0,8,reverse-churn,256,loop-c,1,1048576,4096,1,2966000,10309621465347861222
normal-o3,0,8,reverse-churn,256,bulk-c,1,1048576,4096,1,2977000,10309621465347861222
normal-o3,0,8,reverse-churn,256,rust-vec-deque,1,1048576,4096,1,1285000,10309621465347861222
normal-o3,0,8,reverse-churn,256,cpp-std-deque,1,1048576,4096,1,2495000,10309621465347861222
normal-o3,0,8,reverse-churn,256,whitefoot,1,1048576,4096,1,1242000,10309621465347861222
normal-o3,0,8,reverse-churn,256,bulk-c,2,1048576,4096,1,2994000,9370743717076949223
normal-o3,0,8,reverse-churn,256,rust-vec-deque,2,1048576,4096,1,1292000,9370743717076949223
normal-o3,0,8,reverse-churn,256,cpp-std-deque,2,1048576,4096,1,2497000,9370743717076949223
normal-o3,0,8,reverse-churn,256,whitefoot,2,1048576,4096,1,1243000,9370743717076949223
normal-o3,0,8,reverse-churn,256,loop-c,2,1048576,4096,1,2965000,9370743717076949223
normal-o3,0,8,reverse-churn,256,rust-vec-deque,3,1048576,4096,1,1282000,8431865968806037224
normal-o3,0,8,reverse-churn,256,cpp-std-deque,3,1048576,4096,1,2498000,8431865968806037224
normal-o3,0,8,reverse-churn,256,whitefoot,3,1048576,4096,1,1242000,8431865968806037224
normal-o3,0,8,reverse-churn,256,loop-c,3,1048576,4096,1,2965000,8431865968806037224
normal-o3,0,8,reverse-churn,256,bulk-c,3,1048576,4096,1,2968000,8431865968806037224
normal-o3,0,8,reverse-churn,256,cpp-std-deque,4,1048576,4096,1,2497000,7492988220535125225
normal-o3,0,8,reverse-churn,256,whitefoot,4,1048576,4096,1,1242000,7492988220535125225
normal-o3,0,8,reverse-churn,256,loop-c,4,1048576,4096,1,2965000,7492988220535125225
normal-o3,0,8,reverse-churn,256,bulk-c,4,1048576,4096,1,2969000,7492988220535125225
normal-o3,0,8,reverse-churn,256,rust-vec-deque,4,1048576,4096,1,1279000,7492988220535125225
normal-o3,0,8,reverse-churn,256,whitefoot,5,1048576,4096,1,1255000,6554110472264213226
normal-o3,0,8,reverse-churn,256,loop-c,5,1048576,4096,1,2965000,6554110472264213226
normal-o3,0,8,reverse-churn,256,bulk-c,5,1048576,4096,1,2965000,6554110472264213226
normal-o3,0,8,reverse-churn,256,rust-vec-deque,5,1048576,4096,1,1278000,6554110472264213226
normal-o3,0,8,reverse-churn,256,cpp-std-deque,5,1048576,4096,1,2500000,6554110472264213226
normal-o3,0,8,reverse-churn,256,loop-c,6,1048576,4096,1,2965000,5615232723993301227
normal-o3,0,8,reverse-churn,256,bulk-c,6,1048576,4096,1,2966000,5615232723993301227
normal-o3,0,8,reverse-churn,256,rust-vec-deque,6,1048576,4096,1,1283000,5615232723993301227
normal-o3,0,8,reverse-churn,256,cpp-std-deque,6,1048576,4096,1,2496000,5615232723993301227
normal-o3,0,8,reverse-churn,256,whitefoot,6,1048576,4096,1,1242000,5615232723993301227
normal-o3,0,8,reverse-churn,4096,whitefoot,0,1048576,256,1,1388000,5600239642774849637
normal-o3,0,8,reverse-churn,4096,loop-c,0,1048576,256,1,3005000,5600239642774849637
normal-o3,0,8,reverse-churn,4096,bulk-c,0,1048576,256,1,2968000,5600239642774849637
normal-o3,0,8,reverse-churn,4096,rust-vec-deque,0,1048576,256,1,1296000,5600239642774849637
normal-o3,0,8,reverse-churn,4096,cpp-std-deque,0,1048576,256,1,2573000,5600239642774849637
normal-o3,0,8,reverse-churn,4096,loop-c,1,1048576,256,1,2978000,11205211370225838182
normal-o3,0,8,reverse-churn,4096,bulk-c,1,1048576,256,1,2971000,11205211370225838182
normal-o3,0,8,reverse-churn,4096,rust-vec-deque,1,1048576,256,1,1296000,11205211370225838182
normal-o3,0,8,reverse-churn,4096,cpp-std-deque,1,1048576,256,1,2543000,11205211370225838182
normal-o3,0,8,reverse-churn,4096,whitefoot,1,1048576,256,1,1249000,11205211370225838182
normal-o3,0,8,reverse-churn,4096,bulk-c,2,1048576,256,1,3000000,16810183097676826727
normal-o3,0,8,reverse-churn,4096,rust-vec-deque,2,1048576,256,1,1291000,16810183097676826727
normal-o3,0,8,reverse-churn,4096,cpp-std-deque,2,1048576,256,1,2531000,16810183097676826727
normal-o3,0,8,reverse-churn,4096,whitefoot,2,1048576,256,1,1250000,16810183097676826727
normal-o3,0,8,reverse-churn,4096,loop-c,2,1048576,256,1,2968000,16810183097676826727
normal-o3,0,8,reverse-churn,4096,rust-vec-deque,3,1048576,256,1,1288000,3968410751418263656
normal-o3,0,8,reverse-churn,4096,cpp-std-deque,3,1048576,256,1,2531000,3968410751418263656
normal-o3,0,8,reverse-churn,4096,whitefoot,3,1048576,256,1,1248000,3968410751418263656
normal-o3,0,8,reverse-churn,4096,loop-c,3,1048576,256,1,2997000,3968410751418263656
normal-o3,0,8,reverse-churn,4096,bulk-c,3,1048576,256,1,2982000,3968410751418263656
normal-o3,0,8,reverse-churn,4096,cpp-std-deque,4,1048576,256,1,2530000,9573382478869252201
normal-o3,0,8,reverse-churn,4096,whitefoot,4,1048576,256,1,1253000,9573382478869252201
normal-o3,0,8,reverse-churn,4096,loop-c,4,1048576,256,1,2972000,9573382478869252201
normal-o3,0,8,reverse-churn,4096,bulk-c,4,1048576,256,1,2968000,9573382478869252201
normal-o3,0,8,reverse-churn,4096,rust-vec-deque,4,1048576,256,1,1294000,9573382478869252201
normal-o3,0,8,reverse-churn,4096,whitefoot,5,1048576,256,1,1253000,15178354206320240746
normal-o3,0,8,reverse-churn,4096,loop-c,5,1048576,256,1,2968000,15178354206320240746
normal-o3,0,8,reverse-churn,4096,bulk-c,5,1048576,256,1,2973000,15178354206320240746
normal-o3,0,8,reverse-churn,4096,rust-vec-deque,5,1048576,256,1,1289000,15178354206320240746
normal-o3,0,8,reverse-churn,4096,cpp-std-deque,5,1048576,256,1,2531000,15178354206320240746
normal-o3,0,8,reverse-churn,4096,loop-c,6,1048576,256,1,2968000,2336581860061677675
normal-o3,0,8,reverse-churn,4096,bulk-c,6,1048576,256,1,3009000,2336581860061677675
normal-o3,0,8,reverse-churn,4096,rust-vec-deque,6,1048576,256,1,1289000,2336581860061677675
normal-o3,0,8,reverse-churn,4096,cpp-std-deque,6,1048576,256,1,2530000,2336581860061677675
normal-o3,0,8,reverse-churn,4096,whitefoot,6,1048576,256,1,1251000,2336581860061677675
normal-o3,0,8,growth,16,whitefoot,0,1048576,65536,1,5917000,17130293898384638053
normal-o3,0,8,growth,16,loop-c,0,1048576,65536,1,4467000,17130293898384638053
normal-o3,0,8,growth,16,bulk-c,0,1048576,65536,1,4373000,17130293898384638053
normal-o3,0,8,growth,16,rust-vec-deque,0,1048576,65536,1,9531000,17130293898384638053
normal-o3,0,8,growth,16,cpp-std-deque,0,1048576,65536,1,5442000,17130293898384638053
normal-o3,0,8,growth,16,loop-c,1,1048576,65536,1,4472000,16514862099982581862
normal-o3,0,8,growth,16,bulk-c,1,1048576,65536,1,4275000,16514862099982581862
normal-o3,0,8,growth,16,rust-vec-deque,1,1048576,65536,1,9319000,16514862099982581862
normal-o3,0,8,growth,16,cpp-std-deque,1,1048576,65536,1,5323000,16514862099982581862
normal-o3,0,8,growth,16,whitefoot,1,1048576,65536,1,6096000,16514862099982581862
normal-o3,0,8,growth,16,bulk-c,2,1048576,65536,1,4564000,15899430301580525671
normal-o3,0,8,growth,16,rust-vec-deque,2,1048576,65536,1,9613000,15899430301580525671
normal-o3,0,8,growth,16,cpp-std-deque,2,1048576,65536,1,5548000,15899430301580525671
normal-o3,0,8,growth,16,whitefoot,2,1048576,65536,1,6111000,15899430301580525671
normal-o3,0,8,growth,16,loop-c,2,1048576,65536,1,4704000,15899430301580525671
normal-o3,0,8,growth,16,rust-vec-deque,3,1048576,65536,1,9828000,15283998503178469480
normal-o3,0,8,growth,16,cpp-std-deque,3,1048576,65536,1,5581000,15283998503178469480
normal-o3,0,8,growth,16,whitefoot,3,1048576,65536,1,6040000,15283998503178469480
normal-o3,0,8,growth,16,loop-c,3,1048576,65536,1,4473000,15283998503178469480
normal-o3,0,8,growth,16,bulk-c,3,1048576,65536,1,4313000,15283998503178469480
normal-o3,0,8,growth,16,cpp-std-deque,4,1048576,65536,1,5267000,14668566704776413289
normal-o3,0,8,growth,16,whitefoot,4,1048576,65536,1,5966000,14668566704776413289
normal-o3,0,8,growth,16,loop-c,4,1048576,65536,1,4486000,14668566704776413289
normal-o3,0,8,growth,16,bulk-c,4,1048576,65536,1,4275000,14668566704776413289
normal-o3,0,8,growth,16,rust-vec-deque,4,1048576,65536,1,9378000,14668566704776413289
normal-o3,0,8,growth,16,whitefoot,5,1048576,65536,1,5847000,14053134906374357098
normal-o3,0,8,growth,16,loop-c,5,1048576,65536,1,4472000,14053134906374357098
normal-o3,0,8,growth,16,bulk-c,5,1048576,65536,1,4277000,14053134906374357098
normal-o3,0,8,growth,16,rust-vec-deque,5,1048576,65536,1,9318000,14053134906374357098
normal-o3,0,8,growth,16,cpp-std-deque,5,1048576,65536,1,5336000,14053134906374357098
normal-o3,0,8,growth,16,loop-c,6,1048576,65536,1,4487000,13437703107972300907
normal-o3,0,8,growth,16,bulk-c,6,1048576,65536,1,4276000,13437703107972300907
normal-o3,0,8,growth,16,rust-vec-deque,6,1048576,65536,1,9319000,13437703107972300907
normal-o3,0,8,growth,16,cpp-std-deque,6,1048576,65536,1,5327000,13437703107972300907
normal-o3,0,8,growth,16,whitefoot,6,1048576,65536,1,5851000,13437703107972300907
normal-o3,0,8,growth,256,whitefoot,0,1048576,4096,1,5131000,18309592800135290981
normal-o3,0,8,growth,256,loop-c,0,1048576,4096,1,3561000,18309592800135290981
normal-o3,0,8,growth,256,bulk-c,0,1048576,4096,1,2775000,18309592800135290981
normal-o3,0,8,growth,256,rust-vec-deque,0,1048576,4096,1,4560000,18309592800135290981
normal-o3,0,8,growth,256,cpp-std-deque,0,1048576,4096,1,3715000,18309592800135290981
normal-o3,0,8,growth,256,loop-c,1,1048576,4096,1,3560000,13889402329483272294
normal-o3,0,8,growth,256,bulk-c,1,1048576,4096,1,2778000,13889402329483272294
normal-o3,0,8,growth,256,rust-vec-deque,1,1048576,4096,1,4564000,13889402329483272294
normal-o3,0,8,growth,256,cpp-std-deque,1,1048576,4096,1,3759000,13889402329483272294
normal-o3,0,8,growth,256,whitefoot,1,1048576,4096,1,5265000,13889402329483272294
normal-o3,0,8,growth,256,bulk-c,2,1048576,4096,1,2874000,9469211858831253607
normal-o3,0,8,growth,256,rust-vec-deque,2,1048576,4096,1,4706000,9469211858831253607
normal-o3,0,8,growth,256,cpp-std-deque,2,1048576,4096,1,3838000,9469211858831253607
normal-o3,0,8,growth,256,whitefoot,2,1048576,4096,1,5326000,9469211858831253607
normal-o3,0,8,growth,256,loop-c,2,1048576,4096,1,3597000,9469211858831253607
normal-o3,0,8,growth,256,rust-vec-deque,3,1048576,4096,1,4584000,5049021388179234920
normal-o3,0,8,growth,256,cpp-std-deque,3,1048576,4096,1,3715000,5049021388179234920
normal-o3,0,8,growth,256,whitefoot,3,1048576,4096,1,5122000,5049021388179234920
normal-o3,0,8,growth,256,loop-c,3,1048576,4096,1,3602000,5049021388179234920
normal-o3,0,8,growth,256,bulk-c,3,1048576,4096,1,2783000,5049021388179234920
normal-o3,0,8,growth,256,cpp-std-deque,4,1048576,4096,1,3708000,628830917527216233
normal-o3,0,8,growth,256,whitefoot,4,1048576,4096,1,5103000,628830917527216233
normal-o3,0,8,growth,256,loop-c,4,1048576,4096,1,3599000,628830917527216233
normal-o3,0,8,growth,256,bulk-c,4,1048576,4096,1,2782000,628830917527216233
normal-o3,0,8,growth,256,rust-vec-deque,4,1048576,4096,1,4550000,628830917527216233
normal-o3,0,8,growth,256,whitefoot,5,1048576,4096,1,5097000,14655384520584749162
normal-o3,0,8,growth,256,loop-c,5,1048576,4096,1,3567000,14655384520584749162
normal-o3,0,8,growth,256,bulk-c,5,1048576,4096,1,2773000,14655384520584749162
normal-o3,0,8,growth,256,rust-vec-deque,5,1048576,4096,1,4554000,14655384520584749162
normal-o3,0,8,growth,256,cpp-std-deque,5,1048576,4096,1,3722000,14655384520584749162
normal-o3,0,8,growth,256,loop-c,6,1048576,4096,1,3587000,10235194049932730475
normal-o3,0,8,growth,256,bulk-c,6,1048576,4096,1,2775000,10235194049932730475
normal-o3,0,8,growth,256,rust-vec-deque,6,1048576,4096,1,4567000,10235194049932730475
normal-o3,0,8,growth,256,cpp-std-deque,6,1048576,4096,1,3828000,10235194049932730475
normal-o3,0,8,growth,256,whitefoot,6,1048576,4096,1,5291000,10235194049932730475
normal-o3,0,8,growth,4096,whitefoot,0,1048576,256,1,5106000,3508753560129819237
normal-o3,0,8,growth,4096,loop-c,0,1048576,256,1,3626000,3508753560129819237
normal-o3,0,8,growth,4096,bulk-c,0,1048576,256,1,2818000,3508753560129819237
normal-o3,0,8,growth,4096,rust-vec-deque,0,1048576,256,1,3951000,3508753560129819237
normal-o3,0,8,growth,4096,cpp-std-deque,0,1048576,256,1,3619000,3508753560129819237
normal-o3,0,8,growth,4096,loop-c,1,1048576,256,1,3626000,3041590529422546534
normal-o3,0,8,growth,4096,bulk-c,1,1048576,256,1,2773000,3041590529422546534
normal-o3,0,8,growth,4096,rust-vec-deque,1,1048576,256,1,3939000,3041590529422546534
normal-o3,0,8,growth,4096,cpp-std-deque,1,1048576,256,1,3585000,3041590529422546534
normal-o3,0,8,growth,4096,whitefoot,1,1048576,256,1,5007000,3041590529422546534
normal-o3,0,8,growth,4096,bulk-c,2,1048576,256,1,2789000,2574427498715273831
normal-o3,0,8,growth,4096,rust-vec-deque,2,1048576,256,1,3947000,2574427498715273831
normal-o3,0,8,growth,4096,cpp-std-deque,2,1048576,256,1,3591000,2574427498715273831
normal-o3,0,8,growth,4096,whitefoot,2,1048576,256,1,5018000,2574427498715273831
normal-o3,0,8,growth,4096,loop-c,2,1048576,256,1,3617000,2574427498715273831
normal-o3,0,8,growth,4096,rust-vec-deque,3,1048576,256,1,3942000,2107264468008001128
normal-o3,0,8,growth,4096,cpp-std-deque,3,1048576,256,1,3591000,2107264468008001128
normal-o3,0,8,growth,4096,whitefoot,3,1048576,256,1,5028000,2107264468008001128
normal-o3,0,8,growth,4096,loop-c,3,1048576,256,1,3637000,2107264468008001128
normal-o3,0,8,growth,4096,bulk-c,3,1048576,256,1,2777000,2107264468008001128
normal-o3,0,8,growth,4096,cpp-std-deque,4,1048576,256,1,3587000,1640101437300728425
normal-o3,0,8,growth,4096,whitefoot,4,1048576,256,1,5020000,1640101437300728425
normal-o3,0,8,growth,4096,loop-c,4,1048576,256,1,3617000,1640101437300728425
normal-o3,0,8,growth,4096,bulk-c,4,1048576,256,1,2779000,1640101437300728425
normal-o3,0,8,growth,4096,rust-vec-deque,4,1048576,256,1,3962000,1640101437300728425
normal-o3,0,8,growth,4096,whitefoot,5,1048576,256,1,5028000,1172938406593455722
normal-o3,0,8,growth,4096,loop-c,5,1048576,256,1,3619000,1172938406593455722
normal-o3,0,8,growth,4096,bulk-c,5,1048576,256,1,2788000,1172938406593455722
normal-o3,0,8,growth,4096,rust-vec-deque,5,1048576,256,1,3950000,1172938406593455722
normal-o3,0,8,growth,4096,cpp-std-deque,5,1048576,256,1,3607000,1172938406593455722
normal-o3,0,8,growth,4096,loop-c,6,1048576,256,1,3851000,705775375886183019
normal-o3,0,8,growth,4096,bulk-c,6,1048576,256,1,2864000,705775375886183019
normal-o3,0,8,growth,4096,rust-vec-deque,6,1048576,256,1,4166000,705775375886183019
normal-o3,0,8,growth,4096,cpp-std-deque,6,1048576,256,1,3603000,705775375886183019
normal-o3,0,8,growth,4096,whitefoot,6,1048576,256,1,5022000,705775375886183019
normal-o3,0,8,setup-cleanup,16,whitefoot,0,1048576,0,65536,1939000,3154572412102410240
normal-o3,0,8,setup-cleanup,16,loop-c,0,1048576,0,65536,2005000,3154572412102410240
normal-o3,0,8,setup-cleanup,16,bulk-c,0,1048576,0,65536,1693000,3154572412102410240
normal-o3,0,8,setup-cleanup,16,rust-vec-deque,0,1048576,0,65536,2157000,3154572412102410240
normal-o3,0,8,setup-cleanup,16,cpp-std-deque,0,1048576,0,65536,3941000,3154572412102410240
normal-o3,0,8,setup-cleanup,16,loop-c,1,1048576,0,65536,1698000,7568761999874424832
normal-o3,0,8,setup-cleanup,16,bulk-c,1,1048576,0,65536,1696000,7568761999874424832
normal-o3,0,8,setup-cleanup,16,rust-vec-deque,1,1048576,0,65536,2159000,7568761999874424832
normal-o3,0,8,setup-cleanup,16,cpp-std-deque,1,1048576,0,65536,3929000,7568761999874424832
normal-o3,0,8,setup-cleanup,16,whitefoot,1,1048576,0,65536,1886000,7568761999874424832
normal-o3,0,8,setup-cleanup,16,bulk-c,2,1048576,0,65536,1693000,11982951587646439424
normal-o3,0,8,setup-cleanup,16,rust-vec-deque,2,1048576,0,65536,2157000,11982951587646439424
normal-o3,0,8,setup-cleanup,16,cpp-std-deque,2,1048576,0,65536,3934000,11982951587646439424
normal-o3,0,8,setup-cleanup,16,whitefoot,2,1048576,0,65536,1912000,11982951587646439424
normal-o3,0,8,setup-cleanup,16,loop-c,2,1048576,0,65536,1699000,11982951587646439424
normal-o3,0,8,setup-cleanup,16,rust-vec-deque,3,1048576,0,65536,2153000,16397141175418454016
normal-o3,0,8,setup-cleanup,16,cpp-std-deque,3,1048576,0,65536,3933000,16397141175418454016
normal-o3,0,8,setup-cleanup,16,whitefoot,3,1048576,0,65536,1873000,16397141175418454016
normal-o3,0,8,setup-cleanup,16,loop-c,3,1048576,0,65536,1700000,16397141175418454016
normal-o3,0,8,setup-cleanup,16,bulk-c,3,1048576,0,65536,1693000,16397141175418454016
normal-o3,0,8,setup-cleanup,16,cpp-std-deque,4,1048576,0,65536,3927000,2364586689480916992
normal-o3,0,8,setup-cleanup,16,whitefoot,4,1048576,0,65536,1877000,2364586689480916992
normal-o3,0,8,setup-cleanup,16,loop-c,4,1048576,0,65536,1699000,2364586689480916992
normal-o3,0,8,setup-cleanup,16,bulk-c,4,1048576,0,65536,1695000,2364586689480916992
normal-o3,0,8,setup-cleanup,16,rust-vec-deque,4,1048576,0,65536,2177000,2364586689480916992
normal-o3,0,8,setup-cleanup,16,whitefoot,5,1048576,0,65536,1873000,6778776277252931584
normal-o3,0,8,setup-cleanup,16,loop-c,5,1048576,0,65536,1698000,6778776277252931584
normal-o3,0,8,setup-cleanup,16,bulk-c,5,1048576,0,65536,1699000,6778776277252931584
normal-o3,0,8,setup-cleanup,16,rust-vec-deque,5,1048576,0,65536,2156000,6778776277252931584
normal-o3,0,8,setup-cleanup,16,cpp-std-deque,5,1048576,0,65536,3938000,6778776277252931584
normal-o3,0,8,setup-cleanup,16,loop-c,6,1048576,0,65536,1697000,11192965865024946176
normal-o3,0,8,setup-cleanup,16,bulk-c,6,1048576,0,65536,1695000,11192965865024946176
normal-o3,0,8,setup-cleanup,16,rust-vec-deque,6,1048576,0,65536,2153000,11192965865024946176
normal-o3,0,8,setup-cleanup,16,cpp-std-deque,6,1048576,0,65536,3936000,11192965865024946176
normal-o3,0,8,setup-cleanup,16,whitefoot,6,1048576,0,65536,1874000,11192965865024946176
normal-o3,0,8,setup-cleanup,256,whitefoot,0,1048576,0,4096,1566000,17878804622635059200
normal-o3,0,8,setup-cleanup,256,loop-c,0,1048576,0,4096,1127000,17878804622635059200
normal-o3,0,8,setup-cleanup,256,bulk-c,0,1048576,0,4096,1124000,17878804622635059200
normal-o3,0,8,setup-cleanup,256,rust-vec-deque,0,1048576,0,4096,1892000,17878804622635059200
normal-o3,0,8,setup-cleanup,256,cpp-std-deque,0,1048576,0,4096,1844000,17878804622635059200
normal-o3,0,8,setup-cleanup,256,loop-c,1,1048576,0,4096,1123000,7500847710985934848
normal-o3,0,8,setup-cleanup,256,bulk-c,1,1048576,0,4096,1127000,7500847710985934848
normal-o3,0,8,setup-cleanup,256,rust-vec-deque,1,1048576,0,4096,1893000,7500847710985934848
normal-o3,0,8,setup-cleanup,256,cpp-std-deque,1,1048576,0,4096,1817000,7500847710985934848
normal-o3,0,8,setup-cleanup,256,whitefoot,1,1048576,0,4096,1566000,7500847710985934848
normal-o3,0,8,setup-cleanup,256,bulk-c,2,1048576,0,4096,1126000,15569634873046362112
normal-o3,0,8,setup-cleanup,256,rust-vec-deque,2,1048576,0,4096,1896000,15569634873046362112
normal-o3,0,8,setup-cleanup,256,cpp-std-deque,2,1048576,0,4096,1820000,15569634873046362112
normal-o3,0,8,setup-cleanup,256,whitefoot,2,1048576,0,4096,1568000,15569634873046362112
normal-o3,0,8,setup-cleanup,256,loop-c,2,1048576,0,4096,1123000,15569634873046362112
normal-o3,0,8,setup-cleanup,256,rust-vec-deque,3,1048576,0,4096,1896000,5191677961397237760
normal-o3,0,8,setup-cleanup,256,cpp-std-deque,3,1048576,0,4096,1821000,5191677961397237760
normal-o3,0,8,setup-cleanup,256,whitefoot,3,1048576,0,4096,1567000,5191677961397237760
normal-o3,0,8,setup-cleanup,256,loop-c,3,1048576,0,4096,1123000,5191677961397237760
normal-o3,0,8,setup-cleanup,256,bulk-c,3,1048576,0,4096,1123000,5191677961397237760
normal-o3,0,8,setup-cleanup,256,cpp-std-deque,4,1048576,0,4096,1823000,13260465123457665024
normal-o3,0,8,setup-cleanup,256,whitefoot,4,1048576,0,4096,1570000,13260465123457665024
normal-o3,0,8,setup-cleanup,256,loop-c,4,1048576,0,4096,1123000,13260465123457665024
normal-o3,0,8,setup-cleanup,256,bulk-c,4,1048576,0,4096,1123000,13260465123457665024
normal-o3,0,8,setup-cleanup,256,rust-vec-deque,4,1048576,0,4096,1942000,13260465123457665024
normal-o3,0,8,setup-cleanup,256,whitefoot,5,1048576,0,4096,1567000,2882508211808540672
normal-o3,0,8,setup-cleanup,256,loop-c,5,1048576,0,4096,1124000,2882508211808540672
normal-o3,0,8,setup-cleanup,256,bulk-c,5,1048576,0,4096,1123000,2882508211808540672
normal-o3,0,8,setup-cleanup,256,rust-vec-deque,5,1048576,0,4096,1904000,2882508211808540672
normal-o3,0,8,setup-cleanup,256,cpp-std-deque,5,1048576,0,4096,1829000,2882508211808540672
normal-o3,0,8,setup-cleanup,256,loop-c,6,1048576,0,4096,1130000,10951295373868967936
normal-o3,0,8,setup-cleanup,256,bulk-c,6,1048576,0,4096,1128000,10951295373868967936
normal-o3,0,8,setup-cleanup,256,rust-vec-deque,6,1048576,0,4096,1895000,10951295373868967936
normal-o3,0,8,setup-cleanup,256,cpp-std-deque,6,1048576,0,4096,1821000,10951295373868967936
normal-o3,0,8,setup-cleanup,256,whitefoot,6,1048576,0,4096,1568000,10951295373868967936
normal-o3,0,8,setup-cleanup,4096,whitefoot,0,1048576,0,256,1601000,7765240007655253120
normal-o3,0,8,setup-cleanup,4096,loop-c,0,1048576,0,256,1140000,7765240007655253120
normal-o3,0,8,setup-cleanup,4096,bulk-c,0,1048576,0,256,1143000,7765240007655253120
normal-o3,0,8,setup-cleanup,4096,rust-vec-deque,0,1048576,0,256,1840000,7765240007655253120
normal-o3,0,8,setup-cleanup,4096,cpp-std-deque,0,1048576,0,256,1806000,7765240007655253120
normal-o3,0,8,setup-cleanup,4096,loop-c,1,1048576,0,256,1140000,11711213948254610816
normal-o3,0,8,setup-cleanup,4096,bulk-c,1,1048576,0,256,1138000,11711213948254610816
normal-o3,0,8,setup-cleanup,4096,rust-vec-deque,1,1048576,0,256,1846000,11711213948254610816
normal-o3,0,8,setup-cleanup,4096,cpp-std-deque,1,1048576,0,256,1817000,11711213948254610816
normal-o3,0,8,setup-cleanup,4096,whitefoot,1,1048576,0,256,1601000,11711213948254610816
normal-o3,0,8,setup-cleanup,4096,bulk-c,2,1048576,0,256,1172000,15657187888853968512
normal-o3,0,8,setup-cleanup,4096,rust-vec-deque,2,1048576,0,256,1850000,15657187888853968512
normal-o3,0,8,setup-cleanup,4096,cpp-std-deque,2,1048576,0,256,1805000,15657187888853968512
normal-o3,0,8,setup-cleanup,4096,whitefoot,2,1048576,0,256,1607000,15657187888853968512
normal-o3,0,8,setup-cleanup,4096,loop-c,2,1048576,0,256,1146000,15657187888853968512
normal-o3,0,8,setup-cleanup,4096,rust-vec-deque,3,1048576,0,256,1843000,1156417755743774592
normal-o3,0,8,setup-cleanup,4096,cpp-std-deque,3,1048576,0,256,1805000,1156417755743774592
normal-o3,0,8,setup-cleanup,4096,whitefoot,3,1048576,0,256,1603000,1156417755743774592
normal-o3,0,8,setup-cleanup,4096,loop-c,3,1048576,0,256,1138000,1156417755743774592
normal-o3,0,8,setup-cleanup,4096,bulk-c,3,1048576,0,256,1162000,1156417755743774592
normal-o3,0,8,setup-cleanup,4096,cpp-std-deque,4,1048576,0,256,1810000,5102391696343132288
normal-o3,0,8,setup-cleanup,4096,whitefoot,4,1048576,0,256,1603000,5102391696343132288
normal-o3,0,8,setup-cleanup,4096,loop-c,4,1048576,0,256,1139000,5102391696343132288
normal-o3,0,8,setup-cleanup,4096,bulk-c,4,1048576,0,256,1138000,5102391696343132288
normal-o3,0,8,setup-cleanup,4096,rust-vec-deque,4,1048576,0,256,1841000,5102391696343132288
normal-o3,0,8,setup-cleanup,4096,whitefoot,5,1048576,0,256,1601000,9048365636942489984
normal-o3,0,8,setup-cleanup,4096,loop-c,5,1048576,0,256,1143000,9048365636942489984
normal-o3,0,8,setup-cleanup,4096,bulk-c,5,1048576,0,256,1192000,9048365636942489984
normal-o3,0,8,setup-cleanup,4096,rust-vec-deque,5,1048576,0,256,1839000,9048365636942489984
normal-o3,0,8,setup-cleanup,4096,cpp-std-deque,5,1048576,0,256,1803000,9048365636942489984
normal-o3,0,8,setup-cleanup,4096,loop-c,6,1048576,0,256,1141000,12994339577541847680
normal-o3,0,8,setup-cleanup,4096,bulk-c,6,1048576,0,256,1138000,12994339577541847680
normal-o3,0,8,setup-cleanup,4096,rust-vec-deque,6,1048576,0,256,1844000,12994339577541847680
normal-o3,0,8,setup-cleanup,4096,cpp-std-deque,6,1048576,0,256,1805000,12994339577541847680
normal-o3,0,8,setup-cleanup,4096,whitefoot,6,1048576,0,256,1608000,12994339577541847680
normal-o3,0,256,forward-churn,16,whitefoot,0,1048576,65536,1,31560000,17188851429925481317
normal-o3,0,256,forward-churn,16,loop-c,0,1048576,65536,1,31730000,17188851429925481317
normal-o3,0,256,forward-churn,16,bulk-c,0,1048576,65536,1,31772000,17188851429925481317
normal-o3,0,256,forward-churn,16,rust-vec-deque,0,1048576,65536,1,31641000,17188851429925481317
normal-o3,0,256,forward-churn,16,cpp-std-deque,0,1048576,65536,1,33425000,17188851429925481317
normal-o3,0,256,forward-churn,16,loop-c,1,1048576,65536,1,40340000,823541328420456294
normal-o3,0,256,forward-churn,16,bulk-c,1,1048576,65536,1,33579000,823541328420456294
normal-o3,0,256,forward-churn,16,rust-vec-deque,1,1048576,65536,1,32675000,823541328420456294
normal-o3,0,256,forward-churn,16,cpp-std-deque,1,1048576,65536,1,34346000,823541328420456294
normal-o3,0,256,forward-churn,16,whitefoot,1,1048576,65536,1,31544000,823541328420456294
normal-o3,0,256,forward-churn,16,bulk-c,2,1048576,65536,1,31786000,2904975300624982887
normal-o3,0,256,forward-churn,16,rust-vec-deque,2,1048576,65536,1,31615000,2904975300624982887
normal-o3,0,256,forward-churn,16,cpp-std-deque,2,1048576,65536,1,33423000,2904975300624982887
normal-o3,0,256,forward-churn,16,whitefoot,2,1048576,65536,1,31629000,2904975300624982887
normal-o3,0,256,forward-churn,16,loop-c,2,1048576,65536,1,32747000,2904975300624982887
normal-o3,0,256,forward-churn,16,rust-vec-deque,3,1048576,65536,1,32193000,4986409272829509480
normal-o3,0,256,forward-churn,16,cpp-std-deque,3,1048576,65536,1,33685000,4986409272829509480
normal-o3,0,256,forward-churn,16,whitefoot,3,1048576,65536,1,31569000,4986409272829509480
normal-o3,0,256,forward-churn,16,loop-c,3,1048576,65536,1,31689000,4986409272829509480
normal-o3,0,256,forward-churn,16,bulk-c,3,1048576,65536,1,31850000,4986409272829509480
normal-o3,0,256,forward-churn,16,cpp-std-deque,4,1048576,65536,1,33534000,7067843245034036073
normal-o3,0,256,forward-churn,16,whitefoot,4,1048576,65536,1,32191000,7067843245034036073
normal-o3,0,256,forward-churn,16,loop-c,4,1048576,65536,1,32493000,7067843245034036073
normal-o3,0,256,forward-churn,16,bulk-c,4,1048576,65536,1,31695000,7067843245034036073
normal-o3,0,256,forward-churn,16,rust-vec-deque,4,1048576,65536,1,31604000,7067843245034036073
normal-o3,0,256,forward-churn,16,whitefoot,5,1048576,65536,1,31551000,9149277217238562666
normal-o3,0,256,forward-churn,16,loop-c,5,1048576,65536,1,31724000,9149277217238562666
normal-o3,0,256,forward-churn,16,bulk-c,5,1048576,65536,1,31675000,9149277217238562666
normal-o3,0,256,forward-churn,16,rust-vec-deque,5,1048576,65536,1,31636000,9149277217238562666
normal-o3,0,256,forward-churn,16,cpp-std-deque,5,1048576,65536,1,33544000,9149277217238562666
normal-o3,0,256,forward-churn,16,loop-c,6,1048576,65536,1,31672000,11230711189443089259
normal-o3,0,256,forward-churn,16,bulk-c,6,1048576,65536,1,31678000,11230711189443089259
normal-o3,0,256,forward-churn,16,rust-vec-deque,6,1048576,65536,1,32408000,11230711189443089259
normal-o3,0,256,forward-churn,16,cpp-std-deque,6,1048576,65536,1,34738000,11230711189443089259
normal-o3,0,256,forward-churn,16,whitefoot,6,1048576,65536,1,31919000,11230711189443089259
normal-o3,0,256,forward-churn,256,whitefoot,0,1048576,4096,1,31585000,1378173382871003237
normal-o3,0,256,forward-churn,256,loop-c,0,1048576,4096,1,32122000,1378173382871003237
normal-o3,0,256,forward-churn,256,bulk-c,0,1048576,4096,1,31290000,1378173382871003237
normal-o3,0,256,forward-churn,256,rust-vec-deque,0,1048576,4096,1,31721000,1378173382871003237
normal-o3,0,256,forward-churn,256,cpp-std-deque,0,1048576,4096,1,33760000,1378173382871003237
normal-o3,0,256,forward-churn,256,loop-c,1,1048576,4096,1,32235000,159764215099453542
normal-o3,0,256,forward-churn,256,bulk-c,1,1048576,4096,1,31934000,159764215099453542
normal-o3,0,256,forward-churn,256,rust-vec-deque,1,1048576,4096,1,32164000,159764215099453542
normal-o3,0,256,forward-churn,256,cpp-std-deque,1,1048576,4096,1,33947000,159764215099453542
normal-o3,0,256,forward-churn,256,whitefoot,1,1048576,4096,1,31570000,159764215099453542
normal-o3,0,256,forward-churn,256,bulk-c,2,1048576,4096,1,31311000,17388099121037455463
normal-o3,0,256,forward-churn,256,rust-vec-deque,2,1048576,4096,1,31740000,17388099121037455463
normal-o3,0,256,forward-churn,256,cpp-std-deque,2,1048576,4096,1,33769000,17388099121037455463
normal-o3,0,256,forward-churn,256,whitefoot,2,1048576,4096,1,31570000,17388099121037455463
normal-o3,0,256,forward-churn,256,loop-c,2,1048576,4096,1,33048000,17388099121037455463
normal-o3,0,256,forward-churn,256,rust-vec-deque,3,1048576,4096,1,31679000,16169689953265905768
normal-o3,0,256,forward-churn,256,cpp-std-deque,3,1048576,4096,1,33866000,16169689953265905768
normal-o3,0,256,forward-churn,256,whitefoot,3,1048576,4096,1,31799000,16169689953265905768
normal-o3,0,256,forward-churn,256,loop-c,3,1048576,4096,1,32147000,16169689953265905768
normal-o3,0,256,forward-churn,256,bulk-c,3,1048576,4096,1,31261000,16169689953265905768
normal-o3,0,256,forward-churn,256,cpp-std-deque,4,1048576,4096,1,33781000,14951280785494356073
normal-o3,0,256,forward-churn,256,whitefoot,4,1048576,4096,1,31803000,14951280785494356073
normal-o3,0,256,forward-churn,256,loop-c,4,1048576,4096,1,32127000,14951280785494356073
normal-o3,0,256,forward-churn,256,bulk-c,4,1048576,4096,1,32033000,14951280785494356073
normal-o3,0,256,forward-churn,256,rust-vec-deque,4,1048576,4096,1,32704000,14951280785494356073
normal-o3,0,256,forward-churn,256,whitefoot,5,1048576,4096,1,31604000,13732871617722806378
normal-o3,0,256,forward-churn,256,loop-c,5,1048576,4096,1,32092000,13732871617722806378
normal-o3,0,256,forward-churn,256,bulk-c,5,1048576,4096,1,31293000,13732871617722806378
normal-o3,0,256,forward-churn,256,rust-vec-deque,5,1048576,4096,1,31726000,13732871617722806378
normal-o3,0,256,forward-churn,256,cpp-std-deque,5,1048576,4096,1,33867000,13732871617722806378
normal-o3,0,256,forward-churn,256,loop-c,6,1048576,4096,1,32073000,12514462449951256683
normal-o3,0,256,forward-churn,256,bulk-c,6,1048576,4096,1,31395000,12514462449951256683
normal-o3,0,256,forward-churn,256,rust-vec-deque,6,1048576,4096,1,31742000,12514462449951256683
normal-o3,0,256,forward-churn,256,cpp-std-deque,6,1048576,4096,1,33771000,12514462449951256683
normal-o3,0,256,forward-churn,256,whitefoot,6,1048576,4096,1,31785000,12514462449951256683
normal-o3,0,256,forward-churn,4096,whitefoot,0,1048576,256,1,31884000,10858289597910810725
normal-o3,0,256,forward-churn,4096,loop-c,0,1048576,256,1,32268000,10858289597910810725
normal-o3,0,256,forward-churn,4096,bulk-c,0,1048576,256,1,31604000,10858289597910810725
normal-o3,0,256,forward-churn,4096,rust-vec-deque,0,1048576,256,1,32118000,10858289597910810725
normal-o3,0,256,forward-churn,4096,cpp-std-deque,0,1048576,256,1,33719000,10858289597910810725
normal-o3,0,256,forward-churn,4096,loop-c,1,1048576,256,1,32110000,16913380677110923366
normal-o3,0,256,forward-churn,4096,bulk-c,1,1048576,256,1,31601000,16913380677110923366
normal-o3,0,256,forward-churn,4096,rust-vec-deque,1,1048576,256,1,31909000,16913380677110923366
normal-o3,0,256,forward-churn,4096,cpp-std-deque,1,1048576,256,1,34833000,16913380677110923366
normal-o3,0,256,forward-churn,4096,whitefoot,1,1048576,256,1,32681000,16913380677110923366
normal-o3,0,256,forward-churn,4096,bulk-c,2,1048576,256,1,31820000,4521727682601484391
normal-o3,0,256,forward-churn,4096,rust-vec-deque,2,1048576,256,1,31820000,4521727682601484391
normal-o3,0,256,forward-churn,4096,cpp-std-deque,2,1048576,256,1,33688000,4521727682601484391
normal-o3,0,256,forward-churn,4096,whitefoot,2,1048576,256,1,32187000,4521727682601484391
normal-o3,0,256,forward-churn,4096,loop-c,2,1048576,256,1,33238000,4521727682601484391
normal-o3,0,256,forward-churn,4096,rust-vec-deque,3,1048576,256,1,32322000,10576818761801597032
normal-o3,0,256,forward-churn,4096,cpp-std-deque,3,1048576,256,1,34370000,10576818761801597032
normal-o3,0,256,forward-churn,4096,whitefoot,3,1048576,256,1,31630000,10576818761801597032
normal-o3,0,256,forward-churn,4096,loop-c,3,1048576,256,1,32094000,10576818761801597032
normal-o3,0,256,forward-churn,4096,bulk-c,3,1048576,256,1,31625000,10576818761801597032
normal-o3,0,256,forward-churn,4096,cpp-std-deque,4,1048576,256,1,33785000,16631909841001709673
normal-o3,0,256,forward-churn,4096,whitefoot,4,1048576,256,1,31819000,16631909841001709673
normal-o3,0,256,forward-churn,4096,loop-c,4,1048576,256,1,32236000,16631909841001709673
normal-o3,0,256,forward-churn,4096,bulk-c,4,1048576,256,1,31544000,16631909841001709673
normal-o3,0,256,forward-churn,4096,rust-vec-deque,4,1048576,256,1,31824000,16631909841001709673
normal-o3,0,256,forward-churn,4096,whitefoot,5,1048576,256,1,31708000,4240256846492270698
normal-o3,0,256,forward-churn,4096,loop-c,5,1048576,256,1,32456000,4240256846492270698
normal-o3,0,256,forward-churn,4096,bulk-c,5,1048576,256,1,32317000,4240256846492270698
normal-o3,0,256,forward-churn,4096,rust-vec-deque,5,1048576,256,1,31855000,4240256846492270698
normal-o3,0,256,forward-churn,4096,cpp-std-deque,5,1048576,256,1,33726000,4240256846492270698
normal-o3,0,256,forward-churn,4096,loop-c,6,1048576,256,1,32167000,10295347925692383339
normal-o3,0,256,forward-churn,4096,bulk-c,6,1048576,256,1,31978000,10295347925692383339
normal-o3,0,256,forward-churn,4096,rust-vec-deque,6,1048576,256,1,32315000,10295347925692383339
normal-o3,0,256,forward-churn,4096,cpp-std-deque,6,1048576,256,1,33764000,10295347925692383339
normal-o3,0,256,forward-churn,4096,whitefoot,6,1048576,256,1,31689000,10295347925692383339
normal-o3,0,256,reverse-churn,16,whitefoot,0,1048576,65536,1,31503000,12849301183518894949
normal-o3,0,256,reverse-churn,16,loop-c,0,1048576,65536,1,31531000,12849301183518894949
normal-o3,0,256,reverse-churn,16,bulk-c,0,1048576,65536,1,31500000,12849301183518894949
normal-o3,0,256,reverse-churn,16,rust-vec-deque,0,1048576,65536,1,31568000,12849301183518894949
normal-o3,0,256,reverse-churn,16,cpp-std-deque,0,1048576,65536,1,33636000,12849301183518894949
normal-o3,0,256,reverse-churn,16,loop-c,1,1048576,65536,1,32512000,14930735155723421542
normal-o3,0,256,reverse-churn,16,bulk-c,1,1048576,65536,1,31524000,14930735155723421542
normal-o3,0,256,reverse-churn,16,rust-vec-deque,1,1048576,65536,1,31520000,14930735155723421542
normal-o3,0,256,reverse-churn,16,cpp-std-deque,1,1048576,65536,1,33556000,14930735155723421542
normal-o3,0,256,reverse-churn,16,whitefoot,1,1048576,65536,1,31532000,14930735155723421542
normal-o3,0,256,reverse-churn,16,bulk-c,2,1048576,65536,1,31536000,17012169127927948135
normal-o3,0,256,reverse-churn,16,rust-vec-deque,2,1048576,65536,1,31601000,17012169127927948135
normal-o3,0,256,reverse-churn,16,cpp-std-deque,2,1048576,65536,1,33702000,17012169127927948135
normal-o3,0,256,reverse-churn,16,whitefoot,2,1048576,65536,1,31579000,17012169127927948135
normal-o3,0,256,reverse-churn,16,loop-c,2,1048576,65536,1,31561000,17012169127927948135
normal-o3,0,256,reverse-churn,16,rust-vec-deque,3,1048576,65536,1,31542000,646859026422923112
normal-o3,0,256,reverse-churn,16,cpp-std-deque,3,1048576,65536,1,33565000,646859026422923112
normal-o3,0,256,reverse-churn,16,whitefoot,3,1048576,65536,1,31538000,646859026422923112
normal-o3,0,256,reverse-churn,16,loop-c,3,1048576,65536,1,31504000,646859026422923112
normal-o3,0,256,reverse-churn,16,bulk-c,3,1048576,65536,1,31985000,646859026422923112
normal-o3,0,256,reverse-churn,16,cpp-std-deque,4,1048576,65536,1,33522000,2728292998627449705
normal-o3,0,256,reverse-churn,16,whitefoot,4,1048576,65536,1,31531000,2728292998627449705
normal-o3,0,256,reverse-churn,16,loop-c,4,1048576,65536,1,31501000,2728292998627449705
normal-o3,0,256,reverse-churn,16,bulk-c,4,1048576,65536,1,31497000,2728292998627449705
normal-o3,0,256,reverse-churn,16,rust-vec-deque,4,1048576,65536,1,31545000,2728292998627449705
normal-o3,0,256,reverse-churn,16,whitefoot,5,1048576,65536,1,31522000,4809726970831976298
normal-o3,0,256,reverse-churn,16,loop-c,5,1048576,65536,1,31500000,4809726970831976298
normal-o3,0,256,reverse-churn,16,bulk-c,5,1048576,65536,1,31512000,4809726970831976298
normal-o3,0,256,reverse-churn,16,rust-vec-deque,5,1048576,65536,1,31545000,4809726970831976298
normal-o3,0,256,reverse-churn,16,cpp-std-deque,5,1048576,65536,1,33537000,4809726970831976298
normal-o3,0,256,reverse-churn,16,loop-c,6,1048576,65536,1,32979000,6891160943036502891
normal-o3,0,256,reverse-churn,16,bulk-c,6,1048576,65536,1,32222000,6891160943036502891
normal-o3,0,256,reverse-churn,16,rust-vec-deque,6,1048576,65536,1,31536000,6891160943036502891
normal-o3,0,256,reverse-churn,16,cpp-std-deque,6,1048576,65536,1,33554000,6891160943036502891
normal-o3,0,256,reverse-churn,16,whitefoot,6,1048576,65536,1,31486000,6891160943036502891
normal-o3,0,256,reverse-churn,256,whitefoot,0,1048576,4096,1,31462000,1907166854544928869
normal-o3,0,256,reverse-churn,256,loop-c,0,1048576,4096,1,31478000,1907166854544928869
normal-o3,0,256,reverse-churn,256,bulk-c,0,1048576,4096,1,31813000,1907166854544928869
normal-o3,0,256,reverse-churn,256,rust-vec-deque,0,1048576,4096,1,31745000,1907166854544928869
normal-o3,0,256,reverse-churn,256,cpp-std-deque,0,1048576,4096,1,33614000,1907166854544928869
normal-o3,0,256,reverse-churn,256,loop-c,1,1048576,4096,1,31531000,688757686773379174
normal-o3,0,256,reverse-churn,256,bulk-c,1,1048576,4096,1,31581000,688757686773379174
normal-o3,0,256,reverse-churn,256,rust-vec-deque,1,1048576,4096,1,31552000,688757686773379174
normal-o3,0,256,reverse-churn,256,cpp-std-deque,1,1048576,4096,1,33504000,688757686773379174
normal-o3,0,256,reverse-churn,256,whitefoot,1,1048576,4096,1,31634000,688757686773379174
normal-o3,0,256,reverse-churn,256,bulk-c,2,1048576,4096,1,32506000,17917092592711381095
normal-o3,0,256,reverse-churn,256,rust-vec-deque,2,1048576,4096,1,32172000,17917092592711381095
normal-o3,0,256,reverse-churn,256,cpp-std-deque,2,1048576,4096,1,33883000,17917092592711381095
normal-o3,0,256,reverse-churn,256,whitefoot,2,1048576,4096,1,31521000,17917092592711381095
normal-o3,0,256,reverse-churn,256,loop-c,2,1048576,4096,1,31545000,17917092592711381095
normal-o3,0,256,reverse-churn,256,rust-vec-deque,3,1048576,4096,1,31628000,16698683424939831400
normal-o3,0,256,reverse-churn,256,cpp-std-deque,3,1048576,4096,1,33604000,16698683424939831400
normal-o3,0,256,reverse-churn,256,whitefoot,3,1048576,4096,1,31470000,16698683424939831400
normal-o3,0,256,reverse-churn,256,loop-c,3,1048576,4096,1,31531000,16698683424939831400
normal-o3,0,256,reverse-churn,256,bulk-c,3,1048576,4096,1,31545000,16698683424939831400
normal-o3,0,256,reverse-churn,256,cpp-std-deque,4,1048576,4096,1,35046000,15480274257168281705
normal-o3,0,256,reverse-churn,256,whitefoot,4,1048576,4096,1,32586000,15480274257168281705
normal-o3,0,256,reverse-churn,256,loop-c,4,1048576,4096,1,31674000,15480274257168281705
normal-o3,0,256,reverse-churn,256,bulk-c,4,1048576,4096,1,31556000,15480274257168281705
normal-o3,0,256,reverse-churn,256,rust-vec-deque,4,1048576,4096,1,31567000,15480274257168281705
normal-o3,0,256,reverse-churn,256,whitefoot,5,1048576,4096,1,32182000,14261865089396732010
normal-o3,0,256,reverse-churn,256,loop-c,5,1048576,4096,1,31841000,14261865089396732010
normal-o3,0,256,reverse-churn,256,bulk-c,5,1048576,4096,1,31538000,14261865089396732010
normal-o3,0,256,reverse-churn,256,rust-vec-deque,5,1048576,4096,1,31574000,14261865089396732010
normal-o3,0,256,reverse-churn,256,cpp-std-deque,5,1048576,4096,1,33763000,14261865089396732010
normal-o3,0,256,reverse-churn,256,loop-c,6,1048576,4096,1,31510000,13043455921625182315
normal-o3,0,256,reverse-churn,256,bulk-c,6,1048576,4096,1,31496000,13043455921625182315
normal-o3,0,256,reverse-churn,256,rust-vec-deque,6,1048576,4096,1,31556000,13043455921625182315
normal-o3,0,256,reverse-churn,256,cpp-std-deque,6,1048576,4096,1,33650000,13043455921625182315
normal-o3,0,256,reverse-churn,256,whitefoot,6,1048576,4096,1,31492000,13043455921625182315
normal-o3,0,256,reverse-churn,4096,whitefoot,0,1048576,256,1,31634000,920667832525193317
normal-o3,0,256,reverse-churn,4096,loop-c,0,1048576,256,1,32378000,920667832525193317
normal-o3,0,256,reverse-churn,4096,bulk-c,0,1048576,256,1,32274000,920667832525193317
normal-o3,0,256,reverse-churn,4096,rust-vec-deque,0,1048576,256,1,32035000,920667832525193317
normal-o3,0,256,reverse-churn,4096,cpp-std-deque,0,1048576,256,1,34334000,920667832525193317
normal-o3,0,256,reverse-churn,4096,loop-c,1,1048576,256,1,31682000,6975758911725305958
normal-o3,0,256,reverse-churn,4096,bulk-c,1,1048576,256,1,31735000,6975758911725305958
normal-o3,0,256,reverse-churn,4096,rust-vec-deque,1,1048576,256,1,31710000,6975758911725305958
normal-o3,0,256,reverse-churn,4096,cpp-std-deque,1,1048576,256,1,33783000,6975758911725305958
normal-o3,0,256,reverse-churn,4096,whitefoot,1,1048576,256,1,31833000,6975758911725305958
normal-o3,0,256,reverse-churn,4096,bulk-c,2,1048576,256,1,31666000,13030849990925418599
normal-o3,0,256,reverse-churn,4096,rust-vec-deque,2,1048576,256,1,32684000,13030849990925418599
normal-o3,0,256,reverse-churn,4096,cpp-std-deque,2,1048576,256,1,35223000,13030849990925418599
normal-o3,0,256,reverse-churn,4096,whitefoot,2,1048576,256,1,31998000,13030849990925418599
normal-o3,0,256,reverse-churn,4096,loop-c,2,1048576,256,1,31666000,13030849990925418599
normal-o3,0,256,reverse-churn,4096,rust-vec-deque,3,1048576,256,1,31726000,639196996415979624
normal-o3,0,256,reverse-churn,4096,cpp-std-deque,3,1048576,256,1,33731000,639196996415979624
normal-o3,0,256,reverse-churn,4096,whitefoot,3,1048576,256,1,31664000,639196996415979624
normal-o3,0,256,reverse-churn,4096,loop-c,3,1048576,256,1,31778000,639196996415979624
normal-o3,0,256,reverse-churn,4096,bulk-c,3,1048576,256,1,31689000,639196996415979624
normal-o3,0,256,reverse-churn,4096,cpp-std-deque,4,1048576,256,1,33866000,6694288075616092265
normal-o3,0,256,reverse-churn,4096,whitefoot,4,1048576,256,1,31719000,6694288075616092265
normal-o3,0,256,reverse-churn,4096,loop-c,4,1048576,256,1,31665000,6694288075616092265
normal-o3,0,256,reverse-churn,4096,bulk-c,4,1048576,256,1,31672000,6694288075616092265
normal-o3,0,256,reverse-churn,4096,rust-vec-deque,4,1048576,256,1,31734000,6694288075616092265
normal-o3,0,256,reverse-churn,4096,whitefoot,5,1048576,256,1,31671000,12749379154816204906
normal-o3,0,256,reverse-churn,4096,loop-c,5,1048576,256,1,31699000,12749379154816204906
normal-o3,0,256,reverse-churn,4096,bulk-c,5,1048576,256,1,31983000,12749379154816204906
normal-o3,0,256,reverse-churn,4096,rust-vec-deque,5,1048576,256,1,31983000,12749379154816204906
normal-o3,0,256,reverse-churn,4096,cpp-std-deque,5,1048576,256,1,33735000,12749379154816204906
normal-o3,0,256,reverse-churn,4096,loop-c,6,1048576,256,1,32128000,357726160306765931
normal-o3,0,256,reverse-churn,4096,bulk-c,6,1048576,256,1,32078000,357726160306765931
normal-o3,0,256,reverse-churn,4096,rust-vec-deque,6,1048576,256,1,31684000,357726160306765931
normal-o3,0,256,reverse-churn,4096,cpp-std-deque,6,1048576,256,1,33730000,357726160306765931
normal-o3,0,256,reverse-churn,4096,whitefoot,6,1048576,256,1,31699000,357726160306765931
normal-o3,0,256,growth,16,whitefoot,0,1048576,65536,1,81438000,16196295401191800933
normal-o3,0,256,growth,16,loop-c,0,1048576,65536,1,83088000,16196295401191800933
normal-o3,0,256,growth,16,bulk-c,0,1048576,65536,1,79777000,16196295401191800933
normal-o3,0,256,growth,16,rust-vec-deque,0,1048576,65536,1,90840000,16196295401191800933
normal-o3,0,256,growth,16,cpp-std-deque,0,1048576,65536,1,83914000,16196295401191800933
normal-o3,0,256,growth,16,loop-c,1,1048576,65536,1,81053000,10742487439568633958
normal-o3,0,256,growth,16,bulk-c,1,1048576,65536,1,80342000,10742487439568633958
normal-o3,0,256,growth,16,rust-vec-deque,1,1048576,65536,1,90866000,10742487439568633958
normal-o3,0,256,growth,16,cpp-std-deque,1,1048576,65536,1,83244000,10742487439568633958
normal-o3,0,256,growth,16,whitefoot,1,1048576,65536,1,80444000,10742487439568633958
normal-o3,0,256,growth,16,bulk-c,2,1048576,65536,1,81077000,5288679477945466983
normal-o3,0,256,growth,16,rust-vec-deque,2,1048576,65536,1,91820000,5288679477945466983
normal-o3,0,256,growth,16,cpp-std-deque,2,1048576,65536,1,83174000,5288679477945466983
normal-o3,0,256,growth,16,whitefoot,2,1048576,65536,1,79542000,5288679477945466983
normal-o3,0,256,growth,16,loop-c,2,1048576,65536,1,80895000,5288679477945466983
normal-o3,0,256,growth,16,rust-vec-deque,3,1048576,65536,1,90709000,18281615590031851624
normal-o3,0,256,growth,16,cpp-std-deque,3,1048576,65536,1,83380000,18281615590031851624
normal-o3,0,256,growth,16,whitefoot,3,1048576,65536,1,79491000,18281615590031851624
normal-o3,0,256,growth,16,loop-c,3,1048576,65536,1,80915000,18281615590031851624
normal-o3,0,256,growth,16,bulk-c,3,1048576,65536,1,79582000,18281615590031851624
normal-o3,0,256,growth,16,cpp-std-deque,4,1048576,65536,1,84764000,12827807628408684649
normal-o3,0,256,growth,16,whitefoot,4,1048576,65536,1,81910000,12827807628408684649
normal-o3,0,256,growth,16,loop-c,4,1048576,65536,1,80812000,12827807628408684649
normal-o3,0,256,growth,16,bulk-c,4,1048576,65536,1,79561000,12827807628408684649
normal-o3,0,256,growth,16,rust-vec-deque,4,1048576,65536,1,91633000,12827807628408684649
normal-o3,0,256,growth,16,whitefoot,5,1048576,65536,1,79712000,7373999666785517674
normal-o3,0,256,growth,16,loop-c,5,1048576,65536,1,80698000,7373999666785517674
normal-o3,0,256,growth,16,bulk-c,5,1048576,65536,1,79577000,7373999666785517674
normal-o3,0,256,growth,16,rust-vec-deque,5,1048576,65536,1,90694000,7373999666785517674
normal-o3,0,256,growth,16,cpp-std-deque,5,1048576,65536,1,83230000,7373999666785517674
normal-o3,0,256,growth,16,loop-c,6,1048576,65536,1,81003000,1920191705162350699
normal-o3,0,256,growth,16,bulk-c,6,1048576,65536,1,82484000,1920191705162350699
normal-o3,0,256,growth,16,rust-vec-deque,6,1048576,65536,1,91186000,1920191705162350699
normal-o3,0,256,growth,16,cpp-std-deque,6,1048576,65536,1,83212000,1920191705162350699
normal-o3,0,256,growth,16,whitefoot,6,1048576,65536,1,79641000,1920191705162350699
normal-o3,0,256,growth,256,whitefoot,0,1048576,4096,1,80483000,772604528371779685
normal-o3,0,256,growth,256,loop-c,0,1048576,4096,1,81126000,772604528371779685
normal-o3,0,256,growth,256,bulk-c,0,1048576,4096,1,75514000,772604528371779685
normal-o3,0,256,growth,256,rust-vec-deque,0,1048576,4096,1,70231000,772604528371779685
normal-o3,0,256,growth,256,cpp-std-deque,0,1048576,4096,1,79762000,772604528371779685
normal-o3,0,256,growth,256,loop-c,1,1048576,4096,1,81273000,8561867817917962342
normal-o3,0,256,growth,256,bulk-c,1,1048576,4096,1,78536000,8561867817917962342
normal-o3,0,256,growth,256,rust-vec-deque,1,1048576,4096,1,72378000,8561867817917962342
normal-o3,0,256,growth,256,cpp-std-deque,1,1048576,4096,1,79767000,8561867817917962342
normal-o3,0,256,growth,256,whitefoot,1,1048576,4096,1,80697000,8561867817917962342
normal-o3,0,256,growth,256,bulk-c,2,1048576,4096,1,75072000,16351131107464144999
normal-o3,0,256,growth,256,rust-vec-deque,2,1048576,4096,1,70303000,16351131107464144999
normal-o3,0,256,growth,256,cpp-std-deque,2,1048576,4096,1,79897000,16351131107464144999
normal-o3,0,256,growth,256,whitefoot,2,1048576,4096,1,80504000,16351131107464144999
normal-o3,0,256,growth,256,loop-c,2,1048576,4096,1,81442000,16351131107464144999
normal-o3,0,256,growth,256,rust-vec-deque,3,1048576,4096,1,70672000,5693650323300776040
normal-o3,0,256,growth,256,cpp-std-deque,3,1048576,4096,1,79726000,5693650323300776040
normal-o3,0,256,growth,256,whitefoot,3,1048576,4096,1,80473000,5693650323300776040
normal-o3,0,256,growth,256,loop-c,3,1048576,4096,1,83374000,5693650323300776040
normal-o3,0,256,growth,256,bulk-c,3,1048576,4096,1,76382000,5693650323300776040
normal-o3,0,256,growth,256,cpp-std-deque,4,1048576,4096,1,79770000,13482913612846958697
normal-o3,0,256,growth,256,whitefoot,4,1048576,4096,1,80390000,13482913612846958697
normal-o3,0,256,growth,256,loop-c,4,1048576,4096,1,83608000,13482913612846958697
normal-o3,0,256,growth,256,bulk-c,4,1048576,4096,1,75134000,13482913612846958697
normal-o3,0,256,growth,256,rust-vec-deque,4,1048576,4096,1,70194000,13482913612846958697
normal-o3,0,256,growth,256,whitefoot,5,1048576,4096,1,80441000,2825432828683589738
normal-o3,0,256,growth,256,loop-c,5,1048576,4096,1,81131000,2825432828683589738
normal-o3,0,256,growth,256,bulk-c,5,1048576,4096,1,75149000,2825432828683589738
normal-o3,0,256,growth,256,rust-vec-deque,5,1048576,4096,1,70305000,2825432828683589738
normal-o3,0,256,growth,256,cpp-std-deque,5,1048576,4096,1,81834000,2825432828683589738
normal-o3,0,256,growth,256,loop-c,6,1048576,4096,1,81815000,10614696118229772395
normal-o3,0,256,growth,256,bulk-c,6,1048576,4096,1,75053000,10614696118229772395
normal-o3,0,256,growth,256,rust-vec-deque,6,1048576,4096,1,70231000,10614696118229772395
normal-o3,0,256,growth,256,cpp-std-deque,6,1048576,4096,1,80438000,10614696118229772395
normal-o3,0,256,growth,256,whitefoot,6,1048576,4096,1,80458000,10614696118229772395
normal-o3,0,256,growth,4096,whitefoot,0,1048576,256,1,80097000,3330279058298623205
normal-o3,0,256,growth,4096,loop-c,0,1048576,256,1,80939000,3330279058298623205
normal-o3,0,256,growth,4096,bulk-c,0,1048576,256,1,76393000,3330279058298623205
normal-o3,0,256,growth,4096,rust-vec-deque,0,1048576,256,1,78995000,3330279058298623205
normal-o3,0,256,growth,4096,cpp-std-deque,0,1048576,256,1,81374000,3330279058298623205
normal-o3,0,256,growth,4096,loop-c,1,1048576,256,1,82009000,14800704677276423654
normal-o3,0,256,growth,4096,bulk-c,1,1048576,256,1,76820000,14800704677276423654
normal-o3,0,256,growth,4096,rust-vec-deque,1,1048576,256,1,79815000,14800704677276423654
normal-o3,0,256,growth,4096,cpp-std-deque,1,1048576,256,1,82092000,14800704677276423654
normal-o3,0,256,growth,4096,whitefoot,1,1048576,256,1,80153000,14800704677276423654
normal-o3,0,256,growth,4096,bulk-c,2,1048576,256,1,76488000,7824386222544672487
normal-o3,0,256,growth,4096,rust-vec-deque,2,1048576,256,1,79134000,7824386222544672487
normal-o3,0,256,growth,4096,cpp-std-deque,2,1048576,256,1,81343000,7824386222544672487
normal-o3,0,256,growth,4096,whitefoot,2,1048576,256,1,80070000,7824386222544672487
normal-o3,0,256,growth,4096,loop-c,2,1048576,256,1,80912000,7824386222544672487
normal-o3,0,256,growth,4096,rust-vec-deque,3,1048576,256,1,82703000,848067767812921320
normal-o3,0,256,growth,4096,cpp-std-deque,3,1048576,256,1,81304000,848067767812921320
normal-o3,0,256,growth,4096,whitefoot,3,1048576,256,1,80139000,848067767812921320
normal-o3,0,256,growth,4096,loop-c,3,1048576,256,1,81752000,848067767812921320
normal-o3,0,256,growth,4096,bulk-c,3,1048576,256,1,76561000,848067767812921320
normal-o3,0,256,growth,4096,cpp-std-deque,4,1048576,256,1,81561000,12318493386790721769
normal-o3,0,256,growth,4096,whitefoot,4,1048576,256,1,80179000,12318493386790721769
normal-o3,0,256,growth,4096,loop-c,4,1048576,256,1,81624000,12318493386790721769
normal-o3,0,256,growth,4096,bulk-c,4,1048576,256,1,76395000,12318493386790721769
normal-o3,0,256,growth,4096,rust-vec-deque,4,1048576,256,1,79100000,12318493386790721769
normal-o3,0,256,growth,4096,whitefoot,5,1048576,256,1,80795000,5342174932058970602
normal-o3,0,256,growth,4096,loop-c,5,1048576,256,1,83050000,5342174932058970602
normal-o3,0,256,growth,4096,bulk-c,5,1048576,256,1,76678000,5342174932058970602
normal-o3,0,256,growth,4096,rust-vec-deque,5,1048576,256,1,79069000,5342174932058970602
normal-o3,0,256,growth,4096,cpp-std-deque,5,1048576,256,1,81449000,5342174932058970602
normal-o3,0,256,growth,4096,loop-c,6,1048576,256,1,80918000,16812600551036771051
normal-o3,0,256,growth,4096,bulk-c,6,1048576,256,1,76796000,16812600551036771051
normal-o3,0,256,growth,4096,rust-vec-deque,6,1048576,256,1,79153000,16812600551036771051
normal-o3,0,256,growth,4096,cpp-std-deque,6,1048576,256,1,81495000,16812600551036771051
normal-o3,0,256,growth,4096,whitefoot,6,1048576,256,1,80109000,16812600551036771051
normal-o3,0,256,setup-cleanup,16,whitefoot,0,1048576,0,65536,35364000,12170009827713777664
normal-o3,0,256,setup-cleanup,16,loop-c,0,1048576,0,65536,36686000,12170009827713777664
normal-o3,0,256,setup-cleanup,16,bulk-c,0,1048576,0,65536,36864000,12170009827713777664
normal-o3,0,256,setup-cleanup,16,rust-vec-deque,0,1048576,0,65536,35037000,12170009827713777664
normal-o3,0,256,setup-cleanup,16,cpp-std-deque,0,1048576,0,65536,42901000,12170009827713777664
normal-o3,0,256,setup-cleanup,16,loop-c,1,1048576,0,65536,36665000,11052101632478511104
normal-o3,0,256,setup-cleanup,16,bulk-c,1,1048576,0,65536,36635000,11052101632478511104
normal-o3,0,256,setup-cleanup,16,rust-vec-deque,1,1048576,0,65536,35203000,11052101632478511104
normal-o3,0,256,setup-cleanup,16,cpp-std-deque,1,1048576,0,65536,41467000,11052101632478511104
normal-o3,0,256,setup-cleanup,16,whitefoot,1,1048576,0,65536,35370000,11052101632478511104
normal-o3,0,256,setup-cleanup,16,bulk-c,2,1048576,0,65536,36642000,9934193437243244544
normal-o3,0,256,setup-cleanup,16,rust-vec-deque,2,1048576,0,65536,35040000,9934193437243244544
normal-o3,0,256,setup-cleanup,16,cpp-std-deque,2,1048576,0,65536,41448000,9934193437243244544
normal-o3,0,256,setup-cleanup,16,whitefoot,2,1048576,0,65536,35832000,9934193437243244544
normal-o3,0,256,setup-cleanup,16,loop-c,2,1048576,0,65536,37130000,9934193437243244544
normal-o3,0,256,setup-cleanup,16,rust-vec-deque,3,1048576,0,65536,35163000,8816285242007977984
normal-o3,0,256,setup-cleanup,16,cpp-std-deque,3,1048576,0,65536,41425000,8816285242007977984
normal-o3,0,256,setup-cleanup,16,whitefoot,3,1048576,0,65536,35381000,8816285242007977984
normal-o3,0,256,setup-cleanup,16,loop-c,3,1048576,0,65536,36732000,8816285242007977984
normal-o3,0,256,setup-cleanup,16,bulk-c,3,1048576,0,65536,37392000,8816285242007977984
normal-o3,0,256,setup-cleanup,16,cpp-std-deque,4,1048576,0,65536,41687000,7698377046772711424
normal-o3,0,256,setup-cleanup,16,whitefoot,4,1048576,0,65536,35388000,7698377046772711424
normal-o3,0,256,setup-cleanup,16,loop-c,4,1048576,0,65536,36655000,7698377046772711424
normal-o3,0,256,setup-cleanup,16,bulk-c,4,1048576,0,65536,36669000,7698377046772711424
normal-o3,0,256,setup-cleanup,16,rust-vec-deque,4,1048576,0,65536,35034000,7698377046772711424
normal-o3,0,256,setup-cleanup,16,whitefoot,5,1048576,0,65536,35391000,6580468851537444864
normal-o3,0,256,setup-cleanup,16,loop-c,5,1048576,0,65536,36670000,6580468851537444864
normal-o3,0,256,setup-cleanup,16,bulk-c,5,1048576,0,65536,37619000,6580468851537444864
normal-o3,0,256,setup-cleanup,16,rust-vec-deque,5,1048576,0,65536,36564000,6580468851537444864
normal-o3,0,256,setup-cleanup,16,cpp-std-deque,5,1048576,0,65536,41720000,6580468851537444864
normal-o3,0,256,setup-cleanup,16,loop-c,6,1048576,0,65536,36669000,5462560656302178304
normal-o3,0,256,setup-cleanup,16,bulk-c,6,1048576,0,65536,36697000,5462560656302178304
normal-o3,0,256,setup-cleanup,16,rust-vec-deque,6,1048576,0,65536,35055000,5462560656302178304
normal-o3,0,256,setup-cleanup,16,cpp-std-deque,6,1048576,0,65536,41409000,5462560656302178304
normal-o3,0,256,setup-cleanup,16,whitefoot,6,1048576,0,65536,35372000,5462560656302178304
normal-o3,0,256,setup-cleanup,256,whitefoot,0,1048576,0,4096,34986000,14530840138127132672
normal-o3,0,256,setup-cleanup,256,loop-c,0,1048576,0,4096,36611000,14530840138127132672
normal-o3,0,256,setup-cleanup,256,bulk-c,0,1048576,0,4096,37173000,14530840138127132672
normal-o3,0,256,setup-cleanup,256,rust-vec-deque,0,1048576,0,4096,35586000,14530840138127132672
normal-o3,0,256,setup-cleanup,256,cpp-std-deque,0,1048576,0,4096,39944000,14530840138127132672
normal-o3,0,256,setup-cleanup,256,loop-c,1,1048576,0,4096,36721000,11805068313191929856
normal-o3,0,256,setup-cleanup,256,bulk-c,1,1048576,0,4096,36669000,11805068313191929856
normal-o3,0,256,setup-cleanup,256,rust-vec-deque,1,1048576,0,4096,35023000,11805068313191929856
normal-o3,0,256,setup-cleanup,256,cpp-std-deque,1,1048576,0,4096,39679000,11805068313191929856
normal-o3,0,256,setup-cleanup,256,whitefoot,1,1048576,0,4096,34877000,11805068313191929856
normal-o3,0,256,setup-cleanup,256,bulk-c,2,1048576,0,4096,36573000,9079296488256727040
normal-o3,0,256,setup-cleanup,256,rust-vec-deque,2,1048576,0,4096,35028000,9079296488256727040
normal-o3,0,256,setup-cleanup,256,cpp-std-deque,2,1048576,0,4096,39632000,9079296488256727040
normal-o3,0,256,setup-cleanup,256,whitefoot,2,1048576,0,4096,34903000,9079296488256727040
normal-o3,0,256,setup-cleanup,256,loop-c,2,1048576,0,4096,36601000,9079296488256727040
normal-o3,0,256,setup-cleanup,256,rust-vec-deque,3,1048576,0,4096,36308000,6353524663321524224
normal-o3,0,256,setup-cleanup,256,cpp-std-deque,3,1048576,0,4096,39864000,6353524663321524224
normal-o3,0,256,setup-cleanup,256,whitefoot,3,1048576,0,4096,39101000,6353524663321524224
normal-o3,0,256,setup-cleanup,256,loop-c,3,1048576,0,4096,36577000,6353524663321524224
normal-o3,0,256,setup-cleanup,256,bulk-c,3,1048576,0,4096,36567000,6353524663321524224
normal-o3,0,256,setup-cleanup,256,cpp-std-deque,4,1048576,0,4096,39537000,3627752838386321408
normal-o3,0,256,setup-cleanup,256,whitefoot,4,1048576,0,4096,34930000,3627752838386321408
normal-o3,0,256,setup-cleanup,256,loop-c,4,1048576,0,4096,36665000,3627752838386321408
normal-o3,0,256,setup-cleanup,256,bulk-c,4,1048576,0,4096,36616000,3627752838386321408
normal-o3,0,256,setup-cleanup,256,rust-vec-deque,4,1048576,0,4096,35031000,3627752838386321408
normal-o3,0,256,setup-cleanup,256,whitefoot,5,1048576,0,4096,34966000,901981013451118592
normal-o3,0,256,setup-cleanup,256,loop-c,5,1048576,0,4096,36830000,901981013451118592
normal-o3,0,256,setup-cleanup,256,bulk-c,5,1048576,0,4096,37464000,901981013451118592
normal-o3,0,256,setup-cleanup,256,rust-vec-deque,5,1048576,0,4096,35348000,901981013451118592
normal-o3,0,256,setup-cleanup,256,cpp-std-deque,5,1048576,0,4096,39417000,901981013451118592
normal-o3,0,256,setup-cleanup,256,loop-c,6,1048576,0,4096,36582000,16622953262225467392
normal-o3,0,256,setup-cleanup,256,bulk-c,6,1048576,0,4096,36577000,16622953262225467392
normal-o3,0,256,setup-cleanup,256,rust-vec-deque,6,1048576,0,4096,35047000,16622953262225467392
normal-o3,0,256,setup-cleanup,256,cpp-std-deque,6,1048576,0,4096,39461000,16622953262225467392
normal-o3,0,256,setup-cleanup,256,whitefoot,6,1048576,0,4096,34971000,16622953262225467392
normal-o3,0,256,setup-cleanup,4096,whitefoot,0,1048576,0,256,35894000,14517789511153968256
normal-o3,0,256,setup-cleanup,4096,loop-c,0,1048576,0,256,36739000,14517789511153968256
normal-o3,0,256,setup-cleanup,4096,bulk-c,0,1048576,0,256,36742000,14517789511153968256
normal-o3,0,256,setup-cleanup,4096,rust-vec-deque,0,1048576,0,256,37039000,14517789511153968256
normal-o3,0,256,setup-cleanup,4096,cpp-std-deque,0,1048576,0,256,41783000,14517789511153968256
normal-o3,0,256,setup-cleanup,4096,loop-c,1,1048576,0,256,37762000,8362035237453620608
normal-o3,0,256,setup-cleanup,4096,bulk-c,1,1048576,0,256,36820000,8362035237453620608
normal-o3,0,256,setup-cleanup,4096,rust-vec-deque,1,1048576,0,256,35971000,8362035237453620608
normal-o3,0,256,setup-cleanup,4096,cpp-std-deque,1,1048576,0,256,40718000,8362035237453620608
normal-o3,0,256,setup-cleanup,4096,whitefoot,1,1048576,0,256,35863000,8362035237453620608
normal-o3,0,256,setup-cleanup,4096,bulk-c,2,1048576,0,256,36906000,2206280963753272960
normal-o3,0,256,setup-cleanup,4096,rust-vec-deque,2,1048576,0,256,35833000,2206280963753272960
normal-o3,0,256,setup-cleanup,4096,cpp-std-deque,2,1048576,0,256,40821000,2206280963753272960
normal-o3,0,256,setup-cleanup,4096,whitefoot,2,1048576,0,256,35858000,2206280963753272960
normal-o3,0,256,setup-cleanup,4096,loop-c,2,1048576,0,256,36749000,2206280963753272960
normal-o3,0,256,setup-cleanup,4096,rust-vec-deque,3,1048576,0,256,36172000,14497270763762476928
normal-o3,0,256,setup-cleanup,4096,cpp-std-deque,3,1048576,0,256,41534000,14497270763762476928
normal-o3,0,256,setup-cleanup,4096,whitefoot,3,1048576,0,256,36801000,14497270763762476928
normal-o3,0,256,setup-cleanup,4096,loop-c,3,1048576,0,256,36704000,14497270763762476928
normal-o3,0,256,setup-cleanup,4096,bulk-c,3,1048576,0,256,36754000,14497270763762476928
normal-o3,0,256,setup-cleanup,4096,cpp-std-deque,4,1048576,0,256,40872000,8341516490062129280
normal-o3,0,256,setup-cleanup,4096,whitefoot,4,1048576,0,256,36527000,8341516490062129280
normal-o3,0,256,setup-cleanup,4096,loop-c,4,1048576,0,256,36900000,8341516490062129280
normal-o3,0,256,setup-cleanup,4096,bulk-c,4,1048576,0,256,36708000,8341516490062129280
normal-o3,0,256,setup-cleanup,4096,rust-vec-deque,4,1048576,0,256,36547000,8341516490062129280
normal-o3,0,256,setup-cleanup,4096,whitefoot,5,1048576,0,256,37537000,2185762216361781632
normal-o3,0,256,setup-cleanup,4096,loop-c,5,1048576,0,256,37496000,2185762216361781632
normal-o3,0,256,setup-cleanup,4096,bulk-c,5,1048576,0,256,36829000,2185762216361781632
normal-o3,0,256,setup-cleanup,4096,rust-vec-deque,5,1048576,0,256,35842000,2185762216361781632
normal-o3,0,256,setup-cleanup,4096,cpp-std-deque,5,1048576,0,256,40756000,2185762216361781632
normal-o3,0,256,setup-cleanup,4096,loop-c,6,1048576,0,256,36758000,14476752016370985600
normal-o3,0,256,setup-cleanup,4096,bulk-c,6,1048576,0,256,36817000,14476752016370985600
normal-o3,0,256,setup-cleanup,4096,rust-vec-deque,6,1048576,0,256,35853000,14476752016370985600
normal-o3,0,256,setup-cleanup,4096,cpp-std-deque,6,1048576,0,256,40878000,14476752016370985600
normal-o3,0,256,setup-cleanup,4096,whitefoot,6,1048576,0,256,35993000,14476752016370985600
normal-o3,1,8,forward-churn,16,cpp-std-deque,0,1048576,65536,1,1142000,16520258290785817741
normal-o3,1,8,forward-churn,16,rust-vec-deque,0,1048576,65536,1,1679000,16520258290785817741
normal-o3,1,8,forward-churn,16,bulk-c,0,1048576,65536,1,1337000,16520258290785817741
normal-o3,1,8,forward-churn,16,loop-c,0,1048576,65536,1,1329000,16520258290785817741
normal-o3,1,8,forward-churn,16,whitefoot,0,1048576,65536,1,1633000,16520258290785817741
normal-o3,1,8,forward-churn,16,rust-vec-deque,1,1048576,65536,1,1671000,5082758877125866350
normal-o3,1,8,forward-churn,16,bulk-c,1,1048576,65536,1,1326000,5082758877125866350
normal-o3,1,8,forward-churn,16,loop-c,1,1048576,65536,1,1326000,5082758877125866350
normal-o3,1,8,forward-churn,16,whitefoot,1,1048576,65536,1,1650000,5082758877125866350
normal-o3,1,8,forward-churn,16,cpp-std-deque,1,1048576,65536,1,1139000,5082758877125866350
normal-o3,1,8,forward-churn,16,bulk-c,2,1048576,65536,1,1453000,12092003537175466575
normal-o3,1,8,forward-churn,16,loop-c,2,1048576,65536,1,1328000,12092003537175466575
normal-o3,1,8,forward-churn,16,whitefoot,2,1048576,65536,1,1634000,12092003537175466575
normal-o3,1,8,forward-churn,16,cpp-std-deque,2,1048576,65536,1,1146000,12092003537175466575
normal-o3,1,8,forward-churn,16,rust-vec-deque,2,1048576,65536,1,1696000,12092003537175466575
normal-o3,1,8,forward-churn,16,loop-c,3,1048576,65536,1,1331000,654504123515515184
normal-o3,1,8,forward-churn,16,whitefoot,3,1048576,65536,1,1632000,654504123515515184
normal-o3,1,8,forward-churn,16,cpp-std-deque,3,1048576,65536,1,1142000,654504123515515184
normal-o3,1,8,forward-churn,16,rust-vec-deque,3,1048576,65536,1,1658000,654504123515515184
normal-o3,1,8,forward-churn,16,bulk-c,3,1048576,65536,1,1330000,654504123515515184
normal-o3,1,8,forward-churn,16,whitefoot,4,1048576,65536,1,1633000,7663748783565115409
normal-o3,1,8,forward-churn,16,cpp-std-deque,4,1048576,65536,1,1140000,7663748783565115409
normal-o3,1,8,forward-churn,16,rust-vec-deque,4,1048576,65536,1,1663000,7663748783565115409
normal-o3,1,8,forward-churn,16,bulk-c,4,1048576,65536,1,1327000,7663748783565115409
normal-o3,1,8,forward-churn,16,loop-c,4,1048576,65536,1,1326000,7663748783565115409
normal-o3,1,8,forward-churn,16,cpp-std-deque,5,1048576,65536,1,1156000,14672993443614715634
normal-o3,1,8,forward-churn,16,rust-vec-deque,5,1048576,65536,1,1666000,14672993443614715634
normal-o3,1,8,forward-churn,16,bulk-c,5,1048576,65536,1,1338000,14672993443614715634
normal-o3,1,8,forward-churn,16,loop-c,5,1048576,65536,1,1333000,14672993443614715634
normal-o3,1,8,forward-churn,16,whitefoot,5,1048576,65536,1,1633000,14672993443614715634
normal-o3,1,8,forward-churn,16,rust-vec-deque,6,1048576,65536,1,1674000,3235494029954764243
normal-o3,1,8,forward-churn,16,bulk-c,6,1048576,65536,1,1343000,3235494029954764243
normal-o3,1,8,forward-churn,16,loop-c,6,1048576,65536,1,1332000,3235494029954764243
normal-o3,1,8,forward-churn,16,whitefoot,6,1048576,65536,1,1633000,3235494029954764243
normal-o3,1,8,forward-churn,16,cpp-std-deque,6,1048576,65536,1,1141000,3235494029954764243
normal-o3,1,8,forward-churn,256,cpp-std-deque,0,1048576,4096,1,1093000,14106569525812290277
normal-o3,1,8,forward-churn,256,rust-vec-deque,0,1048576,4096,1,1664000,14106569525812290277
normal-o3,1,8,forward-churn,256,bulk-c,0,1048576,4096,1,1334000,14106569525812290277
normal-o3,1,8,forward-churn,256,loop-c,0,1048576,4096,1,1331000,14106569525812290277
normal-o3,1,8,forward-churn,256,whitefoot,0,1048576,4096,1,1639000,14106569525812290277
normal-o3,1,8,forward-churn,256,rust-vec-deque,1,1048576,4096,1,1663000,13167691777541378278
normal-o3,1,8,forward-churn,256,bulk-c,1,1048576,4096,1,1330000,13167691777541378278
normal-o3,1,8,forward-churn,256,loop-c,1,1048576,4096,1,1333000,13167691777541378278
normal-o3,1,8,forward-churn,256,whitefoot,1,1048576,4096,1,1633000,13167691777541378278
normal-o3,1,8,forward-churn,256,cpp-std-deque,1,1048576,4096,1,1094000,13167691777541378278
normal-o3,1,8,forward-churn,256,bulk-c,2,1048576,4096,1,1339000,12228814029270466279
normal-o3,1,8,forward-churn,256,loop-c,2,1048576,4096,1,1331000,12228814029270466279
normal-o3,1,8,forward-churn,256,whitefoot,2,1048576,4096,1,1637000,12228814029270466279
normal-o3,1,8,forward-churn,256,cpp-std-deque,2,1048576,4096,1,1094000,12228814029270466279
normal-o3,1,8,forward-churn,256,rust-vec-deque,2,1048576,4096,1,1662000,12228814029270466279
normal-o3,1,8,forward-churn,256,loop-c,3,1048576,4096,1,1336000,11289936280999554280
normal-o3,1,8,forward-churn,256,whitefoot,3,1048576,4096,1,1633000,11289936280999554280
normal-o3,1,8,forward-churn,256,cpp-std-deque,3,1048576,4096,1,1099000,11289936280999554280
normal-o3,1,8,forward-churn,256,rust-vec-deque,3,1048576,4096,1,1663000,11289936280999554280
normal-o3,1,8,forward-churn,256,bulk-c,3,1048576,4096,1,1331000,11289936280999554280
normal-o3,1,8,forward-churn,256,whitefoot,4,1048576,4096,1,1633000,10351058532728642281
normal-o3,1,8,forward-churn,256,cpp-std-deque,4,1048576,4096,1,1096000,10351058532728642281
normal-o3,1,8,forward-churn,256,rust-vec-deque,4,1048576,4096,1,1663000,10351058532728642281
normal-o3,1,8,forward-churn,256,bulk-c,4,1048576,4096,1,1331000,10351058532728642281
normal-o3,1,8,forward-churn,256,loop-c,4,1048576,4096,1,1331000,10351058532728642281
normal-o3,1,8,forward-churn,256,cpp-std-deque,5,1048576,4096,1,1093000,9412180784457730282
normal-o3,1,8,forward-churn,256,rust-vec-deque,5,1048576,4096,1,1663000,9412180784457730282
normal-o3,1,8,forward-churn,256,bulk-c,5,1048576,4096,1,1337000,9412180784457730282
normal-o3,1,8,forward-churn,256,loop-c,5,1048576,4096,1,1331000,9412180784457730282
normal-o3,1,8,forward-churn,256,whitefoot,5,1048576,4096,1,1633000,9412180784457730282
normal-o3,1,8,forward-churn,256,rust-vec-deque,6,1048576,4096,1,1662000,8473303036186818283
normal-o3,1,8,forward-churn,256,bulk-c,6,1048576,4096,1,1330000,8473303036186818283
normal-o3,1,8,forward-churn,256,loop-c,6,1048576,4096,1,1331000,8473303036186818283
normal-o3,1,8,forward-churn,256,whitefoot,6,1048576,4096,1,1639000,8473303036186818283
normal-o3,1,8,forward-churn,256,cpp-std-deque,6,1048576,4096,1,1093000,8473303036186818283
normal-o3,1,8,forward-churn,4096,cpp-std-deque,0,1048576,256,1,1126000,6328821458572028005
normal-o3,1,8,forward-churn,4096,rust-vec-deque,0,1048576,256,1,1675000,6328821458572028005
normal-o3,1,8,forward-churn,4096,bulk-c,0,1048576,256,1,1334000,6328821458572028005
normal-o3,1,8,forward-churn,4096,loop-c,0,1048576,256,1,1333000,6328821458572028005
normal-o3,1,8,forward-churn,4096,whitefoot,0,1048576,256,1,1645000,6328821458572028005
normal-o3,1,8,forward-churn,4096,rust-vec-deque,1,1048576,256,1,1676000,11933793186023016550
normal-o3,1,8,forward-churn,4096,bulk-c,1,1048576,256,1,1336000,11933793186023016550
normal-o3,1,8,forward-churn,4096,loop-c,1,1048576,256,1,1334000,11933793186023016550
normal-o3,1,8,forward-churn,4096,whitefoot,1,1048576,256,1,1938000,11933793186023016550
normal-o3,1,8,forward-churn,4096,cpp-std-deque,1,1048576,256,1,1481000,11933793186023016550
normal-o3,1,8,forward-churn,4096,bulk-c,2,1048576,256,1,1437000,17538764913474005095
normal-o3,1,8,forward-churn,4096,loop-c,2,1048576,256,1,1385000,17538764913474005095
normal-o3,1,8,forward-churn,4096,whitefoot,2,1048576,256,1,1694000,17538764913474005095
normal-o3,1,8,forward-churn,4096,cpp-std-deque,2,1048576,256,1,1171000,17538764913474005095
normal-o3,1,8,forward-churn,4096,rust-vec-deque,2,1048576,256,1,1812000,17538764913474005095
normal-o3,1,8,forward-churn,4096,loop-c,3,1048576,256,1,1377000,4696992567215442024
normal-o3,1,8,forward-churn,4096,whitefoot,3,1048576,256,1,1639000,4696992567215442024
normal-o3,1,8,forward-churn,4096,cpp-std-deque,3,1048576,256,1,1144000,4696992567215442024
normal-o3,1,8,forward-churn,4096,rust-vec-deque,3,1048576,256,1,1676000,4696992567215442024
normal-o3,1,8,forward-churn,4096,bulk-c,3,1048576,256,1,1360000,4696992567215442024
normal-o3,1,8,forward-churn,4096,whitefoot,4,1048576,256,1,1653000,10301964294666430569
normal-o3,1,8,forward-churn,4096,cpp-std-deque,4,1048576,256,1,1124000,10301964294666430569
normal-o3,1,8,forward-churn,4096,rust-vec-deque,4,1048576,256,1,1671000,10301964294666430569
normal-o3,1,8,forward-churn,4096,bulk-c,4,1048576,256,1,1360000,10301964294666430569
normal-o3,1,8,forward-churn,4096,loop-c,4,1048576,256,1,1337000,10301964294666430569
normal-o3,1,8,forward-churn,4096,cpp-std-deque,5,1048576,256,1,1134000,15906936022117419114
normal-o3,1,8,forward-churn,4096,rust-vec-deque,5,1048576,256,1,1671000,15906936022117419114
normal-o3,1,8,forward-churn,4096,bulk-c,5,1048576,256,1,1336000,15906936022117419114
normal-o3,1,8,forward-churn,4096,loop-c,5,1048576,256,1,1334000,15906936022117419114
normal-o3,1,8,forward-churn,4096,whitefoot,5,1048576,256,1,1651000,15906936022117419114
normal-o3,1,8,forward-churn,4096,rust-vec-deque,6,1048576,256,1,1674000,3065163675858856043
normal-o3,1,8,forward-churn,4096,bulk-c,6,1048576,256,1,1346000,3065163675858856043
normal-o3,1,8,forward-churn,4096,loop-c,6,1048576,256,1,1335000,3065163675858856043
normal-o3,1,8,forward-churn,4096,whitefoot,6,1048576,256,1,1649000,3065163675858856043
normal-o3,1,8,forward-churn,4096,cpp-std-deque,6,1048576,256,1,1180000,3065163675858856043
normal-o3,1,8,reverse-churn,16,cpp-std-deque,0,1048576,65536,1,2514000,11795868680751190573
normal-o3,1,8,reverse-churn,16,rust-vec-deque,0,1048576,65536,1,1316000,11795868680751190573
normal-o3,1,8,reverse-churn,16,bulk-c,0,1048576,65536,1,3044000,11795868680751190573
normal-o3,1,8,reverse-churn,16,loop-c,0,1048576,65536,1,3104000,11795868680751190573
normal-o3,1,8,reverse-churn,16,whitefoot,0,1048576,65536,1,1250000,11795868680751190573
normal-o3,1,8,reverse-churn,16,rust-vec-deque,1,1048576,65536,1,1296000,358369267091239182
normal-o3,1,8,reverse-churn,16,bulk-c,1,1048576,65536,1,2962000,358369267091239182
normal-o3,1,8,reverse-churn,16,loop-c,1,1048576,65536,1,2947000,358369267091239182
normal-o3,1,8,reverse-churn,16,whitefoot,1,1048576,65536,1,1244000,358369267091239182
normal-o3,1,8,reverse-churn,16,cpp-std-deque,1,1048576,65536,1,2498000,358369267091239182
normal-o3,1,8,reverse-churn,16,bulk-c,2,1048576,65536,1,2933000,7367613927140839407
normal-o3,1,8,reverse-churn,16,loop-c,2,1048576,65536,1,2946000,7367613927140839407
normal-o3,1,8,reverse-churn,16,whitefoot,2,1048576,65536,1,1281000,7367613927140839407
normal-o3,1,8,reverse-churn,16,cpp-std-deque,2,1048576,65536,1,2509000,7367613927140839407
normal-o3,1,8,reverse-churn,16,rust-vec-deque,2,1048576,65536,1,1276000,7367613927140839407
normal-o3,1,8,reverse-churn,16,loop-c,3,1048576,65536,1,2945000,14376858587190439632
normal-o3,1,8,reverse-churn,16,whitefoot,3,1048576,65536,1,1245000,14376858587190439632
normal-o3,1,8,reverse-churn,16,cpp-std-deque,3,1048576,65536,1,2500000,14376858587190439632
normal-o3,1,8,reverse-churn,16,rust-vec-deque,3,1048576,65536,1,1276000,14376858587190439632
normal-o3,1,8,reverse-churn,16,bulk-c,3,1048576,65536,1,2938000,14376858587190439632
normal-o3,1,8,reverse-churn,16,whitefoot,4,1048576,65536,1,1245000,2939359173530488241
normal-o3,1,8,reverse-churn,16,cpp-std-deque,4,1048576,65536,1,2495000,2939359173530488241
normal-o3,1,8,reverse-churn,16,rust-vec-deque,4,1048576,65536,1,1277000,2939359173530488241
normal-o3,1,8,reverse-churn,16,bulk-c,4,1048576,65536,1,2939000,2939359173530488241
normal-o3,1,8,reverse-churn,16,loop-c,4,1048576,65536,1,2937000,2939359173530488241
normal-o3,1,8,reverse-churn,16,cpp-std-deque,5,1048576,65536,1,2644000,9948603833580088466
normal-o3,1,8,reverse-churn,16,rust-vec-deque,5,1048576,65536,1,1277000,9948603833580088466
normal-o3,1,8,reverse-churn,16,bulk-c,5,1048576,65536,1,2937000,9948603833580088466
normal-o3,1,8,reverse-churn,16,loop-c,5,1048576,65536,1,2958000,9948603833580088466
normal-o3,1,8,reverse-churn,16,whitefoot,5,1048576,65536,1,1261000,9948603833580088466
normal-o3,1,8,reverse-churn,16,rust-vec-deque,6,1048576,65536,1,1276000,16957848493629688691
normal-o3,1,8,reverse-churn,16,bulk-c,6,1048576,65536,1,2968000,16957848493629688691
normal-o3,1,8,reverse-churn,16,loop-c,6,1048576,65536,1,2995000,16957848493629688691
normal-o3,1,8,reverse-churn,16,whitefoot,6,1048576,65536,1,1280000,16957848493629688691
normal-o3,1,8,reverse-churn,16,cpp-std-deque,6,1048576,65536,1,2576000,16957848493629688691
normal-o3,1,8,reverse-churn,256,cpp-std-deque,0,1048576,4096,1,2574000,11248499213618773221
normal-o3,1,8,reverse-churn,256,rust-vec-deque,0,1048576,4096,1,1320000,11248499213618773221
normal-o3,1,8,reverse-churn,256,bulk-c,0,1048576,4096,1,3058000,11248499213618773221
normal-o3,1,8,reverse-churn,256,loop-c,0,1048576,4096,1,3058000,11248499213618773221
normal-o3,1,8,reverse-churn,256,whitefoot,0,1048576,4096,1,1280000,11248499213618773221
normal-o3,1,8,reverse-churn,256,rust-vec-deque,1,1048576,4096,1,1329000,10309621465347861222
normal-o3,1,8,reverse-churn,256,bulk-c,1,1048576,4096,1,3014000,10309621465347861222
normal-o3,1,8,reverse-churn,256,loop-c,1,1048576,4096,1,2965000,10309621465347861222
normal-o3,1,8,reverse-churn,256,whitefoot,1,1048576,4096,1,1245000,10309621465347861222
normal-o3,1,8,reverse-churn,256,cpp-std-deque,1,1048576,4096,1,2498000,10309621465347861222
normal-o3,1,8,reverse-churn,256,bulk-c,2,1048576,4096,1,2965000,9370743717076949223
normal-o3,1,8,reverse-churn,256,loop-c,2,1048576,4096,1,3041000,9370743717076949223
normal-o3,1,8,reverse-churn,256,whitefoot,2,1048576,4096,1,1376000,9370743717076949223
normal-o3,1,8,reverse-churn,256,cpp-std-deque,2,1048576,4096,1,2500000,9370743717076949223
normal-o3,1,8,reverse-churn,256,rust-vec-deque,2,1048576,4096,1,1281000,9370743717076949223
normal-o3,1,8,reverse-churn,256,loop-c,3,1048576,4096,1,3063000,8431865968806037224
normal-o3,1,8,reverse-churn,256,whitefoot,3,1048576,4096,1,1257000,8431865968806037224
normal-o3,1,8,reverse-churn,256,cpp-std-deque,3,1048576,4096,1,2503000,8431865968806037224
normal-o3,1,8,reverse-churn,256,rust-vec-deque,3,1048576,4096,1,1282000,8431865968806037224
normal-o3,1,8,reverse-churn,256,bulk-c,3,1048576,4096,1,3015000,8431865968806037224
normal-o3,1,8,reverse-churn,256,whitefoot,4,1048576,4096,1,1259000,7492988220535125225
normal-o3,1,8,reverse-churn,256,cpp-std-deque,4,1048576,4096,1,2511000,7492988220535125225
normal-o3,1,8,reverse-churn,256,rust-vec-deque,4,1048576,4096,1,1278000,7492988220535125225
normal-o3,1,8,reverse-churn,256,bulk-c,4,1048576,4096,1,2993000,7492988220535125225
normal-o3,1,8,reverse-churn,256,loop-c,4,1048576,4096,1,3006000,7492988220535125225
normal-o3,1,8,reverse-churn,256,cpp-std-deque,5,1048576,4096,1,2499000,6554110472264213226
normal-o3,1,8,reverse-churn,256,rust-vec-deque,5,1048576,4096,1,1282000,6554110472264213226
normal-o3,1,8,reverse-churn,256,bulk-c,5,1048576,4096,1,2982000,6554110472264213226
normal-o3,1,8,reverse-churn,256,loop-c,5,1048576,4096,1,2968000,6554110472264213226
normal-o3,1,8,reverse-churn,256,whitefoot,5,1048576,4096,1,1249000,6554110472264213226
normal-o3,1,8,reverse-churn,256,rust-vec-deque,6,1048576,4096,1,1280000,5615232723993301227
normal-o3,1,8,reverse-churn,256,bulk-c,6,1048576,4096,1,2974000,5615232723993301227
normal-o3,1,8,reverse-churn,256,loop-c,6,1048576,4096,1,3000000,5615232723993301227
normal-o3,1,8,reverse-churn,256,whitefoot,6,1048576,4096,1,1241000,5615232723993301227
normal-o3,1,8,reverse-churn,256,cpp-std-deque,6,1048576,4096,1,2498000,5615232723993301227
normal-o3,1,8,reverse-churn,4096,cpp-std-deque,0,1048576,256,1,2538000,5600239642774849637
normal-o3,1,8,reverse-churn,4096,rust-vec-deque,0,1048576,256,1,1290000,5600239642774849637
normal-o3,1,8,reverse-churn,4096,bulk-c,0,1048576,256,1,2971000,5600239642774849637
normal-o3,1,8,reverse-churn,4096,loop-c,0,1048576,256,1,2968000,5600239642774849637
normal-o3,1,8,reverse-churn,4096,whitefoot,0,1048576,256,1,1249000,5600239642774849637
normal-o3,1,8,reverse-churn,4096,rust-vec-deque,1,1048576,256,1,1298000,11205211370225838182
normal-o3,1,8,reverse-churn,4096,bulk-c,1,1048576,256,1,2969000,11205211370225838182
normal-o3,1,8,reverse-churn,4096,loop-c,1,1048576,256,1,2969000,11205211370225838182
normal-o3,1,8,reverse-churn,4096,whitefoot,1,1048576,256,1,1250000,11205211370225838182
normal-o3,1,8,reverse-churn,4096,cpp-std-deque,1,1048576,256,1,2534000,11205211370225838182
normal-o3,1,8,reverse-churn,4096,bulk-c,2,1048576,256,1,3013000,16810183097676826727
normal-o3,1,8,reverse-churn,4096,loop-c,2,1048576,256,1,2968000,16810183097676826727
normal-o3,1,8,reverse-churn,4096,whitefoot,2,1048576,256,1,1255000,16810183097676826727
normal-o3,1,8,reverse-churn,4096,cpp-std-deque,2,1048576,256,1,2533000,16810183097676826727
normal-o3,1,8,reverse-churn,4096,rust-vec-deque,2,1048576,256,1,1287000,16810183097676826727
normal-o3,1,8,reverse-churn,4096,loop-c,3,1048576,256,1,2976000,3968410751418263656
normal-o3,1,8,reverse-churn,4096,whitefoot,3,1048576,256,1,1249000,3968410751418263656
normal-o3,1,8,reverse-churn,4096,cpp-std-deque,3,1048576,256,1,2529000,3968410751418263656
normal-o3,1,8,reverse-churn,4096,rust-vec-deque,3,1048576,256,1,1289000,3968410751418263656
normal-o3,1,8,reverse-churn,4096,bulk-c,3,1048576,256,1,2974000,3968410751418263656
normal-o3,1,8,reverse-churn,4096,whitefoot,4,1048576,256,1,1251000,9573382478869252201
normal-o3,1,8,reverse-churn,4096,cpp-std-deque,4,1048576,256,1,2530000,9573382478869252201
normal-o3,1,8,reverse-churn,4096,rust-vec-deque,4,1048576,256,1,1289000,9573382478869252201
normal-o3,1,8,reverse-churn,4096,bulk-c,4,1048576,256,1,2973000,9573382478869252201
normal-o3,1,8,reverse-churn,4096,loop-c,4,1048576,256,1,2969000,9573382478869252201
normal-o3,1,8,reverse-churn,4096,cpp-std-deque,5,1048576,256,1,2530000,15178354206320240746
normal-o3,1,8,reverse-churn,4096,rust-vec-deque,5,1048576,256,1,1294000,15178354206320240746
normal-o3,1,8,reverse-churn,4096,bulk-c,5,1048576,256,1,2970000,15178354206320240746
normal-o3,1,8,reverse-churn,4096,loop-c,5,1048576,256,1,2972000,15178354206320240746
normal-o3,1,8,reverse-churn,4096,whitefoot,5,1048576,256,1,1248000,15178354206320240746
normal-o3,1,8,reverse-churn,4096,rust-vec-deque,6,1048576,256,1,1291000,2336581860061677675
normal-o3,1,8,reverse-churn,4096,bulk-c,6,1048576,256,1,2969000,2336581860061677675
normal-o3,1,8,reverse-churn,4096,loop-c,6,1048576,256,1,2971000,2336581860061677675
normal-o3,1,8,reverse-churn,4096,whitefoot,6,1048576,256,1,1249000,2336581860061677675
normal-o3,1,8,reverse-churn,4096,cpp-std-deque,6,1048576,256,1,2537000,2336581860061677675
normal-o3,1,8,growth,16,cpp-std-deque,0,1048576,65536,1,5250000,17130293898384638053
normal-o3,1,8,growth,16,rust-vec-deque,0,1048576,65536,1,9366000,17130293898384638053
normal-o3,1,8,growth,16,bulk-c,0,1048576,65536,1,4295000,17130293898384638053
normal-o3,1,8,growth,16,loop-c,0,1048576,65536,1,4477000,17130293898384638053
normal-o3,1,8,growth,16,whitefoot,0,1048576,65536,1,5851000,17130293898384638053
normal-o3,1,8,growth,16,rust-vec-deque,1,1048576,65536,1,9349000,16514862099982581862
normal-o3,1,8,growth,16,bulk-c,1,1048576,65536,1,4298000,16514862099982581862
normal-o3,1,8,growth,16,loop-c,1,1048576,65536,1,4477000,16514862099982581862
normal-o3,1,8,growth,16,whitefoot,1,1048576,65536,1,5852000,16514862099982581862
normal-o3,1,8,growth,16,cpp-std-deque,1,1048576,65536,1,5257000,16514862099982581862
normal-o3,1,8,growth,16,bulk-c,2,1048576,65536,1,4282000,15899430301580525671
normal-o3,1,8,growth,16,loop-c,2,1048576,65536,1,4477000,15899430301580525671
normal-o3,1,8,growth,16,whitefoot,2,1048576,65536,1,5879000,15899430301580525671
normal-o3,1,8,growth,16,cpp-std-deque,2,1048576,65536,1,5269000,15899430301580525671
normal-o3,1,8,growth,16,rust-vec-deque,2,1048576,65536,1,9336000,15899430301580525671
normal-o3,1,8,growth,16,loop-c,3,1048576,65536,1,4475000,15283998503178469480
normal-o3,1,8,growth,16,whitefoot,3,1048576,65536,1,5853000,15283998503178469480
normal-o3,1,8,growth,16,cpp-std-deque,3,1048576,65536,1,5260000,15283998503178469480
normal-o3,1,8,growth,16,rust-vec-deque,3,1048576,65536,1,9361000,15283998503178469480
normal-o3,1,8,growth,16,bulk-c,3,1048576,65536,1,4285000,15283998503178469480
normal-o3,1,8,growth,16,whitefoot,4,1048576,65536,1,5850000,14668566704776413289
normal-o3,1,8,growth,16,cpp-std-deque,4,1048576,65536,1,5247000,14668566704776413289
normal-o3,1,8,growth,16,rust-vec-deque,4,1048576,65536,1,9423000,14668566704776413289
normal-o3,1,8,growth,16,bulk-c,4,1048576,65536,1,4531000,14668566704776413289
normal-o3,1,8,growth,16,loop-c,4,1048576,65536,1,4765000,14668566704776413289
normal-o3,1,8,growth,16,cpp-std-deque,5,1048576,65536,1,5463000,14053134906374357098
normal-o3,1,8,growth,16,rust-vec-deque,5,1048576,65536,1,9632000,14053134906374357098
normal-o3,1,8,growth,16,bulk-c,5,1048576,65536,1,4507000,14053134906374357098
normal-o3,1,8,growth,16,loop-c,5,1048576,65536,1,4687000,14053134906374357098
normal-o3,1,8,growth,16,whitefoot,5,1048576,65536,1,6119000,14053134906374357098
normal-o3,1,8,growth,16,rust-vec-deque,6,1048576,65536,1,9744000,13437703107972300907
normal-o3,1,8,growth,16,bulk-c,6,1048576,65536,1,4282000,13437703107972300907
normal-o3,1,8,growth,16,loop-c,6,1048576,65536,1,4468000,13437703107972300907
normal-o3,1,8,growth,16,whitefoot,6,1048576,65536,1,5917000,13437703107972300907
normal-o3,1,8,growth,16,cpp-std-deque,6,1048576,65536,1,5322000,13437703107972300907
normal-o3,1,8,growth,256,cpp-std-deque,0,1048576,4096,1,3723000,18309592800135290981
normal-o3,1,8,growth,256,rust-vec-deque,0,1048576,4096,1,4697000,18309592800135290981
normal-o3,1,8,growth,256,bulk-c,0,1048576,4096,1,2945000,18309592800135290981
normal-o3,1,8,growth,256,loop-c,0,1048576,4096,1,3773000,18309592800135290981
normal-o3,1,8,growth,256,whitefoot,0,1048576,4096,1,5257000,18309592800135290981
normal-o3,1,8,growth,256,rust-vec-deque,1,1048576,4096,1,4602000,13889402329483272294
normal-o3,1,8,growth,256,bulk-c,1,1048576,4096,1,2797000,13889402329483272294
normal-o3,1,8,growth,256,loop-c,1,1048576,4096,1,3564000,13889402329483272294
normal-o3,1,8,growth,256,whitefoot,1,1048576,4096,1,5106000,13889402329483272294
normal-o3,1,8,growth,256,cpp-std-deque,1,1048576,4096,1,3728000,13889402329483272294
normal-o3,1,8,growth,256,bulk-c,2,1048576,4096,1,2774000,9469211858831253607
normal-o3,1,8,growth,256,loop-c,2,1048576,4096,1,3748000,9469211858831253607
normal-o3,1,8,growth,256,whitefoot,2,1048576,4096,1,5377000,9469211858831253607
normal-o3,1,8,growth,256,cpp-std-deque,2,1048576,4096,1,3878000,9469211858831253607
normal-o3,1,8,growth,256,rust-vec-deque,2,1048576,4096,1,4556000,9469211858831253607
normal-o3,1,8,growth,256,loop-c,3,1048576,4096,1,3591000,5049021388179234920
normal-o3,1,8,growth,256,whitefoot,3,1048576,4096,1,5197000,5049021388179234920
normal-o3,1,8,growth,256,cpp-std-deque,3,1048576,4096,1,3725000,5049021388179234920
normal-o3,1,8,growth,256,rust-vec-deque,3,1048576,4096,1,4608000,5049021388179234920
normal-o3,1,8,growth,256,bulk-c,3,1048576,4096,1,2775000,5049021388179234920
normal-o3,1,8,growth,256,whitefoot,4,1048576,4096,1,5148000,628830917527216233
normal-o3,1,8,growth,256,cpp-std-deque,4,1048576,4096,1,3757000,628830917527216233
normal-o3,1,8,growth,256,rust-vec-deque,4,1048576,4096,1,4596000,628830917527216233
normal-o3,1,8,growth,256,bulk-c,4,1048576,4096,1,2786000,628830917527216233
normal-o3,1,8,growth,256,loop-c,4,1048576,4096,1,3558000,628830917527216233
normal-o3,1,8,growth,256,cpp-std-deque,5,1048576,4096,1,3729000,14655384520584749162
normal-o3,1,8,growth,256,rust-vec-deque,5,1048576,4096,1,4566000,14655384520584749162
normal-o3,1,8,growth,256,bulk-c,5,1048576,4096,1,2777000,14655384520584749162
normal-o3,1,8,growth,256,loop-c,5,1048576,4096,1,3583000,14655384520584749162
normal-o3,1,8,growth,256,whitefoot,5,1048576,4096,1,5095000,14655384520584749162
normal-o3,1,8,growth,256,rust-vec-deque,6,1048576,4096,1,4559000,10235194049932730475
normal-o3,1,8,growth,256,bulk-c,6,1048576,4096,1,2777000,10235194049932730475
normal-o3,1,8,growth,256,loop-c,6,1048576,4096,1,3559000,10235194049932730475
normal-o3,1,8,growth,256,whitefoot,6,1048576,4096,1,5091000,10235194049932730475
normal-o3,1,8,growth,256,cpp-std-deque,6,1048576,4096,1,3733000,10235194049932730475
normal-o3,1,8,growth,4096,cpp-std-deque,0,1048576,256,1,3598000,3508753560129819237
normal-o3,1,8,growth,4096,rust-vec-deque,0,1048576,256,1,3948000,3508753560129819237
normal-o3,1,8,growth,4096,bulk-c,0,1048576,256,1,2782000,3508753560129819237
normal-o3,1,8,growth,4096,loop-c,0,1048576,256,1,3619000,3508753560129819237
normal-o3,1,8,growth,4096,whitefoot,0,1048576,256,1,5018000,3508753560129819237
normal-o3,1,8,growth,4096,rust-vec-deque,1,1048576,256,1,3944000,3041590529422546534
normal-o3,1,8,growth,4096,bulk-c,1,1048576,256,1,2781000,3041590529422546534
normal-o3,1,8,growth,4096,loop-c,1,1048576,256,1,3625000,3041590529422546534
normal-o3,1,8,growth,4096,whitefoot,1,1048576,256,1,5069000,3041590529422546534
normal-o3,1,8,growth,4096,cpp-std-deque,1,1048576,256,1,3604000,3041590529422546534
normal-o3,1,8,growth,4096,bulk-c,2,1048576,256,1,2808000,2574427498715273831
normal-o3,1,8,growth,4096,loop-c,2,1048576,256,1,3686000,2574427498715273831
normal-o3,1,8,growth,4096,whitefoot,2,1048576,256,1,5036000,2574427498715273831
normal-o3,1,8,growth,4096,cpp-std-deque,2,1048576,256,1,3598000,2574427498715273831
normal-o3,1,8,growth,4096,rust-vec-deque,2,1048576,256,1,3967000,2574427498715273831
normal-o3,1,8,growth,4096,loop-c,3,1048576,256,1,3657000,2107264468008001128
normal-o3,1,8,growth,4096,whitefoot,3,1048576,256,1,5024000,2107264468008001128
normal-o3,1,8,growth,4096,cpp-std-deque,3,1048576,256,1,3584000,2107264468008001128
normal-o3,1,8,growth,4096,rust-vec-deque,3,1048576,256,1,3963000,2107264468008001128
normal-o3,1,8,growth,4096,bulk-c,3,1048576,256,1,2790000,2107264468008001128
normal-o3,1,8,growth,4096,whitefoot,4,1048576,256,1,5023000,1640101437300728425
normal-o3,1,8,growth,4096,cpp-std-deque,4,1048576,256,1,3584000,1640101437300728425
normal-o3,1,8,growth,4096,rust-vec-deque,4,1048576,256,1,3949000,1640101437300728425
normal-o3,1,8,growth,4096,bulk-c,4,1048576,256,1,2799000,1640101437300728425
normal-o3,1,8,growth,4096,loop-c,4,1048576,256,1,3623000,1640101437300728425
normal-o3,1,8,growth,4096,cpp-std-deque,5,1048576,256,1,3588000,1172938406593455722
normal-o3,1,8,growth,4096,rust-vec-deque,5,1048576,256,1,3974000,1172938406593455722
normal-o3,1,8,growth,4096,bulk-c,5,1048576,256,1,2775000,1172938406593455722
normal-o3,1,8,growth,4096,loop-c,5,1048576,256,1,3618000,1172938406593455722
normal-o3,1,8,growth,4096,whitefoot,5,1048576,256,1,5023000,1172938406593455722
normal-o3,1,8,growth,4096,rust-vec-deque,6,1048576,256,1,3995000,705775375886183019
normal-o3,1,8,growth,4096,bulk-c,6,1048576,256,1,2788000,705775375886183019
normal-o3,1,8,growth,4096,loop-c,6,1048576,256,1,3636000,705775375886183019
normal-o3,1,8,growth,4096,whitefoot,6,1048576,256,1,5037000,705775375886183019
normal-o3,1,8,growth,4096,cpp-std-deque,6,1048576,256,1,3600000,705775375886183019
normal-o3,1,8,setup-cleanup,16,cpp-std-deque,0,1048576,0,65536,3944000,3154572412102410240
normal-o3,1,8,setup-cleanup,16,rust-vec-deque,0,1048576,0,65536,2160000,3154572412102410240
normal-o3,1,8,setup-cleanup,16,bulk-c,0,1048576,0,65536,1700000,3154572412102410240
normal-o3,1,8,setup-cleanup,16,loop-c,0,1048576,0,65536,1698000,3154572412102410240
normal-o3,1,8,setup-cleanup,16,whitefoot,0,1048576,0,65536,1888000,3154572412102410240
normal-o3,1,8,setup-cleanup,16,rust-vec-deque,1,1048576,0,65536,2161000,7568761999874424832
normal-o3,1,8,setup-cleanup,16,bulk-c,1,1048576,0,65536,1715000,7568761999874424832
normal-o3,1,8,setup-cleanup,16,loop-c,1,1048576,0,65536,1702000,7568761999874424832
normal-o3,1,8,setup-cleanup,16,whitefoot,1,1048576,0,65536,1872000,7568761999874424832
normal-o3,1,8,setup-cleanup,16,cpp-std-deque,1,1048576,0,65536,4037000,7568761999874424832
normal-o3,1,8,setup-cleanup,16,bulk-c,2,1048576,0,65536,1692000,11982951587646439424
normal-o3,1,8,setup-cleanup,16,loop-c,2,1048576,0,65536,1698000,11982951587646439424
normal-o3,1,8,setup-cleanup,16,whitefoot,2,1048576,0,65536,1878000,11982951587646439424
normal-o3,1,8,setup-cleanup,16,cpp-std-deque,2,1048576,0,65536,4026000,11982951587646439424
normal-o3,1,8,setup-cleanup,16,rust-vec-deque,2,1048576,0,65536,2152000,11982951587646439424
normal-o3,1,8,setup-cleanup,16,loop-c,3,1048576,0,65536,1706000,16397141175418454016
normal-o3,1,8,setup-cleanup,16,whitefoot,3,1048576,0,65536,1881000,16397141175418454016
normal-o3,1,8,setup-cleanup,16,cpp-std-deque,3,1048576,0,65536,4041000,16397141175418454016
normal-o3,1,8,setup-cleanup,16,rust-vec-deque,3,1048576,0,65536,2154000,16397141175418454016
normal-o3,1,8,setup-cleanup,16,bulk-c,3,1048576,0,65536,1693000,16397141175418454016
normal-o3,1,8,setup-cleanup,16,whitefoot,4,1048576,0,65536,1916000,2364586689480916992
normal-o3,1,8,setup-cleanup,16,cpp-std-deque,4,1048576,0,65536,3971000,2364586689480916992
normal-o3,1,8,setup-cleanup,16,rust-vec-deque,4,1048576,0,65536,2175000,2364586689480916992
normal-o3,1,8,setup-cleanup,16,bulk-c,4,1048576,0,65536,1731000,2364586689480916992
normal-o3,1,8,setup-cleanup,16,loop-c,4,1048576,0,65536,1726000,2364586689480916992
normal-o3,1,8,setup-cleanup,16,cpp-std-deque,5,1048576,0,65536,4043000,6778776277252931584
normal-o3,1,8,setup-cleanup,16,rust-vec-deque,5,1048576,0,65536,2167000,6778776277252931584
normal-o3,1,8,setup-cleanup,16,bulk-c,5,1048576,0,65536,1693000,6778776277252931584
normal-o3,1,8,setup-cleanup,16,loop-c,5,1048576,0,65536,1706000,6778776277252931584
normal-o3,1,8,setup-cleanup,16,whitefoot,5,1048576,0,65536,1872000,6778776277252931584
normal-o3,1,8,setup-cleanup,16,rust-vec-deque,6,1048576,0,65536,2152000,11192965865024946176
normal-o3,1,8,setup-cleanup,16,bulk-c,6,1048576,0,65536,1697000,11192965865024946176
normal-o3,1,8,setup-cleanup,16,loop-c,6,1048576,0,65536,1713000,11192965865024946176
normal-o3,1,8,setup-cleanup,16,whitefoot,6,1048576,0,65536,1876000,11192965865024946176
normal-o3,1,8,setup-cleanup,16,cpp-std-deque,6,1048576,0,65536,3978000,11192965865024946176
normal-o3,1,8,setup-cleanup,256,cpp-std-deque,0,1048576,0,4096,1823000,17878804622635059200
normal-o3,1,8,setup-cleanup,256,rust-vec-deque,0,1048576,0,4096,1896000,17878804622635059200
normal-o3,1,8,setup-cleanup,256,bulk-c,0,1048576,0,4096,1124000,17878804622635059200
normal-o3,1,8,setup-cleanup,256,loop-c,0,1048576,0,4096,1126000,17878804622635059200
normal-o3,1,8,setup-cleanup,256,whitefoot,0,1048576,0,4096,1573000,17878804622635059200
normal-o3,1,8,setup-cleanup,256,rust-vec-deque,1,1048576,0,4096,1902000,7500847710985934848
normal-o3,1,8,setup-cleanup,256,bulk-c,1,1048576,0,4096,1127000,7500847710985934848
normal-o3,1,8,setup-cleanup,256,loop-c,1,1048576,0,4096,1128000,7500847710985934848
normal-o3,1,8,setup-cleanup,256,whitefoot,1,1048576,0,4096,1570000,7500847710985934848
normal-o3,1,8,setup-cleanup,256,cpp-std-deque,1,1048576,0,4096,1820000,7500847710985934848
normal-o3,1,8,setup-cleanup,256,bulk-c,2,1048576,0,4096,1128000,15569634873046362112
normal-o3,1,8,setup-cleanup,256,loop-c,2,1048576,0,4096,1128000,15569634873046362112
normal-o3,1,8,setup-cleanup,256,whitefoot,2,1048576,0,4096,1581000,15569634873046362112
normal-o3,1,8,setup-cleanup,256,cpp-std-deque,2,1048576,0,4096,1819000,15569634873046362112
normal-o3,1,8,setup-cleanup,256,rust-vec-deque,2,1048576,0,4096,1905000,15569634873046362112
normal-o3,1,8,setup-cleanup,256,loop-c,3,1048576,0,4096,1127000,5191677961397237760
normal-o3,1,8,setup-cleanup,256,whitefoot,3,1048576,0,4096,1569000,5191677961397237760
normal-o3,1,8,setup-cleanup,256,cpp-std-deque,3,1048576,0,4096,1824000,5191677961397237760
normal-o3,1,8,setup-cleanup,256,rust-vec-deque,3,1048576,0,4096,1906000,5191677961397237760
normal-o3,1,8,setup-cleanup,256,bulk-c,3,1048576,0,4096,1139000,5191677961397237760
normal-o3,1,8,setup-cleanup,256,whitefoot,4,1048576,0,4096,1566000,13260465123457665024
normal-o3,1,8,setup-cleanup,256,cpp-std-deque,4,1048576,0,4096,1827000,13260465123457665024
normal-o3,1,8,setup-cleanup,256,rust-vec-deque,4,1048576,0,4096,1896000,13260465123457665024
normal-o3,1,8,setup-cleanup,256,bulk-c,4,1048576,0,4096,1124000,13260465123457665024
normal-o3,1,8,setup-cleanup,256,loop-c,4,1048576,0,4096,1123000,13260465123457665024
normal-o3,1,8,setup-cleanup,256,cpp-std-deque,5,1048576,0,4096,1824000,2882508211808540672
normal-o3,1,8,setup-cleanup,256,rust-vec-deque,5,1048576,0,4096,1905000,2882508211808540672
normal-o3,1,8,setup-cleanup,256,bulk-c,5,1048576,0,4096,1128000,2882508211808540672
normal-o3,1,8,setup-cleanup,256,loop-c,5,1048576,0,4096,1124000,2882508211808540672
normal-o3,1,8,setup-cleanup,256,whitefoot,5,1048576,0,4096,1567000,2882508211808540672
normal-o3,1,8,setup-cleanup,256,rust-vec-deque,6,1048576,0,4096,1900000,10951295373868967936
normal-o3,1,8,setup-cleanup,256,bulk-c,6,1048576,0,4096,1123000,10951295373868967936
normal-o3,1,8,setup-cleanup,256,loop-c,6,1048576,0,4096,1130000,10951295373868967936
normal-o3,1,8,setup-cleanup,256,whitefoot,6,1048576,0,4096,1569000,10951295373868967936
normal-o3,1,8,setup-cleanup,256,cpp-std-deque,6,1048576,0,4096,1821000,10951295373868967936
normal-o3,1,8,setup-cleanup,4096,cpp-std-deque,0,1048576,0,256,1803000,7765240007655253120
normal-o3,1,8,setup-cleanup,4096,rust-vec-deque,0,1048576,0,256,1838000,7765240007655253120
normal-o3,1,8,setup-cleanup,4096,bulk-c,0,1048576,0,256,1161000,7765240007655253120
normal-o3,1,8,setup-cleanup,4096,loop-c,0,1048576,0,256,1144000,7765240007655253120
normal-o3,1,8,setup-cleanup,4096,whitefoot,0,1048576,0,256,1601000,7765240007655253120
normal-o3,1,8,setup-cleanup,4096,rust-vec-deque,1,1048576,0,256,1840000,11711213948254610816
normal-o3,1,8,setup-cleanup,4096,bulk-c,1,1048576,0,256,1138000,11711213948254610816
normal-o3,1,8,setup-cleanup,4096,loop-c,1,1048576,0,256,1140000,11711213948254610816
normal-o3,1,8,setup-cleanup,4096,whitefoot,1,1048576,0,256,1610000,11711213948254610816
normal-o3,1,8,setup-cleanup,4096,cpp-std-deque,1,1048576,0,256,1805000,11711213948254610816
normal-o3,1,8,setup-cleanup,4096,bulk-c,2,1048576,0,256,1138000,15657187888853968512
normal-o3,1,8,setup-cleanup,4096,loop-c,2,1048576,0,256,1138000,15657187888853968512
normal-o3,1,8,setup-cleanup,4096,whitefoot,2,1048576,0,256,1602000,15657187888853968512
normal-o3,1,8,setup-cleanup,4096,cpp-std-deque,2,1048576,0,256,1803000,15657187888853968512
normal-o3,1,8,setup-cleanup,4096,rust-vec-deque,2,1048576,0,256,1847000,15657187888853968512
normal-o3,1,8,setup-cleanup,4096,loop-c,3,1048576,0,256,1143000,1156417755743774592
normal-o3,1,8,setup-cleanup,4096,whitefoot,3,1048576,0,256,1600000,1156417755743774592
normal-o3,1,8,setup-cleanup,4096,cpp-std-deque,3,1048576,0,256,1802000,1156417755743774592
normal-o3,1,8,setup-cleanup,4096,rust-vec-deque,3,1048576,0,256,1842000,1156417755743774592
normal-o3,1,8,setup-cleanup,4096,bulk-c,3,1048576,0,256,1141000,1156417755743774592
normal-o3,1,8,setup-cleanup,4096,whitefoot,4,1048576,0,256,1606000,5102391696343132288
normal-o3,1,8,setup-cleanup,4096,cpp-std-deque,4,1048576,0,256,1844000,5102391696343132288
normal-o3,1,8,setup-cleanup,4096,rust-vec-deque,4,1048576,0,256,1862000,5102391696343132288
normal-o3,1,8,setup-cleanup,4096,bulk-c,4,1048576,0,256,1145000,5102391696343132288
normal-o3,1,8,setup-cleanup,4096,loop-c,4,1048576,0,256,1157000,5102391696343132288
normal-o3,1,8,setup-cleanup,4096,cpp-std-deque,5,1048576,0,256,1804000,9048365636942489984
normal-o3,1,8,setup-cleanup,4096,rust-vec-deque,5,1048576,0,256,1841000,9048365636942489984
normal-o3,1,8,setup-cleanup,4096,bulk-c,5,1048576,0,256,1145000,9048365636942489984
normal-o3,1,8,setup-cleanup,4096,loop-c,5,1048576,0,256,1139000,9048365636942489984
normal-o3,1,8,setup-cleanup,4096,whitefoot,5,1048576,0,256,1605000,9048365636942489984
normal-o3,1,8,setup-cleanup,4096,rust-vec-deque,6,1048576,0,256,1838000,12994339577541847680
normal-o3,1,8,setup-cleanup,4096,bulk-c,6,1048576,0,256,1140000,12994339577541847680
normal-o3,1,8,setup-cleanup,4096,loop-c,6,1048576,0,256,1139000,12994339577541847680
normal-o3,1,8,setup-cleanup,4096,whitefoot,6,1048576,0,256,1609000,12994339577541847680
normal-o3,1,8,setup-cleanup,4096,cpp-std-deque,6,1048576,0,256,1802000,12994339577541847680
normal-o3,1,256,forward-churn,16,cpp-std-deque,0,1048576,65536,1,33454000,17188851429925481317
normal-o3,1,256,forward-churn,16,rust-vec-deque,0,1048576,65536,1,31866000,17188851429925481317
normal-o3,1,256,forward-churn,16,bulk-c,0,1048576,65536,1,32457000,17188851429925481317
normal-o3,1,256,forward-churn,16,loop-c,0,1048576,65536,1,31708000,17188851429925481317
normal-o3,1,256,forward-churn,16,whitefoot,0,1048576,65536,1,31611000,17188851429925481317
normal-o3,1,256,forward-churn,16,rust-vec-deque,1,1048576,65536,1,31656000,823541328420456294
normal-o3,1,256,forward-churn,16,bulk-c,1,1048576,65536,1,32023000,823541328420456294
normal-o3,1,256,forward-churn,16,loop-c,1,1048576,65536,1,32613000,823541328420456294
normal-o3,1,256,forward-churn,16,whitefoot,1,1048576,65536,1,32760000,823541328420456294
normal-o3,1,256,forward-churn,16,cpp-std-deque,1,1048576,65536,1,35110000,823541328420456294
normal-o3,1,256,forward-churn,16,bulk-c,2,1048576,65536,1,31781000,2904975300624982887
normal-o3,1,256,forward-churn,16,loop-c,2,1048576,65536,1,31981000,2904975300624982887
normal-o3,1,256,forward-churn,16,whitefoot,2,1048576,65536,1,32001000,2904975300624982887
normal-o3,1,256,forward-churn,16,cpp-std-deque,2,1048576,65536,1,33843000,2904975300624982887
normal-o3,1,256,forward-churn,16,rust-vec-deque,2,1048576,65536,1,31841000,2904975300624982887
normal-o3,1,256,forward-churn,16,loop-c,3,1048576,65536,1,31784000,4986409272829509480
normal-o3,1,256,forward-churn,16,whitefoot,3,1048576,65536,1,31653000,4986409272829509480
normal-o3,1,256,forward-churn,16,cpp-std-deque,3,1048576,65536,1,33659000,4986409272829509480
normal-o3,1,256,forward-churn,16,rust-vec-deque,3,1048576,65536,1,31689000,4986409272829509480
normal-o3,1,256,forward-churn,16,bulk-c,3,1048576,65536,1,31664000,4986409272829509480
normal-o3,1,256,forward-churn,16,whitefoot,4,1048576,65536,1,31598000,7067843245034036073
normal-o3,1,256,forward-churn,16,cpp-std-deque,4,1048576,65536,1,33431000,7067843245034036073
normal-o3,1,256,forward-churn,16,rust-vec-deque,4,1048576,65536,1,31823000,7067843245034036073
normal-o3,1,256,forward-churn,16,bulk-c,4,1048576,65536,1,31747000,7067843245034036073
normal-o3,1,256,forward-churn,16,loop-c,4,1048576,65536,1,31793000,7067843245034036073
normal-o3,1,256,forward-churn,16,cpp-std-deque,5,1048576,65536,1,33663000,9149277217238562666
normal-o3,1,256,forward-churn,16,rust-vec-deque,5,1048576,65536,1,31648000,9149277217238562666
normal-o3,1,256,forward-churn,16,bulk-c,5,1048576,65536,1,31991000,9149277217238562666
normal-o3,1,256,forward-churn,16,loop-c,5,1048576,65536,1,31818000,9149277217238562666
normal-o3,1,256,forward-churn,16,whitefoot,5,1048576,65536,1,31651000,9149277217238562666
normal-o3,1,256,forward-churn,16,rust-vec-deque,6,1048576,65536,1,31649000,11230711189443089259
normal-o3,1,256,forward-churn,16,bulk-c,6,1048576,65536,1,31700000,11230711189443089259
normal-o3,1,256,forward-churn,16,loop-c,6,1048576,65536,1,31710000,11230711189443089259
normal-o3,1,256,forward-churn,16,whitefoot,6,1048576,65536,1,31569000,11230711189443089259
normal-o3,1,256,forward-churn,16,cpp-std-deque,6,1048576,65536,1,34065000,11230711189443089259
normal-o3,1,256,forward-churn,256,cpp-std-deque,0,1048576,4096,1,33669000,1378173382871003237
normal-o3,1,256,forward-churn,256,rust-vec-deque,0,1048576,4096,1,31778000,1378173382871003237
normal-o3,1,256,forward-churn,256,bulk-c,0,1048576,4096,1,31283000,1378173382871003237
normal-o3,1,256,forward-churn,256,loop-c,0,1048576,4096,1,32038000,1378173382871003237
normal-o3,1,256,forward-churn,256,whitefoot,0,1048576,4096,1,31606000,1378173382871003237
normal-o3,1,256,forward-churn,256,rust-vec-deque,1,1048576,4096,1,31684000,159764215099453542
normal-o3,1,256,forward-churn,256,bulk-c,1,1048576,4096,1,31278000,159764215099453542
normal-o3,1,256,forward-churn,256,loop-c,1,1048576,4096,1,32123000,159764215099453542
normal-o3,1,256,forward-churn,256,whitefoot,1,1048576,4096,1,31958000,159764215099453542
normal-o3,1,256,forward-churn,256,cpp-std-deque,1,1048576,4096,1,33475000,159764215099453542
normal-o3,1,256,forward-churn,256,bulk-c,2,1048576,4096,1,31272000,17388099121037455463
normal-o3,1,256,forward-churn,256,loop-c,2,1048576,4096,1,32048000,17388099121037455463
normal-o3,1,256,forward-churn,256,whitefoot,2,1048576,4096,1,31600000,17388099121037455463
normal-o3,1,256,forward-churn,256,cpp-std-deque,2,1048576,4096,1,33453000,17388099121037455463
normal-o3,1,256,forward-churn,256,rust-vec-deque,2,1048576,4096,1,31728000,17388099121037455463
normal-o3,1,256,forward-churn,256,loop-c,3,1048576,4096,1,32058000,16169689953265905768
normal-o3,1,256,forward-churn,256,whitefoot,3,1048576,4096,1,31673000,16169689953265905768
normal-o3,1,256,forward-churn,256,cpp-std-deque,3,1048576,4096,1,33471000,16169689953265905768
normal-o3,1,256,forward-churn,256,rust-vec-deque,3,1048576,4096,1,31881000,16169689953265905768
normal-o3,1,256,forward-churn,256,bulk-c,3,1048576,4096,1,31277000,16169689953265905768
normal-o3,1,256,forward-churn,256,whitefoot,4,1048576,4096,1,31809000,14951280785494356073
normal-o3,1,256,forward-churn,256,cpp-std-deque,4,1048576,4096,1,33716000,14951280785494356073
normal-o3,1,256,forward-churn,256,rust-vec-deque,4,1048576,4096,1,32313000,14951280785494356073
normal-o3,1,256,forward-churn,256,bulk-c,4,1048576,4096,1,31282000,14951280785494356073
normal-o3,1,256,forward-churn,256,loop-c,4,1048576,4096,1,32126000,14951280785494356073
normal-o3,1,256,forward-churn,256,cpp-std-deque,5,1048576,4096,1,34964000,13732871617722806378
normal-o3,1,256,forward-churn,256,rust-vec-deque,5,1048576,4096,1,32498000,13732871617722806378
normal-o3,1,256,forward-churn,256,bulk-c,5,1048576,4096,1,31296000,13732871617722806378
normal-o3,1,256,forward-churn,256,loop-c,5,1048576,4096,1,32122000,13732871617722806378
normal-o3,1,256,forward-churn,256,whitefoot,5,1048576,4096,1,31602000,13732871617722806378
normal-o3,1,256,forward-churn,256,rust-vec-deque,6,1048576,4096,1,31734000,12514462449951256683
normal-o3,1,256,forward-churn,256,bulk-c,6,1048576,4096,1,31353000,12514462449951256683
normal-o3,1,256,forward-churn,256,loop-c,6,1048576,4096,1,32074000,12514462449951256683
normal-o3,1,256,forward-churn,256,whitefoot,6,1048576,4096,1,31580000,12514462449951256683
normal-o3,1,256,forward-churn,256,cpp-std-deque,6,1048576,4096,1,33538000,12514462449951256683
normal-o3,1,256,forward-churn,4096,cpp-std-deque,0,1048576,256,1,33690000,10858289597910810725
normal-o3,1,256,forward-churn,4096,rust-vec-deque,0,1048576,256,1,31893000,10858289597910810725
normal-o3,1,256,forward-churn,4096,bulk-c,0,1048576,256,1,31586000,10858289597910810725
normal-o3,1,256,forward-churn,4096,loop-c,0,1048576,256,1,32156000,10858289597910810725
normal-o3,1,256,forward-churn,4096,whitefoot,0,1048576,256,1,31784000,10858289597910810725
normal-o3,1,256,forward-churn,4096,rust-vec-deque,1,1048576,256,1,32113000,16913380677110923366
normal-o3,1,256,forward-churn,4096,bulk-c,1,1048576,256,1,32172000,16913380677110923366
normal-o3,1,256,forward-churn,4096,loop-c,1,1048576,256,1,32192000,16913380677110923366
normal-o3,1,256,forward-churn,4096,whitefoot,1,1048576,256,1,31795000,16913380677110923366
normal-o3,1,256,forward-churn,4096,cpp-std-deque,1,1048576,256,1,33846000,16913380677110923366
normal-o3,1,256,forward-churn,4096,bulk-c,2,1048576,256,1,31597000,4521727682601484391
normal-o3,1,256,forward-churn,4096,loop-c,2,1048576,256,1,32202000,4521727682601484391
normal-o3,1,256,forward-churn,4096,whitefoot,2,1048576,256,1,31714000,4521727682601484391
normal-o3,1,256,forward-churn,4096,cpp-std-deque,2,1048576,256,1,33756000,4521727682601484391
normal-o3,1,256,forward-churn,4096,rust-vec-deque,2,1048576,256,1,32703000,4521727682601484391
normal-o3,1,256,forward-churn,4096,loop-c,3,1048576,256,1,33089000,10576818761801597032
normal-o3,1,256,forward-churn,4096,whitefoot,3,1048576,256,1,32631000,10576818761801597032
normal-o3,1,256,forward-churn,4096,cpp-std-deque,3,1048576,256,1,33714000,10576818761801597032
normal-o3,1,256,forward-churn,4096,rust-vec-deque,3,1048576,256,1,31878000,10576818761801597032
normal-o3,1,256,forward-churn,4096,bulk-c,3,1048576,256,1,31519000,10576818761801597032
normal-o3,1,256,forward-churn,4096,whitefoot,4,1048576,256,1,31712000,16631909841001709673
normal-o3,1,256,forward-churn,4096,cpp-std-deque,4,1048576,256,1,33784000,16631909841001709673
normal-o3,1,256,forward-churn,4096,rust-vec-deque,4,1048576,256,1,31811000,16631909841001709673
normal-o3,1,256,forward-churn,4096,bulk-c,4,1048576,256,1,31510000,16631909841001709673
normal-o3,1,256,forward-churn,4096,loop-c,4,1048576,256,1,32191000,16631909841001709673
normal-o3,1,256,forward-churn,4096,cpp-std-deque,5,1048576,256,1,33807000,4240256846492270698
normal-o3,1,256,forward-churn,4096,rust-vec-deque,5,1048576,256,1,31863000,4240256846492270698
normal-o3,1,256,forward-churn,4096,bulk-c,5,1048576,256,1,31574000,4240256846492270698
normal-o3,1,256,forward-churn,4096,loop-c,5,1048576,256,1,32212000,4240256846492270698
normal-o3,1,256,forward-churn,4096,whitefoot,5,1048576,256,1,31743000,4240256846492270698
normal-o3,1,256,forward-churn,4096,rust-vec-deque,6,1048576,256,1,31938000,10295347925692383339
normal-o3,1,256,forward-churn,4096,bulk-c,6,1048576,256,1,31762000,10295347925692383339
normal-o3,1,256,forward-churn,4096,loop-c,6,1048576,256,1,32237000,10295347925692383339
normal-o3,1,256,forward-churn,4096,whitefoot,6,1048576,256,1,32043000,10295347925692383339
normal-o3,1,256,forward-churn,4096,cpp-std-deque,6,1048576,256,1,33754000,10295347925692383339
normal-o3,1,256,reverse-churn,16,cpp-std-deque,0,1048576,65536,1,33617000,12849301183518894949
normal-o3,1,256,reverse-churn,16,rust-vec-deque,0,1048576,65536,1,31574000,12849301183518894949
normal-o3,1,256,reverse-churn,16,bulk-c,0,1048576,65536,1,31540000,12849301183518894949
normal-o3,1,256,reverse-churn,16,loop-c,0,1048576,65536,1,31554000,12849301183518894949
normal-o3,1,256,reverse-churn,16,whitefoot,0,1048576,65536,1,31575000,12849301183518894949
normal-o3,1,256,reverse-churn,16,rust-vec-deque,1,1048576,65536,1,31873000,14930735155723421542
normal-o3,1,256,reverse-churn,16,bulk-c,1,1048576,65536,1,32938000,14930735155723421542
normal-o3,1,256,reverse-churn,16,loop-c,1,1048576,65536,1,32748000,14930735155723421542
normal-o3,1,256,reverse-churn,16,whitefoot,1,1048576,65536,1,31537000,14930735155723421542
normal-o3,1,256,reverse-churn,16,cpp-std-deque,1,1048576,65536,1,33589000,14930735155723421542
normal-o3,1,256,reverse-churn,16,bulk-c,2,1048576,65536,1,31582000,17012169127927948135
normal-o3,1,256,reverse-churn,16,loop-c,2,1048576,65536,1,31792000,17012169127927948135
normal-o3,1,256,reverse-churn,16,whitefoot,2,1048576,65536,1,31614000,17012169127927948135
normal-o3,1,256,reverse-churn,16,cpp-std-deque,2,1048576,65536,1,33808000,17012169127927948135
normal-o3,1,256,reverse-churn,16,rust-vec-deque,2,1048576,65536,1,31599000,17012169127927948135
normal-o3,1,256,reverse-churn,16,loop-c,3,1048576,65536,1,31578000,646859026422923112
normal-o3,1,256,reverse-churn,16,whitefoot,3,1048576,65536,1,32031000,646859026422923112
normal-o3,1,256,reverse-churn,16,cpp-std-deque,3,1048576,65536,1,34038000,646859026422923112
normal-o3,1,256,reverse-churn,16,rust-vec-deque,3,1048576,65536,1,31628000,646859026422923112
normal-o3,1,256,reverse-churn,16,bulk-c,3,1048576,65536,1,31601000,646859026422923112
normal-o3,1,256,reverse-churn,16,whitefoot,4,1048576,65536,1,31556000,2728292998627449705
normal-o3,1,256,reverse-churn,16,cpp-std-deque,4,1048576,65536,1,33663000,2728292998627449705
normal-o3,1,256,reverse-churn,16,rust-vec-deque,4,1048576,65536,1,31577000,2728292998627449705
normal-o3,1,256,reverse-churn,16,bulk-c,4,1048576,65536,1,31534000,2728292998627449705
normal-o3,1,256,reverse-churn,16,loop-c,4,1048576,65536,1,31521000,2728292998627449705
normal-o3,1,256,reverse-churn,16,cpp-std-deque,5,1048576,65536,1,33566000,4809726970831976298
normal-o3,1,256,reverse-churn,16,rust-vec-deque,5,1048576,65536,1,31607000,4809726970831976298
normal-o3,1,256,reverse-churn,16,bulk-c,5,1048576,65536,1,31539000,4809726970831976298
normal-o3,1,256,reverse-churn,16,loop-c,5,1048576,65536,1,31532000,4809726970831976298
normal-o3,1,256,reverse-churn,16,whitefoot,5,1048576,65536,1,31594000,4809726970831976298
normal-o3,1,256,reverse-churn,16,rust-vec-deque,6,1048576,65536,1,31586000,6891160943036502891
normal-o3,1,256,reverse-churn,16,bulk-c,6,1048576,65536,1,31766000,6891160943036502891
normal-o3,1,256,reverse-churn,16,loop-c,6,1048576,65536,1,33100000,6891160943036502891
normal-o3,1,256,reverse-churn,16,whitefoot,6,1048576,65536,1,32401000,6891160943036502891
normal-o3,1,256,reverse-churn,16,cpp-std-deque,6,1048576,65536,1,34327000,6891160943036502891
normal-o3,1,256,reverse-churn,256,cpp-std-deque,0,1048576,4096,1,33627000,1907166854544928869
normal-o3,1,256,reverse-churn,256,rust-vec-deque,0,1048576,4096,1,31913000,1907166854544928869
normal-o3,1,256,reverse-churn,256,bulk-c,0,1048576,4096,1,31761000,1907166854544928869
normal-o3,1,256,reverse-churn,256,loop-c,0,1048576,4096,1,32405000,1907166854544928869
normal-o3,1,256,reverse-churn,256,whitefoot,0,1048576,4096,1,32631000,1907166854544928869
normal-o3,1,256,reverse-churn,256,rust-vec-deque,1,1048576,4096,1,31616000,688757686773379174
normal-o3,1,256,reverse-churn,256,bulk-c,1,1048576,4096,1,31581000,688757686773379174
normal-o3,1,256,reverse-churn,256,loop-c,1,1048576,4096,1,31561000,688757686773379174
normal-o3,1,256,reverse-churn,256,whitefoot,1,1048576,4096,1,31462000,688757686773379174
normal-o3,1,256,reverse-churn,256,cpp-std-deque,1,1048576,4096,1,33610000,688757686773379174
normal-o3,1,256,reverse-churn,256,bulk-c,2,1048576,4096,1,31708000,17917092592711381095
normal-o3,1,256,reverse-churn,256,loop-c,2,1048576,4096,1,31601000,17917092592711381095
normal-o3,1,256,reverse-churn,256,whitefoot,2,1048576,4096,1,31500000,17917092592711381095
normal-o3,1,256,reverse-churn,256,cpp-std-deque,2,1048576,4096,1,33575000,17917092592711381095
normal-o3,1,256,reverse-churn,256,rust-vec-deque,2,1048576,4096,1,31617000,17917092592711381095
normal-o3,1,256,reverse-churn,256,loop-c,3,1048576,4096,1,31629000,16698683424939831400
normal-o3,1,256,reverse-churn,256,whitefoot,3,1048576,4096,1,31465000,16698683424939831400
normal-o3,1,256,reverse-churn,256,cpp-std-deque,3,1048576,4096,1,33640000,16698683424939831400
normal-o3,1,256,reverse-churn,256,rust-vec-deque,3,1048576,4096,1,31639000,16698683424939831400
normal-o3,1,256,reverse-churn,256,bulk-c,3,1048576,4096,1,31524000,16698683424939831400
normal-o3,1,256,reverse-churn,256,whitefoot,4,1048576,4096,1,31503000,15480274257168281705
normal-o3,1,256,reverse-churn,256,cpp-std-deque,4,1048576,4096,1,33637000,15480274257168281705
normal-o3,1,256,reverse-churn,256,rust-vec-deque,4,1048576,4096,1,31548000,15480274257168281705
normal-o3,1,256,reverse-churn,256,bulk-c,4,1048576,4096,1,32585000,15480274257168281705
normal-o3,1,256,reverse-churn,256,loop-c,4,1048576,4096,1,32747000,15480274257168281705
normal-o3,1,256,reverse-churn,256,cpp-std-deque,5,1048576,4096,1,34192000,14261865089396732010
normal-o3,1,256,reverse-churn,256,rust-vec-deque,5,1048576,4096,1,32218000,14261865089396732010
normal-o3,1,256,reverse-churn,256,bulk-c,5,1048576,4096,1,34770000,14261865089396732010
normal-o3,1,256,reverse-churn,256,loop-c,5,1048576,4096,1,31641000,14261865089396732010
normal-o3,1,256,reverse-churn,256,whitefoot,5,1048576,4096,1,31536000,14261865089396732010
normal-o3,1,256,reverse-churn,256,rust-vec-deque,6,1048576,4096,1,31577000,13043455921625182315
normal-o3,1,256,reverse-churn,256,bulk-c,6,1048576,4096,1,31548000,13043455921625182315
normal-o3,1,256,reverse-churn,256,loop-c,6,1048576,4096,1,31721000,13043455921625182315
normal-o3,1,256,reverse-churn,256,whitefoot,6,1048576,4096,1,31597000,13043455921625182315
normal-o3,1,256,reverse-churn,256,cpp-std-deque,6,1048576,4096,1,33606000,13043455921625182315
normal-o3,1,256,reverse-churn,4096,cpp-std-deque,0,1048576,256,1,33760000,920667832525193317
normal-o3,1,256,reverse-churn,4096,rust-vec-deque,0,1048576,256,1,31662000,920667832525193317
normal-o3,1,256,reverse-churn,4096,bulk-c,0,1048576,256,1,31657000,920667832525193317
normal-o3,1,256,reverse-churn,4096,loop-c,0,1048576,256,1,31730000,920667832525193317
normal-o3,1,256,reverse-churn,4096,whitefoot,0,1048576,256,1,31654000,920667832525193317
normal-o3,1,256,reverse-churn,4096,rust-vec-deque,1,1048576,256,1,31782000,6975758911725305958
normal-o3,1,256,reverse-churn,4096,bulk-c,1,1048576,256,1,32223000,6975758911725305958
normal-o3,1,256,reverse-churn,4096,loop-c,1,1048576,256,1,31791000,6975758911725305958
normal-o3,1,256,reverse-churn,4096,whitefoot,1,1048576,256,1,31657000,6975758911725305958
normal-o3,1,256,reverse-churn,4096,cpp-std-deque,1,1048576,256,1,33777000,6975758911725305958
normal-o3,1,256,reverse-churn,4096,bulk-c,2,1048576,256,1,31734000,13030849990925418599
normal-o3,1,256,reverse-churn,4096,loop-c,2,1048576,256,1,31715000,13030849990925418599
normal-o3,1,256,reverse-churn,4096,whitefoot,2,1048576,256,1,31648000,13030849990925418599
normal-o3,1,256,reverse-churn,4096,cpp-std-deque,2,1048576,256,1,35546000,13030849990925418599
normal-o3,1,256,reverse-churn,4096,rust-vec-deque,2,1048576,256,1,32772000,13030849990925418599
normal-o3,1,256,reverse-churn,4096,loop-c,3,1048576,256,1,31969000,639196996415979624
normal-o3,1,256,reverse-churn,4096,whitefoot,3,1048576,256,1,31736000,639196996415979624
normal-o3,1,256,reverse-churn,4096,cpp-std-deque,3,1048576,256,1,33964000,639196996415979624
normal-o3,1,256,reverse-churn,4096,rust-vec-deque,3,1048576,256,1,32193000,639196996415979624
normal-o3,1,256,reverse-churn,4096,bulk-c,3,1048576,256,1,31707000,639196996415979624
normal-o3,1,256,reverse-churn,4096,whitefoot,4,1048576,256,1,31665000,6694288075616092265
normal-o3,1,256,reverse-churn,4096,cpp-std-deque,4,1048576,256,1,33825000,6694288075616092265
normal-o3,1,256,reverse-churn,4096,rust-vec-deque,4,1048576,256,1,32118000,6694288075616092265
normal-o3,1,256,reverse-churn,4096,bulk-c,4,1048576,256,1,31735000,6694288075616092265
normal-o3,1,256,reverse-churn,4096,loop-c,4,1048576,256,1,31757000,6694288075616092265
normal-o3,1,256,reverse-churn,4096,cpp-std-deque,5,1048576,256,1,33797000,12749379154816204906
normal-o3,1,256,reverse-churn,4096,rust-vec-deque,5,1048576,256,1,31727000,12749379154816204906
normal-o3,1,256,reverse-churn,4096,bulk-c,5,1048576,256,1,31763000,12749379154816204906
normal-o3,1,256,reverse-churn,4096,loop-c,5,1048576,256,1,31713000,12749379154816204906
normal-o3,1,256,reverse-churn,4096,whitefoot,5,1048576,256,1,31752000,12749379154816204906
normal-o3,1,256,reverse-churn,4096,rust-vec-deque,6,1048576,256,1,31779000,357726160306765931
normal-o3,1,256,reverse-churn,4096,bulk-c,6,1048576,256,1,31654000,357726160306765931
normal-o3,1,256,reverse-churn,4096,loop-c,6,1048576,256,1,31706000,357726160306765931
normal-o3,1,256,reverse-churn,4096,whitefoot,6,1048576,256,1,31596000,357726160306765931
normal-o3,1,256,reverse-churn,4096,cpp-std-deque,6,1048576,256,1,33915000,357726160306765931
normal-o3,1,256,growth,16,cpp-std-deque,0,1048576,65536,1,86468000,16196295401191800933
normal-o3,1,256,growth,16,rust-vec-deque,0,1048576,65536,1,91536000,16196295401191800933
normal-o3,1,256,growth,16,bulk-c,0,1048576,65536,1,80687000,16196295401191800933
normal-o3,1,256,growth,16,loop-c,0,1048576,65536,1,81441000,16196295401191800933
normal-o3,1,256,growth,16,whitefoot,0,1048576,65536,1,79958000,16196295401191800933
normal-o3,1,256,growth,16,rust-vec-deque,1,1048576,65536,1,90819000,10742487439568633958
normal-o3,1,256,growth,16,bulk-c,1,1048576,65536,1,79832000,10742487439568633958
normal-o3,1,256,growth,16,loop-c,1,1048576,65536,1,81413000,10742487439568633958
normal-o3,1,256,growth,16,whitefoot,1,1048576,65536,1,80167000,10742487439568633958
normal-o3,1,256,growth,16,cpp-std-deque,1,1048576,65536,1,83374000,10742487439568633958
normal-o3,1,256,growth,16,bulk-c,2,1048576,65536,1,79834000,5288679477945466983
normal-o3,1,256,growth,16,loop-c,2,1048576,65536,1,83392000,5288679477945466983
normal-o3,1,256,growth,16,whitefoot,2,1048576,65536,1,81137000,5288679477945466983
normal-o3,1,256,growth,16,cpp-std-deque,2,1048576,65536,1,83626000,5288679477945466983
normal-o3,1,256,growth,16,rust-vec-deque,2,1048576,65536,1,91089000,5288679477945466983
normal-o3,1,256,growth,16,loop-c,3,1048576,65536,1,81061000,18281615590031851624
normal-o3,1,256,growth,16,whitefoot,3,1048576,65536,1,79612000,18281615590031851624
normal-o3,1,256,growth,16,cpp-std-deque,3,1048576,65536,1,83552000,18281615590031851624
normal-o3,1,256,growth,16,rust-vec-deque,3,1048576,65536,1,90871000,18281615590031851624
normal-o3,1,256,growth,16,bulk-c,3,1048576,65536,1,79619000,18281615590031851624
normal-o3,1,256,growth,16,whitefoot,4,1048576,65536,1,79729000,12827807628408684649
normal-o3,1,256,growth,16,cpp-std-deque,4,1048576,65536,1,84263000,12827807628408684649
normal-o3,1,256,growth,16,rust-vec-deque,4,1048576,65536,1,92770000,12827807628408684649
normal-o3,1,256,growth,16,bulk-c,4,1048576,65536,1,79758000,12827807628408684649
normal-o3,1,256,growth,16,loop-c,4,1048576,65536,1,81083000,12827807628408684649
normal-o3,1,256,growth,16,cpp-std-deque,5,1048576,65536,1,84452000,7373999666785517674
normal-o3,1,256,growth,16,rust-vec-deque,5,1048576,65536,1,91127000,7373999666785517674
normal-o3,1,256,growth,16,bulk-c,5,1048576,65536,1,81386000,7373999666785517674
normal-o3,1,256,growth,16,loop-c,5,1048576,65536,1,81365000,7373999666785517674
normal-o3,1,256,growth,16,whitefoot,5,1048576,65536,1,79434000,7373999666785517674
normal-o3,1,256,growth,16,rust-vec-deque,6,1048576,65536,1,90580000,1920191705162350699
normal-o3,1,256,growth,16,bulk-c,6,1048576,65536,1,79773000,1920191705162350699
normal-o3,1,256,growth,16,loop-c,6,1048576,65536,1,81995000,1920191705162350699
normal-o3,1,256,growth,16,whitefoot,6,1048576,65536,1,79611000,1920191705162350699
normal-o3,1,256,growth,16,cpp-std-deque,6,1048576,65536,1,83337000,1920191705162350699
normal-o3,1,256,growth,256,cpp-std-deque,0,1048576,4096,1,80058000,772604528371779685
normal-o3,1,256,growth,256,rust-vec-deque,0,1048576,4096,1,71039000,772604528371779685
normal-o3,1,256,growth,256,bulk-c,0,1048576,4096,1,75417000,772604528371779685
normal-o3,1,256,growth,256,loop-c,0,1048576,4096,1,81553000,772604528371779685
normal-o3,1,256,growth,256,whitefoot,0,1048576,4096,1,80858000,772604528371779685
normal-o3,1,256,growth,256,rust-vec-deque,1,1048576,4096,1,70467000,8561867817917962342
normal-o3,1,256,growth,256,bulk-c,1,1048576,4096,1,75271000,8561867817917962342
normal-o3,1,256,growth,256,loop-c,1,1048576,4096,1,81355000,8561867817917962342
normal-o3,1,256,growth,256,whitefoot,1,1048576,4096,1,82719000,8561867817917962342
normal-o3,1,256,growth,256,cpp-std-deque,1,1048576,4096,1,79659000,8561867817917962342
normal-o3,1,256,growth,256,bulk-c,2,1048576,4096,1,75245000,16351131107464144999
normal-o3,1,256,growth,256,loop-c,2,1048576,4096,1,81167000,16351131107464144999
normal-o3,1,256,growth,256,whitefoot,2,1048576,4096,1,80515000,16351131107464144999
normal-o3,1,256,growth,256,cpp-std-deque,2,1048576,4096,1,80429000,16351131107464144999
normal-o3,1,256,growth,256,rust-vec-deque,2,1048576,4096,1,70360000,16351131107464144999
normal-o3,1,256,growth,256,loop-c,3,1048576,4096,1,81132000,5693650323300776040
normal-o3,1,256,growth,256,whitefoot,3,1048576,4096,1,80522000,5693650323300776040
normal-o3,1,256,growth,256,cpp-std-deque,3,1048576,4096,1,79685000,5693650323300776040
normal-o3,1,256,growth,256,rust-vec-deque,3,1048576,4096,1,70765000,5693650323300776040
normal-o3,1,256,growth,256,bulk-c,3,1048576,4096,1,76803000,5693650323300776040
normal-o3,1,256,growth,256,whitefoot,4,1048576,4096,1,80473000,13482913612846958697
normal-o3,1,256,growth,256,cpp-std-deque,4,1048576,4096,1,79617000,13482913612846958697
normal-o3,1,256,growth,256,rust-vec-deque,4,1048576,4096,1,70467000,13482913612846958697
normal-o3,1,256,growth,256,bulk-c,4,1048576,4096,1,75175000,13482913612846958697
normal-o3,1,256,growth,256,loop-c,4,1048576,4096,1,81247000,13482913612846958697
normal-o3,1,256,growth,256,cpp-std-deque,5,1048576,4096,1,79641000,2825432828683589738
normal-o3,1,256,growth,256,rust-vec-deque,5,1048576,4096,1,70707000,2825432828683589738
normal-o3,1,256,growth,256,bulk-c,5,1048576,4096,1,75200000,2825432828683589738
normal-o3,1,256,growth,256,loop-c,5,1048576,4096,1,81094000,2825432828683589738
normal-o3,1,256,growth,256,whitefoot,5,1048576,4096,1,80520000,2825432828683589738
normal-o3,1,256,growth,256,rust-vec-deque,6,1048576,4096,1,71071000,10614696118229772395
normal-o3,1,256,growth,256,bulk-c,6,1048576,4096,1,75265000,10614696118229772395
normal-o3,1,256,growth,256,loop-c,6,1048576,4096,1,81137000,10614696118229772395
normal-o3,1,256,growth,256,whitefoot,6,1048576,4096,1,80421000,10614696118229772395
normal-o3,1,256,growth,256,cpp-std-deque,6,1048576,4096,1,80481000,10614696118229772395
normal-o3,1,256,growth,4096,cpp-std-deque,0,1048576,256,1,81931000,3330279058298623205
normal-o3,1,256,growth,4096,rust-vec-deque,0,1048576,256,1,80183000,3330279058298623205
normal-o3,1,256,growth,4096,bulk-c,0,1048576,256,1,76632000,3330279058298623205
normal-o3,1,256,growth,4096,loop-c,0,1048576,256,1,80963000,3330279058298623205
normal-o3,1,256,growth,4096,whitefoot,0,1048576,256,1,80279000,3330279058298623205
normal-o3,1,256,growth,4096,rust-vec-deque,1,1048576,256,1,82444000,14800704677276423654
normal-o3,1,256,growth,4096,bulk-c,1,1048576,256,1,76676000,14800704677276423654
normal-o3,1,256,growth,4096,loop-c,1,1048576,256,1,80908000,14800704677276423654
normal-o3,1,256,growth,4096,whitefoot,1,1048576,256,1,80245000,14800704677276423654
normal-o3,1,256,growth,4096,cpp-std-deque,1,1048576,256,1,81753000,14800704677276423654
normal-o3,1,256,growth,4096,bulk-c,2,1048576,256,1,76644000,7824386222544672487
normal-o3,1,256,growth,4096,loop-c,2,1048576,256,1,81555000,7824386222544672487
normal-o3,1,256,growth,4096,whitefoot,2,1048576,256,1,80638000,7824386222544672487
normal-o3,1,256,growth,4096,cpp-std-deque,2,1048576,256,1,82322000,7824386222544672487
normal-o3,1,256,growth,4096,rust-vec-deque,2,1048576,256,1,80366000,7824386222544672487
normal-o3,1,256,growth,4096,loop-c,3,1048576,256,1,82373000,848067767812921320
normal-o3,1,256,growth,4096,whitefoot,3,1048576,256,1,81704000,848067767812921320
normal-o3,1,256,growth,4096,cpp-std-deque,3,1048576,256,1,81397000,848067767812921320
normal-o3,1,256,growth,4096,rust-vec-deque,3,1048576,256,1,83160000,848067767812921320
normal-o3,1,256,growth,4096,bulk-c,3,1048576,256,1,76465000,848067767812921320
normal-o3,1,256,growth,4096,whitefoot,4,1048576,256,1,80819000,12318493386790721769
normal-o3,1,256,growth,4096,cpp-std-deque,4,1048576,256,1,81409000,12318493386790721769
normal-o3,1,256,growth,4096,rust-vec-deque,4,1048576,256,1,79427000,12318493386790721769
normal-o3,1,256,growth,4096,bulk-c,4,1048576,256,1,76577000,12318493386790721769
normal-o3,1,256,growth,4096,loop-c,4,1048576,256,1,81638000,12318493386790721769
normal-o3,1,256,growth,4096,cpp-std-deque,5,1048576,256,1,81560000,5342174932058970602
normal-o3,1,256,growth,4096,rust-vec-deque,5,1048576,256,1,80563000,5342174932058970602
normal-o3,1,256,growth,4096,bulk-c,5,1048576,256,1,78028000,5342174932058970602
normal-o3,1,256,growth,4096,loop-c,5,1048576,256,1,80932000,5342174932058970602
normal-o3,1,256,growth,4096,whitefoot,5,1048576,256,1,80210000,5342174932058970602
normal-o3,1,256,growth,4096,rust-vec-deque,6,1048576,256,1,79222000,16812600551036771051
normal-o3,1,256,growth,4096,bulk-c,6,1048576,256,1,76704000,16812600551036771051
normal-o3,1,256,growth,4096,loop-c,6,1048576,256,1,81210000,16812600551036771051
normal-o3,1,256,growth,4096,whitefoot,6,1048576,256,1,80725000,16812600551036771051
normal-o3,1,256,growth,4096,cpp-std-deque,6,1048576,256,1,81629000,16812600551036771051
normal-o3,1,256,setup-cleanup,16,cpp-std-deque,0,1048576,0,65536,41717000,12170009827713777664
normal-o3,1,256,setup-cleanup,16,rust-vec-deque,0,1048576,0,65536,36246000,12170009827713777664
normal-o3,1,256,setup-cleanup,16,bulk-c,0,1048576,0,65536,37002000,12170009827713777664
normal-o3,1,256,setup-cleanup,16,loop-c,0,1048576,0,65536,37195000,12170009827713777664
normal-o3,1,256,setup-cleanup,16,whitefoot,0,1048576,0,65536,35979000,12170009827713777664
normal-o3,1,256,setup-cleanup,16,rust-vec-deque,1,1048576,0,65536,36938000,11052101632478511104
normal-o3,1,256,setup-cleanup,16,bulk-c,1,1048576,0,65536,37822000,11052101632478511104
normal-o3,1,256,setup-cleanup,16,loop-c,1,1048576,0,65536,36930000,11052101632478511104
normal-o3,1,256,setup-cleanup,16,whitefoot,1,1048576,0,65536,35723000,11052101632478511104
normal-o3,1,256,setup-cleanup,16,cpp-std-deque,1,1048576,0,65536,41843000,11052101632478511104
normal-o3,1,256,setup-cleanup,16,bulk-c,2,1048576,0,65536,36960000,9934193437243244544
normal-o3,1,256,setup-cleanup,16,loop-c,2,1048576,0,65536,36790000,9934193437243244544
normal-o3,1,256,setup-cleanup,16,whitefoot,2,1048576,0,65536,35867000,9934193437243244544
normal-o3,1,256,setup-cleanup,16,cpp-std-deque,2,1048576,0,65536,41921000,9934193437243244544
normal-o3,1,256,setup-cleanup,16,rust-vec-deque,2,1048576,0,65536,35453000,9934193437243244544
normal-o3,1,256,setup-cleanup,16,loop-c,3,1048576,0,65536,37014000,8816285242007977984
normal-o3,1,256,setup-cleanup,16,whitefoot,3,1048576,0,65536,36211000,8816285242007977984
normal-o3,1,256,setup-cleanup,16,cpp-std-deque,3,1048576,0,65536,42309000,8816285242007977984
normal-o3,1,256,setup-cleanup,16,rust-vec-deque,3,1048576,0,65536,35424000,8816285242007977984
normal-o3,1,256,setup-cleanup,16,bulk-c,3,1048576,0,65536,36971000,8816285242007977984
normal-o3,1,256,setup-cleanup,16,whitefoot,4,1048576,0,65536,35368000,7698377046772711424
normal-o3,1,256,setup-cleanup,16,cpp-std-deque,4,1048576,0,65536,41886000,7698377046772711424
normal-o3,1,256,setup-cleanup,16,rust-vec-deque,4,1048576,0,65536,35134000,7698377046772711424
normal-o3,1,256,setup-cleanup,16,bulk-c,4,1048576,0,65536,36659000,7698377046772711424
normal-o3,1,256,setup-cleanup,16,loop-c,4,1048576,0,65536,36719000,7698377046772711424
normal-o3,1,256,setup-cleanup,16,cpp-std-deque,5,1048576,0,65536,42246000,6580468851537444864
normal-o3,1,256,setup-cleanup,16,rust-vec-deque,5,1048576,0,65536,35232000,6580468851537444864
normal-o3,1,256,setup-cleanup,16,bulk-c,5,1048576,0,65536,36666000,6580468851537444864
normal-o3,1,256,setup-cleanup,16,loop-c,5,1048576,0,65536,36854000,6580468851537444864
normal-o3,1,256,setup-cleanup,16,whitefoot,5,1048576,0,65536,37084000,6580468851537444864
normal-o3,1,256,setup-cleanup,16,rust-vec-deque,6,1048576,0,65536,36272000,5462560656302178304
normal-o3,1,256,setup-cleanup,16,bulk-c,6,1048576,0,65536,37894000,5462560656302178304
normal-o3,1,256,setup-cleanup,16,loop-c,6,1048576,0,65536,37890000,5462560656302178304
normal-o3,1,256,setup-cleanup,16,whitefoot,6,1048576,0,65536,36516000,5462560656302178304
normal-o3,1,256,setup-cleanup,16,cpp-std-deque,6,1048576,0,65536,43199000,5462560656302178304
normal-o3,1,256,setup-cleanup,256,cpp-std-deque,0,1048576,0,4096,41462000,14530840138127132672
normal-o3,1,256,setup-cleanup,256,rust-vec-deque,0,1048576,0,4096,36310000,14530840138127132672
normal-o3,1,256,setup-cleanup,256,bulk-c,0,1048576,0,4096,38197000,14530840138127132672
normal-o3,1,256,setup-cleanup,256,loop-c,0,1048576,0,4096,38069000,14530840138127132672
normal-o3,1,256,setup-cleanup,256,whitefoot,0,1048576,0,4096,36038000,14530840138127132672
normal-o3,1,256,setup-cleanup,256,rust-vec-deque,1,1048576,0,4096,35993000,11805068313191929856
normal-o3,1,256,setup-cleanup,256,bulk-c,1,1048576,0,4096,36835000,11805068313191929856
normal-o3,1,256,setup-cleanup,256,loop-c,1,1048576,0,4096,36618000,11805068313191929856
normal-o3,1,256,setup-cleanup,256,whitefoot,1,1048576,0,4096,34906000,11805068313191929856
normal-o3,1,256,setup-cleanup,256,cpp-std-deque,1,1048576,0,4096,39605000,11805068313191929856
normal-o3,1,256,setup-cleanup,256,bulk-c,2,1048576,0,4096,36656000,9079296488256727040
normal-o3,1,256,setup-cleanup,256,loop-c,2,1048576,0,4096,36592000,9079296488256727040
normal-o3,1,256,setup-cleanup,256,whitefoot,2,1048576,0,4096,34943000,9079296488256727040
normal-o3,1,256,setup-cleanup,256,cpp-std-deque,2,1048576,0,4096,39447000,9079296488256727040
normal-o3,1,256,setup-cleanup,256,rust-vec-deque,2,1048576,0,4096,35032000,9079296488256727040
normal-o3,1,256,setup-cleanup,256,loop-c,3,1048576,0,4096,37236000,6353524663321524224
normal-o3,1,256,setup-cleanup,256,whitefoot,3,1048576,0,4096,36169000,6353524663321524224
normal-o3,1,256,setup-cleanup,256,cpp-std-deque,3,1048576,0,4096,39728000,6353524663321524224
normal-o3,1,256,setup-cleanup,256,rust-vec-deque,3,1048576,0,4096,35085000,6353524663321524224
normal-o3,1,256,setup-cleanup,256,bulk-c,3,1048576,0,4096,36587000,6353524663321524224
normal-o3,1,256,setup-cleanup,256,whitefoot,4,1048576,0,4096,34904000,3627752838386321408
normal-o3,1,256,setup-cleanup,256,cpp-std-deque,4,1048576,0,4096,39436000,3627752838386321408
normal-o3,1,256,setup-cleanup,256,rust-vec-deque,4,1048576,0,4096,35018000,3627752838386321408
normal-o3,1,256,setup-cleanup,256,bulk-c,4,1048576,0,4096,36590000,3627752838386321408
normal-o3,1,256,setup-cleanup,256,loop-c,4,1048576,0,4096,37041000,3627752838386321408
normal-o3,1,256,setup-cleanup,256,cpp-std-deque,5,1048576,0,4096,39448000,901981013451118592
normal-o3,1,256,setup-cleanup,256,rust-vec-deque,5,1048576,0,4096,35032000,901981013451118592
normal-o3,1,256,setup-cleanup,256,bulk-c,5,1048576,0,4096,36632000,901981013451118592
normal-o3,1,256,setup-cleanup,256,loop-c,5,1048576,0,4096,36597000,901981013451118592
normal-o3,1,256,setup-cleanup,256,whitefoot,5,1048576,0,4096,34875000,901981013451118592
normal-o3,1,256,setup-cleanup,256,rust-vec-deque,6,1048576,0,4096,34998000,16622953262225467392
normal-o3,1,256,setup-cleanup,256,bulk-c,6,1048576,0,4096,36643000,16622953262225467392
normal-o3,1,256,setup-cleanup,256,loop-c,6,1048576,0,4096,36639000,16622953262225467392
normal-o3,1,256,setup-cleanup,256,whitefoot,6,1048576,0,4096,34935000,16622953262225467392
normal-o3,1,256,setup-cleanup,256,cpp-std-deque,6,1048576,0,4096,39469000,16622953262225467392
normal-o3,1,256,setup-cleanup,4096,cpp-std-deque,0,1048576,0,256,40726000,14517789511153968256
normal-o3,1,256,setup-cleanup,4096,rust-vec-deque,0,1048576,0,256,35860000,14517789511153968256
normal-o3,1,256,setup-cleanup,4096,bulk-c,0,1048576,0,256,36693000,14517789511153968256
normal-o3,1,256,setup-cleanup,4096,loop-c,0,1048576,0,256,37316000,14517789511153968256
normal-o3,1,256,setup-cleanup,4096,whitefoot,0,1048576,0,256,37282000,14517789511153968256
normal-o3,1,256,setup-cleanup,4096,rust-vec-deque,1,1048576,0,256,35806000,8362035237453620608
normal-o3,1,256,setup-cleanup,4096,bulk-c,1,1048576,0,256,37325000,8362035237453620608
normal-o3,1,256,setup-cleanup,4096,loop-c,1,1048576,0,256,37982000,8362035237453620608
normal-o3,1,256,setup-cleanup,4096,whitefoot,1,1048576,0,256,36381000,8362035237453620608
normal-o3,1,256,setup-cleanup,4096,cpp-std-deque,1,1048576,0,256,40692000,8362035237453620608
normal-o3,1,256,setup-cleanup,4096,bulk-c,2,1048576,0,256,36924000,2206280963753272960
normal-o3,1,256,setup-cleanup,4096,loop-c,2,1048576,0,256,37020000,2206280963753272960
normal-o3,1,256,setup-cleanup,4096,whitefoot,2,1048576,0,256,36109000,2206280963753272960
normal-o3,1,256,setup-cleanup,4096,cpp-std-deque,2,1048576,0,256,40698000,2206280963753272960
normal-o3,1,256,setup-cleanup,4096,rust-vec-deque,2,1048576,0,256,35819000,2206280963753272960
normal-o3,1,256,setup-cleanup,4096,loop-c,3,1048576,0,256,36729000,14497270763762476928
normal-o3,1,256,setup-cleanup,4096,whitefoot,3,1048576,0,256,35913000,14497270763762476928
normal-o3,1,256,setup-cleanup,4096,cpp-std-deque,3,1048576,0,256,40663000,14497270763762476928
normal-o3,1,256,setup-cleanup,4096,rust-vec-deque,3,1048576,0,256,35811000,14497270763762476928
normal-o3,1,256,setup-cleanup,4096,bulk-c,3,1048576,0,256,36739000,14497270763762476928
normal-o3,1,256,setup-cleanup,4096,whitefoot,4,1048576,0,256,35847000,8341516490062129280
normal-o3,1,256,setup-cleanup,4096,cpp-std-deque,4,1048576,0,256,40717000,8341516490062129280
normal-o3,1,256,setup-cleanup,4096,rust-vec-deque,4,1048576,0,256,35830000,8341516490062129280
normal-o3,1,256,setup-cleanup,4096,bulk-c,4,1048576,0,256,36741000,8341516490062129280
normal-o3,1,256,setup-cleanup,4096,loop-c,4,1048576,0,256,36763000,8341516490062129280
normal-o3,1,256,setup-cleanup,4096,cpp-std-deque,5,1048576,0,256,40687000,2185762216361781632
normal-o3,1,256,setup-cleanup,4096,rust-vec-deque,5,1048576,0,256,36648000,2185762216361781632
normal-o3,1,256,setup-cleanup,4096,bulk-c,5,1048576,0,256,38111000,2185762216361781632
normal-o3,1,256,setup-cleanup,4096,loop-c,5,1048576,0,256,37391000,2185762216361781632
normal-o3,1,256,setup-cleanup,4096,whitefoot,5,1048576,0,256,35953000,2185762216361781632
normal-o3,1,256,setup-cleanup,4096,rust-vec-deque,6,1048576,0,256,35797000,14476752016370985600
normal-o3,1,256,setup-cleanup,4096,bulk-c,6,1048576,0,256,36817000,14476752016370985600
normal-o3,1,256,setup-cleanup,4096,loop-c,6,1048576,0,256,36847000,14476752016370985600
normal-o3,1,256,setup-cleanup,4096,whitefoot,6,1048576,0,256,35924000,14476752016370985600
normal-o3,1,256,setup-cleanup,4096,cpp-std-deque,6,1048576,0,256,40924000,14476752016370985600
