variant	record	fields
context	purpose	runtime-selected-fixed-DAG qualification	timing_comparison=none	home=compute-bench research evidence	retire=when superseded or no investigation consumes it
context	protocol	base=345e2966a	off_criterion_commit=8311028a5a42e9623f8390821c9fc3ca3ea29e03	phased_criterion_commit=0359cdfaaa327106bb02a4d6cd51f3894b14ed2c	repeats_per_configuration=1	forced_waits=none	host_guard_seconds=30	build_jobs=2
context	host	system=Darwin 25.6.0	arch=arm64	compiler=Apple clang 21.0.0 (clang-2100.3.34.2)	target=arm64-apple-darwin25.6.0
context	flags	WF_native=-std=c11 -pthread -O2 -Wno-override-module	probe=-std=c++17 -pthread -O2 -Wall -Wextra -Werror -Wpedantic	link=-pthread -O2 -ltbb -lm	historical_alignment_controls=none
context	oneTBB	source_pin=3046c8b0c29df995980003ea24f4d78c80ec0c8d	version=2023.1.0	build=shared Release C++17 IPO=OFF hwloc=OFF malloc=OFF upstream_tests=OFF	cached_scalar_flags=-fno-fast-math -ffp-contract=off -fno-vectorize -fno-slp-vectorize -fno-lto	new_dependency_build=false
context	fixtures	spine_lengths=0,1,2,4,7,8,9,16,32	leaf_profiles=0:uniform1;1:uniform65536;2:first65536;3:last65536	spine_cost=1	seed=ffffffffffffffe7	N_weight_bits=A,B,C,D	N_costs=1,65536
context	N-modes	0=(A||B);(C||D)	1=B;((A;C)||D)	2=(A||(B;D));C	3=B,A,D,C	original_edges=A-C,B-C,B-D	pair_overlap=distinct threads with intersecting begin/end intervals
context	observer	bytes_per_event=40	two_events_per_task=true	peak_memory=not_measured	task_cell_bytes=16	notification_events=recurrence only, after notice folding	raw_default_grants_field=actual successful steals, not acquisition or offer count
context	limits	fixed graph families only	max_spine_length=32	lane_capacity_boundary=not_measured	absent_overlap=not an impossibility result	thread_ids=process-local thread identities
pre-rebase	construction-failure	attempt=1	reason=host guard busy	exit=75	raw_log=dag-fanin-native-build.log	sha256=d51fd8da397695d910fc8e91b963cf84584949cee281020c712cb111202f0add
pre-rebase	raw-log	file=dag-fanin-native-build-2.log	sha256=92f65fb3035f3508cd73c588c190599d05fafea73b8c95a8faca47db4d299ce3
pre-rebase	phase	label=dag-fanin-native-build	stage=native-construction-failed	command_wall_s=0.98	process_user_s=0.87	process_system_s=0.28	guard_wall_s=1.03	exit=2	benchmark_interval=false
pre-rebase	construction-failure	attempt=2	reason=17-digit canary literal rejected by clang	repair=16-digit badc0ffee0ffee17	program_execution=false
phased	raw-log	file=dag-fanin-main-345e-phased-emit.log	sha256=600682ef21afb096329435d660a12b57e93a1411bb770a5f3392f4192fe3bfee
phased	phase	label=dag-fanin-main-345e-phased-emit	stage=source-analysis-rejected	command_wall_s=0.07	process_user_s=0.06	process_system_s=0.00	guard_wall_s=0.11	exit=1	benchmark_interval=false
phased	source-repair	rule=OP-4	residual=id < deref(costs).len	repair=explicit erased endpoint certificates	program_execution=false
phased	emission-attempt	reason=host guard busy	exit=75	raw_log=dag-fanin-main-345e-phased-emit-proof.log	sha256=90df65f5ac71b4b062081f6bc431f47e12a3f5f03db7917f6828074815e8e63b
default	emission-flags	--par --par-ledger --stack-ledger --emit-llvm
default	artifact	file=whitefootc	sha256=cbffd4dd1ae8641ef03790457181188988bf70cc4af1a53c50c1f406307bb7f9
default	artifact	file=dag-fanin.wf	sha256=8824d372ce063c5646d2dbaf84a573cbf7f7ea34d117b79e6e7c4b46dd9e3a52
default	artifact	file=dag_fanin_host.ll	sha256=2612dcf89e12b4c3505b56aec94f44af443f349b749c9fcb803a30874a17d9c0
default	artifact	file=dag_fanin_trace.awk	sha256=95740fb87edcd550940cae3951b0b73b000453e9cc6022616135fea169df77bd
default	artifact	file=dag-fanin-main-345e-default-emit.log	sha256=4ef8329618a6815f2c309366bbc3319d949b4793b2fa10e732214f1db236e9e0
default	artifact	file=dag_fanin_default.raw.ll	sha256=92fdcad44f82524683565ca1983104fe16d5bbef333768029ba7ede216435159
default	artifact	file=dag_fanin_default_plain.ll	sha256=27b16fdb2b56d8f50f2b127f9fc76d613fb630e9b126489b59d25a858e5c3d11
default	artifact	file=dag_fanin_default_trace.ll	sha256=8a6847f45abd29002a4056d3586a1f6d0f2819b59f2bb8482720ba0dc63c6ca2
default	artifact	file=dag_fanin_probe.cpp	sha256=7e779cbd81fcfa24584ceb96bb535992080a6fb282fe15bca47405af9087ec90
default	artifact	file=libtbb.dylib	sha256=61fec48dc42829dc97943d72051ab2ca00786f97d198c412db1042b2b08e3188
default	artifact	file=metadata.txt	sha256=bb1ed8f84e8d4a817f7a63c93ca22ec529aec47615ff4b38fa6118718e19f470
default	artifact	file=dag_fanin_default_probe.o	sha256=f37ca1795b65557f1926a295bfcacf600310feaae2d5ba3b7fd19da21555f50a
default	artifact	file=dag_fanin_default_plain.o	sha256=9f2389c07d4b7890f09674c6c129f0e9c09bdfaa61a092feab9d2a91d2d4b9a1
default	artifact	file=dag_fanin_default_trace.o	sha256=c563db8ac0d5c6c85feb0328c3ea9a3ef098d9d7a8509e556bd8746931ab0eb3
default	artifact	file=floor.o	sha256=8342e7ea0b8d6a0817d543e8c05e807c96527393945e95597718ba9a27ce722d
default	artifact	file=sched_core.o	sha256=0655633c69666fcce21bf67258101aedb49c914fc50a6cc8edbfe22a8315e645
default	artifact	file=sched_prim_host.o	sha256=c3a5140b8221a57d27a510995ae37c7b33a64ebc87ec9f9286b99ece649bce45
default	artifact	file=sched_entry.o	sha256=e04734d7a1ddbe9083b47570ca2854963803b88a7197628bed2ca66cb4924d5c
default	artifact	file=completion_runtime.o	sha256=75cb971977625c9b05adcf74b14989544ccbf61b0a81fe4843ec72226eb36c61
default	artifact	file=completion_wait_host.o	sha256=d95b24c2367aa6dcf60a9d9e4e36acf79fa502d4ded856f244c6f4afcf28aa10
default	artifact	file=completion_file_adapter.o	sha256=fb4ee3f397da5bcee9188332d56fb3c854b931b4c1f07b4c8350a9c941891937
default	artifact	file=completion_file_posix.o	sha256=1d1fe1c3033038fc69cd031e32b5eff6e85571da89176f85e442f52f0fb1b940
default	artifact	file=completion_bridge.o	sha256=af91032f29dc1b1c22dcf43099d933303ff3b1e4741a93122f987bdbdb70c4ec
default	artifact	file=completion_linux_io_uring.o	sha256=e389769ac8c9f38af9cd00e5bc5d56d3c180dff5985fb81ddfff63dfa89eb453
default	artifact	file=ordinary_values_c.o	sha256=685d56fcf6c89bbddf8d1921b44952bb909dd0362715817babbacd64da8898c3
default	artifact	file=ordinary_values_ll.o	sha256=d578790251750de1a10ef95e1265d028184cc1d18f0c40d78e88c5ee8f1fcd80
default	artifact	file=dag_fanin_default_plain	sha256=304a8511e448e1a3684796366507445f6093f82d28e94c922c504f9e024ba111
default	artifact	file=dag_fanin_default_trace	sha256=39eb4adf99c6bed70e5b2af893f2931e1c48e33a60c85b22207f397243f88b46
default	raw-log	file=dag-fanin-main-345e-default-emit.log	sha256=4ef8329618a6815f2c309366bbc3319d949b4793b2fa10e732214f1db236e9e0
default	phase	label=dag-fanin-main-345e-emit	stage=source-analysis-and-emission	command_wall_s=0.62	process_user_s=0.16	process_system_s=0.02	guard_wall_s=0.62	exit=0	benchmark_interval=false
default	raw-log	file=dag-fanin-main-345e-native-build.log	sha256=786f39446b9b6254216379aead98a8447e5bf626f29817247c0e3e1ab8731870
default	phase	label=dag-fanin-main-345e-native-build	stage=native-construction	command_wall_s=2.05	process_user_s=1.80	process_system_s=0.52	guard_wall_s=2.08	exit=0	benchmark_interval=false
default	optimized-bracketing	image_disassembly_sha256=452a65917fbbbb82c10b213487cc78b05f94519b764520ef8cabd9aec0a7af89	WF=begin return feeds scalar recurrence; recurrence result feeds end	native=begin volatile readback feeds scalar recurrence; recurrence result feeds end
default	raw-log	file=dag-fanin-main-345e-wf-plain-W1.log	sha256=e8e27723af5cb929e27c5f233c93397840730734e4b3783ef56e0c0d77c2c651
default	phase	label=dag-fanin-main-345e-wf-plain-W1	stage=complete-matrix-execution	command_wall_s=0.49	process_user_s=0.09	process_system_s=0.02	guard_wall_s=0.52	exit=0	benchmark_interval=false
default	matrix	engine=wf	image=plain	workers=1	PASS	cases=115	task_rows=956	trace=0	events=0	checks=all_values,exactly_once,input_unchanged,canaries,receipts
default	negative-control	engine=wf	image=plain	workers=1	output-corruption	rejected=task value mismatch at 0
default	raw-log	file=dag-fanin-main-345e-wf-plain-W4.log	sha256=6b44db3bde50f755d1723c8461156e191a958ea4044d7b645fb1490f4629ab4e
default	phase	label=dag-fanin-main-345e-wf-plain-W4	stage=complete-matrix-execution	command_wall_s=0.08	process_user_s=0.06	process_system_s=0.01	guard_wall_s=0.10	exit=0	benchmark_interval=false
default	matrix	engine=wf	image=plain	workers=4	PASS	cases=115	task_rows=956	trace=0	events=0	checks=all_values,exactly_once,input_unchanged,canaries,receipts
default	negative-control	engine=wf	image=plain	workers=4	output-corruption	rejected=task value mismatch at 0
default	raw-log	file=dag-fanin-main-345e-wf-trace-W1.log	sha256=a0bf313e3aaaec632250a9066400547bd464c96d9e37972e4728277f83213ecb
default	phase	label=dag-fanin-main-345e-wf-trace-W1	stage=complete-matrix-execution	command_wall_s=0.36	process_user_s=0.07	process_system_s=0.01	guard_wall_s=0.41	exit=0	benchmark_interval=false
default	matrix	engine=wf	image=trace	workers=1	PASS	cases=115	task_rows=956	trace=1	events=1912	checks=all_values,exactly_once,input_unchanged,canaries,receipts,event_ids_inputs_values,exact_events,original_edge_order,stable_thread
default	negative-control	engine=wf	image=trace	workers=1	output-corruption	rejected=task value mismatch at 0
default	negative-control	engine=wf	image=trace	workers=1	trace-corruption	rejected=trace event count mismatch
default	raw-log	file=dag-fanin-main-345e-wf-trace-W4.log	sha256=d387740448b40e9f25ad7876122494b2c4740ce2c0495dc1afbdbecd3992acd0
default	phase	label=dag-fanin-main-345e-wf-trace-W4	stage=complete-matrix-execution	command_wall_s=0.09	process_user_s=0.06	process_system_s=0.02	guard_wall_s=0.11	exit=0	benchmark_interval=false
default	matrix	engine=wf	image=trace	workers=4	PASS	cases=115	task_rows=956	trace=1	events=1912	checks=all_values,exactly_once,input_unchanged,canaries,receipts,event_ids_inputs_values,exact_events,original_edge_order,stable_thread
default	negative-control	engine=wf	image=trace	workers=4	output-corruption	rejected=task value mismatch at 0
default	negative-control	engine=wf	image=trace	workers=4	trace-corruption	rejected=trace event count mismatch
default	spine-W4	case=spine-0-0	actual_steals=0	observed_threads=0	peak_active_threads=0	deep_threads=0	deep_overlap_pairs=0	pairs=0	spine_progress=0
default	spine-W4	case=spine-0-1	actual_steals=0	observed_threads=0	peak_active_threads=0	deep_threads=0	deep_overlap_pairs=0	pairs=0	spine_progress=0
default	spine-W4	case=spine-1-0	actual_steals=1	observed_threads=2	peak_active_threads=1	deep_threads=0	deep_overlap_pairs=0	pairs=0	spine_progress=0
default	spine-W4	case=spine-1-1	actual_steals=0	observed_threads=1	peak_active_threads=1	deep_threads=0	deep_overlap_pairs=0	pairs=0	spine_progress=0
default	spine-W4	case=spine-1-2	actual_steals=0	observed_threads=1	peak_active_threads=1	deep_threads=0	deep_overlap_pairs=0	pairs=0	spine_progress=0
default	spine-W4	case=spine-1-3	actual_steals=0	observed_threads=1	peak_active_threads=1	deep_threads=0	deep_overlap_pairs=0	pairs=0	spine_progress=0
default	spine-W4	case=spine-2-0	actual_steals=0	observed_threads=1	peak_active_threads=1	deep_threads=0	deep_overlap_pairs=0	pairs=0	spine_progress=0
default	spine-W4	case=spine-2-1	actual_steals=1	observed_threads=2	peak_active_threads=2	deep_threads=0	deep_overlap_pairs=0	pairs=1	spine_progress=0
default	spine-W4	case=spine-2-2	actual_steals=0	observed_threads=1	peak_active_threads=1	deep_threads=0	deep_overlap_pairs=0	pairs=0	spine_progress=0
default	spine-W4	case=spine-2-3	actual_steals=1	observed_threads=2	peak_active_threads=2	deep_threads=0	deep_overlap_pairs=0	pairs=1	spine_progress=0
default	spine-W4	case=spine-4-0	actual_steals=0	observed_threads=1	peak_active_threads=1	deep_threads=0	deep_overlap_pairs=0	pairs=0	spine_progress=0
default	spine-W4	case=spine-4-1	actual_steals=3	observed_threads=4	peak_active_threads=4	deep_threads=0	deep_overlap_pairs=0	pairs=6	spine_progress=0
default	spine-W4	case=spine-4-2	actual_steals=0	observed_threads=1	peak_active_threads=1	deep_threads=0	deep_overlap_pairs=0	pairs=0	spine_progress=0
default	spine-W4	case=spine-4-3	actual_steals=3	observed_threads=2	peak_active_threads=2	deep_threads=0	deep_overlap_pairs=0	pairs=3	spine_progress=0
default	spine-W4	case=spine-7-0	actual_steals=0	observed_threads=1	peak_active_threads=1	deep_threads=0	deep_overlap_pairs=0	pairs=0	spine_progress=0
default	spine-W4	case=spine-7-1	actual_steals=5	observed_threads=4	peak_active_threads=4	deep_threads=0	deep_overlap_pairs=0	pairs=14	spine_progress=0
default	spine-W4	case=spine-7-2	actual_steals=0	observed_threads=1	peak_active_threads=1	deep_threads=0	deep_overlap_pairs=0	pairs=0	spine_progress=0
default	spine-W4	case=spine-7-3	actual_steals=6	observed_threads=2	peak_active_threads=2	deep_threads=0	deep_overlap_pairs=0	pairs=6	spine_progress=0
default	spine-W4	case=spine-8-0	actual_steals=0	observed_threads=1	peak_active_threads=1	deep_threads=0	deep_overlap_pairs=0	pairs=0	spine_progress=0
default	spine-W4	case=spine-8-1	actual_steals=6	observed_threads=4	peak_active_threads=4	deep_threads=0	deep_overlap_pairs=0	pairs=18	spine_progress=0
default	spine-W4	case=spine-8-2	actual_steals=0	observed_threads=1	peak_active_threads=1	deep_threads=0	deep_overlap_pairs=0	pairs=0	spine_progress=0
default	spine-W4	case=spine-8-3	actual_steals=7	observed_threads=2	peak_active_threads=2	deep_threads=0	deep_overlap_pairs=0	pairs=7	spine_progress=0
default	spine-W4	case=spine-9-0	actual_steals=0	observed_threads=1	peak_active_threads=1	deep_threads=1	deep_overlap_pairs=0	pairs=0	spine_progress=0
default	spine-W4	case=spine-9-1	actual_steals=6	observed_threads=4	peak_active_threads=4	deep_threads=1	deep_overlap_pairs=0	pairs=21	spine_progress=0
default	spine-W4	case=spine-9-2	actual_steals=0	observed_threads=1	peak_active_threads=1	deep_threads=1	deep_overlap_pairs=0	pairs=0	spine_progress=0
default	spine-W4	case=spine-9-3	actual_steals=8	observed_threads=2	peak_active_threads=2	deep_threads=1	deep_overlap_pairs=0	pairs=8	spine_progress=0
default	spine-W4	case=spine-16-0	actual_steals=0	observed_threads=1	peak_active_threads=1	deep_threads=1	deep_overlap_pairs=0	pairs=0	spine_progress=0
default	spine-W4	case=spine-16-1	actual_steals=8	observed_threads=4	peak_active_threads=4	deep_threads=1	deep_overlap_pairs=0	pairs=35	spine_progress=7
default	spine-W4	case=spine-16-2	actual_steals=0	observed_threads=1	peak_active_threads=1	deep_threads=1	deep_overlap_pairs=0	pairs=0	spine_progress=0
default	spine-W4	case=spine-16-3	actual_steals=8	observed_threads=2	peak_active_threads=2	deep_threads=1	deep_overlap_pairs=0	pairs=8	spine_progress=0
default	spine-W4	case=spine-32-0	actual_steals=0	observed_threads=1	peak_active_threads=1	deep_threads=1	deep_overlap_pairs=0	pairs=0	spine_progress=0
default	spine-W4	case=spine-32-1	actual_steals=8	observed_threads=4	peak_active_threads=4	deep_threads=1	deep_overlap_pairs=0	pairs=35	spine_progress=7
default	spine-W4	case=spine-32-2	actual_steals=0	observed_threads=1	peak_active_threads=1	deep_threads=1	deep_overlap_pairs=0	pairs=0	spine_progress=0
default	spine-W4	case=spine-32-3	actual_steals=8	observed_threads=2	peak_active_threads=2	deep_threads=1	deep_overlap_pairs=0	pairs=8	spine_progress=0
default	notification-W4	engine=wf	case=notify-0-cheap	PASS	C_mask=0	C_count=0	D_mask=0	D_count=0	pairs=0	spine_progress=0	sources=0	owners=0	d_while_a=0	c_while_d=0
default	notification-W4	engine=wf	case=notify-1-cheap	PASS	C_mask=1	C_count=1	D_mask=0	D_count=0	pairs=0	spine_progress=0	sources=0	owners=0	d_while_a=0	c_while_d=0
default	notification-W4	engine=wf	case=notify-2-cheap	PASS	C_mask=0	C_count=0	D_mask=1	D_count=1	pairs=0	spine_progress=0	sources=0	owners=0	d_while_a=0	c_while_d=0
default	notification-W4	engine=wf	case=notify-3-cheap	PASS	C_mask=1	C_count=1	D_mask=1	D_count=1	pairs=1	spine_progress=0	sources=1	owners=0	d_while_a=0	c_while_d=0
default	notification-W4	engine=wf	case=notify-4-cheap	PASS	C_mask=2	C_count=1	D_mask=0	D_count=0	pairs=0	spine_progress=0	sources=0	owners=0	d_while_a=0	c_while_d=0
default	notification-W4	engine=wf	case=notify-5-cheap	PASS	C_mask=3	C_count=2	D_mask=0	D_count=0	pairs=1	spine_progress=0	sources=0	owners=1	d_while_a=0	c_while_d=1
default	notification-W4	engine=wf	case=notify-6-cheap	PASS	C_mask=2	C_count=1	D_mask=1	D_count=1	pairs=0	spine_progress=0	sources=0	owners=0	d_while_a=0	c_while_d=0
default	notification-W4	engine=wf	case=notify-7-cheap	PASS	C_mask=3	C_count=2	D_mask=1	D_count=1	pairs=1	spine_progress=0	sources=0	owners=1	d_while_a=0	c_while_d=1
default	notification-W4	engine=wf	case=notify-8-cheap	PASS	C_mask=0	C_count=0	D_mask=2	D_count=1	pairs=0	spine_progress=0	sources=0	owners=0	d_while_a=0	c_while_d=0
default	notification-W4	engine=wf	case=notify-9-cheap	PASS	C_mask=1	C_count=1	D_mask=2	D_count=1	pairs=0	spine_progress=0	sources=0	owners=0	d_while_a=0	c_while_d=0
default	notification-W4	engine=wf	case=notify-10-cheap	PASS	C_mask=0	C_count=0	D_mask=3	D_count=2	pairs=0	spine_progress=0	sources=0	owners=0	d_while_a=0	c_while_d=0
default	notification-W4	engine=wf	case=notify-11-cheap	PASS	C_mask=1	C_count=1	D_mask=3	D_count=2	pairs=0	spine_progress=0	sources=0	owners=0	d_while_a=0	c_while_d=0
default	notification-W4	engine=wf	case=notify-12-cheap	PASS	C_mask=2	C_count=1	D_mask=2	D_count=1	pairs=1	spine_progress=0	sources=0	owners=1	d_while_a=0	c_while_d=1
default	notification-W4	engine=wf	case=notify-13-cheap	PASS	C_mask=3	C_count=2	D_mask=2	D_count=1	pairs=1	spine_progress=0	sources=0	owners=1	d_while_a=0	c_while_d=1
default	notification-W4	engine=wf	case=notify-14-cheap	PASS	C_mask=2	C_count=1	D_mask=3	D_count=2	pairs=0	spine_progress=0	sources=0	owners=0	d_while_a=0	c_while_d=0
default	notification-W4	engine=wf	case=notify-15-cheap	PASS	C_mask=3	C_count=2	D_mask=3	D_count=2	pairs=1	spine_progress=0	sources=0	owners=1	d_while_a=0	c_while_d=1
default	notification-W4	engine=wf	case=notify-15-costly	PASS	C_mask=3	C_count=2	D_mask=3	D_count=2	pairs=2	spine_progress=0	sources=1	owners=1	d_while_a=0	c_while_d=1
default	N-pair-W4	engine=wf	case=n-0-0	AB=0	AD=0	CD=0
default	N-pair-W4	engine=wf	case=n-0-1	AB=0	AD=0	CD=0
default	N-pair-W4	engine=wf	case=n-0-2	AB=0	AD=0	CD=0
default	N-pair-W4	engine=wf	case=n-0-3	AB=0	AD=0	CD=0
default	N-pair-W4	engine=wf	case=n-1-0	AB=0	AD=0	CD=0
default	N-pair-W4	engine=wf	case=n-1-1	AB=0	AD=0	CD=0
default	N-pair-W4	engine=wf	case=n-1-2	AB=0	AD=0	CD=0
default	N-pair-W4	engine=wf	case=n-1-3	AB=1	AD=0	CD=0
default	N-pair-W4	engine=wf	case=n-2-0	AB=1	AD=0	CD=0
default	N-pair-W4	engine=wf	case=n-2-1	AB=0	AD=0	CD=0
default	N-pair-W4	engine=wf	case=n-2-2	AB=1	AD=0	CD=0
default	N-pair-W4	engine=wf	case=n-2-3	AB=0	AD=0	CD=0
default	N-pair-W4	engine=wf	case=n-3-0	AB=1	AD=0	CD=0
default	N-pair-W4	engine=wf	case=n-3-1	AB=0	AD=0	CD=0
default	N-pair-W4	engine=wf	case=n-3-2	AB=1	AD=1	CD=0
default	N-pair-W4	engine=wf	case=n-3-3	AB=1	AD=0	CD=0
default	N-pair-W4	engine=wf	case=n-4-0	AB=0	AD=0	CD=0
default	N-pair-W4	engine=wf	case=n-4-1	AB=0	AD=0	CD=0
default	N-pair-W4	engine=wf	case=n-4-2	AB=0	AD=0	CD=0
default	N-pair-W4	engine=wf	case=n-4-3	AB=0	AD=0	CD=1
default	N-pair-W4	engine=wf	case=n-5-0	AB=0	AD=0	CD=0
default	N-pair-W4	engine=wf	case=n-5-1	AB=0	AD=0	CD=0
default	N-pair-W4	engine=wf	case=n-5-2	AB=0	AD=0	CD=0
default	N-pair-W4	engine=wf	case=n-5-3	AB=1	AD=0	CD=1
default	N-pair-W4	engine=wf	case=n-6-0	AB=1	AD=0	CD=0
default	N-pair-W4	engine=wf	case=n-6-1	AB=0	AD=0	CD=0
default	N-pair-W4	engine=wf	case=n-6-2	AB=1	AD=0	CD=0
default	N-pair-W4	engine=wf	case=n-6-3	AB=0	AD=0	CD=1
default	N-pair-W4	engine=wf	case=n-7-0	AB=1	AD=0	CD=0
default	N-pair-W4	engine=wf	case=n-7-1	AB=0	AD=0	CD=0
default	N-pair-W4	engine=wf	case=n-7-2	AB=1	AD=1	CD=0
default	N-pair-W4	engine=wf	case=n-7-3	AB=1	AD=0	CD=1
default	N-pair-W4	engine=wf	case=n-8-0	AB=0	AD=0	CD=1
default	N-pair-W4	engine=wf	case=n-8-1	AB=0	AD=1	CD=1
default	N-pair-W4	engine=wf	case=n-8-2	AB=0	AD=1	CD=0
default	N-pair-W4	engine=wf	case=n-8-3	AB=0	AD=0	CD=0
default	N-pair-W4	engine=wf	case=n-9-0	AB=0	AD=0	CD=1
default	N-pair-W4	engine=wf	case=n-9-1	AB=0	AD=1	CD=0
default	N-pair-W4	engine=wf	case=n-9-2	AB=0	AD=1	CD=0
default	N-pair-W4	engine=wf	case=n-9-3	AB=1	AD=0	CD=0
default	N-pair-W4	engine=wf	case=n-10-0	AB=1	AD=0	CD=1
default	N-pair-W4	engine=wf	case=n-10-1	AB=0	AD=1	CD=1
default	N-pair-W4	engine=wf	case=n-10-2	AB=1	AD=0	CD=0
default	N-pair-W4	engine=wf	case=n-10-3	AB=0	AD=0	CD=0
default	N-pair-W4	engine=wf	case=n-11-0	AB=1	AD=0	CD=0
default	N-pair-W4	engine=wf	case=n-11-1	AB=0	AD=1	CD=0
default	N-pair-W4	engine=wf	case=n-11-2	AB=1	AD=1	CD=0
default	N-pair-W4	engine=wf	case=n-11-3	AB=1	AD=0	CD=0
default	N-pair-W4	engine=wf	case=n-12-0	AB=0	AD=0	CD=1
default	N-pair-W4	engine=wf	case=n-12-1	AB=0	AD=1	CD=1
default	N-pair-W4	engine=wf	case=n-12-2	AB=0	AD=1	CD=0
default	N-pair-W4	engine=wf	case=n-12-3	AB=0	AD=0	CD=1
default	N-pair-W4	engine=wf	case=n-13-0	AB=0	AD=0	CD=1
default	N-pair-W4	engine=wf	case=n-13-1	AB=0	AD=1	CD=0
default	N-pair-W4	engine=wf	case=n-13-2	AB=0	AD=1	CD=0
default	N-pair-W4	engine=wf	case=n-13-3	AB=1	AD=0	CD=1
default	N-pair-W4	engine=wf	case=n-14-0	AB=1	AD=0	CD=1
default	N-pair-W4	engine=wf	case=n-14-1	AB=0	AD=1	CD=1
default	N-pair-W4	engine=wf	case=n-14-2	AB=1	AD=0	CD=0
default	N-pair-W4	engine=wf	case=n-14-3	AB=0	AD=0	CD=1
default	N-pair-W4	engine=wf	case=n-15-0	AB=1	AD=0	CD=1
default	N-pair-W4	engine=wf	case=n-15-1	AB=0	AD=1	CD=0
default	N-pair-W4	engine=wf	case=n-15-2	AB=1	AD=1	CD=0
default	N-pair-W4	engine=wf	case=n-15-3	AB=1	AD=0	CD=1
default	event-witness	engine=wf	spine-32-1	19	1	begin	thread=2	value=ffffffffffffffe7	steps=65536
default	event-witness	engine=wf	spine-32-1	23	18	begin	thread=1	value=ffffffffffffffe7	steps=1
default	event-witness	engine=wf	spine-32-1	24	18	end	thread=1	value=744246106994bf39	steps=0
default	event-witness	engine=wf	spine-32-1	26	1	end	thread=2	value=be4bb84c1dbde977	steps=0
default	event-witness	engine=wf	notify-15-costly	0	1	begin	thread=1	value=ffffffffffffffe7	steps=65536
default	event-witness	engine=wf	notify-15-costly	1	0	begin	thread=4	value=ffffffffffffffe7	steps=65536
default	event-witness	engine=wf	notify-15-costly	2	1	end	thread=1	value=10db33e104638b76	steps=0
default	event-witness	engine=wf	notify-15-costly	3	0	end	thread=4	value=929b63f1ad8f38e0	steps=0
default	event-witness	engine=wf	notify-15-costly	4	3	begin	thread=1	value=ffffffffffffffe7	steps=65536
default	event-witness	engine=wf	notify-15-costly	5	2	begin	thread=3	value=ffffffffffffffe7	steps=65536
default	event-witness	engine=wf	notify-15-costly	6	3	end	thread=1	value=d7a839a4d024b20a	steps=0
default	event-witness	engine=wf	notify-15-costly	7	2	end	thread=3	value=1d2651c8d7453c0a	steps=0
default	raw-log	file=dag-fanin-main-345e-tbb-plain-W1.log	sha256=5016931af8da936152b6c5dad3cb739879e5d1229f491649ee4ffee676645742
default	phase	label=dag-fanin-main-345e-tbb-plain-W1	stage=complete-matrix-execution	command_wall_s=0.06	process_user_s=0.04	process_system_s=0.01	guard_wall_s=0.11	exit=0	benchmark_interval=false
default	matrix	engine=tbb	image=plain	workers=1	PASS	cases=67	task_rows=764	trace=0	events=0	checks=all_values,exactly_once,input_unchanged,canaries,receipts
default	negative-control	engine=tbb	image=plain	workers=1	output-corruption	rejected=task value mismatch at 0
default	raw-log	file=dag-fanin-main-345e-tbb-plain-W4.log	sha256=b8672f99125857720cb3021ebea9edc5b55c987f587640e57cb14cba7904a0c2
default	phase	label=dag-fanin-main-345e-tbb-plain-W4	stage=complete-matrix-execution	command_wall_s=0.05	process_user_s=0.05	process_system_s=0.01	guard_wall_s=0.10	exit=0	benchmark_interval=false
default	matrix	engine=tbb	image=plain	workers=4	PASS	cases=67	task_rows=764	trace=0	events=0	checks=all_values,exactly_once,input_unchanged,canaries,receipts
default	negative-control	engine=tbb	image=plain	workers=4	output-corruption	rejected=task value mismatch at 0
default	raw-log	file=dag-fanin-main-345e-tbb-trace-W1.log	sha256=c77083da566fb085c82939a8c01c095bddda8a5ec84f22e4c9eece7d850113b9
default	phase	label=dag-fanin-main-345e-tbb-trace-W1	stage=complete-matrix-execution	command_wall_s=0.06	process_user_s=0.04	process_system_s=0.01	guard_wall_s=0.10	exit=0	benchmark_interval=false
default	matrix	engine=tbb	image=trace	workers=1	PASS	cases=67	task_rows=764	trace=1	events=1528	checks=all_values,exactly_once,input_unchanged,canaries,receipts,event_ids_inputs_values,exact_events,original_edge_order,stable_thread
default	negative-control	engine=tbb	image=trace	workers=1	output-corruption	rejected=task value mismatch at 0
default	negative-control	engine=tbb	image=trace	workers=1	trace-corruption	rejected=trace event count mismatch
default	raw-log	file=dag-fanin-main-345e-tbb-trace-W4.log	sha256=29532bb7584a51864101f74b7a36ead7b728a402e01839fba0d02fdf214b7329
default	phase	label=dag-fanin-main-345e-tbb-trace-W4	stage=complete-matrix-execution	command_wall_s=0.05	process_user_s=0.05	process_system_s=0.01	guard_wall_s=0.10	exit=0	benchmark_interval=false
default	matrix	engine=tbb	image=trace	workers=4	PASS	cases=67	task_rows=764	trace=1	events=1528	checks=all_values,exactly_once,input_unchanged,canaries,receipts,event_ids_inputs_values,exact_events,original_edge_order,stable_thread
default	negative-control	engine=tbb	image=trace	workers=4	output-corruption	rejected=task value mismatch at 0
default	negative-control	engine=tbb	image=trace	workers=4	trace-corruption	rejected=trace event count mismatch
default	notification-W4	engine=tbb	case=notify-0-cheap	PASS	C_mask=0	C_count=0	D_mask=0	D_count=0	pairs=0	spine_progress=0	sources=0	owners=0	d_while_a=0	c_while_d=0
default	notification-W4	engine=tbb	case=notify-1-cheap	PASS	C_mask=1	C_count=1	D_mask=0	D_count=0	pairs=0	spine_progress=0	sources=0	owners=0	d_while_a=0	c_while_d=0
default	notification-W4	engine=tbb	case=notify-2-cheap	PASS	C_mask=0	C_count=0	D_mask=1	D_count=1	pairs=0	spine_progress=0	sources=0	owners=0	d_while_a=0	c_while_d=0
default	notification-W4	engine=tbb	case=notify-3-cheap	PASS	C_mask=1	C_count=1	D_mask=1	D_count=1	pairs=0	spine_progress=0	sources=0	owners=0	d_while_a=0	c_while_d=0
default	notification-W4	engine=tbb	case=notify-4-cheap	PASS	C_mask=2	C_count=1	D_mask=0	D_count=0	pairs=0	spine_progress=0	sources=0	owners=0	d_while_a=0	c_while_d=0
default	notification-W4	engine=tbb	case=notify-5-cheap	PASS	C_mask=3	C_count=2	D_mask=0	D_count=0	pairs=0	spine_progress=0	sources=0	owners=0	d_while_a=0	c_while_d=0
default	notification-W4	engine=tbb	case=notify-6-cheap	PASS	C_mask=2	C_count=1	D_mask=1	D_count=1	pairs=0	spine_progress=0	sources=0	owners=0	d_while_a=0	c_while_d=0
default	notification-W4	engine=tbb	case=notify-7-cheap	PASS	C_mask=3	C_count=2	D_mask=1	D_count=1	pairs=0	spine_progress=0	sources=0	owners=0	d_while_a=0	c_while_d=0
default	notification-W4	engine=tbb	case=notify-8-cheap	PASS	C_mask=0	C_count=0	D_mask=2	D_count=1	pairs=0	spine_progress=0	sources=0	owners=0	d_while_a=0	c_while_d=0
default	notification-W4	engine=tbb	case=notify-9-cheap	PASS	C_mask=1	C_count=1	D_mask=2	D_count=1	pairs=0	spine_progress=0	sources=0	owners=0	d_while_a=0	c_while_d=0
default	notification-W4	engine=tbb	case=notify-10-cheap	PASS	C_mask=0	C_count=0	D_mask=3	D_count=2	pairs=0	spine_progress=0	sources=0	owners=0	d_while_a=0	c_while_d=0
default	notification-W4	engine=tbb	case=notify-11-cheap	PASS	C_mask=1	C_count=1	D_mask=3	D_count=2	pairs=0	spine_progress=0	sources=0	owners=0	d_while_a=0	c_while_d=0
default	notification-W4	engine=tbb	case=notify-12-cheap	PASS	C_mask=2	C_count=1	D_mask=2	D_count=1	pairs=0	spine_progress=0	sources=0	owners=0	d_while_a=0	c_while_d=0
default	notification-W4	engine=tbb	case=notify-13-cheap	PASS	C_mask=3	C_count=2	D_mask=2	D_count=1	pairs=0	spine_progress=0	sources=0	owners=0	d_while_a=0	c_while_d=0
default	notification-W4	engine=tbb	case=notify-14-cheap	PASS	C_mask=2	C_count=1	D_mask=3	D_count=2	pairs=0	spine_progress=0	sources=0	owners=0	d_while_a=0	c_while_d=0
default	notification-W4	engine=tbb	case=notify-15-cheap	PASS	C_mask=3	C_count=2	D_mask=3	D_count=2	pairs=1	spine_progress=0	sources=1	owners=0	d_while_a=0	c_while_d=0
default	notification-W4	engine=tbb	case=notify-15-costly	PASS	C_mask=3	C_count=2	D_mask=3	D_count=2	pairs=2	spine_progress=0	sources=1	owners=1	d_while_a=0	c_while_d=1
default	N-pair-W4	engine=tbb	case=n-0-0	AB=0	AD=0	CD=0
default	N-pair-W4	engine=tbb	case=n-1-0	AB=0	AD=0	CD=0
default	N-pair-W4	engine=tbb	case=n-2-0	AB=1	AD=0	CD=0
default	N-pair-W4	engine=tbb	case=n-3-0	AB=1	AD=1	CD=0
default	N-pair-W4	engine=tbb	case=n-4-0	AB=0	AD=0	CD=0
default	N-pair-W4	engine=tbb	case=n-5-0	AB=0	AD=0	CD=0
default	N-pair-W4	engine=tbb	case=n-6-0	AB=1	AD=0	CD=0
default	N-pair-W4	engine=tbb	case=n-7-0	AB=1	AD=1	CD=0
default	N-pair-W4	engine=tbb	case=n-8-0	AB=0	AD=1	CD=1
default	N-pair-W4	engine=tbb	case=n-9-0	AB=0	AD=1	CD=0
default	N-pair-W4	engine=tbb	case=n-10-0	AB=1	AD=0	CD=1
default	N-pair-W4	engine=tbb	case=n-11-0	AB=1	AD=1	CD=1
default	N-pair-W4	engine=tbb	case=n-12-0	AB=0	AD=1	CD=1
default	N-pair-W4	engine=tbb	case=n-13-0	AB=0	AD=1	CD=0
default	N-pair-W4	engine=tbb	case=n-14-0	AB=1	AD=0	CD=1
default	N-pair-W4	engine=tbb	case=n-15-0	AB=1	AD=1	CD=1
default	event-witness	engine=tbb	n-15-0	0	1	begin	thread=1	value=ffffffffffffffe7	steps=65536
default	event-witness	engine=tbb	n-15-0	1	0	begin	thread=4	value=ffffffffffffffe7	steps=65536
default	event-witness	engine=tbb	n-15-0	2	1	end	thread=1	value=10db33e104638b76	steps=0
default	event-witness	engine=tbb	n-15-0	3	3	begin	thread=1	value=ffffffffffffffe7	steps=65536
default	event-witness	engine=tbb	n-15-0	4	0	end	thread=4	value=929b63f1ad8f38e0	steps=0
default	event-witness	engine=tbb	n-15-0	5	2	begin	thread=4	value=ffffffffffffffe7	steps=65536
default	event-witness	engine=tbb	n-15-0	6	3	end	thread=1	value=eafacc1555080352	steps=0
default	event-witness	engine=tbb	n-15-0	7	2	end	thread=4	value=1d2651c8d7453c0a	steps=0
frontier-off	emission-flags	--par --par-recursive-frontier off --stack-ledger --par-ledger --emit-llvm
frontier-off	artifact	file=whitefootc	sha256=cbffd4dd1ae8641ef03790457181188988bf70cc4af1a53c50c1f406307bb7f9
frontier-off	artifact	file=dag-fanin.wf	sha256=8824d372ce063c5646d2dbaf84a573cbf7f7ea34d117b79e6e7c4b46dd9e3a52
frontier-off	artifact	file=dag_fanin_host.ll	sha256=2612dcf89e12b4c3505b56aec94f44af443f349b749c9fcb803a30874a17d9c0
frontier-off	artifact	file=dag_fanin_trace.awk	sha256=95740fb87edcd550940cae3951b0b73b000453e9cc6022616135fea169df77bd
frontier-off	artifact	file=dag_fanin_frontier-off.raw.ll	sha256=068af960e06a124fbe12bbdd2602e43a540784e908be0127618288c31d1202f9
frontier-off	artifact	file=dag_fanin_frontier-off.ledger	sha256=3ada5d41fb01ec9d1cd55a4976904a024027534cc1f2b235f3d7260a06e2415d
frontier-off	artifact	file=dag_fanin_frontier-off_plain.ll	sha256=484a3faa1e5b11427ea3224b8b436e0856f47c4afc2bb7b8e9ecdaa088be98b4
frontier-off	artifact	file=dag_fanin_frontier-off_trace.ll	sha256=2a1a32c99035469999e492e09bab39f3ae951a0d64095861cc58d16ae2183389
frontier-off	artifact	file=dag_fanin_probe.cpp	sha256=3ca803c7ed485132c4a96f4ef3bf895dea90098884a8d9b109bdf64461d1cd0a
frontier-off	artifact	file=libtbb.dylib	sha256=61fec48dc42829dc97943d72051ab2ca00786f97d198c412db1042b2b08e3188
frontier-off	artifact	file=metadata.txt	sha256=bb1ed8f84e8d4a817f7a63c93ca22ec529aec47615ff4b38fa6118718e19f470
frontier-off	artifact	file=dag_fanin_frontier-off_probe.o	sha256=5ec86ac4a0e35dbd86138d03ef586efcbdbaa16aa204729007a7118a9b6a41fd
frontier-off	artifact	file=dag_fanin_frontier-off_plain.o	sha256=7f238d7a1d5312a18f0f31178807fcc5233199c01a076a5b476d5232384de045
frontier-off	artifact	file=dag_fanin_frontier-off_trace.o	sha256=2af03a39d61d6fac51cb089d3e3e4ce4ac15f0012a96a3af2b54f05a6dc1cd6b
frontier-off	artifact	file=floor.o	sha256=8342e7ea0b8d6a0817d543e8c05e807c96527393945e95597718ba9a27ce722d
frontier-off	artifact	file=sched_core.o	sha256=0655633c69666fcce21bf67258101aedb49c914fc50a6cc8edbfe22a8315e645
frontier-off	artifact	file=sched_prim_host.o	sha256=c3a5140b8221a57d27a510995ae37c7b33a64ebc87ec9f9286b99ece649bce45
frontier-off	artifact	file=sched_entry.o	sha256=e04734d7a1ddbe9083b47570ca2854963803b88a7197628bed2ca66cb4924d5c
frontier-off	artifact	file=completion_runtime.o	sha256=75cb971977625c9b05adcf74b14989544ccbf61b0a81fe4843ec72226eb36c61
frontier-off	artifact	file=completion_wait_host.o	sha256=d95b24c2367aa6dcf60a9d9e4e36acf79fa502d4ded856f244c6f4afcf28aa10
frontier-off	artifact	file=completion_file_adapter.o	sha256=fb4ee3f397da5bcee9188332d56fb3c854b931b4c1f07b4c8350a9c941891937
frontier-off	artifact	file=completion_file_posix.o	sha256=1d1fe1c3033038fc69cd031e32b5eff6e85571da89176f85e442f52f0fb1b940
frontier-off	artifact	file=completion_bridge.o	sha256=af91032f29dc1b1c22dcf43099d933303ff3b1e4741a93122f987bdbdb70c4ec
frontier-off	artifact	file=completion_linux_io_uring.o	sha256=e389769ac8c9f38af9cd00e5bc5d56d3c180dff5985fb81ddfff63dfa89eb453
frontier-off	artifact	file=ordinary_values_c.o	sha256=685d56fcf6c89bbddf8d1921b44952bb909dd0362715817babbacd64da8898c3
frontier-off	artifact	file=ordinary_values_ll.o	sha256=d578790251750de1a10ef95e1265d028184cc1d18f0c40d78e88c5ee8f1fcd80
frontier-off	artifact	file=dag_fanin_frontier-off_plain	sha256=e7d9af63251453e165d64fa54b71aa9bf05133eea74996c101b8f9abd4502b11
frontier-off	artifact	file=dag_fanin_frontier-off_trace	sha256=f82ed2cd0c10746d9c4bd898f155ca6907aa269f286f9aeb4e960ea94eba80f6
frontier-off	raw-log	file=dag-fanin-main-345e-frontier-off-emit.log	sha256=7362643be5ed704930c94676096a02c6f08b1b4e35c66531b2859a943299f896
frontier-off	phase	label=dag-fanin-main-345e-frontier-off-emit	stage=source-analysis-and-emission	command_wall_s=0.27	process_user_s=0.19	process_system_s=0.05	guard_wall_s=0.32	exit=0	benchmark_interval=false
frontier-off	raw-log	file=dag-fanin-main-345e-frontier-off-native-build.log	sha256=8ee629226d7c321e894dceb9daf1d8fe74bd6152d1d6219bdc13dd3c266e64dd
frontier-off	phase	label=dag-fanin-main-345e-frontier-off-native-build	stage=native-construction	command_wall_s=1.95	process_user_s=1.75	process_system_s=0.48	guard_wall_s=2.03	exit=0	benchmark_interval=false
frontier-off	optimized-bracketing	image_disassembly_sha256=c54bc07e7531cd8377852da31abf28d0f10937b2522e0486ef2ed988f5ac057c	WF=begin return feeds scalar recurrence; recurrence result feeds end	native=not executed by this WF-only control
frontier-off	raw-log	file=dag-fanin-main-345e-frontier-off-wf-plain-W1.log	sha256=10aff2079030d1fad188aca3d63708ec8c7c5f0c680eb7e63b03dacfcb80cc72
frontier-off	phase	label=dag-fanin-main-345e-frontier-off-wf-plain-W1	stage=complete-matrix-execution	command_wall_s=0.54	process_user_s=0.10	process_system_s=0.02	guard_wall_s=0.64	exit=0	benchmark_interval=false
frontier-off	matrix	engine=wf	image=plain	workers=1	PASS	cases=115	task_rows=956	trace=0	events=0	checks=all_values,exactly_once,input_unchanged,canaries,receipts
frontier-off	negative-control	engine=wf	image=plain	workers=1	output-corruption	rejected=task value mismatch at 0
frontier-off	raw-log	file=dag-fanin-main-345e-frontier-off-wf-plain-W4.log	sha256=7212d9f9cc2c93b5cb253eaec05232631e3bb167c4bc541380cc4157ee95341f
frontier-off	phase	label=dag-fanin-main-345e-frontier-off-wf-plain-W4	stage=complete-matrix-execution	command_wall_s=0.08	process_user_s=0.06	process_system_s=0.01	guard_wall_s=0.10	exit=0	benchmark_interval=false
frontier-off	matrix	engine=wf	image=plain	workers=4	PASS	cases=115	task_rows=956	trace=0	events=0	checks=all_values,exactly_once,input_unchanged,canaries,receipts
frontier-off	negative-control	engine=wf	image=plain	workers=4	output-corruption	rejected=task value mismatch at 0
frontier-off	raw-log	file=dag-fanin-main-345e-frontier-off-wf-trace-W1.log	sha256=44befe531547a6315d47aef153b2b4e161ec2aa800bee2b93af82c67f4394fa7
frontier-off	phase	label=dag-fanin-main-345e-frontier-off-wf-trace-W1	stage=complete-matrix-execution	command_wall_s=0.36	process_user_s=0.07	process_system_s=0.01	guard_wall_s=0.45	exit=0	benchmark_interval=false
frontier-off	matrix	engine=wf	image=trace	workers=1	PASS	cases=115	task_rows=956	trace=1	events=1912	checks=all_values,exactly_once,input_unchanged,canaries,receipts,event_ids_inputs_values,exact_events,original_edge_order,stable_thread
frontier-off	negative-control	engine=wf	image=trace	workers=1	output-corruption	rejected=task value mismatch at 0
frontier-off	negative-control	engine=wf	image=trace	workers=1	trace-corruption	rejected=trace event count mismatch
frontier-off	raw-log	file=dag-fanin-main-345e-frontier-off-wf-trace-W4.log	sha256=6cfe16a301781fd18ba8152ae13fb73faf1e0adc0035f5b5c820fb9012d5e747
frontier-off	phase	label=dag-fanin-main-345e-frontier-off-wf-trace-W4	stage=complete-matrix-execution	command_wall_s=0.08	process_user_s=0.06	process_system_s=0.01	guard_wall_s=0.11	exit=0	benchmark_interval=false
frontier-off	matrix	engine=wf	image=trace	workers=4	PASS	cases=115	task_rows=956	trace=1	events=1912	checks=all_values,exactly_once,input_unchanged,canaries,receipts,event_ids_inputs_values,exact_events,original_edge_order,stable_thread
frontier-off	negative-control	engine=wf	image=trace	workers=4	output-corruption	rejected=task value mismatch at 0
frontier-off	negative-control	engine=wf	image=trace	workers=4	trace-corruption	rejected=trace event count mismatch
frontier-off	spine-W4	case=spine-0-0	actual_steals=0	observed_threads=0	peak_active_threads=0	deep_threads=0	deep_overlap_pairs=0	pairs=0	spine_progress=0
frontier-off	spine-W4	case=spine-0-1	actual_steals=0	observed_threads=0	peak_active_threads=0	deep_threads=0	deep_overlap_pairs=0	pairs=0	spine_progress=0
frontier-off	spine-W4	case=spine-1-0	actual_steals=1	observed_threads=2	peak_active_threads=1	deep_threads=0	deep_overlap_pairs=0	pairs=0	spine_progress=0
frontier-off	spine-W4	case=spine-1-1	actual_steals=0	observed_threads=1	peak_active_threads=1	deep_threads=0	deep_overlap_pairs=0	pairs=0	spine_progress=0
frontier-off	spine-W4	case=spine-1-2	actual_steals=0	observed_threads=1	peak_active_threads=1	deep_threads=0	deep_overlap_pairs=0	pairs=0	spine_progress=0
frontier-off	spine-W4	case=spine-1-3	actual_steals=0	observed_threads=1	peak_active_threads=1	deep_threads=0	deep_overlap_pairs=0	pairs=0	spine_progress=0
frontier-off	spine-W4	case=spine-2-0	actual_steals=0	observed_threads=1	peak_active_threads=1	deep_threads=0	deep_overlap_pairs=0	pairs=0	spine_progress=0
frontier-off	spine-W4	case=spine-2-1	actual_steals=1	observed_threads=2	peak_active_threads=2	deep_threads=0	deep_overlap_pairs=0	pairs=1	spine_progress=0
frontier-off	spine-W4	case=spine-2-2	actual_steals=0	observed_threads=1	peak_active_threads=1	deep_threads=0	deep_overlap_pairs=0	pairs=0	spine_progress=0
frontier-off	spine-W4	case=spine-2-3	actual_steals=1	observed_threads=2	peak_active_threads=2	deep_threads=0	deep_overlap_pairs=0	pairs=1	spine_progress=0
frontier-off	spine-W4	case=spine-4-0	actual_steals=0	observed_threads=1	peak_active_threads=1	deep_threads=0	deep_overlap_pairs=0	pairs=0	spine_progress=0
frontier-off	spine-W4	case=spine-4-1	actual_steals=3	observed_threads=4	peak_active_threads=4	deep_threads=0	deep_overlap_pairs=0	pairs=6	spine_progress=0
frontier-off	spine-W4	case=spine-4-2	actual_steals=0	observed_threads=1	peak_active_threads=1	deep_threads=0	deep_overlap_pairs=0	pairs=0	spine_progress=0
frontier-off	spine-W4	case=spine-4-3	actual_steals=3	observed_threads=2	peak_active_threads=2	deep_threads=0	deep_overlap_pairs=0	pairs=3	spine_progress=0
frontier-off	spine-W4	case=spine-7-0	actual_steals=0	observed_threads=1	peak_active_threads=1	deep_threads=0	deep_overlap_pairs=0	pairs=0	spine_progress=0
frontier-off	spine-W4	case=spine-7-1	actual_steals=5	observed_threads=4	peak_active_threads=4	deep_threads=0	deep_overlap_pairs=0	pairs=15	spine_progress=0
frontier-off	spine-W4	case=spine-7-2	actual_steals=0	observed_threads=1	peak_active_threads=1	deep_threads=0	deep_overlap_pairs=0	pairs=0	spine_progress=0
frontier-off	spine-W4	case=spine-7-3	actual_steals=6	observed_threads=2	peak_active_threads=2	deep_threads=0	deep_overlap_pairs=0	pairs=6	spine_progress=0
frontier-off	spine-W4	case=spine-8-0	actual_steals=0	observed_threads=1	peak_active_threads=1	deep_threads=0	deep_overlap_pairs=0	pairs=0	spine_progress=0
frontier-off	spine-W4	case=spine-8-1	actual_steals=6	observed_threads=4	peak_active_threads=4	deep_threads=0	deep_overlap_pairs=0	pairs=18	spine_progress=0
frontier-off	spine-W4	case=spine-8-2	actual_steals=0	observed_threads=1	peak_active_threads=1	deep_threads=0	deep_overlap_pairs=0	pairs=0	spine_progress=0
frontier-off	spine-W4	case=spine-8-3	actual_steals=7	observed_threads=2	peak_active_threads=2	deep_threads=0	deep_overlap_pairs=0	pairs=7	spine_progress=0
frontier-off	spine-W4	case=spine-9-0	actual_steals=0	observed_threads=1	peak_active_threads=1	deep_threads=1	deep_overlap_pairs=0	pairs=0	spine_progress=0
frontier-off	spine-W4	case=spine-9-1	actual_steals=7	observed_threads=4	peak_active_threads=4	deep_threads=1	deep_overlap_pairs=0	pairs=22	spine_progress=2
frontier-off	spine-W4	case=spine-9-2	actual_steals=0	observed_threads=1	peak_active_threads=1	deep_threads=1	deep_overlap_pairs=0	pairs=0	spine_progress=0
frontier-off	spine-W4	case=spine-9-3	actual_steals=8	observed_threads=2	peak_active_threads=2	deep_threads=1	deep_overlap_pairs=0	pairs=8	spine_progress=0
frontier-off	spine-W4	case=spine-16-0	actual_steals=0	observed_threads=1	peak_active_threads=1	deep_threads=1	deep_overlap_pairs=0	pairs=0	spine_progress=0
frontier-off	spine-W4	case=spine-16-1	actual_steals=12	observed_threads=4	peak_active_threads=4	deep_threads=4	deep_overlap_pairs=11	pairs=42	spine_progress=0
frontier-off	spine-W4	case=spine-16-2	actual_steals=0	observed_threads=1	peak_active_threads=1	deep_threads=1	deep_overlap_pairs=0	pairs=0	spine_progress=0
frontier-off	spine-W4	case=spine-16-3	actual_steals=15	observed_threads=2	peak_active_threads=2	deep_threads=2	deep_overlap_pairs=7	pairs=15	spine_progress=0
frontier-off	spine-W4	case=spine-32-0	actual_steals=0	observed_threads=1	peak_active_threads=1	deep_threads=1	deep_overlap_pairs=0	pairs=0	spine_progress=0
frontier-off	spine-W4	case=spine-32-1	actual_steals=24	observed_threads=4	peak_active_threads=4	deep_threads=4	deep_overlap_pairs=57	pairs=89	spine_progress=0
frontier-off	spine-W4	case=spine-32-2	actual_steals=0	observed_threads=1	peak_active_threads=1	deep_threads=1	deep_overlap_pairs=0	pairs=0	spine_progress=0
frontier-off	spine-W4	case=spine-32-3	actual_steals=31	observed_threads=2	peak_active_threads=2	deep_threads=2	deep_overlap_pairs=23	pairs=31	spine_progress=0
frontier-off	notification-W4	engine=wf	case=notify-0-cheap	PASS	C_mask=0	C_count=0	D_mask=0	D_count=0	pairs=0	spine_progress=0	sources=0	owners=0	d_while_a=0	c_while_d=0
frontier-off	notification-W4	engine=wf	case=notify-1-cheap	PASS	C_mask=1	C_count=1	D_mask=0	D_count=0	pairs=0	spine_progress=0	sources=0	owners=0	d_while_a=0	c_while_d=0
frontier-off	notification-W4	engine=wf	case=notify-2-cheap	PASS	C_mask=0	C_count=0	D_mask=1	D_count=1	pairs=0	spine_progress=0	sources=0	owners=0	d_while_a=0	c_while_d=0
frontier-off	notification-W4	engine=wf	case=notify-3-cheap	PASS	C_mask=1	C_count=1	D_mask=1	D_count=1	pairs=0	spine_progress=0	sources=0	owners=0	d_while_a=0	c_while_d=0
frontier-off	notification-W4	engine=wf	case=notify-4-cheap	PASS	C_mask=2	C_count=1	D_mask=0	D_count=0	pairs=0	spine_progress=0	sources=0	owners=0	d_while_a=0	c_while_d=0
frontier-off	notification-W4	engine=wf	case=notify-5-cheap	PASS	C_mask=3	C_count=2	D_mask=0	D_count=0	pairs=0	spine_progress=0	sources=0	owners=0	d_while_a=0	c_while_d=0
frontier-off	notification-W4	engine=wf	case=notify-6-cheap	PASS	C_mask=2	C_count=1	D_mask=1	D_count=1	pairs=0	spine_progress=0	sources=0	owners=0	d_while_a=0	c_while_d=0
frontier-off	notification-W4	engine=wf	case=notify-7-cheap	PASS	C_mask=3	C_count=2	D_mask=1	D_count=1	pairs=0	spine_progress=0	sources=0	owners=0	d_while_a=0	c_while_d=0
frontier-off	notification-W4	engine=wf	case=notify-8-cheap	PASS	C_mask=0	C_count=0	D_mask=2	D_count=1	pairs=2	spine_progress=0	sources=1	owners=1	d_while_a=0	c_while_d=1
frontier-off	notification-W4	engine=wf	case=notify-9-cheap	PASS	C_mask=1	C_count=1	D_mask=2	D_count=1	pairs=1	spine_progress=0	sources=1	owners=0	d_while_a=0	c_while_d=0
frontier-off	notification-W4	engine=wf	case=notify-10-cheap	PASS	C_mask=0	C_count=0	D_mask=3	D_count=2	pairs=0	spine_progress=0	sources=0	owners=0	d_while_a=0	c_while_d=0
frontier-off	notification-W4	engine=wf	case=notify-11-cheap	PASS	C_mask=1	C_count=1	D_mask=3	D_count=2	pairs=1	spine_progress=0	sources=1	owners=0	d_while_a=0	c_while_d=0
frontier-off	notification-W4	engine=wf	case=notify-12-cheap	PASS	C_mask=2	C_count=1	D_mask=2	D_count=1	pairs=0	spine_progress=0	sources=0	owners=0	d_while_a=0	c_while_d=0
frontier-off	notification-W4	engine=wf	case=notify-13-cheap	PASS	C_mask=3	C_count=2	D_mask=2	D_count=1	pairs=0	spine_progress=0	sources=0	owners=0	d_while_a=0	c_while_d=0
frontier-off	notification-W4	engine=wf	case=notify-14-cheap	PASS	C_mask=2	C_count=1	D_mask=3	D_count=2	pairs=1	spine_progress=0	sources=0	owners=1	d_while_a=0	c_while_d=1
frontier-off	notification-W4	engine=wf	case=notify-15-cheap	PASS	C_mask=3	C_count=2	D_mask=3	D_count=2	pairs=0	spine_progress=0	sources=0	owners=0	d_while_a=0	c_while_d=0
frontier-off	notification-W4	engine=wf	case=notify-15-costly	PASS	C_mask=3	C_count=2	D_mask=3	D_count=2	pairs=2	spine_progress=0	sources=1	owners=1	d_while_a=0	c_while_d=1
frontier-off	event-witness	engine=wf	spine-32-1	83	17	begin	thread=3	value=ffffffffffffffe7	steps=65536
frontier-off	event-witness	engine=wf	spine-32-1	87	19	begin	thread=4	value=ffffffffffffffe7	steps=65536
frontier-off	event-witness	engine=wf	spine-32-1	90	17	end	thread=3	value=cdfaca10bed40f62	steps=0
frontier-off	event-witness	engine=wf	spine-32-1	92	19	end	thread=4	value=89762241857f14f0	steps=0
phased	emission-flags	--par --par-ledger --stack-ledger --emit-llvm
phased	artifact	file=whitefootc	sha256=cbffd4dd1ae8641ef03790457181188988bf70cc4af1a53c50c1f406307bb7f9
phased	artifact	file=dag-fanin.wf	sha256=097d4d17b8f4784ea19126393697cfc4ace3af69989129ade015140b167147f1
phased	artifact	file=dag_fanin_host.ll	sha256=0a648587b17ddd969a4f8e50dcefc421eb332b34817325124cc1a86ea606f5a0
phased	artifact	file=dag_fanin_trace.awk	sha256=95740fb87edcd550940cae3951b0b73b000453e9cc6022616135fea169df77bd
phased	artifact	file=dag-fanin-main-345e-phased-emit-2.log	sha256=5d20eafe378aec646eeb61691a41410032c4083da593d5ce7ab94e955e243a89
phased	artifact	file=dag_fanin_phased.raw.ll	sha256=4ffd16b064d6bb0c4d4ff1099625f37e0dfe9fc7e897c74f74edbdd98b625dfa
phased	artifact	file=dag_fanin_phased_plain.ll	sha256=a3602f49e5cc55c022d62d926d5f9b29506a66a24191a5216aa5331d591fec6d
phased	artifact	file=dag_fanin_phased_trace.ll	sha256=62b1e285fb9236efdb26552d4798d342d6087cc404a8e36821f0b0ff9056735e
phased	artifact	file=dag_fanin_probe.cpp	sha256=f27318a3c8c930696f09d175a81f0cd6b2b6e09c4dead0747821b684ba262d01
phased	artifact	file=libtbb.dylib	sha256=61fec48dc42829dc97943d72051ab2ca00786f97d198c412db1042b2b08e3188
phased	artifact	file=metadata.txt	sha256=bb1ed8f84e8d4a817f7a63c93ca22ec529aec47615ff4b38fa6118718e19f470
phased	artifact	file=dag_fanin_phased_probe.o	sha256=7a4215e2cef438c9aa188ff175ec8253a61d0ec6198bcee751845844e5575091
phased	artifact	file=dag_fanin_phased_plain.o	sha256=94e80f89bb70b734295b6372e1ae91b4301ddc84e1f187ef57b94a4993967f42
phased	artifact	file=dag_fanin_phased_trace.o	sha256=dad1644135fce7452818ef199b360b261dfbb495895f33445e21b2d13bebd796
phased	artifact	file=floor.o	sha256=8342e7ea0b8d6a0817d543e8c05e807c96527393945e95597718ba9a27ce722d
phased	artifact	file=sched_core.o	sha256=0655633c69666fcce21bf67258101aedb49c914fc50a6cc8edbfe22a8315e645
phased	artifact	file=sched_prim_host.o	sha256=c3a5140b8221a57d27a510995ae37c7b33a64ebc87ec9f9286b99ece649bce45
phased	artifact	file=sched_entry.o	sha256=e04734d7a1ddbe9083b47570ca2854963803b88a7197628bed2ca66cb4924d5c
phased	artifact	file=completion_runtime.o	sha256=75cb971977625c9b05adcf74b14989544ccbf61b0a81fe4843ec72226eb36c61
phased	artifact	file=completion_wait_host.o	sha256=d95b24c2367aa6dcf60a9d9e4e36acf79fa502d4ded856f244c6f4afcf28aa10
phased	artifact	file=completion_file_adapter.o	sha256=fb4ee3f397da5bcee9188332d56fb3c854b931b4c1f07b4c8350a9c941891937
phased	artifact	file=completion_file_posix.o	sha256=1d1fe1c3033038fc69cd031e32b5eff6e85571da89176f85e442f52f0fb1b940
phased	artifact	file=completion_bridge.o	sha256=af91032f29dc1b1c22dcf43099d933303ff3b1e4741a93122f987bdbdb70c4ec
phased	artifact	file=completion_linux_io_uring.o	sha256=e389769ac8c9f38af9cd00e5bc5d56d3c180dff5985fb81ddfff63dfa89eb453
phased	artifact	file=ordinary_values_c.o	sha256=685d56fcf6c89bbddf8d1921b44952bb909dd0362715817babbacd64da8898c3
phased	artifact	file=ordinary_values_ll.o	sha256=d578790251750de1a10ef95e1265d028184cc1d18f0c40d78e88c5ee8f1fcd80
phased	artifact	file=dag_fanin_phased_plain	sha256=dd5827259eea33d754bd855f4c8714cc3cc316138bb2d863dda7eb6768d98311
phased	artifact	file=dag_fanin_phased_trace	sha256=04d947a2b20690226da0ebec244740e836f62abddaf8410da0beb5a2d1798776
phased	raw-log	file=dag-fanin-main-345e-phased-emit-2.log	sha256=5d20eafe378aec646eeb61691a41410032c4083da593d5ce7ab94e955e243a89
phased	phase	label=dag-fanin-main-345e-phased-emit	stage=source-analysis-and-emission	command_wall_s=0.18	process_user_s=0.15	process_system_s=0.02	guard_wall_s=0.20	exit=0	benchmark_interval=false
phased	raw-log	file=dag-fanin-main-345e-phased-native-build.log	sha256=dc5226da39dd514274459d783de5d9c174eb1cacd7f4c5fd81523f4243e555ad
phased	phase	label=dag-fanin-main-345e-phased-native-build	stage=native-construction	command_wall_s=2.13	process_user_s=1.89	process_system_s=0.52	guard_wall_s=2.23	exit=0	benchmark_interval=false
phased	optimized-bracketing	image_disassembly_sha256=526c9c7bcf76a05f47ee4c3cb43a47ad3a8208c96a963c0c04e4b8a3842d5ced	WF=begin return feeds scalar recurrence; recurrence result feeds end	native=not executed by this WF-only control
phased	raw-log	file=dag-fanin-main-345e-phased-wf-phased-plain-W1.log	sha256=e8b93b571e03c9a0f128beb47ac19ba22de3cfb0d29ff154b91cd6587c745e6f
phased	phase	label=dag-fanin-main-345e-phased-wf-phased-plain-W1	stage=complete-matrix-execution	command_wall_s=0.43	process_user_s=0.05	process_system_s=0.02	guard_wall_s=0.54	exit=0	benchmark_interval=false
phased	matrix	engine=wf-phased	image=plain	workers=1	PASS	cases=34	task_rows=632	trace=0	events=0	checks=all_values,exactly_once,input_unchanged,canaries,receipts
phased	negative-control	engine=wf-phased	image=plain	workers=1	output-corruption	rejected=task value mismatch at 0
phased	raw-log	file=dag-fanin-main-345e-phased-wf-phased-plain-W4.log	sha256=9b6996a9e0e0368aedc43b1f1fa0a43214c73181580e3dba9acc3d59d589c29c
phased	phase	label=dag-fanin-main-345e-phased-wf-phased-plain-W4	stage=complete-matrix-execution	command_wall_s=0.05	process_user_s=0.03	process_system_s=0.01	guard_wall_s=0.11	exit=0	benchmark_interval=false
phased	matrix	engine=wf-phased	image=plain	workers=4	PASS	cases=34	task_rows=632	trace=0	events=0	checks=all_values,exactly_once,input_unchanged,canaries,receipts
phased	negative-control	engine=wf-phased	image=plain	workers=4	output-corruption	rejected=task value mismatch at 0
phased	raw-log	file=dag-fanin-main-345e-phased-wf-phased-trace-W1.log	sha256=909217c2b4aa0cdf91757b3c8a87b3b536a2ab989a1f0fc63fa6661074a01975
phased	phase	label=dag-fanin-main-345e-phased-wf-phased-trace-W1	stage=complete-matrix-execution	command_wall_s=0.33	process_user_s=0.04	process_system_s=0.01	guard_wall_s=0.43	exit=0	benchmark_interval=false
phased	matrix	engine=wf-phased	image=trace	workers=1	PASS	cases=34	task_rows=632	trace=1	events=1264	checks=all_values,exactly_once,input_unchanged,canaries,receipts,event_ids_inputs_values,exact_events,original_edge_order,stable_thread
phased	negative-control	engine=wf-phased	image=trace	workers=1	output-corruption	rejected=task value mismatch at 0
phased	negative-control	engine=wf-phased	image=trace	workers=1	trace-corruption	rejected=trace event count mismatch
phased	raw-log	file=dag-fanin-main-345e-phased-wf-phased-trace-W4.log	sha256=5adc54bb4be8c8389e49849b992df084a4751361568069154ef6adb57d53fe35
phased	phase	label=dag-fanin-main-345e-phased-wf-phased-trace-W4	stage=complete-matrix-execution	command_wall_s=0.05	process_user_s=0.03	process_system_s=0.01	guard_wall_s=0.11	exit=0	benchmark_interval=false
phased	matrix	engine=wf-phased	image=trace	workers=4	PASS	cases=34	task_rows=632	trace=1	events=1264	checks=all_values,exactly_once,input_unchanged,canaries,receipts,event_ids_inputs_values,exact_events,original_edge_order,stable_thread
phased	negative-control	engine=wf-phased	image=trace	workers=4	output-corruption	rejected=task value mismatch at 0
phased	negative-control	engine=wf-phased	image=trace	workers=4	trace-corruption	rejected=trace event count mismatch
phased	spine-W4	case=spine-0-0	actual_steals=0	observed_threads=0	peak_active_threads=0	deep_threads=0	deep_overlap_pairs=0	pairs=0	spine_progress=0
phased	spine-W4	case=spine-0-1	actual_steals=0	observed_threads=0	peak_active_threads=0	deep_threads=0	deep_overlap_pairs=0	pairs=0	spine_progress=0
phased	spine-W4	case=spine-1-0	actual_steals=0	observed_threads=1	peak_active_threads=1	deep_threads=0	deep_overlap_pairs=0	pairs=0	spine_progress=0
phased	spine-W4	case=spine-1-1	actual_steals=0	observed_threads=1	peak_active_threads=1	deep_threads=0	deep_overlap_pairs=0	pairs=0	spine_progress=0
phased	spine-W4	case=spine-1-2	actual_steals=0	observed_threads=1	peak_active_threads=1	deep_threads=0	deep_overlap_pairs=0	pairs=0	spine_progress=0
phased	spine-W4	case=spine-1-3	actual_steals=0	observed_threads=1	peak_active_threads=1	deep_threads=0	deep_overlap_pairs=0	pairs=0	spine_progress=0
phased	spine-W4	case=spine-2-0	actual_steals=0	observed_threads=1	peak_active_threads=1	deep_threads=0	deep_overlap_pairs=0	pairs=0	spine_progress=0
phased	spine-W4	case=spine-2-1	actual_steals=0	observed_threads=1	peak_active_threads=1	deep_threads=0	deep_overlap_pairs=0	pairs=0	spine_progress=0
phased	spine-W4	case=spine-2-2	actual_steals=0	observed_threads=1	peak_active_threads=1	deep_threads=0	deep_overlap_pairs=0	pairs=0	spine_progress=0
phased	spine-W4	case=spine-2-3	actual_steals=0	observed_threads=1	peak_active_threads=1	deep_threads=0	deep_overlap_pairs=0	pairs=0	spine_progress=0
phased	spine-W4	case=spine-4-0	actual_steals=0	observed_threads=1	peak_active_threads=1	deep_threads=0	deep_overlap_pairs=0	pairs=0	spine_progress=0
phased	spine-W4	case=spine-4-1	actual_steals=0	observed_threads=1	peak_active_threads=1	deep_threads=0	deep_overlap_pairs=0	pairs=0	spine_progress=0
phased	spine-W4	case=spine-4-2	actual_steals=0	observed_threads=1	peak_active_threads=1	deep_threads=0	deep_overlap_pairs=0	pairs=0	spine_progress=0
phased	spine-W4	case=spine-4-3	actual_steals=0	observed_threads=1	peak_active_threads=1	deep_threads=0	deep_overlap_pairs=0	pairs=0	spine_progress=0
phased	spine-W4	case=spine-7-0	actual_steals=0	observed_threads=1	peak_active_threads=1	deep_threads=0	deep_overlap_pairs=0	pairs=0	spine_progress=0
phased	spine-W4	case=spine-7-1	actual_steals=0	observed_threads=1	peak_active_threads=1	deep_threads=0	deep_overlap_pairs=0	pairs=0	spine_progress=0
phased	spine-W4	case=spine-7-2	actual_steals=0	observed_threads=1	peak_active_threads=1	deep_threads=0	deep_overlap_pairs=0	pairs=0	spine_progress=0
phased	spine-W4	case=spine-7-3	actual_steals=0	observed_threads=1	peak_active_threads=1	deep_threads=0	deep_overlap_pairs=0	pairs=0	spine_progress=0
phased	spine-W4	case=spine-8-0	actual_steals=0	observed_threads=1	peak_active_threads=1	deep_threads=0	deep_overlap_pairs=0	pairs=0	spine_progress=0
phased	spine-W4	case=spine-8-1	actual_steals=0	observed_threads=1	peak_active_threads=1	deep_threads=0	deep_overlap_pairs=0	pairs=0	spine_progress=0
phased	spine-W4	case=spine-8-2	actual_steals=0	observed_threads=1	peak_active_threads=1	deep_threads=0	deep_overlap_pairs=0	pairs=0	spine_progress=0
phased	spine-W4	case=spine-8-3	actual_steals=0	observed_threads=1	peak_active_threads=1	deep_threads=0	deep_overlap_pairs=0	pairs=0	spine_progress=0
phased	spine-W4	case=spine-9-0	actual_steals=0	observed_threads=1	peak_active_threads=1	deep_threads=1	deep_overlap_pairs=0	pairs=0	spine_progress=0
phased	spine-W4	case=spine-9-1	actual_steals=0	observed_threads=1	peak_active_threads=1	deep_threads=1	deep_overlap_pairs=0	pairs=0	spine_progress=0
phased	spine-W4	case=spine-9-2	actual_steals=0	observed_threads=1	peak_active_threads=1	deep_threads=1	deep_overlap_pairs=0	pairs=0	spine_progress=0
phased	spine-W4	case=spine-9-3	actual_steals=0	observed_threads=1	peak_active_threads=1	deep_threads=1	deep_overlap_pairs=0	pairs=0	spine_progress=0
phased	spine-W4	case=spine-16-0	actual_steals=0	observed_threads=1	peak_active_threads=1	deep_threads=1	deep_overlap_pairs=0	pairs=0	spine_progress=0
phased	spine-W4	case=spine-16-1	actual_steals=0	observed_threads=1	peak_active_threads=1	deep_threads=1	deep_overlap_pairs=0	pairs=0	spine_progress=0
phased	spine-W4	case=spine-16-2	actual_steals=0	observed_threads=1	peak_active_threads=1	deep_threads=1	deep_overlap_pairs=0	pairs=0	spine_progress=0
phased	spine-W4	case=spine-16-3	actual_steals=0	observed_threads=1	peak_active_threads=1	deep_threads=1	deep_overlap_pairs=0	pairs=0	spine_progress=0
phased	spine-W4	case=spine-32-0	actual_steals=0	observed_threads=1	peak_active_threads=1	deep_threads=1	deep_overlap_pairs=0	pairs=0	spine_progress=0
phased	spine-W4	case=spine-32-1	actual_steals=0	observed_threads=1	peak_active_threads=1	deep_threads=1	deep_overlap_pairs=0	pairs=0	spine_progress=0
phased	spine-W4	case=spine-32-2	actual_steals=0	observed_threads=1	peak_active_threads=1	deep_threads=1	deep_overlap_pairs=0	pairs=0	spine_progress=0
phased	spine-W4	case=spine-32-3	actual_steals=0	observed_threads=1	peak_active_threads=1	deep_threads=1	deep_overlap_pairs=0	pairs=0	spine_progress=0
scalar	protocol	criterion_commit=e7d75b5136f4ef547d22537c37acbb88099198c1	compiler=immutable main-345e	emission=--par --par-ledger --stack-ledger --emit-llvm	spine_lengths=0,1,32	uniform_leaf_steps=1,65536	spine_steps=1	repeats_per_configuration=1	additional_grain_controls=none	timing_comparison=none
scalar	input-representation	WF_leaf_cost=one u64 scalar	source_cost_bytes=8	per_task_cost_vector=oracle metadata; not a WF input	task_contract=unchanged	phase_order=all spine recurrences complete before any leaf recurrence
scalar	artifact	file=whitefootc	sha256=cbffd4dd1ae8641ef03790457181188988bf70cc4af1a53c50c1f406307bb7f9
scalar	artifact	file=dag-fanin.wf	sha256=5b66aa892b7da036c24b1aa3e8972ac5e0d1e808c0c419944216803ec3c09152
scalar	artifact	file=dag_fanin_host.ll	sha256=b8533146bcdec50e43fa756c7a50cc4fb5aaf622dcebcbec55cffb0cf68db429
scalar	artifact	file=dag_fanin_trace.awk	sha256=95740fb87edcd550940cae3951b0b73b000453e9cc6022616135fea169df77bd
scalar	artifact	file=dag-fanin-main-345e-scalar-emit.log	sha256=8fd08f4f8478ef48f5186c764c1a2a2164a955f3ef8c7d168263af47e0286e25
scalar	artifact	file=dag_fanin_scalar.raw.ll	sha256=4baa3915c3ed717de2ecf340d738b798a71f9fe88d6d91267e62d51d855d37d7
scalar	artifact	file=dag_fanin_scalar_plain.ll	sha256=86a40b134fb78615109d80743bc460984a2d91cf9275177f0bdc1e3a352d2eea
scalar	artifact	file=dag_fanin_scalar_trace.ll	sha256=fc970e015e33ba58b95d0288fcbf81877adc0da40be030a016d5f7a096bdb7f7
scalar	artifact	file=dag_fanin_probe.cpp	sha256=ba76c63f4cc07dc66cb7b8423a1e1d81d8cbe2086018a21da7b039001fb3a55e
scalar	artifact	file=libtbb.dylib	sha256=61fec48dc42829dc97943d72051ab2ca00786f97d198c412db1042b2b08e3188
scalar	artifact	file=metadata.txt	sha256=bb1ed8f84e8d4a817f7a63c93ca22ec529aec47615ff4b38fa6118718e19f470
scalar	artifact	file=dag_fanin_scalar_probe.o	sha256=d0536976381e3f16be2592f698f7dfcad55b6d18afdd1fbdae4571fbe07230d0
scalar	artifact	file=dag_fanin_scalar_plain.o	sha256=54e05fbdb56a9293e43d05459593a73ac0e3a7c4868f0c503ce4efc9d917e73b
scalar	artifact	file=dag_fanin_scalar_trace.o	sha256=c16f72792a9195ff2db8c62f4dc16a7ba575c3549d74d6847d4b5ac50a340e1b
scalar	artifact	file=floor.o	sha256=8342e7ea0b8d6a0817d543e8c05e807c96527393945e95597718ba9a27ce722d
scalar	artifact	file=sched_core.o	sha256=0655633c69666fcce21bf67258101aedb49c914fc50a6cc8edbfe22a8315e645
scalar	artifact	file=sched_prim_host.o	sha256=c3a5140b8221a57d27a510995ae37c7b33a64ebc87ec9f9286b99ece649bce45
scalar	artifact	file=sched_entry.o	sha256=e04734d7a1ddbe9083b47570ca2854963803b88a7197628bed2ca66cb4924d5c
scalar	artifact	file=completion_runtime.o	sha256=75cb971977625c9b05adcf74b14989544ccbf61b0a81fe4843ec72226eb36c61
scalar	artifact	file=completion_wait_host.o	sha256=d95b24c2367aa6dcf60a9d9e4e36acf79fa502d4ded856f244c6f4afcf28aa10
scalar	artifact	file=completion_file_adapter.o	sha256=fb4ee3f397da5bcee9188332d56fb3c854b931b4c1f07b4c8350a9c941891937
scalar	artifact	file=completion_file_posix.o	sha256=1d1fe1c3033038fc69cd031e32b5eff6e85571da89176f85e442f52f0fb1b940
scalar	artifact	file=completion_bridge.o	sha256=af91032f29dc1b1c22dcf43099d933303ff3b1e4741a93122f987bdbdb70c4ec
scalar	artifact	file=completion_linux_io_uring.o	sha256=e389769ac8c9f38af9cd00e5bc5d56d3c180dff5985fb81ddfff63dfa89eb453
scalar	artifact	file=ordinary_values_c.o	sha256=685d56fcf6c89bbddf8d1921b44952bb909dd0362715817babbacd64da8898c3
scalar	artifact	file=ordinary_values_ll.o	sha256=d578790251750de1a10ef95e1265d028184cc1d18f0c40d78e88c5ee8f1fcd80
scalar	artifact	file=dag_fanin_scalar_plain	sha256=731e6a55d323947a70902b2a8f4142de9474c70f1d580b23b87eaa8cc2793f58
scalar	artifact	file=dag_fanin_scalar_trace	sha256=25d045dbe5d6a8d1ccb80f71b61c9a15038d90f9b7a5f0c7eae535ae3289126b
scalar	raw-log	file=dag-fanin-main-345e-scalar-emit.log	sha256=8fd08f4f8478ef48f5186c764c1a2a2164a955f3ef8c7d168263af47e0286e25
scalar	phase	label=dag-fanin-main-345e-scalar-emit	stage=source-analysis-and-emission	command_wall_s=0.18	process_user_s=0.16	process_system_s=0.01	guard_wall_s=0.22	exit=0	benchmark_interval=false
scalar	raw-log	file=dag-fanin-main-345e-scalar-native-build.log	sha256=c70f494466d4b843e368a2d9f2a720b6b0eea7ee9120f737d5a62ff429ff02d9
scalar	phase	label=dag-fanin-main-345e-scalar-native-build	stage=native-construction	command_wall_s=2.10	process_user_s=1.86	process_system_s=0.47	guard_wall_s=2.17	exit=0	benchmark_interval=false
scalar	optimized-bracketing	image_disassembly_sha256=b4d4274b82248d9a72325439d4513f89a1f74935d14b255098b5a760491871d3	WF=begin return feeds scalar recurrence; recurrence result feeds end	begin_call=0x100003d10	seed_consumed=0x100003d14	end_call=0x100003d64	native=not executed by this WF-only control
scalar	raw-log	file=dag-fanin-main-345e-scalar-wf-scalar-plain-W1.log	sha256=f1d09776a730571d27d9c4778fc806fbbea89f694bd28a4fbc059627abfbdc9c
scalar	phase	label=dag-fanin-main-345e-scalar-wf-scalar-plain-W1	stage=complete-matrix-execution	command_wall_s=0.43	process_user_s=0.02	process_system_s=0.01	guard_wall_s=0.55	exit=0	benchmark_interval=false
scalar	matrix	engine=wf-scalar	image=plain	workers=1	PASS	cases=6	task_rows=132	trace=0	events=0	checks=all_values,exactly_once,output_canaries,oracle_metadata_unchanged
scalar	negative-control	engine=wf-scalar	image=plain	workers=1	output-corruption	rejected=task value mismatch at 0
scalar	raw-log	file=dag-fanin-main-345e-scalar-wf-scalar-plain-W4.log	sha256=ec027c7288d8056de203d86bde8815373e77339f6607277a0e344523ae56e7de
scalar	phase	label=dag-fanin-main-345e-scalar-wf-scalar-plain-W4	stage=complete-matrix-execution	command_wall_s=0.04	process_user_s=0.02	process_system_s=0.01	guard_wall_s=0.11	exit=0	benchmark_interval=false
scalar	matrix	engine=wf-scalar	image=plain	workers=4	PASS	cases=6	task_rows=132	trace=0	events=0	checks=all_values,exactly_once,output_canaries,oracle_metadata_unchanged
scalar	negative-control	engine=wf-scalar	image=plain	workers=4	output-corruption	rejected=task value mismatch at 0
scalar	plain-steals-W4	case=spine-0-0	actual_steals=0
scalar	plain-steals-W4	case=spine-0-1	actual_steals=0
scalar	plain-steals-W4	case=spine-1-0	actual_steals=0
scalar	plain-steals-W4	case=spine-1-1	actual_steals=0
scalar	plain-steals-W4	case=spine-32-0	actual_steals=0
scalar	plain-steals-W4	case=spine-32-1	actual_steals=5
scalar	raw-log	file=dag-fanin-main-345e-scalar-wf-scalar-trace-W1.log	sha256=4b97ade0de285f079a1736683081edff0b3b18c46338eb1cbc008af82b745f36
scalar	phase	label=dag-fanin-main-345e-scalar-wf-scalar-trace-W1	stage=complete-matrix-execution	command_wall_s=0.30	process_user_s=0.02	process_system_s=0.01	guard_wall_s=0.33	exit=0	benchmark_interval=false
scalar	matrix	engine=wf-scalar	image=trace	workers=1	PASS	cases=6	task_rows=132	trace=1	events=264	checks=all_values,exactly_once,output_canaries,oracle_metadata_unchanged,event_ids_inputs_values,exact_events,original_edge_order,stable_thread
scalar	negative-control	engine=wf-scalar	image=trace	workers=1	output-corruption	rejected=task value mismatch at 0
scalar	negative-control	engine=wf-scalar	image=trace	workers=1	trace-corruption	rejected=trace event count mismatch
scalar	phase-order	case=spine-0-0	workers=1	last_spine_end=-1	first_leaf_begin=none	PASS
scalar	phase-order	case=spine-0-1	workers=1	last_spine_end=-1	first_leaf_begin=none	PASS
scalar	phase-order	case=spine-1-0	workers=1	last_spine_end=1	first_leaf_begin=2	PASS
scalar	phase-order	case=spine-1-1	workers=1	last_spine_end=1	first_leaf_begin=2	PASS
scalar	phase-order	case=spine-32-0	workers=1	last_spine_end=63	first_leaf_begin=64	PASS
scalar	phase-order	case=spine-32-1	workers=1	last_spine_end=63	first_leaf_begin=64	PASS
scalar	raw-log	file=dag-fanin-main-345e-scalar-wf-scalar-trace-W4.log	sha256=f1bb36423cac5f7d9051ae90418767443a776194ea5f6bb1df614e31e164a0fb
scalar	phase	label=dag-fanin-main-345e-scalar-wf-scalar-trace-W4	stage=complete-matrix-execution	command_wall_s=0.04	process_user_s=0.02	process_system_s=0.01	guard_wall_s=0.11	exit=0	benchmark_interval=false
scalar	matrix	engine=wf-scalar	image=trace	workers=4	PASS	cases=6	task_rows=132	trace=1	events=264	checks=all_values,exactly_once,output_canaries,oracle_metadata_unchanged,event_ids_inputs_values,exact_events,original_edge_order,stable_thread
scalar	negative-control	engine=wf-scalar	image=trace	workers=4	output-corruption	rejected=task value mismatch at 0
scalar	negative-control	engine=wf-scalar	image=trace	workers=4	trace-corruption	rejected=trace event count mismatch
scalar	phase-order	case=spine-0-0	workers=4	last_spine_end=-1	first_leaf_begin=none	PASS
scalar	input-W4	case=spine-0-0	representation=scalar	leaf_steps=1	source_cost_bytes=8	oracle_cost_bytes=0
scalar	spine-W4	case=spine-0-0	actual_steals=0	observed_threads=0	peak_active_threads=0	deep_threads=0	deep_overlap_pairs=0	pairs=0	spine_progress=0
scalar	phase-order	case=spine-0-1	workers=4	last_spine_end=-1	first_leaf_begin=none	PASS
scalar	input-W4	case=spine-0-1	representation=scalar	leaf_steps=65536	source_cost_bytes=8	oracle_cost_bytes=0
scalar	spine-W4	case=spine-0-1	actual_steals=0	observed_threads=0	peak_active_threads=0	deep_threads=0	deep_overlap_pairs=0	pairs=0	spine_progress=0
scalar	phase-order	case=spine-1-0	workers=4	last_spine_end=1	first_leaf_begin=2	PASS
scalar	input-W4	case=spine-1-0	representation=scalar	leaf_steps=1	source_cost_bytes=8	oracle_cost_bytes=16
scalar	spine-W4	case=spine-1-0	actual_steals=0	observed_threads=1	peak_active_threads=1	deep_threads=0	deep_overlap_pairs=0	pairs=0	spine_progress=0
scalar	phase-order	case=spine-1-1	workers=4	last_spine_end=1	first_leaf_begin=2	PASS
scalar	input-W4	case=spine-1-1	representation=scalar	leaf_steps=65536	source_cost_bytes=8	oracle_cost_bytes=16
scalar	spine-W4	case=spine-1-1	actual_steals=0	observed_threads=1	peak_active_threads=1	deep_threads=0	deep_overlap_pairs=0	pairs=0	spine_progress=0
scalar	phase-order	case=spine-32-0	workers=4	last_spine_end=63	first_leaf_begin=64	PASS
scalar	input-W4	case=spine-32-0	representation=scalar	leaf_steps=1	source_cost_bytes=8	oracle_cost_bytes=512
scalar	spine-W4	case=spine-32-0	actual_steals=0	observed_threads=1	peak_active_threads=1	deep_threads=1	deep_overlap_pairs=0	pairs=0	spine_progress=0
scalar	phase-order	case=spine-32-1	workers=4	last_spine_end=63	first_leaf_begin=64	PASS
scalar	input-W4	case=spine-32-1	representation=scalar	leaf_steps=65536	source_cost_bytes=8	oracle_cost_bytes=512
scalar	spine-W4	case=spine-32-1	actual_steals=3	observed_threads=4	peak_active_threads=4	deep_threads=3	deep_overlap_pairs=45	pairs=87	spine_progress=0
scalar	event-witness	engine=wf-scalar	spine-32-1	119	1	begin	thread=4	value=ffffffffffffffe7	steps=65536
scalar	event-witness	engine=wf-scalar	spine-32-1	121	17	begin	thread=2	value=ffffffffffffffe7	steps=65536
scalar	event-witness	engine=wf-scalar	spine-32-1	125	1	end	thread=4	value=be4bb84c1dbde977	steps=0
scalar	event-witness	engine=wf-scalar	spine-32-1	126	17	end	thread=2	value=cdfaca10bed40f62	steps=0
rolling-main-runtime	protocol	criterion_revision=c5b550472e3abc5e15ecd6e7fd79258f160469c3	source_and_probe=frozen c5b550472 inputs	runtime=unchanged main-345e C	engine=wf	cases_per_configuration=115	rows_per_configuration=956	repeats_per_configuration=1	forced_waits=none	timing_comparison=none
rolling-main-runtime	artifact	role=candidate-compiler	file=whitefootc	sha256=7830fd35330901d6e8e0b16d008eeb7627254ebf2681a285486bc1e6459512e6
rolling-main-runtime	artifact	role=candidate-production-diff	file=production.patch	sha256=989a2c17353448f81f8dd3e2303628f9f4f5500cd1c53b4dc28c281d304b6e2e
rolling-main-runtime	artifact	role=candidate-production-inputs	file=production.sha256	sha256=17be17a2f7f2baff6d0b570fb0c440320499bbf9c67772f3dac1f3752a4ef688
rolling-main-runtime	artifact	role=frozen-input-manifest	file=inputs.sha256	sha256=e11f7aaf562ef41f7d6ba17a75c3f33c459af496afe06169f92af01c6f0382ad
rolling-main-runtime	artifact	role=frozen-source	file=dag-fanin.wf	sha256=5b66aa892b7da036c24b1aa3e8972ac5e0d1e808c0c419944216803ec3c09152
rolling-main-runtime	artifact	role=baseline-C-core	file=core.c	sha256=48f0080fd5c43e9e07691a05936c36e232b76d1bde309b6f53bc912176ac3285
rolling-main-runtime	artifact	role=LLVM	file=dag_fanin_rolling.raw.ll	sha256=b77b1bbbbcdc0d1c83deead1b0909371b70243ab6c3f4a4eba199fe55729af74
rolling-main-runtime	artifact	role=plain-image	file=dag_fanin_rolling_plain	sha256=8461ff21306998b87ead002a6aa437bbbfe622d02b8e28b9a9ac1a8cece36523
rolling-main-runtime	artifact	role=trace-image	file=dag_fanin_rolling_trace	sha256=826b350815e10c67f74b1ccd6f9e80a777c340065d9559ceb05c6863a13c6082
rolling-main-runtime	artifact	role=function-comparison	file=rolling-main-runtime-function-comparison.tsv	sha256=3e2e9843a3680a214e4659a00137e2788eb33a4d440b7e97157c1269bba2219d
rolling-main-runtime	artifact	role=runtime-object-comparison	file=rolling-main-runtime-runtime-object-comparison.tsv	sha256=c99ada120dd9ddb4efb81a5af8060a78783b728bfb5d6b7dd7ebbf92887cbcfe
rolling-main-runtime	artifact	role=linked-observer-disassembly	file=rolling-main-runtime-wf-observer-disassembly.txt	sha256=cac79063bf056f1d57e43eb3df6688ac3d499c05f6616e23439d6ce6dc41500b
rolling-main-runtime	artifact	role=case9-witness	file=rolling-main-runtime-case9-witness.tsv	sha256=1ac76d24d626f8ecd9eb7659563b4f3bebb1a18af8487b47eebbacc3c64c1637
rolling-main-runtime	artifact	role=qualification-manifest	file=rolling-main-runtime-qualification.sha256	sha256=5d80ec3012ca71c2491891ccc907b8ffe6fd517decf34713e62b409d9b9f0358
rolling-main-runtime	emission	flags=--par --stack-ledger --par-ledger --emit-llvm	mode3=offer B(v91);offer A(v94);retire B;offer D(v96);retire A;call C(v97);retire D	task_values_and_original_edges=unchanged	additional_mode3_offer=1
rolling-main-runtime	static-control	sequential_clone_bodies=9	sequential_clone_comparison=byte-identical to same-source main LLVM	dag_notify=byte-identical	dag_spine=byte-identical	phased_entries=byte-identical	shared_recurrence=byte-identical	runtime_objects=all12 byte-identical to prior scalar baseline
rolling-main-runtime	observer	linked_begin_call=0x100003e34	seed_return_used=0x100003e38	recurrence_loop=0x100003e68..0x100003e7c	linked_end_call=0x100003e88	end_receives=final recurrence value	scope=WF recurrence only
rolling-main-runtime	raw-log	file=dag-fanin-rolling-main-runtime-emit.log	sha256=3bdbc0ff47cab930de4fd69a8da8e9e591735d58d8de9993ceb8dea80cd62841
rolling-main-runtime	phase	label=dag-fanin-rolling-main-runtime-emit	stage=source-emission	command_wall_s=0.75	process_user_s=0.25	process_system_s=0.05	guard_wall_s=0.86	exit=0	benchmark_interval=false
rolling-main-runtime	raw-log	file=dag-fanin-rolling-main-runtime-build.log	sha256=65388946b04887c5b8868662c62d4a9b26b20d17530177f7cfacda5d92613db7
rolling-main-runtime	phase	label=dag-fanin-rolling-main-runtime-build	stage=native-construction	command_wall_s=2.02	process_user_s=1.82	process_system_s=0.48	guard_wall_s=2.04	exit=0	benchmark_interval=false
rolling-main-runtime	raw-log	file=dag-fanin-rolling-main-runtime-wf-plain-W1.log	sha256=396e6c23877e9fc2c201c7b36482aad8a0457df9004ae71dd960f78c1c06b2d2
rolling-main-runtime	phase	label=dag-fanin-rolling-main-runtime-wf-plain-W1	stage=complete-matrix-execution	command_wall_s=0.48	process_user_s=0.08	process_system_s=0.02	guard_wall_s=0.54	exit=0	benchmark_interval=false
rolling-main-runtime	matrix	engine=wf	image=plain	workers=1	PASS	cases=115	task_rows=956	trace=0	events=0	checks=all_values,exactly_once,input_costs,output_canaries,notification_receipts
rolling-main-runtime	negative-control	engine=wf	image=plain	workers=1	output-corruption	rejected=task value mismatch at 0
rolling-main-runtime	raw-log	file=dag-fanin-rolling-main-runtime-wf-plain-W4.log	sha256=38246e3244d5084715a34683ea49e54b491dac7092f6f48f327e76b9fe420ed6
rolling-main-runtime	phase	label=dag-fanin-rolling-main-runtime-wf-plain-W4	stage=complete-matrix-execution	command_wall_s=0.08	process_user_s=0.06	process_system_s=0.01	guard_wall_s=0.10	exit=0	benchmark_interval=false
rolling-main-runtime	matrix	engine=wf	image=plain	workers=4	PASS	cases=115	task_rows=956	trace=0	events=0	checks=all_values,exactly_once,input_costs,output_canaries,notification_receipts
rolling-main-runtime	negative-control	engine=wf	image=plain	workers=4	output-corruption	rejected=task value mismatch at 0
rolling-main-runtime	raw-log	file=dag-fanin-rolling-main-runtime-wf-trace-W1.log	sha256=78142f8fc9d3d38240c7f354b9cf997858e622db37910d37ffc7434940d3ee7b
rolling-main-runtime	phase	label=dag-fanin-rolling-main-runtime-wf-trace-W1	stage=complete-matrix-execution	command_wall_s=0.35	process_user_s=0.06	process_system_s=0.01	guard_wall_s=0.42	exit=0	benchmark_interval=false
rolling-main-runtime	matrix	engine=wf	image=trace	workers=1	PASS	cases=115	task_rows=956	trace=1	events=1912	checks=all_values,exactly_once,input_costs,output_canaries,notification_receipts,event_ids_inputs_values,exact_events,original_edge_order,stable_thread
rolling-main-runtime	negative-control	engine=wf	image=trace	workers=1	output-corruption	rejected=task value mismatch at 0
rolling-main-runtime	negative-control	engine=wf	image=trace	workers=1	trace-corruption	rejected=trace event count mismatch
rolling-main-runtime	raw-log	file=dag-fanin-rolling-main-runtime-wf-trace-W4.log	sha256=5b7ba859b6a22b4836cb81ebc1038a43377bfd61d5e868b33ed5e3118677531f
rolling-main-runtime	phase	label=dag-fanin-rolling-main-runtime-wf-trace-W4	stage=complete-matrix-execution	command_wall_s=0.08	process_user_s=0.07	process_system_s=0.02	guard_wall_s=0.11	exit=0	benchmark_interval=false
rolling-main-runtime	matrix	engine=wf	image=trace	workers=4	PASS	cases=115	task_rows=956	trace=1	events=1912	checks=all_values,exactly_once,input_costs,output_canaries,notification_receipts,event_ids_inputs_values,exact_events,original_edge_order,stable_thread
rolling-main-runtime	negative-control	engine=wf	image=trace	workers=4	output-corruption	rejected=task value mismatch at 0
rolling-main-runtime	negative-control	engine=wf	image=trace	workers=4	trace-corruption	rejected=trace event count mismatch
rolling-main-runtime	N-pairs-W4	engine=wf	case=n-0-0	AB=0	AD=0	CD=0	actual_steals=2	observed_threads=2
rolling-main-runtime	N-pairs-W4	engine=wf	case=n-0-1	AB=0	AD=0	CD=0	actual_steals=1	observed_threads=2
rolling-main-runtime	N-pairs-W4	engine=wf	case=n-0-2	AB=0	AD=0	CD=0	actual_steals=1	observed_threads=2
rolling-main-runtime	N-pairs-W4	engine=wf	case=n-0-3	AB=0	AD=0	CD=0	actual_steals=1	observed_threads=2
rolling-main-runtime	N-pairs-W4	engine=wf	case=n-1-0	AB=0	AD=0	CD=0	actual_steals=0	observed_threads=1
rolling-main-runtime	N-pairs-W4	engine=wf	case=n-1-1	AB=0	AD=0	CD=0	actual_steals=0	observed_threads=1
rolling-main-runtime	N-pairs-W4	engine=wf	case=n-1-2	AB=0	AD=0	CD=0	actual_steals=0	observed_threads=1
rolling-main-runtime	N-pairs-W4	engine=wf	case=n-1-3	AB=1	AD=0	CD=0	actual_steals=1	observed_threads=2
rolling-main-runtime	N-pairs-W4	engine=wf	case=n-2-0	AB=1	AD=0	CD=0	actual_steals=1	observed_threads=2
rolling-main-runtime	N-pairs-W4	engine=wf	case=n-2-1	AB=0	AD=0	CD=0	actual_steals=0	observed_threads=1
rolling-main-runtime	N-pairs-W4	engine=wf	case=n-2-2	AB=1	AD=0	CD=0	actual_steals=1	observed_threads=2
rolling-main-runtime	N-pairs-W4	engine=wf	case=n-2-3	AB=0	AD=0	CD=0	actual_steals=0	observed_threads=1
rolling-main-runtime	N-pairs-W4	engine=wf	case=n-3-0	AB=1	AD=0	CD=0	actual_steals=1	observed_threads=2
rolling-main-runtime	N-pairs-W4	engine=wf	case=n-3-1	AB=0	AD=0	CD=0	actual_steals=0	observed_threads=1
rolling-main-runtime	N-pairs-W4	engine=wf	case=n-3-2	AB=1	AD=1	CD=0	actual_steals=1	observed_threads=2
rolling-main-runtime	N-pairs-W4	engine=wf	case=n-3-3	AB=1	AD=0	CD=0	actual_steals=2	observed_threads=2
rolling-main-runtime	N-pairs-W4	engine=wf	case=n-4-0	AB=0	AD=0	CD=0	actual_steals=0	observed_threads=1
rolling-main-runtime	N-pairs-W4	engine=wf	case=n-4-1	AB=0	AD=0	CD=0	actual_steals=0	observed_threads=1
rolling-main-runtime	N-pairs-W4	engine=wf	case=n-4-2	AB=0	AD=0	CD=0	actual_steals=0	observed_threads=1
rolling-main-runtime	N-pairs-W4	engine=wf	case=n-4-3	AB=0	AD=0	CD=0	actual_steals=0	observed_threads=1
rolling-main-runtime	N-pairs-W4	engine=wf	case=n-5-0	AB=0	AD=0	CD=0	actual_steals=0	observed_threads=1
rolling-main-runtime	N-pairs-W4	engine=wf	case=n-5-1	AB=0	AD=0	CD=0	actual_steals=0	observed_threads=1
rolling-main-runtime	N-pairs-W4	engine=wf	case=n-5-2	AB=0	AD=0	CD=0	actual_steals=0	observed_threads=1
rolling-main-runtime	N-pairs-W4	engine=wf	case=n-5-3	AB=1	AD=0	CD=0	actual_steals=1	observed_threads=2
rolling-main-runtime	N-pairs-W4	engine=wf	case=n-6-0	AB=1	AD=0	CD=0	actual_steals=1	observed_threads=2
rolling-main-runtime	N-pairs-W4	engine=wf	case=n-6-1	AB=0	AD=0	CD=0	actual_steals=0	observed_threads=1
rolling-main-runtime	N-pairs-W4	engine=wf	case=n-6-2	AB=1	AD=0	CD=0	actual_steals=1	observed_threads=2
rolling-main-runtime	N-pairs-W4	engine=wf	case=n-6-3	AB=0	AD=0	CD=0	actual_steals=0	observed_threads=1
rolling-main-runtime	N-pairs-W4	engine=wf	case=n-7-0	AB=1	AD=0	CD=1	actual_steals=2	observed_threads=2
rolling-main-runtime	N-pairs-W4	engine=wf	case=n-7-1	AB=0	AD=0	CD=0	actual_steals=0	observed_threads=1
rolling-main-runtime	N-pairs-W4	engine=wf	case=n-7-2	AB=1	AD=1	CD=0	actual_steals=1	observed_threads=2
rolling-main-runtime	N-pairs-W4	engine=wf	case=n-7-3	AB=1	AD=0	CD=0	actual_steals=2	observed_threads=2
rolling-main-runtime	N-pairs-W4	engine=wf	case=n-8-0	AB=0	AD=0	CD=1	actual_steals=1	observed_threads=2
rolling-main-runtime	N-pairs-W4	engine=wf	case=n-8-1	AB=0	AD=1	CD=1	actual_steals=1	observed_threads=2
rolling-main-runtime	N-pairs-W4	engine=wf	case=n-8-2	AB=0	AD=1	CD=0	actual_steals=1	observed_threads=2
rolling-main-runtime	N-pairs-W4	engine=wf	case=n-8-3	AB=0	AD=0	CD=0	actual_steals=0	observed_threads=1
rolling-main-runtime	N-pairs-W4	engine=wf	case=n-9-0	AB=0	AD=0	CD=1	actual_steals=1	observed_threads=2
rolling-main-runtime	N-pairs-W4	engine=wf	case=n-9-1	AB=0	AD=1	CD=0	actual_steals=1	observed_threads=2
rolling-main-runtime	N-pairs-W4	engine=wf	case=n-9-2	AB=0	AD=1	CD=0	actual_steals=1	observed_threads=2
rolling-main-runtime	N-pairs-W4	engine=wf	case=n-9-3	AB=1	AD=0	CD=0	actual_steals=1	observed_threads=2
rolling-main-runtime	N-pairs-W4	engine=wf	case=n-10-0	AB=1	AD=0	CD=1	actual_steals=2	observed_threads=2
rolling-main-runtime	N-pairs-W4	engine=wf	case=n-10-1	AB=0	AD=1	CD=1	actual_steals=1	observed_threads=2
rolling-main-runtime	N-pairs-W4	engine=wf	case=n-10-2	AB=1	AD=0	CD=0	actual_steals=1	observed_threads=2
rolling-main-runtime	N-pairs-W4	engine=wf	case=n-10-3	AB=0	AD=0	CD=0	actual_steals=0	observed_threads=1
rolling-main-runtime	N-pairs-W4	engine=wf	case=n-11-0	AB=1	AD=0	CD=0	actual_steals=2	observed_threads=2
rolling-main-runtime	N-pairs-W4	engine=wf	case=n-11-1	AB=0	AD=1	CD=0	actual_steals=1	observed_threads=2
rolling-main-runtime	N-pairs-W4	engine=wf	case=n-11-2	AB=0	AD=0	CD=0	actual_steals=0	observed_threads=1
rolling-main-runtime	N-pairs-W4	engine=wf	case=n-11-3	AB=0	AD=0	CD=0	actual_steals=0	observed_threads=1
rolling-main-runtime	N-pairs-W4	engine=wf	case=n-12-0	AB=0	AD=0	CD=0	actual_steals=0	observed_threads=1
rolling-main-runtime	N-pairs-W4	engine=wf	case=n-12-1	AB=0	AD=0	CD=0	actual_steals=0	observed_threads=1
rolling-main-runtime	N-pairs-W4	engine=wf	case=n-12-2	AB=0	AD=1	CD=0	actual_steals=1	observed_threads=2
rolling-main-runtime	N-pairs-W4	engine=wf	case=n-12-3	AB=0	AD=0	CD=0	actual_steals=0	observed_threads=1
rolling-main-runtime	N-pairs-W4	engine=wf	case=n-13-0	AB=0	AD=0	CD=1	actual_steals=1	observed_threads=2
rolling-main-runtime	N-pairs-W4	engine=wf	case=n-13-1	AB=0	AD=1	CD=0	actual_steals=1	observed_threads=2
rolling-main-runtime	N-pairs-W4	engine=wf	case=n-13-2	AB=0	AD=1	CD=0	actual_steals=1	observed_threads=2
rolling-main-runtime	N-pairs-W4	engine=wf	case=n-13-3	AB=1	AD=0	CD=0	actual_steals=1	observed_threads=2
rolling-main-runtime	N-pairs-W4	engine=wf	case=n-14-0	AB=1	AD=0	CD=1	actual_steals=2	observed_threads=2
rolling-main-runtime	N-pairs-W4	engine=wf	case=n-14-1	AB=0	AD=1	CD=1	actual_steals=1	observed_threads=2
rolling-main-runtime	N-pairs-W4	engine=wf	case=n-14-2	AB=1	AD=0	CD=0	actual_steals=1	observed_threads=2
rolling-main-runtime	N-pairs-W4	engine=wf	case=n-14-3	AB=0	AD=0	CD=0	actual_steals=0	observed_threads=1
rolling-main-runtime	N-pairs-W4	engine=wf	case=n-15-0	AB=1	AD=0	CD=1	actual_steals=2	observed_threads=2
rolling-main-runtime	N-pairs-W4	engine=wf	case=n-15-1	AB=0	AD=1	CD=0	actual_steals=1	observed_threads=2
rolling-main-runtime	N-pairs-W4	engine=wf	case=n-15-2	AB=1	AD=1	CD=0	actual_steals=1	observed_threads=2
rolling-main-runtime	N-pairs-W4	engine=wf	case=n-15-3	AB=1	AD=0	CD=0	actual_steals=1	observed_threads=2
rolling-main-runtime	criterion	case=n-9-3	required=distinct-thread A/D overlap in traced W4	observed=false	disposition=useful-overlap qualification failed	A=begin0,end3,thread1	D=begin4,end5,thread1	actual_steals_plain_W4=1	actual_steals_trace_W4=1	runtime_benefit=unqualified	rerun=false
rolling-main-runtime	limits	W1_observed_overlap_pairs=0	W4_mode3_weights=16	W4_mode3_AB_cases=7	W4_mode3_AD_cases=0	W4_mode3_CD_cases=0	absence_of_overlap=single schedule observation, not impossibility	subsequent_C_candidate=separate arm
rolling-main-runtime	event-witness	engine=wf	n-9-3	0	0	begin	thread=1	value=ffffffffffffffe7	steps=65536
rolling-main-runtime	event-witness	engine=wf	n-9-3	1	1	begin	thread=3	value=ffffffffffffffe7	steps=1
rolling-main-runtime	event-witness	engine=wf	n-9-3	2	1	end	thread=3	value=1db14b23dd30a222	steps=0
rolling-main-runtime	event-witness	engine=wf	n-9-3	3	0	end	thread=1	value=929b63f1ad8f38e0	steps=0
rolling-main-runtime	event-witness	engine=wf	n-9-3	4	3	begin	thread=1	value=ffffffffffffffe7	steps=65536
rolling-main-runtime	event-witness	engine=wf	n-9-3	5	3	end	thread=1	value=5bf64eff47a0b251	steps=0
rolling-main-runtime	event-witness	engine=wf	n-9-3	6	2	begin	thread=1	value=ffffffffffffffe7	steps=1
rolling-main-runtime	event-witness	engine=wf	n-9-3	7	2	end	thread=1	value=a1be00e2137b2022	steps=0
rolling-done-first-runtime	protocol	criterion_revision=c5b550472e3abc5e15ecd6e7fd79258f160469c3	source_and_probe=frozen c5b550472 inputs	comparison=rolling-main-runtime plus only DONE-before-pop core.c change	engine=wf	cases_per_configuration=115	rows_per_configuration=956	repeats_per_configuration=1	forced_waits=none	timing_comparison=none
rolling-done-first-runtime	artifact	role=candidate-compiler	file=whitefootc	sha256=7830fd35330901d6e8e0b16d008eeb7627254ebf2681a285486bc1e6459512e6
rolling-done-first-runtime	artifact	role=frozen-input-manifest	file=inputs.sha256	sha256=6e5f7b083ae42bde2559a6657a95ced3960b0a5b6bc0f9692c184d3ef62ea766
rolling-done-first-runtime	artifact	role=frozen-source	file=dag-fanin.wf	sha256=5b66aa892b7da036c24b1aa3e8972ac5e0d1e808c0c419944216803ec3c09152
rolling-done-first-runtime	artifact	role=DONE-first-C-core	file=core.c	sha256=79aefbd14afd647ed22ae5806e57785aee23d3f8136fb003507b5f2fa4d6f625
rolling-done-first-runtime	artifact	role=reused-LLVM	file=dag_fanin_rolling-done-first.raw.ll	sha256=b77b1bbbbcdc0d1c83deead1b0909371b70243ab6c3f4a4eba199fe55729af74
rolling-done-first-runtime	artifact	role=plain-image	file=dag_fanin_rolling-done-first_plain	sha256=2d8dc0ee82dcf94e5b623e423eac782eae202de58f7e1087afee0a700095a511
rolling-done-first-runtime	artifact	role=trace-image	file=dag_fanin_rolling-done-first_trace	sha256=42bd8ef26242a192ff9e2c2596a46b310e6e2f01f5098f69bf767c4075e23aa5
rolling-done-first-runtime	artifact	role=native-object-comparison	file=rolling-done-first-object-comparison.tsv	sha256=f703fce635d01463d551ef19bb742f63176bccd9256dfeec406e567ab8c7b81d
rolling-done-first-runtime	artifact	role=linked-observer-disassembly	file=rolling-done-first-wf-observer-disassembly.txt	sha256=cac79063bf056f1d57e43eb3df6688ac3d499c05f6616e23439d6ce6dc41500b
rolling-done-first-runtime	artifact	role=case9-witness	file=rolling-done-first-case9-witness.tsv	sha256=15ef521b18bd0a4ca396c65aa3355aee52831670bb83c1a4846992c8285d2911
rolling-done-first-runtime	artifact	role=qualification-manifest	file=rolling-done-first-qualification.sha256	sha256=adcd00ca68c706705be334ed57a0356e297ecdaf2d365d4a78c2f57d9e011df3
rolling-done-first-runtime	static-control	input_manifest_changes=only core.c among34 inputs	native_objects_changed=only sched_core.o among15 objects	plain_trace_WF_objects=byte-identical to rolling-main-runtime	probe_object=byte-identical	LLVM=exact reused modules, no re-emission	observer_bracketing=linked optimized recurrence verified
rolling-done-first-runtime	raw-log	file=dag-fanin-rolling-done-first-runtime-build.log	sha256=357cb070b44315b8c0489b1f4d4435d2f11fc6b074f442ed18863e552baf7ad0
rolling-done-first-runtime	phase	label=dag-fanin-rolling-done-first-runtime-build	stage=native-construction	command_wall_s=2.02	process_user_s=1.84	process_system_s=0.48	guard_wall_s=2.13	exit=0	benchmark_interval=false
rolling-done-first-runtime	raw-log	file=dag-fanin-rolling-done-first-runtime-wf-plain-W1.log	sha256=94a72b8f0a85375f5bb49880d0c5409e5392ba344f5dd63a2f0b81f4d6e0f47f
rolling-done-first-runtime	phase	label=dag-fanin-rolling-done-first-runtime-wf-plain-W1	stage=complete-matrix-execution	command_wall_s=0.39	process_user_s=0.08	process_system_s=0.02	guard_wall_s=0.42	exit=0	benchmark_interval=false
rolling-done-first-runtime	matrix	engine=wf	image=plain	workers=1	PASS	cases=115	task_rows=956	trace=0	events=0	checks=all_values,exactly_once,input_costs,output_canaries,notification_receipts
rolling-done-first-runtime	negative-control	engine=wf	image=plain	workers=1	output-corruption	rejected=task value mismatch at 0
rolling-done-first-runtime	raw-log	file=dag-fanin-rolling-done-first-runtime-wf-plain-W4.log	sha256=29c2d43770ed6229dcfefac206d40534e684a7d65ca3ec8ac1b1ecb1bc7fa619
rolling-done-first-runtime	phase	label=dag-fanin-rolling-done-first-runtime-wf-plain-W4	stage=complete-matrix-execution	command_wall_s=0.08	process_user_s=0.06	process_system_s=0.02	guard_wall_s=0.11	exit=0	benchmark_interval=false
rolling-done-first-runtime	matrix	engine=wf	image=plain	workers=4	PASS	cases=115	task_rows=956	trace=0	events=0	checks=all_values,exactly_once,input_costs,output_canaries,notification_receipts
rolling-done-first-runtime	negative-control	engine=wf	image=plain	workers=4	output-corruption	rejected=task value mismatch at 0
rolling-done-first-runtime	raw-log	file=dag-fanin-rolling-done-first-runtime-wf-trace-W1.log	sha256=a064bb05a46a88eaf5499a0be30c79e9de8a50549c16d045a56de4caaa429840
rolling-done-first-runtime	phase	label=dag-fanin-rolling-done-first-runtime-wf-trace-W1	stage=complete-matrix-execution	command_wall_s=0.38	process_user_s=0.08	process_system_s=0.01	guard_wall_s=0.44	exit=0	benchmark_interval=false
rolling-done-first-runtime	matrix	engine=wf	image=trace	workers=1	PASS	cases=115	task_rows=956	trace=1	events=1912	checks=all_values,exactly_once,input_costs,output_canaries,notification_receipts,event_ids_inputs_values,exact_events,original_edge_order,stable_thread
rolling-done-first-runtime	negative-control	engine=wf	image=trace	workers=1	output-corruption	rejected=task value mismatch at 0
rolling-done-first-runtime	negative-control	engine=wf	image=trace	workers=1	trace-corruption	rejected=trace event count mismatch
rolling-done-first-runtime	raw-log	file=dag-fanin-rolling-done-first-runtime-wf-trace-W4.log	sha256=fe0c2cce12ec12ec92d1ea5b3eb8a281d872638dd7f82ba9fe156aea9d624999
rolling-done-first-runtime	phase	label=dag-fanin-rolling-done-first-runtime-wf-trace-W4	stage=complete-matrix-execution	command_wall_s=0.08	process_user_s=0.06	process_system_s=0.01	guard_wall_s=0.11	exit=0	benchmark_interval=false
rolling-done-first-runtime	matrix	engine=wf	image=trace	workers=4	PASS	cases=115	task_rows=956	trace=1	events=1912	checks=all_values,exactly_once,input_costs,output_canaries,notification_receipts,event_ids_inputs_values,exact_events,original_edge_order,stable_thread
rolling-done-first-runtime	negative-control	engine=wf	image=trace	workers=4	output-corruption	rejected=task value mismatch at 0
rolling-done-first-runtime	negative-control	engine=wf	image=trace	workers=4	trace-corruption	rejected=trace event count mismatch
rolling-done-first-runtime	N-pairs-W4	engine=wf	case=n-0-0	AB=0	AD=0	CD=0	actual_steals=0	observed_threads=1
rolling-done-first-runtime	N-pairs-W4	engine=wf	case=n-0-1	AB=0	AD=0	CD=0	actual_steals=1	observed_threads=2
rolling-done-first-runtime	N-pairs-W4	engine=wf	case=n-0-2	AB=0	AD=0	CD=0	actual_steals=1	observed_threads=2
rolling-done-first-runtime	N-pairs-W4	engine=wf	case=n-0-3	AB=0	AD=0	CD=0	actual_steals=2	observed_threads=2
rolling-done-first-runtime	N-pairs-W4	engine=wf	case=n-1-0	AB=0	AD=0	CD=0	actual_steals=0	observed_threads=1
rolling-done-first-runtime	N-pairs-W4	engine=wf	case=n-1-1	AB=0	AD=0	CD=0	actual_steals=0	observed_threads=1
rolling-done-first-runtime	N-pairs-W4	engine=wf	case=n-1-2	AB=0	AD=0	CD=0	actual_steals=0	observed_threads=1
rolling-done-first-runtime	N-pairs-W4	engine=wf	case=n-1-3	AB=1	AD=0	CD=0	actual_steals=1	observed_threads=2
rolling-done-first-runtime	N-pairs-W4	engine=wf	case=n-2-0	AB=1	AD=0	CD=0	actual_steals=1	observed_threads=2
rolling-done-first-runtime	N-pairs-W4	engine=wf	case=n-2-1	AB=0	AD=0	CD=0	actual_steals=0	observed_threads=1
rolling-done-first-runtime	N-pairs-W4	engine=wf	case=n-2-2	AB=1	AD=0	CD=0	actual_steals=1	observed_threads=2
rolling-done-first-runtime	N-pairs-W4	engine=wf	case=n-2-3	AB=0	AD=0	CD=0	actual_steals=0	observed_threads=1
rolling-done-first-runtime	N-pairs-W4	engine=wf	case=n-3-0	AB=1	AD=0	CD=0	actual_steals=1	observed_threads=2
rolling-done-first-runtime	N-pairs-W4	engine=wf	case=n-3-1	AB=0	AD=0	CD=0	actual_steals=0	observed_threads=1
rolling-done-first-runtime	N-pairs-W4	engine=wf	case=n-3-2	AB=1	AD=1	CD=0	actual_steals=1	observed_threads=2
rolling-done-first-runtime	N-pairs-W4	engine=wf	case=n-3-3	AB=1	AD=0	CD=0	actual_steals=1	observed_threads=2
rolling-done-first-runtime	N-pairs-W4	engine=wf	case=n-4-0	AB=0	AD=0	CD=0	actual_steals=0	observed_threads=1
rolling-done-first-runtime	N-pairs-W4	engine=wf	case=n-4-1	AB=0	AD=0	CD=0	actual_steals=0	observed_threads=1
rolling-done-first-runtime	N-pairs-W4	engine=wf	case=n-4-2	AB=0	AD=0	CD=0	actual_steals=0	observed_threads=1
rolling-done-first-runtime	N-pairs-W4	engine=wf	case=n-4-3	AB=0	AD=0	CD=1	actual_steals=1	observed_threads=2
rolling-done-first-runtime	N-pairs-W4	engine=wf	case=n-5-0	AB=0	AD=0	CD=0	actual_steals=0	observed_threads=1
rolling-done-first-runtime	N-pairs-W4	engine=wf	case=n-5-1	AB=0	AD=0	CD=0	actual_steals=0	observed_threads=1
rolling-done-first-runtime	N-pairs-W4	engine=wf	case=n-5-2	AB=0	AD=0	CD=0	actual_steals=0	observed_threads=1
rolling-done-first-runtime	N-pairs-W4	engine=wf	case=n-5-3	AB=1	AD=0	CD=1	actual_steals=2	observed_threads=2
rolling-done-first-runtime	N-pairs-W4	engine=wf	case=n-6-0	AB=1	AD=0	CD=0	actual_steals=1	observed_threads=2
rolling-done-first-runtime	N-pairs-W4	engine=wf	case=n-6-1	AB=0	AD=0	CD=0	actual_steals=0	observed_threads=1
rolling-done-first-runtime	N-pairs-W4	engine=wf	case=n-6-2	AB=1	AD=0	CD=0	actual_steals=1	observed_threads=2
rolling-done-first-runtime	N-pairs-W4	engine=wf	case=n-6-3	AB=0	AD=0	CD=1	actual_steals=1	observed_threads=2
rolling-done-first-runtime	N-pairs-W4	engine=wf	case=n-7-0	AB=1	AD=0	CD=0	actual_steals=1	observed_threads=2
rolling-done-first-runtime	N-pairs-W4	engine=wf	case=n-7-1	AB=0	AD=0	CD=0	actual_steals=0	observed_threads=1
rolling-done-first-runtime	N-pairs-W4	engine=wf	case=n-7-2	AB=1	AD=1	CD=0	actual_steals=1	observed_threads=2
rolling-done-first-runtime	N-pairs-W4	engine=wf	case=n-7-3	AB=1	AD=0	CD=0	actual_steals=2	observed_threads=2
rolling-done-first-runtime	N-pairs-W4	engine=wf	case=n-8-0	AB=0	AD=0	CD=1	actual_steals=1	observed_threads=2
rolling-done-first-runtime	N-pairs-W4	engine=wf	case=n-8-1	AB=0	AD=1	CD=1	actual_steals=1	observed_threads=2
rolling-done-first-runtime	N-pairs-W4	engine=wf	case=n-8-2	AB=0	AD=1	CD=0	actual_steals=1	observed_threads=2
rolling-done-first-runtime	N-pairs-W4	engine=wf	case=n-8-3	AB=0	AD=0	CD=0	actual_steals=0	observed_threads=1
rolling-done-first-runtime	N-pairs-W4	engine=wf	case=n-9-0	AB=0	AD=0	CD=1	actual_steals=1	observed_threads=2
rolling-done-first-runtime	N-pairs-W4	engine=wf	case=n-9-1	AB=0	AD=1	CD=0	actual_steals=1	observed_threads=2
rolling-done-first-runtime	N-pairs-W4	engine=wf	case=n-9-2	AB=0	AD=1	CD=0	actual_steals=1	observed_threads=2
rolling-done-first-runtime	N-pairs-W4	engine=wf	case=n-9-3	AB=1	AD=0	CD=0	actual_steals=1	observed_threads=2
rolling-done-first-runtime	N-pairs-W4	engine=wf	case=n-10-0	AB=1	AD=0	CD=1	actual_steals=2	observed_threads=2
rolling-done-first-runtime	N-pairs-W4	engine=wf	case=n-10-1	AB=0	AD=1	CD=1	actual_steals=1	observed_threads=2
rolling-done-first-runtime	N-pairs-W4	engine=wf	case=n-10-2	AB=1	AD=0	CD=0	actual_steals=1	observed_threads=2
rolling-done-first-runtime	N-pairs-W4	engine=wf	case=n-10-3	AB=0	AD=0	CD=0	actual_steals=0	observed_threads=1
rolling-done-first-runtime	N-pairs-W4	engine=wf	case=n-11-0	AB=1	AD=0	CD=1	actual_steals=2	observed_threads=3
rolling-done-first-runtime	N-pairs-W4	engine=wf	case=n-11-1	AB=0	AD=1	CD=0	actual_steals=1	observed_threads=2
rolling-done-first-runtime	N-pairs-W4	engine=wf	case=n-11-2	AB=1	AD=1	CD=0	actual_steals=1	observed_threads=2
rolling-done-first-runtime	N-pairs-W4	engine=wf	case=n-11-3	AB=1	AD=0	CD=1	actual_steals=2	observed_threads=2
rolling-done-first-runtime	N-pairs-W4	engine=wf	case=n-12-0	AB=0	AD=0	CD=1	actual_steals=1	observed_threads=2
rolling-done-first-runtime	N-pairs-W4	engine=wf	case=n-12-1	AB=0	AD=1	CD=1	actual_steals=1	observed_threads=2
rolling-done-first-runtime	N-pairs-W4	engine=wf	case=n-12-2	AB=0	AD=1	CD=0	actual_steals=1	observed_threads=2
rolling-done-first-runtime	N-pairs-W4	engine=wf	case=n-12-3	AB=0	AD=0	CD=1	actual_steals=1	observed_threads=2
rolling-done-first-runtime	N-pairs-W4	engine=wf	case=n-13-0	AB=0	AD=0	CD=1	actual_steals=1	observed_threads=2
rolling-done-first-runtime	N-pairs-W4	engine=wf	case=n-13-1	AB=0	AD=1	CD=0	actual_steals=1	observed_threads=2
rolling-done-first-runtime	N-pairs-W4	engine=wf	case=n-13-2	AB=0	AD=1	CD=0	actual_steals=1	observed_threads=2
rolling-done-first-runtime	N-pairs-W4	engine=wf	case=n-13-3	AB=1	AD=0	CD=1	actual_steals=2	observed_threads=2
rolling-done-first-runtime	N-pairs-W4	engine=wf	case=n-14-0	AB=1	AD=0	CD=1	actual_steals=2	observed_threads=2
rolling-done-first-runtime	N-pairs-W4	engine=wf	case=n-14-1	AB=0	AD=1	CD=1	actual_steals=1	observed_threads=2
rolling-done-first-runtime	N-pairs-W4	engine=wf	case=n-14-2	AB=1	AD=0	CD=0	actual_steals=1	observed_threads=2
rolling-done-first-runtime	N-pairs-W4	engine=wf	case=n-14-3	AB=0	AD=0	CD=1	actual_steals=1	observed_threads=2
rolling-done-first-runtime	N-pairs-W4	engine=wf	case=n-15-0	AB=1	AD=0	CD=1	actual_steals=2	observed_threads=3
rolling-done-first-runtime	N-pairs-W4	engine=wf	case=n-15-1	AB=0	AD=1	CD=0	actual_steals=1	observed_threads=2
rolling-done-first-runtime	N-pairs-W4	engine=wf	case=n-15-2	AB=1	AD=1	CD=0	actual_steals=1	observed_threads=2
rolling-done-first-runtime	N-pairs-W4	engine=wf	case=n-15-3	AB=1	AD=0	CD=1	actual_steals=2	observed_threads=3
rolling-done-first-runtime	criterion	case=n-9-3	required=distinct-thread A/D overlap in traced W4	observed=false	disposition=useful-overlap qualification failed	A=begin0,end3,thread1	D=begin6,end7,thread1	actual_steals_plain_W4=1	actual_steals_trace_W4=1	runtime_benefit=unqualified	rerun=false
rolling-done-first-runtime	limits	W4_mode3_weights=16	W4_mode3_AB_cases=8	W4_mode3_AD_cases=0	W4_mode3_CD_cases=8	compiler_only_mode3_CD_cases=0	absence_of_overlap=single schedule observation, not impossibility	timing_benefit=not measured
rolling-done-first-runtime	event-witness	engine=wf	n-9-3	0	0	begin	thread=1	value=ffffffffffffffe7	steps=65536
rolling-done-first-runtime	event-witness	engine=wf	n-9-3	1	1	begin	thread=3	value=ffffffffffffffe7	steps=1
rolling-done-first-runtime	event-witness	engine=wf	n-9-3	2	1	end	thread=3	value=1db14b23dd30a222	steps=0
rolling-done-first-runtime	event-witness	engine=wf	n-9-3	3	0	end	thread=1	value=929b63f1ad8f38e0	steps=0
rolling-done-first-runtime	event-witness	engine=wf	n-9-3	4	2	begin	thread=1	value=ffffffffffffffe7	steps=1
rolling-done-first-runtime	event-witness	engine=wf	n-9-3	5	2	end	thread=1	value=a1be00e2137b2022	steps=0
rolling-done-first-runtime	event-witness	engine=wf	n-9-3	6	3	begin	thread=1	value=ffffffffffffffe7	steps=65536
rolling-done-first-runtime	event-witness	engine=wf	n-9-3	7	3	end	thread=1	value=5bf64eff47a0b251	steps=0
tail-first-done-first-runtime	protocol	criterion_commit=808057cd4	source_and_probe=frozen c5b550472 inputs	comparison=rolling-done-first-runtime plus only tail-first compiler	runtime=DONE-before-pop C	engine=wf	cases_per_configuration=115	rows_per_configuration=956	repeats_per_configuration=1	forced_waits=none	timing_comparison=none
tail-first-done-first-runtime	artifact	role=candidate-compiler	file=whitefootc	sha256=6f61f0e27f8e162c50f1cb7c0391f6b4a2ac77c78806f79741134599f6a1bd58
tail-first-done-first-runtime	artifact	role=candidate-production-diff	file=production.patch	sha256=120cd57d3244bb513cfebf6345b9725cc5a97626ed1476cf2a59099c5d6c0af7
tail-first-done-first-runtime	artifact	role=candidate-production-inputs	file=production.sha256	sha256=8745e25e35087deac5e6e73d14417243f8447ffba05d5dba8095fa910967c431
tail-first-done-first-runtime	artifact	role=frozen-input-manifest	file=inputs.sha256	sha256=6e5f7b083ae42bde2559a6657a95ced3960b0a5b6bc0f9692c184d3ef62ea766
tail-first-done-first-runtime	artifact	role=frozen-source	file=dag-fanin.wf	sha256=5b66aa892b7da036c24b1aa3e8972ac5e0d1e808c0c419944216803ec3c09152
tail-first-done-first-runtime	artifact	role=DONE-first-C-core	file=core.c	sha256=79aefbd14afd647ed22ae5806e57785aee23d3f8136fb003507b5f2fa4d6f625
tail-first-done-first-runtime	artifact	role=LLVM	file=dag_fanin_tail-first.raw.ll	sha256=7bd6e6469cd5d93c5821add8a6c4f4009298d81d39f30ffb9b1e00ac0e52bf85
tail-first-done-first-runtime	artifact	role=plain-image	file=dag_fanin_tail-first_plain	sha256=8157f7e84e08a73746d6a68de8a3eff78f5c2565ab55585310890e1ffbcec441
tail-first-done-first-runtime	artifact	role=trace-image	file=dag_fanin_tail-first_trace	sha256=7f6de6f858d844a276f92027389af87bd165a368b9b57bed4704d220f65a7e6f
tail-first-done-first-runtime	artifact	role=function-comparison	file=tail-first-function-comparison.tsv	sha256=076c5fe85d4a9c9227a6b0c3876b825b5423ef2036cb55ec8378b129faf150e9
tail-first-done-first-runtime	artifact	role=runtime-object-comparison	file=tail-first-runtime-object-comparison.tsv	sha256=151c4a34c711c9ae20c4b697a91999a0edb69317d436dafd302e21cac4c35551
tail-first-done-first-runtime	artifact	role=mode3-LLVM	file=tail-first-mode3-LLVM.txt	sha256=ba305f9e1884bbd22527f7e98144c4356b737bfe719cc61db34e57efaad362d2
tail-first-done-first-runtime	artifact	role=linked-observer-disassembly	file=tail-first-wf-observer-disassembly.txt	sha256=cac79063bf056f1d57e43eb3df6688ac3d499c05f6616e23439d6ce6dc41500b
tail-first-done-first-runtime	artifact	role=case9-witness	file=tail-first-case9-witness.tsv	sha256=e60e32d238e9670d684b16def8e056519868a32d7deeb1dbea01ad6b99f39adc
tail-first-done-first-runtime	artifact	role=qualification-manifest	file=tail-first-qualification.sha256	sha256=33931606400216c3972fadfe9f82e43ca2242e70859677cde9d19f4387d06b20
tail-first-done-first-runtime	emission	flags=--par --stack-ledger --par-ledger --emit-llvm	mode3=prepare B/A operands;offer A(v94);offer B(v91);retire B;offer D(v96);retire A;call C(v97);retire D	acquisition=at publication	task_values_and_original_edges=unchanged
tail-first-done-first-runtime	static-control	vs_prior_rolling=every function except wf_dag_n byte-identical	vs_main=all9 sequential clone bodies byte-identical	unbridged_notify_and_spine=byte-identical to main	runtime_objects=all12 byte-identical to DONE-first arm	probe_object=byte-identical	observer_bracketing=linked optimized recurrence verified
tail-first-done-first-runtime	raw-log	file=dag-fanin-tail-first-done-first-runtime-emit.log	sha256=b9cd0f8bc17d8a650b85e6fd8ed55b44c2ed733dc0eea5d765e31cd7092cfc3e
tail-first-done-first-runtime	phase	label=dag-fanin-tail-first-done-first-runtime-emit	stage=source-emission	command_wall_s=0.83	process_user_s=0.24	process_system_s=0.05	guard_wall_s=0.87	exit=0	benchmark_interval=false
tail-first-done-first-runtime	raw-log	file=dag-fanin-tail-first-done-first-runtime-build.log	sha256=b44be5fee6a874cbc5df68fa41c37376a4e0d5942838efbe048ee20384a15994
tail-first-done-first-runtime	phase	label=dag-fanin-tail-first-done-first-runtime-build	stage=native-construction	command_wall_s=2.03	process_user_s=1.83	process_system_s=0.48	guard_wall_s=2.11	exit=0	benchmark_interval=false
tail-first-done-first-runtime	raw-log	file=dag-fanin-tail-first-done-first-runtime-wf-plain-W1.log	sha256=a00dc978739eda5a1df1b44ab3ab4b7e5e9a392b954a80633c542303a5cc7e28
tail-first-done-first-runtime	phase	label=dag-fanin-tail-first-done-first-runtime-wf-plain-W1	stage=complete-matrix-execution	command_wall_s=0.48	process_user_s=0.08	process_system_s=0.02	guard_wall_s=0.55	exit=0	benchmark_interval=false
tail-first-done-first-runtime	matrix	engine=wf	image=plain	workers=1	PASS	cases=115	task_rows=956	trace=0	events=0	checks=all_values,exactly_once,input_costs,output_canaries,notification_receipts
tail-first-done-first-runtime	negative-control	engine=wf	image=plain	workers=1	output-corruption	rejected=task value mismatch at 0
tail-first-done-first-runtime	raw-log	file=dag-fanin-tail-first-done-first-runtime-wf-plain-W4.log	sha256=4b7ea792debeed63a8c49f3d5b2ec9dcc31cf332c626b23995fbbbcd283dfb39
tail-first-done-first-runtime	phase	label=dag-fanin-tail-first-done-first-runtime-wf-plain-W4	stage=complete-matrix-execution	command_wall_s=0.08	process_user_s=0.06	process_system_s=0.01	guard_wall_s=0.11	exit=0	benchmark_interval=false
tail-first-done-first-runtime	matrix	engine=wf	image=plain	workers=4	PASS	cases=115	task_rows=956	trace=0	events=0	checks=all_values,exactly_once,input_costs,output_canaries,notification_receipts
tail-first-done-first-runtime	negative-control	engine=wf	image=plain	workers=4	output-corruption	rejected=task value mismatch at 0
tail-first-done-first-runtime	raw-log	file=dag-fanin-tail-first-done-first-runtime-wf-trace-W1.log	sha256=612353ddf4ec610ec2625a7ea3119789c578b297005bcb4562a1bc8283d379c0
tail-first-done-first-runtime	phase	label=dag-fanin-tail-first-done-first-runtime-wf-trace-W1	stage=complete-matrix-execution	command_wall_s=0.38	process_user_s=0.08	process_system_s=0.01	guard_wall_s=0.42	exit=0	benchmark_interval=false
tail-first-done-first-runtime	matrix	engine=wf	image=trace	workers=1	PASS	cases=115	task_rows=956	trace=1	events=1912	checks=all_values,exactly_once,input_costs,output_canaries,notification_receipts,event_ids_inputs_values,exact_events,original_edge_order,stable_thread
tail-first-done-first-runtime	negative-control	engine=wf	image=trace	workers=1	output-corruption	rejected=task value mismatch at 0
tail-first-done-first-runtime	negative-control	engine=wf	image=trace	workers=1	trace-corruption	rejected=trace event count mismatch
tail-first-done-first-runtime	raw-log	file=dag-fanin-tail-first-done-first-runtime-wf-trace-W4.log	sha256=a0b81ceba568a282c2cb91a453f53ae096217a842645496d3aafafdb8157bfb4
tail-first-done-first-runtime	phase	label=dag-fanin-tail-first-done-first-runtime-wf-trace-W4	stage=complete-matrix-execution	command_wall_s=0.07	process_user_s=0.06	process_system_s=0.01	guard_wall_s=0.11	exit=0	benchmark_interval=false
tail-first-done-first-runtime	matrix	engine=wf	image=trace	workers=4	PASS	cases=115	task_rows=956	trace=1	events=1912	checks=all_values,exactly_once,input_costs,output_canaries,notification_receipts,event_ids_inputs_values,exact_events,original_edge_order,stable_thread
tail-first-done-first-runtime	negative-control	engine=wf	image=trace	workers=4	output-corruption	rejected=task value mismatch at 0
tail-first-done-first-runtime	negative-control	engine=wf	image=trace	workers=4	trace-corruption	rejected=trace event count mismatch
tail-first-done-first-runtime	N-pairs-W4	engine=wf	case=n-0-0	AB=0	AD=0	CD=0	actual_steals=0	observed_threads=1
tail-first-done-first-runtime	N-pairs-W4	engine=wf	case=n-0-1	AB=0	AD=0	CD=0	actual_steals=1	observed_threads=2
tail-first-done-first-runtime	N-pairs-W4	engine=wf	case=n-0-2	AB=0	AD=1	CD=0	actual_steals=1	observed_threads=2
tail-first-done-first-runtime	N-pairs-W4	engine=wf	case=n-0-3	AB=1	AD=0	CD=0	actual_steals=2	observed_threads=2
tail-first-done-first-runtime	N-pairs-W4	engine=wf	case=n-1-0	AB=0	AD=0	CD=0	actual_steals=0	observed_threads=1
tail-first-done-first-runtime	N-pairs-W4	engine=wf	case=n-1-1	AB=0	AD=0	CD=0	actual_steals=0	observed_threads=1
tail-first-done-first-runtime	N-pairs-W4	engine=wf	case=n-1-2	AB=0	AD=0	CD=0	actual_steals=0	observed_threads=1
tail-first-done-first-runtime	N-pairs-W4	engine=wf	case=n-1-3	AB=0	AD=0	CD=0	actual_steals=0	observed_threads=1
tail-first-done-first-runtime	N-pairs-W4	engine=wf	case=n-2-0	AB=1	AD=0	CD=0	actual_steals=1	observed_threads=2
tail-first-done-first-runtime	N-pairs-W4	engine=wf	case=n-2-1	AB=0	AD=0	CD=0	actual_steals=0	observed_threads=1
tail-first-done-first-runtime	N-pairs-W4	engine=wf	case=n-2-2	AB=1	AD=0	CD=0	actual_steals=1	observed_threads=2
tail-first-done-first-runtime	N-pairs-W4	engine=wf	case=n-2-3	AB=1	AD=0	CD=0	actual_steals=1	observed_threads=2
tail-first-done-first-runtime	N-pairs-W4	engine=wf	case=n-3-0	AB=1	AD=0	CD=0	actual_steals=1	observed_threads=2
tail-first-done-first-runtime	N-pairs-W4	engine=wf	case=n-3-1	AB=0	AD=0	CD=0	actual_steals=0	observed_threads=1
tail-first-done-first-runtime	N-pairs-W4	engine=wf	case=n-3-2	AB=1	AD=1	CD=0	actual_steals=1	observed_threads=2
tail-first-done-first-runtime	N-pairs-W4	engine=wf	case=n-3-3	AB=1	AD=1	CD=0	actual_steals=1	observed_threads=2
tail-first-done-first-runtime	N-pairs-W4	engine=wf	case=n-4-0	AB=0	AD=0	CD=0	actual_steals=0	observed_threads=1
tail-first-done-first-runtime	N-pairs-W4	engine=wf	case=n-4-1	AB=0	AD=0	CD=0	actual_steals=0	observed_threads=1
tail-first-done-first-runtime	N-pairs-W4	engine=wf	case=n-4-2	AB=0	AD=0	CD=0	actual_steals=0	observed_threads=1
tail-first-done-first-runtime	N-pairs-W4	engine=wf	case=n-4-3	AB=0	AD=0	CD=0	actual_steals=0	observed_threads=1
tail-first-done-first-runtime	N-pairs-W4	engine=wf	case=n-5-0	AB=0	AD=0	CD=0	actual_steals=0	observed_threads=1
tail-first-done-first-runtime	N-pairs-W4	engine=wf	case=n-5-1	AB=0	AD=0	CD=0	actual_steals=0	observed_threads=1
tail-first-done-first-runtime	N-pairs-W4	engine=wf	case=n-5-2	AB=0	AD=0	CD=0	actual_steals=0	observed_threads=1
tail-first-done-first-runtime	N-pairs-W4	engine=wf	case=n-5-3	AB=0	AD=0	CD=0	actual_steals=0	observed_threads=1
tail-first-done-first-runtime	N-pairs-W4	engine=wf	case=n-6-0	AB=1	AD=0	CD=0	actual_steals=1	observed_threads=2
tail-first-done-first-runtime	N-pairs-W4	engine=wf	case=n-6-1	AB=0	AD=0	CD=0	actual_steals=0	observed_threads=1
tail-first-done-first-runtime	N-pairs-W4	engine=wf	case=n-6-2	AB=1	AD=0	CD=0	actual_steals=1	observed_threads=2
tail-first-done-first-runtime	N-pairs-W4	engine=wf	case=n-6-3	AB=1	AD=0	CD=1	actual_steals=2	observed_threads=2
tail-first-done-first-runtime	N-pairs-W4	engine=wf	case=n-7-0	AB=1	AD=0	CD=1	actual_steals=2	observed_threads=2
tail-first-done-first-runtime	N-pairs-W4	engine=wf	case=n-7-1	AB=0	AD=0	CD=0	actual_steals=0	observed_threads=1
tail-first-done-first-runtime	N-pairs-W4	engine=wf	case=n-7-2	AB=1	AD=1	CD=0	actual_steals=1	observed_threads=2
tail-first-done-first-runtime	N-pairs-W4	engine=wf	case=n-7-3	AB=1	AD=1	CD=0	actual_steals=1	observed_threads=2
tail-first-done-first-runtime	N-pairs-W4	engine=wf	case=n-8-0	AB=0	AD=0	CD=1	actual_steals=1	observed_threads=2
tail-first-done-first-runtime	N-pairs-W4	engine=wf	case=n-8-1	AB=0	AD=1	CD=1	actual_steals=1	observed_threads=2
tail-first-done-first-runtime	N-pairs-W4	engine=wf	case=n-8-2	AB=0	AD=1	CD=0	actual_steals=1	observed_threads=2
tail-first-done-first-runtime	N-pairs-W4	engine=wf	case=n-8-3	AB=0	AD=1	CD=0	actual_steals=1	observed_threads=2
tail-first-done-first-runtime	N-pairs-W4	engine=wf	case=n-9-0	AB=0	AD=0	CD=1	actual_steals=1	observed_threads=2
tail-first-done-first-runtime	N-pairs-W4	engine=wf	case=n-9-1	AB=0	AD=1	CD=0	actual_steals=1	observed_threads=2
tail-first-done-first-runtime	N-pairs-W4	engine=wf	case=n-9-2	AB=0	AD=1	CD=0	actual_steals=1	observed_threads=2
tail-first-done-first-runtime	N-pairs-W4	engine=wf	case=n-9-3	AB=0	AD=1	CD=0	actual_steals=1	observed_threads=2
tail-first-done-first-runtime	N-pairs-W4	engine=wf	case=n-10-0	AB=1	AD=0	CD=1	actual_steals=2	observed_threads=2
tail-first-done-first-runtime	N-pairs-W4	engine=wf	case=n-10-1	AB=0	AD=1	CD=1	actual_steals=1	observed_threads=2
tail-first-done-first-runtime	N-pairs-W4	engine=wf	case=n-10-2	AB=1	AD=0	CD=0	actual_steals=1	observed_threads=2
tail-first-done-first-runtime	N-pairs-W4	engine=wf	case=n-10-3	AB=1	AD=0	CD=0	actual_steals=1	observed_threads=2
tail-first-done-first-runtime	N-pairs-W4	engine=wf	case=n-11-0	AB=1	AD=0	CD=1	actual_steals=2	observed_threads=3
tail-first-done-first-runtime	N-pairs-W4	engine=wf	case=n-11-1	AB=0	AD=1	CD=0	actual_steals=1	observed_threads=2
tail-first-done-first-runtime	N-pairs-W4	engine=wf	case=n-11-2	AB=1	AD=1	CD=0	actual_steals=1	observed_threads=2
tail-first-done-first-runtime	N-pairs-W4	engine=wf	case=n-11-3	AB=1	AD=1	CD=0	actual_steals=1	observed_threads=2
tail-first-done-first-runtime	N-pairs-W4	engine=wf	case=n-12-0	AB=0	AD=0	CD=1	actual_steals=1	observed_threads=2
tail-first-done-first-runtime	N-pairs-W4	engine=wf	case=n-12-1	AB=0	AD=1	CD=1	actual_steals=1	observed_threads=2
tail-first-done-first-runtime	N-pairs-W4	engine=wf	case=n-12-2	AB=0	AD=1	CD=0	actual_steals=1	observed_threads=2
tail-first-done-first-runtime	N-pairs-W4	engine=wf	case=n-12-3	AB=0	AD=1	CD=0	actual_steals=1	observed_threads=2
tail-first-done-first-runtime	N-pairs-W4	engine=wf	case=n-13-0	AB=0	AD=0	CD=1	actual_steals=1	observed_threads=2
tail-first-done-first-runtime	N-pairs-W4	engine=wf	case=n-13-1	AB=0	AD=1	CD=0	actual_steals=1	observed_threads=2
tail-first-done-first-runtime	N-pairs-W4	engine=wf	case=n-13-2	AB=0	AD=1	CD=0	actual_steals=1	observed_threads=2
tail-first-done-first-runtime	N-pairs-W4	engine=wf	case=n-13-3	AB=0	AD=1	CD=0	actual_steals=1	observed_threads=2
tail-first-done-first-runtime	N-pairs-W4	engine=wf	case=n-14-0	AB=1	AD=0	CD=1	actual_steals=2	observed_threads=2
tail-first-done-first-runtime	N-pairs-W4	engine=wf	case=n-14-1	AB=0	AD=1	CD=1	actual_steals=1	observed_threads=2
tail-first-done-first-runtime	N-pairs-W4	engine=wf	case=n-14-2	AB=1	AD=0	CD=0	actual_steals=1	observed_threads=2
tail-first-done-first-runtime	N-pairs-W4	engine=wf	case=n-14-3	AB=1	AD=0	CD=1	actual_steals=2	observed_threads=2
tail-first-done-first-runtime	N-pairs-W4	engine=wf	case=n-15-0	AB=1	AD=0	CD=1	actual_steals=2	observed_threads=3
tail-first-done-first-runtime	N-pairs-W4	engine=wf	case=n-15-1	AB=0	AD=1	CD=0	actual_steals=1	observed_threads=2
tail-first-done-first-runtime	N-pairs-W4	engine=wf	case=n-15-2	AB=1	AD=1	CD=0	actual_steals=1	observed_threads=2
tail-first-done-first-runtime	N-pairs-W4	engine=wf	case=n-15-3	AB=1	AD=1	CD=0	actual_steals=1	observed_threads=2
tail-first-done-first-runtime	criterion	case=n-9-3	required=distinct-thread A/D overlap in traced W4	observed=true	disposition=selected task-overlap criterion passed	A=begin3,end5,thread2	D=begin2,end4,thread1	actual_steals_plain_W4=1	actual_steals_trace_W4=1	directional_d_while_a=0 because D began first	performance_benefit=unqualified	rerun=false
tail-first-done-first-runtime	limits	W4_mode3_weights=16	W4_mode3_AB_cases=9	W4_mode3_AD_cases=8	W4_mode3_CD_cases=2	previous_DONE_first_mode3_CD_cases=8	schedule_observations=single pass	timing_benefit=not measured	broad_critical_path_preservation=not established
tail-first-done-first-runtime	event-witness	engine=wf	n-9-3	0	1	begin	thread=1	value=ffffffffffffffe7	steps=1
tail-first-done-first-runtime	event-witness	engine=wf	n-9-3	1	1	end	thread=1	value=1db14b23dd30a222	steps=0
tail-first-done-first-runtime	event-witness	engine=wf	n-9-3	2	3	begin	thread=1	value=ffffffffffffffe7	steps=65536
tail-first-done-first-runtime	event-witness	engine=wf	n-9-3	3	0	begin	thread=2	value=ffffffffffffffe7	steps=65536
tail-first-done-first-runtime	event-witness	engine=wf	n-9-3	4	3	end	thread=1	value=5bf64eff47a0b251	steps=0
tail-first-done-first-runtime	event-witness	engine=wf	n-9-3	5	0	end	thread=2	value=929b63f1ad8f38e0	steps=0
tail-first-done-first-runtime	event-witness	engine=wf	n-9-3	6	2	begin	thread=1	value=ffffffffffffffe7	steps=1
tail-first-done-first-runtime	event-witness	engine=wf	n-9-3	7	2	end	thread=1	value=a1be00e2137b2022	steps=0
runtime-adjacency-main	protocol	criterion_commit=629c53574	source_checkpoint=19	compiler=frozen main-345e	runtime=original main-345e C	engines=wf-runtime-loop,wf-runtime-tree,tbb-runtime	images=plain,trace	workers=1,4	repeats_per_configuration=1	forced_waits=none	timing_comparison=none	historical_matrices_repeated=false
runtime-adjacency-main	fixtures	forward_graph_sizes=0..5	graphs_by_size=1,1,2,8,50,430	degree_bound=in<=2,out<=2	unit_cost=1	owners=1,2,4 when C<=N; empty C0	distinct_graph_work_assignments=495	WF_cases=1471	WF_task_rows=7167	native_cases=495	native_task_rows=2399	special_costs=tasks0,3 at65536 in six-node costly witness
runtime-adjacency-main	ABI	entry=void wf_dag_runtime(ptr result,i64 form,i64 owners,slice costs,slice successors,slice output,i64 seed)	result_bytes=24	result_field_offsets=0,8,16	task_cell_bytes=16	valid_output=exactly N initialized; extra in-slice and exterior cells unchanged	malformed_output=all supplied bytes unchanged
runtime-adjacency-main	emission	flags=--par --par-ledger --stack-ledger --emit-llvm	source_emission=reused accepted checkpoint19	loop_permission=PAR-2	loop_captures=14	loop_offer_bytes=232	loop_price=4*C+17097	selected_loop_split_budget=0	tree_permission=PAR-1	tree_offer_bytes=224	tree_budget_W1=6	tree_budget_W4=8	W1_acquisition=refused	output_init_frame_charge=312 conservative type estimate; declined before frame emission
runtime-adjacency-main	static-control	frozen_manifest_files=34	changes_vs_c5=WF,probe,host adapter,Makefile,README	all12_runtime_objects=byte-identical to rolling-main-runtime original main C	observer=optimized WF and native callbacks verified: begin-return seed dependency; end consumes result	TBB=existing pinned cache; no dependency rebuild
runtime-adjacency-main	artifact	role=compiler	file=whitefootc	sha256=cbffd4dd1ae8641ef03790457181188988bf70cc4af1a53c50c1f406307bb7f9
runtime-adjacency-main	artifact	role=frozen-source	file=dag-fanin-main-345e-runtime-19.wf	sha256=1d536089caa1204af95569817760471fd0006613b6c7c6c08ea95a29d1304ffe
runtime-adjacency-main	artifact	role=LLVM	file=dag_fanin_runtime.raw.ll	sha256=a827b4910130f153f885cf86d4844c94059c7d04c0507fe92de13a7ec126094c
runtime-adjacency-main	artifact	role=frozen-input-manifest	file=inputs.sha256	sha256=9420ff059164dc57cf4e5850e38729a419eb98bcf0168f86a933edd000702455
runtime-adjacency-main	artifact	role=frozen-input-description	file=FROZEN-INPUTS.txt	sha256=a4e22db75bc6adee10f1a0b6557383b21e6b9aec5274dfa53941dc80f8aa96ab
runtime-adjacency-main	artifact	role=input-comparison	file=runtime-adjacency-main-input-comparison.txt	sha256=5e068c45c212bb5690c115712900e6e3ace3886906de69bc5ab90e7ca9441c45
runtime-adjacency-main	artifact	role=baseline-C-core	file=core.c	sha256=48f0080fd5c43e9e07691a05936c36e232b76d1bde309b6f53bc912176ac3285
runtime-adjacency-main	artifact	role=probe	file=dag_fanin_probe.cpp	sha256=748d882424a19db8abf7489340a727eb4ed11927b76a4c674e30ae92f58ea3c2
runtime-adjacency-main	artifact	role=host-adapter	file=dag_fanin_host.ll	sha256=5b5846b15f94156cecbfa126fde44183b3b471ad0ebcfe29f2d72ebb9a332059
runtime-adjacency-main	artifact	role=observer-transform	file=dag_fanin_trace.awk	sha256=95740fb87edcd550940cae3951b0b73b000453e9cc6022616135fea169df77bd
runtime-adjacency-main	artifact	role=Makefile	file=Makefile	sha256=5af07cd9f96773beefd03c9b2470a75d8d14d6ad78276ba85acc5ef8197d333d
runtime-adjacency-main	artifact	role=plain-LLVM	file=dag_fanin_runtime_plain.ll	sha256=11973d45f9cf95ff152fddb8bcb20e68c7c1e720367d63258136c95405ab3a98
runtime-adjacency-main	artifact	role=trace-LLVM	file=dag_fanin_runtime_trace.ll	sha256=43b307ec31b7cbdec03f20e446f8e132fab13e6aab9d2d364f7aebf9b8866e09
runtime-adjacency-main	artifact	role=plain-image	file=dag_fanin_runtime_plain	sha256=268cc7980b4232ce5d4d6bc871594bee38d3f1658a9bb03a6602acce97d71832
runtime-adjacency-main	artifact	role=trace-image	file=dag_fanin_runtime_trace	sha256=d11f3e03d24d371b3f054759dfec577a489c242b417710bc1fcd8d9356bfb7b2
runtime-adjacency-main	artifact	role=native-manifest	file=dag_fanin_runtime.native.sha256	sha256=7f3ba86d26e206a33f355e52bcad1728d1224a9074f24acfb75606f87c90b814
runtime-adjacency-main	artifact	role=linked-WF-observer	file=runtime-adjacency-main-observer.txt	sha256=792d8840d14d1f39c65d215dd652b35b307f63e4b7d9a5dac23a99384eff8300
runtime-adjacency-main	artifact	role=linked-native-observer	file=runtime-adjacency-main-native-observer.txt	sha256=ceb90ddede9f729b5f1446598a36351429cbaac03631e37189aff9aa3cb5c510
runtime-adjacency-main	source-construction-attempt	attempt=1	command_started=false	reason=shared guard owned by another command	program_execution=false	benchmark_interval=false	raw_log=dag-fanin-main-345e-runtime-emit-1.log	sha256=fff743df9435ce472984ce736fc6a4fb7027de9847723b1f0d867afd8544f166
runtime-adjacency-main	source-construction-attempt	attempt=2	command_wall_s=0.05	guard_wall_s=0.10	exit=1	source_diagnostic=GRAM-6	program_execution=false	benchmark_interval=false	raw_log=dag-fanin-main-345e-runtime-emit-2.log	sha256=b3d2073e10c1ff3d2243e8f23a7de17cba7799e0c12fd2b3868a932516cf31bd
runtime-adjacency-main	source-construction-attempt	attempt=3	command_started=false	reason=shared guard owned by another command	program_execution=false	benchmark_interval=false	raw_log=dag-fanin-main-345e-runtime-emit-3.log	sha256=366af22ba17aa4dc7f9d669efa1a780a84495ae9afaafc57ff6b4cff4c8b6ffd
runtime-adjacency-main	source-construction-attempt	attempt=4	command_wall_s=0.05	guard_wall_s=0.11	exit=1	source_diagnostic=PRF-1	program_execution=false	benchmark_interval=false	raw_log=dag-fanin-main-345e-runtime-emit-4.log	sha256=692a7d53a8d5cf9ac72dbbdd290bc6cdc1e5e3381329db6ba760f67f2a9c4ff4
runtime-adjacency-main	source-construction-attempt	attempt=5	command_wall_s=0.05	guard_wall_s=0.11	exit=1	source_diagnostic=PRF-1	program_execution=false	benchmark_interval=false	raw_log=dag-fanin-main-345e-runtime-emit-5.log	sha256=2d43560d24da00136aa186b639fc2253c4587afa2bd0d2233f33d022462a75e6
runtime-adjacency-main	source-construction-attempt	attempt=6	command_wall_s=3.63	guard_wall_s=3.67	exit=1	source_diagnostic=PRF-1	program_execution=false	benchmark_interval=false	raw_log=dag-fanin-main-345e-runtime-emit-6.log	sha256=3d95ea1b4d6a07e8724f049ff6614b62d59484b31613ff2fa895aeb8eab2f43d
runtime-adjacency-main	source-construction-attempt	attempt=7	command_wall_s=3.58	guard_wall_s=3.67	exit=1	source_diagnostic=FN-8	program_execution=false	benchmark_interval=false	raw_log=dag-fanin-main-345e-runtime-emit-7.log	sha256=7bf34c08af88e64a9077f092feaf0746bfab10544f6aae3995495565afbdb63f
runtime-adjacency-main	source-construction-attempt	attempt=8	command_wall_s=3.94	guard_wall_s=3.97	exit=1	source_diagnostic=FN-8	program_execution=false	benchmark_interval=false	raw_log=dag-fanin-main-345e-runtime-emit-8.log	sha256=a8ddd15e020d639fe8c8eb602a6717667adc3addad5c0606bcde725d582ffeed
runtime-adjacency-main	source-construction-attempt	attempt=9	command_wall_s=0.93	guard_wall_s=0.98	exit=1	source_diagnostic=FN-8	program_execution=false	benchmark_interval=false	raw_log=dag-fanin-main-345e-runtime-emit-9.log	sha256=60f787d8eb6191dfb0cb17344c518330521e32665560ace941d595e34522bebe
runtime-adjacency-main	source-construction-attempt	attempt=10	command_started=false	reason=shared guard owned by another command	program_execution=false	benchmark_interval=false	raw_log=dag-fanin-main-345e-runtime-emit-10.log	sha256=bb7fa3cfef33443bb4c546f241b0424145f898eb8d7d2f04df7d0f15d3d41368
runtime-adjacency-main	source-construction-attempt	attempt=11	command_wall_s=0.95	guard_wall_s=0.97	exit=1	source_diagnostic=FN-8	program_execution=false	benchmark_interval=false	raw_log=dag-fanin-main-345e-runtime-emit-11.log	sha256=6512c976a62006216ce6ff1dcd7ee1039c77dbceec3e3bc8e4579874adbdaffe
runtime-adjacency-main	source-construction-attempt	attempt=12	command_wall_s=0.93	guard_wall_s=0.97	exit=1	source_diagnostic=PRF-1	program_execution=false	benchmark_interval=false	raw_log=dag-fanin-main-345e-runtime-emit-12.log	sha256=f493dea6b8b01a8b813c21a00ead715c7c3f6c2087c019838fc38c5eb93446cc
runtime-adjacency-main	source-construction-attempt	attempt=13	command_wall_s=0.70	guard_wall_s=0.74	exit=1	source_diagnostic=PRF-1	program_execution=false	benchmark_interval=false	raw_log=dag-fanin-main-345e-runtime-emit-13.log	sha256=8e870e9dbfa019299d36c1ca2346a2a776e05585593d17e77e6b6e1ff4a1a09f
runtime-adjacency-main	source-construction-attempt	attempt=14	command_started=false	reason=shared guard owned by another command	program_execution=false	benchmark_interval=false	raw_log=dag-fanin-main-345e-runtime-emit-14.log	sha256=88530c90def685282e28a0428e48fb6b84d1441bbc70f6dd4a4511b26ecb9afc
runtime-adjacency-main	source-construction-attempt	attempt=15	command_wall_s=0.40	guard_wall_s=0.42	exit=1	source_diagnostic=FN-8	program_execution=false	benchmark_interval=false	raw_log=dag-fanin-main-345e-runtime-emit-15.log	sha256=c86a2d4105fb576a1def10ef47dbdc823f0d3e873fcced1c75752d1693b7184e
runtime-adjacency-main	source-construction-attempt	attempt=16	command_wall_s=0.30	guard_wall_s=0.32	exit=1	source_diagnostic=PRF-1	program_execution=false	benchmark_interval=false	raw_log=dag-fanin-main-345e-runtime-emit-16.log	sha256=a37f23e92d6d0713860e82ce52b9d6bca382d845277897dc78828590b9fed228
runtime-adjacency-main	source-construction-attempt	attempt=17	command_started=false	reason=shared guard owned by another command	program_execution=false	benchmark_interval=false	raw_log=dag-fanin-main-345e-runtime-emit-17.log	sha256=49085ff74381e9cdec573c716ffadb2118f8928effeabec262d6462641c66839
runtime-adjacency-main	source-construction-attempt	attempt=18	command_wall_s=0.51	guard_wall_s=0.54	exit=0	admission=accepted before erased cleanup	program_execution=false	benchmark_interval=false	raw_log=dag-fanin-main-345e-runtime-emit-18.log	sha256=5c6547bc2887310d04ac5c199bc479e00f8b9fc2d6cc0c998f73f10010aee72b
runtime-adjacency-main	raw-log	file=dag-fanin-main-345e-runtime-emit-19.log	sha256=c2766f4d91da76afd27cd7805f5a09a7593eb4caad437d118890265282257026
runtime-adjacency-main	phase	label=dag-fanin-main-345e-runtime-emit-19	stage=source-emission	command_wall_s=0.53	process_user_s=0.49	process_system_s=0.02	guard_wall_s=0.55	exit=0	benchmark_interval=false
runtime-adjacency-main	raw-log	file=dag-fanin-runtime-adjacency-main-build.log	sha256=e7a121f51a5a9b7edfde0c969adbf4700c29a3fd752523807faa1f93917c3a09
runtime-adjacency-main	phase	label=dag-fanin-runtime-adjacency-main-build	stage=native-construction	command_wall_s=2.44	process_user_s=2.27	process_system_s=0.48	guard_wall_s=2.50	exit=0	benchmark_interval=false
runtime-adjacency-main	raw-log	file=dag-fanin-runtime-adjacency-main-wf-runtime-loop-plain-W1.log	sha256=51b09c3b6f836d1321b2645bd0fca7ee823560a6ca763cb7c8985302818d4b15
runtime-adjacency-main	phase	label=dag-fanin-runtime-adjacency-main-wf-runtime-loop-plain-W1	stage=complete-matrix-execution	command_wall_s=0.44	process_user_s=0.02	process_system_s=0.01	guard_wall_s=0.53	exit=0	benchmark_interval=false
runtime-adjacency-main	matrix	engine=wf-runtime-loop	image=plain	workers=1	PASS	cases=1471	task_rows=7167	events=0	invalid_cases=13	checks=all_values,exactly_once,unchanged_costs_successors,output_boundaries	routing_checks=exact_status_rounds_notices,result_canaries,initialization_exact_N	trace_checks=plain
runtime-adjacency-main	negative-control	engine=wf-runtime-loop	image=plain	workers=1	output-corruption	rejected=task value mismatch at 0
runtime-adjacency-main	observation-summary	engine=wf-runtime-loop	image=plain	workers=1	actual_steals_sum=0	actual_steals_max=0	task_overlap=not_observed
runtime-adjacency-main	raw-log	file=dag-fanin-runtime-adjacency-main-wf-runtime-loop-plain-W4.log	sha256=e2f40de65cc82d0c63c6f674a689cd6bd871947eae41a6257680466c5591c017
runtime-adjacency-main	phase	label=dag-fanin-runtime-adjacency-main-wf-runtime-loop-plain-W4	stage=complete-matrix-execution	command_wall_s=0.04	process_user_s=0.02	process_system_s=0.01	guard_wall_s=0.10	exit=0	benchmark_interval=false
runtime-adjacency-main	matrix	engine=wf-runtime-loop	image=plain	workers=4	PASS	cases=1471	task_rows=7167	events=0	invalid_cases=13	checks=all_values,exactly_once,unchanged_costs_successors,output_boundaries	routing_checks=exact_status_rounds_notices,result_canaries,initialization_exact_N	trace_checks=plain
runtime-adjacency-main	negative-control	engine=wf-runtime-loop	image=plain	workers=4	output-corruption	rejected=task value mismatch at 0
runtime-adjacency-main	observation-summary	engine=wf-runtime-loop	image=plain	workers=4	actual_steals_sum=0	actual_steals_max=0	task_overlap=not_observed
runtime-adjacency-main	raw-log	file=dag-fanin-runtime-adjacency-main-wf-runtime-loop-trace-W1.log	sha256=601b3a47c84ce558954fccd4a1cc4f4a24f5a594c762976957be24c4a66a6ba4
runtime-adjacency-main	phase	label=dag-fanin-runtime-adjacency-main-wf-runtime-loop-trace-W1	stage=complete-matrix-execution	command_wall_s=0.34	process_user_s=0.03	process_system_s=0.02	guard_wall_s=0.43	exit=0	benchmark_interval=false
runtime-adjacency-main	matrix	engine=wf-runtime-loop	image=trace	workers=1	PASS	cases=1471	task_rows=7167	events=14334	invalid_cases=13	checks=all_values,exactly_once,unchanged_costs_successors,output_boundaries	routing_checks=exact_status_rounds_notices,result_canaries,initialization_exact_N	trace_checks=exact_events,inputs_values,original_edge_order,stable_thread
runtime-adjacency-main	negative-control	engine=wf-runtime-loop	image=trace	workers=1	output-corruption	rejected=task value mismatch at 0
runtime-adjacency-main	negative-control	engine=wf-runtime-loop	image=trace	workers=1	trace-corruption	rejected=trace event count mismatch
runtime-adjacency-main	observation-summary	engine=wf-runtime-loop	image=trace	workers=1	actual_steals_sum=0	actual_steals_max=0	cases_with_overlap=0	distinct_thread_pairs=0	max_observed_threads=1
runtime-adjacency-main	raw-log	file=dag-fanin-runtime-adjacency-main-wf-runtime-loop-trace-W4.log	sha256=7956a94cfa7070a38f1d32aa19f3f188d33f97cd66b640c46e05a9562bece3a9
runtime-adjacency-main	phase	label=dag-fanin-runtime-adjacency-main-wf-runtime-loop-trace-W4	stage=complete-matrix-execution	command_wall_s=0.05	process_user_s=0.02	process_system_s=0.02	guard_wall_s=0.11	exit=0	benchmark_interval=false
runtime-adjacency-main	matrix	engine=wf-runtime-loop	image=trace	workers=4	PASS	cases=1471	task_rows=7167	events=14334	invalid_cases=13	checks=all_values,exactly_once,unchanged_costs_successors,output_boundaries	routing_checks=exact_status_rounds_notices,result_canaries,initialization_exact_N	trace_checks=exact_events,inputs_values,original_edge_order,stable_thread
runtime-adjacency-main	negative-control	engine=wf-runtime-loop	image=trace	workers=4	output-corruption	rejected=task value mismatch at 0
runtime-adjacency-main	negative-control	engine=wf-runtime-loop	image=trace	workers=4	trace-corruption	rejected=trace event count mismatch
runtime-adjacency-main	observation-summary	engine=wf-runtime-loop	image=trace	workers=4	actual_steals_sum=0	actual_steals_max=0	cases_with_overlap=0	distinct_thread_pairs=0	max_observed_threads=1
runtime-adjacency-main	raw-log	file=dag-fanin-runtime-adjacency-main-wf-runtime-tree-plain-W1.log	sha256=e8d4524f5192e4ecead1001cffbab48550cf125a365f6d99b56dc553cc5a9c7e
runtime-adjacency-main	phase	label=dag-fanin-runtime-adjacency-main-wf-runtime-tree-plain-W1	stage=complete-matrix-execution	command_wall_s=0.04	process_user_s=0.02	process_system_s=0.01	guard_wall_s=0.10	exit=0	benchmark_interval=false
runtime-adjacency-main	matrix	engine=wf-runtime-tree	image=plain	workers=1	PASS	cases=1471	task_rows=7167	events=0	invalid_cases=13	checks=all_values,exactly_once,unchanged_costs_successors,output_boundaries	routing_checks=exact_status_rounds_notices,result_canaries,initialization_exact_N	trace_checks=plain
runtime-adjacency-main	negative-control	engine=wf-runtime-tree	image=plain	workers=1	output-corruption	rejected=task value mismatch at 0
runtime-adjacency-main	observation-summary	engine=wf-runtime-tree	image=plain	workers=1	actual_steals_sum=0	actual_steals_max=0	task_overlap=not_observed
runtime-adjacency-main	raw-log	file=dag-fanin-runtime-adjacency-main-wf-runtime-tree-plain-W4.log	sha256=2c8a2fbadb7a50f2bbba66830eed81c7d677e2e42748e6c8032a6291a247b50a
runtime-adjacency-main	phase	label=dag-fanin-runtime-adjacency-main-wf-runtime-tree-plain-W4	stage=complete-matrix-execution	command_wall_s=0.05	process_user_s=0.04	process_system_s=0.02	guard_wall_s=0.11	exit=0	benchmark_interval=false
runtime-adjacency-main	matrix	engine=wf-runtime-tree	image=plain	workers=4	PASS	cases=1471	task_rows=7167	events=0	invalid_cases=13	checks=all_values,exactly_once,unchanged_costs_successors,output_boundaries	routing_checks=exact_status_rounds_notices,result_canaries,initialization_exact_N	trace_checks=plain
runtime-adjacency-main	negative-control	engine=wf-runtime-tree	image=plain	workers=4	output-corruption	rejected=task value mismatch at 0
runtime-adjacency-main	observation-summary	engine=wf-runtime-tree	image=plain	workers=4	actual_steals_sum=3891	actual_steals_max=12	task_overlap=not_observed
runtime-adjacency-main	raw-log	file=dag-fanin-runtime-adjacency-main-wf-runtime-tree-trace-W1.log	sha256=2fe223b4bcfc1a475027f41755f58518ea96bfb2a1345face69a8bace5607a10
runtime-adjacency-main	phase	label=dag-fanin-runtime-adjacency-main-wf-runtime-tree-trace-W1	stage=complete-matrix-execution	command_wall_s=0.05	process_user_s=0.02	process_system_s=0.01	guard_wall_s=0.10	exit=0	benchmark_interval=false
runtime-adjacency-main	matrix	engine=wf-runtime-tree	image=trace	workers=1	PASS	cases=1471	task_rows=7167	events=14334	invalid_cases=13	checks=all_values,exactly_once,unchanged_costs_successors,output_boundaries	routing_checks=exact_status_rounds_notices,result_canaries,initialization_exact_N	trace_checks=exact_events,inputs_values,original_edge_order,stable_thread
runtime-adjacency-main	negative-control	engine=wf-runtime-tree	image=trace	workers=1	output-corruption	rejected=task value mismatch at 0
runtime-adjacency-main	negative-control	engine=wf-runtime-tree	image=trace	workers=1	trace-corruption	rejected=trace event count mismatch
runtime-adjacency-main	observation-summary	engine=wf-runtime-tree	image=trace	workers=1	actual_steals_sum=0	actual_steals_max=0	cases_with_overlap=0	distinct_thread_pairs=0	max_observed_threads=1
runtime-adjacency-main	raw-log	file=dag-fanin-runtime-adjacency-main-wf-runtime-tree-trace-W4.log	sha256=45f1f2f16cd35d69297c620ecafa0b0ea77f4efc74f315e11e0c61316e3b9ab5
runtime-adjacency-main	phase	label=dag-fanin-runtime-adjacency-main-wf-runtime-tree-trace-W4	stage=complete-matrix-execution	command_wall_s=0.05	process_user_s=0.05	process_system_s=0.02	guard_wall_s=0.11	exit=0	benchmark_interval=false
runtime-adjacency-main	matrix	engine=wf-runtime-tree	image=trace	workers=4	PASS	cases=1471	task_rows=7167	events=14334	invalid_cases=13	checks=all_values,exactly_once,unchanged_costs_successors,output_boundaries	routing_checks=exact_status_rounds_notices,result_canaries,initialization_exact_N	trace_checks=exact_events,inputs_values,original_edge_order,stable_thread
runtime-adjacency-main	negative-control	engine=wf-runtime-tree	image=trace	workers=4	output-corruption	rejected=task value mismatch at 0
runtime-adjacency-main	negative-control	engine=wf-runtime-tree	image=trace	workers=4	trace-corruption	rejected=trace event count mismatch
runtime-adjacency-main	observation-summary	engine=wf-runtime-tree	image=trace	workers=4	actual_steals_sum=3202	actual_steals_max=12	cases_with_overlap=128	distinct_thread_pairs=146	max_observed_threads=4
runtime-adjacency-main	raw-log	file=dag-fanin-runtime-adjacency-main-tbb-runtime-plain-W1.log	sha256=52da5542e5dab3f12e7d64f9aca5aba669eed3d56f5f204c4cb0dc953e3f06dd
runtime-adjacency-main	phase	label=dag-fanin-runtime-adjacency-main-tbb-runtime-plain-W1	stage=complete-matrix-execution	command_wall_s=0.03	process_user_s=0.01	process_system_s=0.01	guard_wall_s=0.11	exit=0	benchmark_interval=false
runtime-adjacency-main	matrix	engine=tbb-runtime	image=plain	workers=1	PASS	cases=495	task_rows=2399	events=0	invalid_cases=0	checks=all_values,exactly_once,unchanged_costs_successors,output_boundaries	routing_checks=not_applicable	trace_checks=plain
runtime-adjacency-main	negative-control	engine=tbb-runtime	image=plain	workers=1	output-corruption	rejected=task value mismatch at 0
runtime-adjacency-main	observation-summary	engine=tbb-runtime	image=plain	workers=1	actual_steals_sum=not_instrumented	actual_steals_max=not_instrumented	task_overlap=not_observed
runtime-adjacency-main	raw-log	file=dag-fanin-runtime-adjacency-main-tbb-runtime-plain-W4.log	sha256=4c5e944045e82fa84728809a13a5250b9df54e26729a5715382cb3f944ff30ee
runtime-adjacency-main	phase	label=dag-fanin-runtime-adjacency-main-tbb-runtime-plain-W4	stage=complete-matrix-execution	command_wall_s=0.04	process_user_s=0.02	process_system_s=0.01	guard_wall_s=0.11	exit=0	benchmark_interval=false
runtime-adjacency-main	matrix	engine=tbb-runtime	image=plain	workers=4	PASS	cases=495	task_rows=2399	events=0	invalid_cases=0	checks=all_values,exactly_once,unchanged_costs_successors,output_boundaries	routing_checks=not_applicable	trace_checks=plain
runtime-adjacency-main	negative-control	engine=tbb-runtime	image=plain	workers=4	output-corruption	rejected=task value mismatch at 0
runtime-adjacency-main	observation-summary	engine=tbb-runtime	image=plain	workers=4	actual_steals_sum=not_instrumented	actual_steals_max=not_instrumented	task_overlap=not_observed
runtime-adjacency-main	raw-log	file=dag-fanin-runtime-adjacency-main-tbb-runtime-trace-W1.log	sha256=25317962aebae98d227ef8aae0601e12533fbed8f324a92efade2ecee8e7b31c
runtime-adjacency-main	phase	label=dag-fanin-runtime-adjacency-main-tbb-runtime-trace-W1	stage=complete-matrix-execution	command_wall_s=0.04	process_user_s=0.01	process_system_s=0.01	guard_wall_s=0.11	exit=0	benchmark_interval=false
runtime-adjacency-main	matrix	engine=tbb-runtime	image=trace	workers=1	PASS	cases=495	task_rows=2399	events=4798	invalid_cases=0	checks=all_values,exactly_once,unchanged_costs_successors,output_boundaries	routing_checks=not_applicable	trace_checks=exact_events,inputs_values,original_edge_order,stable_thread
runtime-adjacency-main	negative-control	engine=tbb-runtime	image=trace	workers=1	output-corruption	rejected=task value mismatch at 0
runtime-adjacency-main	negative-control	engine=tbb-runtime	image=trace	workers=1	trace-corruption	rejected=trace event count mismatch
runtime-adjacency-main	observation-summary	engine=tbb-runtime	image=trace	workers=1	actual_steals_sum=not_instrumented	actual_steals_max=not_instrumented	cases_with_overlap=0	distinct_thread_pairs=0	max_observed_threads=1
runtime-adjacency-main	raw-log	file=dag-fanin-runtime-adjacency-main-tbb-runtime-trace-W4.log	sha256=7e7f484d87037a9bced348e0e736a15f58d8d5dd6f455c0fbb9e730b7d30801e
runtime-adjacency-main	phase	label=dag-fanin-runtime-adjacency-main-tbb-runtime-trace-W4	stage=complete-matrix-execution	command_wall_s=0.04	process_user_s=0.02	process_system_s=0.01	guard_wall_s=0.10	exit=0	benchmark_interval=false
runtime-adjacency-main	matrix	engine=tbb-runtime	image=trace	workers=4	PASS	cases=495	task_rows=2399	events=4798	invalid_cases=0	checks=all_values,exactly_once,unchanged_costs_successors,output_boundaries	routing_checks=not_applicable	trace_checks=exact_events,inputs_values,original_edge_order,stable_thread
runtime-adjacency-main	negative-control	engine=tbb-runtime	image=trace	workers=4	output-corruption	rejected=task value mismatch at 0
runtime-adjacency-main	negative-control	engine=tbb-runtime	image=trace	workers=4	trace-corruption	rejected=trace event count mismatch
runtime-adjacency-main	observation-summary	engine=tbb-runtime	image=trace	workers=4	actual_steals_sum=not_instrumented	actual_steals_max=not_instrumented	cases_with_overlap=5	distinct_thread_pairs=6	max_observed_threads=2
runtime-adjacency-main	malformed-control	short-successors	status=1	rounds=0	notices=0	output_unchanged=1	inputs_unchanged=1	events=0	configurations_checked=8	forms=loop,tree	images=plain,trace	workers=1,4
runtime-adjacency-main	malformed-control	long-successors	status=1	rounds=0	notices=0	output_unchanged=1	inputs_unchanged=1	events=0	configurations_checked=8	forms=loop,tree	images=plain,trace	workers=1,4
runtime-adjacency-main	malformed-control	out-of-range	status=1	rounds=0	notices=0	output_unchanged=1	inputs_unchanged=1	events=0	configurations_checked=8	forms=loop,tree	images=plain,trace	workers=1,4
runtime-adjacency-main	malformed-control	self-edge	status=1	rounds=0	notices=0	output_unchanged=1	inputs_unchanged=1	events=0	configurations_checked=8	forms=loop,tree	images=plain,trace	workers=1,4
runtime-adjacency-main	malformed-control	backward-edge	status=1	rounds=0	notices=0	output_unchanged=1	inputs_unchanged=1	events=0	configurations_checked=8	forms=loop,tree	images=plain,trace	workers=1,4
runtime-adjacency-main	malformed-control	duplicate-edge	status=1	rounds=0	notices=0	output_unchanged=1	inputs_unchanged=1	events=0	configurations_checked=8	forms=loop,tree	images=plain,trace	workers=1,4
runtime-adjacency-main	malformed-control	excess-indegree	status=1	rounds=0	notices=0	output_unchanged=1	inputs_unchanged=1	events=0	configurations_checked=8	forms=loop,tree	images=plain,trace	workers=1,4
runtime-adjacency-main	malformed-control	invalid-form	status=1	rounds=0	notices=0	output_unchanged=1	inputs_unchanged=1	events=0	configurations_checked=8	forms=loop,tree	images=plain,trace	workers=1,4
runtime-adjacency-main	malformed-control	zero-owners	status=1	rounds=0	notices=0	output_unchanged=1	inputs_unchanged=1	events=0	configurations_checked=8	forms=loop,tree	images=plain,trace	workers=1,4
runtime-adjacency-main	malformed-control	excess-owners	status=1	rounds=0	notices=0	output_unchanged=1	inputs_unchanged=1	events=0	configurations_checked=8	forms=loop,tree	images=plain,trace	workers=1,4
runtime-adjacency-main	malformed-control	unrepresentable-owner-matrix	status=1	rounds=0	notices=0	output_unchanged=1	inputs_unchanged=1	events=0	configurations_checked=8	forms=loop,tree	images=plain,trace	workers=1,4
runtime-adjacency-main	malformed-control	empty-with-owner	status=1	rounds=0	notices=0	output_unchanged=1	inputs_unchanged=1	events=0	configurations_checked=8	forms=loop,tree	images=plain,trace	workers=1,4
runtime-adjacency-main	malformed-control	empty-with-successor	status=1	rounds=0	notices=0	output_unchanged=1	inputs_unchanged=1	events=0	configurations_checked=8	forms=loop,tree	images=plain,trace	workers=1,4
runtime-adjacency-main	source-accounting	basis=written source operations; not physical load counts or peak storage	aux_words=12N+2C^2+2C	allocations=7 for nonempty	array_header_bytes=7*16	state_rows_init=N	notice_rows_init=4N	head_cells_init=2C^2	ready_heads_init=C	reports_init=C	output_rows_init=N	successor_reads_validation=4N	successor_reads_tasks=2N	successor_reads_notices=Ec	ready_task_visits=N	drain_calls=C*R+Ec	head_resets=C^2*R	head_inspections=C^2*R	notice_writes=Ec	notice_visits=Ec	report_reads=C*R	report_writes=C*R	frames_headers_allocator_native_graph=separate charges
runtime-adjacency-main	routing-example	case=runtime-progress-costly-c1	owners=1	stride=6	last_owner_size=6	status=0	rounds=1	notices=0	aux_words=76	separate_allocations=7
runtime-adjacency-main	source-operation-example	case=runtime-progress-costly-c1	cost_reads=6	drain_calls=1	head_cells_initialized=2	head_inspections=1	head_resets=1	notice_rows_initialized=24	notice_successor_reads=0	notice_visits=0	notice_writes=0	output_cells_initialized=6	ready_heads_initialized=1	report_reads=1	report_writes=1	reports_initialized=1	root_state_visits=6	state_rows_initialized=6	task_ready_visits=6	task_successor_reads=12	validation_successor_reads=24
runtime-adjacency-main	routing-example	case=runtime-progress-costly-c2	owners=2	stride=3	last_owner_size=3	status=0	rounds=2	notices=3	aux_words=84	separate_allocations=7
runtime-adjacency-main	source-operation-example	case=runtime-progress-costly-c2	cost_reads=6	drain_calls=7	head_cells_initialized=8	head_inspections=8	head_resets=8	notice_rows_initialized=24	notice_successor_reads=3	notice_visits=3	notice_writes=3	output_cells_initialized=6	ready_heads_initialized=2	report_reads=4	report_writes=4	reports_initialized=2	root_state_visits=6	state_rows_initialized=6	task_ready_visits=6	task_successor_reads=12	validation_successor_reads=24
runtime-adjacency-main	routing-example	case=runtime-progress-costly-c4	owners=4	stride=1	last_owner_size=3	status=0	rounds=3	notices=4	aux_words=112	separate_allocations=7
runtime-adjacency-main	source-operation-example	case=runtime-progress-costly-c4	cost_reads=6	drain_calls=16	head_cells_initialized=32	head_inspections=48	head_resets=48	notice_rows_initialized=24	notice_successor_reads=4	notice_visits=4	notice_writes=4	output_cells_initialized=6	ready_heads_initialized=4	report_reads=12	report_writes=12	reports_initialized=4	root_state_visits=6	state_rows_initialized=6	task_ready_visits=6	task_successor_reads=12	validation_successor_reads=24
runtime-adjacency-main	routing-example	case=runtime-reverse-arrival-c4	owners=4	stride=2	last_owner_size=2	status=0	rounds=3	notices=3	aux_words=136	separate_allocations=7
runtime-adjacency-main	source-operation-example	case=runtime-reverse-arrival-c4	cost_reads=8	drain_calls=15	head_cells_initialized=32	head_inspections=48	head_resets=48	notice_rows_initialized=32	notice_successor_reads=3	notice_visits=3	notice_writes=3	output_cells_initialized=8	ready_heads_initialized=4	report_reads=12	report_writes=12	reports_initialized=4	root_state_visits=8	state_rows_initialized=8	task_ready_visits=8	task_successor_reads=16	validation_successor_reads=32
runtime-adjacency-main	progress-W4	engine=wf-runtime-loop	case=runtime-progress-costly-c1	owners=1	rounds=1	notices=0	pairs=0	task0_task3=0	task3_while_task0=0	observed_threads=1	actual_steals_plain=0	actual_steals_trace=0	task0=begin4,end5,thread1	task3=begin2,end3,thread1
runtime-adjacency-main	progress-W4	engine=wf-runtime-loop	case=runtime-progress-costly-c2	owners=2	rounds=2	notices=3	pairs=0	task0_task3=0	task3_while_task0=0	observed_threads=1	actual_steals_plain=0	actual_steals_trace=0	task0=begin2,end3,thread1	task3=begin8,end9,thread1
runtime-adjacency-main	progress-W4	engine=wf-runtime-loop	case=runtime-progress-costly-c4	owners=4	rounds=3	notices=4	pairs=0	task0_task3=0	task3_while_task0=0	observed_threads=1	actual_steals_plain=0	actual_steals_trace=0	task0=begin0,end1,thread1	task3=begin6,end7,thread1
runtime-adjacency-main	progress-W4	engine=wf-runtime-loop	case=runtime-progress-unit-c1	owners=1	rounds=1	notices=0	pairs=0	task0_task3=0	task3_while_task0=0	observed_threads=1	actual_steals_plain=0	actual_steals_trace=0	task0=begin4,end5,thread1	task3=begin2,end3,thread1
runtime-adjacency-main	progress-W4	engine=wf-runtime-loop	case=runtime-progress-unit-c2	owners=2	rounds=2	notices=3	pairs=0	task0_task3=0	task3_while_task0=0	observed_threads=1	actual_steals_plain=0	actual_steals_trace=0	task0=begin2,end3,thread1	task3=begin8,end9,thread1
runtime-adjacency-main	progress-W4	engine=wf-runtime-loop	case=runtime-progress-unit-c4	owners=4	rounds=3	notices=4	pairs=0	task0_task3=0	task3_while_task0=0	observed_threads=1	actual_steals_plain=0	actual_steals_trace=0	task0=begin0,end1,thread1	task3=begin6,end7,thread1
runtime-adjacency-main	progress-W4	engine=wf-runtime-loop	case=runtime-reverse-arrival-c1	owners=1	rounds=1	notices=0	pairs=0	task4_before_task2=1	observed_threads=1	actual_steals_plain=0	actual_steals_trace=0	task2=begin12,end13,thread1	task4=begin4,end5,thread1	task6=begin14,end15,thread1
runtime-adjacency-main	progress-W4	engine=wf-runtime-loop	case=runtime-reverse-arrival-c2	owners=2	rounds=2	notices=1	pairs=0	task4_before_task2=0	observed_threads=1	actual_steals_plain=0	actual_steals_trace=0	task2=begin6,end7,thread1	task4=begin12,end13,thread1	task6=begin14,end15,thread1
runtime-adjacency-main	progress-W4	engine=wf-runtime-loop	case=runtime-reverse-arrival-c4	owners=4	rounds=3	notices=3	pairs=0	task4_before_task2=1	observed_threads=1	actual_steals_plain=0	actual_steals_trace=0	task2=begin12,end13,thread1	task4=begin8,end9,thread1	task6=begin14,end15,thread1
runtime-adjacency-main	progress-W4	engine=wf-runtime-tree	case=runtime-progress-costly-c1	owners=1	rounds=1	notices=0	pairs=0	task0_task3=0	task3_while_task0=0	observed_threads=1	actual_steals_plain=0	actual_steals_trace=0	task0=begin4,end5,thread1	task3=begin2,end3,thread1
runtime-adjacency-main	progress-W4	engine=wf-runtime-tree	case=runtime-progress-costly-c2	owners=2	rounds=2	notices=3	pairs=0	task0_task3=0	task3_while_task0=0	observed_threads=1	actual_steals_plain=1	actual_steals_trace=1	task0=begin2,end3,thread1	task3=begin8,end9,thread1
runtime-adjacency-main	progress-W4	engine=wf-runtime-tree	case=runtime-progress-costly-c4	owners=4	rounds=3	notices=4	pairs=1	task0_task3=0	task3_while_task0=0	observed_threads=2	actual_steals_plain=2	actual_steals_trace=2	task0=begin2,end3,thread1	task3=begin4,end7,thread1
runtime-adjacency-main	progress-W4	engine=wf-runtime-tree	case=runtime-progress-unit-c1	owners=1	rounds=1	notices=0	pairs=0	task0_task3=0	task3_while_task0=0	observed_threads=1	actual_steals_plain=0	actual_steals_trace=0	task0=begin4,end5,thread1	task3=begin2,end3,thread1
runtime-adjacency-main	progress-W4	engine=wf-runtime-tree	case=runtime-progress-unit-c2	owners=2	rounds=2	notices=3	pairs=0	task0_task3=0	task3_while_task0=0	observed_threads=1	actual_steals_plain=2	actual_steals_trace=0	task0=begin2,end3,thread1	task3=begin8,end9,thread1
runtime-adjacency-main	progress-W4	engine=wf-runtime-tree	case=runtime-progress-unit-c4	owners=4	rounds=3	notices=4	pairs=0	task0_task3=0	task3_while_task0=0	observed_threads=1	actual_steals_plain=6	actual_steals_trace=0	task0=begin2,end3,thread1	task3=begin4,end5,thread1
runtime-adjacency-main	progress-W4	engine=wf-runtime-tree	case=runtime-reverse-arrival-c1	owners=1	rounds=1	notices=0	pairs=0	task4_before_task2=1	observed_threads=1	actual_steals_plain=0	actual_steals_trace=0	task2=begin12,end13,thread1	task4=begin4,end5,thread1	task6=begin14,end15,thread1
runtime-adjacency-main	progress-W4	engine=wf-runtime-tree	case=runtime-reverse-arrival-c2	owners=2	rounds=2	notices=1	pairs=0	task4_before_task2=0	observed_threads=2	actual_steals_plain=2	actual_steals_trace=2	task2=begin6,end7,thread4	task4=begin12,end13,thread1	task6=begin14,end15,thread1
runtime-adjacency-main	progress-W4	engine=wf-runtime-tree	case=runtime-reverse-arrival-c4	owners=4	rounds=3	notices=3	pairs=0	task4_before_task2=1	observed_threads=2	actual_steals_plain=4	actual_steals_trace=5	task2=begin12,end13,thread3	task4=begin4,end5,thread1	task6=begin14,end15,thread1
runtime-adjacency-main	progress-W4	engine=tbb-runtime	case=runtime-progress-costly	pairs=1	task0_task3=1	task3_while_task0=0	observed_threads=2	actual_steals_plain=not_instrumented	actual_steals_trace=not_instrumented	task0=begin3,end5,thread4	task3=begin2,end4,thread1
runtime-adjacency-main	progress-W4	engine=tbb-runtime	case=runtime-progress-unit	pairs=0	task0_task3=0	task3_while_task0=0	observed_threads=1	actual_steals_plain=not_instrumented	actual_steals_trace=not_instrumented	task0=begin4,end5,thread1	task3=begin2,end3,thread1
runtime-adjacency-main	progress-W4	engine=tbb-runtime	case=runtime-reverse-arrival	pairs=0	task4_before_task2=1	observed_threads=1	actual_steals_plain=not_instrumented	actual_steals_trace=not_instrumented	task2=begin12,end13,thread1	task4=begin4,end5,thread1	task6=begin14,end15,thread1
runtime-adjacency-main	event-witness	engine=wf-runtime-loop	runtime-progress-costly-c4	0	0	begin	thread=1	value=ffffffffffffffe7	steps=65536
runtime-adjacency-main	event-witness	engine=wf-runtime-loop	runtime-progress-costly-c4	1	0	end	thread=1	value=929b63f1ad8f38e0	steps=0
runtime-adjacency-main	event-witness	engine=wf-runtime-loop	runtime-progress-costly-c4	2	1	begin	thread=1	value=ffffffffffffffe7	steps=1
runtime-adjacency-main	event-witness	engine=wf-runtime-loop	runtime-progress-costly-c4	3	1	end	thread=1	value=1db14b23dd30a222	steps=0
runtime-adjacency-main	event-witness	engine=wf-runtime-loop	runtime-progress-costly-c4	4	2	begin	thread=1	value=ffffffffffffffe7	steps=1
runtime-adjacency-main	event-witness	engine=wf-runtime-loop	runtime-progress-costly-c4	5	2	end	thread=1	value=e693156bb1c0dc8b	steps=0
runtime-adjacency-main	event-witness	engine=wf-runtime-loop	runtime-progress-costly-c4	6	3	begin	thread=1	value=ffffffffffffffe7	steps=65536
runtime-adjacency-main	event-witness	engine=wf-runtime-loop	runtime-progress-costly-c4	7	3	end	thread=1	value=5bf64eff47a0b251	steps=0
runtime-adjacency-main	event-witness	engine=wf-runtime-loop	runtime-progress-costly-c4	8	4	begin	thread=1	value=ffffffffffffffe7	steps=1
runtime-adjacency-main	event-witness	engine=wf-runtime-loop	runtime-progress-costly-c4	9	4	end	thread=1	value=a91664903687ca54	steps=0
runtime-adjacency-main	event-witness	engine=wf-runtime-loop	runtime-progress-costly-c4	10	5	begin	thread=1	value=ffffffffffffffe7	steps=1
runtime-adjacency-main	event-witness	engine=wf-runtime-loop	runtime-progress-costly-c4	11	5	end	thread=1	value=8204c7b2a3d539d4	steps=0
runtime-adjacency-main	event-witness	engine=wf-runtime-loop	runtime-reverse-arrival-c4	8	4	begin	thread=1	value=ffffffffffffffe7	steps=1
runtime-adjacency-main	event-witness	engine=wf-runtime-loop	runtime-reverse-arrival-c4	9	4	end	thread=1	value=d94247dbece18222	steps=0
runtime-adjacency-main	event-witness	engine=wf-runtime-loop	runtime-reverse-arrival-c4	12	2	begin	thread=1	value=ffffffffffffffe7	steps=1
runtime-adjacency-main	event-witness	engine=wf-runtime-loop	runtime-reverse-arrival-c4	13	2	end	thread=1	value=f5953726fec8ffe1	steps=0
runtime-adjacency-main	event-witness	engine=wf-runtime-loop	runtime-reverse-arrival-c4	14	6	begin	thread=1	value=ffffffffffffffe7	steps=1
runtime-adjacency-main	event-witness	engine=wf-runtime-loop	runtime-reverse-arrival-c4	15	6	end	thread=1	value=bfdaae28e78f4d83	steps=0
runtime-adjacency-main	event-witness	engine=wf-runtime-tree	runtime-progress-costly-c4	0	1	begin	thread=1	value=ffffffffffffffe7	steps=1
runtime-adjacency-main	event-witness	engine=wf-runtime-tree	runtime-progress-costly-c4	1	1	end	thread=1	value=1db14b23dd30a222	steps=0
runtime-adjacency-main	event-witness	engine=wf-runtime-tree	runtime-progress-costly-c4	2	0	begin	thread=1	value=ffffffffffffffe7	steps=65536
runtime-adjacency-main	event-witness	engine=wf-runtime-tree	runtime-progress-costly-c4	3	0	end	thread=1	value=929b63f1ad8f38e0	steps=0
runtime-adjacency-main	event-witness	engine=wf-runtime-tree	runtime-progress-costly-c4	4	3	begin	thread=1	value=ffffffffffffffe7	steps=65536
runtime-adjacency-main	event-witness	engine=wf-runtime-tree	runtime-progress-costly-c4	5	2	begin	thread=3	value=ffffffffffffffe7	steps=1
runtime-adjacency-main	event-witness	engine=wf-runtime-tree	runtime-progress-costly-c4	6	2	end	thread=3	value=e693156bb1c0dc8b	steps=0
runtime-adjacency-main	event-witness	engine=wf-runtime-tree	runtime-progress-costly-c4	7	3	end	thread=1	value=5bf64eff47a0b251	steps=0
runtime-adjacency-main	event-witness	engine=wf-runtime-tree	runtime-progress-costly-c4	8	4	begin	thread=1	value=ffffffffffffffe7	steps=1
runtime-adjacency-main	event-witness	engine=wf-runtime-tree	runtime-progress-costly-c4	9	4	end	thread=1	value=a91664903687ca54	steps=0
runtime-adjacency-main	event-witness	engine=wf-runtime-tree	runtime-progress-costly-c4	10	5	begin	thread=1	value=ffffffffffffffe7	steps=1
runtime-adjacency-main	event-witness	engine=wf-runtime-tree	runtime-progress-costly-c4	11	5	end	thread=1	value=8204c7b2a3d539d4	steps=0
runtime-adjacency-main	event-witness	engine=wf-runtime-tree	runtime-reverse-arrival-c4	4	4	begin	thread=1	value=ffffffffffffffe7	steps=1
runtime-adjacency-main	event-witness	engine=wf-runtime-tree	runtime-reverse-arrival-c4	5	4	end	thread=1	value=d94247dbece18222	steps=0
runtime-adjacency-main	event-witness	engine=wf-runtime-tree	runtime-reverse-arrival-c4	12	2	begin	thread=3	value=ffffffffffffffe7	steps=1
runtime-adjacency-main	event-witness	engine=wf-runtime-tree	runtime-reverse-arrival-c4	13	2	end	thread=3	value=f5953726fec8ffe1	steps=0
runtime-adjacency-main	event-witness	engine=wf-runtime-tree	runtime-reverse-arrival-c4	14	6	begin	thread=1	value=ffffffffffffffe7	steps=1
runtime-adjacency-main	event-witness	engine=wf-runtime-tree	runtime-reverse-arrival-c4	15	6	end	thread=1	value=bfdaae28e78f4d83	steps=0
runtime-adjacency-main	event-witness	engine=wf-runtime-tree	runtime-triangle-c2	0	0	begin	thread=4	value=ffffffffffffffe7	steps=1
runtime-adjacency-main	event-witness	engine=wf-runtime-tree	runtime-triangle-c2	1	0	end	thread=4	value=df2ba1912d4b0222	steps=0
runtime-adjacency-main	event-witness	engine=wf-runtime-tree	runtime-triangle-c2	2	1	begin	thread=1	value=ffffffffffffffe7	steps=1
runtime-adjacency-main	event-witness	engine=wf-runtime-tree	runtime-triangle-c2	3	1	end	thread=1	value=b70f8d944ee35fe1	steps=0
runtime-adjacency-main	event-witness	engine=wf-runtime-tree	runtime-triangle-c2	4	2	begin	thread=1	value=ffffffffffffffe7	steps=1
runtime-adjacency-main	event-witness	engine=wf-runtime-tree	runtime-triangle-c2	5	2	end	thread=1	value=002f458d749a1923	steps=0
runtime-adjacency-main	event-witness	engine=tbb-runtime	runtime-progress-costly	0	1	begin	thread=1	value=ffffffffffffffe7	steps=1
runtime-adjacency-main	event-witness	engine=tbb-runtime	runtime-progress-costly	1	1	end	thread=1	value=1db14b23dd30a222	steps=0
runtime-adjacency-main	event-witness	engine=tbb-runtime	runtime-progress-costly	2	3	begin	thread=1	value=ffffffffffffffe7	steps=65536
runtime-adjacency-main	event-witness	engine=tbb-runtime	runtime-progress-costly	3	0	begin	thread=4	value=ffffffffffffffe7	steps=65536
runtime-adjacency-main	event-witness	engine=tbb-runtime	runtime-progress-costly	4	3	end	thread=1	value=5bf64eff47a0b251	steps=0
runtime-adjacency-main	event-witness	engine=tbb-runtime	runtime-progress-costly	5	0	end	thread=4	value=929b63f1ad8f38e0	steps=0
runtime-adjacency-main	event-witness	engine=tbb-runtime	runtime-progress-costly	6	2	begin	thread=4	value=ffffffffffffffe7	steps=1
runtime-adjacency-main	event-witness	engine=tbb-runtime	runtime-progress-costly	7	2	end	thread=4	value=e693156bb1c0dc8b	steps=0
runtime-adjacency-main	event-witness	engine=tbb-runtime	runtime-progress-costly	8	4	begin	thread=4	value=ffffffffffffffe7	steps=1
runtime-adjacency-main	event-witness	engine=tbb-runtime	runtime-progress-costly	9	4	end	thread=4	value=a91664903687ca54	steps=0
runtime-adjacency-main	event-witness	engine=tbb-runtime	runtime-progress-costly	10	5	begin	thread=4	value=ffffffffffffffe7	steps=1
runtime-adjacency-main	event-witness	engine=tbb-runtime	runtime-progress-costly	11	5	end	thread=4	value=8204c7b2a3d539d4	steps=0
runtime-adjacency-main	conclusion	functional_qualification=12 configurations passed	valid_case_executions=13748	task_row_executions=66932	malformed_case_executions=104	negative_comparators=18 rejected	costly_C4_task0_task3_overlap=loop0,tree0,native1	tree_other_overlap=tasks2 and3	cross_owner_rounds=added ordering retained	absent_overlap=limitation of this formulation and observation, not all ordinary source formulations	actual_steals=successful steals only, not grants or offers	performance_benefit=not measured
bridge-cost	protocol	published=b68f6777a0ef8c31a41da8a6a785ac6f67e644bb	prior_rows=1080	prior_prefix_sha256=a9575af3af5ac56c004d8f6c0f29a0b56870afe208d4e6a50862e253a5a5a194	criterion=DESIGN prospective cost qualification of the final bridge	no_threshold_or_batch_change=true
bridge-cost	matrix	fixtures=20	widths=1,4	cells=40	N=mode3 masks0..15	wide=cheap,costly	spine=8-0,8-1	passes=5	warmup_batches=1	measured_batches=5
bridge-cost	batch	cheap_W1=65536	cheap_W4=4096	costly=32	measured_wall_floor_ns=1000000	measured_CPU_floor_ns=1000000	CPU_direction_count=independent of wall direction
bridge-cost	criterion	primary=N9W4 wall B/C>=1/0.9 and4of5 faster	wall_floor=0.97	CPU_floor=0.90	null_wall_band=0.97..1/0.97	null_CPU_band=0.90..1/0.90	control_failure=stop all cost work, no conditional arm
bridge-cost	input	WF_source_sha256=d379b927cab342daf68645b4bb15ee0de88623e70c8589fdde33c72b0f3f6c71	adapter_sha256=5f7946a58323f2073e30ee93b741d4f01968cb6bb325147c7147fa3cfdab6420
bridge-cost	input	probe_source_sha256=f943e3175342ef17305f40db11584a35970c3c957ada2258112b7effbe3ef84f	driver_sha256=fb11d480c018fba6a79b39b740645fdd682e3a3dcbce13c6607b6373ae7bb570
bridge-cost	input	Makefile_sha256=34a84fcb7ef84f05ddef800c24171b850bce11cb7802957610424bad0518fb85	observer_sha256=95740fb87edcd550940cae3951b0b73b000453e9cc6022616135fea169df77bd	host_adapter_sha256=4e04bcf39eee9edfb02bbec182cf4bbf0d5f2e577003ec3a193dbce143c40813
bridge-cost	input	main_CLI_sha256=cbffd4dd1ae8641ef03790457181188988bf70cc4af1a53c50c1f406307bb7f9	final_CLI_sha256=6f61f0e27f8e162c50f1cb7c0391f6b4a2ac77c78806f79741134599f6a1bd58
bridge-cost	input	main_raw_LLVM_sha256=413d5e72f8f02237745a725a89d575f04bc0b048ecf092e0a1b5e9ea7f2c9505	final_raw_LLVM_sha256=52072dca4ef8c9913d776b6929a7011caea3d014c919ee26ee4d158f0244b149
bridge-cost	input	main_plain_image_sha256=3bfdab9aa4a1b9fb4f1cf043c4c71faaa5940f3a35d5eb007651716e7f7b2f64	final_plain_image_sha256=11df4a3dfa199929712a02685cc3173f25d9388031a269e90f374fa6d285e839	shared_probe_object_sha256=8be905d703287e3733b2af23a61d271ea9992e0293371f18ee28e7a00c63d248
bridge-cost	input	baseline_core_source_sha256=48f0080fd5c43e9e07691a05936c36e232b76d1bde309b6f53bc912176ac3285	candidate_core_source_sha256=79aefbd14afd647ed22ae5806e57785aee23d3f8136fb003507b5f2fa4d6f625
bridge-cost	input	baseline_sched_core_object_sha256=0655633c69666fcce21bf67258101aedb49c914fc50a6cc8edbfe22a8315e645	candidate_sched_core_object_sha256=2535fe515334a38bbd1e69a7b4e2e152ff427792ee1604475090aa72b35a8d59	other11_runtime_objects=byte-identical	flags=-std=c11 -pthread -O2 -Wno-override-module
bridge-cost	static	wide_group_members=4	wide_offers=3	wide_inline_calls=1	both_emissions=verified	prior_main_nonmain_functions_correspond=51	prior_final_nonmain_functions_correspond=52	full_adjacency_nonmain_functions_correspond=85
bridge-cost	static	B_C_corresponding_functions_equal_after_generated_symbol_renaming=91	B_C_changed_function=wf_dag_n	C_extra_bridge_thunks=1	wide_bodies=equal after thunk renaming	linked_module_layout=explicit limitation
bridge-cost	static	original_main_raw_bytes=332996	new_main_raw_bytes=347259	new_final_raw_bytes=349541	source_emission_manifest_sha256=ca285b4bba9f6ee5fe8d50d331a6fa6086d768252ea1212ed600a0cc07bd2cc2	correspondence_table_sha256=69184e4d31870537f4c1923205f2dab40eb80aca6bd049d2c801acefa986bffe
bridge-cost	instrument	result=PASS	checks=complete identical data, missing sample, duplicate sample, unknown fixture, wrong batch, interval floor, independent CPU direction, exact benefit/protection boundary	WF_work_executed=false
bridge-cost	construction	arm=B	emission_real_seconds=0.54	emission_guard_seconds=0.63	native_real_seconds=2.26	native_guard_seconds=2.29	exit=0
bridge-cost	construction	arm=C	emission_real_seconds=0.53	emission_guard_seconds=0.54	native_real_seconds=0.91	native_guard_seconds=0.98	exit=0
bridge-cost	setup	initial_attempt=sandbox CPU inventory denied	WF_processes_started=0	guarded_execution_phases_started=0	samples_started=0	refusal_log_sha256=8bd96a83406780b4c4c00f9f6112663a2ec0c0ba909a9ba0065d8b1b9a80cd4d	resumption=permitted read-only inventory, coordinator classified as uncompleted setup
bridge-cost	host	permitted_hw_logicalcpu=8	wall_clock=CLOCK_MONOTONIC	CPU_clock=task_info_live_plus_exited	affinity=inherited	WF_SPLIT_WORK=unset
bridge-cost	correctness	B_W1=PASS117cases964tasks	B_W4=PASS117cases964tasks	C_W1=PASS117cases964tasks	C_W4=PASS117cases964tasks	phase_real_seconds=0.86	phase_guard_seconds=0.88	exit=0
bridge-cost	null_identity	baseline_label_image=3bfdab9aa4a1b9fb4f1cf043c4c71faaa5940f3a35d5eb007651716e7f7b2f64	candidate_label_image=3bfdab9aa4a1b9fb4f1cf043c4c71faaa5940f3a35d5eb007651716e7f7b2f64	path=cost-qualification/main/build/dag_fanin_cost_plain
bridge-cost	raw	fixture=n-0-3	label=baseline	workers=1	pass=0	sample=0	role=warmup	wall_ns=338000	CPU_ns=334000	nominal_calls=65536	actual_calls=65536	tasks_per_call=4	value_count_input_canary_checks=PASS
bridge-cost	raw	fixture=n-0-3	label=baseline	workers=1	pass=0	sample=1	role=measured	wall_ns=333000	CPU_ns=331000	nominal_calls=65536	actual_calls=65536	tasks_per_call=4	value_count_input_canary_checks=PASS
bridge-cost	stop	cause=measured wall and CPU below selected1ms floor	probe_exit=2	guard_exit=2	phase_real_seconds=0.02	phase_guard_seconds=0.11	null_processes=1	warmup_rows=1	measured_rows=1	complete_paired_cells=0
bridge-cost	not_run	remaining_null_processes=399	doubled_work_control_processes=20	B_C_processes=400	conditional_runtime_construction=not started	B_R_processes=400	conditional_correctness_processes=2
bridge-cost	integrity	executable_input_manifest_recheck=all7 passed	image_input_changes=none	partial_null_raw_sha256=da2fec0ab7ae79233806eb59e82f206c30959054f9c874392f152d234aa8ced9	artifact_session=cost-qualification/
bridge-cost	hosted_context	revision=b68f6777a0ef8c31a41da8a6a785ac6f67e644bb	run=35855818399	formal_null=PASS0suspects0CPUreports	formal_comparison=PASS0suspects0CPUreports	null_stencil_W4_B_over_C=1.091467	comparison_stencil_W1_B_over_C=0.955140	comparison_stencil_W1_adverse_pairs=3of5	limitation=weaker formal rule does not waive selected research criteria
bridge-cost	conclusion	cost_qualification=INCONCLUSIVE interval-floor stop	compiler_bridge=withdraw under prospective stop rule	DONE_first=not cost-qualified, withdraw	paired_ratios=none	conditional_runtime_arm=not reached	reruns=0	batch_or_threshold_changes=0	new_scheduling_alternative=none
bridge-cost-resolution-protocol	amendment	status=prospective, awaiting publication	prior_session=bridge-cost	prior_session_relabelled=false	prior_unpaired_baseline_ns_per_call=5.0811767578125	paired_or_candidate_cost_outcomes_observed=0	disposition_change=one resolution correction before cost choice
bridge-cost-resolution-protocol	batch	cheap_W1=1048576	cheap_W4=16384	costly=32	W1_multiplier=16	W4_multiplier=4	scaled_prior_W1_wall_ns=5328000	input_program_and_graph=unchanged	impact=more complete calls, longer possible phases
bridge-cost-resolution-protocol	invariants	floor_ns=1000000	cells=40	passes=5	warmups=1	samples=5	thresholds=unchanged	null_and_slowdown_controls=unchanged	phase_cap_seconds=30	max_construction_jobs=2	new_measurements=not started
bridge-cost-resolution-protocol	stop	resolution_corrections_allowed=1	any_revised_interval_correctness_timeout_null_control_issue=stop all cost work and withdraw both candidates	further_instrument_change=forbidden	conditional_runtime_arm=only after valid controls and complete combined comparison	old_raw_rows=kept separate
bridge-cost-resolution	publication	amendment=2d7a408946a360499be29b29e9fdc8e1a9e310e8	prior_rows=1113	prior_prefix_sha256=fb550998ecb70729e34522dc4cbad9b446e0576604c95729b666105e7ab95971	old_session=bridge-cost, unchanged
bridge-cost-resolution	input	probe_source_sha256=4a03627460ca290e89348e4318f3d037bf6e3b5a65a2ed4569ef1e59fac2bbe0	driver_sha256=07686b2d467a00e6ebaaf8b6c81fe0fb7190bcf0337bebd095d0515fec10877c	cheap_W1=1048576	cheap_W4=16384	costly=32
bridge-cost-resolution	input	main_plain_image_sha256=f3be933a4a2625b01094bc63b0b44577c6928808decd9ac6a5dc795e564010b6	final_plain_image_sha256=3dc6a0484cf0af554feeac265bcd11766ab405350fbd71214ce9f826b2f415d6	shared_probe_object_sha256=3561e97483c57848a753bb1f6afadf3b888404f82e830191d5aa75256e0592fb
bridge-cost-resolution	static	both_arms_plain_and_trace_LLVM=byte-identical to first session	both_arms_plain_and_trace_LLVM_objects=byte-identical to first session	all_runtime_objects=reused immutable first-session objects	executable_input_manifest_recheck=all7 passed
bridge-cost-resolution	construction	B_real_seconds=2.36	B_guard_seconds=2.48	C_real_seconds=0.89	C_guard_seconds=0.97	real_total_seconds=3.25	guard_total_seconds=3.45	compiler_emissions=0	dependency_builds=0	exit=0
bridge-cost-resolution	setup	preconstruction_external_owner=83833	preflight_guard_refusal_owner=92922	refusal_exit=75	WF_processes_started_by_refused_setup=0	preflight_after_guard=once only	refusal_log_sha256=bf43c1afddad12e324649c9761a97b4a11ac9852808035cd5e6319b5967160c2
bridge-cost-resolution	correctness	B_W1=PASS117cases964tasks	B_W4=PASS117cases964tasks	C_W1=PASS117cases964tasks	C_W4=PASS117cases964tasks	real_seconds=0.87	guard_seconds=0.97
bridge-cost-resolution	null_identity	both_label_image_sha256=f3be933a4a2625b01094bc63b0b44577c6928808decd9ac6a5dc795e564010b6	both_label_path=cost-resolution/main/build/dag_fanin_cost_plain	available_CPUs=8	wall_clock=CLOCK_MONOTONIC	CPU_clock=task_info_live_plus_exited
bridge-cost-resolution	null_execution	phases=10	processes=400	warmup_rows=400	measured_rows=2000	cells=40	minimum_wall_ns=2934000	minimum_CPU_ns=1843000	all_value_count_input_canary_checks=PASS	all_interval_floors=PASS
bridge-cost-resolution	null_cost	phase_real_min_seconds=2.21	phase_real_max_seconds=2.46	real_total_seconds=23.25	guard_total_seconds=23.78	phase_cap_seconds=30	all_phases_exit=0
bridge-cost-resolution	execution_total	correctness_plus_null_real_seconds=24.12	correctness_plus_null_guard_seconds=24.75	construction_excluded=true
bridge-cost-resolution	null_artifact	raw_sha256=ad7bd71245dc849ad68c5af11de96f919501dc135de2c061fd485e3f2aa56990	paired_sha256=1a4aeb55264c9dd15ffb47bf2fa7fc961150d16d5ed62bd9d689b1b88bae3935	verdict_sha256=5cf053f5db0358fd0450ae862d95817c0258c9998ed1d28a4626977d2ba35a16	artifact_session=cost-resolution/
bridge-cost-resolution	paired-columns	fixture	width	wall_B_over_C	cpu_B_over_C	wall_C_slower_pairs	cpu_C_slower_pairs	wall_C_faster_pairs	cpu_C_faster_pairs	B_wall_ns_per_call	C_wall_ns_per_call	B_cpu_ns_per_call	C_cpu_ns_per_call	paired_wall_delta_ns_per_call	verdict
bridge-cost-resolution	null-paired	n-0-3	1	1.002262443438914	1.0018867924528303	2	2	3	3	5.06591796875	5.05828857421875	5.062103271484375	5.0554275512695312	-0.011444091796875	pass
bridge-cost-resolution	null-paired	n-0-3	4	0.97491821155943292	1.0286870653025375	3	2	2	3	979.1259765625	1507.568359375	3766.54052734375	5142.4560546875	23.86474609375	pass
bridge-cost-resolution	null-paired	n-1-3	1	1.0055096418732783	1.0042905301869445	0	0	5	5	102656.25	101906.25	102406.25	101843.75	-562.5	pass
bridge-cost-resolution	null-paired	n-1-3	4	0.99596076168493941	0.98946498657302207	5	4	0	1	108031.25	108812.5	148656.25	149812.5	437.5	pass
bridge-cost-resolution	null-paired	n-2-3	1	1.0015356265356266	1.0018438844499078	2	1	3	3	101906.25	101812.5	101875	101687.5	-156.25	pass
bridge-cost-resolution	null-paired	n-2-3	4	0.99456366237482119	1.0014638226683397	3	2	2	3	108906.25	109468.75	149656.25	151125	593.75	pass
bridge-cost-resolution	null-paired	n-3-3	1	1.0003067014261617	1.0001534448365812	2	1	3	3	203843.75	203781.25	203687.5	203687.5	-62.5	pass
bridge-cost-resolution	null-paired	n-3-3	4	1.000278164116829	0.98884649251540946	2	3	3	2	112375	112343.75	210562.5	212937.5	-31.25	pass
bridge-cost-resolution	null-paired	n-4-3	1	1.003688902551491	1.0033825338253382	1	1	4	4	102093.75	101812.5	102062.5	101750	-375	pass
bridge-cost-resolution	null-paired	n-4-3	4	1.0167533217793183	1.0122311261071277	1	1	4	4	110000	108468.75	150000	148906.25	-1812.5	pass
bridge-cost-resolution	null-paired	n-5-3	1	0.9995406522737712	0.99954037076758084	3	3	2	2	204000	204250	203875	204093.75	93.75	pass
bridge-cost-resolution	null-paired	n-5-3	4	1.0031357324175003	1.0029695619896066	1	1	4	4	210218.75	209593.75	247562.5	246812.5	-656.25	pass
bridge-cost-resolution	null-paired	n-6-3	1	0.99938631482049711	0.999539453484802	3	3	2	2	203750	203812.5	203718.75	203750	125	pass
bridge-cost-resolution	null-paired	n-6-3	4	1.0008935219657484	0.99823031222348624	2	4	3	1	210031.25	209875	247031.25	247218.75	-187.5	pass
bridge-cost-resolution	null-paired	n-7-3	1	1.0044079958995387	1.0043068088597211	1	1	4	4	306187.5	305875	306062.5	305750	-1343.75	pass
bridge-cost-resolution	null-paired	n-7-3	4	1.0004935834155972	0.99344262295081964	2	3	3	2	253937.5	253843.75	382593.75	384656.25	-125	pass
bridge-cost-resolution	null-paired	n-8-3	1	0.99877225291589933	0.99785078292907581	3	3	2	2	102031.25	102218.75	101937.5	102093.75	125	pass
bridge-cost-resolution	null-paired	n-8-3	4	1.0083936324167873	1.0206663854913538	1	1	4	4	111281.25	108343.75	155500	148781.25	-906.25	pass
bridge-cost-resolution	null-paired	n-9-3	1	0.99862237869279047	0.99800429843414185	3	4	1	1	203781.25	203968.75	203625	203937.5	281.25	pass
bridge-cost-resolution	null-paired	n-9-3	4	1.0093959731543625	1.0108791903858318	2	2	3	3	211500	210250	249718.75	247125	-1968.75	pass
bridge-cost-resolution	null-paired	n-10-3	1	1	0.99985083532219565	2	3	2	2	203843.75	204093.75	203718.75	203968.75	0	pass
bridge-cost-resolution	null-paired	n-10-3	4	0.99955403597443138	1.0030291556228701	3	2	1	3	210093.75	210937.5	247781.25	247750	93.75	pass
bridge-cost-resolution	null-paired	n-11-3	1	1.0006959634122092	1.0007957032027055	2	2	3	3	314531.25	305562.5	314437.5	305406.25	-218.75	pass
bridge-cost-resolution	null-paired	n-11-3	4	0.97726111394992332	1.0062059454489733	4	2	1	3	244625	244625	396687.5	395468.75	5562.5	pass
bridge-cost-resolution	null-paired	n-12-3	1	1.0033752684872661	1.0032233307751344	2	2	3	3	204875	203687.5	204375	203625	-687.5	pass
bridge-cost-resolution	null-paired	n-12-3	4	1.0011157601115761	1.2979956932251118	1	2	3	3	112500	112187.5	202000	153781.25	-125	inconclusive_null
bridge-cost-resolution	null-paired	n-13-3	1	0.99795668165100127	0.99785363859362219	3	3	2	2	306281.25	305875	306187.5	305750	625	pass
bridge-cost-resolution	null-paired	n-13-3	4	0.99607361963190189	0.99648635397940843	4	4	1	1	253062.5	253812.5	381093.75	382437.5	1000	pass
bridge-cost-resolution	null-paired	n-14-3	1	1.0003066857493355	1.0006136224176723	2	2	3	3	305781.25	305687.5	305750	305562.5	-93.75	pass
bridge-cost-resolution	null-paired	n-14-3	4	1.0035271064663618	0.99310012836970474	1	4	4	1	240812.5	239531.25	390718.75	392593.75	-843.75	pass
bridge-cost-resolution	null-paired	n-15-3	1	0.99969381506429889	0.99977013255689218	3	3	2	2	407812.5	407968.75	407687.5	407843.75	125	pass
bridge-cost-resolution	null-paired	n-15-3	4	0.99928335961014758	0.98674410659378198	4	3	1	2	217250	217406.25	451281.25	431000	156.25	pass
bridge-cost-resolution	null-paired	wide-cheap	1	0.99961627014581733	0.99980817187799731	3	3	2	2	4.9829483032226562	4.9772262573242188	4.9800872802734375	4.9762725830078125	0.0019073486328125	pass
bridge-cost-resolution	null-paired	wide-cheap	4	0.99338387319090282	0.96749288395173683	4	4	1	1	1248.1689453125	1256.04248046875	4688.53759765625	4884.33837890625	8.7890625	pass
bridge-cost-resolution	null-paired	wide-costly	1	0.99747281360085771	0.99754864409376431	3	3	1	2	407593.75	408062.5	407437.5	407937.5	1031.25	pass
bridge-cost-resolution	null-paired	wide-costly	4	0.99885681623320954	0.93476085651390839	3	3	2	2	109312.5	109500	291937.5	312312.5	125	pass
bridge-cost-resolution	null-paired	spine-8-0	1	0.99928850942725012	0.99957295373665478	3	3	2	2	13.373374938964844	13.385772705078125	13.369560241699219	13.379096984863281	0.0095367431640625	pass
bridge-cost-resolution	null-paired	spine-8-0	4	0.98078467985322537	0.93587938392218872	4	3	1	2	2776.55029296875	2819.82421875	10613.58642578125	10859.19189453125	54.01611328125	pass
bridge-cost-resolution	null-paired	spine-8-1	1	0.9994257054251694	0.9998467432950191	3	3	2	2	814875	815062.5	814593.75	814687.5	468.75	pass
bridge-cost-resolution	null-paired	spine-8-1	4	1.1949915221077345	1.1825007903888713	1	0	4	5	283281.25	229031.25	935062.5	790750	-46718.75	inconclusive_null
bridge-cost-resolution	stop	verdict=NOT_QUALIFIED	failed_cells=2	within_band_cells=38	N12W4=CPU upper null band	spine8profile1W4=wall and CPU upper null bands	driver_exit=2	complete_null_reductions=1
bridge-cost-resolution	not_run	doubled_work_controls=0	combined_candidate_timing=0	runtime_only_construction=0	runtime_only_timing=0	further_measurement=none
bridge-cost-resolution	withdrawal	compiler_bridge=withdraw	DONE_first=withdraw	basis=selected identical-image control nonqualification	implementation_regression=not established	cause_of_identical_input_variation=not identified	further_instrument_change=none	reruns=0
bridge-cost-resolution	runtime_retirement	core_and_deque_probe=byte-identical to345e2966a	original200000task_stress=preserved	core_sha256=48f0080fd5c43e9e07691a05936c36e232b76d1bde309b6f53bc912176ac3285	deque_probe_sha256=a30b0ab5195da0d26b440fb82d90c980d831504e419c51c24dde6a62afa79667	post_withdrawal_tests=not claimed here
# Separate baseline-only CPU-accounting diagnostic; all recorded executions are complete.
clock-accounting	criterion	revision=493ca94b7bf42f9e987f24b3ea21d16c51c259de	construction_after_publication=true	execution_after_publication=true	candidate_actions=0	retries=0
clock-accounting	scope	fixture=wide-costly	widths=1,4	children=2	warmups_per_child=1	batches_per_child=64	calls_per_batch=32	checks=130	ABI_calls=4160	task_evaluations=16640	all_oracles=PASS
clock-accounting	host	system=Darwin25.6.0	kernel=xnu-12377.161.14~5/RELEASE_ARM64_T6000	clang=Apple clang21.0.0(clang-2100.3.34.2)	construction=default tool permissions	execution=require_escalated tool permissions	raw_query_errors=none	WF_SPLIT_WORK=unset
clock-accounting	cost	build_command_seconds=1.48	build_guard_seconds=1.50	execute_command_seconds=1.62	execute_guard_seconds=1.63	separate_guard_caps_seconds=30	build_exit=0	execute_exit=0	child_exits=0,0	stderr=empty
clock-accounting	inputs	base_compiler_and_runtime=345e2966a45c995d6cebbb7f6b128a66235cd20f	probe_preimage_revision=493ca94b7bf42f9e987f24b3ea21d16c51c259de	probe_preimage_path=research/experiments/compute-bench/dag_fanin_probe.cpp	probe_preimage_sha256=4a03627460ca290e89348e4318f3d037bf6e3b5a65a2ed4569ef1e59fac2bbe0
clock-accounting	source	diagnostic_source_sha256=0a560f025dd551872d37b8792b6253a4e86a9fd4b827772809564b61fc900fd6	scratch_patch_sha256=af0b978b5bfdef3d1a30a081276c3360c73dbec28f263aa184c1ba5122e6a59d	retained_patch=only two header paths normalized	portable_build=only input path binding changed; not executed
clock-accounting	scratch-identities	inputs_manifest_sha256=6036dd474ac8bef469974dc20fe2ba66a0091541e9a303a55440402d5679ea18	outputs_manifest_sha256=ded008a0d2641f7e88a1f89c57b4d20d1db42c3736c3b1ff4411ba2e69253f41	probe_object_sha256=3027750895e56dd11aa33b3a54e4b716c8a1e1c1b35f53a98c5be81a9d331446	image_sha256=1eccf27800b214a601b556b1713b0de061dbce81a773f1792c46d95019549781
clock-accounting	scratch-logs	build_sha256=783bfb21071bb02498397de9477bdcc9897ffc0c56d8b1f3bf2d7ddce0fc0fe1	execute_sha256=d698e5d4563af165d6479480511fada91c4428857685f3df640b51ab1c4fbbde	original_commands_sha256=c261a803ec5aafebaa5a8c765bf355804f4a5cc3d04309a2f3bb104451c19ba5	original_build_sha256=0c9536192127682f4941d5d16c855dc4b60e5624c05199727604135d896e8a6f
clock-accounting	interpretation	short_work_batch_violation=not reproduced	W4_gap_physical_violations=25/65	short_boundary_attribution=unsupported	longer_interval_accuracy=unqualified	kernel_cause=not identified	actual_gap_work=not inferred	original_null=NOT_QUALIFIED unchanged	candidates=withdrawn unchanged
clock-accounting	retention	caller=manual extraction/reduction/source reconstruction in DESIGN.md accounting result	native_relink=requires separately retained hash-matched native inputs; no standalone binary reproduction claim	lifecycle=retire replay support when this diagnostic is superseded and no live claim needs it; keep useful dated raw evidence	daily_gate_dependency=none	prior_stream_sha256=3b77d865e062f0718f9fa4adcc3518bab061550a5d72abd721b200bf037c383f
clock-accounting	W1.stdout	# clock-accounting	fixture=wide-costly	width=1	plain=1	warmups=1	batches=64	calls_per_batch=32	cpu_clock=task_info_live_plus_exited	wall_clock=CLOCK_MONOTONIC	kernel=Darwin	release=25.6.0	version=Darwin Kernel Version 25.6.0: Fri Jul 31 19:18:49 PDT 2026; root:xnu-12377.161.14~5/RELEASE_ARM64_T6000
clock-accounting	W1.stdout	# account_columns	kind	width	index	wall_ns	cpu_delta_ns	rounding_allowance_ns	physical_cpus	physical_excess	start_before	start_after	start_live_user	start_live_system	start_exited_user	start_exited_system	start_threads	end_before	end_after	end_live_user	end_live_system	end_exited_user	end_exited_system	end_threads
clock-accounting	W1.stdout	policy	1	before-warmup	logical_rc=0	logical_errno=0	logical=8	levels_rc=0	levels_errno=0	levels=2	sysconf=8	sysconf_errno=0	primitive_cpus=8	primitive_levels=2	calculated_window_us=0	observed_helpers=0	actual_threads=2	private_startup_window=unobserved
clock-accounting	W1.stdout	account	warmup	1	0	15359000	15354000	12000	8	0	1614192126397000	1614192126399000	1774000	1258000	0	0	2	1614192141751000	1614192141756000	17118000	1268000	0	0	2
clock-accounting	W1.stdout	policy	1	after-warmup	logical_rc=0	logical_errno=0	logical=8	levels_rc=0	levels_errno=0	levels=2	sysconf=8	sysconf_errno=0	primitive_cpus=8	primitive_levels=2	calculated_window_us=0	observed_helpers=0	actual_threads=2	private_startup_window=unobserved
clock-accounting	W1.stdout	width_check	1	after-warmup	expected_helpers=0	observed_helpers=0	matched
clock-accounting	W1.stdout	account	short	1	0	14926000	14925000	12000	8	0	1614192141841000	1614192141843000	17126000	1350000	0	0	2	1614192156765000	1614192156767000	32038000	1363000	0	0	2
clock-accounting	W1.stdout	account	short	1	1	13660000	13659000	12000	8	0	1614192156778000	1614192156779000	32040000	1373000	0	0	2	1614192170437000	1614192170438000	45683000	1389000	0	0	2
clock-accounting	W1.stdout	account	short	1	2	13100000	13088000	12000	8	0	1614192170448000	1614192170449000	45685000	1398000	0	0	2	1614192183540000	1614192183548000	58732000	1439000	0	0	2
clock-accounting	W1.stdout	account	short	1	3	13095000	13089000	12000	8	0	1614192183568000	1614192183570000	58736000	1463000	0	0	2	1614192196659000	1614192196663000	71767000	1521000	0	0	2
clock-accounting	W1.stdout	account	short	1	4	13019000	13017000	12000	8	0	1614192196679000	1614192196681000	71770000	1537000	0	0	2	1614192209696000	1614192209698000	84762000	1562000	0	0	2
clock-accounting	W1.stdout	account	short	1	5	13127000	13126000	12000	8	0	1614192209713000	1614192209715000	84764000	1577000	0	0	2	1614192222839000	1614192222840000	97861000	1606000	0	0	2
clock-accounting	W1.stdout	account	short	1	6	13016000	13015000	12000	8	0	1614192222855000	1614192222856000	97862000	1620000	0	0	2	1614192235870000	1614192235871000	110858000	1639000	0	0	2
clock-accounting	W1.stdout	account	short	1	7	13084000	13083000	12000	8	0	1614192235881000	1614192235882000	110860000	1648000	0	0	2	1614192248964000	1614192248965000	123867000	1724000	0	0	2
clock-accounting	W1.stdout	account	short	1	8	13044000	13042000	12000	8	0	1614192248975000	1614192248976000	123869000	1733000	0	0	2	1614192262017000	1614192262019000	136881000	1763000	0	0	2
clock-accounting	W1.stdout	account	short	1	9	13020000	13018000	12000	8	0	1614192262028000	1614192262030000	136883000	1773000	0	0	2	1614192275047000	1614192275048000	149876000	1798000	0	0	2
clock-accounting	W1.stdout	account	short	1	10	13034000	13030000	12000	8	0	1614192275057000	1614192275058000	149878000	1806000	0	0	2	1614192288087000	1614192288091000	162892000	1822000	0	0	2
clock-accounting	W1.stdout	account	short	1	11	13004000	13003000	12000	8	0	1614192288100000	1614192288101000	162894000	1833000	0	0	2	1614192301103000	1614192301104000	175890000	1840000	0	0	2
clock-accounting	W1.stdout	account	short	1	12	13087000	13086000	12000	8	0	1614192301113000	1614192301114000	175891000	1849000	0	0	2	1614192314199000	1614192314200000	188912000	1914000	0	0	2
clock-accounting	W1.stdout	account	short	1	13	13034000	13032000	12000	8	0	1614192314208000	1614192314210000	188913000	1922000	0	0	2	1614192327240000	1614192327242000	201920000	1947000	0	0	2
clock-accounting	W1.stdout	account	short	1	14	13012000	13010000	12000	8	0	1614192327253000	1614192327254000	201922000	1958000	0	0	2	1614192340263000	1614192340265000	214914000	1976000	0	0	2
clock-accounting	W1.stdout	account	short	1	15	13035000	13033000	12000	8	0	1614192340274000	1614192340275000	214916000	1985000	0	0	2	1614192353308000	1614192353309000	227924000	2010000	0	0	2
clock-accounting	W1.stdout	account	short	1	16	13016000	13014000	12000	8	0	1614192353318000	1614192353319000	227926000	2019000	0	0	2	1614192366332000	1614192366334000	240922000	2037000	0	0	2
clock-accounting	W1.stdout	account	short	1	17	13045000	13044000	12000	8	0	1614192366356000	1614192366357000	240924000	2058000	0	0	2	1614192379399000	1614192379401000	253914000	2112000	0	0	2
clock-accounting	W1.stdout	account	short	1	18	13060000	13058000	12000	8	0	1614192379409000	1614192379411000	253916000	2120000	0	0	2	1614192392468000	1614192392469000	266961000	2133000	0	0	2
clock-accounting	W1.stdout	account	short	1	19	13017000	13016000	12000	8	0	1614192392482000	1614192392483000	266963000	2146000	0	0	2	1614192405498000	1614192405499000	279968000	2157000	0	0	2
clock-accounting	W1.stdout	account	short	1	20	13039000	13032000	12000	8	0	1614192405511000	1614192405513000	279970000	2168000	0	0	2	1614192418548000	1614192418550000	292984000	2186000	0	0	2
clock-accounting	W1.stdout	account	short	1	21	13016000	13014000	12000	8	0	1614192418565000	1614192418567000	292986000	2201000	0	0	2	1614192431579000	1614192431581000	305985000	2216000	0	0	2
clock-accounting	W1.stdout	account	short	1	22	13010000	13008000	12000	8	0	1614192431596000	1614192431597000	305987000	2231000	0	0	2	1614192444604000	1614192444606000	318981000	2245000	0	0	2
clock-accounting	W1.stdout	account	short	1	23	13044000	13041000	12000	8	0	1614192444619000	1614192444620000	318983000	2258000	0	0	2	1614192457661000	1614192457663000	332011000	2271000	0	0	2
clock-accounting	W1.stdout	account	short	1	24	13306000	13304000	12000	8	0	1614192457674000	1614192457675000	332014000	2282000	0	0	2	1614192470978000	1614192470980000	345293000	2307000	0	0	2
clock-accounting	W1.stdout	account	short	1	25	13179000	13177000	12000	8	0	1614192471011000	1614192471012000	345296000	2337000	0	0	2	1614192484189000	1614192484190000	358456000	2354000	0	0	2
clock-accounting	W1.stdout	account	short	1	26	13331000	13282000	12000	8	0	1614192484216000	1614192484218000	358458000	2379000	0	0	2	1614192497542000	1614192497547000	371702000	2417000	0	0	2
clock-accounting	W1.stdout	account	short	1	27	13099000	13095000	12000	8	0	1614192497585000	1614192497586000	371706000	2455000	0	0	2	1614192510680000	1614192510684000	384779000	2477000	0	0	2
clock-accounting	W1.stdout	account	short	1	28	13057000	13057000	12000	8	0	1614192510700000	1614192510704000	384782000	2494000	0	0	2	1614192523756000	1614192523757000	397806000	2527000	0	0	2
clock-accounting	W1.stdout	account	short	1	29	13045000	13042000	12000	8	0	1614192523774000	1614192523775000	397808000	2543000	0	0	2	1614192536817000	1614192536819000	410839000	2554000	0	0	2
clock-accounting	W1.stdout	account	short	1	30	13327000	13305000	12000	8	0	1614192536833000	1614192536834000	410841000	2568000	0	0	2	1614192550157000	1614192550160000	424116000	2598000	0	0	2
clock-accounting	W1.stdout	account	short	1	31	13281000	13278000	12000	8	0	1614192550191000	1614192550193000	424119000	2629000	0	0	2	1614192563469000	1614192563472000	437383000	2643000	0	0	2
clock-accounting	W1.stdout	account	short	1	32	13296000	13292000	12000	8	0	1614192563509000	1614192563511000	437386000	2680000	0	0	2	1614192576802000	1614192576805000	450661000	2697000	0	0	2
clock-accounting	W1.stdout	account	short	1	33	13574000	13572000	12000	8	0	1614192576829000	1614192576830000	450664000	2722000	0	0	2	1614192590401000	1614192590403000	464220000	2738000	0	0	2
clock-accounting	W1.stdout	account	short	1	34	13718000	13714000	12000	8	0	1614192590433000	1614192590434000	464222000	2768000	0	0	2	1614192604147000	1614192604151000	477919000	2785000	0	0	2
clock-accounting	W1.stdout	account	short	1	35	13571000	13569000	12000	8	0	1614192604230000	1614192604236000	477924000	2852000	0	0	2	1614192617799000	1614192617801000	491474000	2871000	0	0	2
clock-accounting	W1.stdout	account	short	1	36	13357000	13355000	12000	8	0	1614192617834000	1614192617836000	491477000	2903000	0	0	2	1614192631189000	1614192631191000	504814000	2921000	0	0	2
clock-accounting	W1.stdout	account	short	1	37	13032000	13029000	12000	8	0	1614192631210000	1614192631211000	504816000	2940000	0	0	2	1614192644239000	1614192644242000	517816000	2969000	0	0	2
clock-accounting	W1.stdout	account	short	1	38	13014000	13012000	12000	8	0	1614192644259000	1614192644260000	517818000	2987000	0	0	2	1614192657271000	1614192657273000	530816000	3001000	0	0	2
clock-accounting	W1.stdout	account	short	1	39	13048000	13046000	12000	8	0	1614192657290000	1614192657291000	530818000	3018000	0	0	2	1614192670336000	1614192670338000	543852000	3030000	0	0	2
clock-accounting	W1.stdout	account	short	1	40	13026000	13025000	12000	8	0	1614192670352000	1614192670353000	543854000	3043000	0	0	2	1614192683377000	1614192683378000	556868000	3054000	0	0	2
clock-accounting	W1.stdout	account	short	1	41	13074000	13072000	12000	8	0	1614192683392000	1614192683394000	556870000	3068000	0	0	2	1614192696464000	1614192696466000	569921000	3089000	0	0	2
clock-accounting	W1.stdout	account	short	1	42	13019000	13018000	12000	8	0	1614192696485000	1614192696486000	569922000	3108000	0	0	2	1614192709503000	1614192709504000	582929000	3119000	0	0	2
clock-accounting	W1.stdout	account	short	1	43	13009000	13008000	12000	8	0	1614192709541000	1614192709543000	582931000	3155000	0	0	2	1614192722548000	1614192722550000	595925000	3169000	0	0	2
clock-accounting	W1.stdout	account	short	1	44	13419000	13405000	12000	8	0	1614192722568000	1614192722569000	595927000	3186000	0	0	2	1614192735979000	1614192735987000	609301000	3217000	0	0	2
clock-accounting	W1.stdout	account	short	1	45	13325000	13272000	12000	8	0	1614192736032000	1614192736035000	609307000	3263000	0	0	2	1614192749354000	1614192749357000	622536000	3306000	0	0	2
clock-accounting	W1.stdout	account	short	1	46	13178000	13175000	12000	8	0	1614192749380000	1614192749383000	622539000	3329000	0	0	2	1614192762554000	1614192762558000	635699000	3344000	0	0	2
clock-accounting	W1.stdout	account	short	1	47	13052000	13051000	12000	8	0	1614192762575000	1614192762578000	635701000	3362000	0	0	2	1614192775625000	1614192775627000	648731000	3383000	0	0	2
clock-accounting	W1.stdout	account	short	1	48	13021000	13018000	12000	8	0	1614192775642000	1614192775644000	648733000	3398000	0	0	2	1614192788661000	1614192788663000	661736000	3413000	0	0	2
clock-accounting	W1.stdout	account	short	1	49	13052000	13049000	12000	8	0	1614192788676000	1614192788678000	661739000	3426000	0	0	2	1614192801726000	1614192801728000	674757000	3457000	0	0	2
clock-accounting	W1.stdout	account	short	1	50	13020000	13019000	12000	8	0	1614192801743000	1614192801744000	674760000	3471000	0	0	2	1614192814761000	1614192814763000	687757000	3493000	0	0	2
clock-accounting	W1.stdout	account	short	1	51	13502000	13492000	12000	8	0	1614192814775000	1614192814777000	687759000	3505000	0	0	2	1614192828273000	1614192828277000	701193000	3563000	0	0	2
clock-accounting	W1.stdout	account	short	1	52	13303000	13295000	12000	8	0	1614192828309000	1614192828312000	701198000	3595000	0	0	2	1614192841609000	1614192841612000	714434000	3654000	0	0	2
clock-accounting	W1.stdout	account	short	1	53	13031000	13029000	12000	8	0	1614192841633000	1614192841638000	714437000	3675000	0	0	2	1614192854662000	1614192854664000	727443000	3698000	0	0	2
clock-accounting	W1.stdout	account	short	1	54	13011000	13010000	12000	8	0	1614192854674000	1614192854675000	727445000	3708000	0	0	2	1614192867683000	1614192867685000	740436000	3727000	0	0	2
clock-accounting	W1.stdout	account	short	1	55	13043000	13041000	12000	8	0	1614192867695000	1614192867696000	740437000	3737000	0	0	2	1614192880736000	1614192880738000	753459000	3756000	0	0	2
clock-accounting	W1.stdout	account	short	1	56	13018000	13016000	12000	8	0	1614192880751000	1614192880752000	753461000	3769000	0	0	2	1614192893768000	1614192893769000	766459000	3787000	0	0	2
clock-accounting	W1.stdout	account	short	1	57	13066000	13064000	12000	8	0	1614192893779000	1614192893780000	766461000	3797000	0	0	2	1614192906843000	1614192906845000	779468000	3854000	0	0	2
clock-accounting	W1.stdout	account	short	1	58	13008000	13006000	12000	8	0	1614192906854000	1614192906855000	779470000	3863000	0	0	2	1614192919861000	1614192919862000	792465000	3874000	0	0	2
clock-accounting	W1.stdout	account	short	1	59	13016000	13015000	12000	8	0	1614192919870000	1614192919872000	792467000	3882000	0	0	2	1614192932885000	1614192932886000	805460000	3904000	0	0	2
clock-accounting	W1.stdout	account	short	1	60	13017000	13015000	12000	8	0	1614192932899000	1614192932900000	805462000	3916000	0	0	2	1614192945914000	1614192945916000	818469000	3924000	0	0	2
clock-accounting	W1.stdout	account	short	1	61	13026000	13023000	12000	8	0	1614192945925000	1614192945927000	818471000	3933000	0	0	2	1614192958949000	1614192958951000	831483000	3944000	0	0	2
clock-accounting	W1.stdout	account	short	1	62	13379000	13376000	12000	8	0	1614192958967000	1614192958969000	831485000	3961000	0	0	2	1614192972344000	1614192972346000	844845000	3977000	0	0	2
clock-accounting	W1.stdout	account	short	1	63	13759000	13743000	12000	8	0	1614192972366000	1614192972368000	844848000	3997000	0	0	2	1614192986122000	1614192986125000	858563000	4025000	0	0	2
clock-accounting	W1.stdout	account	enclosing	1	0	844319000	844149000	12000	8	0	1614192141835000	1614192141837000	17125000	1344000	0	0	2	1614192986152000	1614192986154000	858567000	4051000	0	0	2
clock-accounting	W1.stdout	account	gap	1	0	8000	7000	12000	8	0	1614192141835000	1614192141837000	17125000	1344000	0	0	2	1614192141841000	1614192141843000	17126000	1350000	0	0	2
clock-accounting	W1.stdout	account	gap	1	1	14000	12000	12000	8	0	1614192156765000	1614192156767000	32038000	1363000	0	0	2	1614192156778000	1614192156779000	32040000	1373000	0	0	2
clock-accounting	W1.stdout	account	gap	1	2	12000	11000	12000	8	0	1614192170437000	1614192170438000	45683000	1389000	0	0	2	1614192170448000	1614192170449000	45685000	1398000	0	0	2
clock-accounting	W1.stdout	account	gap	1	3	30000	28000	12000	8	0	1614192183540000	1614192183548000	58732000	1439000	0	0	2	1614192183568000	1614192183570000	58736000	1463000	0	0	2
clock-accounting	W1.stdout	account	gap	1	4	22000	19000	12000	8	0	1614192196659000	1614192196663000	71767000	1521000	0	0	2	1614192196679000	1614192196681000	71770000	1537000	0	0	2
clock-accounting	W1.stdout	account	gap	1	5	19000	17000	12000	8	0	1614192209696000	1614192209698000	84762000	1562000	0	0	2	1614192209713000	1614192209715000	84764000	1577000	0	0	2
clock-accounting	W1.stdout	account	gap	1	6	17000	15000	12000	8	0	1614192222839000	1614192222840000	97861000	1606000	0	0	2	1614192222855000	1614192222856000	97862000	1620000	0	0	2
clock-accounting	W1.stdout	account	gap	1	7	12000	11000	12000	8	0	1614192235870000	1614192235871000	110858000	1639000	0	0	2	1614192235881000	1614192235882000	110860000	1648000	0	0	2
clock-accounting	W1.stdout	account	gap	1	8	12000	11000	12000	8	0	1614192248964000	1614192248965000	123867000	1724000	0	0	2	1614192248975000	1614192248976000	123869000	1733000	0	0	2
clock-accounting	W1.stdout	account	gap	1	9	13000	12000	12000	8	0	1614192262017000	1614192262019000	136881000	1763000	0	0	2	1614192262028000	1614192262030000	136883000	1773000	0	0	2
clock-accounting	W1.stdout	account	gap	1	10	11000	10000	12000	8	0	1614192275047000	1614192275048000	149876000	1798000	0	0	2	1614192275057000	1614192275058000	149878000	1806000	0	0	2
clock-accounting	W1.stdout	account	gap	1	11	14000	13000	12000	8	0	1614192288087000	1614192288091000	162892000	1822000	0	0	2	1614192288100000	1614192288101000	162894000	1833000	0	0	2
clock-accounting	W1.stdout	account	gap	1	12	11000	10000	12000	8	0	1614192301103000	1614192301104000	175890000	1840000	0	0	2	1614192301113000	1614192301114000	175891000	1849000	0	0	2
clock-accounting	W1.stdout	account	gap	1	13	11000	9000	12000	8	0	1614192314199000	1614192314200000	188912000	1914000	0	0	2	1614192314208000	1614192314210000	188913000	1922000	0	0	2
clock-accounting	W1.stdout	account	gap	1	14	14000	13000	12000	8	0	1614192327240000	1614192327242000	201920000	1947000	0	0	2	1614192327253000	1614192327254000	201922000	1958000	0	0	2
clock-accounting	W1.stdout	account	gap	1	15	12000	11000	12000	8	0	1614192340263000	1614192340265000	214914000	1976000	0	0	2	1614192340274000	1614192340275000	214916000	1985000	0	0	2
clock-accounting	W1.stdout	account	gap	1	16	11000	11000	12000	8	0	1614192353308000	1614192353309000	227924000	2010000	0	0	2	1614192353318000	1614192353319000	227926000	2019000	0	0	2
clock-accounting	W1.stdout	account	gap	1	17	25000	23000	12000	8	0	1614192366332000	1614192366334000	240922000	2037000	0	0	2	1614192366356000	1614192366357000	240924000	2058000	0	0	2
clock-accounting	W1.stdout	account	gap	1	18	12000	10000	12000	8	0	1614192379399000	1614192379401000	253914000	2112000	0	0	2	1614192379409000	1614192379411000	253916000	2120000	0	0	2
clock-accounting	W1.stdout	account	gap	1	19	15000	15000	12000	8	0	1614192392468000	1614192392469000	266961000	2133000	0	0	2	1614192392482000	1614192392483000	266963000	2146000	0	0	2
clock-accounting	W1.stdout	account	gap	1	20	15000	13000	12000	8	0	1614192405498000	1614192405499000	279968000	2157000	0	0	2	1614192405511000	1614192405513000	279970000	2168000	0	0	2
clock-accounting	W1.stdout	account	gap	1	21	19000	17000	12000	8	0	1614192418548000	1614192418550000	292984000	2186000	0	0	2	1614192418565000	1614192418567000	292986000	2201000	0	0	2
clock-accounting	W1.stdout	account	gap	1	22	18000	17000	12000	8	0	1614192431579000	1614192431581000	305985000	2216000	0	0	2	1614192431596000	1614192431597000	305987000	2231000	0	0	2
clock-accounting	W1.stdout	account	gap	1	23	16000	15000	12000	8	0	1614192444604000	1614192444606000	318981000	2245000	0	0	2	1614192444619000	1614192444620000	318983000	2258000	0	0	2
clock-accounting	W1.stdout	account	gap	1	24	14000	14000	12000	8	0	1614192457661000	1614192457663000	332011000	2271000	0	0	2	1614192457674000	1614192457675000	332014000	2282000	0	0	2
clock-accounting	W1.stdout	account	gap	1	25	34000	33000	12000	8	0	1614192470978000	1614192470980000	345293000	2307000	0	0	2	1614192471011000	1614192471012000	345296000	2337000	0	0	2
clock-accounting	W1.stdout	account	gap	1	26	29000	27000	12000	8	0	1614192484189000	1614192484190000	358456000	2354000	0	0	2	1614192484216000	1614192484218000	358458000	2379000	0	0	2
clock-accounting	W1.stdout	account	gap	1	27	44000	42000	12000	8	0	1614192497542000	1614192497547000	371702000	2417000	0	0	2	1614192497585000	1614192497586000	371706000	2455000	0	0	2
clock-accounting	W1.stdout	account	gap	1	28	24000	20000	12000	8	0	1614192510680000	1614192510684000	384779000	2477000	0	0	2	1614192510700000	1614192510704000	384782000	2494000	0	0	2
clock-accounting	W1.stdout	account	gap	1	29	19000	18000	12000	8	0	1614192523756000	1614192523757000	397806000	2527000	0	0	2	1614192523774000	1614192523775000	397808000	2543000	0	0	2
clock-accounting	W1.stdout	account	gap	1	30	17000	16000	12000	8	0	1614192536817000	1614192536819000	410839000	2554000	0	0	2	1614192536833000	1614192536834000	410841000	2568000	0	0	2
clock-accounting	W1.stdout	account	gap	1	31	36000	34000	12000	8	0	1614192550157000	1614192550160000	424116000	2598000	0	0	2	1614192550191000	1614192550193000	424119000	2629000	0	0	2
clock-accounting	W1.stdout	account	gap	1	32	42000	40000	12000	8	0	1614192563469000	1614192563472000	437383000	2643000	0	0	2	1614192563509000	1614192563511000	437386000	2680000	0	0	2
clock-accounting	W1.stdout	account	gap	1	33	28000	28000	12000	8	0	1614192576802000	1614192576805000	450661000	2697000	0	0	2	1614192576829000	1614192576830000	450664000	2722000	0	0	2
clock-accounting	W1.stdout	account	gap	1	34	33000	32000	12000	8	0	1614192590401000	1614192590403000	464220000	2738000	0	0	2	1614192590433000	1614192590434000	464222000	2768000	0	0	2
clock-accounting	W1.stdout	account	gap	1	35	89000	72000	12000	8	0	1614192604147000	1614192604151000	477919000	2785000	0	0	2	1614192604230000	1614192604236000	477924000	2852000	0	0	2
clock-accounting	W1.stdout	account	gap	1	36	37000	35000	12000	8	0	1614192617799000	1614192617801000	491474000	2871000	0	0	2	1614192617834000	1614192617836000	491477000	2903000	0	0	2
clock-accounting	W1.stdout	account	gap	1	37	22000	21000	12000	8	0	1614192631189000	1614192631191000	504814000	2921000	0	0	2	1614192631210000	1614192631211000	504816000	2940000	0	0	2
clock-accounting	W1.stdout	account	gap	1	38	21000	20000	12000	8	0	1614192644239000	1614192644242000	517816000	2969000	0	0	2	1614192644259000	1614192644260000	517818000	2987000	0	0	2
clock-accounting	W1.stdout	account	gap	1	39	20000	19000	12000	8	0	1614192657271000	1614192657273000	530816000	3001000	0	0	2	1614192657290000	1614192657291000	530818000	3018000	0	0	2
clock-accounting	W1.stdout	account	gap	1	40	17000	15000	12000	8	0	1614192670336000	1614192670338000	543852000	3030000	0	0	2	1614192670352000	1614192670353000	543854000	3043000	0	0	2
clock-accounting	W1.stdout	account	gap	1	41	17000	16000	12000	8	0	1614192683377000	1614192683378000	556868000	3054000	0	0	2	1614192683392000	1614192683394000	556870000	3068000	0	0	2
clock-accounting	W1.stdout	account	gap	1	42	22000	20000	12000	8	0	1614192696464000	1614192696466000	569921000	3089000	0	0	2	1614192696485000	1614192696486000	569922000	3108000	0	0	2
clock-accounting	W1.stdout	account	gap	1	43	40000	38000	12000	8	0	1614192709503000	1614192709504000	582929000	3119000	0	0	2	1614192709541000	1614192709543000	582931000	3155000	0	0	2
clock-accounting	W1.stdout	account	gap	1	44	21000	19000	12000	8	0	1614192722548000	1614192722550000	595925000	3169000	0	0	2	1614192722568000	1614192722569000	595927000	3186000	0	0	2
clock-accounting	W1.stdout	account	gap	1	45	56000	52000	12000	8	0	1614192735979000	1614192735987000	609301000	3217000	0	0	2	1614192736032000	1614192736035000	609307000	3263000	0	0	2
clock-accounting	W1.stdout	account	gap	1	46	29000	26000	12000	8	0	1614192749354000	1614192749357000	622536000	3306000	0	0	2	1614192749380000	1614192749383000	622539000	3329000	0	0	2
clock-accounting	W1.stdout	account	gap	1	47	24000	20000	12000	8	0	1614192762554000	1614192762558000	635699000	3344000	0	0	2	1614192762575000	1614192762578000	635701000	3362000	0	0	2
clock-accounting	W1.stdout	account	gap	1	48	19000	17000	12000	8	0	1614192775625000	1614192775627000	648731000	3383000	0	0	2	1614192775642000	1614192775644000	648733000	3398000	0	0	2
clock-accounting	W1.stdout	account	gap	1	49	17000	16000	12000	8	0	1614192788661000	1614192788663000	661736000	3413000	0	0	2	1614192788676000	1614192788678000	661739000	3426000	0	0	2
clock-accounting	W1.stdout	account	gap	1	50	18000	17000	12000	8	0	1614192801726000	1614192801728000	674757000	3457000	0	0	2	1614192801743000	1614192801744000	674760000	3471000	0	0	2
clock-accounting	W1.stdout	account	gap	1	51	16000	14000	12000	8	0	1614192814761000	1614192814763000	687757000	3493000	0	0	2	1614192814775000	1614192814777000	687759000	3505000	0	0	2
clock-accounting	W1.stdout	account	gap	1	52	39000	37000	12000	8	0	1614192828273000	1614192828277000	701193000	3563000	0	0	2	1614192828309000	1614192828312000	701198000	3595000	0	0	2
clock-accounting	W1.stdout	account	gap	1	53	29000	24000	12000	8	0	1614192841609000	1614192841612000	714434000	3654000	0	0	2	1614192841633000	1614192841638000	714437000	3675000	0	0	2
clock-accounting	W1.stdout	account	gap	1	54	13000	12000	12000	8	0	1614192854662000	1614192854664000	727443000	3698000	0	0	2	1614192854674000	1614192854675000	727445000	3708000	0	0	2
clock-accounting	W1.stdout	account	gap	1	55	13000	11000	12000	8	0	1614192867683000	1614192867685000	740436000	3727000	0	0	2	1614192867695000	1614192867696000	740437000	3737000	0	0	2
clock-accounting	W1.stdout	account	gap	1	56	16000	15000	12000	8	0	1614192880736000	1614192880738000	753459000	3756000	0	0	2	1614192880751000	1614192880752000	753461000	3769000	0	0	2
clock-accounting	W1.stdout	account	gap	1	57	12000	12000	12000	8	0	1614192893768000	1614192893769000	766459000	3787000	0	0	2	1614192893779000	1614192893780000	766461000	3797000	0	0	2
clock-accounting	W1.stdout	account	gap	1	58	12000	11000	12000	8	0	1614192906843000	1614192906845000	779468000	3854000	0	0	2	1614192906854000	1614192906855000	779470000	3863000	0	0	2
clock-accounting	W1.stdout	account	gap	1	59	11000	10000	12000	8	0	1614192919861000	1614192919862000	792465000	3874000	0	0	2	1614192919870000	1614192919872000	792467000	3882000	0	0	2
clock-accounting	W1.stdout	account	gap	1	60	15000	14000	12000	8	0	1614192932885000	1614192932886000	805460000	3904000	0	0	2	1614192932899000	1614192932900000	805462000	3916000	0	0	2
clock-accounting	W1.stdout	account	gap	1	61	13000	11000	12000	8	0	1614192945914000	1614192945916000	818469000	3924000	0	0	2	1614192945925000	1614192945927000	818471000	3933000	0	0	2
clock-accounting	W1.stdout	account	gap	1	62	20000	19000	12000	8	0	1614192958949000	1614192958951000	831483000	3944000	0	0	2	1614192958967000	1614192958969000	831485000	3961000	0	0	2
clock-accounting	W1.stdout	account	gap	1	63	24000	23000	12000	8	0	1614192972344000	1614192972346000	844845000	3977000	0	0	2	1614192972366000	1614192972368000	844848000	3997000	0	0	2
clock-accounting	W1.stdout	account	gap	1	64	32000	30000	12000	8	0	1614192986122000	1614192986125000	858563000	4025000	0	0	2	1614192986152000	1614192986154000	858567000	4051000	0	0	2
clock-accounting	W1.stdout	policy	1	after-envelope	logical_rc=0	logical_errno=0	logical=8	levels_rc=0	levels_errno=0	levels=2	sysconf=8	sysconf_errno=0	primitive_cpus=8	primitive_levels=2	calculated_window_us=0	observed_helpers=0	actual_threads=2	private_startup_window=unobserved
clock-accounting	W1.stdout	width_check	1	after-envelope	expected_helpers=0	observed_helpers=0	matched
clock-accounting	W1.stdout	account_summary	1	checks=65	calls=2080	task_evaluations=8320	short_cpu_sum_ns=842849000	gap_cpu_sum_ns=1300000	enclosing_cpu_ns=844149000	observed_cpu_count_stable=1	oracle=PASS	partition=algebraic-only
clock-accounting	W1.stdout	terminal	width=1	child_wall_ns=863783000	child_user_ns=858646000	child_system_ns=4121000	exit=0	scope=entire-child-lifetime
clock-accounting	W4.stdout	# clock-accounting	fixture=wide-costly	width=4	plain=1	warmups=1	batches=64	calls_per_batch=32	cpu_clock=task_info_live_plus_exited	wall_clock=CLOCK_MONOTONIC	kernel=Darwin	release=25.6.0	version=Darwin Kernel Version 25.6.0: Fri Jul 31 19:18:49 PDT 2026; root:xnu-12377.161.14~5/RELEASE_ARM64_T6000
clock-accounting	W4.stdout	# account_columns	kind	width	index	wall_ns	cpu_delta_ns	rounding_allowance_ns	physical_cpus	physical_excess	start_before	start_after	start_live_user	start_live_system	start_exited_user	start_exited_system	start_threads	end_before	end_after	end_live_user	end_live_system	end_exited_user	end_exited_system	end_threads
clock-accounting	W4.stdout	policy	4	before-warmup	logical_rc=0	logical_errno=0	logical=8	levels_rc=0	levels_errno=0	levels=2	sysconf=8	sysconf_errno=0	primitive_cpus=8	primitive_levels=2	calculated_window_us=0	observed_helpers=0	actual_threads=2	private_startup_window=unobserved
clock-accounting	W4.stdout	account	warmup	4	0	3587000	6645000	18000	8	0	1614192994973000	1614192994975000	1941000	1411000	0	0	2	1614192998557000	1614192998560000	8517000	1480000	0	0	5
clock-accounting	W4.stdout	policy	4	after-warmup	logical_rc=0	logical_errno=0	logical=8	levels_rc=0	levels_errno=0	levels=2	sysconf=8	sysconf_errno=0	primitive_cpus=8	primitive_levels=2	calculated_window_us=0	observed_helpers=3	actual_threads=5	private_startup_window=unobserved
clock-accounting	W4.stdout	width_check	4	after-warmup	expected_helpers=3	observed_helpers=3	matched
clock-accounting	W4.stdout	account	short	4	0	5867000	16242000	24000	8	0	1614192998661000	1614192998662000	16050000	1590000	0	0	5	1614193004525000	1614193004528000	31570000	2312000	0	0	5
clock-accounting	W4.stdout	account	short	4	1	4847000	15622000	24000	8	0	1614193004556000	1614193004558000	31574000	2339000	0	0	5	1614193009396000	1614193009403000	46668000	2867000	0	0	5
clock-accounting	W4.stdout	account	short	4	2	4238000	12250000	24000	8	0	1614193009426000	1614193009429000	46673000	2906000	0	0	5	1614193013661000	1614193013664000	58636000	3193000	0	0	5
clock-accounting	W4.stdout	account	short	4	3	4133000	8306000	24000	8	0	1614193013687000	1614193013692000	61258000	3222000	0	0	5	1614193017817000	1614193017820000	69360000	3426000	0	0	5
clock-accounting	W4.stdout	account	short	4	4	5914000	16292000	24000	8	0	1614193017840000	1614193017841000	75774000	3458000	0	0	5	1614193023748000	1614193023754000	91309000	4215000	0	0	5
clock-accounting	W4.stdout	account	short	4	5	5746000	16346000	24000	8	0	1614193023774000	1614193023776000	91312000	4239000	0	0	5	1614193029517000	1614193029520000	106892000	5005000	0	0	5
clock-accounting	W4.stdout	account	short	4	6	5157000	16066000	24000	8	0	1614193029552000	1614193029555000	106895000	5037000	0	0	5	1614193034705000	1614193034709000	122277000	5721000	0	0	5
clock-accounting	W4.stdout	account	short	4	7	5734000	16265000	24000	8	0	1614193034732000	1614193034734000	122282000	5750000	0	0	5	1614193040463000	1614193040466000	137825000	6472000	0	0	5
clock-accounting	W4.stdout	account	short	4	8	5003000	13213000	24000	8	0	1614193040495000	1614193040497000	137828000	6501000	0	0	5	1614193045495000	1614193045498000	150545000	6997000	0	0	5
clock-accounting	W4.stdout	account	short	4	9	5975000	16112000	24000	8	0	1614193045512000	1614193045514000	152875000	7019000	0	0	5	1614193051485000	1614193051487000	168284000	7722000	0	0	5
clock-accounting	W4.stdout	account	short	4	10	4889000	15448000	24000	8	0	1614193051504000	1614193051506000	168286000	7738000	0	0	5	1614193056390000	1614193056393000	183240000	8232000	0	0	5
clock-accounting	W4.stdout	account	short	4	11	5043000	13593000	24000	8	0	1614193056407000	1614193056409000	183246000	8251000	0	0	5	1614193061447000	1614193061450000	196312000	8778000	0	0	5
clock-accounting	W4.stdout	account	short	4	12	4174000	11607000	24000	8	0	1614193061467000	1614193061469000	198312000	8801000	0	0	5	1614193065638000	1614193065641000	209679000	9041000	0	0	5
clock-accounting	W4.stdout	account	short	4	13	5502000	15695000	24000	8	0	1614193065654000	1614193065656000	212742000	9060000	0	0	5	1614193071154000	1614193071156000	227703000	9794000	0	0	5
clock-accounting	W4.stdout	account	short	4	14	4755000	12715000	24000	8	0	1614193071174000	1614193071176000	228178000	9826000	0	0	5	1614193075927000	1614193075929000	240456000	10263000	0	0	5
clock-accounting	W4.stdout	account	short	4	15	4244000	12341000	24000	8	0	1614193075942000	1614193075944000	243105000	10284000	0	0	5	1614193080184000	1614193080186000	255108000	10622000	0	0	5
clock-accounting	W4.stdout	account	short	4	16	5547000	16134000	24000	8	0	1614193080201000	1614193080202000	257670000	10643000	0	0	5	1614193085746000	1614193085748000	273148000	11299000	0	0	5
clock-accounting	W4.stdout	account	short	4	17	5478000	16201000	24000	8	0	1614193085762000	1614193085763000	273150000	11312000	0	0	5	1614193091238000	1614193091240000	288612000	12051000	0	0	5
clock-accounting	W4.stdout	account	short	4	18	5800000	16359000	24000	8	0	1614193091267000	1614193091269000	288617000	12081000	0	0	5	1614193097065000	1614193097067000	304131000	12926000	0	0	5
clock-accounting	W4.stdout	account	short	4	19	5367000	15446000	24000	8	0	1614193097078000	1614193097080000	304133000	12936000	0	0	5	1614193102443000	1614193102445000	318904000	13611000	0	0	5
clock-accounting	W4.stdout	account	short	4	20	5795000	16029000	24000	8	0	1614193102456000	1614193102458000	319593000	13630000	0	0	5	1614193108249000	1614193108251000	334992000	14260000	0	0	5
clock-accounting	W4.stdout	account	short	4	21	5550000	16155000	24000	8	0	1614193108266000	1614193108268000	334995000	14274000	0	0	5	1614193113814000	1614193113816000	350436000	14988000	0	0	5
clock-accounting	W4.stdout	account	short	4	22	4813000	13000000	24000	8	0	1614193113826000	1614193113828000	350438000	14998000	0	0	5	1614193118637000	1614193118639000	362973000	15463000	0	0	5
clock-accounting	W4.stdout	account	short	4	23	4315000	12730000	24000	8	0	1614193118652000	1614193118653000	365413000	15481000	0	0	5	1614193122965000	1614193122967000	377837000	15787000	0	0	5
clock-accounting	W4.stdout	account	short	4	24	3704000	9597000	24000	8	0	1614193122978000	1614193122980000	380014000	15805000	0	0	5	1614193126680000	1614193126682000	389543000	15873000	0	0	5
clock-accounting	W4.stdout	account	short	4	25	4224000	12133000	24000	8	0	1614193126695000	1614193126696000	394114000	15894000	0	0	5	1614193130917000	1614193130919000	405987000	16154000	0	0	5
clock-accounting	W4.stdout	account	short	4	26	5515000	16223000	24000	8	0	1614193130933000	1614193130934000	408605000	16174000	0	0	5	1614193136447000	1614193136448000	424080000	16922000	0	0	5
clock-accounting	W4.stdout	account	short	4	27	5727000	16132000	24000	8	0	1614193136460000	1614193136461000	424082000	16933000	0	0	5	1614193142184000	1614193142187000	439478000	17669000	0	0	5
clock-accounting	W4.stdout	account	short	4	28	4587000	15536000	24000	8	0	1614193142205000	1614193142206000	439481000	17688000	0	0	5	1614193146790000	1614193146792000	454532000	18173000	0	0	5
clock-accounting	W4.stdout	account	short	4	29	5260000	13698000	24000	8	0	1614193146809000	1614193146810000	454537000	18195000	0	0	5	1614193152066000	1614193152069000	467680000	18750000	0	0	5
clock-accounting	W4.stdout	account	short	4	30	5802000	16336000	24000	8	0	1614193152081000	1614193152082000	469682000	18769000	0	0	5	1614193157880000	1614193157883000	485214000	19573000	0	0	5
clock-accounting	W4.stdout	account	short	4	31	5744000	16284000	24000	8	0	1614193157899000	1614193157901000	485217000	19589000	0	0	5	1614193163641000	1614193163643000	500736000	20354000	0	0	5
clock-accounting	W4.stdout	account	short	4	32	5632000	16270000	24000	8	0	1614193163654000	1614193163655000	500739000	20367000	0	0	5	1614193169283000	1614193169286000	516275000	21101000	0	0	5
clock-accounting	W4.stdout	account	short	4	33	5603000	16181000	24000	8	0	1614193169297000	1614193169298000	516294000	21115000	0	0	5	1614193174895000	1614193174900000	531759000	21831000	0	0	5
clock-accounting	W4.stdout	account	short	4	34	3754000	10633000	24000	8	0	1614193174913000	1614193174914000	531761000	21846000	0	0	5	1614193178665000	1614193178667000	542240000	22000000	0	0	5
clock-accounting	W4.stdout	account	short	4	35	4039000	13048000	24000	8	0	1614193178683000	1614193178685000	546061000	22022000	0	0	5	1614193182720000	1614193182722000	558880000	22251000	0	0	5
clock-accounting	W4.stdout	account	short	4	36	5583000	14873000	24000	8	0	1614193182735000	1614193182736000	560383000	22270000	0	0	5	1614193188316000	1614193188318000	574553000	22973000	0	0	5
clock-accounting	W4.stdout	account	short	4	37	3602000	7738000	24000	8	0	1614193188334000	1614193188336000	575804000	22997000	0	0	5	1614193191934000	1614193191936000	583469000	23070000	0	0	5
clock-accounting	W4.stdout	account	short	4	38	5871000	16581000	24000	8	0	1614193191949000	1614193191951000	589946000	23090000	0	0	5	1614193197818000	1614193197820000	605653000	23964000	0	0	5
clock-accounting	W4.stdout	account	short	4	39	5796000	16244000	24000	8	0	1614193197835000	1614193197837000	605657000	23982000	0	0	5	1614193203628000	1614193203631000	621153000	24730000	0	0	5
clock-accounting	W4.stdout	account	short	4	40	5830000	16464000	24000	8	0	1614193203648000	1614193203650000	621158000	24750000	0	0	5	1614193209476000	1614193209478000	636787000	25585000	0	0	5
clock-accounting	W4.stdout	account	short	4	41	5639000	16363000	24000	8	0	1614193209492000	1614193209494000	636789000	25599000	0	0	5	1614193215129000	1614193215131000	652329000	26422000	0	0	5
clock-accounting	W4.stdout	account	short	4	42	4589000	12666000	24000	8	0	1614193215142000	1614193215143000	652333000	26437000	0	0	5	1614193219729000	1614193219731000	664594000	26842000	0	0	5
clock-accounting	W4.stdout	account	short	4	43	5318000	15959000	24000	8	0	1614193219747000	1614193219749000	667131000	26864000	0	0	5	1614193225063000	1614193225065000	682405000	27549000	0	0	5
clock-accounting	W4.stdout	account	short	4	44	3595000	14218000	24000	8	0	1614193225076000	1614193225077000	682411000	27566000	0	0	5	1614193228668000	1614193228671000	696571000	27624000	0	0	5
clock-accounting	W4.stdout	account	short	4	45	5451000	13643000	24000	8	0	1614193228694000	1614193228696000	696575000	27655000	0	0	5	1614193234142000	1614193234145000	709418000	28455000	0	0	5
clock-accounting	W4.stdout	account	short	4	46	5825000	16689000	24000	8	0	1614193234161000	1614193234163000	711821000	28484000	0	0	5	1614193239980000	1614193239986000	727518000	29476000	0	0	5
clock-accounting	W4.stdout	account	short	4	47	5822000	16747000	24000	8	0	1614193240005000	1614193240010000	727521000	29498000	0	0	5	1614193245825000	1614193245827000	743184000	30582000	0	0	5
clock-accounting	W4.stdout	account	short	4	48	4728000	12108000	24000	8	0	1614193245842000	1614193245844000	743202000	30599000	0	0	5	1614193250567000	1614193250570000	754780000	31129000	0	0	5
clock-accounting	W4.stdout	account	short	4	49	5629000	16598000	24000	8	0	1614193250585000	1614193250587000	758105000	31158000	0	0	5	1614193256211000	1614193256214000	773723000	32138000	0	0	5
clock-accounting	W4.stdout	account	short	4	50	5435000	16572000	24000	8	0	1614193256231000	1614193256232000	773729000	32166000	0	0	5	1614193261664000	1614193261666000	789387000	33080000	0	0	5
clock-accounting	W4.stdout	account	short	4	51	4046000	14086000	24000	8	0	1614193261680000	1614193261682000	789389000	33094000	0	0	5	1614193265723000	1614193265726000	803091000	33478000	0	0	5
clock-accounting	W4.stdout	account	short	4	52	5801000	16668000	24000	8	0	1614193265738000	1614193265740000	804014000	33499000	0	0	5	1614193271537000	1614193271539000	819704000	34477000	0	0	5
clock-accounting	W4.stdout	account	short	4	53	5589000	16606000	24000	8	0	1614193271551000	1614193271553000	819708000	34490000	0	0	5	1614193277135000	1614193277140000	835356000	35448000	0	0	5
clock-accounting	W4.stdout	account	short	4	54	5932000	16616000	24000	8	0	1614193277167000	1614193277170000	835360000	35476000	0	0	5	1614193283098000	1614193283099000	850968000	36484000	0	0	5
clock-accounting	W4.stdout	account	short	4	55	5379000	15268000	24000	8	0	1614193283123000	1614193283124000	850971000	36506000	0	0	5	1614193288500000	1614193288502000	865372000	37373000	0	0	5
clock-accounting	W4.stdout	account	short	4	56	5397000	16588000	24000	8	0	1614193288525000	1614193288527000	866506000	37406000	0	0	5	1614193293920000	1614193293922000	882210000	38290000	0	0	5
clock-accounting	W4.stdout	account	short	4	57	6004000	16641000	24000	8	0	1614193293938000	1614193293940000	882212000	38306000	0	0	5	1614193299940000	1614193299942000	897863000	39296000	0	0	5
clock-accounting	W4.stdout	account	short	4	58	4051000	6891000	24000	8	0	1614193299963000	1614193299965000	897866000	39317000	0	0	5	1614193304011000	1614193304014000	904484000	39590000	0	0	5
clock-accounting	W4.stdout	account	short	4	59	4665000	15613000	24000	8	0	1614193304031000	1614193304033000	912486000	39620000	0	0	5	1614193308693000	1614193308696000	927488000	40231000	0	0	5
clock-accounting	W4.stdout	account	short	4	60	5918000	16627000	24000	8	0	1614193308716000	1614193308718000	927493000	40257000	0	0	5	1614193314632000	1614193314634000	943085000	41292000	0	0	5
clock-accounting	W4.stdout	account	short	4	61	3949000	14802000	24000	8	0	1614193314647000	1614193314649000	943087000	41305000	0	0	5	1614193318594000	1614193318596000	957604000	41590000	0	0	5
clock-accounting	W4.stdout	account	short	4	62	3874000	5234000	24000	8	0	1614193318619000	1614193318621000	957607000	41620000	0	0	5	1614193322490000	1614193322493000	962664000	41797000	0	0	5
clock-accounting	W4.stdout	account	short	4	63	3666000	14330000	24000	8	0	1614193322508000	1614193322510000	972009000	41821000	0	0	5	1614193326171000	1614193326174000	986209000	41951000	0	0	5
clock-accounting	W4.stdout	account	enclosing	4	0	327545000	1010562000	24000	8	0	1614192998652000	1614192998654000	16049000	1582000	0	0	5	1614193326196000	1614193326197000	986213000	41980000	0	0	5
clock-accounting	W4.stdout	account	gap	4	0	10000	9000	24000	8	0	1614192998652000	1614192998654000	16049000	1582000	0	0	5	1614192998661000	1614192998662000	16050000	1590000	0	0	5
clock-accounting	W4.stdout	account	gap	4	1	33000	31000	24000	8	0	1614193004525000	1614193004528000	31570000	2312000	0	0	5	1614193004556000	1614193004558000	31574000	2339000	0	0	5
clock-accounting	W4.stdout	account	gap	4	2	33000	44000	24000	8	0	1614193009396000	1614193009403000	46668000	2867000	0	0	5	1614193009426000	1614193009429000	46673000	2906000	0	0	5
clock-accounting	W4.stdout	account	gap	4	3	31000	2651000	24000	8	1	1614193013661000	1614193013664000	58636000	3193000	0	0	5	1614193013687000	1614193013692000	61258000	3222000	0	0	5
clock-accounting	W4.stdout	account	gap	4	4	24000	6446000	24000	8	1	1614193017817000	1614193017820000	69360000	3426000	0	0	5	1614193017840000	1614193017841000	75774000	3458000	0	0	5
clock-accounting	W4.stdout	account	gap	4	5	28000	27000	24000	8	0	1614193023748000	1614193023754000	91309000	4215000	0	0	5	1614193023774000	1614193023776000	91312000	4239000	0	0	5
clock-accounting	W4.stdout	account	gap	4	6	38000	35000	24000	8	0	1614193029517000	1614193029520000	106892000	5005000	0	0	5	1614193029552000	1614193029555000	106895000	5037000	0	0	5
clock-accounting	W4.stdout	account	gap	4	7	29000	34000	24000	8	0	1614193034705000	1614193034709000	122277000	5721000	0	0	5	1614193034732000	1614193034734000	122282000	5750000	0	0	5
clock-accounting	W4.stdout	account	gap	4	8	34000	32000	24000	8	0	1614193040463000	1614193040466000	137825000	6472000	0	0	5	1614193040495000	1614193040497000	137828000	6501000	0	0	5
clock-accounting	W4.stdout	account	gap	4	9	19000	2352000	24000	8	1	1614193045495000	1614193045498000	150545000	6997000	0	0	5	1614193045512000	1614193045514000	152875000	7019000	0	0	5
clock-accounting	W4.stdout	account	gap	4	10	21000	18000	24000	8	0	1614193051485000	1614193051487000	168284000	7722000	0	0	5	1614193051504000	1614193051506000	168286000	7738000	0	0	5
clock-accounting	W4.stdout	account	gap	4	11	19000	25000	24000	8	0	1614193056390000	1614193056393000	183240000	8232000	0	0	5	1614193056407000	1614193056409000	183246000	8251000	0	0	5
clock-accounting	W4.stdout	account	gap	4	12	22000	2023000	24000	8	1	1614193061447000	1614193061450000	196312000	8778000	0	0	5	1614193061467000	1614193061469000	198312000	8801000	0	0	5
clock-accounting	W4.stdout	account	gap	4	13	18000	3082000	24000	8	1	1614193065638000	1614193065641000	209679000	9041000	0	0	5	1614193065654000	1614193065656000	212742000	9060000	0	0	5
clock-accounting	W4.stdout	account	gap	4	14	22000	507000	24000	8	1	1614193071154000	1614193071156000	227703000	9794000	0	0	5	1614193071174000	1614193071176000	228178000	9826000	0	0	5
clock-accounting	W4.stdout	account	gap	4	15	17000	2670000	24000	8	1	1614193075927000	1614193075929000	240456000	10263000	0	0	5	1614193075942000	1614193075944000	243105000	10284000	0	0	5
clock-accounting	W4.stdout	account	gap	4	16	18000	2583000	24000	8	1	1614193080184000	1614193080186000	255108000	10622000	0	0	5	1614193080201000	1614193080202000	257670000	10643000	0	0	5
clock-accounting	W4.stdout	account	gap	4	17	17000	15000	24000	8	0	1614193085746000	1614193085748000	273148000	11299000	0	0	5	1614193085762000	1614193085763000	273150000	11312000	0	0	5
clock-accounting	W4.stdout	account	gap	4	18	31000	35000	24000	8	0	1614193091238000	1614193091240000	288612000	12051000	0	0	5	1614193091267000	1614193091269000	288617000	12081000	0	0	5
clock-accounting	W4.stdout	account	gap	4	19	15000	12000	24000	8	0	1614193097065000	1614193097067000	304131000	12926000	0	0	5	1614193097078000	1614193097080000	304133000	12936000	0	0	5
clock-accounting	W4.stdout	account	gap	4	20	15000	708000	24000	8	1	1614193102443000	1614193102445000	318904000	13611000	0	0	5	1614193102456000	1614193102458000	319593000	13630000	0	0	5
clock-accounting	W4.stdout	account	gap	4	21	19000	17000	24000	8	0	1614193108249000	1614193108251000	334992000	14260000	0	0	5	1614193108266000	1614193108268000	334995000	14274000	0	0	5
clock-accounting	W4.stdout	account	gap	4	22	14000	12000	24000	8	0	1614193113814000	1614193113816000	350436000	14988000	0	0	5	1614193113826000	1614193113828000	350438000	14998000	0	0	5
clock-accounting	W4.stdout	account	gap	4	23	16000	2458000	24000	8	1	1614193118637000	1614193118639000	362973000	15463000	0	0	5	1614193118652000	1614193118653000	365413000	15481000	0	0	5
clock-accounting	W4.stdout	account	gap	4	24	15000	2195000	24000	8	1	1614193122965000	1614193122967000	377837000	15787000	0	0	5	1614193122978000	1614193122980000	380014000	15805000	0	0	5
clock-accounting	W4.stdout	account	gap	4	25	16000	4592000	24000	8	1	1614193126680000	1614193126682000	389543000	15873000	0	0	5	1614193126695000	1614193126696000	394114000	15894000	0	0	5
clock-accounting	W4.stdout	account	gap	4	26	17000	2638000	24000	8	1	1614193130917000	1614193130919000	405987000	16154000	0	0	5	1614193130933000	1614193130934000	408605000	16174000	0	0	5
clock-accounting	W4.stdout	account	gap	4	27	14000	13000	24000	8	0	1614193136447000	1614193136448000	424080000	16922000	0	0	5	1614193136460000	1614193136461000	424082000	16933000	0	0	5
clock-accounting	W4.stdout	account	gap	4	28	22000	22000	24000	8	0	1614193142184000	1614193142187000	439478000	17669000	0	0	5	1614193142205000	1614193142206000	439481000	17688000	0	0	5
clock-accounting	W4.stdout	account	gap	4	29	20000	27000	24000	8	0	1614193146790000	1614193146792000	454532000	18173000	0	0	5	1614193146809000	1614193146810000	454537000	18195000	0	0	5
clock-accounting	W4.stdout	account	gap	4	30	16000	2021000	24000	8	1	1614193152066000	1614193152069000	467680000	18750000	0	0	5	1614193152081000	1614193152082000	469682000	18769000	0	0	5
clock-accounting	W4.stdout	account	gap	4	31	21000	19000	24000	8	0	1614193157880000	1614193157883000	485214000	19573000	0	0	5	1614193157899000	1614193157901000	485217000	19589000	0	0	5
clock-accounting	W4.stdout	account	gap	4	32	14000	16000	24000	8	0	1614193163641000	1614193163643000	500736000	20354000	0	0	5	1614193163654000	1614193163655000	500739000	20367000	0	0	5
clock-accounting	W4.stdout	account	gap	4	33	15000	33000	24000	8	0	1614193169283000	1614193169286000	516275000	21101000	0	0	5	1614193169297000	1614193169298000	516294000	21115000	0	0	5
clock-accounting	W4.stdout	account	gap	4	34	19000	17000	24000	8	0	1614193174895000	1614193174900000	531759000	21831000	0	0	5	1614193174913000	1614193174914000	531761000	21846000	0	0	5
clock-accounting	W4.stdout	account	gap	4	35	20000	3843000	24000	8	1	1614193178665000	1614193178667000	542240000	22000000	0	0	5	1614193178683000	1614193178685000	546061000	22022000	0	0	5
clock-accounting	W4.stdout	account	gap	4	36	16000	1522000	24000	8	1	1614193182720000	1614193182722000	558880000	22251000	0	0	5	1614193182735000	1614193182736000	560383000	22270000	0	0	5
clock-accounting	W4.stdout	account	gap	4	37	20000	1275000	24000	8	1	1614193188316000	1614193188318000	574553000	22973000	0	0	5	1614193188334000	1614193188336000	575804000	22997000	0	0	5
clock-accounting	W4.stdout	account	gap	4	38	17000	6497000	24000	8	1	1614193191934000	1614193191936000	583469000	23070000	0	0	5	1614193191949000	1614193191951000	589946000	23090000	0	0	5
clock-accounting	W4.stdout	account	gap	4	39	19000	22000	24000	8	0	1614193197818000	1614193197820000	605653000	23964000	0	0	5	1614193197835000	1614193197837000	605657000	23982000	0	0	5
clock-accounting	W4.stdout	account	gap	4	40	22000	25000	24000	8	0	1614193203628000	1614193203631000	621153000	24730000	0	0	5	1614193203648000	1614193203650000	621158000	24750000	0	0	5
clock-accounting	W4.stdout	account	gap	4	41	18000	16000	24000	8	0	1614193209476000	1614193209478000	636787000	25585000	0	0	5	1614193209492000	1614193209494000	636789000	25599000	0	0	5
clock-accounting	W4.stdout	account	gap	4	42	14000	19000	24000	8	0	1614193215129000	1614193215131000	652329000	26422000	0	0	5	1614193215142000	1614193215143000	652333000	26437000	0	0	5
clock-accounting	W4.stdout	account	gap	4	43	20000	2559000	24000	8	1	1614193219729000	1614193219731000	664594000	26842000	0	0	5	1614193219747000	1614193219749000	667131000	26864000	0	0	5
clock-accounting	W4.stdout	account	gap	4	44	14000	23000	24000	8	0	1614193225063000	1614193225065000	682405000	27549000	0	0	5	1614193225076000	1614193225077000	682411000	27566000	0	0	5
clock-accounting	W4.stdout	account	gap	4	45	28000	35000	24000	8	0	1614193228668000	1614193228671000	696571000	27624000	0	0	5	1614193228694000	1614193228696000	696575000	27655000	0	0	5
clock-accounting	W4.stdout	account	gap	4	46	21000	2432000	24000	8	1	1614193234142000	1614193234145000	709418000	28455000	0	0	5	1614193234161000	1614193234163000	711821000	28484000	0	0	5
clock-accounting	W4.stdout	account	gap	4	47	30000	25000	24000	8	0	1614193239980000	1614193239986000	727518000	29476000	0	0	5	1614193240005000	1614193240010000	727521000	29498000	0	0	5
clock-accounting	W4.stdout	account	gap	4	48	19000	35000	24000	8	0	1614193245825000	1614193245827000	743184000	30582000	0	0	5	1614193245842000	1614193245844000	743202000	30599000	0	0	5
clock-accounting	W4.stdout	account	gap	4	49	20000	3354000	24000	8	1	1614193250567000	1614193250570000	754780000	31129000	0	0	5	1614193250585000	1614193250587000	758105000	31158000	0	0	5
clock-accounting	W4.stdout	account	gap	4	50	21000	34000	24000	8	0	1614193256211000	1614193256214000	773723000	32138000	0	0	5	1614193256231000	1614193256232000	773729000	32166000	0	0	5
clock-accounting	W4.stdout	account	gap	4	51	18000	16000	24000	8	0	1614193261664000	1614193261666000	789387000	33080000	0	0	5	1614193261680000	1614193261682000	789389000	33094000	0	0	5
clock-accounting	W4.stdout	account	gap	4	52	17000	944000	24000	8	1	1614193265723000	1614193265726000	803091000	33478000	0	0	5	1614193265738000	1614193265740000	804014000	33499000	0	0	5
clock-accounting	W4.stdout	account	gap	4	53	16000	17000	24000	8	0	1614193271537000	1614193271539000	819704000	34477000	0	0	5	1614193271551000	1614193271553000	819708000	34490000	0	0	5
clock-accounting	W4.stdout	account	gap	4	54	35000	32000	24000	8	0	1614193277135000	1614193277140000	835356000	35448000	0	0	5	1614193277167000	1614193277170000	835360000	35476000	0	0	5
clock-accounting	W4.stdout	account	gap	4	55	26000	25000	24000	8	0	1614193283098000	1614193283099000	850968000	36484000	0	0	5	1614193283123000	1614193283124000	850971000	36506000	0	0	5
clock-accounting	W4.stdout	account	gap	4	56	27000	1167000	24000	8	1	1614193288500000	1614193288502000	865372000	37373000	0	0	5	1614193288525000	1614193288527000	866506000	37406000	0	0	5
clock-accounting	W4.stdout	account	gap	4	57	20000	18000	24000	8	0	1614193293920000	1614193293922000	882210000	38290000	0	0	5	1614193293938000	1614193293940000	882212000	38306000	0	0	5
clock-accounting	W4.stdout	account	gap	4	58	25000	24000	24000	8	0	1614193299940000	1614193299942000	897863000	39296000	0	0	5	1614193299963000	1614193299965000	897866000	39317000	0	0	5
clock-accounting	W4.stdout	account	gap	4	59	22000	8032000	24000	8	1	1614193304011000	1614193304014000	904484000	39590000	0	0	5	1614193304031000	1614193304033000	912486000	39620000	0	0	5
clock-accounting	W4.stdout	account	gap	4	60	25000	31000	24000	8	0	1614193308693000	1614193308696000	927488000	40231000	0	0	5	1614193308716000	1614193308718000	927493000	40257000	0	0	5
clock-accounting	W4.stdout	account	gap	4	61	17000	15000	24000	8	0	1614193314632000	1614193314634000	943085000	41292000	0	0	5	1614193314647000	1614193314649000	943087000	41305000	0	0	5
clock-accounting	W4.stdout	account	gap	4	62	27000	33000	24000	8	0	1614193318594000	1614193318596000	957604000	41590000	0	0	5	1614193318619000	1614193318621000	957607000	41620000	0	0	5
clock-accounting	W4.stdout	account	gap	4	63	20000	9369000	24000	8	1	1614193322490000	1614193322493000	962664000	41797000	0	0	5	1614193322508000	1614193322510000	972009000	41821000	0	0	5
clock-accounting	W4.stdout	account	gap	4	64	26000	33000	24000	8	0	1614193326171000	1614193326174000	986209000	41951000	0	0	5	1614193326196000	1614193326197000	986213000	41980000	0	0	5
clock-accounting	W4.stdout	policy	4	after-envelope	logical_rc=0	logical_errno=0	logical=8	levels_rc=0	levels_errno=0	levels=2	sysconf=8	sysconf_errno=0	primitive_cpus=8	primitive_levels=2	calculated_window_us=0	observed_helpers=3	actual_threads=5	private_startup_window=unobserved
clock-accounting	W4.stdout	width_check	4	after-envelope	expected_helpers=3	observed_helpers=3	matched
clock-accounting	W4.stdout	account_summary	4	checks=65	calls=2080	task_evaluations=8320	short_cpu_sum_ns=931671000	gap_cpu_sum_ns=78891000	enclosing_cpu_ns=1010562000	observed_cpu_count_stable=1	oracle=PASS	partition=algebraic-only
clock-accounting	W4.stdout	terminal	width=4	child_wall_ns=335850000	child_user_ns=986318000	child_system_ns=41984000	exit=0	scope=entire-child-lifetime
clock-accounting	summary.tsv	max_clock_bracket_ns	1	8000
clock-accounting	summary.tsv	max_clock_bracket_ns	4	7000
clock-accounting	summary.tsv	max_witness	account	gap	1	16	11000	11000	12000	8	0	1614192353308000	1614192353309000	227924000	2010000	0	0	2	1614192353318000	1614192353319000	227926000	2019000	0	0	2
clock-accounting	summary.tsv	max_witness	account	gap	4	63	20000	9369000	24000	8	1	1614193322490000	1614193322493000	962664000	41797000	0	0	5	1614193322508000	1614193322510000	972009000	41821000	0	0	5
clock-accounting	summary.tsv	max_witness	account	short	1	28	13057000	13057000	12000	8	0	1614192510700000	1614192510704000	384782000	2494000	0	0	2	1614192523756000	1614192523757000	397806000	2527000	0	0	2
clock-accounting	summary.tsv	max_witness	account	short	4	44	3595000	14218000	24000	8	0	1614193225076000	1614193225077000	682411000	27566000	0	0	5	1614193228668000	1614193228671000	696571000	27624000	0	0	5
clock-accounting	summary.tsv	summary	1/enclosing	count=1	physical_excess=0	nonpositive=0	wall_sum_ns=844319000	cpu_sum_ns=844149000	ratio_min=0.999798654	ratio_max=0.999798654
clock-accounting	summary.tsv	summary	1/gap	count=65	physical_excess=0	nonpositive=0	wall_sum_ns=1417000	cpu_sum_ns=1300000	ratio_min=0.808988764	ratio_max=1.000000000
clock-accounting	summary.tsv	summary	1/short	count=64	physical_excess=0	nonpositive=0	wall_sum_ns=843153000	cpu_sum_ns=842849000	ratio_min=0.996022514	ratio_max=1.000000000
clock-accounting	summary.tsv	summary	1/warmup	count=1	physical_excess=0	nonpositive=0	wall_sum_ns=15359000	cpu_sum_ns=15354000	ratio_min=0.999674458	ratio_max=0.999674458
clock-accounting	summary.tsv	summary	4/enclosing	count=1	physical_excess=0	nonpositive=0	wall_sum_ns=327545000	cpu_sum_ns=1010562000	ratio_min=3.085261567	ratio_max=3.085261567
clock-accounting	summary.tsv	summary	4/gap	count=65	physical_excess=25	nonpositive=0	wall_sum_ns=1372000	cpu_sum_ns=78891000	ratio_min=0.800000000	ratio_max=468.450000000
clock-accounting	summary.tsv	summary	4/short	count=64	physical_excess=0	nonpositive=0	wall_sum_ns=326461000	cpu_sum_ns=931671000	ratio_min=1.351058338	ratio_max=3.954937413
clock-accounting	summary.tsv	summary	4/warmup	count=1	physical_excess=0	nonpositive=0	wall_sum_ns=3587000	cpu_sum_ns=6645000	ratio_min=1.852523000	ratio_max=1.852523000
clock-accounting	reduce.awk	BEGIN { FS = "\t" }
clock-accounting	reduce.awk	$1 == "account" {
clock-accounting	reduce.awk	    key = $3 "/" $2;
clock-accounting	reduce.awk	    count[key]++;
clock-accounting	reduce.awk	    wall[key] += $5;
clock-accounting	reduce.awk	    cpu[key] += $6;
clock-accounting	reduce.awk	    ratio = $6 / $5;
clock-accounting	reduce.awk	    if (!(key in lo) || ratio < lo[key]) lo[key] = ratio;
clock-accounting	reduce.awk	    if (!(key in hi) || ratio > hi[key]) { hi[key] = ratio; witness[key] = $0 }
clock-accounting	reduce.awk	    if ($9 == 1) excess[key]++;
clock-accounting	reduce.awk	    if ($6 <= 0) nonpositive[key]++;
clock-accounting	reduce.awk	    startq = $11 - $10;
clock-accounting	reduce.awk	    endq = $18 - $17;
clock-accounting	reduce.awk	    if (startq > querymax[$3]) querymax[$3] = startq;
clock-accounting	reduce.awk	    if (endq > querymax[$3]) querymax[$3] = endq;
clock-accounting	reduce.awk	}
clock-accounting	reduce.awk	END {
clock-accounting	reduce.awk	    for (key in count)
clock-accounting	reduce.awk	        printf "summary\t%s\tcount=%d\tphysical_excess=%d\tnonpositive=%d\twall_sum_ns=%.0f\tcpu_sum_ns=%.0f\tratio_min=%.9f\tratio_max=%.9f\n", \
clock-accounting	reduce.awk	            key, count[key], excess[key], nonpositive[key], wall[key], cpu[key], lo[key], hi[key];
clock-accounting	reduce.awk	    for (key in witness)
clock-accounting	reduce.awk	        if (key ~ /short$/ || key ~ /gap$/) print "max_witness\t" witness[key];
clock-accounting	reduce.awk	    for (width in querymax)
clock-accounting	reduce.awk	        print "max_clock_bracket_ns\t" width "\t" querymax[width];
clock-accounting	reduce.awk	}
clock-accounting	host-probe.patch	--- a/dag_fanin_probe.cpp
clock-accounting	host-probe.patch	+++ b/dag_fanin_probe.cpp
clock-accounting	host-probe.patch	@@ -9,6 +9,7 @@
clock-accounting	host-probe.patch	 #include <algorithm>
clock-accounting	host-probe.patch	 #include <array>
clock-accounting	host-probe.patch	 #include <atomic>
clock-accounting	host-probe.patch	+#include <cerrno>
clock-accounting	host-probe.patch	 #include <cstddef>
clock-accounting	host-probe.patch	 #include <cstdint>
clock-accounting	host-probe.patch	 #include <cstdio>
clock-accounting	host-probe.patch	@@ -21,6 +22,11 @@
clock-accounting	host-probe.patch	 #include <vector>
clock-accounting	host-probe.patch	 #ifdef __APPLE__
clock-accounting	host-probe.patch	 #include <mach/mach.h>
clock-accounting	host-probe.patch	+#include <sys/resource.h>
clock-accounting	host-probe.patch	+#include <sys/sysctl.h>
clock-accounting	host-probe.patch	+#include <sys/utsname.h>
clock-accounting	host-probe.patch	+#include <sys/wait.h>
clock-accounting	host-probe.patch	+#include <unistd.h>
clock-accounting	host-probe.patch	 #endif
clock-accounting	host-probe.patch	 	.
clock-accounting	host-probe.patch	 static_assert(TBB_VERSION_MAJOR == 2023 && TBB_VERSION_MINOR == 1 &&
clock-accounting	host-probe.patch	@@ -50,6 +56,9 @@
clock-accounting	host-probe.patch	 unsigned dag_probe_trace_image();
clock-accounting	host-probe.patch	 unsigned long wf__par_grants();
clock-accounting	host-probe.patch	 int wf__par_pool_active();
clock-accounting	host-probe.patch	+unsigned wf__sched_pool_running();
clock-accounting	host-probe.patch	+unsigned wf_prim_online_cpus();
clock-accounting	host-probe.patch	+unsigned wf_prim_cpu_levels();
clock-accounting	host-probe.patch	 }
clock-accounting	host-probe.patch	 namespace {
clock-accounting	host-probe.patch	 namespace tbb = oneapi::tbb;
clock-accounting	host-probe.patch	@@ -815,6 +824,243 @@
clock-accounting	host-probe.patch	     }
clock-accounting	host-probe.patch	     return 0;
clock-accounting	host-probe.patch	 }
clock-accounting	host-probe.patch	+#ifdef __APPLE__
clock-accounting	host-probe.patch	+// Scratch clock-accounting diagnostic. Production runtime and WF objects are
clock-accounting	host-probe.patch	+// reused unchanged. This is not a replacement performance comparison.
clock-accounting	host-probe.patch	+struct CpuSnapshot {
clock-accounting	host-probe.patch	+    std::uint64_t before, after, live_user, live_system, exited_user, exited_system;
clock-accounting	host-probe.patch	+    unsigned threads;
clock-accounting	host-probe.patch	+    std::uint64_t total() const {
clock-accounting	host-probe.patch	+        return live_user + live_system + exited_user + exited_system;
clock-accounting	host-probe.patch	+    }
clock-accounting	host-probe.patch	+};
clock-accounting	host-probe.patch	+unsigned task_thread_count() {
clock-accounting	host-probe.patch	+    thread_act_array_t threads = nullptr;
clock-accounting	host-probe.patch	+    mach_msg_type_number_t count = 0;
clock-accounting	host-probe.patch	+    if (task_threads(mach_task_self(), &threads, &count) != KERN_SUCCESS || count == 0)
clock-accounting	host-probe.patch	+        fail("clock diagnostic thread enumeration failed");
clock-accounting	host-probe.patch	+    bool released = true;
clock-accounting	host-probe.patch	+    for (mach_msg_type_number_t i = 0; i != count; ++i)
clock-accounting	host-probe.patch	+        if (mach_port_deallocate(mach_task_self(), threads[i]) != KERN_SUCCESS)
clock-accounting	host-probe.patch	+            released = false;
clock-accounting	host-probe.patch	+    if (vm_deallocate(mach_task_self(), reinterpret_cast<vm_address_t>(threads),
clock-accounting	host-probe.patch	+                      count * sizeof(*threads)) != KERN_SUCCESS)
clock-accounting	host-probe.patch	+        released = false;
clock-accounting	host-probe.patch	+    if (!released) fail("clock diagnostic thread enumeration cleanup failed");
clock-accounting	host-probe.patch	+    return static_cast<unsigned>(count);
clock-accounting	host-probe.patch	+}
clock-accounting	host-probe.patch	+CpuSnapshot cpu_snapshot() {
clock-accounting	host-probe.patch	+    CpuSnapshot result{};
clock-accounting	host-probe.patch	+    // Enumeration precedes the wall bracket around the original two queries.
clock-accounting	host-probe.patch	+    // It observes actual live threads, not requested runtime participants.
clock-accounting	host-probe.patch	+    result.threads = task_thread_count();
clock-accounting	host-probe.patch	+    task_thread_times_info_data_t live{};
clock-accounting	host-probe.patch	+    task_basic_info_data_t exited{};
clock-accounting	host-probe.patch	+    mach_msg_type_number_t live_count = TASK_THREAD_TIMES_INFO_COUNT;
clock-accounting	host-probe.patch	+    mach_msg_type_number_t exited_count = TASK_BASIC_INFO_COUNT;
clock-accounting	host-probe.patch	+    result.before = wall_ns();
clock-accounting	host-probe.patch	+    if (task_info(mach_task_self(), TASK_THREAD_TIMES_INFO,
clock-accounting	host-probe.patch	+                  reinterpret_cast<task_info_t>(&live), &live_count) != KERN_SUCCESS ||
clock-accounting	host-probe.patch	+        task_info(mach_task_self(), TASK_BASIC_INFO,
clock-accounting	host-probe.patch	+                  reinterpret_cast<task_info_t>(&exited), &exited_count) != KERN_SUCCESS)
clock-accounting	host-probe.patch	+        fail("clock diagnostic task CPU query failed");
clock-accounting	host-probe.patch	+    result.after = wall_ns();
clock-accounting	host-probe.patch	+    result.live_user = time_ns(live.user_time);
clock-accounting	host-probe.patch	+    result.live_system = time_ns(live.system_time);
clock-accounting	host-probe.patch	+    result.exited_user = time_ns(exited.user_time);
clock-accounting	host-probe.patch	+    result.exited_system = time_ns(exited.system_time);
clock-accounting	host-probe.patch	+    if (result.after < result.before) fail("clock diagnostic wall clock reversed");
clock-accounting	host-probe.patch	+    return result;
clock-accounting	host-probe.patch	+}
clock-accounting	host-probe.patch	+std::int64_t signed_delta(std::uint64_t after, std::uint64_t before) {
clock-accounting	host-probe.patch	+    const auto magnitude = after >= before ? after - before : before - after;
clock-accounting	host-probe.patch	+    if (magnitude > static_cast<std::uint64_t>(INT64_MAX))
clock-accounting	host-probe.patch	+        fail("clock diagnostic difference exceeds signed range");
clock-accounting	host-probe.patch	+    return after >= before ? static_cast<std::int64_t>(magnitude)
clock-accounting	host-probe.patch	+                           : -static_cast<std::int64_t>(magnitude);
clock-accounting	host-probe.patch	+}
clock-accounting	host-probe.patch	+struct CpuInterval { CpuSnapshot start, end; };
clock-accounting	host-probe.patch	+std::uint64_t rounding_allowance(const CpuInterval &interval) {
clock-accounting	host-probe.patch	+    // Two separately truncated components per live thread and two for the
clock-accounting	host-probe.patch	+    // terminated aggregate, conservatively charged at both endpoints.
clock-accounting	host-probe.patch	+    return UINT64_C(2000) * (interval.start.threads + interval.end.threads + 2);
clock-accounting	host-probe.patch	+}
clock-accounting	host-probe.patch	+void print_interval(const char *kind, unsigned workers, unsigned index,
clock-accounting	host-probe.patch	+                    const CpuInterval &interval, unsigned cpus) {
clock-accounting	host-probe.patch	+    const auto &a = interval.start;
clock-accounting	host-probe.patch	+    const auto &b = interval.end;
clock-accounting	host-probe.patch	+    if (b.after < a.before) fail("clock diagnostic interval wall clock reversed");
clock-accounting	host-probe.patch	+    const auto wall = b.after - a.before;
clock-accounting	host-probe.patch	+    const auto cpu = signed_delta(b.total(), a.total());
clock-accounting	host-probe.patch	+    const auto allowance = rounding_allowance(interval);
clock-accounting	host-probe.patch	+    const int physical_excess = cpus == 0 ? -1 :
clock-accounting	host-probe.patch	+        (cpu > 0 && static_cast<std::uint64_t>(cpu) > cpus * wall + allowance);
clock-accounting	host-probe.patch	+    std::printf("account\t%s\t%u\t%u\t%llu\t%lld\t%llu\t%u\t%d",
clock-accounting	host-probe.patch	+                kind, workers, index, static_cast<unsigned long long>(wall),
clock-accounting	host-probe.patch	+                static_cast<long long>(cpu), static_cast<unsigned long long>(allowance),
clock-accounting	host-probe.patch	+                cpus, physical_excess);
clock-accounting	host-probe.patch	+    for (const CpuSnapshot *sample : {&a, &b})
clock-accounting	host-probe.patch	+        std::printf("\t%llu\t%llu\t%llu\t%llu\t%llu\t%llu\t%u",
clock-accounting	host-probe.patch	+                    static_cast<unsigned long long>(sample->before),
clock-accounting	host-probe.patch	+                    static_cast<unsigned long long>(sample->after),
clock-accounting	host-probe.patch	+                    static_cast<unsigned long long>(sample->live_user),
clock-accounting	host-probe.patch	+                    static_cast<unsigned long long>(sample->live_system),
clock-accounting	host-probe.patch	+                    static_cast<unsigned long long>(sample->exited_user),
clock-accounting	host-probe.patch	+                    static_cast<unsigned long long>(sample->exited_system), sample->threads);
clock-accounting	host-probe.patch	+    std::printf("\n");
clock-accounting	host-probe.patch	+}
clock-accounting	host-probe.patch	+unsigned print_host_policy(const char *stage, unsigned workers) {
clock-accounting	host-probe.patch	+    int logical = 0, levels = 0;
clock-accounting	host-probe.patch	+    size_t logical_size = sizeof logical, levels_size = sizeof levels;
clock-accounting	host-probe.patch	+    errno = 0;
clock-accounting	host-probe.patch	+    const int logical_rc = sysctlbyname("hw.logicalcpu", &logical, &logical_size, nullptr, 0);
clock-accounting	host-probe.patch	+    const int logical_errno = errno;
clock-accounting	host-probe.patch	+    errno = 0;
clock-accounting	host-probe.patch	+    const int levels_rc = sysctlbyname("hw.nperflevels", &levels, &levels_size, nullptr, 0);
clock-accounting	host-probe.patch	+    const int levels_errno = errno;
clock-accounting	host-probe.patch	+    errno = 0;
clock-accounting	host-probe.patch	+    const long configured = sysconf(_SC_NPROCESSORS_ONLN);
clock-accounting	host-probe.patch	+    const int configured_errno = errno;
clock-accounting	host-probe.patch	+    const unsigned cpus = wf_prim_online_cpus(), performance_levels = wf_prim_cpu_levels();
clock-accounting	host-probe.patch	+    const unsigned calculated_window =
clock-accounting	host-probe.patch	+        cpus != 0 && workers <= cpus && performance_levels <= 1 ? 1000 : 0;
clock-accounting	host-probe.patch	+    const unsigned helpers = wf__sched_pool_running();
clock-accounting	host-probe.patch	+    std::printf("policy\t%u\t%s\tlogical_rc=%d\tlogical_errno=%d\tlogical=%d"
clock-accounting	host-probe.patch	+                "\tlevels_rc=%d\tlevels_errno=%d\tlevels=%d\tsysconf=%ld"
clock-accounting	host-probe.patch	+                "\tsysconf_errno=%d\tprimitive_cpus=%u\tprimitive_levels=%u"
clock-accounting	host-probe.patch	+                "\tcalculated_window_us=%u\tobserved_helpers=%u\tactual_threads=%u"
clock-accounting	host-probe.patch	+                "\tprivate_startup_window=unobserved\n", workers, stage, logical_rc,
clock-accounting	host-probe.patch	+                logical_errno, logical, levels_rc, levels_errno, levels, configured,
clock-accounting	host-probe.patch	+                configured_errno, cpus, performance_levels, calculated_window, helpers,
clock-accounting	host-probe.patch	+                task_thread_count());
clock-accounting	host-probe.patch	+    if (std::string(stage) == "after-warmup" || std::string(stage) == "after-envelope")
clock-accounting	host-probe.patch	+        std::printf("width_check\t%u\t%s\texpected_helpers=%u\tobserved_helpers=%u\t%s\n",
clock-accounting	host-probe.patch	+                    workers, stage, workers - 1, helpers,
clock-accounting	host-probe.patch	+                    helpers == workers - 1 ? "matched" : "inconclusive");
clock-accounting	host-probe.patch	+    return cpus;
clock-accounting	host-probe.patch	+}
clock-accounting	host-probe.patch	+int run_accounting(int argc, char **argv) {
clock-accounting	host-probe.patch	+    if (argc != 3 || std::string(argv[2]) != std::to_string(selected_workers()))
clock-accounting	host-probe.patch	+        fail("usage: image account-child WIDTH, with matching WF_WORKERS=1|4");
clock-accounting	host-probe.patch	+    const unsigned workers = selected_workers();
clock-accounting	host-probe.patch	+    if (dag_probe_trace_image() != 0) fail("clock accounting requires the plain image");
clock-accounting	host-probe.patch	+    const auto all = fixtures(Engine::whitefoot);
clock-accounting	host-probe.patch	+    const auto selected = std::find_if(all.begin(), all.end(), [](const Graph &graph) {
clock-accounting	host-probe.patch	+        return graph.family == Family::wide && graph.name == "wide-costly";
clock-accounting	host-probe.patch	+    });
clock-accounting	host-probe.patch	+    if (selected == all.end()) fail("clock accounting fixture missing");
clock-accounting	host-probe.patch	+    const Graph &graph = *selected;
clock-accounting	host-probe.patch	+    const Expected expected = oracle(graph);
clock-accounting	host-probe.patch	+    if (graph.costs.size() != 4 || !std::all_of(graph.costs.begin(), graph.costs.end(),
clock-accounting	host-probe.patch	+            [](std::uint64_t steps) { return steps == expensive; }))
clock-accounting	host-probe.patch	+        fail("clock accounting fixture differs from the selected costly wide graph");
clock-accounting	host-probe.patch	+    const TaskCell guard{guard_value, ~guard_value};
clock-accounting	host-probe.patch	+    Rows storage(graph.costs.size() + 2, guard);
clock-accounting	host-probe.patch	+    std::vector<std::uint64_t> costs(graph.costs.size() + 2, guard_value);
clock-accounting	host-probe.patch	+    std::copy(graph.costs.begin(), graph.costs.end(), costs.begin() + 1);
clock-accounting	host-probe.patch	+    const auto original_costs = costs;
clock-accounting	host-probe.patch	+    auto *output = storage.data() + 1;
clock-accounting	host-probe.patch	+    const auto *input = costs.data() + 1;
clock-accounting	host-probe.patch	+    utsname host{};
clock-accounting	host-probe.patch	+    if (uname(&host) != 0) fail("clock accounting uname failed");
clock-accounting	host-probe.patch	+    std::printf("# clock-accounting\tfixture=wide-costly\twidth=%u\tplain=1"
clock-accounting	host-probe.patch	+                "\twarmups=1\tbatches=64\tcalls_per_batch=32\tcpu_clock=%s"
clock-accounting	host-probe.patch	+                "\twall_clock=CLOCK_MONOTONIC\tkernel=%s\trelease=%s\tversion=%s\n",
clock-accounting	host-probe.patch	+                workers, cpu_clock_name, host.sysname, host.release, host.version);
clock-accounting	host-probe.patch	+    std::printf("# account_columns\tkind\twidth\tindex\twall_ns\tcpu_delta_ns"
clock-accounting	host-probe.patch	+                "\trounding_allowance_ns\tphysical_cpus\tphysical_excess"
clock-accounting	host-probe.patch	+                "\tstart_before\tstart_after\tstart_live_user\tstart_live_system"
clock-accounting	host-probe.patch	+                "\tstart_exited_user\tstart_exited_system\tstart_threads"
clock-accounting	host-probe.patch	+                "\tend_before\tend_after\tend_live_user\tend_live_system"
clock-accounting	host-probe.patch	+                "\tend_exited_user\tend_exited_system\tend_threads\n");
clock-accounting	host-probe.patch	+    const unsigned before_cpus = print_host_policy("before-warmup", workers);
clock-accounting	host-probe.patch	+    auto batch = [&]() {
clock-accounting	host-probe.patch	+        std::fill(storage.begin() + 1, storage.end() - 1, TaskCell{0, 0});
clock-accounting	host-probe.patch	+        CpuInterval interval{};
clock-accounting	host-probe.patch	+        interval.start = cpu_snapshot();
clock-accounting	host-probe.patch	+        for (unsigned call = 0; call != 32; ++call)
clock-accounting	host-probe.patch	+            dag_probe_wide_four(input, output, graph.seed);
clock-accounting	host-probe.patch	+        interval.end = cpu_snapshot();
clock-accounting	host-probe.patch	+        for (std::size_t task = 0; task != graph.costs.size(); ++task)
clock-accounting	host-probe.patch	+            if (output[task].value != expected.rows[task].value || output[task].evaluations != 32)
clock-accounting	host-probe.patch	+                fail("clock accounting batch value/count mismatch");
clock-accounting	host-probe.patch	+        if (!equal(storage.front(), guard) || !equal(storage.back(), guard) || costs != original_costs)
clock-accounting	host-probe.patch	+            fail("clock accounting batch boundary/input changed");
clock-accounting	host-probe.patch	+        return interval;
clock-accounting	host-probe.patch	+    };
clock-accounting	host-probe.patch	+    const CpuInterval warmup = batch();
clock-accounting	host-probe.patch	+    print_interval("warmup", workers, 0, warmup, before_cpus);
clock-accounting	host-probe.patch	+    std::fflush(stdout);
clock-accounting	host-probe.patch	+    const unsigned cpus = print_host_policy("after-warmup", workers);
clock-accounting	host-probe.patch	+    std::fflush(stdout);
clock-accounting	host-probe.patch	+    std::array<CpuInterval, 64> intervals{};
clock-accounting	host-probe.patch	+    CpuInterval envelope{};
clock-accounting	host-probe.patch	+    envelope.start = cpu_snapshot();
clock-accounting	host-probe.patch	+    for (unsigned sample = 0; sample != intervals.size(); ++sample) {
clock-accounting	host-probe.patch	+        intervals[sample] = batch();
clock-accounting	host-probe.patch	+        print_interval("short", workers, sample, intervals[sample], cpus);
clock-accounting	host-probe.patch	+        std::fflush(stdout);
clock-accounting	host-probe.patch	+    }
clock-accounting	host-probe.patch	+    envelope.end = cpu_snapshot();
clock-accounting	host-probe.patch	+    print_interval("enclosing", workers, 0, envelope, cpus);
clock-accounting	host-probe.patch	+    std::int64_t short_sum = 0, gap_sum = 0;
clock-accounting	host-probe.patch	+    CpuSnapshot previous = envelope.start;
clock-accounting	host-probe.patch	+    for (unsigned sample = 0; sample != intervals.size(); ++sample) {
clock-accounting	host-probe.patch	+        CpuInterval gap{previous, intervals[sample].start};
clock-accounting	host-probe.patch	+        print_interval("gap", workers, sample, gap, cpus);
clock-accounting	host-probe.patch	+        gap_sum += signed_delta(gap.end.total(), gap.start.total());
clock-accounting	host-probe.patch	+        short_sum += signed_delta(intervals[sample].end.total(), intervals[sample].start.total());
clock-accounting	host-probe.patch	+        previous = intervals[sample].end;
clock-accounting	host-probe.patch	+    }
clock-accounting	host-probe.patch	+    CpuInterval trailing{previous, envelope.end};
clock-accounting	host-probe.patch	+    print_interval("gap", workers, 64, trailing, cpus);
clock-accounting	host-probe.patch	+    gap_sum += signed_delta(trailing.end.total(), trailing.start.total());
clock-accounting	host-probe.patch	+    const auto enclosing_delta = signed_delta(envelope.end.total(), envelope.start.total());
clock-accounting	host-probe.patch	+    if (short_sum + gap_sum != enclosing_delta)
clock-accounting	host-probe.patch	+        fail("clock accounting algebraic partition mismatch");
clock-accounting	host-probe.patch	+    const unsigned after_cpus = print_host_policy("after-envelope", workers);
clock-accounting	host-probe.patch	+    std::printf("account_summary\t%u\tchecks=65\tcalls=2080\ttask_evaluations=8320"
clock-accounting	host-probe.patch	+                "\tshort_cpu_sum_ns=%lld\tgap_cpu_sum_ns=%lld\tenclosing_cpu_ns=%lld"
clock-accounting	host-probe.patch	+                "\tobserved_cpu_count_stable=%u\toracle=PASS\tpartition=algebraic-only\n",
clock-accounting	host-probe.patch	+                workers, static_cast<long long>(short_sum), static_cast<long long>(gap_sum),
clock-accounting	host-probe.patch	+                static_cast<long long>(enclosing_delta),
clock-accounting	host-probe.patch	+                static_cast<unsigned>(before_cpus == cpus && cpus == after_cpus));
clock-accounting	host-probe.patch	+    std::fflush(stdout);
clock-accounting	host-probe.patch	+    return 0;
clock-accounting	host-probe.patch	+}
clock-accounting	host-probe.patch	+std::uint64_t timeval_ns(const timeval &value) {
clock-accounting	host-probe.patch	+    if (value.tv_sec < 0 || value.tv_usec < 0) fail("negative wait4 CPU accounting");
clock-accounting	host-probe.patch	+    return static_cast<std::uint64_t>(value.tv_sec) * UINT64_C(1000000000) +
clock-accounting	host-probe.patch	+           static_cast<std::uint64_t>(value.tv_usec) * 1000;
clock-accounting	host-probe.patch	+}
clock-accounting	host-probe.patch	+int run_accounting_parent(int argc, char **argv) {
clock-accounting	host-probe.patch	+    if (argc != 3 || std::string(argv[2]) != std::to_string(selected_workers()))
clock-accounting	host-probe.patch	+        fail("usage: image account WIDTH, with matching WF_WORKERS=1|4");
clock-accounting	host-probe.patch	+    std::fflush(nullptr);
clock-accounting	host-probe.patch	+    const auto before = wall_ns();
clock-accounting	host-probe.patch	+    const pid_t child = fork();
clock-accounting	host-probe.patch	+    if (child < 0) fail("clock diagnostic fork failed");
clock-accounting	host-probe.patch	+    if (child == 0) {
clock-accounting	host-probe.patch	+        execl(argv[0], argv[0], "account-child", argv[2], static_cast<char *>(nullptr));
clock-accounting	host-probe.patch	+        std::perror("clock diagnostic exec");
clock-accounting	host-probe.patch	+        _exit(127);
clock-accounting	host-probe.patch	+    }
clock-accounting	host-probe.patch	+    int status = 0;
clock-accounting	host-probe.patch	+    rusage usage{};
clock-accounting	host-probe.patch	+    pid_t waited;
clock-accounting	host-probe.patch	+    do { waited = wait4(child, &status, 0, &usage); } while (waited < 0 && errno == EINTR);
clock-accounting	host-probe.patch	+    const auto after = wall_ns();
clock-accounting	host-probe.patch	+    if (waited != child) fail("clock diagnostic wait4 failed");
clock-accounting	host-probe.patch	+    const int code = WIFEXITED(status) ? WEXITSTATUS(status) : 128 + WTERMSIG(status);
clock-accounting	host-probe.patch	+    std::printf("terminal\twidth=%s\tchild_wall_ns=%llu\tchild_user_ns=%llu"
clock-accounting	host-probe.patch	+                "\tchild_system_ns=%llu\texit=%d\tscope=entire-child-lifetime\n",
clock-accounting	host-probe.patch	+                argv[2], static_cast<unsigned long long>(after - before),
clock-accounting	host-probe.patch	+                static_cast<unsigned long long>(timeval_ns(usage.ru_utime)),
clock-accounting	host-probe.patch	+                static_cast<unsigned long long>(timeval_ns(usage.ru_stime)), code);
clock-accounting	host-probe.patch	+    std::fflush(stdout);
clock-accounting	host-probe.patch	+    return code;
clock-accounting	host-probe.patch	+}
clock-accounting	host-probe.patch	+#endif
clock-accounting	host-probe.patch	 Engine selected_engine(const std::string &name) {
clock-accounting	host-probe.patch	     for (Engine engine : {Engine::whitefoot, Engine::tbb, Engine::phased, Engine::scalar,
clock-accounting	host-probe.patch	                           Engine::runtime_loop, Engine::runtime_tree, Engine::runtime_tbb})
clock-accounting	host-probe.patch	@@ -881,6 +1127,9 @@
clock-accounting	host-probe.patch	 } // namespace
clock-accounting	host-probe.patch	 extern "C" int wf__main_body(int argc, char **argv) {
clock-accounting	host-probe.patch	     try {
clock-accounting	host-probe.patch	+#ifdef __APPLE__
clock-accounting	host-probe.patch	+        if (std::string(argv[1]) == "account-child") return run_accounting(argc, argv);
clock-accounting	host-probe.patch	+#endif
clock-accounting	host-probe.patch	         if (std::string(argv[1]) == "measure") return run_measurement(argc, argv);
clock-accounting	host-probe.patch	         return run_matrix(selected_engine(argv[1]), selected_workers());
clock-accounting	host-probe.patch	     }
clock-accounting	host-probe.patch	@@ -891,6 +1140,12 @@
clock-accounting	host-probe.patch	 }
clock-accounting	host-probe.patch	 int main(int argc, char **argv) {
clock-accounting	host-probe.patch	     try {
clock-accounting	host-probe.patch	+#ifdef __APPLE__
clock-accounting	host-probe.patch	+        if (argc >= 2 && std::string(argv[1]) == "account")
clock-accounting	host-probe.patch	+            return run_accounting_parent(argc, argv);
clock-accounting	host-probe.patch	+        if (argc >= 2 && std::string(argv[1]) == "account-child")
clock-accounting	host-probe.patch	+            return wf__floor_run(argc, argv);
clock-accounting	host-probe.patch	+#endif
clock-accounting	host-probe.patch	         if (argc >= 2 && std::string(argv[1]) == "measure")
clock-accounting	host-probe.patch	             return wf__floor_run(argc, argv);
clock-accounting	host-probe.patch	         if (argc != 2)
clock-accounting	build.sh	#!/bin/sh
clock-accounting	build.sh	# Manual replay only; restore and hash-check the named frozen native inputs.
clock-accounting	build.sh	set -eu
clock-accounting	build.sh	: "${DAG_ACCOUNT:?absolute extracted diagnostic directory required}"
clock-accounting	build.sh	: "${DAG_BASE_OBJECT:?hash-matched dag_fanin_cost_plain.o required}"
clock-accounting	build.sh	: "${DAG_RUNTIME_DIR:?directory of hash-matched baseline runtime objects required}"
clock-accounting	build.sh	: "${DAG_TBB_PREFIX:?hash-matched pinned oneTBB prefix required}"
clock-accounting	build.sh	set --
clock-accounting	build.sh	for dag_object in floor sched_core sched_prim_host sched_entry completion_runtime \
clock-accounting	build.sh	  completion_wait_host completion_file_adapter completion_file_posix completion_bridge \
clock-accounting	build.sh	  completion_linux_io_uring ordinary_values_c ordinary_values_ll; do
clock-accounting	build.sh	  set -- "$@" "$DAG_RUNTIME_DIR/$dag_object.o"
clock-accounting	build.sh	done
clock-accounting	build.sh	/usr/bin/clang++ -std=c++17 -pthread -O2 -Wall -Wextra -Werror -Wpedantic \
clock-accounting	build.sh	  -isystem "$DAG_TBB_PREFIX/include" -c "$DAG_ACCOUNT/dag_fanin_probe.cpp" \
clock-accounting	build.sh	  -o "$DAG_ACCOUNT/dag_fanin_probe.o"
clock-accounting	build.sh	/usr/bin/clang++ -pthread -O2 "$DAG_BASE_OBJECT" \
clock-accounting	build.sh	  "$DAG_ACCOUNT/dag_fanin_probe.o" "$@" \
clock-accounting	build.sh	  -L"$DAG_TBB_PREFIX/lib" -Wl,-rpath,"$DAG_TBB_PREFIX/lib" -ltbb -lm \
clock-accounting	build.sh	  -o "$DAG_ACCOUNT/dag_fanin_account"
clock-accounting	frozen-native.sha256	61fec48dc42829dc97943d72051ab2ca00786f97d198c412db1042b2b08e3188  libtbb.dylib
clock-accounting	frozen-native.sha256	bb1ed8f84e8d4a817f7a63c93ca22ec529aec47615ff4b38fa6118718e19f470  metadata.txt
clock-accounting	frozen-native.sha256	4ea42812deb1eb7376f1163fed5298a3096a5ffaed8f8a2e8f7e19814e2abe9d  dag_fanin_cost_plain.o
clock-accounting	frozen-native.sha256	8342e7ea0b8d6a0817d543e8c05e807c96527393945e95597718ba9a27ce722d  floor.o
clock-accounting	frozen-native.sha256	0655633c69666fcce21bf67258101aedb49c914fc50a6cc8edbfe22a8315e645  sched_core.o
clock-accounting	frozen-native.sha256	c3a5140b8221a57d27a510995ae37c7b33a64ebc87ec9f9286b99ece649bce45  sched_prim_host.o
clock-accounting	frozen-native.sha256	e04734d7a1ddbe9083b47570ca2854963803b88a7197628bed2ca66cb4924d5c  sched_entry.o
clock-accounting	frozen-native.sha256	75cb971977625c9b05adcf74b14989544ccbf61b0a81fe4843ec72226eb36c61  completion_runtime.o
clock-accounting	frozen-native.sha256	d95b24c2367aa6dcf60a9d9e4e36acf79fa502d4ded856f244c6f4afcf28aa10  completion_wait_host.o
clock-accounting	frozen-native.sha256	fb4ee3f397da5bcee9188332d56fb3c854b931b4c1f07b4c8350a9c941891937  completion_file_adapter.o
clock-accounting	frozen-native.sha256	1d1fe1c3033038fc69cd031e32b5eff6e85571da89176f85e442f52f0fb1b940  completion_file_posix.o
clock-accounting	frozen-native.sha256	af91032f29dc1b1c22dcf43099d933303ff3b1e4741a93122f987bdbdb70c4ec  completion_bridge.o
clock-accounting	frozen-native.sha256	e389769ac8c9f38af9cd00e5bc5d56d3c180dff5985fb81ddfff63dfa89eb453  completion_linux_io_uring.o
clock-accounting	frozen-native.sha256	685d56fcf6c89bbddf8d1921b44952bb909dd0362715817babbacd64da8898c3  ordinary_values_c.o
clock-accounting	frozen-native.sha256	d578790251750de1a10ef95e1265d028184cc1d18f0c40d78e88c5ee8f1fcd80  ordinary_values_ll.o
clock-accounting	research-inputs.sha256	4a03627460ca290e89348e4318f3d037bf6e3b5a65a2ed4569ef1e59fac2bbe0  research/experiments/compute-bench/dag_fanin_probe.cpp
clock-accounting	research-inputs.sha256	07686b2d467a00e6ebaaf8b6c81fe0fb7190bcf0337bebd095d0515fec10877c  research/experiments/compute-bench/dag_fanin_cost.pl
clock-accounting	research-inputs.sha256	5f7946a58323f2073e30ee93b741d4f01968cb6bb325147c7147fa3cfdab6420  research/experiments/compute-bench/dag_fanin_host.ll
clock-accounting	research-inputs.sha256	95740fb87edcd550940cae3951b0b73b000453e9cc6022616135fea169df77bd  research/experiments/compute-bench/dag_fanin_trace.awk
clock-accounting	research-inputs.sha256	34a84fcb7ef84f05ddef800c24171b850bce11cb7802957610424bad0518fb85  research/experiments/compute-bench/Makefile
clock-accounting	research-inputs.sha256	d379b927cab342daf68645b4bb15ee0de88623e70c8589fdde33c72b0f3f6c71  research/investigations/compute-model/dag-fanin.wf
clock-accounting	research-inputs.sha256	4e04bcf39eee9edfb02bbec182cf4bbf0d5f2e577003ec3a193dbce143c40813  tests/programs/compute/host-adapter.awk
clock-accounting	retained.sha256	89613d369763d1672b1f10c609fc3f23e0e39faf4a4a079ec4d91dd07c2e3e76  W1.stdout
clock-accounting	retained.sha256	49d016e5f9ad7b56469a0c1c956156de75798e70f10c1051aa133a632bff4b4d  W4.stdout
clock-accounting	retained.sha256	11af03c4806f19ef7d838b7f3610b56c347071101ae723b6dca3d4f2fa750609  summary.tsv
clock-accounting	retained.sha256	9c78dccbf295443bdc2a3c8ece4d4ae4382d5d6a9da210132f02d00f1e19b861  reduce.awk
clock-accounting	retained.sha256	af0ac4bea2c71ef82b2feff72e058fdd28f5ad3e61aaedb8786f4e6fa5722e89  host-probe.patch
clock-accounting	retained.sha256	1aaece1fc4c3c42860052454cff5b3c0a72970927eaef9615e0887fa92ab87c5  build.sh
clock-accounting	retained.sha256	681834880dcf94d65bc1af3ca1461f3bb89502d5e3f070fc931eb50aabca01f2  frozen-native.sha256
clock-accounting	retained.sha256	f1f4250e3b4f8293f0e2e5f7ff5b46e3aa6885c36503a0dcc22b455f6cfad4a4  research-inputs.sha256
host-adapter-worlds	protocol	date=2026-09-23	criterion_surface=PR100 body before implementation and qualification	base_revision=e66b04f2d3098088b9a80e834edbef35ae76e3d1	adapter_hash=frozen in agent/conversation messages before native construction; not yet committed or published in PR body at execution	new_policy=none	timing_comparison=none
host-adapter-worlds	criterion	maintained_case=both result ABIs,multiple calls and functions,nonzero values,canaries,uncloned controls	assigned_output=byte-identical	native_engine=wf-runtime-tree	image=plain	width_order=1,4	processes_per_width=1	W1_entries=sequential1484,parallel0	W4_entries=sequential0,parallel1484	W1_steals=0	W4_steals=positive	native_construction_cap_s=30	native_execution_cap_s=30	rerun=false
host-adapter-worlds	input	file=tests/programs/compute/host-adapter.awk	sha256=e80e85931f98f70f17d61543e00545abef3c131fd7903ed41d72c0e78db52c27	previous_sha256=4e04bcf39eee9edfb02bbec182cf4bbf0d5f2e577003ec3a193dbce143c40813
host-adapter-worlds	input	file=compiler/src/backend/tests/ranges.rs	sha256=5c6c51954c1d05ce5bd7dbe98b1f7493627b15d011a3727603b3e2068f0b57a6	case=backend::tests::ranges::compute_host_adapter_selects_world_for_both_result_abis
host-adapter-worlds	input	role=checkpoint19-WF-source	sha256=1d536089caa1204af95569817760471fd0006613b6c7c6c08ea95a29d1304ffe	LLVM_sha256=a827b4910130f153f885cf86d4844c94059c7d04c0507fe92de13a7ec126094c	probe_object_sha256=a51f752589c40199913967f0454f47ee0d4c41c3bf68a68503f0017382eeaa1e	baseline=runtime-adjacency-main	all12_runtime_objects=reused unchanged
host-adapter-worlds	static-control	assigned_adapters=10	assigned_call_sites=19	old_new_binding_output=byte-identical	mixed_fixture_assigned_dispatches=2 byte-identical	void_joins=4 unique	void_phi=none	uncloned_calls=2 unchanged	contract=straight-line wrappers; no rewriting of existing CFG edges
host-adapter-worlds	maintained-case	PASS	images=1	widths=1,4	cloned_scalar_calls=2	cloned_indirect_calls=4	uncloned_scalar_calls=1	uncloned_void_calls=1	wrapper_functions=2	output_words=15	outer_canaries=10	actual_entry_worlds=checked	WF_compilation=none	research_dependency=none
host-adapter-worlds	negative-control	binder=old	fixture=exact same LLVM/C strings extracted from maintained case	workers=1	exit=7	values_and_canaries=passed	failure=actual-world counters	baseline_runtime_sources_headers=26 matched	live_binder_mutation=false	second_Rust_build=false
host-adapter-worlds	phase	stage=Rust-test-construction	command_wall_s=79.52	guard_wall_s=79.58	cap_s=180	exit=0	benchmark_interval=false
host-adapter-worlds	phase	stage=focused-library-test	test_wall_s=1.04	native_build_included_s=0.769433	command_wall_s=1.62	guard_wall_s=1.64	cap_s=30	exit=0	passed=1	failed=0	benchmark_interval=false
host-adapter-worlds	phase	stage=old-binder-native-link	command_wall_s=0.08	guard_wall_s=0.10	cap_s=30	exit=0	benchmark_interval=false
host-adapter-worlds	phase	stage=old-binder-W1-control	command_wall_s=0.35	guard_wall_s=0.43	cap_s=30	exit=7	expected_failure=world-counter mismatch	benchmark_interval=false
host-adapter-worlds	phase	stage=real-DAG-native-construction	command_wall_s=0.36	guard_wall_s=0.44	cap_s=30	exit=0	benchmark_interval=false
host-adapter-worlds	phase	stage=real-DAG-W1-then-W4	command_wall_s=0.43	guard_wall_s=0.54	cap_s=30	exit=0	benchmark_interval=false
host-adapter-worlds	command	stage=Rust-test-construction	WHITEFOOT_CHECK_TIMEOUT=180 perl .github/run-check.pl host-adapter-worlds-build cargo test --manifest-path compiler/Cargo.toml --profile gate --locked --offline --lib --no-run --jobs 2
host-adapter-worlds	command	stage=focused-library-test	LIB_TEST=the produced library-test executable; WHITEFOOT_CHECK_TIMEOUT=30 perl .github/run-check.pl host-adapter-worlds-test "$LIB_TEST" --exact backend::tests::ranges::compute_host_adapter_selects_world_for_both_result_abis --nocapture --test-threads=2
host-adapter-worlds	command	stage=old-binder-control	Extract the exact module, adapter and host strings from the maintained case; bind with e66b04f:tests/programs/compute/host-adapter.awk, link LLVM/C against the unchanged main runtime objects, then run once with WF_WORKERS=1 under a separate 30-second guard; require exit7 after value/canary checks.
host-adapter-worlds	command	stage=real-DAG-native-construction	DAG_SCRATCH=retained baseline root; DAG_CHECK=scratch qualification directory; DAG_DEPS=pinned dependency prefix; WHITEFOOT_CHECK_TIMEOUT=30 perl .github/run-check.pl dag-void-adapter-build sh "$DAG_CHECK/build.sh" "$DAG_SCRATCH" "$DAG_CHECK" "$DAG_DEPS"
host-adapter-worlds	command	stage=real-DAG-execution	Under one 30-second guard with original real-host permissions and WF_SPLIT_WORK unset: WF_WORKERS=1 "$DAG_CHECK/dag_adapter_check" wf-runtime-tree; then WF_WORKERS=4 "$DAG_CHECK/dag_adapter_check" wf-runtime-tree; retain separate stdout/stderr, no retry.
host-adapter-worlds	static-control	DAG_binding_diff=only existing runtime void call gains pool-selected branch and join	DAG_observation_diff=two actual-entry marker calls and their declaration	frozen_source_module_probe_runtime=unchanged	baseline_native_manifest=all20 entries verified after execution
host-adapter-worlds	native-summary	workers=1	PASS	cases=1471	task_rows=7167	routing_reports=1471	invalid_controls=13	output_flip_rejections=1	actual_steals=0	cases_with_steals=0	all_value_evaluation_input_output_extra_report_canary_checks=passed
host-adapter-worlds	native-summary	workers=4	PASS	cases=1471	task_rows=7167	routing_reports=1471	invalid_controls=13	output_flip_rejections=1	actual_steals=4070	cases_with_steals=961	all_value_evaluation_input_output_extra_report_canary_checks=passed
host-adapter-worlds	W1.stdout	PASS	cases=1471	task_rows=7167	trace=0	invalid_cases=13
host-adapter-worlds	W1.stdout	world-entry	requested_workers=1	sequential=1484	parallel=0	expected_calls=1484	observed_helpers=0	PASS
host-adapter-worlds	W1.stdout	case	runtime-progress-costly-c4	tasks=6	edges=6	work_rounds=131076	critical_rounds=65539	level_rounds=131074	output_bytes=96	input_cost_bytes=48	source_notice_init_slots=0	source_notice_inspections=0	observer_bytes=0	actual_steals=0
host-adapter-worlds	W1.stdout	routing	runtime-progress-costly-c4	owners=4	stride=1	last_owner_size=3	status=0	rounds=3	notices=4	aux_words=112	separate_allocations=7	result_bytes=24
host-adapter-worlds	W4.stdout	PASS	cases=1471	task_rows=7167	trace=0	invalid_cases=13
host-adapter-worlds	W4.stdout	world-entry	requested_workers=4	sequential=0	parallel=1484	expected_calls=1484	observed_helpers=3	PASS
host-adapter-worlds	W4.stdout	case	runtime-progress-costly-c4	tasks=6	edges=6	work_rounds=131076	critical_rounds=65539	level_rounds=131074	output_bytes=96	input_cost_bytes=48	source_notice_init_slots=0	source_notice_inspections=0	observer_bytes=0	actual_steals=2
host-adapter-worlds	W4.stdout	routing	runtime-progress-costly-c4	owners=4	stride=1	last_owner_size=3	status=0	rounds=3	notices=4	aux_words=112	separate_allocations=7	result_bytes=24
host-adapter-worlds	artifact	group=maintained-case	file=build.log	sha256=5839578c3e390ae3b696ffeaa52ed04de0790e9fad06e36cf0bd1fe5e8672b13	file2=test.log	sha256_2=34597bc683ceecfdcdd1e3cb88b100baa69015236997ef49024db1251b6ee940
host-adapter-worlds	artifact	group=maintained-case	file=test-timings.tsv	sha256=55b84bd7423cf5c4246eb6e7e547ff517f8b8c3bdecb67590ce58f922ee53df2	file2=old-build.log	sha256_2=be978f1a35bcafe81ca910e2a22388c2450eb15d45473724444bbfba6ad3397f	file3=old-W1.log	sha256_3=4e13836de53b5e84cb9d5310a040792d3fdc1c4c10a89462a4054c3fc4da02e4
host-adapter-worlds	artifact	group=native-DAG	file=inputs.sha256	sha256=7d040cdaa9d73da8edff066884f4f173b7b71ed576c07c6bb3b52bf58a80dde5	file2=outputs.sha256	sha256_2=a0e43e5e2c9b0562de785fde9933c887c995da6262e2b10e5eace3b2e3472b7a
host-adapter-worlds	artifact	group=native-DAG	file=build.log	sha256=e8e1261bb31a5b434d2e02f407f2736da7328ed45bd0d815e8f60748e1151342	file2=execute.log	sha256_2=e59fd4ce3daf765ccb26d6c56048bba042ce9c21fa47ac3416bc86525ebe41f6
host-adapter-worlds	artifact	group=native-DAG	file=W1.stdout	sha256=c2da21d6da44e55691acd577ff68e1940e503dad2c559513299683ba1cf9dafb	file2=W4.stdout	sha256_2=9931b99d7ca312cb908f24701e49958c458923afb3fc571fd205640374d6ab21	stderr=both empty
host-adapter-worlds	artifact	group=native-DAG	file=summary.tsv	sha256=ecc71f640b6e24d25059122f11269e45a3e33bbd20e86d7ab623045f38f5c6c3	file2=dag_adapter_check	sha256_2=8da2f8d3075ed8fb3d8e8740093c426845f5b4ede664c2ea57cc8d45df094d21
host-adapter-worlds	artifact	group=native-DAG	file=entry_counter.c	sha256=868a9c3d018c1bfa56f17df40d3af2f10270699eb4758b839274dd21f4f23af5	file2=observe_entries.awk	sha256_2=c0a2ef38562ccee617f58d44ac666513a994633e21b0b1146cf18d223e4142af
host-adapter-worlds	artifact	group=native-DAG	file=commands.txt	sha256=7a602a649f239fbef335903c7075a0fc39abb73cc53f7cae3b85c3abcd958a1f	file2=build.sh	sha256_2=51d7ee05e0bca2db5d7347564afa78ad1b74dfe2890f6050c3dea9c31b267861	file3=reduce.awk	sha256_3=5c22b74d49e7a44357611dc88491a2aae8821ebde7fa87087300a09f77018265
host-adapter-worlds	retention	owner=compute-model investigation	reader=manual adapter-repair review	regression_caller=maintained backend ranges test	full_raw_native_matrices_and_scratch_instrument=identified by hashes, not duplicated here	standalone_binary_reproduction=not claimed	CI_dependency=none	removal=retire this dated qualification when no current claim or dependent uses it
host-adapter-worlds	conclusion	result=actual-world routing repaired for both result ABIs; real indirect-result DAG consumer qualified at W1/W4	old_runtime_adjacency_and_PR105_results=retain original-binder scope	failed_null_and_withdrawn_candidates=unchanged	speed_claim=none	specification_revision=none	new_design_amendment=none
