cohort,contract,variant,operation,capacity,sample,repetitions,operations,elapsed_ns,checksum,digest,requests,peak_bytes
0,normal,whitefoot,lookup,256,0,64,262144,685543,15406439159171514368,7835046105847459488,8256,13312
0,normal,interleaved,lookup,256,0,64,262144,750623,15406439159171514368,7835046105847459488,8256,11264
0,normal,split,lookup,256,0,64,262144,751413,15406439159171514368,7835046105847459488,8256,9472
0,normal,whitefoot,lookup,256,1,64,262144,683379,15406439159171514368,12636395056238259104,8256,13312
0,normal,interleaved,lookup,256,1,64,262144,750840,15406439159171514368,12636395056238259104,8256,11264
0,normal,split,lookup,256,1,64,262144,754833,15406439159171514368,12636395056238259104,8256,9472
0,normal,whitefoot,lookup,256,2,64,262144,683740,15406439159171514368,5108038417128779696,8256,13312
0,normal,interleaved,lookup,256,2,64,262144,750252,15406439159171514368,5108038417128779696,8256,11264
0,normal,split,lookup,256,2,64,262144,752999,15406439159171514368,5108038417128779696,8256,9472
0,normal,whitefoot,lookup,256,3,64,262144,663751,15406439159171514368,16848939090334181552,8256,13312
0,normal,interleaved,lookup,256,3,64,262144,751248,15406439159171514368,16848939090334181552,8256,11264
0,normal,split,lookup,256,3,64,262144,803339,15406439159171514368,16848939090334181552,8256,9472
0,normal,whitefoot,lookup,256,4,64,262144,662543,15406439159171514368,16286268131356312368,8256,13312
0,normal,interleaved,lookup,256,4,64,262144,728913,15406439159171514368,16286268131356312368,8256,11264
0,normal,split,lookup,256,4,64,262144,730539,15406439159171514368,16286268131356312368,8256,9472
0,normal,whitefoot,lookup,256,5,64,262144,663334,15406439159171514368,9120727054633088000,8256,13312
0,normal,interleaved,lookup,256,5,64,262144,728833,15406439159171514368,9120727054633088000,8256,11264
0,normal,split,lookup,256,5,64,262144,730463,15406439159171514368,9120727054633088000,8256,9472
0,normal,whitefoot,lookup,256,6,64,262144,683588,15406439159171514368,5762771361541884512,8256,13312
0,normal,interleaved,lookup,256,6,64,262144,728584,15406439159171514368,5762771361541884512,8256,11264
0,normal,split,lookup,256,6,64,262144,778043,15406439159171514368,5762771361541884512,8256,9472
0,normal,whitefoot,lookup,256,7,64,262144,693502,15406439159171514368,1624341757828425648,8256,13312
0,normal,interleaved,lookup,256,7,64,262144,729044,15406439159171514368,1624341757828425648,8256,11264
0,normal,split,lookup,256,7,64,262144,761042,15406439159171514368,1624341757828425648,8256,9472
0,normal,whitefoot,lookup,256,8,64,262144,664086,15406439159171514368,12269272641764206400,8256,13312
0,normal,interleaved,lookup,256,8,64,262144,728042,15406439159171514368,12269272641764206400,8256,11264
0,normal,split,lookup,256,8,64,262144,729338,15406439159171514368,12269272641764206400,8256,9472
0,normal,whitefoot,lookup,256,9,64,262144,664792,15406439159171514368,5992509345126799584,8256,13312
0,normal,interleaved,lookup,256,9,64,262144,727956,15406439159171514368,5992509345126799584,8256,11264
0,normal,split,lookup,256,9,64,262144,732913,15406439159171514368,5992509345126799584,8256,9472
0,normal,whitefoot,lookup,256,10,64,262144,663002,15406439159171514368,18073023074693822304,8256,13312
0,normal,interleaved,lookup,256,10,64,262144,729962,15406439159171514368,18073023074693822304,8256,11264
0,normal,split,lookup,256,10,64,262144,729044,15406439159171514368,18073023074693822304,8256,9472
0,normal,whitefoot,lookup,256,11,64,262144,663459,15406439159171514368,4901604239908314144,8256,13312
0,normal,interleaved,lookup,256,11,64,262144,728914,15406439159171514368,4901604239908314144,8256,11264
0,normal,split,lookup,256,11,64,262144,729001,15406439159171514368,4901604239908314144,8256,9472
0,normal,whitefoot,lookup,256,12,64,262144,671961,15406439159171514368,4218347057476397696,8256,13312
0,normal,interleaved,lookup,256,12,64,262144,728084,15406439159171514368,4218347057476397696,8256,11264
0,normal,split,lookup,256,12,64,262144,731291,15406439159171514368,4218347057476397696,8256,9472
0,normal,whitefoot,lookup,256,13,64,262144,663583,15406439159171514368,5237384556868179408,8256,13312
0,normal,interleaved,lookup,256,13,64,262144,728622,15406439159171514368,5237384556868179408,8256,11264
0,normal,split,lookup,256,13,64,262144,730162,15406439159171514368,5237384556868179408,8256,9472
0,normal,whitefoot,insert,256,0,64,8192,27374,0,7835046105847459488,8256,13312
0,normal,interleaved,insert,256,0,64,8192,23206,0,7835046105847459488,8256,11264
0,normal,split,insert,256,0,64,8192,23415,0,7835046105847459488,8256,9472
0,normal,whitefoot,insert,256,1,64,8192,26877,0,12636395056238259104,8256,13312
0,normal,interleaved,insert,256,1,64,8192,23207,0,12636395056238259104,8256,11264
0,normal,split,insert,256,1,64,8192,23458,0,12636395056238259104,8256,9472
0,normal,whitefoot,insert,256,2,64,8192,27081,0,5108038417128779696,8256,13312
0,normal,interleaved,insert,256,2,64,8192,23335,0,5108038417128779696,8256,11264
0,normal,split,insert,256,2,64,8192,23251,0,5108038417128779696,8256,9472
0,normal,whitefoot,insert,256,3,64,8192,26879,0,16848939090334181552,8256,13312
0,normal,interleaved,insert,256,3,64,8192,23416,0,16848939090334181552,8256,11264
0,normal,split,insert,256,3,64,8192,22959,0,16848939090334181552,8256,9472
0,normal,whitefoot,insert,256,4,64,8192,27041,0,16286268131356312368,8256,13312
0,normal,interleaved,insert,256,4,64,8192,23375,0,16286268131356312368,8256,11264
0,normal,split,insert,256,4,64,8192,23167,0,16286268131356312368,8256,9472
0,normal,whitefoot,insert,256,5,64,8192,27001,0,9120727054633088000,8256,13312
0,normal,interleaved,insert,256,5,64,8192,23167,0,9120727054633088000,8256,11264
0,normal,split,insert,256,5,64,8192,23040,0,9120727054633088000,8256,9472
0,normal,whitefoot,insert,256,6,64,8192,27044,0,5762771361541884512,8256,13312
0,normal,interleaved,insert,256,6,64,8192,23540,0,5762771361541884512,8256,11264
0,normal,split,insert,256,6,64,8192,23251,0,5762771361541884512,8256,9472
0,normal,whitefoot,insert,256,7,64,8192,27081,0,1624341757828425648,8256,13312
0,normal,interleaved,insert,256,7,64,8192,23458,0,1624341757828425648,8256,11264
0,normal,split,insert,256,7,64,8192,23418,0,1624341757828425648,8256,9472
0,normal,whitefoot,insert,256,8,64,8192,27084,0,12269272641764206400,8256,13312
0,normal,interleaved,insert,256,8,64,8192,23420,0,12269272641764206400,8256,11264
0,normal,split,insert,256,8,64,8192,23581,0,12269272641764206400,8256,9472
0,normal,whitefoot,insert,256,9,64,8192,27120,0,5992509345126799584,8256,13312
0,normal,interleaved,insert,256,9,64,8192,23208,0,5992509345126799584,8256,11264
0,normal,split,insert,256,9,64,8192,23414,0,5992509345126799584,8256,9472
0,normal,whitefoot,insert,256,10,64,8192,27001,0,18073023074693822304,8256,13312
0,normal,interleaved,insert,256,10,64,8192,23333,0,18073023074693822304,8256,11264
0,normal,split,insert,256,10,64,8192,23207,0,18073023074693822304,8256,9472
0,normal,whitefoot,insert,256,11,64,8192,27040,0,4901604239908314144,8256,13312
0,normal,interleaved,insert,256,11,64,8192,23498,0,4901604239908314144,8256,11264
0,normal,split,insert,256,11,64,8192,23459,0,4901604239908314144,8256,9472
0,normal,whitefoot,insert,256,12,64,8192,26999,0,4218347057476397696,8256,13312
0,normal,interleaved,insert,256,12,64,8192,23290,0,4218347057476397696,8256,11264
0,normal,split,insert,256,12,64,8192,23584,0,4218347057476397696,8256,9472
0,normal,whitefoot,insert,256,13,64,8192,27040,0,5237384556868179408,8256,13312
0,normal,interleaved,insert,256,13,64,8192,23291,0,5237384556868179408,8256,11264
0,normal,split,insert,256,13,64,8192,23126,0,5237384556868179408,8256,9472
0,normal,whitefoot,rehash,256,0,64,64,65664,1849948637904797696,5116650466399058720,8320,29696
0,normal,interleaved,rehash,256,0,64,64,48583,1849948637904797696,5116650466399058720,8320,23552
0,normal,split,rehash,256,0,64,64,42582,1849948637904797696,5116650466399058720,8320,18176
0,normal,whitefoot,rehash,256,1,64,64,66082,1849948637904797696,2345175331444990928,8320,29696
0,normal,interleaved,rehash,256,1,64,64,48541,1849948637904797696,2345175331444990928,8320,23552
0,normal,split,rehash,256,1,64,64,42248,1849948637904797696,2345175331444990928,8320,18176
0,normal,whitefoot,rehash,256,2,64,64,65831,1849948637904797696,9167743694309703168,8320,29696
0,normal,interleaved,rehash,256,2,64,64,48500,1849948637904797696,9167743694309703168,8320,23552
0,normal,split,rehash,256,2,64,64,42414,1849948637904797696,9167743694309703168,8320,18176
0,normal,whitefoot,rehash,256,3,64,64,65627,1849948637904797696,2261161121994670040,8320,29696
0,normal,interleaved,rehash,256,3,64,64,49086,1849948637904797696,2261161121994670040,8320,23552
0,normal,split,rehash,256,3,64,64,42664,1849948637904797696,2261161121994670040,8320,18176
0,normal,whitefoot,rehash,256,4,64,64,65207,1849948637904797696,5701732356075431008,8320,29696
0,normal,interleaved,rehash,256,4,64,64,48544,1849948637904797696,5701732356075431008,8320,23552
0,normal,split,rehash,256,4,64,64,42502,1849948637904797696,5701732356075431008,8320,18176
0,normal,whitefoot,rehash,256,5,64,64,65121,1849948637904797696,6599659187284699208,8320,29696
0,normal,interleaved,rehash,256,5,64,64,48457,1849948637904797696,6599659187284699208,8320,23552
0,normal,split,rehash,256,5,64,64,42415,1849948637904797696,6599659187284699208,8320,18176
0,normal,whitefoot,rehash,256,6,64,64,65752,1849948637904797696,7026256584100517184,8320,29696
0,normal,interleaved,rehash,256,6,64,64,48626,1849948637904797696,7026256584100517184,8320,23552
0,normal,split,rehash,256,6,64,64,42411,1849948637904797696,7026256584100517184,8320,18176
0,normal,whitefoot,rehash,256,7,64,64,65501,1849948637904797696,2398031619502997424,8320,29696
0,normal,interleaved,rehash,256,7,64,64,48793,1849948637904797696,2398031619502997424,8320,23552
0,normal,split,rehash,256,7,64,64,42542,1849948637904797696,2398031619502997424,8320,18176
0,normal,whitefoot,rehash,256,8,64,64,66125,1849948637904797696,2136864517181178400,8320,29696
0,normal,interleaved,rehash,256,8,64,64,48663,1849948637904797696,2136864517181178400,8320,23552
0,normal,split,rehash,256,8,64,64,42378,1849948637904797696,2136864517181178400,8320,18176
0,normal,whitefoot,rehash,256,9,64,64,65707,1849948637904797696,1818022764526631496,8320,29696
0,normal,interleaved,rehash,256,9,64,64,48459,1849948637904797696,1818022764526631496,8320,23552
0,normal,split,rehash,256,9,64,64,42331,1849948637904797696,1818022764526631496,8320,18176
0,normal,whitefoot,rehash,256,10,64,64,65546,1849948637904797696,14795153613927278256,8320,29696
0,normal,interleaved,rehash,256,10,64,64,48996,1849948637904797696,14795153613927278256,8320,23552
0,normal,split,rehash,256,10,64,64,42752,1849948637904797696,14795153613927278256,8320,18176
0,normal,whitefoot,rehash,256,11,64,64,65456,1849948637904797696,1188486088324579704,8320,29696
0,normal,interleaved,rehash,256,11,64,64,48625,1849948637904797696,1188486088324579704,8320,23552
0,normal,split,rehash,256,11,64,64,42504,1849948637904797696,1188486088324579704,8320,18176
0,normal,whitefoot,rehash,256,12,64,64,65921,1849948637904797696,11172147813737468064,8320,29696
0,normal,interleaved,rehash,256,12,64,64,48168,1849948637904797696,11172147813737468064,8320,23552
0,normal,split,rehash,256,12,64,64,42043,1849948637904797696,11172147813737468064,8320,18176
0,normal,whitefoot,rehash,256,13,64,64,65417,1849948637904797696,15843050885541994000,8320,29696
0,normal,interleaved,rehash,256,13,64,64,48458,1849948637904797696,15843050885541994000,8320,23552
0,normal,split,rehash,256,13,64,64,42665,1849948637904797696,15843050885541994000,8320,18176
0,normal,whitefoot,lookup,4096,0,4,262144,650208,9962801879973888,1837996882287840280,8196,212992
0,normal,interleaved,lookup,4096,0,4,262144,702125,9962801879973888,1837996882287840280,8196,180224
0,normal,split,lookup,4096,0,4,262144,715543,9962801879973888,1837996882287840280,8196,151552
0,normal,whitefoot,lookup,4096,1,4,262144,654916,9962801879973888,17130842932224972264,8196,212992
0,normal,interleaved,lookup,4096,1,4,262144,705084,9962801879973888,17130842932224972264,8196,180224
0,normal,split,lookup,4096,1,4,262144,715167,9962801879973888,17130842932224972264,8196,151552
0,normal,whitefoot,lookup,4096,2,4,262144,647959,9962801879973888,7748136960903208664,8196,212992
0,normal,interleaved,lookup,4096,2,4,262144,705291,9962801879973888,7748136960903208664,8196,180224
0,normal,split,lookup,4096,2,4,262144,715541,9962801879973888,7748136960903208664,8196,151552
0,normal,whitefoot,lookup,4096,3,4,262144,647000,9962801879973888,9072104606401219352,8196,212992
0,normal,interleaved,lookup,4096,3,4,262144,703708,9962801879973888,9072104606401219352,8196,180224
0,normal,split,lookup,4096,3,4,262144,715458,9962801879973888,9072104606401219352,8196,151552
0,normal,whitefoot,lookup,4096,4,4,262144,645792,9962801879973888,13239724372104250040,8196,212992
0,normal,interleaved,lookup,4096,4,4,262144,702167,9962801879973888,13239724372104250040,8196,180224
0,normal,split,lookup,4096,4,4,262144,715458,9962801879973888,13239724372104250040,8196,151552
0,normal,whitefoot,lookup,4096,5,4,262144,648126,9962801879973888,3801496594800721496,8196,212992
0,normal,interleaved,lookup,4096,5,4,262144,706000,9962801879973888,3801496594800721496,8196,180224
0,normal,split,lookup,4096,5,4,262144,715376,9962801879973888,3801496594800721496,8196,151552
0,normal,whitefoot,lookup,4096,6,4,262144,647543,9962801879973888,7352625120983369704,8196,212992
0,normal,interleaved,lookup,4096,6,4,262144,703374,9962801879973888,7352625120983369704,8196,180224
0,normal,split,lookup,4096,6,4,262144,714832,9962801879973888,7352625120983369704,8196,151552
0,normal,whitefoot,lookup,4096,7,4,262144,651418,9962801879973888,17960812127515588248,8196,212992
0,normal,interleaved,lookup,4096,7,4,262144,704291,9962801879973888,17960812127515588248,8196,180224
0,normal,split,lookup,4096,7,4,262144,714416,9962801879973888,17960812127515588248,8196,151552
0,normal,whitefoot,lookup,4096,8,4,262144,647917,9962801879973888,2615156060198523864,8196,212992
0,normal,interleaved,lookup,4096,8,4,262144,703707,9962801879973888,2615156060198523864,8196,180224
0,normal,split,lookup,4096,8,4,262144,714749,9962801879973888,2615156060198523864,8196,151552
0,normal,whitefoot,lookup,4096,9,4,262144,646668,9962801879973888,1726498032405399000,8196,212992
0,normal,interleaved,lookup,4096,9,4,262144,702125,9962801879973888,1726498032405399000,8196,180224
0,normal,split,lookup,4096,9,4,262144,714626,9962801879973888,1726498032405399000,8196,151552
0,normal,whitefoot,lookup,4096,10,4,262144,647458,9962801879973888,4534567279263349320,8196,212992
0,normal,interleaved,lookup,4096,10,4,262144,705209,9962801879973888,4534567279263349320,8196,180224
0,normal,split,lookup,4096,10,4,262144,715041,9962801879973888,4534567279263349320,8196,151552
0,normal,whitefoot,lookup,4096,11,4,262144,649499,9962801879973888,6412549644183669048,8196,212992
0,normal,interleaved,lookup,4096,11,4,262144,706709,9962801879973888,6412549644183669048,8196,180224
0,normal,split,lookup,4096,11,4,262144,715793,9962801879973888,6412549644183669048,8196,151552
0,normal,whitefoot,lookup,4096,12,4,262144,647959,9962801879973888,8054235486273026056,8196,212992
0,normal,interleaved,lookup,4096,12,4,262144,706541,9962801879973888,8054235486273026056,8196,180224
0,normal,split,lookup,4096,12,4,262144,718209,9962801879973888,8054235486273026056,8196,151552
0,normal,whitefoot,lookup,4096,13,4,262144,649085,9962801879973888,12270942348091423640,8196,212992
0,normal,interleaved,lookup,4096,13,4,262144,704875,9962801879973888,12270942348091423640,8196,180224
0,normal,split,lookup,4096,13,4,262144,715624,9962801879973888,12270942348091423640,8196,151552
0,normal,whitefoot,insert,4096,0,4,8192,26708,0,1837996882287840280,8196,212992
0,normal,interleaved,insert,4096,0,4,8192,23251,0,1837996882287840280,8196,180224
0,normal,split,insert,4096,0,4,8192,24958,0,1837996882287840280,8196,151552
0,normal,whitefoot,insert,4096,1,4,8192,26707,0,17130842932224972264,8196,212992
0,normal,interleaved,insert,4096,1,4,8192,23291,0,17130842932224972264,8196,180224
0,normal,split,insert,4096,1,4,8192,24918,0,17130842932224972264,8196,151552
0,normal,whitefoot,insert,4096,2,4,8192,26708,0,7748136960903208664,8196,212992
0,normal,interleaved,insert,4096,2,4,8192,23251,0,7748136960903208664,8196,180224
0,normal,split,insert,4096,2,4,8192,24791,0,7748136960903208664,8196,151552
0,normal,whitefoot,insert,4096,3,4,8192,26792,0,9072104606401219352,8196,212992
0,normal,interleaved,insert,4096,3,4,8192,23291,0,9072104606401219352,8196,180224
0,normal,split,insert,4096,3,4,8192,24918,0,9072104606401219352,8196,151552
0,normal,whitefoot,insert,4096,4,4,8192,26792,0,13239724372104250040,8196,212992
0,normal,interleaved,insert,4096,4,4,8192,23209,0,13239724372104250040,8196,180224
0,normal,split,insert,4096,4,4,8192,24875,0,13239724372104250040,8196,151552
0,normal,whitefoot,insert,4096,5,4,8192,26792,0,3801496594800721496,8196,212992
0,normal,interleaved,insert,4096,5,4,8192,23168,0,3801496594800721496,8196,180224
0,normal,split,insert,4096,5,4,8192,24959,0,3801496594800721496,8196,151552
0,normal,whitefoot,insert,4096,6,4,8192,26792,0,7352625120983369704,8196,212992
0,normal,interleaved,insert,4096,6,4,8192,23251,0,7352625120983369704,8196,180224
0,normal,split,insert,4096,6,4,8192,24917,0,7352625120983369704,8196,151552
0,normal,whitefoot,insert,4096,7,4,8192,26832,0,17960812127515588248,8196,212992
0,normal,interleaved,insert,4096,7,4,8192,23583,0,17960812127515588248,8196,180224
0,normal,split,insert,4096,7,4,8192,24959,0,17960812127515588248,8196,151552
0,normal,whitefoot,insert,4096,8,4,8192,26833,0,2615156060198523864,8196,212992
0,normal,interleaved,insert,4096,8,4,8192,23375,0,2615156060198523864,8196,180224
0,normal,split,insert,4096,8,4,8192,24875,0,2615156060198523864,8196,151552
0,normal,whitefoot,insert,4096,9,4,8192,26874,0,1726498032405399000,8196,212992
0,normal,interleaved,insert,4096,9,4,8192,23250,0,1726498032405399000,8196,180224
0,normal,split,insert,4096,9,4,8192,24834,0,1726498032405399000,8196,151552
0,normal,whitefoot,insert,4096,10,4,8192,26706,0,4534567279263349320,8196,212992
0,normal,interleaved,insert,4096,10,4,8192,23333,0,4534567279263349320,8196,180224
0,normal,split,insert,4096,10,4,8192,24790,0,4534567279263349320,8196,151552
0,normal,whitefoot,insert,4096,11,4,8192,26834,0,6412549644183669048,8196,212992
0,normal,interleaved,insert,4096,11,4,8192,23249,0,6412549644183669048,8196,180224
0,normal,split,insert,4096,11,4,8192,24250,0,6412549644183669048,8196,151552
0,normal,whitefoot,insert,4096,12,4,8192,26834,0,8054235486273026056,8196,212992
0,normal,interleaved,insert,4096,12,4,8192,23249,0,8054235486273026056,8196,180224
0,normal,split,insert,4096,12,4,8192,24501,0,8054235486273026056,8196,151552
0,normal,whitefoot,insert,4096,13,4,8192,26751,0,12270942348091423640,8196,212992
0,normal,interleaved,insert,4096,13,4,8192,23374,0,12270942348091423640,8196,180224
0,normal,split,insert,4096,13,4,8192,24541,0,12270942348091423640,8196,151552
0,normal,whitefoot,rehash,4096,0,4,4,62292,1827965534208,16755485260950900696,8200,475136
0,normal,interleaved,rehash,4096,0,4,4,53709,1827965534208,16755485260950900696,8200,376832
0,normal,split,rehash,4096,0,4,4,39875,1827965534208,16755485260950900696,8200,290816
0,normal,whitefoot,rehash,4096,1,4,4,62250,1827965534208,11397508409219617008,8200,475136
0,normal,interleaved,rehash,4096,1,4,4,53958,1827965534208,11397508409219617008,8200,376832
0,normal,split,rehash,4096,1,4,4,40042,1827965534208,11397508409219617008,8200,290816
0,normal,whitefoot,rehash,4096,2,4,4,62999,1827965534208,2291712753279154904,8200,475136
0,normal,interleaved,rehash,4096,2,4,4,53791,1827965534208,2291712753279154904,8200,376832
0,normal,split,rehash,4096,2,4,4,39874,1827965534208,2291712753279154904,8200,290816
0,normal,whitefoot,rehash,4096,3,4,4,63040,1827965534208,13715796755296672336,8200,475136
0,normal,interleaved,rehash,4096,3,4,4,53750,1827965534208,13715796755296672336,8200,376832
0,normal,split,rehash,4096,3,4,4,39917,1827965534208,13715796755296672336,8200,290816
0,normal,whitefoot,rehash,4096,4,4,4,62999,1827965534208,11472147109226316488,8200,475136
0,normal,interleaved,rehash,4096,4,4,4,53916,1827965534208,11472147109226316488,8200,376832
0,normal,split,rehash,4096,4,4,4,39625,1827965534208,11472147109226316488,8200,290816
0,normal,whitefoot,rehash,4096,5,4,4,62583,1827965534208,17478255965976599768,8200,475136
0,normal,interleaved,rehash,4096,5,4,4,53792,1827965534208,17478255965976599768,8200,376832
0,normal,split,rehash,4096,5,4,4,39917,1827965534208,17478255965976599768,8200,290816
0,normal,whitefoot,rehash,4096,6,4,4,63292,1827965534208,9565289437605259256,8200,475136
0,normal,interleaved,rehash,4096,6,4,4,53875,1827965534208,9565289437605259256,8200,376832
0,normal,split,rehash,4096,6,4,4,39625,1827965534208,9565289437605259256,8200,290816
0,normal,whitefoot,rehash,4096,7,4,4,62458,1827965534208,5938984280190480528,8200,475136
0,normal,interleaved,rehash,4096,7,4,4,53792,1827965534208,5938984280190480528,8200,376832
0,normal,split,rehash,4096,7,4,4,40041,1827965534208,5938984280190480528,8200,290816
0,normal,whitefoot,rehash,4096,8,4,4,63331,1827965534208,7753566762732457912,8200,475136
0,normal,interleaved,rehash,4096,8,4,4,53793,1827965534208,7753566762732457912,8200,376832
0,normal,split,rehash,4096,8,4,4,39793,1827965534208,7753566762732457912,8200,290816
0,normal,whitefoot,rehash,4096,9,4,4,62500,1827965534208,13780301973079490048,8200,475136
0,normal,interleaved,rehash,4096,9,4,4,53791,1827965534208,13780301973079490048,8200,376832
0,normal,split,rehash,4096,9,4,4,39667,1827965534208,13780301973079490048,8200,290816
0,normal,whitefoot,rehash,4096,10,4,4,62792,1827965534208,15143009266973162248,8200,475136
0,normal,interleaved,rehash,4096,10,4,4,53752,1827965534208,15143009266973162248,8200,376832
0,normal,split,rehash,4096,10,4,4,39750,1827965534208,15143009266973162248,8200,290816
0,normal,whitefoot,rehash,4096,11,4,4,63166,1827965534208,16669691421769542776,8200,475136
0,normal,interleaved,rehash,4096,11,4,4,53792,1827965534208,16669691421769542776,8200,376832
0,normal,split,rehash,4096,11,4,4,42165,1827965534208,16669691421769542776,8200,290816
0,normal,whitefoot,rehash,4096,12,4,4,62999,1827965534208,12295864366953237120,8200,475136
0,normal,interleaved,rehash,4096,12,4,4,53917,1827965534208,12295864366953237120,8200,376832
0,normal,split,rehash,4096,12,4,4,39751,1827965534208,12295864366953237120,8200,290816
0,normal,whitefoot,rehash,4096,13,4,4,63250,1827965534208,9430538475723708128,8200,475136
0,normal,interleaved,rehash,4096,13,4,4,53668,1827965534208,9430538475723708128,8200,376832
0,normal,split,rehash,4096,13,4,4,39792,1827965534208,9430538475723708128,8200,290816
0,normal,whitefoot,lookup,16384,0,4,1048576,2744125,159344702076223488,10909911768892883176,32772,851968
0,normal,interleaved,lookup,16384,0,4,1048576,2924584,159344702076223488,10909911768892883176,32772,720896
0,normal,split,lookup,16384,0,4,1048576,3095750,159344702076223488,10909911768892883176,32772,606208
0,normal,whitefoot,lookup,16384,1,4,1048576,2735749,159344702076223488,13502755409350941448,32772,851968
0,normal,interleaved,lookup,16384,1,4,1048576,2916207,159344702076223488,13502755409350941448,32772,720896
0,normal,split,lookup,16384,1,4,1048576,3085833,159344702076223488,13502755409350941448,32772,606208
0,normal,whitefoot,lookup,16384,2,4,1048576,2731542,159344702076223488,14940797459546303912,32772,851968
0,normal,interleaved,lookup,16384,2,4,1048576,2913000,159344702076223488,14940797459546303912,32772,720896
0,normal,split,lookup,16384,2,4,1048576,3084583,159344702076223488,14940797459546303912,32772,606208
0,normal,whitefoot,lookup,16384,3,4,1048576,2733249,159344702076223488,7567640889831038072,32772,851968
0,normal,interleaved,lookup,16384,3,4,1048576,2920291,159344702076223488,7567640889831038072,32772,720896
0,normal,split,lookup,16384,3,4,1048576,3080502,159344702076223488,7567640889831038072,32772,606208
0,normal,whitefoot,lookup,16384,4,4,1048576,2737000,159344702076223488,11576670716104284088,32772,851968
0,normal,interleaved,lookup,16384,4,4,1048576,2912791,159344702076223488,11576670716104284088,32772,720896
0,normal,split,lookup,16384,4,4,1048576,3081916,159344702076223488,11576670716104284088,32772,606208
0,normal,whitefoot,lookup,16384,5,4,1048576,2735417,159344702076223488,18226598782554959048,32772,851968
0,normal,interleaved,lookup,16384,5,4,1048576,2911874,159344702076223488,18226598782554959048,32772,720896
0,normal,split,lookup,16384,5,4,1048576,3080583,159344702076223488,18226598782554959048,32772,606208
0,normal,whitefoot,lookup,16384,6,4,1048576,2736666,159344702076223488,8952695809931110936,32772,851968
0,normal,interleaved,lookup,16384,6,4,1048576,2910625,159344702076223488,8952695809931110936,32772,720896
0,normal,split,lookup,16384,6,4,1048576,3081251,159344702076223488,8952695809931110936,32772,606208
0,normal,whitefoot,lookup,16384,7,4,1048576,2732958,159344702076223488,7818766382147352904,32772,851968
0,normal,interleaved,lookup,16384,7,4,1048576,2916541,159344702076223488,7818766382147352904,32772,720896
0,normal,split,lookup,16384,7,4,1048576,3080875,159344702076223488,7818766382147352904,32772,606208
0,normal,whitefoot,lookup,16384,8,4,1048576,2735458,159344702076223488,16149779501894872504,32772,851968
0,normal,interleaved,lookup,16384,8,4,1048576,2916334,159344702076223488,16149779501894872504,32772,720896
0,normal,split,lookup,16384,8,4,1048576,3081583,159344702076223488,16149779501894872504,32772,606208
0,normal,whitefoot,lookup,16384,9,4,1048576,2740251,159344702076223488,2356081379217275400,32772,851968
0,normal,interleaved,lookup,16384,9,4,1048576,2917084,159344702076223488,2356081379217275400,32772,720896
0,normal,split,lookup,16384,9,4,1048576,3084457,159344702076223488,2356081379217275400,32772,606208
0,normal,whitefoot,lookup,16384,10,4,1048576,2745543,159344702076223488,15550830537941824056,32772,851968
0,normal,interleaved,lookup,16384,10,4,1048576,2918791,159344702076223488,15550830537941824056,32772,720896
0,normal,split,lookup,16384,10,4,1048576,3085542,159344702076223488,15550830537941824056,32772,606208
0,normal,whitefoot,lookup,16384,11,4,1048576,2736458,159344702076223488,10293427524117068264,32772,851968
0,normal,interleaved,lookup,16384,11,4,1048576,2908915,159344702076223488,10293427524117068264,32772,720896
0,normal,split,lookup,16384,11,4,1048576,3089000,159344702076223488,10293427524117068264,32772,606208
0,normal,whitefoot,lookup,16384,12,4,1048576,2738499,159344702076223488,5521175825229903656,32772,851968
0,normal,interleaved,lookup,16384,12,4,1048576,2911041,159344702076223488,5521175825229903656,32772,720896
0,normal,split,lookup,16384,12,4,1048576,3085249,159344702076223488,5521175825229903656,32772,606208
0,normal,whitefoot,lookup,16384,13,4,1048576,2733835,159344702076223488,5725350131714615384,32772,851968
0,normal,interleaved,lookup,16384,13,4,1048576,2918999,159344702076223488,5725350131714615384,32772,720896
0,normal,split,lookup,16384,13,4,1048576,3089000,159344702076223488,5725350131714615384,32772,606208
0,normal,whitefoot,insert,16384,0,4,32768,107707,0,10909911768892883176,32772,851968
0,normal,interleaved,insert,16384,0,4,32768,92957,0,10909911768892883176,32772,720896
0,normal,split,insert,16384,0,4,32768,96084,0,10909911768892883176,32772,606208
0,normal,whitefoot,insert,16384,1,4,32768,107707,0,13502755409350941448,32772,851968
0,normal,interleaved,insert,16384,1,4,32768,92917,0,13502755409350941448,32772,720896
0,normal,split,insert,16384,1,4,32768,96126,0,13502755409350941448,32772,606208
0,normal,whitefoot,insert,16384,2,4,32768,115834,0,14940797459546303912,32772,851968
0,normal,interleaved,insert,16384,2,4,32768,92959,0,14940797459546303912,32772,720896
0,normal,split,insert,16384,2,4,32768,96292,0,14940797459546303912,32772,606208
0,normal,whitefoot,insert,16384,3,4,32768,107459,0,7567640889831038072,32772,851968
0,normal,interleaved,insert,16384,3,4,32768,92957,0,7567640889831038072,32772,720896
0,normal,split,insert,16384,3,4,32768,96666,0,7567640889831038072,32772,606208
0,normal,whitefoot,insert,16384,4,4,32768,107793,0,11576670716104284088,32772,851968
0,normal,interleaved,insert,16384,4,4,32768,93669,0,11576670716104284088,32772,720896
0,normal,split,insert,16384,4,4,32768,96542,0,11576670716104284088,32772,606208
0,normal,whitefoot,insert,16384,5,4,32768,107626,0,18226598782554959048,32772,851968
0,normal,interleaved,insert,16384,5,4,32768,92832,0,18226598782554959048,32772,720896
0,normal,split,insert,16384,5,4,32768,96625,0,18226598782554959048,32772,606208
0,normal,whitefoot,insert,16384,6,4,32768,107583,0,8952695809931110936,32772,851968
0,normal,interleaved,insert,16384,6,4,32768,94791,0,8952695809931110936,32772,720896
0,normal,split,insert,16384,6,4,32768,98084,0,8952695809931110936,32772,606208
0,normal,whitefoot,insert,16384,7,4,32768,107375,0,7818766382147352904,32772,851968
0,normal,interleaved,insert,16384,7,4,32768,93459,0,7818766382147352904,32772,720896
0,normal,split,insert,16384,7,4,32768,97458,0,7818766382147352904,32772,606208
0,normal,whitefoot,insert,16384,8,4,32768,107500,0,16149779501894872504,32772,851968
0,normal,interleaved,insert,16384,8,4,32768,93541,0,16149779501894872504,32772,720896
0,normal,split,insert,16384,8,4,32768,96833,0,16149779501894872504,32772,606208
0,normal,whitefoot,insert,16384,9,4,32768,107583,0,2356081379217275400,32772,851968
0,normal,interleaved,insert,16384,9,4,32768,92957,0,2356081379217275400,32772,720896
0,normal,split,insert,16384,9,4,32768,97541,0,2356081379217275400,32772,606208
0,normal,whitefoot,insert,16384,10,4,32768,107542,0,15550830537941824056,32772,851968
0,normal,interleaved,insert,16384,10,4,32768,92791,0,15550830537941824056,32772,720896
0,normal,split,insert,16384,10,4,32768,96709,0,15550830537941824056,32772,606208
0,normal,whitefoot,insert,16384,11,4,32768,108375,0,10293427524117068264,32772,851968
0,normal,interleaved,insert,16384,11,4,32768,95875,0,10293427524117068264,32772,720896
0,normal,split,insert,16384,11,4,32768,96583,0,10293427524117068264,32772,606208
0,normal,whitefoot,insert,16384,12,4,32768,108292,0,5521175825229903656,32772,851968
0,normal,interleaved,insert,16384,12,4,32768,92833,0,5521175825229903656,32772,720896
0,normal,split,insert,16384,12,4,32768,96666,0,5521175825229903656,32772,606208
0,normal,whitefoot,insert,16384,13,4,32768,107876,0,5725350131714615384,32772,851968
0,normal,interleaved,insert,16384,13,4,32768,93291,0,5725350131714615384,32772,720896
0,normal,split,insert,16384,13,4,32768,97374,0,5725350131714615384,32772,606208
0,normal,whitefoot,rehash,16384,0,4,4,244666,7311862136832,11734543581844066032,32776,1900544
0,normal,interleaved,rehash,16384,0,4,4,214418,7311862136832,11734543581844066032,32776,1507328
0,normal,split,rehash,16384,0,4,4,155289,7311862136832,11734543581844066032,32776,1163264
0,normal,whitefoot,rehash,16384,1,4,4,244084,7311862136832,9106608044878866272,32776,1900544
0,normal,interleaved,rehash,16384,1,4,4,214417,7311862136832,9106608044878866272,32776,1507328
0,normal,split,rehash,16384,1,4,4,156374,7311862136832,9106608044878866272,32776,1163264
0,normal,whitefoot,rehash,16384,2,4,4,245582,7311862136832,7309884484771575248,32776,1900544
0,normal,interleaved,rehash,16384,2,4,4,213208,7311862136832,7309884484771575248,32776,1507328
0,normal,split,rehash,16384,2,4,4,155916,7311862136832,7309884484771575248,32776,1163264
0,normal,whitefoot,rehash,16384,3,4,4,244624,7311862136832,9388458061057511456,32776,1900544
0,normal,interleaved,rehash,16384,3,4,4,216376,7311862136832,9388458061057511456,32776,1507328
0,normal,split,rehash,16384,3,4,4,154917,7311862136832,9388458061057511456,32776,1163264
0,normal,whitefoot,rehash,16384,4,4,4,246084,7311862136832,11073332935378422512,32776,1900544
0,normal,interleaved,rehash,16384,4,4,4,213835,7311862136832,11073332935378422512,32776,1507328
0,normal,split,rehash,16384,4,4,4,154958,7311862136832,11073332935378422512,32776,1163264
0,normal,whitefoot,rehash,16384,5,4,4,252832,7311862136832,12626423576593689920,32776,1900544
0,normal,interleaved,rehash,16384,5,4,4,213792,7311862136832,12626423576593689920,32776,1507328
0,normal,split,rehash,16384,5,4,4,256583,7311862136832,12626423576593689920,32776,1163264
0,normal,whitefoot,rehash,16384,6,4,4,245292,7311862136832,5875688640427425904,32776,1900544
0,normal,interleaved,rehash,16384,6,4,4,219041,7311862136832,5875688640427425904,32776,1507328
0,normal,split,rehash,16384,6,4,4,155124,7311862136832,5875688640427425904,32776,1163264
0,normal,whitefoot,rehash,16384,7,4,4,245832,7311862136832,995894157135461184,32776,1900544
0,normal,interleaved,rehash,16384,7,4,4,226127,7311862136832,995894157135461184,32776,1507328
0,normal,split,rehash,16384,7,4,4,154917,7311862136832,995894157135461184,32776,1163264
0,normal,whitefoot,rehash,16384,8,4,4,243791,7311862136832,9620557774374313120,32776,1900544
0,normal,interleaved,rehash,16384,8,4,4,213293,7311862136832,9620557774374313120,32776,1507328
0,normal,split,rehash,16384,8,4,4,155083,7311862136832,9620557774374313120,32776,1163264
0,normal,whitefoot,rehash,16384,9,4,4,245876,7311862136832,10225861738127010000,32776,1900544
0,normal,interleaved,rehash,16384,9,4,4,215001,7311862136832,10225861738127010000,32776,1507328
0,normal,split,rehash,16384,9,4,4,154999,7311862136832,10225861738127010000,32776,1163264
0,normal,whitefoot,rehash,16384,10,4,4,245124,7311862136832,15873380271962991376,32776,1900544
0,normal,interleaved,rehash,16384,10,4,4,214125,7311862136832,15873380271962991376,32776,1507328
0,normal,split,rehash,16384,10,4,4,155958,7311862136832,15873380271962991376,32776,1163264
0,normal,whitefoot,rehash,16384,11,4,4,244834,7311862136832,785342622397670336,32776,1900544
0,normal,interleaved,rehash,16384,11,4,4,217624,7311862136832,785342622397670336,32776,1507328
0,normal,split,rehash,16384,11,4,4,155083,7311862136832,785342622397670336,32776,1163264
0,normal,whitefoot,rehash,16384,12,4,4,244000,7311862136832,1847626916838410768,32776,1900544
0,normal,interleaved,rehash,16384,12,4,4,214917,7311862136832,1847626916838410768,32776,1507328
0,normal,split,rehash,16384,12,4,4,154501,7311862136832,1847626916838410768,32776,1163264
0,normal,whitefoot,rehash,16384,13,4,4,244793,7311862136832,7996111961345360336,32776,1900544
0,normal,interleaved,rehash,16384,13,4,4,212917,7311862136832,7996111961345360336,32776,1507328
0,normal,split,rehash,16384,13,4,4,155834,7311862136832,7996111961345360336,32776,1163264
0,retained,whitefoot,lookup,256,0,64,262144,771961,15406439159171514368,7835046105847459488,8256,13312
0,retained,interleaved,lookup,256,0,64,262144,729662,15406439159171514368,7835046105847459488,8256,11264
0,retained,split,lookup,256,0,64,262144,729960,15406439159171514368,7835046105847459488,8256,9472
0,retained,whitefoot,lookup,256,1,64,262144,776419,15406439159171514368,12636395056238259104,8256,13312
0,retained,interleaved,lookup,256,1,64,262144,728459,15406439159171514368,12636395056238259104,8256,11264
0,retained,split,lookup,256,1,64,262144,729997,15406439159171514368,12636395056238259104,8256,9472
0,retained,whitefoot,lookup,256,2,64,262144,772372,15406439159171514368,5108038417128779696,8256,13312
0,retained,interleaved,lookup,256,2,64,262144,728455,15406439159171514368,5108038417128779696,8256,11264
0,retained,split,lookup,256,2,64,262144,729293,15406439159171514368,5108038417128779696,8256,9472
0,retained,whitefoot,lookup,256,3,64,262144,771756,15406439159171514368,16848939090334181552,8256,13312
0,retained,interleaved,lookup,256,3,64,262144,728958,15406439159171514368,16848939090334181552,8256,11264
0,retained,split,lookup,256,3,64,262144,730626,15406439159171514368,16848939090334181552,8256,9472
0,retained,whitefoot,lookup,256,4,64,262144,771544,15406439159171514368,16286268131356312368,8256,13312
0,retained,interleaved,lookup,256,4,64,262144,728460,15406439159171514368,16286268131356312368,8256,11264
0,retained,split,lookup,256,4,64,262144,733751,15406439159171514368,16286268131356312368,8256,9472
0,retained,whitefoot,lookup,256,5,64,262144,772795,15406439159171514368,9120727054633088000,8256,13312
0,retained,interleaved,lookup,256,5,64,262144,727835,15406439159171514368,9120727054633088000,8256,11264
0,retained,split,lookup,256,5,64,262144,729664,15406439159171514368,9120727054633088000,8256,9472
0,retained,whitefoot,lookup,256,6,64,262144,772043,15406439159171514368,5762771361541884512,8256,13312
0,retained,interleaved,lookup,256,6,64,262144,728419,15406439159171514368,5762771361541884512,8256,11264
0,retained,split,lookup,256,6,64,262144,732586,15406439159171514368,5762771361541884512,8256,9472
0,retained,whitefoot,lookup,256,7,64,262144,773294,15406439159171514368,1624341757828425648,8256,13312
0,retained,interleaved,lookup,256,7,64,262144,737961,15406439159171514368,1624341757828425648,8256,11264
0,retained,split,lookup,256,7,64,262144,733620,15406439159171514368,1624341757828425648,8256,9472
0,retained,whitefoot,lookup,256,8,64,262144,774087,15406439159171514368,12269272641764206400,8256,13312
0,retained,interleaved,lookup,256,8,64,262144,729959,15406439159171514368,12269272641764206400,8256,11264
0,retained,split,lookup,256,8,64,262144,731289,15406439159171514368,12269272641764206400,8256,9472
0,retained,whitefoot,lookup,256,9,64,262144,774623,15406439159171514368,5992509345126799584,8256,13312
0,retained,interleaved,lookup,256,9,64,262144,730458,15406439159171514368,5992509345126799584,8256,11264
0,retained,split,lookup,256,9,64,262144,732042,15406439159171514368,5992509345126799584,8256,9472
0,retained,whitefoot,lookup,256,10,64,262144,772285,15406439159171514368,18073023074693822304,8256,13312
0,retained,interleaved,lookup,256,10,64,262144,728089,15406439159171514368,18073023074693822304,8256,11264
0,retained,split,lookup,256,10,64,262144,729754,15406439159171514368,18073023074693822304,8256,9472
0,retained,whitefoot,lookup,256,11,64,262144,811288,15406439159171514368,4901604239908314144,8256,13312
0,retained,interleaved,lookup,256,11,64,262144,729123,15406439159171514368,4901604239908314144,8256,11264
0,retained,split,lookup,256,11,64,262144,729125,15406439159171514368,4901604239908314144,8256,9472
0,retained,whitefoot,lookup,256,12,64,262144,779169,15406439159171514368,4218347057476397696,8256,13312
0,retained,interleaved,lookup,256,12,64,262144,729044,15406439159171514368,4218347057476397696,8256,11264
0,retained,split,lookup,256,12,64,262144,728710,15406439159171514368,4218347057476397696,8256,9472
0,retained,whitefoot,lookup,256,13,64,262144,772247,15406439159171514368,5237384556868179408,8256,13312
0,retained,interleaved,lookup,256,13,64,262144,733288,15406439159171514368,5237384556868179408,8256,11264
0,retained,split,lookup,256,13,64,262144,728710,15406439159171514368,5237384556868179408,8256,9472
0,retained,whitefoot,insert,256,0,64,8192,27039,0,7835046105847459488,8256,13312
0,retained,interleaved,insert,256,0,64,8192,23416,0,7835046105847459488,8256,11264
0,retained,split,insert,256,0,64,8192,23456,0,7835046105847459488,8256,9472
0,retained,whitefoot,insert,256,1,64,8192,27212,0,12636395056238259104,8256,13312
0,retained,interleaved,insert,256,1,64,8192,23247,0,12636395056238259104,8256,11264
0,retained,split,insert,256,1,64,8192,25416,0,12636395056238259104,8256,9472
0,retained,whitefoot,insert,256,2,64,8192,27000,0,5108038417128779696,8256,13312
0,retained,interleaved,insert,256,2,64,8192,23334,0,5108038417128779696,8256,11264
0,retained,split,insert,256,2,64,8192,23540,0,5108038417128779696,8256,9472
0,retained,whitefoot,insert,256,3,64,8192,26834,0,16848939090334181552,8256,13312
0,retained,interleaved,insert,256,3,64,8192,23793,0,16848939090334181552,8256,11264
0,retained,split,insert,256,3,64,8192,23499,0,16848939090334181552,8256,9472
0,retained,whitefoot,insert,256,4,64,8192,26919,0,16286268131356312368,8256,13312
0,retained,interleaved,insert,256,4,64,8192,23539,0,16286268131356312368,8256,11264
0,retained,split,insert,256,4,64,8192,23165,0,16286268131356312368,8256,9472
0,retained,whitefoot,insert,256,5,64,8192,27039,0,9120727054633088000,8256,13312
0,retained,interleaved,insert,256,5,64,8192,23205,0,9120727054633088000,8256,11264
0,retained,split,insert,256,5,64,8192,23124,0,9120727054633088000,8256,9472
0,retained,whitefoot,insert,256,6,64,8192,27041,0,5762771361541884512,8256,13312
0,retained,interleaved,insert,256,6,64,8192,23081,0,5762771361541884512,8256,11264
0,retained,split,insert,256,6,64,8192,23460,0,5762771361541884512,8256,9472
0,retained,whitefoot,insert,256,7,64,8192,27165,0,1624341757828425648,8256,13312
0,retained,interleaved,insert,256,7,64,8192,23290,0,1624341757828425648,8256,11264
0,retained,split,insert,256,7,64,8192,23541,0,1624341757828425648,8256,9472
0,retained,whitefoot,insert,256,8,64,8192,26957,0,12269272641764206400,8256,13312
0,retained,interleaved,insert,256,8,64,8192,23207,0,12269272641764206400,8256,11264
0,retained,split,insert,256,8,64,8192,23165,0,12269272641764206400,8256,9472
0,retained,whitefoot,insert,256,9,64,8192,27125,0,5992509345126799584,8256,13312
0,retained,interleaved,insert,256,9,64,8192,23124,0,5992509345126799584,8256,11264
0,retained,split,insert,256,9,64,8192,23710,0,5992509345126799584,8256,9472
0,retained,whitefoot,insert,256,10,64,8192,26790,0,18073023074693822304,8256,13312
0,retained,interleaved,insert,256,10,64,8192,23378,0,18073023074693822304,8256,11264
0,retained,split,insert,256,10,64,8192,23126,0,18073023074693822304,8256,9472
0,retained,whitefoot,insert,256,11,64,8192,26880,0,4901604239908314144,8256,13312
0,retained,interleaved,insert,256,11,64,8192,23165,0,4901604239908314144,8256,11264
0,retained,split,insert,256,11,64,8192,23456,0,4901604239908314144,8256,9472
0,retained,whitefoot,insert,256,12,64,8192,26834,0,4218347057476397696,8256,13312
0,retained,interleaved,insert,256,12,64,8192,23163,0,4218347057476397696,8256,11264
0,retained,split,insert,256,12,64,8192,23876,0,4218347057476397696,8256,9472
0,retained,whitefoot,insert,256,13,64,8192,26874,0,5237384556868179408,8256,13312
0,retained,interleaved,insert,256,13,64,8192,23291,0,5237384556868179408,8256,11264
0,retained,split,insert,256,13,64,8192,23082,0,5237384556868179408,8256,9472
0,retained,whitefoot,rehash,256,0,64,64,65742,1849948637904797696,5116650466399058720,8320,29696
0,retained,interleaved,rehash,256,0,64,64,48626,1849948637904797696,5116650466399058720,8320,23552
0,retained,split,rehash,256,0,64,64,42707,1849948637904797696,5116650466399058720,8320,18176
0,retained,whitefoot,rehash,256,1,64,64,65493,1849948637904797696,2345175331444990928,8320,29696
0,retained,interleaved,rehash,256,1,64,64,48833,1849948637904797696,2345175331444990928,8320,23552
0,retained,split,rehash,256,1,64,64,42578,1849948637904797696,2345175331444990928,8320,18176
0,retained,whitefoot,rehash,256,2,64,64,65421,1849948637904797696,9167743694309703168,8320,29696
0,retained,interleaved,rehash,256,2,64,64,48827,1849948637904797696,9167743694309703168,8320,23552
0,retained,split,rehash,256,2,64,64,42581,1849948637904797696,9167743694309703168,8320,18176
0,retained,whitefoot,rehash,256,3,64,64,66417,1849948637904797696,2261161121994670040,8320,29696
0,retained,interleaved,rehash,256,3,64,64,49211,1849948637904797696,2261161121994670040,8320,23552
0,retained,split,rehash,256,3,64,64,43252,1849948637904797696,2261161121994670040,8320,18176
0,retained,whitefoot,rehash,256,4,64,64,65252,1849948637904797696,5701732356075431008,8320,29696
0,retained,interleaved,rehash,256,4,64,64,48917,1849948637904797696,5701732356075431008,8320,23552
0,retained,split,rehash,256,4,64,64,42457,1849948637904797696,5701732356075431008,8320,18176
0,retained,whitefoot,rehash,256,5,64,64,65211,1849948637904797696,6599659187284699208,8320,29696
0,retained,interleaved,rehash,256,5,64,64,48460,1849948637904797696,6599659187284699208,8320,23552
0,retained,split,rehash,256,5,64,64,42208,1849948637904797696,6599659187284699208,8320,18176
0,retained,whitefoot,rehash,256,6,64,64,66332,1849948637904797696,7026256584100517184,8320,29696
0,retained,interleaved,rehash,256,6,64,64,48416,1849948637904797696,7026256584100517184,8320,23552
0,retained,split,rehash,256,6,64,64,42704,1849948637904797696,7026256584100517184,8320,18176
0,retained,whitefoot,rehash,256,7,64,64,65461,1849948637904797696,2398031619502997424,8320,29696
0,retained,interleaved,rehash,256,7,64,64,48960,1849948637904797696,2398031619502997424,8320,23552
0,retained,split,rehash,256,7,64,64,42454,1849948637904797696,2398031619502997424,8320,18176
0,retained,whitefoot,rehash,256,8,64,64,64835,1849948637904797696,2136864517181178400,8320,29696
0,retained,interleaved,rehash,256,8,64,64,48503,1849948637904797696,2136864517181178400,8320,23552
0,retained,split,rehash,256,8,64,64,42542,1849948637904797696,2136864517181178400,8320,18176
0,retained,whitefoot,rehash,256,9,64,64,65251,1849948637904797696,1818022764526631496,8320,29696
0,retained,interleaved,rehash,256,9,64,64,48456,1849948637904797696,1818022764526631496,8320,23552
0,retained,split,rehash,256,9,64,64,42210,1849948637904797696,1818022764526631496,8320,18176
0,retained,whitefoot,rehash,256,10,64,64,65746,1849948637904797696,14795153613927278256,8320,29696
0,retained,interleaved,rehash,256,10,64,64,49043,1849948637904797696,14795153613927278256,8320,23552
0,retained,split,rehash,256,10,64,64,42705,1849948637904797696,14795153613927278256,8320,18176
0,retained,whitefoot,rehash,256,11,64,64,65584,1849948637904797696,1188486088324579704,8320,29696
0,retained,interleaved,rehash,256,11,64,64,48790,1849948637904797696,1188486088324579704,8320,23552
0,retained,split,rehash,256,11,64,64,42337,1849948637904797696,1188486088324579704,8320,18176
0,retained,whitefoot,rehash,256,12,64,64,65463,1849948637904797696,11172147813737468064,8320,29696
0,retained,interleaved,rehash,256,12,64,64,48668,1849948637904797696,11172147813737468064,8320,23552
0,retained,split,rehash,256,12,64,64,42502,1849948637904797696,11172147813737468064,8320,18176
0,retained,whitefoot,rehash,256,13,64,64,65666,1849948637904797696,15843050885541994000,8320,29696
0,retained,interleaved,rehash,256,13,64,64,49165,1849948637904797696,15843050885541994000,8320,23552
0,retained,split,rehash,256,13,64,64,42495,1849948637904797696,15843050885541994000,8320,18176
0,retained,whitefoot,lookup,4096,0,4,262144,746043,9962801879973888,1837996882287840280,8196,212992
0,retained,interleaved,lookup,4096,0,4,262144,702333,9962801879973888,1837996882287840280,8196,180224
0,retained,split,lookup,4096,0,4,262144,710916,9962801879973888,1837996882287840280,8196,151552
0,retained,whitefoot,lookup,4096,1,4,262144,748334,9962801879973888,17130842932224972264,8196,212992
0,retained,interleaved,lookup,4096,1,4,262144,701042,9962801879973888,17130842932224972264,8196,180224
0,retained,split,lookup,4096,1,4,262144,710833,9962801879973888,17130842932224972264,8196,151552
0,retained,whitefoot,lookup,4096,2,4,262144,746457,9962801879973888,7748136960903208664,8196,212992
0,retained,interleaved,lookup,4096,2,4,262144,701583,9962801879973888,7748136960903208664,8196,180224
0,retained,split,lookup,4096,2,4,262144,710335,9962801879973888,7748136960903208664,8196,151552
0,retained,whitefoot,lookup,4096,3,4,262144,744459,9962801879973888,9072104606401219352,8196,212992
0,retained,interleaved,lookup,4096,3,4,262144,700750,9962801879973888,9072104606401219352,8196,180224
0,retained,split,lookup,4096,3,4,262144,710500,9962801879973888,9072104606401219352,8196,151552
0,retained,whitefoot,lookup,4096,4,4,262144,745998,9962801879973888,13239724372104250040,8196,212992
0,retained,interleaved,lookup,4096,4,4,262144,701168,9962801879973888,13239724372104250040,8196,180224
0,retained,split,lookup,4096,4,4,262144,710376,9962801879973888,13239724372104250040,8196,151552
0,retained,whitefoot,lookup,4096,5,4,262144,747207,9962801879973888,3801496594800721496,8196,212992
0,retained,interleaved,lookup,4096,5,4,262144,700292,9962801879973888,3801496594800721496,8196,180224
0,retained,split,lookup,4096,5,4,262144,710915,9962801879973888,3801496594800721496,8196,151552
0,retained,whitefoot,lookup,4096,6,4,262144,749334,9962801879973888,7352625120983369704,8196,212992
0,retained,interleaved,lookup,4096,6,4,262144,701166,9962801879973888,7352625120983369704,8196,180224
0,retained,split,lookup,4096,6,4,262144,710501,9962801879973888,7352625120983369704,8196,151552
0,retained,whitefoot,lookup,4096,7,4,262144,747751,9962801879973888,17960812127515588248,8196,212992
0,retained,interleaved,lookup,4096,7,4,262144,701792,9962801879973888,17960812127515588248,8196,180224
0,retained,split,lookup,4096,7,4,262144,710127,9962801879973888,17960812127515588248,8196,151552
0,retained,whitefoot,lookup,4096,8,4,262144,746499,9962801879973888,2615156060198523864,8196,212992
0,retained,interleaved,lookup,4096,8,4,262144,699749,9962801879973888,2615156060198523864,8196,180224
0,retained,split,lookup,4096,8,4,262144,710625,9962801879973888,2615156060198523864,8196,151552
0,retained,whitefoot,lookup,4096,9,4,262144,751750,9962801879973888,1726498032405399000,8196,212992
0,retained,interleaved,lookup,4096,9,4,262144,700001,9962801879973888,1726498032405399000,8196,180224
0,retained,split,lookup,4096,9,4,262144,710457,9962801879973888,1726498032405399000,8196,151552
0,retained,whitefoot,lookup,4096,10,4,262144,748416,9962801879973888,4534567279263349320,8196,212992
0,retained,interleaved,lookup,4096,10,4,262144,703377,9962801879973888,4534567279263349320,8196,180224
0,retained,split,lookup,4096,10,4,262144,710416,9962801879973888,4534567279263349320,8196,151552
0,retained,whitefoot,lookup,4096,11,4,262144,753666,9962801879973888,6412549644183669048,8196,212992
0,retained,interleaved,lookup,4096,11,4,262144,703166,9962801879973888,6412549644183669048,8196,180224
0,retained,split,lookup,4096,11,4,262144,710083,9962801879973888,6412549644183669048,8196,151552
0,retained,whitefoot,lookup,4096,12,4,262144,750750,9962801879973888,8054235486273026056,8196,212992
0,retained,interleaved,lookup,4096,12,4,262144,700667,9962801879973888,8054235486273026056,8196,180224
0,retained,split,lookup,4096,12,4,262144,715418,9962801879973888,8054235486273026056,8196,151552
0,retained,whitefoot,lookup,4096,13,4,262144,746958,9962801879973888,12270942348091423640,8196,212992
0,retained,interleaved,lookup,4096,13,4,262144,706626,9962801879973888,12270942348091423640,8196,180224
0,retained,split,lookup,4096,13,4,262144,713168,9962801879973888,12270942348091423640,8196,151552
0,retained,whitefoot,insert,4096,0,4,8192,26833,0,1837996882287840280,8196,212992
0,retained,interleaved,insert,4096,0,4,8192,23291,0,1837996882287840280,8196,180224
0,retained,split,insert,4096,0,4,8192,24957,0,1837996882287840280,8196,151552
0,retained,whitefoot,insert,4096,1,4,8192,26833,0,17130842932224972264,8196,212992
0,retained,interleaved,insert,4096,1,4,8192,23209,0,17130842932224972264,8196,180224
0,retained,split,insert,4096,1,4,8192,24499,0,17130842932224972264,8196,151552
0,retained,whitefoot,insert,4096,2,4,8192,26832,0,7748136960903208664,8196,212992
0,retained,interleaved,insert,4096,2,4,8192,23334,0,7748136960903208664,8196,180224
0,retained,split,insert,4096,2,4,8192,24499,0,7748136960903208664,8196,151552
0,retained,whitefoot,insert,4096,3,4,8192,26749,0,9072104606401219352,8196,212992
0,retained,interleaved,insert,4096,3,4,8192,23292,0,9072104606401219352,8196,180224
0,retained,split,insert,4096,3,4,8192,24125,0,9072104606401219352,8196,151552
0,retained,whitefoot,insert,4096,4,4,8192,26750,0,13239724372104250040,8196,212992
0,retained,interleaved,insert,4096,4,4,8192,23335,0,13239724372104250040,8196,180224
0,retained,split,insert,4096,4,4,8192,24500,0,13239724372104250040,8196,151552
0,retained,whitefoot,insert,4096,5,4,8192,26750,0,3801496594800721496,8196,212992
0,retained,interleaved,insert,4096,5,4,8192,23209,0,3801496594800721496,8196,180224
0,retained,split,insert,4096,5,4,8192,24415,0,3801496594800721496,8196,151552
0,retained,whitefoot,insert,4096,6,4,8192,26708,0,7352625120983369704,8196,212992
0,retained,interleaved,insert,4096,6,4,8192,23416,0,7352625120983369704,8196,180224
0,retained,split,insert,4096,6,4,8192,24542,0,7352625120983369704,8196,151552
0,retained,whitefoot,insert,4096,7,4,8192,26749,0,17960812127515588248,8196,212992
0,retained,interleaved,insert,4096,7,4,8192,23376,0,17960812127515588248,8196,180224
0,retained,split,insert,4096,7,4,8192,24624,0,17960812127515588248,8196,151552
0,retained,whitefoot,insert,4096,8,4,8192,26960,0,2615156060198523864,8196,212992
0,retained,interleaved,insert,4096,8,4,8192,23416,0,2615156060198523864,8196,180224
0,retained,split,insert,4096,8,4,8192,24750,0,2615156060198523864,8196,151552
0,retained,whitefoot,insert,4096,9,4,8192,26834,0,1726498032405399000,8196,212992
0,retained,interleaved,insert,4096,9,4,8192,23250,0,1726498032405399000,8196,180224
0,retained,split,insert,4096,9,4,8192,24667,0,1726498032405399000,8196,151552
0,retained,whitefoot,insert,4096,10,4,8192,26835,0,4534567279263349320,8196,212992
0,retained,interleaved,insert,4096,10,4,8192,23209,0,4534567279263349320,8196,180224
0,retained,split,insert,4096,10,4,8192,24748,0,4534567279263349320,8196,151552
0,retained,whitefoot,insert,4096,11,4,8192,26792,0,6412549644183669048,8196,212992
0,retained,interleaved,insert,4096,11,4,8192,23292,0,6412549644183669048,8196,180224
0,retained,split,insert,4096,11,4,8192,24457,0,6412549644183669048,8196,151552
0,retained,whitefoot,insert,4096,12,4,8192,26751,0,8054235486273026056,8196,212992
0,retained,interleaved,insert,4096,12,4,8192,23584,0,8054235486273026056,8196,180224
0,retained,split,insert,4096,12,4,8192,24792,0,8054235486273026056,8196,151552
0,retained,whitefoot,insert,4096,13,4,8192,26708,0,12270942348091423640,8196,212992
0,retained,interleaved,insert,4096,13,4,8192,23583,0,12270942348091423640,8196,180224
0,retained,split,insert,4096,13,4,8192,24874,0,12270942348091423640,8196,151552
0,retained,whitefoot,rehash,4096,0,4,4,62958,1827965534208,16755485260950900696,8200,475136
0,retained,interleaved,rehash,4096,0,4,4,53875,1827965534208,16755485260950900696,8200,376832
0,retained,split,rehash,4096,0,4,4,39916,1827965534208,16755485260950900696,8200,290816
0,retained,whitefoot,rehash,4096,1,4,4,62377,1827965534208,11397508409219617008,8200,475136
0,retained,interleaved,rehash,4096,1,4,4,54041,1827965534208,11397508409219617008,8200,376832
0,retained,split,rehash,4096,1,4,4,39917,1827965534208,11397508409219617008,8200,290816
0,retained,whitefoot,rehash,4096,2,4,4,62458,1827965534208,2291712753279154904,8200,475136
0,retained,interleaved,rehash,4096,2,4,4,53625,1827965534208,2291712753279154904,8200,376832
0,retained,split,rehash,4096,2,4,4,39709,1827965534208,2291712753279154904,8200,290816
0,retained,whitefoot,rehash,4096,3,4,4,62459,1827965534208,13715796755296672336,8200,475136
0,retained,interleaved,rehash,4096,3,4,4,53625,1827965534208,13715796755296672336,8200,376832
0,retained,split,rehash,4096,3,4,4,39832,1827965534208,13715796755296672336,8200,290816
0,retained,whitefoot,rehash,4096,4,4,4,62958,1827965534208,11472147109226316488,8200,475136
0,retained,interleaved,rehash,4096,4,4,4,53834,1827965534208,11472147109226316488,8200,376832
0,retained,split,rehash,4096,4,4,4,39626,1827965534208,11472147109226316488,8200,290816
0,retained,whitefoot,rehash,4096,5,4,4,62541,1827965534208,17478255965976599768,8200,475136
0,retained,interleaved,rehash,4096,5,4,4,53666,1827965534208,17478255965976599768,8200,376832
0,retained,split,rehash,4096,5,4,4,39751,1827965534208,17478255965976599768,8200,290816
0,retained,whitefoot,rehash,4096,6,4,4,62334,1827965534208,9565289437605259256,8200,475136
0,retained,interleaved,rehash,4096,6,4,4,53666,1827965534208,9565289437605259256,8200,376832
0,retained,split,rehash,4096,6,4,4,39833,1827965534208,9565289437605259256,8200,290816
0,retained,whitefoot,rehash,4096,7,4,4,62833,1827965534208,5938984280190480528,8200,475136
0,retained,interleaved,rehash,4096,7,4,4,53666,1827965534208,5938984280190480528,8200,376832
0,retained,split,rehash,4096,7,4,4,39959,1827965534208,5938984280190480528,8200,290816
0,retained,whitefoot,rehash,4096,8,4,4,62666,1827965534208,7753566762732457912,8200,475136
0,retained,interleaved,rehash,4096,8,4,4,53666,1827965534208,7753566762732457912,8200,376832
0,retained,split,rehash,4096,8,4,4,39750,1827965534208,7753566762732457912,8200,290816
0,retained,whitefoot,rehash,4096,9,4,4,62375,1827965534208,13780301973079490048,8200,475136
0,retained,interleaved,rehash,4096,9,4,4,53626,1827965534208,13780301973079490048,8200,376832
0,retained,split,rehash,4096,9,4,4,39583,1827965534208,13780301973079490048,8200,290816
0,retained,whitefoot,rehash,4096,10,4,4,62916,1827965534208,15143009266973162248,8200,475136
0,retained,interleaved,rehash,4096,10,4,4,53667,1827965534208,15143009266973162248,8200,376832
0,retained,split,rehash,4096,10,4,4,39667,1827965534208,15143009266973162248,8200,290816
0,retained,whitefoot,rehash,4096,11,4,4,62500,1827965534208,16669691421769542776,8200,475136
0,retained,interleaved,rehash,4096,11,4,4,53750,1827965534208,16669691421769542776,8200,376832
0,retained,split,rehash,4096,11,4,4,39749,1827965534208,16669691421769542776,8200,290816
0,retained,whitefoot,rehash,4096,12,4,4,62876,1827965534208,12295864366953237120,8200,475136
0,retained,interleaved,rehash,4096,12,4,4,53709,1827965534208,12295864366953237120,8200,376832
0,retained,split,rehash,4096,12,4,4,39750,1827965534208,12295864366953237120,8200,290816
0,retained,whitefoot,rehash,4096,13,4,4,62249,1827965534208,9430538475723708128,8200,475136
0,retained,interleaved,rehash,4096,13,4,4,53667,1827965534208,9430538475723708128,8200,376832
0,retained,split,rehash,4096,13,4,4,39751,1827965534208,9430538475723708128,8200,290816
0,retained,whitefoot,lookup,16384,0,4,1048576,3143542,159344702076223488,10909911768892883176,32772,851968
0,retained,interleaved,lookup,16384,0,4,1048576,2911416,159344702076223488,10909911768892883176,32772,720896
0,retained,split,lookup,16384,0,4,1048576,3089668,159344702076223488,10909911768892883176,32772,606208
0,retained,whitefoot,lookup,16384,1,4,1048576,3145542,159344702076223488,13502755409350941448,32772,851968
0,retained,interleaved,lookup,16384,1,4,1048576,2908043,159344702076223488,13502755409350941448,32772,720896
0,retained,split,lookup,16384,1,4,1048576,3086584,159344702076223488,13502755409350941448,32772,606208
0,retained,whitefoot,lookup,16384,2,4,1048576,3162666,159344702076223488,14940797459546303912,32772,851968
0,retained,interleaved,lookup,16384,2,4,1048576,2914999,159344702076223488,14940797459546303912,32772,720896
0,retained,split,lookup,16384,2,4,1048576,3096918,159344702076223488,14940797459546303912,32772,606208
0,retained,whitefoot,lookup,16384,3,4,1048576,3149166,159344702076223488,7567640889831038072,32772,851968
0,retained,interleaved,lookup,16384,3,4,1048576,2910667,159344702076223488,7567640889831038072,32772,720896
0,retained,split,lookup,16384,3,4,1048576,3086585,159344702076223488,7567640889831038072,32772,606208
0,retained,whitefoot,lookup,16384,4,4,1048576,3151333,159344702076223488,11576670716104284088,32772,851968
0,retained,interleaved,lookup,16384,4,4,1048576,2914332,159344702076223488,11576670716104284088,32772,720896
0,retained,split,lookup,16384,4,4,1048576,3086083,159344702076223488,11576670716104284088,32772,606208
0,retained,whitefoot,lookup,16384,5,4,1048576,3151209,159344702076223488,18226598782554959048,32772,851968
0,retained,interleaved,lookup,16384,5,4,1048576,2913293,159344702076223488,18226598782554959048,32772,720896
0,retained,split,lookup,16384,5,4,1048576,3088249,159344702076223488,18226598782554959048,32772,606208
0,retained,whitefoot,lookup,16384,6,4,1048576,3148792,159344702076223488,8952695809931110936,32772,851968
0,retained,interleaved,lookup,16384,6,4,1048576,2913000,159344702076223488,8952695809931110936,32772,720896
0,retained,split,lookup,16384,6,4,1048576,3092249,159344702076223488,8952695809931110936,32772,606208
0,retained,whitefoot,lookup,16384,7,4,1048576,3152584,159344702076223488,7818766382147352904,32772,851968
0,retained,interleaved,lookup,16384,7,4,1048576,2914834,159344702076223488,7818766382147352904,32772,720896
0,retained,split,lookup,16384,7,4,1048576,3085916,159344702076223488,7818766382147352904,32772,606208
0,retained,whitefoot,lookup,16384,8,4,1048576,3150166,159344702076223488,16149779501894872504,32772,851968
0,retained,interleaved,lookup,16384,8,4,1048576,2911167,159344702076223488,16149779501894872504,32772,720896
0,retained,split,lookup,16384,8,4,1048576,3085001,159344702076223488,16149779501894872504,32772,606208
0,retained,whitefoot,lookup,16384,9,4,1048576,3154082,159344702076223488,2356081379217275400,32772,851968
0,retained,interleaved,lookup,16384,9,4,1048576,2913666,159344702076223488,2356081379217275400,32772,720896
0,retained,split,lookup,16384,9,4,1048576,3084250,159344702076223488,2356081379217275400,32772,606208
0,retained,whitefoot,lookup,16384,10,4,1048576,3243583,159344702076223488,15550830537941824056,32772,851968
0,retained,interleaved,lookup,16384,10,4,1048576,3005958,159344702076223488,15550830537941824056,32772,720896
0,retained,split,lookup,16384,10,4,1048576,3151084,159344702076223488,15550830537941824056,32772,606208
0,retained,whitefoot,lookup,16384,11,4,1048576,3315125,159344702076223488,10293427524117068264,32772,851968
0,retained,interleaved,lookup,16384,11,4,1048576,3001708,159344702076223488,10293427524117068264,32772,720896
0,retained,split,lookup,16384,11,4,1048576,3188291,159344702076223488,10293427524117068264,32772,606208
0,retained,whitefoot,lookup,16384,12,4,1048576,3246291,159344702076223488,5521175825229903656,32772,851968
0,retained,interleaved,lookup,16384,12,4,1048576,3005418,159344702076223488,5521175825229903656,32772,720896
0,retained,split,lookup,16384,12,4,1048576,3187790,159344702076223488,5521175825229903656,32772,606208
0,retained,whitefoot,lookup,16384,13,4,1048576,3314417,159344702076223488,5725350131714615384,32772,851968
0,retained,interleaved,lookup,16384,13,4,1048576,3102876,159344702076223488,5725350131714615384,32772,720896
0,retained,split,lookup,16384,13,4,1048576,3190708,159344702076223488,5725350131714615384,32772,606208
0,retained,whitefoot,insert,16384,0,4,32768,115209,0,10909911768892883176,32772,851968
0,retained,interleaved,insert,16384,0,4,32768,93083,0,10909911768892883176,32772,720896
0,retained,split,insert,16384,0,4,32768,140250,0,10909911768892883176,32772,606208
0,retained,whitefoot,insert,16384,1,4,32768,114709,0,13502755409350941448,32772,851968
0,retained,interleaved,insert,16384,1,4,32768,98000,0,13502755409350941448,32772,720896
0,retained,split,insert,16384,1,4,32768,103292,0,13502755409350941448,32772,606208
0,retained,whitefoot,insert,16384,2,4,32768,110876,0,14940797459546303912,32772,851968
0,retained,interleaved,insert,16384,2,4,32768,95874,0,14940797459546303912,32772,720896
0,retained,split,insert,16384,2,4,32768,100751,0,14940797459546303912,32772,606208
0,retained,whitefoot,insert,16384,3,4,32768,112501,0,7567640889831038072,32772,851968
0,retained,interleaved,insert,16384,3,4,32768,97334,0,7567640889831038072,32772,720896
0,retained,split,insert,16384,3,4,32768,101043,0,7567640889831038072,32772,606208
0,retained,whitefoot,insert,16384,4,4,32768,112500,0,11576670716104284088,32772,851968
0,retained,interleaved,insert,16384,4,4,32768,96000,0,11576670716104284088,32772,720896
0,retained,split,insert,16384,4,4,32768,101459,0,11576670716104284088,32772,606208
0,retained,whitefoot,insert,16384,5,4,32768,111917,0,18226598782554959048,32772,851968
0,retained,interleaved,insert,16384,5,4,32768,98040,0,18226598782554959048,32772,720896
0,retained,split,insert,16384,5,4,32768,102209,0,18226598782554959048,32772,606208
0,retained,whitefoot,insert,16384,6,4,32768,115915,0,8952695809931110936,32772,851968
0,retained,interleaved,insert,16384,6,4,32768,99334,0,8952695809931110936,32772,720896
0,retained,split,insert,16384,6,4,32768,102624,0,8952695809931110936,32772,606208
0,retained,whitefoot,insert,16384,7,4,32768,111625,0,7818766382147352904,32772,851968
0,retained,interleaved,insert,16384,7,4,32768,97709,0,7818766382147352904,32772,720896
0,retained,split,insert,16384,7,4,32768,102458,0,7818766382147352904,32772,606208
0,retained,whitefoot,insert,16384,8,4,32768,115833,0,16149779501894872504,32772,851968
0,retained,interleaved,insert,16384,8,4,32768,96041,0,16149779501894872504,32772,720896
0,retained,split,insert,16384,8,4,32768,100083,0,16149779501894872504,32772,606208
0,retained,whitefoot,insert,16384,9,4,32768,111124,0,2356081379217275400,32772,851968
0,retained,interleaved,insert,16384,9,4,32768,96792,0,2356081379217275400,32772,720896
0,retained,split,insert,16384,9,4,32768,99584,0,2356081379217275400,32772,606208
0,retained,whitefoot,insert,16384,10,4,32768,111248,0,15550830537941824056,32772,851968
0,retained,interleaved,insert,16384,10,4,32768,97750,0,15550830537941824056,32772,720896
0,retained,split,insert,16384,10,4,32768,100166,0,15550830537941824056,32772,606208
0,retained,whitefoot,insert,16384,11,4,32768,114250,0,10293427524117068264,32772,851968
0,retained,interleaved,insert,16384,11,4,32768,96167,0,10293427524117068264,32772,720896
0,retained,split,insert,16384,11,4,32768,100500,0,10293427524117068264,32772,606208
0,retained,whitefoot,insert,16384,12,4,32768,108624,0,5521175825229903656,32772,851968
0,retained,interleaved,insert,16384,12,4,32768,113083,0,5521175825229903656,32772,720896
0,retained,split,insert,16384,12,4,32768,97667,0,5521175825229903656,32772,606208
0,retained,whitefoot,insert,16384,13,4,32768,109375,0,5725350131714615384,32772,851968
0,retained,interleaved,insert,16384,13,4,32768,95916,0,5725350131714615384,32772,720896
0,retained,split,insert,16384,13,4,32768,96542,0,5725350131714615384,32772,606208
0,retained,whitefoot,rehash,16384,0,4,4,276249,7311862136832,11734543581844066032,32776,1900544
0,retained,interleaved,rehash,16384,0,4,4,220916,7311862136832,11734543581844066032,32776,1507328
0,retained,split,rehash,16384,0,4,4,201334,7311862136832,11734543581844066032,32776,1163264
0,retained,whitefoot,rehash,16384,1,4,4,245541,7311862136832,9106608044878866272,32776,1900544
0,retained,interleaved,rehash,16384,1,4,4,215125,7311862136832,9106608044878866272,32776,1507328
0,retained,split,rehash,16384,1,4,4,155708,7311862136832,9106608044878866272,32776,1163264
0,retained,whitefoot,rehash,16384,2,4,4,245333,7311862136832,7309884484771575248,32776,1900544
0,retained,interleaved,rehash,16384,2,4,4,221667,7311862136832,7309884484771575248,32776,1507328
0,retained,split,rehash,16384,2,4,4,159250,7311862136832,7309884484771575248,32776,1163264
0,retained,whitefoot,rehash,16384,3,4,4,248458,7311862136832,9388458061057511456,32776,1900544
0,retained,interleaved,rehash,16384,3,4,4,221707,7311862136832,9388458061057511456,32776,1507328
0,retained,split,rehash,16384,3,4,4,161417,7311862136832,9388458061057511456,32776,1163264
0,retained,whitefoot,rehash,16384,4,4,4,244042,7311862136832,11073332935378422512,32776,1900544
0,retained,interleaved,rehash,16384,4,4,4,214417,7311862136832,11073332935378422512,32776,1507328
0,retained,split,rehash,16384,4,4,4,155207,7311862136832,11073332935378422512,32776,1163264
0,retained,whitefoot,rehash,16384,5,4,4,244959,7311862136832,12626423576593689920,32776,1900544
0,retained,interleaved,rehash,16384,5,4,4,212709,7311862136832,12626423576593689920,32776,1507328
0,retained,split,rehash,16384,5,4,4,155000,7311862136832,12626423576593689920,32776,1163264
0,retained,whitefoot,rehash,16384,6,4,4,244625,7311862136832,5875688640427425904,32776,1900544
0,retained,interleaved,rehash,16384,6,4,4,214916,7311862136832,5875688640427425904,32776,1507328
0,retained,split,rehash,16384,6,4,4,155707,7311862136832,5875688640427425904,32776,1163264
0,retained,whitefoot,rehash,16384,7,4,4,245750,7311862136832,995894157135461184,32776,1900544
0,retained,interleaved,rehash,16384,7,4,4,213166,7311862136832,995894157135461184,32776,1507328
0,retained,split,rehash,16384,7,4,4,155459,7311862136832,995894157135461184,32776,1163264
0,retained,whitefoot,rehash,16384,8,4,4,247542,7311862136832,9620557774374313120,32776,1900544
0,retained,interleaved,rehash,16384,8,4,4,217083,7311862136832,9620557774374313120,32776,1507328
0,retained,split,rehash,16384,8,4,4,169791,7311862136832,9620557774374313120,32776,1163264
0,retained,whitefoot,rehash,16384,9,4,4,267584,7311862136832,10225861738127010000,32776,1900544
0,retained,interleaved,rehash,16384,9,4,4,230416,7311862136832,10225861738127010000,32776,1507328
0,retained,split,rehash,16384,9,4,4,171916,7311862136832,10225861738127010000,32776,1163264
0,retained,whitefoot,rehash,16384,10,4,4,258084,7311862136832,15873380271962991376,32776,1900544
0,retained,interleaved,rehash,16384,10,4,4,221208,7311862136832,15873380271962991376,32776,1507328
0,retained,split,rehash,16384,10,4,4,164167,7311862136832,15873380271962991376,32776,1163264
0,retained,whitefoot,rehash,16384,11,4,4,252083,7311862136832,785342622397670336,32776,1900544
0,retained,interleaved,rehash,16384,11,4,4,226916,7311862136832,785342622397670336,32776,1507328
0,retained,split,rehash,16384,11,4,4,162166,7311862136832,785342622397670336,32776,1163264
0,retained,whitefoot,rehash,16384,12,4,4,266833,7311862136832,1847626916838410768,32776,1900544
0,retained,interleaved,rehash,16384,12,4,4,222584,7311862136832,1847626916838410768,32776,1507328
0,retained,split,rehash,16384,12,4,4,165375,7311862136832,1847626916838410768,32776,1163264
0,retained,whitefoot,rehash,16384,13,4,4,251291,7311862136832,7996111961345360336,32776,1900544
0,retained,interleaved,rehash,16384,13,4,4,220292,7311862136832,7996111961345360336,32776,1507328
0,retained,split,rehash,16384,13,4,4,161000,7311862136832,7996111961345360336,32776,1163264
0,inlined,whitefoot,lookup,256,0,64,262144,718206,15406439159171514368,7835046105847459488,8256,13312
0,inlined,interleaved,lookup,256,0,64,262144,605332,15406439159171514368,7835046105847459488,8256,11264
0,inlined,split,lookup,256,0,64,262144,599164,15406439159171514368,7835046105847459488,8256,9472
0,inlined,whitefoot,lookup,256,1,64,262144,697708,15406439159171514368,12636395056238259104,8256,13312
0,inlined,interleaved,lookup,256,1,64,262144,605338,15406439159171514368,12636395056238259104,8256,11264
0,inlined,split,lookup,256,1,64,262144,598538,15406439159171514368,12636395056238259104,8256,9472
0,inlined,whitefoot,lookup,256,2,64,262144,697407,15406439159171514368,5108038417128779696,8256,13312
0,inlined,interleaved,lookup,256,2,64,262144,604755,15406439159171514368,5108038417128779696,8256,11264
0,inlined,split,lookup,256,2,64,262144,599082,15406439159171514368,5108038417128779696,8256,9472
0,inlined,whitefoot,lookup,256,3,64,262144,699751,15406439159171514368,16848939090334181552,8256,13312
0,inlined,interleaved,lookup,256,3,64,262144,605711,15406439159171514368,16848939090334181552,8256,11264
0,inlined,split,lookup,256,3,64,262144,598250,15406439159171514368,16848939090334181552,8256,9472
0,inlined,whitefoot,lookup,256,4,64,262144,697293,15406439159171514368,16286268131356312368,8256,13312
0,inlined,interleaved,lookup,256,4,64,262144,621043,15406439159171514368,16286268131356312368,8256,11264
0,inlined,split,lookup,256,4,64,262144,598214,15406439159171514368,16286268131356312368,8256,9472
0,inlined,whitefoot,lookup,256,5,64,262144,697916,15406439159171514368,9120727054633088000,8256,13312
0,inlined,interleaved,lookup,256,5,64,262144,605128,15406439159171514368,9120727054633088000,8256,11264
0,inlined,split,lookup,256,5,64,262144,630751,15406439159171514368,9120727054633088000,8256,9472
0,inlined,whitefoot,lookup,256,6,64,262144,676923,15406439159171514368,5762771361541884512,8256,13312
0,inlined,interleaved,lookup,256,6,64,262144,586918,15406439159171514368,5762771361541884512,8256,11264
0,inlined,split,lookup,256,6,64,262144,580170,15406439159171514368,5762771361541884512,8256,9472
0,inlined,whitefoot,lookup,256,7,64,262144,676469,15406439159171514368,1624341757828425648,8256,13312
0,inlined,interleaved,lookup,256,7,64,262144,586670,15406439159171514368,1624341757828425648,8256,11264
0,inlined,split,lookup,256,7,64,262144,580546,15406439159171514368,1624341757828425648,8256,9472
0,inlined,whitefoot,lookup,256,8,64,262144,736334,15406439159171514368,12269272641764206400,8256,13312
0,inlined,interleaved,lookup,256,8,64,262144,604744,15406439159171514368,12269272641764206400,8256,11264
0,inlined,split,lookup,256,8,64,262144,598547,15406439159171514368,12269272641764206400,8256,9472
0,inlined,whitefoot,lookup,256,9,64,262144,699214,15406439159171514368,5992509345126799584,8256,13312
0,inlined,interleaved,lookup,256,9,64,262144,604504,15406439159171514368,5992509345126799584,8256,11264
0,inlined,split,lookup,256,9,64,262144,597378,15406439159171514368,5992509345126799584,8256,9472
0,inlined,whitefoot,lookup,256,10,64,262144,676208,15406439159171514368,18073023074693822304,8256,13312
0,inlined,interleaved,lookup,256,10,64,262144,588920,15406439159171514368,18073023074693822304,8256,11264
0,inlined,split,lookup,256,10,64,262144,580581,15406439159171514368,18073023074693822304,8256,9472
0,inlined,whitefoot,lookup,256,11,64,262144,729204,15406439159171514368,4901604239908314144,8256,13312
0,inlined,interleaved,lookup,256,11,64,262144,605004,15406439159171514368,4901604239908314144,8256,11264
0,inlined,split,lookup,256,11,64,262144,600000,15406439159171514368,4901604239908314144,8256,9472
0,inlined,whitefoot,lookup,256,12,64,262144,697336,15406439159171514368,4218347057476397696,8256,13312
0,inlined,interleaved,lookup,256,12,64,262144,605874,15406439159171514368,4218347057476397696,8256,11264
0,inlined,split,lookup,256,12,64,262144,598372,15406439159171514368,4218347057476397696,8256,9472
0,inlined,whitefoot,lookup,256,13,64,262144,698628,15406439159171514368,5237384556868179408,8256,13312
0,inlined,interleaved,lookup,256,13,64,262144,612499,15406439159171514368,5237384556868179408,8256,11264
0,inlined,split,lookup,256,13,64,262144,598504,15406439159171514368,5237384556868179408,8256,9472
0,inlined,whitefoot,insert,256,0,64,8192,34124,0,7835046105847459488,8256,13312
0,inlined,interleaved,insert,256,0,64,8192,17958,0,7835046105847459488,8256,11264
0,inlined,split,insert,256,0,64,8192,18251,0,7835046105847459488,8256,9472
0,inlined,whitefoot,insert,256,1,64,8192,35042,0,12636395056238259104,8256,13312
0,inlined,interleaved,insert,256,1,64,8192,17918,0,12636395056238259104,8256,11264
0,inlined,split,insert,256,1,64,8192,18419,0,12636395056238259104,8256,9472
0,inlined,whitefoot,insert,256,2,64,8192,33002,0,5108038417128779696,8256,13312
0,inlined,interleaved,insert,256,2,64,8192,17996,0,5108038417128779696,8256,11264
0,inlined,split,insert,256,2,64,8192,18294,0,5108038417128779696,8256,9472
0,inlined,whitefoot,insert,256,3,64,8192,35454,0,16848939090334181552,8256,13312
0,inlined,interleaved,insert,256,3,64,8192,17666,0,16848939090334181552,8256,11264
0,inlined,split,insert,256,3,64,8192,18409,0,16848939090334181552,8256,9472
0,inlined,whitefoot,insert,256,4,64,8192,33910,0,16286268131356312368,8256,13312
0,inlined,interleaved,insert,256,4,64,8192,17998,0,16286268131356312368,8256,11264
0,inlined,split,insert,256,4,64,8192,18040,0,16286268131356312368,8256,9472
0,inlined,whitefoot,insert,256,5,64,8192,33412,0,9120727054633088000,8256,13312
0,inlined,interleaved,insert,256,5,64,8192,17957,0,9120727054633088000,8256,11264
0,inlined,split,insert,256,5,64,8192,18415,0,9120727054633088000,8256,9472
0,inlined,whitefoot,insert,256,6,64,8192,33418,0,5762771361541884512,8256,13312
0,inlined,interleaved,insert,256,6,64,8192,17750,0,5762771361541884512,8256,11264
0,inlined,split,insert,256,6,64,8192,18538,0,5762771361541884512,8256,9472
0,inlined,whitefoot,insert,256,7,64,8192,34295,0,1624341757828425648,8256,13312
0,inlined,interleaved,insert,256,7,64,8192,18037,0,1624341757828425648,8256,11264
0,inlined,split,insert,256,7,64,8192,18494,0,1624341757828425648,8256,9472
0,inlined,whitefoot,insert,256,8,64,8192,33160,0,12269272641764206400,8256,13312
0,inlined,interleaved,insert,256,8,64,8192,18000,0,12269272641764206400,8256,11264
0,inlined,split,insert,256,8,64,8192,18372,0,12269272641764206400,8256,9472
0,inlined,whitefoot,insert,256,9,64,8192,33455,0,5992509345126799584,8256,13312
0,inlined,interleaved,insert,256,9,64,8192,18044,0,5992509345126799584,8256,11264
0,inlined,split,insert,256,9,64,8192,18629,0,5992509345126799584,8256,9472
0,inlined,whitefoot,insert,256,10,64,8192,34962,0,18073023074693822304,8256,13312
0,inlined,interleaved,insert,256,10,64,8192,17875,0,18073023074693822304,8256,11264
0,inlined,split,insert,256,10,64,8192,18371,0,18073023074693822304,8256,9472
0,inlined,whitefoot,insert,256,11,64,8192,34955,0,4901604239908314144,8256,13312
0,inlined,interleaved,insert,256,11,64,8192,17953,0,4901604239908314144,8256,11264
0,inlined,split,insert,256,11,64,8192,18543,0,4901604239908314144,8256,9472
0,inlined,whitefoot,insert,256,12,64,8192,34246,0,4218347057476397696,8256,13312
0,inlined,interleaved,insert,256,12,64,8192,18129,0,4218347057476397696,8256,11264
0,inlined,split,insert,256,12,64,8192,18378,0,4218347057476397696,8256,9472
0,inlined,whitefoot,insert,256,13,64,8192,35171,0,5237384556868179408,8256,13312
0,inlined,interleaved,insert,256,13,64,8192,17832,0,5237384556868179408,8256,11264
0,inlined,split,insert,256,13,64,8192,18297,0,5237384556868179408,8256,9472
0,inlined,whitefoot,rehash,256,0,64,64,56124,1849948637904797696,5116650466399058720,8320,29696
0,inlined,interleaved,rehash,256,0,64,64,35752,1849948637904797696,5116650466399058720,8320,23552
0,inlined,split,rehash,256,0,64,64,31624,1849948637904797696,5116650466399058720,8320,18176
0,inlined,whitefoot,rehash,256,1,64,64,55582,1849948637904797696,2345175331444990928,8320,29696
0,inlined,interleaved,rehash,256,1,64,64,35497,1849948637904797696,2345175331444990928,8320,23552
0,inlined,split,rehash,256,1,64,64,31625,1849948637904797696,2345175331444990928,8320,18176
0,inlined,whitefoot,rehash,256,2,64,64,55415,1849948637904797696,9167743694309703168,8320,29696
0,inlined,interleaved,rehash,256,2,64,64,35420,1849948637904797696,9167743694309703168,8320,23552
0,inlined,split,rehash,256,2,64,64,32084,1849948637904797696,9167743694309703168,8320,18176
0,inlined,whitefoot,rehash,256,3,64,64,55955,1849948637904797696,2261161121994670040,8320,29696
0,inlined,interleaved,rehash,256,3,64,64,35870,1849948637904797696,2261161121994670040,8320,23552
0,inlined,split,rehash,256,3,64,64,31708,1849948637904797696,2261161121994670040,8320,18176
0,inlined,whitefoot,rehash,256,4,64,64,55625,1849948637904797696,5701732356075431008,8320,29696
0,inlined,interleaved,rehash,256,4,64,64,35798,1849948637904797696,5701732356075431008,8320,23552
0,inlined,split,rehash,256,4,64,64,31586,1849948637904797696,5701732356075431008,8320,18176
0,inlined,whitefoot,rehash,256,5,64,64,55584,1849948637904797696,6599659187284699208,8320,29696
0,inlined,interleaved,rehash,256,5,64,64,35457,1849948637904797696,6599659187284699208,8320,23552
0,inlined,split,rehash,256,5,64,64,31501,1849948637904797696,6599659187284699208,8320,18176
0,inlined,whitefoot,rehash,256,6,64,64,56084,1849948637904797696,7026256584100517184,8320,29696
0,inlined,interleaved,rehash,256,6,64,64,35708,1849948637904797696,7026256584100517184,8320,23552
0,inlined,split,rehash,256,6,64,64,31544,1849948637904797696,7026256584100517184,8320,18176
0,inlined,whitefoot,rehash,256,7,64,64,55957,1849948637904797696,2398031619502997424,8320,29696
0,inlined,interleaved,rehash,256,7,64,64,35914,1849948637904797696,2398031619502997424,8320,23552
0,inlined,split,rehash,256,7,64,64,31833,1849948637904797696,2398031619502997424,8320,18176
0,inlined,whitefoot,rehash,256,8,64,64,55665,1849948637904797696,2136864517181178400,8320,29696
0,inlined,interleaved,rehash,256,8,64,64,35669,1849948637904797696,2136864517181178400,8320,23552
0,inlined,split,rehash,256,8,64,64,31623,1849948637904797696,2136864517181178400,8320,18176
0,inlined,whitefoot,rehash,256,9,64,64,55458,1849948637904797696,1818022764526631496,8320,29696
0,inlined,interleaved,rehash,256,9,64,64,35795,1849948637904797696,1818022764526631496,8320,23552
0,inlined,split,rehash,256,9,64,64,31706,1849948637904797696,1818022764526631496,8320,18176
0,inlined,whitefoot,rehash,256,10,64,64,55792,1849948637904797696,14795153613927278256,8320,29696
0,inlined,interleaved,rehash,256,10,64,64,35791,1849948637904797696,14795153613927278256,8320,23552
0,inlined,split,rehash,256,10,64,64,31749,1849948637904797696,14795153613927278256,8320,18176
0,inlined,whitefoot,rehash,256,11,64,64,55791,1849948637904797696,1188486088324579704,8320,29696
0,inlined,interleaved,rehash,256,11,64,64,35961,1849948637904797696,1188486088324579704,8320,23552
0,inlined,split,rehash,256,11,64,64,31336,1849948637904797696,1188486088324579704,8320,18176
0,inlined,whitefoot,rehash,256,12,64,64,55832,1849948637904797696,11172147813737468064,8320,29696
0,inlined,interleaved,rehash,256,12,64,64,35414,1849948637904797696,11172147813737468064,8320,23552
0,inlined,split,rehash,256,12,64,64,31419,1849948637904797696,11172147813737468064,8320,18176
0,inlined,whitefoot,rehash,256,13,64,64,55790,1849948637904797696,15843050885541994000,8320,29696
0,inlined,interleaved,rehash,256,13,64,64,35584,1849948637904797696,15843050885541994000,8320,23552
0,inlined,split,rehash,256,13,64,64,31416,1849948637904797696,15843050885541994000,8320,18176
0,inlined,whitefoot,lookup,4096,0,4,262144,660417,9962801879973888,1837996882287840280,8196,212992
0,inlined,interleaved,lookup,4096,0,4,262144,563751,9962801879973888,1837996882287840280,8196,180224
0,inlined,split,lookup,4096,0,4,262144,567791,9962801879973888,1837996882287840280,8196,151552
0,inlined,whitefoot,lookup,4096,1,4,262144,661793,9962801879973888,17130842932224972264,8196,212992
0,inlined,interleaved,lookup,4096,1,4,262144,563791,9962801879973888,17130842932224972264,8196,180224
0,inlined,split,lookup,4096,1,4,262144,568376,9962801879973888,17130842932224972264,8196,151552
0,inlined,whitefoot,lookup,4096,2,4,262144,659667,9962801879973888,7748136960903208664,8196,212992
0,inlined,interleaved,lookup,4096,2,4,262144,563917,9962801879973888,7748136960903208664,8196,180224
0,inlined,split,lookup,4096,2,4,262144,568291,9962801879973888,7748136960903208664,8196,151552
0,inlined,whitefoot,lookup,4096,3,4,262144,655209,9962801879973888,9072104606401219352,8196,212992
0,inlined,interleaved,lookup,4096,3,4,262144,561625,9962801879973888,9072104606401219352,8196,180224
0,inlined,split,lookup,4096,3,4,262144,568416,9962801879973888,9072104606401219352,8196,151552
0,inlined,whitefoot,lookup,4096,4,4,262144,659207,9962801879973888,13239724372104250040,8196,212992
0,inlined,interleaved,lookup,4096,4,4,262144,561375,9962801879973888,13239724372104250040,8196,180224
0,inlined,split,lookup,4096,4,4,262144,567666,9962801879973888,13239724372104250040,8196,151552
0,inlined,whitefoot,lookup,4096,5,4,262144,658376,9962801879973888,3801496594800721496,8196,212992
0,inlined,interleaved,lookup,4096,5,4,262144,565334,9962801879973888,3801496594800721496,8196,180224
0,inlined,split,lookup,4096,5,4,262144,568208,9962801879973888,3801496594800721496,8196,151552
0,inlined,whitefoot,lookup,4096,6,4,262144,658709,9962801879973888,7352625120983369704,8196,212992
0,inlined,interleaved,lookup,4096,6,4,262144,564708,9962801879973888,7352625120983369704,8196,180224
0,inlined,split,lookup,4096,6,4,262144,568500,9962801879973888,7352625120983369704,8196,151552
0,inlined,whitefoot,lookup,4096,7,4,262144,661250,9962801879973888,17960812127515588248,8196,212992
0,inlined,interleaved,lookup,4096,7,4,262144,565291,9962801879973888,17960812127515588248,8196,180224
0,inlined,split,lookup,4096,7,4,262144,568084,9962801879973888,17960812127515588248,8196,151552
0,inlined,whitefoot,lookup,4096,8,4,262144,657876,9962801879973888,2615156060198523864,8196,212992
0,inlined,interleaved,lookup,4096,8,4,262144,564125,9962801879973888,2615156060198523864,8196,180224
0,inlined,split,lookup,4096,8,4,262144,567291,9962801879973888,2615156060198523864,8196,151552
0,inlined,whitefoot,lookup,4096,9,4,262144,657751,9962801879973888,1726498032405399000,8196,212992
0,inlined,interleaved,lookup,4096,9,4,262144,561750,9962801879973888,1726498032405399000,8196,180224
0,inlined,split,lookup,4096,9,4,262144,567584,9962801879973888,1726498032405399000,8196,151552
0,inlined,whitefoot,lookup,4096,10,4,262144,656292,9962801879973888,4534567279263349320,8196,212992
0,inlined,interleaved,lookup,4096,10,4,262144,562125,9962801879973888,4534567279263349320,8196,180224
0,inlined,split,lookup,4096,10,4,262144,568459,9962801879973888,4534567279263349320,8196,151552
0,inlined,whitefoot,lookup,4096,11,4,262144,658249,9962801879973888,6412549644183669048,8196,212992
0,inlined,interleaved,lookup,4096,11,4,262144,565957,9962801879973888,6412549644183669048,8196,180224
0,inlined,split,lookup,4096,11,4,262144,570542,9962801879973888,6412549644183669048,8196,151552
0,inlined,whitefoot,lookup,4096,12,4,262144,660959,9962801879973888,8054235486273026056,8196,212992
0,inlined,interleaved,lookup,4096,12,4,262144,564375,9962801879973888,8054235486273026056,8196,180224
0,inlined,split,lookup,4096,12,4,262144,567958,9962801879973888,8054235486273026056,8196,151552
0,inlined,whitefoot,lookup,4096,13,4,262144,660666,9962801879973888,12270942348091423640,8196,212992
0,inlined,interleaved,lookup,4096,13,4,262144,564541,9962801879973888,12270942348091423640,8196,180224
0,inlined,split,lookup,4096,13,4,262144,567166,9962801879973888,12270942348091423640,8196,151552
0,inlined,whitefoot,insert,4096,0,4,8192,30750,0,1837996882287840280,8196,212992
0,inlined,interleaved,insert,4096,0,4,8192,17917,0,1837996882287840280,8196,180224
0,inlined,split,insert,4096,0,4,8192,19917,0,1837996882287840280,8196,151552
0,inlined,whitefoot,insert,4096,1,4,8192,30665,0,17130842932224972264,8196,212992
0,inlined,interleaved,insert,4096,1,4,8192,17834,0,17130842932224972264,8196,180224
0,inlined,split,insert,4096,1,4,8192,20084,0,17130842932224972264,8196,151552
0,inlined,whitefoot,insert,4096,2,4,8192,30959,0,7748136960903208664,8196,212992
0,inlined,interleaved,insert,4096,2,4,8192,17876,0,7748136960903208664,8196,180224
0,inlined,split,insert,4096,2,4,8192,19707,0,7748136960903208664,8196,151552
0,inlined,whitefoot,insert,4096,3,4,8192,30749,0,9072104606401219352,8196,212992
0,inlined,interleaved,insert,4096,3,4,8192,17792,0,9072104606401219352,8196,180224
0,inlined,split,insert,4096,3,4,8192,19875,0,9072104606401219352,8196,151552
0,inlined,whitefoot,insert,4096,4,4,8192,30625,0,13239724372104250040,8196,212992
0,inlined,interleaved,insert,4096,4,4,8192,17916,0,13239724372104250040,8196,180224
0,inlined,split,insert,4096,4,4,8192,19916,0,13239724372104250040,8196,151552
0,inlined,whitefoot,insert,4096,5,4,8192,30791,0,3801496594800721496,8196,212992
0,inlined,interleaved,insert,4096,5,4,8192,17875,0,3801496594800721496,8196,180224
0,inlined,split,insert,4096,5,4,8192,19540,0,3801496594800721496,8196,151552
0,inlined,whitefoot,insert,4096,6,4,8192,30667,0,7352625120983369704,8196,212992
0,inlined,interleaved,insert,4096,6,4,8192,18000,0,7352625120983369704,8196,180224
0,inlined,split,insert,4096,6,4,8192,19875,0,7352625120983369704,8196,151552
0,inlined,whitefoot,insert,4096,7,4,8192,30709,0,17960812127515588248,8196,212992
0,inlined,interleaved,insert,4096,7,4,8192,17833,0,17960812127515588248,8196,180224
0,inlined,split,insert,4096,7,4,8192,19875,0,17960812127515588248,8196,151552
0,inlined,whitefoot,insert,4096,8,4,8192,30750,0,2615156060198523864,8196,212992
0,inlined,interleaved,insert,4096,8,4,8192,18000,0,2615156060198523864,8196,180224
0,inlined,split,insert,4096,8,4,8192,19750,0,2615156060198523864,8196,151552
0,inlined,whitefoot,insert,4096,9,4,8192,30626,0,1726498032405399000,8196,212992
0,inlined,interleaved,insert,4096,9,4,8192,17877,0,1726498032405399000,8196,180224
0,inlined,split,insert,4096,9,4,8192,19833,0,1726498032405399000,8196,151552
0,inlined,whitefoot,insert,4096,10,4,8192,30793,0,4534567279263349320,8196,212992
0,inlined,interleaved,insert,4096,10,4,8192,17918,0,4534567279263349320,8196,180224
0,inlined,split,insert,4096,10,4,8192,19583,0,4534567279263349320,8196,151552
0,inlined,whitefoot,insert,4096,11,4,8192,32750,0,6412549644183669048,8196,212992
0,inlined,interleaved,insert,4096,11,4,8192,17834,0,6412549644183669048,8196,180224
0,inlined,split,insert,4096,11,4,8192,19790,0,6412549644183669048,8196,151552
0,inlined,whitefoot,insert,4096,12,4,8192,30708,0,8054235486273026056,8196,212992
0,inlined,interleaved,insert,4096,12,4,8192,17833,0,8054235486273026056,8196,180224
0,inlined,split,insert,4096,12,4,8192,19790,0,8054235486273026056,8196,151552
0,inlined,whitefoot,insert,4096,13,4,8192,30707,0,12270942348091423640,8196,212992
0,inlined,interleaved,insert,4096,13,4,8192,17916,0,12270942348091423640,8196,180224
0,inlined,split,insert,4096,13,4,8192,19668,0,12270942348091423640,8196,151552
0,inlined,whitefoot,rehash,4096,0,4,4,52125,1827965534208,16755485260950900696,8200,475136
0,inlined,interleaved,rehash,4096,0,4,4,36416,1827965534208,16755485260950900696,8200,376832
0,inlined,split,rehash,4096,0,4,4,28000,1827965534208,16755485260950900696,8200,290816
0,inlined,whitefoot,rehash,4096,1,4,4,51625,1827965534208,11397508409219617008,8200,475136
0,inlined,interleaved,rehash,4096,1,4,4,36376,1827965534208,11397508409219617008,8200,376832
0,inlined,split,rehash,4096,1,4,4,28125,1827965534208,11397508409219617008,8200,290816
0,inlined,whitefoot,rehash,4096,2,4,4,51501,1827965534208,2291712753279154904,8200,475136
0,inlined,interleaved,rehash,4096,2,4,4,36334,1827965534208,2291712753279154904,8200,376832
0,inlined,split,rehash,4096,2,4,4,28000,1827965534208,2291712753279154904,8200,290816
0,inlined,whitefoot,rehash,4096,3,4,4,52084,1827965534208,13715796755296672336,8200,475136
0,inlined,interleaved,rehash,4096,3,4,4,36293,1827965534208,13715796755296672336,8200,376832
0,inlined,split,rehash,4096,3,4,4,27999,1827965534208,13715796755296672336,8200,290816
0,inlined,whitefoot,rehash,4096,4,4,4,51999,1827965534208,11472147109226316488,8200,475136
0,inlined,interleaved,rehash,4096,4,4,4,36499,1827965534208,11472147109226316488,8200,376832
0,inlined,split,rehash,4096,4,4,4,27959,1827965534208,11472147109226316488,8200,290816
0,inlined,whitefoot,rehash,4096,5,4,4,52585,1827965534208,17478255965976599768,8200,475136
0,inlined,interleaved,rehash,4096,5,4,4,36417,1827965534208,17478255965976599768,8200,376832
0,inlined,split,rehash,4096,5,4,4,28000,1827965534208,17478255965976599768,8200,290816
0,inlined,whitefoot,rehash,4096,6,4,4,52042,1827965534208,9565289437605259256,8200,475136
0,inlined,interleaved,rehash,4096,6,4,4,36291,1827965534208,9565289437605259256,8200,376832
0,inlined,split,rehash,4096,6,4,4,27958,1827965534208,9565289437605259256,8200,290816
0,inlined,whitefoot,rehash,4096,7,4,4,52500,1827965534208,5938984280190480528,8200,475136
0,inlined,interleaved,rehash,4096,7,4,4,36416,1827965534208,5938984280190480528,8200,376832
0,inlined,split,rehash,4096,7,4,4,28124,1827965534208,5938984280190480528,8200,290816
0,inlined,whitefoot,rehash,4096,8,4,4,52208,1827965534208,7753566762732457912,8200,475136
0,inlined,interleaved,rehash,4096,8,4,4,36166,1827965534208,7753566762732457912,8200,376832
0,inlined,split,rehash,4096,8,4,4,28042,1827965534208,7753566762732457912,8200,290816
0,inlined,whitefoot,rehash,4096,9,4,4,52208,1827965534208,13780301973079490048,8200,475136
0,inlined,interleaved,rehash,4096,9,4,4,36249,1827965534208,13780301973079490048,8200,376832
0,inlined,split,rehash,4096,9,4,4,27959,1827965534208,13780301973079490048,8200,290816
0,inlined,whitefoot,rehash,4096,10,4,4,52041,1827965534208,15143009266973162248,8200,475136
0,inlined,interleaved,rehash,4096,10,4,4,36499,1827965534208,15143009266973162248,8200,376832
0,inlined,split,rehash,4096,10,4,4,27959,1827965534208,15143009266973162248,8200,290816
0,inlined,whitefoot,rehash,4096,11,4,4,51958,1827965534208,16669691421769542776,8200,475136
0,inlined,interleaved,rehash,4096,11,4,4,36333,1827965534208,16669691421769542776,8200,376832
0,inlined,split,rehash,4096,11,4,4,27958,1827965534208,16669691421769542776,8200,290816
0,inlined,whitefoot,rehash,4096,12,4,4,52209,1827965534208,12295864366953237120,8200,475136
0,inlined,interleaved,rehash,4096,12,4,4,36458,1827965534208,12295864366953237120,8200,376832
0,inlined,split,rehash,4096,12,4,4,28000,1827965534208,12295864366953237120,8200,290816
0,inlined,whitefoot,rehash,4096,13,4,4,52626,1827965534208,9430538475723708128,8200,475136
0,inlined,interleaved,rehash,4096,13,4,4,36542,1827965534208,9430538475723708128,8200,376832
0,inlined,split,rehash,4096,13,4,4,28499,1827965534208,9430538475723708128,8200,290816
0,inlined,whitefoot,lookup,16384,0,4,1048576,2798751,159344702076223488,10909911768892883176,32772,851968
0,inlined,interleaved,lookup,16384,0,4,1048576,2361833,159344702076223488,10909911768892883176,32772,720896
0,inlined,split,lookup,16384,0,4,1048576,2577125,159344702076223488,10909911768892883176,32772,606208
0,inlined,whitefoot,lookup,16384,1,4,1048576,2793084,159344702076223488,13502755409350941448,32772,851968
0,inlined,interleaved,lookup,16384,1,4,1048576,2367833,159344702076223488,13502755409350941448,32772,720896
0,inlined,split,lookup,16384,1,4,1048576,2578250,159344702076223488,13502755409350941448,32772,606208
0,inlined,whitefoot,lookup,16384,2,4,1048576,2791916,159344702076223488,14940797459546303912,32772,851968
0,inlined,interleaved,lookup,16384,2,4,1048576,2364624,159344702076223488,14940797459546303912,32772,720896
0,inlined,split,lookup,16384,2,4,1048576,2576874,159344702076223488,14940797459546303912,32772,606208
0,inlined,whitefoot,lookup,16384,3,4,1048576,2793000,159344702076223488,7567640889831038072,32772,851968
0,inlined,interleaved,lookup,16384,3,4,1048576,2368750,159344702076223488,7567640889831038072,32772,720896
0,inlined,split,lookup,16384,3,4,1048576,2581000,159344702076223488,7567640889831038072,32772,606208
0,inlined,whitefoot,lookup,16384,4,4,1048576,2796501,159344702076223488,11576670716104284088,32772,851968
0,inlined,interleaved,lookup,16384,4,4,1048576,2377333,159344702076223488,11576670716104284088,32772,720896
0,inlined,split,lookup,16384,4,4,1048576,2578667,159344702076223488,11576670716104284088,32772,606208
0,inlined,whitefoot,lookup,16384,5,4,1048576,2799250,159344702076223488,18226598782554959048,32772,851968
0,inlined,interleaved,lookup,16384,5,4,1048576,2357082,159344702076223488,18226598782554959048,32772,720896
0,inlined,split,lookup,16384,5,4,1048576,2578958,159344702076223488,18226598782554959048,32772,606208
0,inlined,whitefoot,lookup,16384,6,4,1048576,2797250,159344702076223488,8952695809931110936,32772,851968
0,inlined,interleaved,lookup,16384,6,4,1048576,2365625,159344702076223488,8952695809931110936,32772,720896
0,inlined,split,lookup,16384,6,4,1048576,2577791,159344702076223488,8952695809931110936,32772,606208
0,inlined,whitefoot,lookup,16384,7,4,1048576,2793749,159344702076223488,7818766382147352904,32772,851968
0,inlined,interleaved,lookup,16384,7,4,1048576,2357834,159344702076223488,7818766382147352904,32772,720896
0,inlined,split,lookup,16384,7,4,1048576,2577625,159344702076223488,7818766382147352904,32772,606208
0,inlined,whitefoot,lookup,16384,8,4,1048576,2798958,159344702076223488,16149779501894872504,32772,851968
0,inlined,interleaved,lookup,16384,8,4,1048576,2372792,159344702076223488,16149779501894872504,32772,720896
0,inlined,split,lookup,16384,8,4,1048576,2595583,159344702076223488,16149779501894872504,32772,606208
0,inlined,whitefoot,lookup,16384,9,4,1048576,2794874,159344702076223488,2356081379217275400,32772,851968
0,inlined,interleaved,lookup,16384,9,4,1048576,2373458,159344702076223488,2356081379217275400,32772,720896
0,inlined,split,lookup,16384,9,4,1048576,2615668,159344702076223488,2356081379217275400,32772,606208
0,inlined,whitefoot,lookup,16384,10,4,1048576,2802876,159344702076223488,15550830537941824056,32772,851968
0,inlined,interleaved,lookup,16384,10,4,1048576,2365625,159344702076223488,15550830537941824056,32772,720896
0,inlined,split,lookup,16384,10,4,1048576,2596543,159344702076223488,15550830537941824056,32772,606208
0,inlined,whitefoot,lookup,16384,11,4,1048576,2799250,159344702076223488,10293427524117068264,32772,851968
0,inlined,interleaved,lookup,16384,11,4,1048576,2360875,159344702076223488,10293427524117068264,32772,720896
0,inlined,split,lookup,16384,11,4,1048576,2583374,159344702076223488,10293427524117068264,32772,606208
0,inlined,whitefoot,lookup,16384,12,4,1048576,2800001,159344702076223488,5521175825229903656,32772,851968
0,inlined,interleaved,lookup,16384,12,4,1048576,2363501,159344702076223488,5521175825229903656,32772,720896
0,inlined,split,lookup,16384,12,4,1048576,2577666,159344702076223488,5521175825229903656,32772,606208
0,inlined,whitefoot,lookup,16384,13,4,1048576,2812499,159344702076223488,5725350131714615384,32772,851968
0,inlined,interleaved,lookup,16384,13,4,1048576,2367042,159344702076223488,5725350131714615384,32772,720896
0,inlined,split,lookup,16384,13,4,1048576,2595418,159344702076223488,5725350131714615384,32772,606208
0,inlined,whitefoot,insert,16384,0,4,32768,128250,0,10909911768892883176,32772,851968
0,inlined,interleaved,insert,16384,0,4,32768,72166,0,10909911768892883176,32772,720896
0,inlined,split,insert,16384,0,4,32768,78707,0,10909911768892883176,32772,606208
0,inlined,whitefoot,insert,16384,1,4,32768,128458,0,13502755409350941448,32772,851968
0,inlined,interleaved,insert,16384,1,4,32768,72167,0,13502755409350941448,32772,720896
0,inlined,split,insert,16384,1,4,32768,79667,0,13502755409350941448,32772,606208
0,inlined,whitefoot,insert,16384,2,4,32768,128250,0,14940797459546303912,32772,851968
0,inlined,interleaved,insert,16384,2,4,32768,72085,0,14940797459546303912,32772,720896
0,inlined,split,insert,16384,2,4,32768,79207,0,14940797459546303912,32772,606208
0,inlined,whitefoot,insert,16384,3,4,32768,128251,0,7567640889831038072,32772,851968
0,inlined,interleaved,insert,16384,3,4,32768,71957,0,7567640889831038072,32772,720896
0,inlined,split,insert,16384,3,4,32768,79125,0,7567640889831038072,32772,606208
0,inlined,whitefoot,insert,16384,4,4,32768,128709,0,11576670716104284088,32772,851968
0,inlined,interleaved,insert,16384,4,4,32768,72542,0,11576670716104284088,32772,720896
0,inlined,split,insert,16384,4,4,32768,78708,0,11576670716104284088,32772,606208
0,inlined,whitefoot,insert,16384,5,4,32768,128541,0,18226598782554959048,32772,851968
0,inlined,interleaved,insert,16384,5,4,32768,72333,0,18226598782554959048,32772,720896
0,inlined,split,insert,16384,5,4,32768,78959,0,18226598782554959048,32772,606208
0,inlined,whitefoot,insert,16384,6,4,32768,128334,0,8952695809931110936,32772,851968
0,inlined,interleaved,insert,16384,6,4,32768,72624,0,8952695809931110936,32772,720896
0,inlined,split,insert,16384,6,4,32768,84126,0,8952695809931110936,32772,606208
0,inlined,whitefoot,insert,16384,7,4,32768,128500,0,7818766382147352904,32772,851968
0,inlined,interleaved,insert,16384,7,4,32768,72250,0,7818766382147352904,32772,720896
0,inlined,split,insert,16384,7,4,32768,79375,0,7818766382147352904,32772,606208
0,inlined,whitefoot,insert,16384,8,4,32768,128209,0,16149779501894872504,32772,851968
0,inlined,interleaved,insert,16384,8,4,32768,71959,0,16149779501894872504,32772,720896
0,inlined,split,insert,16384,8,4,32768,79707,0,16149779501894872504,32772,606208
0,inlined,whitefoot,insert,16384,9,4,32768,131083,0,2356081379217275400,32772,851968
0,inlined,interleaved,insert,16384,9,4,32768,73708,0,2356081379217275400,32772,720896
0,inlined,split,insert,16384,9,4,32768,79208,0,2356081379217275400,32772,606208
0,inlined,whitefoot,insert,16384,10,4,32768,128209,0,15550830537941824056,32772,851968
0,inlined,interleaved,insert,16384,10,4,32768,72292,0,15550830537941824056,32772,720896
0,inlined,split,insert,16384,10,4,32768,79043,0,15550830537941824056,32772,606208
0,inlined,whitefoot,insert,16384,11,4,32768,131166,0,10293427524117068264,32772,851968
0,inlined,interleaved,insert,16384,11,4,32768,72334,0,10293427524117068264,32772,720896
0,inlined,split,insert,16384,11,4,32768,79417,0,10293427524117068264,32772,606208
0,inlined,whitefoot,insert,16384,12,4,32768,128334,0,5521175825229903656,32772,851968
0,inlined,interleaved,insert,16384,12,4,32768,72375,0,5521175825229903656,32772,720896
0,inlined,split,insert,16384,12,4,32768,78876,0,5521175825229903656,32772,606208
0,inlined,whitefoot,insert,16384,13,4,32768,128417,0,5725350131714615384,32772,851968
0,inlined,interleaved,insert,16384,13,4,32768,72458,0,5725350131714615384,32772,720896
0,inlined,split,insert,16384,13,4,32768,79292,0,5725350131714615384,32772,606208
0,inlined,whitefoot,rehash,16384,0,4,4,216625,7311862136832,11734543581844066032,32776,1900544
0,inlined,interleaved,rehash,16384,0,4,4,148333,7311862136832,11734543581844066032,32776,1507328
0,inlined,split,rehash,16384,0,4,4,111041,7311862136832,11734543581844066032,32776,1163264
0,inlined,whitefoot,rehash,16384,1,4,4,218000,7311862136832,9106608044878866272,32776,1900544
0,inlined,interleaved,rehash,16384,1,4,4,148126,7311862136832,9106608044878866272,32776,1507328
0,inlined,split,rehash,16384,1,4,4,110959,7311862136832,9106608044878866272,32776,1163264
0,inlined,whitefoot,rehash,16384,2,4,4,220168,7311862136832,7309884484771575248,32776,1900544
0,inlined,interleaved,rehash,16384,2,4,4,147708,7311862136832,7309884484771575248,32776,1507328
0,inlined,split,rehash,16384,2,4,4,111583,7311862136832,7309884484771575248,32776,1163264
0,inlined,whitefoot,rehash,16384,3,4,4,217332,7311862136832,9388458061057511456,32776,1900544
0,inlined,interleaved,rehash,16384,3,4,4,148334,7311862136832,9388458061057511456,32776,1507328
0,inlined,split,rehash,16384,3,4,4,111959,7311862136832,9388458061057511456,32776,1163264
0,inlined,whitefoot,rehash,16384,4,4,4,217960,7311862136832,11073332935378422512,32776,1900544
0,inlined,interleaved,rehash,16384,4,4,4,147874,7311862136832,11073332935378422512,32776,1507328
0,inlined,split,rehash,16384,4,4,4,110958,7311862136832,11073332935378422512,32776,1163264
0,inlined,whitefoot,rehash,16384,5,4,4,218626,7311862136832,12626423576593689920,32776,1900544
0,inlined,interleaved,rehash,16384,5,4,4,147582,7311862136832,12626423576593689920,32776,1507328
0,inlined,split,rehash,16384,5,4,4,111000,7311862136832,12626423576593689920,32776,1163264
0,inlined,whitefoot,rehash,16384,6,4,4,217167,7311862136832,5875688640427425904,32776,1900544
0,inlined,interleaved,rehash,16384,6,4,4,147959,7311862136832,5875688640427425904,32776,1507328
0,inlined,split,rehash,16384,6,4,4,112708,7311862136832,5875688640427425904,32776,1163264
0,inlined,whitefoot,rehash,16384,7,4,4,218750,7311862136832,995894157135461184,32776,1900544
0,inlined,interleaved,rehash,16384,7,4,4,147999,7311862136832,995894157135461184,32776,1507328
0,inlined,split,rehash,16384,7,4,4,110875,7311862136832,995894157135461184,32776,1163264
0,inlined,whitefoot,rehash,16384,8,4,4,214958,7311862136832,9620557774374313120,32776,1900544
0,inlined,interleaved,rehash,16384,8,4,4,148167,7311862136832,9620557774374313120,32776,1507328
0,inlined,split,rehash,16384,8,4,4,111084,7311862136832,9620557774374313120,32776,1163264
0,inlined,whitefoot,rehash,16384,9,4,4,218167,7311862136832,10225861738127010000,32776,1900544
0,inlined,interleaved,rehash,16384,9,4,4,147749,7311862136832,10225861738127010000,32776,1507328
0,inlined,split,rehash,16384,9,4,4,113000,7311862136832,10225861738127010000,32776,1163264
0,inlined,whitefoot,rehash,16384,10,4,4,216418,7311862136832,15873380271962991376,32776,1900544
0,inlined,interleaved,rehash,16384,10,4,4,147874,7311862136832,15873380271962991376,32776,1507328
0,inlined,split,rehash,16384,10,4,4,111376,7311862136832,15873380271962991376,32776,1163264
0,inlined,whitefoot,rehash,16384,11,4,4,216959,7311862136832,785342622397670336,32776,1900544
0,inlined,interleaved,rehash,16384,11,4,4,147708,7311862136832,785342622397670336,32776,1507328
0,inlined,split,rehash,16384,11,4,4,111041,7311862136832,785342622397670336,32776,1163264
0,inlined,whitefoot,rehash,16384,12,4,4,217916,7311862136832,1847626916838410768,32776,1900544
0,inlined,interleaved,rehash,16384,12,4,4,148208,7311862136832,1847626916838410768,32776,1507328
0,inlined,split,rehash,16384,12,4,4,111125,7311862136832,1847626916838410768,32776,1163264
0,inlined,whitefoot,rehash,16384,13,4,4,217375,7311862136832,7996111961345360336,32776,1900544
0,inlined,interleaved,rehash,16384,13,4,4,148084,7311862136832,7996111961345360336,32776,1507328
0,inlined,split,rehash,16384,13,4,4,111207,7311862136832,7996111961345360336,32776,1163264
1,inlined,whitefoot,lookup,256,0,64,262144,677794,15406439159171514368,7835046105847459488,8256,13312
1,inlined,interleaved,lookup,256,0,64,262144,588626,15406439159171514368,7835046105847459488,8256,11264
1,inlined,split,lookup,256,0,64,262144,581211,15406439159171514368,7835046105847459488,8256,9472
1,inlined,whitefoot,lookup,256,1,64,262144,678164,15406439159171514368,12636395056238259104,8256,13312
1,inlined,interleaved,lookup,256,1,64,262144,587370,15406439159171514368,12636395056238259104,8256,11264
1,inlined,split,lookup,256,1,64,262144,582088,15406439159171514368,12636395056238259104,8256,9472
1,inlined,whitefoot,lookup,256,2,64,262144,676541,15406439159171514368,5108038417128779696,8256,13312
1,inlined,interleaved,lookup,256,2,64,262144,586542,15406439159171514368,5108038417128779696,8256,11264
1,inlined,split,lookup,256,2,64,262144,581124,15406439159171514368,5108038417128779696,8256,9472
1,inlined,whitefoot,lookup,256,3,64,262144,677713,15406439159171514368,16848939090334181552,8256,13312
1,inlined,interleaved,lookup,256,3,64,262144,588503,15406439159171514368,16848939090334181552,8256,11264
1,inlined,split,lookup,256,3,64,262144,581049,15406439159171514368,16848939090334181552,8256,9472
1,inlined,whitefoot,lookup,256,4,64,262144,677210,15406439159171514368,16286268131356312368,8256,13312
1,inlined,interleaved,lookup,256,4,64,262144,587710,15406439159171514368,16286268131356312368,8256,11264
1,inlined,split,lookup,256,4,64,262144,581044,15406439159171514368,16286268131356312368,8256,9472
1,inlined,whitefoot,lookup,256,5,64,262144,679208,15406439159171514368,9120727054633088000,8256,13312
1,inlined,interleaved,lookup,256,5,64,262144,587628,15406439159171514368,9120727054633088000,8256,11264
1,inlined,split,lookup,256,5,64,262144,581415,15406439159171514368,9120727054633088000,8256,9472
1,inlined,whitefoot,lookup,256,6,64,262144,677163,15406439159171514368,5762771361541884512,8256,13312
1,inlined,interleaved,lookup,256,6,64,262144,588248,15406439159171514368,5762771361541884512,8256,11264
1,inlined,split,lookup,256,6,64,262144,582293,15406439159171514368,5762771361541884512,8256,9472
1,inlined,whitefoot,lookup,256,7,64,262144,677375,15406439159171514368,1624341757828425648,8256,13312
1,inlined,interleaved,lookup,256,7,64,262144,587417,15406439159171514368,1624341757828425648,8256,11264
1,inlined,split,lookup,256,7,64,262144,580709,15406439159171514368,1624341757828425648,8256,9472
1,inlined,whitefoot,lookup,256,8,64,262144,677411,15406439159171514368,12269272641764206400,8256,13312
1,inlined,interleaved,lookup,256,8,64,262144,588332,15406439159171514368,12269272641764206400,8256,11264
1,inlined,split,lookup,256,8,64,262144,597213,15406439159171514368,12269272641764206400,8256,9472
1,inlined,whitefoot,lookup,256,9,64,262144,678250,15406439159171514368,5992509345126799584,8256,13312
1,inlined,interleaved,lookup,256,9,64,262144,592753,15406439159171514368,5992509345126799584,8256,11264
1,inlined,split,lookup,256,9,64,262144,579954,15406439159171514368,5992509345126799584,8256,9472
1,inlined,whitefoot,lookup,256,10,64,262144,677748,15406439159171514368,18073023074693822304,8256,13312
1,inlined,interleaved,lookup,256,10,64,262144,588332,15406439159171514368,18073023074693822304,8256,11264
1,inlined,split,lookup,256,10,64,262144,588965,15406439159171514368,18073023074693822304,8256,9472
1,inlined,whitefoot,lookup,256,11,64,262144,677209,15406439159171514368,4901604239908314144,8256,13312
1,inlined,interleaved,lookup,256,11,64,262144,586002,15406439159171514368,4901604239908314144,8256,11264
1,inlined,split,lookup,256,11,64,262144,587454,15406439159171514368,4901604239908314144,8256,9472
1,inlined,whitefoot,lookup,256,12,64,262144,676584,15406439159171514368,4218347057476397696,8256,13312
1,inlined,interleaved,lookup,256,12,64,262144,588251,15406439159171514368,4218347057476397696,8256,11264
1,inlined,split,lookup,256,12,64,262144,586830,15406439159171514368,4218347057476397696,8256,9472
1,inlined,whitefoot,lookup,256,13,64,262144,676048,15406439159171514368,5237384556868179408,8256,13312
1,inlined,interleaved,lookup,256,13,64,262144,587046,15406439159171514368,5237384556868179408,8256,11264
1,inlined,split,lookup,256,13,64,262144,580875,15406439159171514368,5237384556868179408,8256,9472
1,inlined,whitefoot,insert,256,0,64,8192,34368,0,7835046105847459488,8256,13312
1,inlined,interleaved,insert,256,0,64,8192,17919,0,7835046105847459488,8256,11264
1,inlined,split,insert,256,0,64,8192,18292,0,7835046105847459488,8256,9472
1,inlined,whitefoot,insert,256,1,64,8192,33796,0,12636395056238259104,8256,13312
1,inlined,interleaved,insert,256,1,64,8192,18161,0,12636395056238259104,8256,11264
1,inlined,split,insert,256,1,64,8192,18583,0,12636395056238259104,8256,9472
1,inlined,whitefoot,insert,256,2,64,8192,34830,0,5108038417128779696,8256,13312
1,inlined,interleaved,insert,256,2,64,8192,18255,0,5108038417128779696,8256,11264
1,inlined,split,insert,256,2,64,8192,18331,0,5108038417128779696,8256,9472
1,inlined,whitefoot,insert,256,3,64,8192,34287,0,16848939090334181552,8256,13312
1,inlined,interleaved,insert,256,3,64,8192,17918,0,16848939090334181552,8256,11264
1,inlined,split,insert,256,3,64,8192,18209,0,16848939090334181552,8256,9472
1,inlined,whitefoot,insert,256,4,64,8192,34080,0,16286268131356312368,8256,13312
1,inlined,interleaved,insert,256,4,64,8192,17877,0,16286268131356312368,8256,11264
1,inlined,split,insert,256,4,64,8192,18458,0,16286268131356312368,8256,9472
1,inlined,whitefoot,insert,256,5,64,8192,34214,0,9120727054633088000,8256,13312
1,inlined,interleaved,insert,256,5,64,8192,18039,0,9120727054633088000,8256,11264
1,inlined,split,insert,256,5,64,8192,18826,0,9120727054633088000,8256,9472
1,inlined,whitefoot,insert,256,6,64,8192,33587,0,5762771361541884512,8256,13312
1,inlined,interleaved,insert,256,6,64,8192,18043,0,5762771361541884512,8256,11264
1,inlined,split,insert,256,6,64,8192,18580,0,5762771361541884512,8256,9472
1,inlined,whitefoot,insert,256,7,64,8192,34295,0,1624341757828425648,8256,13312
1,inlined,interleaved,insert,256,7,64,8192,17798,0,1624341757828425648,8256,11264
1,inlined,split,insert,256,7,64,8192,18583,0,1624341757828425648,8256,9472
1,inlined,whitefoot,insert,256,8,64,8192,34374,0,12269272641764206400,8256,13312
1,inlined,interleaved,insert,256,8,64,8192,17582,0,12269272641764206400,8256,11264
1,inlined,split,insert,256,8,64,8192,18540,0,12269272641764206400,8256,9472
1,inlined,whitefoot,insert,256,9,64,8192,33958,0,5992509345126799584,8256,13312
1,inlined,interleaved,insert,256,9,64,8192,18048,0,5992509345126799584,8256,11264
1,inlined,split,insert,256,9,64,8192,18415,0,5992509345126799584,8256,9472
1,inlined,whitefoot,insert,256,10,64,8192,34294,0,18073023074693822304,8256,13312
1,inlined,interleaved,insert,256,10,64,8192,17959,0,18073023074693822304,8256,11264
1,inlined,split,insert,256,10,64,8192,18503,0,18073023074693822304,8256,9472
1,inlined,whitefoot,insert,256,11,64,8192,34295,0,4901604239908314144,8256,13312
1,inlined,interleaved,insert,256,11,64,8192,18125,0,4901604239908314144,8256,11264
1,inlined,split,insert,256,11,64,8192,18376,0,4901604239908314144,8256,9472
1,inlined,whitefoot,insert,256,12,64,8192,34040,0,4218347057476397696,8256,13312
1,inlined,interleaved,insert,256,12,64,8192,18000,0,4218347057476397696,8256,11264
1,inlined,split,insert,256,12,64,8192,18581,0,4218347057476397696,8256,9472
1,inlined,whitefoot,insert,256,13,64,8192,34252,0,5237384556868179408,8256,13312
1,inlined,interleaved,insert,256,13,64,8192,17828,0,5237384556868179408,8256,11264
1,inlined,split,insert,256,13,64,8192,18412,0,5237384556868179408,8256,9472
1,inlined,whitefoot,rehash,256,0,64,64,56171,1849948637904797696,5116650466399058720,8320,29696
1,inlined,interleaved,rehash,256,0,64,64,35710,1849948637904797696,5116650466399058720,8320,23552
1,inlined,split,rehash,256,0,64,64,32122,1849948637904797696,5116650466399058720,8320,18176
1,inlined,whitefoot,rehash,256,1,64,64,56249,1849948637904797696,2345175331444990928,8320,29696
1,inlined,interleaved,rehash,256,1,64,64,35789,1849948637904797696,2345175331444990928,8320,23552
1,inlined,split,rehash,256,1,64,64,31418,1849948637904797696,2345175331444990928,8320,18176
1,inlined,whitefoot,rehash,256,2,64,64,55956,1849948637904797696,9167743694309703168,8320,29696
1,inlined,interleaved,rehash,256,2,64,64,35750,1849948637904797696,9167743694309703168,8320,23552
1,inlined,split,rehash,256,2,64,64,31377,1849948637904797696,9167743694309703168,8320,18176
1,inlined,whitefoot,rehash,256,3,64,64,56377,1849948637904797696,2261161121994670040,8320,29696
1,inlined,interleaved,rehash,256,3,64,64,36163,1849948637904797696,2261161121994670040,8320,23552
1,inlined,split,rehash,256,3,64,64,31543,1849948637904797696,2261161121994670040,8320,18176
1,inlined,whitefoot,rehash,256,4,64,64,55502,1849948637904797696,5701732356075431008,8320,29696
1,inlined,interleaved,rehash,256,4,64,64,35998,1849948637904797696,5701732356075431008,8320,23552
1,inlined,split,rehash,256,4,64,64,31670,1849948637904797696,5701732356075431008,8320,18176
1,inlined,whitefoot,rehash,256,5,64,64,55291,1849948637904797696,6599659187284699208,8320,29696
1,inlined,interleaved,rehash,256,5,64,64,35956,1849948637904797696,6599659187284699208,8320,23552
1,inlined,split,rehash,256,5,64,64,31959,1849948637904797696,6599659187284699208,8320,18176
1,inlined,whitefoot,rehash,256,6,64,64,55628,1849948637904797696,7026256584100517184,8320,29696
1,inlined,interleaved,rehash,256,6,64,64,35878,1849948637904797696,7026256584100517184,8320,23552
1,inlined,split,rehash,256,6,64,64,31543,1849948637904797696,7026256584100517184,8320,18176
1,inlined,whitefoot,rehash,256,7,64,64,56209,1849948637904797696,2398031619502997424,8320,29696
1,inlined,interleaved,rehash,256,7,64,64,36003,1849948637904797696,2398031619502997424,8320,23552
1,inlined,split,rehash,256,7,64,64,32082,1849948637904797696,2398031619502997424,8320,18176
1,inlined,whitefoot,rehash,256,8,64,64,55917,1849948637904797696,2136864517181178400,8320,29696
1,inlined,interleaved,rehash,256,8,64,64,35664,1849948637904797696,2136864517181178400,8320,23552
1,inlined,split,rehash,256,8,64,64,31709,1849948637904797696,2136864517181178400,8320,18176
1,inlined,whitefoot,rehash,256,9,64,64,55874,1849948637904797696,1818022764526631496,8320,29696
1,inlined,interleaved,rehash,256,9,64,64,35791,1849948637904797696,1818022764526631496,8320,23552
1,inlined,split,rehash,256,9,64,64,31540,1849948637904797696,1818022764526631496,8320,18176
1,inlined,whitefoot,rehash,256,10,64,64,56334,1849948637904797696,14795153613927278256,8320,29696
1,inlined,interleaved,rehash,256,10,64,64,35962,1849948637904797696,14795153613927278256,8320,23552
1,inlined,split,rehash,256,10,64,64,31709,1849948637904797696,14795153613927278256,8320,18176
1,inlined,whitefoot,rehash,256,11,64,64,55793,1849948637904797696,1188486088324579704,8320,29696
1,inlined,interleaved,rehash,256,11,64,64,35870,1849948637904797696,1188486088324579704,8320,23552
1,inlined,split,rehash,256,11,64,64,32208,1849948637904797696,1188486088324579704,8320,18176
1,inlined,whitefoot,rehash,256,12,64,64,56961,1849948637904797696,11172147813737468064,8320,29696
1,inlined,interleaved,rehash,256,12,64,64,35621,1849948637904797696,11172147813737468064,8320,23552
1,inlined,split,rehash,256,12,64,64,31587,1849948637904797696,11172147813737468064,8320,18176
1,inlined,whitefoot,rehash,256,13,64,64,55791,1849948637904797696,15843050885541994000,8320,29696
1,inlined,interleaved,rehash,256,13,64,64,35753,1849948637904797696,15843050885541994000,8320,23552
1,inlined,split,rehash,256,13,64,64,31544,1849948637904797696,15843050885541994000,8320,18176
1,inlined,whitefoot,lookup,4096,0,4,262144,668791,9962801879973888,1837996882287840280,8196,212992
1,inlined,interleaved,lookup,4096,0,4,262144,565209,9962801879973888,1837996882287840280,8196,180224
1,inlined,split,lookup,4096,0,4,262144,568625,9962801879973888,1837996882287840280,8196,151552
1,inlined,whitefoot,lookup,4096,1,4,262144,660417,9962801879973888,17130842932224972264,8196,212992
1,inlined,interleaved,lookup,4096,1,4,262144,565708,9962801879973888,17130842932224972264,8196,180224
1,inlined,split,lookup,4096,1,4,262144,577167,9962801879973888,17130842932224972264,8196,151552
1,inlined,whitefoot,lookup,4096,2,4,262144,662708,9962801879973888,7748136960903208664,8196,212992
1,inlined,interleaved,lookup,4096,2,4,262144,563209,9962801879973888,7748136960903208664,8196,180224
1,inlined,split,lookup,4096,2,4,262144,568125,9962801879973888,7748136960903208664,8196,151552
1,inlined,whitefoot,lookup,4096,3,4,262144,658042,9962801879973888,9072104606401219352,8196,212992
1,inlined,interleaved,lookup,4096,3,4,262144,562460,9962801879973888,9072104606401219352,8196,180224
1,inlined,split,lookup,4096,3,4,262144,568792,9962801879973888,9072104606401219352,8196,151552
1,inlined,whitefoot,lookup,4096,4,4,262144,657834,9962801879973888,13239724372104250040,8196,212992
1,inlined,interleaved,lookup,4096,4,4,262144,564708,9962801879973888,13239724372104250040,8196,180224
1,inlined,split,lookup,4096,4,4,262144,568334,9962801879973888,13239724372104250040,8196,151552
1,inlined,whitefoot,lookup,4096,5,4,262144,661167,9962801879973888,3801496594800721496,8196,212992
1,inlined,interleaved,lookup,4096,5,4,262144,565166,9962801879973888,3801496594800721496,8196,180224
1,inlined,split,lookup,4096,5,4,262144,574916,9962801879973888,3801496594800721496,8196,151552
1,inlined,whitefoot,lookup,4096,6,4,262144,660917,9962801879973888,7352625120983369704,8196,212992
1,inlined,interleaved,lookup,4096,6,4,262144,566375,9962801879973888,7352625120983369704,8196,180224
1,inlined,split,lookup,4096,6,4,262144,568876,9962801879973888,7352625120983369704,8196,151552
1,inlined,whitefoot,lookup,4096,7,4,262144,666582,9962801879973888,17960812127515588248,8196,212992
1,inlined,interleaved,lookup,4096,7,4,262144,565416,9962801879973888,17960812127515588248,8196,180224
1,inlined,split,lookup,4096,7,4,262144,566709,9962801879973888,17960812127515588248,8196,151552
1,inlined,whitefoot,lookup,4096,8,4,262144,664250,9962801879973888,2615156060198523864,8196,212992
1,inlined,interleaved,lookup,4096,8,4,262144,563833,9962801879973888,2615156060198523864,8196,180224
1,inlined,split,lookup,4096,8,4,262144,569417,9962801879973888,2615156060198523864,8196,151552
1,inlined,whitefoot,lookup,4096,9,4,262144,661416,9962801879973888,1726498032405399000,8196,212992
1,inlined,interleaved,lookup,4096,9,4,262144,567958,9962801879973888,1726498032405399000,8196,180224
1,inlined,split,lookup,4096,9,4,262144,567041,9962801879973888,1726498032405399000,8196,151552
1,inlined,whitefoot,lookup,4096,10,4,262144,668459,9962801879973888,4534567279263349320,8196,212992
1,inlined,interleaved,lookup,4096,10,4,262144,565251,9962801879973888,4534567279263349320,8196,180224
1,inlined,split,lookup,4096,10,4,262144,568124,9962801879973888,4534567279263349320,8196,151552
1,inlined,whitefoot,lookup,4096,11,4,262144,665540,9962801879973888,6412549644183669048,8196,212992
1,inlined,interleaved,lookup,4096,11,4,262144,564251,9962801879973888,6412549644183669048,8196,180224
1,inlined,split,lookup,4096,11,4,262144,568542,9962801879973888,6412549644183669048,8196,151552
1,inlined,whitefoot,lookup,4096,12,4,262144,661916,9962801879973888,8054235486273026056,8196,212992
1,inlined,interleaved,lookup,4096,12,4,262144,564708,9962801879973888,8054235486273026056,8196,180224
1,inlined,split,lookup,4096,12,4,262144,567624,9962801879973888,8054235486273026056,8196,151552
1,inlined,whitefoot,lookup,4096,13,4,262144,660333,9962801879973888,12270942348091423640,8196,212992
1,inlined,interleaved,lookup,4096,13,4,262144,563957,9962801879973888,12270942348091423640,8196,180224
1,inlined,split,lookup,4096,13,4,262144,567460,9962801879973888,12270942348091423640,8196,151552
1,inlined,whitefoot,insert,4096,0,4,8192,30791,0,1837996882287840280,8196,212992
1,inlined,interleaved,insert,4096,0,4,8192,17874,0,1837996882287840280,8196,180224
1,inlined,split,insert,4096,0,4,8192,19501,0,1837996882287840280,8196,151552
1,inlined,whitefoot,insert,4096,1,4,8192,30708,0,17130842932224972264,8196,212992
1,inlined,interleaved,insert,4096,1,4,8192,17917,0,17130842932224972264,8196,180224
1,inlined,split,insert,4096,1,4,8192,19917,0,17130842932224972264,8196,151552
1,inlined,whitefoot,insert,4096,2,4,8192,30791,0,7748136960903208664,8196,212992
1,inlined,interleaved,insert,4096,2,4,8192,18083,0,7748136960903208664,8196,180224
1,inlined,split,insert,4096,2,4,8192,19791,0,7748136960903208664,8196,151552
1,inlined,whitefoot,insert,4096,3,4,8192,30749,0,9072104606401219352,8196,212992
1,inlined,interleaved,insert,4096,3,4,8192,17916,0,9072104606401219352,8196,180224
1,inlined,split,insert,4096,3,4,8192,19875,0,9072104606401219352,8196,151552
1,inlined,whitefoot,insert,4096,4,4,8192,30625,0,13239724372104250040,8196,212992
1,inlined,interleaved,insert,4096,4,4,8192,17917,0,13239724372104250040,8196,180224
1,inlined,split,insert,4096,4,4,8192,19959,0,13239724372104250040,8196,151552
1,inlined,whitefoot,insert,4096,5,4,8192,30751,0,3801496594800721496,8196,212992
1,inlined,interleaved,insert,4096,5,4,8192,17916,0,3801496594800721496,8196,180224
1,inlined,split,insert,4096,5,4,8192,19375,0,3801496594800721496,8196,151552
1,inlined,whitefoot,insert,4096,6,4,8192,30833,0,7352625120983369704,8196,212992
1,inlined,interleaved,insert,4096,6,4,8192,18001,0,7352625120983369704,8196,180224
1,inlined,split,insert,4096,6,4,8192,19749,0,7352625120983369704,8196,151552
1,inlined,whitefoot,insert,4096,7,4,8192,30750,0,17960812127515588248,8196,212992
1,inlined,interleaved,insert,4096,7,4,8192,18041,0,17960812127515588248,8196,180224
1,inlined,split,insert,4096,7,4,8192,19750,0,17960812127515588248,8196,151552
1,inlined,whitefoot,insert,4096,8,4,8192,30876,0,2615156060198523864,8196,212992
1,inlined,interleaved,insert,4096,8,4,8192,18041,0,2615156060198523864,8196,180224
1,inlined,split,insert,4096,8,4,8192,19999,0,2615156060198523864,8196,151552
1,inlined,whitefoot,insert,4096,9,4,8192,31042,0,1726498032405399000,8196,212992
1,inlined,interleaved,insert,4096,9,4,8192,17832,0,1726498032405399000,8196,180224
1,inlined,split,insert,4096,9,4,8192,19833,0,1726498032405399000,8196,151552
1,inlined,whitefoot,insert,4096,10,4,8192,30750,0,4534567279263349320,8196,212992
1,inlined,interleaved,insert,4096,10,4,8192,17959,0,4534567279263349320,8196,180224
1,inlined,split,insert,4096,10,4,8192,19751,0,4534567279263349320,8196,151552
1,inlined,whitefoot,insert,4096,11,4,8192,30792,0,6412549644183669048,8196,212992
1,inlined,interleaved,insert,4096,11,4,8192,17918,0,6412549644183669048,8196,180224
1,inlined,split,insert,4096,11,4,8192,19750,0,6412549644183669048,8196,151552
1,inlined,whitefoot,insert,4096,12,4,8192,30874,0,8054235486273026056,8196,212992
1,inlined,interleaved,insert,4096,12,4,8192,18001,0,8054235486273026056,8196,180224
1,inlined,split,insert,4096,12,4,8192,20000,0,8054235486273026056,8196,151552
1,inlined,whitefoot,insert,4096,13,4,8192,30958,0,12270942348091423640,8196,212992
1,inlined,interleaved,insert,4096,13,4,8192,18166,0,12270942348091423640,8196,180224
1,inlined,split,insert,4096,13,4,8192,19959,0,12270942348091423640,8196,151552
1,inlined,whitefoot,rehash,4096,0,4,4,52999,1827965534208,16755485260950900696,8200,475136
1,inlined,interleaved,rehash,4096,0,4,4,36334,1827965534208,16755485260950900696,8200,376832
1,inlined,split,rehash,4096,0,4,4,28041,1827965534208,16755485260950900696,8200,290816
1,inlined,whitefoot,rehash,4096,1,4,4,52292,1827965534208,11397508409219617008,8200,475136
1,inlined,interleaved,rehash,4096,1,4,4,36336,1827965534208,11397508409219617008,8200,376832
1,inlined,split,rehash,4096,1,4,4,28083,1827965534208,11397508409219617008,8200,290816
1,inlined,whitefoot,rehash,4096,2,4,4,52042,1827965534208,2291712753279154904,8200,475136
1,inlined,interleaved,rehash,4096,2,4,4,36375,1827965534208,2291712753279154904,8200,376832
1,inlined,split,rehash,4096,2,4,4,28083,1827965534208,2291712753279154904,8200,290816
1,inlined,whitefoot,rehash,4096,3,4,4,51833,1827965534208,13715796755296672336,8200,475136
1,inlined,interleaved,rehash,4096,3,4,4,36625,1827965534208,13715796755296672336,8200,376832
1,inlined,split,rehash,4096,3,4,4,27999,1827965534208,13715796755296672336,8200,290816
1,inlined,whitefoot,rehash,4096,4,4,4,51584,1827965534208,11472147109226316488,8200,475136
1,inlined,interleaved,rehash,4096,4,4,4,38416,1827965534208,11472147109226316488,8200,376832
1,inlined,split,rehash,4096,4,4,4,28083,1827965534208,11472147109226316488,8200,290816
1,inlined,whitefoot,rehash,4096,5,4,4,51833,1827965534208,17478255965976599768,8200,475136
1,inlined,interleaved,rehash,4096,5,4,4,36293,1827965534208,17478255965976599768,8200,376832
1,inlined,split,rehash,4096,5,4,4,27999,1827965534208,17478255965976599768,8200,290816
1,inlined,whitefoot,rehash,4096,6,4,4,51916,1827965534208,9565289437605259256,8200,475136
1,inlined,interleaved,rehash,4096,6,4,4,36166,1827965534208,9565289437605259256,8200,376832
1,inlined,split,rehash,4096,6,4,4,28000,1827965534208,9565289437605259256,8200,290816
1,inlined,whitefoot,rehash,4096,7,4,4,52291,1827965534208,5938984280190480528,8200,475136
1,inlined,interleaved,rehash,4096,7,4,4,36334,1827965534208,5938984280190480528,8200,376832
1,inlined,split,rehash,4096,7,4,4,28000,1827965534208,5938984280190480528,8200,290816
1,inlined,whitefoot,rehash,4096,8,4,4,52085,1827965534208,7753566762732457912,8200,475136
1,inlined,interleaved,rehash,4096,8,4,4,36250,1827965534208,7753566762732457912,8200,376832
1,inlined,split,rehash,4096,8,4,4,28208,1827965534208,7753566762732457912,8200,290816
1,inlined,whitefoot,rehash,4096,9,4,4,52001,1827965534208,13780301973079490048,8200,475136
1,inlined,interleaved,rehash,4096,9,4,4,36750,1827965534208,13780301973079490048,8200,376832
1,inlined,split,rehash,4096,9,4,4,27917,1827965534208,13780301973079490048,8200,290816
1,inlined,whitefoot,rehash,4096,10,4,4,52125,1827965534208,15143009266973162248,8200,475136
1,inlined,interleaved,rehash,4096,10,4,4,36333,1827965534208,15143009266973162248,8200,376832
1,inlined,split,rehash,4096,10,4,4,27917,1827965534208,15143009266973162248,8200,290816
1,inlined,whitefoot,rehash,4096,11,4,4,51958,1827965534208,16669691421769542776,8200,475136
1,inlined,interleaved,rehash,4096,11,4,4,36457,1827965534208,16669691421769542776,8200,376832
1,inlined,split,rehash,4096,11,4,4,27917,1827965534208,16669691421769542776,8200,290816
1,inlined,whitefoot,rehash,4096,12,4,4,52001,1827965534208,12295864366953237120,8200,475136
1,inlined,interleaved,rehash,4096,12,4,4,36376,1827965534208,12295864366953237120,8200,376832
1,inlined,split,rehash,4096,12,4,4,27916,1827965534208,12295864366953237120,8200,290816
1,inlined,whitefoot,rehash,4096,13,4,4,53958,1827965534208,9430538475723708128,8200,475136
1,inlined,interleaved,rehash,4096,13,4,4,36376,1827965534208,9430538475723708128,8200,376832
1,inlined,split,rehash,4096,13,4,4,28084,1827965534208,9430538475723708128,8200,290816
1,inlined,whitefoot,lookup,16384,0,4,1048576,2805792,159344702076223488,10909911768892883176,32772,851968
1,inlined,interleaved,lookup,16384,0,4,1048576,2364875,159344702076223488,10909911768892883176,32772,720896
1,inlined,split,lookup,16384,0,4,1048576,2589334,159344702076223488,10909911768892883176,32772,606208
1,inlined,whitefoot,lookup,16384,1,4,1048576,2802292,159344702076223488,13502755409350941448,32772,851968
1,inlined,interleaved,lookup,16384,1,4,1048576,2367958,159344702076223488,13502755409350941448,32772,720896
1,inlined,split,lookup,16384,1,4,1048576,2594042,159344702076223488,13502755409350941448,32772,606208
1,inlined,whitefoot,lookup,16384,2,4,1048576,2804709,159344702076223488,14940797459546303912,32772,851968
1,inlined,interleaved,lookup,16384,2,4,1048576,2372584,159344702076223488,14940797459546303912,32772,720896
1,inlined,split,lookup,16384,2,4,1048576,2588084,159344702076223488,14940797459546303912,32772,606208
1,inlined,whitefoot,lookup,16384,3,4,1048576,2801043,159344702076223488,7567640889831038072,32772,851968
1,inlined,interleaved,lookup,16384,3,4,1048576,2369959,159344702076223488,7567640889831038072,32772,720896
1,inlined,split,lookup,16384,3,4,1048576,2596084,159344702076223488,7567640889831038072,32772,606208
1,inlined,whitefoot,lookup,16384,4,4,1048576,2800666,159344702076223488,11576670716104284088,32772,851968
1,inlined,interleaved,lookup,16384,4,4,1048576,2376041,159344702076223488,11576670716104284088,32772,720896
1,inlined,split,lookup,16384,4,4,1048576,2583416,159344702076223488,11576670716104284088,32772,606208
1,inlined,whitefoot,lookup,16384,5,4,1048576,2803376,159344702076223488,18226598782554959048,32772,851968
1,inlined,interleaved,lookup,16384,5,4,1048576,2371958,159344702076223488,18226598782554959048,32772,720896
1,inlined,split,lookup,16384,5,4,1048576,2579875,159344702076223488,18226598782554959048,32772,606208
1,inlined,whitefoot,lookup,16384,6,4,1048576,2804957,159344702076223488,8952695809931110936,32772,851968
1,inlined,interleaved,lookup,16384,6,4,1048576,2365375,159344702076223488,8952695809931110936,32772,720896
1,inlined,split,lookup,16384,6,4,1048576,2581833,159344702076223488,8952695809931110936,32772,606208
1,inlined,whitefoot,lookup,16384,7,4,1048576,2812042,159344702076223488,7818766382147352904,32772,851968
1,inlined,interleaved,lookup,16384,7,4,1048576,2410418,159344702076223488,7818766382147352904,32772,720896
1,inlined,split,lookup,16384,7,4,1048576,2579917,159344702076223488,7818766382147352904,32772,606208
1,inlined,whitefoot,lookup,16384,8,4,1048576,2866748,159344702076223488,16149779501894872504,32772,851968
1,inlined,interleaved,lookup,16384,8,4,1048576,2444709,159344702076223488,16149779501894872504,32772,720896
1,inlined,split,lookup,16384,8,4,1048576,2659708,159344702076223488,16149779501894872504,32772,606208
1,inlined,whitefoot,lookup,16384,9,4,1048576,2947418,159344702076223488,2356081379217275400,32772,851968
1,inlined,interleaved,lookup,16384,9,4,1048576,2438207,159344702076223488,2356081379217275400,32772,720896
1,inlined,split,lookup,16384,9,4,1048576,2659082,159344702076223488,2356081379217275400,32772,606208
1,inlined,whitefoot,lookup,16384,10,4,1048576,2816958,159344702076223488,15550830537941824056,32772,851968
1,inlined,interleaved,lookup,16384,10,4,1048576,2367500,159344702076223488,15550830537941824056,32772,720896
1,inlined,split,lookup,16384,10,4,1048576,2584459,159344702076223488,15550830537941824056,32772,606208
1,inlined,whitefoot,lookup,16384,11,4,1048576,2803750,159344702076223488,10293427524117068264,32772,851968
1,inlined,interleaved,lookup,16384,11,4,1048576,2365333,159344702076223488,10293427524117068264,32772,720896
1,inlined,split,lookup,16384,11,4,1048576,2579875,159344702076223488,10293427524117068264,32772,606208
1,inlined,whitefoot,lookup,16384,12,4,1048576,2833667,159344702076223488,5521175825229903656,32772,851968
1,inlined,interleaved,lookup,16384,12,4,1048576,2365375,159344702076223488,5521175825229903656,32772,720896
1,inlined,split,lookup,16384,12,4,1048576,2579750,159344702076223488,5521175825229903656,32772,606208
1,inlined,whitefoot,lookup,16384,13,4,1048576,2806084,159344702076223488,5725350131714615384,32772,851968
1,inlined,interleaved,lookup,16384,13,4,1048576,2362125,159344702076223488,5725350131714615384,32772,720896
1,inlined,split,lookup,16384,13,4,1048576,2588083,159344702076223488,5725350131714615384,32772,606208
1,inlined,whitefoot,insert,16384,0,4,32768,128750,0,10909911768892883176,32772,851968
1,inlined,interleaved,insert,16384,0,4,32768,72583,0,10909911768892883176,32772,720896
1,inlined,split,insert,16384,0,4,32768,79041,0,10909911768892883176,32772,606208
1,inlined,whitefoot,insert,16384,1,4,32768,128667,0,13502755409350941448,32772,851968
1,inlined,interleaved,insert,16384,1,4,32768,72208,0,13502755409350941448,32772,720896
1,inlined,split,insert,16384,1,4,32768,78791,0,13502755409350941448,32772,606208
1,inlined,whitefoot,insert,16384,2,4,32768,128623,0,14940797459546303912,32772,851968
1,inlined,interleaved,insert,16384,2,4,32768,72291,0,14940797459546303912,32772,720896
1,inlined,split,insert,16384,2,4,32768,79500,0,14940797459546303912,32772,606208
1,inlined,whitefoot,insert,16384,3,4,32768,128333,0,7567640889831038072,32772,851968
1,inlined,interleaved,insert,16384,3,4,32768,72249,0,7567640889831038072,32772,720896
1,inlined,split,insert,16384,3,4,32768,78917,0,7567640889831038072,32772,606208
1,inlined,whitefoot,insert,16384,4,4,32768,128749,0,11576670716104284088,32772,851968
1,inlined,interleaved,insert,16384,4,4,32768,72458,0,11576670716104284088,32772,720896
1,inlined,split,insert,16384,4,4,32768,78958,0,11576670716104284088,32772,606208
1,inlined,whitefoot,insert,16384,5,4,32768,128666,0,18226598782554959048,32772,851968
1,inlined,interleaved,insert,16384,5,4,32768,72334,0,18226598782554959048,32772,720896
1,inlined,split,insert,16384,5,4,32768,79292,0,18226598782554959048,32772,606208
1,inlined,whitefoot,insert,16384,6,4,32768,128583,0,8952695809931110936,32772,851968
1,inlined,interleaved,insert,16384,6,4,32768,72084,0,8952695809931110936,32772,720896
1,inlined,split,insert,16384,6,4,32768,79751,0,8952695809931110936,32772,606208
1,inlined,whitefoot,insert,16384,7,4,32768,128625,0,7818766382147352904,32772,851968
1,inlined,interleaved,insert,16384,7,4,32768,72875,0,7818766382147352904,32772,720896
1,inlined,split,insert,16384,7,4,32768,78752,0,7818766382147352904,32772,606208
1,inlined,whitefoot,insert,16384,8,4,32768,128583,0,16149779501894872504,32772,851968
1,inlined,interleaved,insert,16384,8,4,32768,72332,0,16149779501894872504,32772,720896
1,inlined,split,insert,16384,8,4,32768,79499,0,16149779501894872504,32772,606208
1,inlined,whitefoot,insert,16384,9,4,32768,128624,0,2356081379217275400,32772,851968
1,inlined,interleaved,insert,16384,9,4,32768,72541,0,2356081379217275400,32772,720896
1,inlined,split,insert,16384,9,4,32768,83584,0,2356081379217275400,32772,606208
1,inlined,whitefoot,insert,16384,10,4,32768,128543,0,15550830537941824056,32772,851968
1,inlined,interleaved,insert,16384,10,4,32768,72917,0,15550830537941824056,32772,720896
1,inlined,split,insert,16384,10,4,32768,85250,0,15550830537941824056,32772,606208
1,inlined,whitefoot,insert,16384,11,4,32768,128542,0,10293427524117068264,32772,851968
1,inlined,interleaved,insert,16384,11,4,32768,72417,0,10293427524117068264,32772,720896
1,inlined,split,insert,16384,11,4,32768,79083,0,10293427524117068264,32772,606208
1,inlined,whitefoot,insert,16384,12,4,32768,128875,0,5521175825229903656,32772,851968
1,inlined,interleaved,insert,16384,12,4,32768,72209,0,5521175825229903656,32772,720896
1,inlined,split,insert,16384,12,4,32768,79084,0,5521175825229903656,32772,606208
1,inlined,whitefoot,insert,16384,13,4,32768,128502,0,5725350131714615384,32772,851968
1,inlined,interleaved,insert,16384,13,4,32768,72376,0,5725350131714615384,32772,720896
1,inlined,split,insert,16384,13,4,32768,78874,0,5725350131714615384,32772,606208
1,inlined,whitefoot,rehash,16384,0,4,4,217626,7311862136832,11734543581844066032,32776,1900544
1,inlined,interleaved,rehash,16384,0,4,4,148124,7311862136832,11734543581844066032,32776,1507328
1,inlined,split,rehash,16384,0,4,4,111042,7311862136832,11734543581844066032,32776,1163264
1,inlined,whitefoot,rehash,16384,1,4,4,218791,7311862136832,9106608044878866272,32776,1900544
1,inlined,interleaved,rehash,16384,1,4,4,148084,7311862136832,9106608044878866272,32776,1507328
1,inlined,split,rehash,16384,1,4,4,111250,7311862136832,9106608044878866272,32776,1163264
1,inlined,whitefoot,rehash,16384,2,4,4,215875,7311862136832,7309884484771575248,32776,1900544
1,inlined,interleaved,rehash,16384,2,4,4,147916,7311862136832,7309884484771575248,32776,1507328
1,inlined,split,rehash,16384,2,4,4,111125,7311862136832,7309884484771575248,32776,1163264
1,inlined,whitefoot,rehash,16384,3,4,4,218417,7311862136832,9388458061057511456,32776,1900544
1,inlined,interleaved,rehash,16384,3,4,4,148125,7311862136832,9388458061057511456,32776,1507328
1,inlined,split,rehash,16384,3,4,4,111125,7311862136832,9388458061057511456,32776,1163264
1,inlined,whitefoot,rehash,16384,4,4,4,216959,7311862136832,11073332935378422512,32776,1900544
1,inlined,interleaved,rehash,16384,4,4,4,147667,7311862136832,11073332935378422512,32776,1507328
1,inlined,split,rehash,16384,4,4,4,111082,7311862136832,11073332935378422512,32776,1163264
1,inlined,whitefoot,rehash,16384,5,4,4,219916,7311862136832,12626423576593689920,32776,1900544
1,inlined,interleaved,rehash,16384,5,4,4,147460,7311862136832,12626423576593689920,32776,1507328
1,inlined,split,rehash,16384,5,4,4,111084,7311862136832,12626423576593689920,32776,1163264
1,inlined,whitefoot,rehash,16384,6,4,4,221708,7311862136832,5875688640427425904,32776,1900544
1,inlined,interleaved,rehash,16384,6,4,4,148001,7311862136832,5875688640427425904,32776,1507328
1,inlined,split,rehash,16384,6,4,4,111124,7311862136832,5875688640427425904,32776,1163264
1,inlined,whitefoot,rehash,16384,7,4,4,220334,7311862136832,995894157135461184,32776,1900544
1,inlined,interleaved,rehash,16384,7,4,4,147750,7311862136832,995894157135461184,32776,1507328
1,inlined,split,rehash,16384,7,4,4,111041,7311862136832,995894157135461184,32776,1163264
1,inlined,whitefoot,rehash,16384,8,4,4,218585,7311862136832,9620557774374313120,32776,1900544
1,inlined,interleaved,rehash,16384,8,4,4,147583,7311862136832,9620557774374313120,32776,1507328
1,inlined,split,rehash,16384,8,4,4,111334,7311862136832,9620557774374313120,32776,1163264
1,inlined,whitefoot,rehash,16384,9,4,4,219374,7311862136832,10225861738127010000,32776,1900544
1,inlined,interleaved,rehash,16384,9,4,4,147584,7311862136832,10225861738127010000,32776,1507328
1,inlined,split,rehash,16384,9,4,4,111124,7311862136832,10225861738127010000,32776,1163264
1,inlined,whitefoot,rehash,16384,10,4,4,218542,7311862136832,15873380271962991376,32776,1900544
1,inlined,interleaved,rehash,16384,10,4,4,147916,7311862136832,15873380271962991376,32776,1507328
1,inlined,split,rehash,16384,10,4,4,110876,7311862136832,15873380271962991376,32776,1163264
1,inlined,whitefoot,rehash,16384,11,4,4,217126,7311862136832,785342622397670336,32776,1900544
1,inlined,interleaved,rehash,16384,11,4,4,147958,7311862136832,785342622397670336,32776,1507328
1,inlined,split,rehash,16384,11,4,4,111085,7311862136832,785342622397670336,32776,1163264
1,inlined,whitefoot,rehash,16384,12,4,4,219582,7311862136832,1847626916838410768,32776,1900544
1,inlined,interleaved,rehash,16384,12,4,4,147750,7311862136832,1847626916838410768,32776,1507328
1,inlined,split,rehash,16384,12,4,4,111125,7311862136832,1847626916838410768,32776,1163264
1,inlined,whitefoot,rehash,16384,13,4,4,219041,7311862136832,7996111961345360336,32776,1900544
1,inlined,interleaved,rehash,16384,13,4,4,148166,7311862136832,7996111961345360336,32776,1507328
1,inlined,split,rehash,16384,13,4,4,110792,7311862136832,7996111961345360336,32776,1163264
1,retained,whitefoot,lookup,256,0,64,262144,772663,15406439159171514368,7835046105847459488,8256,13312
1,retained,interleaved,lookup,256,0,64,262144,733250,15406439159171514368,7835046105847459488,8256,11264
1,retained,split,lookup,256,0,64,262144,736080,15406439159171514368,7835046105847459488,8256,9472
1,retained,whitefoot,lookup,256,1,64,262144,772294,15406439159171514368,12636395056238259104,8256,13312
1,retained,interleaved,lookup,256,1,64,262144,730042,15406439159171514368,12636395056238259104,8256,11264
1,retained,split,lookup,256,1,64,262144,732334,15406439159171514368,12636395056238259104,8256,9472
1,retained,whitefoot,lookup,256,2,64,262144,773587,15406439159171514368,5108038417128779696,8256,13312
1,retained,interleaved,lookup,256,2,64,262144,729294,15406439159171514368,5108038417128779696,8256,11264
1,retained,split,lookup,256,2,64,262144,732085,15406439159171514368,5108038417128779696,8256,9472
1,retained,whitefoot,lookup,256,3,64,262144,772703,15406439159171514368,16848939090334181552,8256,13312
1,retained,interleaved,lookup,256,3,64,262144,728874,15406439159171514368,16848939090334181552,8256,11264
1,retained,split,lookup,256,3,64,262144,730164,15406439159171514368,16848939090334181552,8256,9472
1,retained,whitefoot,lookup,256,4,64,262144,779544,15406439159171514368,16286268131356312368,8256,13312
1,retained,interleaved,lookup,256,4,64,262144,731251,15406439159171514368,16286268131356312368,8256,11264
1,retained,split,lookup,256,4,64,262144,731669,15406439159171514368,16286268131356312368,8256,9472
1,retained,whitefoot,lookup,256,5,64,262144,775917,15406439159171514368,9120727054633088000,8256,13312
1,retained,interleaved,lookup,256,5,64,262144,733917,15406439159171514368,9120727054633088000,8256,11264
1,retained,split,lookup,256,5,64,262144,733541,15406439159171514368,9120727054633088000,8256,9472
1,retained,whitefoot,lookup,256,6,64,262144,777002,15406439159171514368,5762771361541884512,8256,13312
1,retained,interleaved,lookup,256,6,64,262144,732754,15406439159171514368,5762771361541884512,8256,11264
1,retained,split,lookup,256,6,64,262144,730585,15406439159171514368,5762771361541884512,8256,9472
1,retained,whitefoot,lookup,256,7,64,262144,772373,15406439159171514368,1624341757828425648,8256,13312
1,retained,interleaved,lookup,256,7,64,262144,728623,15406439159171514368,1624341757828425648,8256,11264
1,retained,split,lookup,256,7,64,262144,739871,15406439159171514368,1624341757828425648,8256,9472
1,retained,whitefoot,lookup,256,8,64,262144,773422,15406439159171514368,12269272641764206400,8256,13312
1,retained,interleaved,lookup,256,8,64,262144,728834,15406439159171514368,12269272641764206400,8256,11264
1,retained,split,lookup,256,8,64,262144,729705,15406439159171514368,12269272641764206400,8256,9472
1,retained,whitefoot,lookup,256,9,64,262144,776837,15406439159171514368,5992509345126799584,8256,13312
1,retained,interleaved,lookup,256,9,64,262144,732296,15406439159171514368,5992509345126799584,8256,11264
1,retained,split,lookup,256,9,64,262144,736789,15406439159171514368,5992509345126799584,8256,9472
1,retained,whitefoot,lookup,256,10,64,262144,779129,15406439159171514368,18073023074693822304,8256,13312
1,retained,interleaved,lookup,256,10,64,262144,736123,15406439159171514368,18073023074693822304,8256,11264
1,retained,split,lookup,256,10,64,262144,729920,15406439159171514368,18073023074693822304,8256,9472
1,retained,whitefoot,lookup,256,11,64,262144,778123,15406439159171514368,4901604239908314144,8256,13312
1,retained,interleaved,lookup,256,11,64,262144,729592,15406439159171514368,4901604239908314144,8256,11264
1,retained,split,lookup,256,11,64,262144,736629,15406439159171514368,4901604239908314144,8256,9472
1,retained,whitefoot,lookup,256,12,64,262144,774584,15406439159171514368,4218347057476397696,8256,13312
1,retained,interleaved,lookup,256,12,64,262144,732040,15406439159171514368,4218347057476397696,8256,11264
1,retained,split,lookup,256,12,64,262144,730207,15406439159171514368,4218347057476397696,8256,9472
1,retained,whitefoot,lookup,256,13,64,262144,780293,15406439159171514368,5237384556868179408,8256,13312
1,retained,interleaved,lookup,256,13,64,262144,731878,15406439159171514368,5237384556868179408,8256,11264
1,retained,split,lookup,256,13,64,262144,730373,15406439159171514368,5237384556868179408,8256,9472
1,retained,whitefoot,insert,256,0,64,8192,27082,0,7835046105847459488,8256,13312
1,retained,interleaved,insert,256,0,64,8192,23289,0,7835046105847459488,8256,11264
1,retained,split,insert,256,0,64,8192,23332,0,7835046105847459488,8256,9472
1,retained,whitefoot,insert,256,1,64,8192,26917,0,12636395056238259104,8256,13312
1,retained,interleaved,insert,256,1,64,8192,23044,0,12636395056238259104,8256,11264
1,retained,split,insert,256,1,64,8192,23204,0,12636395056238259104,8256,9472
1,retained,whitefoot,insert,256,2,64,8192,27038,0,5108038417128779696,8256,13312
1,retained,interleaved,insert,256,2,64,8192,23622,0,5108038417128779696,8256,11264
1,retained,split,insert,256,2,64,8192,23502,0,5108038417128779696,8256,9472
1,retained,whitefoot,insert,256,3,64,8192,27295,0,16848939090334181552,8256,13312
1,retained,interleaved,insert,256,3,64,8192,23416,0,16848939090334181552,8256,11264
1,retained,split,insert,256,3,64,8192,23920,0,16848939090334181552,8256,9472
1,retained,whitefoot,insert,256,4,64,8192,27289,0,16286268131356312368,8256,13312
1,retained,interleaved,insert,256,4,64,8192,24121,0,16286268131356312368,8256,11264
1,retained,split,insert,256,4,64,8192,23623,0,16286268131356312368,8256,9472
1,retained,whitefoot,insert,256,5,64,8192,27040,0,9120727054633088000,8256,13312
1,retained,interleaved,insert,256,5,64,8192,23414,0,9120727054633088000,8256,11264
1,retained,split,insert,256,5,64,8192,23333,0,9120727054633088000,8256,9472
1,retained,whitefoot,insert,256,6,64,8192,27041,0,5762771361541884512,8256,13312
1,retained,interleaved,insert,256,6,64,8192,23291,0,5762771361541884512,8256,11264
1,retained,split,insert,256,6,64,8192,23331,0,5762771361541884512,8256,9472
1,retained,whitefoot,insert,256,7,64,8192,26879,0,1624341757828425648,8256,13312
1,retained,interleaved,insert,256,7,64,8192,23417,0,1624341757828425648,8256,11264
1,retained,split,insert,256,7,64,8192,23292,0,1624341757828425648,8256,9472
1,retained,whitefoot,insert,256,8,64,8192,26969,0,12269272641764206400,8256,13312
1,retained,interleaved,insert,256,8,64,8192,23167,0,12269272641764206400,8256,11264
1,retained,split,insert,256,8,64,8192,23081,0,12269272641764206400,8256,9472
1,retained,whitefoot,insert,256,9,64,8192,26750,0,5992509345126799584,8256,13312
1,retained,interleaved,insert,256,9,64,8192,23291,0,5992509345126799584,8256,11264
1,retained,split,insert,256,9,64,8192,23206,0,5992509345126799584,8256,9472
1,retained,whitefoot,insert,256,10,64,8192,27124,0,18073023074693822304,8256,13312
1,retained,interleaved,insert,256,10,64,8192,23498,0,18073023074693822304,8256,11264
1,retained,split,insert,256,10,64,8192,23416,0,18073023074693822304,8256,9472
1,retained,whitefoot,insert,256,11,64,8192,27084,0,4901604239908314144,8256,13312
1,retained,interleaved,insert,256,11,64,8192,23665,0,4901604239908314144,8256,11264
1,retained,split,insert,256,11,64,8192,23289,0,4901604239908314144,8256,9472
1,retained,whitefoot,insert,256,12,64,8192,27043,0,4218347057476397696,8256,13312
1,retained,interleaved,insert,256,12,64,8192,23541,0,4218347057476397696,8256,11264
1,retained,split,insert,256,12,64,8192,23375,0,4218347057476397696,8256,9472
1,retained,whitefoot,insert,256,13,64,8192,27202,0,5237384556868179408,8256,13312
1,retained,interleaved,insert,256,13,64,8192,23168,0,5237384556868179408,8256,11264
1,retained,split,insert,256,13,64,8192,23337,0,5237384556868179408,8256,9472
1,retained,whitefoot,rehash,256,0,64,64,66293,1849948637904797696,5116650466399058720,8320,29696
1,retained,interleaved,rehash,256,0,64,64,49124,1849948637904797696,5116650466399058720,8320,23552
1,retained,split,rehash,256,0,64,64,42622,1849948637904797696,5116650466399058720,8320,18176
1,retained,whitefoot,rehash,256,1,64,64,65665,1849948637904797696,2345175331444990928,8320,29696
1,retained,interleaved,rehash,256,1,64,64,48706,1849948637904797696,2345175331444990928,8320,23552
1,retained,split,rehash,256,1,64,64,43534,1849948637904797696,2345175331444990928,8320,18176
1,retained,whitefoot,rehash,256,2,64,64,65581,1849948637904797696,9167743694309703168,8320,29696
1,retained,interleaved,rehash,256,2,64,64,48793,1849948637904797696,9167743694309703168,8320,23552
1,retained,split,rehash,256,2,64,64,42409,1849948637904797696,9167743694309703168,8320,18176
1,retained,whitefoot,rehash,256,3,64,64,65623,1849948637904797696,2261161121994670040,8320,29696
1,retained,interleaved,rehash,256,3,64,64,50209,1849948637904797696,2261161121994670040,8320,23552
1,retained,split,rehash,256,3,64,64,43496,1849948637904797696,2261161121994670040,8320,18176
1,retained,whitefoot,rehash,256,4,64,64,65748,1849948637904797696,5701732356075431008,8320,29696
1,retained,interleaved,rehash,256,4,64,64,48624,1849948637904797696,5701732356075431008,8320,23552
1,retained,split,rehash,256,4,64,64,42576,1849948637904797696,5701732356075431008,8320,18176
1,retained,whitefoot,rehash,256,5,64,64,65164,1849948637904797696,6599659187284699208,8320,29696
1,retained,interleaved,rehash,256,5,64,64,48542,1849948637904797696,6599659187284699208,8320,23552
1,retained,split,rehash,256,5,64,64,42634,1849948637904797696,6599659187284699208,8320,18176
1,retained,whitefoot,rehash,256,6,64,64,66629,1849948637904797696,7026256584100517184,8320,29696
1,retained,interleaved,rehash,256,6,64,64,48830,1849948637904797696,7026256584100517184,8320,23552
1,retained,split,rehash,256,6,64,64,42788,1849948637904797696,7026256584100517184,8320,18176
1,retained,whitefoot,rehash,256,7,64,64,65625,1849948637904797696,2398031619502997424,8320,29696
1,retained,interleaved,rehash,256,7,64,64,49086,1849948637904797696,2398031619502997424,8320,23552
1,retained,split,rehash,256,7,64,64,42624,1849948637904797696,2398031619502997424,8320,18176
1,retained,whitefoot,rehash,256,8,64,64,65501,1849948637904797696,2136864517181178400,8320,29696
1,retained,interleaved,rehash,256,8,64,64,48583,1849948637904797696,2136864517181178400,8320,23552
1,retained,split,rehash,256,8,64,64,42378,1849948637904797696,2136864517181178400,8320,18176
1,retained,whitefoot,rehash,256,9,64,64,65585,1849948637904797696,1818022764526631496,8320,29696
1,retained,interleaved,rehash,256,9,64,64,48832,1849948637904797696,1818022764526631496,8320,23552
1,retained,split,rehash,256,9,64,64,42375,1849948637904797696,1818022764526631496,8320,18176
1,retained,whitefoot,rehash,256,10,64,64,66124,1849948637904797696,14795153613927278256,8320,29696
1,retained,interleaved,rehash,256,10,64,64,49915,1849948637904797696,14795153613927278256,8320,23552
1,retained,split,rehash,256,10,64,64,42415,1849948637904797696,14795153613927278256,8320,18176
1,retained,whitefoot,rehash,256,11,64,64,65413,1849948637904797696,1188486088324579704,8320,29696
1,retained,interleaved,rehash,256,11,64,64,48832,1849948637904797696,1188486088324579704,8320,23552
1,retained,split,rehash,256,11,64,64,42290,1849948637904797696,1188486088324579704,8320,18176
1,retained,whitefoot,rehash,256,12,64,64,65372,1849948637904797696,11172147813737468064,8320,29696
1,retained,interleaved,rehash,256,12,64,64,48502,1849948637904797696,11172147813737468064,8320,23552
1,retained,split,rehash,256,12,64,64,44210,1849948637904797696,11172147813737468064,8320,18176
1,retained,whitefoot,rehash,256,13,64,64,65583,1849948637904797696,15843050885541994000,8320,29696
1,retained,interleaved,rehash,256,13,64,64,49037,1849948637904797696,15843050885541994000,8320,23552
1,retained,split,rehash,256,13,64,64,43202,1849948637904797696,15843050885541994000,8320,18176
1,retained,whitefoot,lookup,4096,0,4,262144,750417,9962801879973888,1837996882287840280,8196,212992
1,retained,interleaved,lookup,4096,0,4,262144,703167,9962801879973888,1837996882287840280,8196,180224
1,retained,split,lookup,4096,0,4,262144,712125,9962801879973888,1837996882287840280,8196,151552
1,retained,whitefoot,lookup,4096,1,4,262144,750668,9962801879973888,17130842932224972264,8196,212992
1,retained,interleaved,lookup,4096,1,4,262144,704750,9962801879973888,17130842932224972264,8196,180224
1,retained,split,lookup,4096,1,4,262144,714333,9962801879973888,17130842932224972264,8196,151552
1,retained,whitefoot,lookup,4096,2,4,262144,748750,9962801879973888,7748136960903208664,8196,212992
1,retained,interleaved,lookup,4096,2,4,262144,703625,9962801879973888,7748136960903208664,8196,180224
1,retained,split,lookup,4096,2,4,262144,712668,9962801879973888,7748136960903208664,8196,151552
1,retained,whitefoot,lookup,4096,3,4,262144,747208,9962801879973888,9072104606401219352,8196,212992
1,retained,interleaved,lookup,4096,3,4,262144,703542,9962801879973888,9072104606401219352,8196,180224
1,retained,split,lookup,4096,3,4,262144,713833,9962801879973888,9072104606401219352,8196,151552
1,retained,whitefoot,lookup,4096,4,4,262144,747541,9962801879973888,13239724372104250040,8196,212992
1,retained,interleaved,lookup,4096,4,4,262144,704710,9962801879973888,13239724372104250040,8196,180224
1,retained,split,lookup,4096,4,4,262144,711418,9962801879973888,13239724372104250040,8196,151552
1,retained,whitefoot,lookup,4096,5,4,262144,749792,9962801879973888,3801496594800721496,8196,212992
1,retained,interleaved,lookup,4096,5,4,262144,706500,9962801879973888,3801496594800721496,8196,180224
1,retained,split,lookup,4096,5,4,262144,714250,9962801879973888,3801496594800721496,8196,151552
1,retained,whitefoot,lookup,4096,6,4,262144,751125,9962801879973888,7352625120983369704,8196,212992
1,retained,interleaved,lookup,4096,6,4,262144,706710,9962801879973888,7352625120983369704,8196,180224
1,retained,split,lookup,4096,6,4,262144,711000,9962801879973888,7352625120983369704,8196,151552
1,retained,whitefoot,lookup,4096,7,4,262144,754124,9962801879973888,17960812127515588248,8196,212992
1,retained,interleaved,lookup,4096,7,4,262144,703500,9962801879973888,17960812127515588248,8196,180224
1,retained,split,lookup,4096,7,4,262144,710875,9962801879973888,17960812127515588248,8196,151552
1,retained,whitefoot,lookup,4096,8,4,262144,752749,9962801879973888,2615156060198523864,8196,212992
1,retained,interleaved,lookup,4096,8,4,262144,705790,9962801879973888,2615156060198523864,8196,180224
1,retained,split,lookup,4096,8,4,262144,712208,9962801879973888,2615156060198523864,8196,151552
1,retained,whitefoot,lookup,4096,9,4,262144,754417,9962801879973888,1726498032405399000,8196,212992
1,retained,interleaved,lookup,4096,9,4,262144,702209,9962801879973888,1726498032405399000,8196,180224
1,retained,split,lookup,4096,9,4,262144,712125,9962801879973888,1726498032405399000,8196,151552
1,retained,whitefoot,lookup,4096,10,4,262144,748166,9962801879973888,4534567279263349320,8196,212992
1,retained,interleaved,lookup,4096,10,4,262144,705917,9962801879973888,4534567279263349320,8196,180224
1,retained,split,lookup,4096,10,4,262144,712002,9962801879973888,4534567279263349320,8196,151552
1,retained,whitefoot,lookup,4096,11,4,262144,750876,9962801879973888,6412549644183669048,8196,212992
1,retained,interleaved,lookup,4096,11,4,262144,703875,9962801879973888,6412549644183669048,8196,180224
1,retained,split,lookup,4096,11,4,262144,712333,9962801879973888,6412549644183669048,8196,151552
1,retained,whitefoot,lookup,4096,12,4,262144,750125,9962801879973888,8054235486273026056,8196,212992
1,retained,interleaved,lookup,4096,12,4,262144,704000,9962801879973888,8054235486273026056,8196,180224
1,retained,split,lookup,4096,12,4,262144,713085,9962801879973888,8054235486273026056,8196,151552
1,retained,whitefoot,lookup,4096,13,4,262144,749459,9962801879973888,12270942348091423640,8196,212992
1,retained,interleaved,lookup,4096,13,4,262144,703292,9962801879973888,12270942348091423640,8196,180224
1,retained,split,lookup,4096,13,4,262144,712833,9962801879973888,12270942348091423640,8196,151552
1,retained,whitefoot,insert,4096,0,4,8192,26832,0,1837996882287840280,8196,212992
1,retained,interleaved,insert,4096,0,4,8192,23375,0,1837996882287840280,8196,180224
1,retained,split,insert,4096,0,4,8192,25165,0,1837996882287840280,8196,151552
1,retained,whitefoot,insert,4096,1,4,8192,26876,0,17130842932224972264,8196,212992
1,retained,interleaved,insert,4096,1,4,8192,23335,0,17130842932224972264,8196,180224
1,retained,split,insert,4096,1,4,8192,24833,0,17130842932224972264,8196,151552
1,retained,whitefoot,insert,4096,2,4,8192,26792,0,7748136960903208664,8196,212992
1,retained,interleaved,insert,4096,2,4,8192,23415,0,7748136960903208664,8196,180224
1,retained,split,insert,4096,2,4,8192,24874,0,7748136960903208664,8196,151552
1,retained,whitefoot,insert,4096,3,4,8192,26876,0,9072104606401219352,8196,212992
1,retained,interleaved,insert,4096,3,4,8192,23249,0,9072104606401219352,8196,180224
1,retained,split,insert,4096,3,4,8192,24958,0,9072104606401219352,8196,151552
1,retained,whitefoot,insert,4096,4,4,8192,26875,0,13239724372104250040,8196,212992
1,retained,interleaved,insert,4096,4,4,8192,23209,0,13239724372104250040,8196,180224
1,retained,split,insert,4096,4,4,8192,24708,0,13239724372104250040,8196,151552
1,retained,whitefoot,insert,4096,5,4,8192,27124,0,3801496594800721496,8196,212992
1,retained,interleaved,insert,4096,5,4,8192,23334,0,3801496594800721496,8196,180224
1,retained,split,insert,4096,5,4,8192,24833,0,3801496594800721496,8196,151552
1,retained,whitefoot,insert,4096,6,4,8192,26749,0,7352625120983369704,8196,212992
1,retained,interleaved,insert,4096,6,4,8192,23250,0,7352625120983369704,8196,180224
1,retained,split,insert,4096,6,4,8192,24834,0,7352625120983369704,8196,151552
1,retained,whitefoot,insert,4096,7,4,8192,26793,0,17960812127515588248,8196,212992
1,retained,interleaved,insert,4096,7,4,8192,23250,0,17960812127515588248,8196,180224
1,retained,split,insert,4096,7,4,8192,24958,0,17960812127515588248,8196,151552
1,retained,whitefoot,insert,4096,8,4,8192,26750,0,2615156060198523864,8196,212992
1,retained,interleaved,insert,4096,8,4,8192,23375,0,2615156060198523864,8196,180224
1,retained,split,insert,4096,8,4,8192,24832,0,2615156060198523864,8196,151552
1,retained,whitefoot,insert,4096,9,4,8192,26751,0,1726498032405399000,8196,212992
1,retained,interleaved,insert,4096,9,4,8192,23624,0,1726498032405399000,8196,180224
1,retained,split,insert,4096,9,4,8192,24791,0,1726498032405399000,8196,151552
1,retained,whitefoot,insert,4096,10,4,8192,26709,0,4534567279263349320,8196,212992
1,retained,interleaved,insert,4096,10,4,8192,23208,0,4534567279263349320,8196,180224
1,retained,split,insert,4096,10,4,8192,25041,0,4534567279263349320,8196,151552
1,retained,whitefoot,insert,4096,11,4,8192,26833,0,6412549644183669048,8196,212992
1,retained,interleaved,insert,4096,11,4,8192,23290,0,6412549644183669048,8196,180224
1,retained,split,insert,4096,11,4,8192,24792,0,6412549644183669048,8196,151552
1,retained,whitefoot,insert,4096,12,4,8192,26791,0,8054235486273026056,8196,212992
1,retained,interleaved,insert,4096,12,4,8192,23250,0,8054235486273026056,8196,180224
1,retained,split,insert,4096,12,4,8192,24792,0,8054235486273026056,8196,151552
1,retained,whitefoot,insert,4096,13,4,8192,26792,0,12270942348091423640,8196,212992
1,retained,interleaved,insert,4096,13,4,8192,23293,0,12270942348091423640,8196,180224
1,retained,split,insert,4096,13,4,8192,24625,0,12270942348091423640,8196,151552
1,retained,whitefoot,rehash,4096,0,4,4,62875,1827965534208,16755485260950900696,8200,475136
1,retained,interleaved,rehash,4096,0,4,4,53999,1827965534208,16755485260950900696,8200,376832
1,retained,split,rehash,4096,0,4,4,39667,1827965534208,16755485260950900696,8200,290816
1,retained,whitefoot,rehash,4096,1,4,4,62667,1827965534208,11397508409219617008,8200,475136
1,retained,interleaved,rehash,4096,1,4,4,53708,1827965534208,11397508409219617008,8200,376832
1,retained,split,rehash,4096,1,4,4,39791,1827965534208,11397508409219617008,8200,290816
1,retained,whitefoot,rehash,4096,2,4,4,62333,1827965534208,2291712753279154904,8200,475136
1,retained,interleaved,rehash,4096,2,4,4,53875,1827965534208,2291712753279154904,8200,376832
1,retained,split,rehash,4096,2,4,4,39793,1827965534208,2291712753279154904,8200,290816
1,retained,whitefoot,rehash,4096,3,4,4,62167,1827965534208,13715796755296672336,8200,475136
1,retained,interleaved,rehash,4096,3,4,4,53750,1827965534208,13715796755296672336,8200,376832
1,retained,split,rehash,4096,3,4,4,39750,1827965534208,13715796755296672336,8200,290816
1,retained,whitefoot,rehash,4096,4,4,4,62750,1827965534208,11472147109226316488,8200,475136
1,retained,interleaved,rehash,4096,4,4,4,53709,1827965534208,11472147109226316488,8200,376832
1,retained,split,rehash,4096,4,4,4,40041,1827965534208,11472147109226316488,8200,290816
1,retained,whitefoot,rehash,4096,5,4,4,63042,1827965534208,17478255965976599768,8200,475136
1,retained,interleaved,rehash,4096,5,4,4,53668,1827965534208,17478255965976599768,8200,376832
1,retained,split,rehash,4096,5,4,4,39832,1827965534208,17478255965976599768,8200,290816
1,retained,whitefoot,rehash,4096,6,4,4,62666,1827965534208,9565289437605259256,8200,475136
1,retained,interleaved,rehash,4096,6,4,4,54084,1827965534208,9565289437605259256,8200,376832
1,retained,split,rehash,4096,6,4,4,39709,1827965534208,9565289437605259256,8200,290816
1,retained,whitefoot,rehash,4096,7,4,4,63084,1827965534208,5938984280190480528,8200,475136
1,retained,interleaved,rehash,4096,7,4,4,53667,1827965534208,5938984280190480528,8200,376832
1,retained,split,rehash,4096,7,4,4,39750,1827965534208,5938984280190480528,8200,290816
1,retained,whitefoot,rehash,4096,8,4,4,63126,1827965534208,7753566762732457912,8200,475136
1,retained,interleaved,rehash,4096,8,4,4,53667,1827965534208,7753566762732457912,8200,376832
1,retained,split,rehash,4096,8,4,4,39709,1827965534208,7753566762732457912,8200,290816
1,retained,whitefoot,rehash,4096,9,4,4,62291,1827965534208,13780301973079490048,8200,475136
1,retained,interleaved,rehash,4096,9,4,4,53667,1827965534208,13780301973079490048,8200,376832
1,retained,split,rehash,4096,9,4,4,39875,1827965534208,13780301973079490048,8200,290816
1,retained,whitefoot,rehash,4096,10,4,4,63500,1827965534208,15143009266973162248,8200,475136
1,retained,interleaved,rehash,4096,10,4,4,53708,1827965534208,15143009266973162248,8200,376832
1,retained,split,rehash,4096,10,4,4,39791,1827965534208,15143009266973162248,8200,290816
1,retained,whitefoot,rehash,4096,11,4,4,63667,1827965534208,16669691421769542776,8200,475136
1,retained,interleaved,rehash,4096,11,4,4,53749,1827965534208,16669691421769542776,8200,376832
1,retained,split,rehash,4096,11,4,4,39626,1827965534208,16669691421769542776,8200,290816
1,retained,whitefoot,rehash,4096,12,4,4,62792,1827965534208,12295864366953237120,8200,475136
1,retained,interleaved,rehash,4096,12,4,4,53749,1827965534208,12295864366953237120,8200,376832
1,retained,split,rehash,4096,12,4,4,39625,1827965534208,12295864366953237120,8200,290816
1,retained,whitefoot,rehash,4096,13,4,4,62583,1827965534208,9430538475723708128,8200,475136
1,retained,interleaved,rehash,4096,13,4,4,53790,1827965534208,9430538475723708128,8200,376832
1,retained,split,rehash,4096,13,4,4,39792,1827965534208,9430538475723708128,8200,290816
1,retained,whitefoot,lookup,16384,0,4,1048576,3149000,159344702076223488,10909911768892883176,32772,851968
1,retained,interleaved,lookup,16384,0,4,1048576,2909293,159344702076223488,10909911768892883176,32772,720896
1,retained,split,lookup,16384,0,4,1048576,3086750,159344702076223488,10909911768892883176,32772,606208
1,retained,whitefoot,lookup,16384,1,4,1048576,3136042,159344702076223488,13502755409350941448,32772,851968
1,retained,interleaved,lookup,16384,1,4,1048576,2908209,159344702076223488,13502755409350941448,32772,720896
1,retained,split,lookup,16384,1,4,1048576,3085333,159344702076223488,13502755409350941448,32772,606208
1,retained,whitefoot,lookup,16384,2,4,1048576,3140541,159344702076223488,14940797459546303912,32772,851968
1,retained,interleaved,lookup,16384,2,4,1048576,2906793,159344702076223488,14940797459546303912,32772,720896
1,retained,split,lookup,16384,2,4,1048576,3081750,159344702076223488,14940797459546303912,32772,606208
1,retained,whitefoot,lookup,16384,3,4,1048576,3138916,159344702076223488,7567640889831038072,32772,851968
1,retained,interleaved,lookup,16384,3,4,1048576,2908375,159344702076223488,7567640889831038072,32772,720896
1,retained,split,lookup,16384,3,4,1048576,3091333,159344702076223488,7567640889831038072,32772,606208
1,retained,whitefoot,lookup,16384,4,4,1048576,3141917,159344702076223488,11576670716104284088,32772,851968
1,retained,interleaved,lookup,16384,4,4,1048576,2917833,159344702076223488,11576670716104284088,32772,720896
1,retained,split,lookup,16384,4,4,1048576,3081833,159344702076223488,11576670716104284088,32772,606208
1,retained,whitefoot,lookup,16384,5,4,1048576,3142374,159344702076223488,18226598782554959048,32772,851968
1,retained,interleaved,lookup,16384,5,4,1048576,2908999,159344702076223488,18226598782554959048,32772,720896
1,retained,split,lookup,16384,5,4,1048576,3084583,159344702076223488,18226598782554959048,32772,606208
1,retained,whitefoot,lookup,16384,6,4,1048576,3140750,159344702076223488,8952695809931110936,32772,851968
1,retained,interleaved,lookup,16384,6,4,1048576,2908958,159344702076223488,8952695809931110936,32772,720896
1,retained,split,lookup,16384,6,4,1048576,3081707,159344702076223488,8952695809931110936,32772,606208
1,retained,whitefoot,lookup,16384,7,4,1048576,3143084,159344702076223488,7818766382147352904,32772,851968
1,retained,interleaved,lookup,16384,7,4,1048576,2908917,159344702076223488,7818766382147352904,32772,720896
1,retained,split,lookup,16384,7,4,1048576,3079041,159344702076223488,7818766382147352904,32772,606208
1,retained,whitefoot,lookup,16384,8,4,1048576,3140584,159344702076223488,16149779501894872504,32772,851968
1,retained,interleaved,lookup,16384,8,4,1048576,2904001,159344702076223488,16149779501894872504,32772,720896
1,retained,split,lookup,16384,8,4,1048576,3083166,159344702076223488,16149779501894872504,32772,606208
1,retained,whitefoot,lookup,16384,9,4,1048576,3137125,159344702076223488,2356081379217275400,32772,851968
1,retained,interleaved,lookup,16384,9,4,1048576,2905876,159344702076223488,2356081379217275400,32772,720896
1,retained,split,lookup,16384,9,4,1048576,3078375,159344702076223488,2356081379217275400,32772,606208
1,retained,whitefoot,lookup,16384,10,4,1048576,3134417,159344702076223488,15550830537941824056,32772,851968
1,retained,interleaved,lookup,16384,10,4,1048576,2911292,159344702076223488,15550830537941824056,32772,720896
1,retained,split,lookup,16384,10,4,1048576,3081209,159344702076223488,15550830537941824056,32772,606208
1,retained,whitefoot,lookup,16384,11,4,1048576,3145209,159344702076223488,10293427524117068264,32772,851968
1,retained,interleaved,lookup,16384,11,4,1048576,2909875,159344702076223488,10293427524117068264,32772,720896
1,retained,split,lookup,16384,11,4,1048576,3084250,159344702076223488,10293427524117068264,32772,606208
1,retained,whitefoot,lookup,16384,12,4,1048576,3137792,159344702076223488,5521175825229903656,32772,851968
1,retained,interleaved,lookup,16384,12,4,1048576,2908999,159344702076223488,5521175825229903656,32772,720896
1,retained,split,lookup,16384,12,4,1048576,3081334,159344702076223488,5521175825229903656,32772,606208
1,retained,whitefoot,lookup,16384,13,4,1048576,3139165,159344702076223488,5725350131714615384,32772,851968
1,retained,interleaved,lookup,16384,13,4,1048576,2908668,159344702076223488,5725350131714615384,32772,720896
1,retained,split,lookup,16384,13,4,1048576,3081125,159344702076223488,5725350131714615384,32772,606208
1,retained,whitefoot,insert,16384,0,4,32768,107542,0,10909911768892883176,32772,851968
1,retained,interleaved,insert,16384,0,4,32768,93833,0,10909911768892883176,32772,720896
1,retained,split,insert,16384,0,4,32768,96333,0,10909911768892883176,32772,606208
1,retained,whitefoot,insert,16384,1,4,32768,107542,0,13502755409350941448,32772,851968
1,retained,interleaved,insert,16384,1,4,32768,92876,0,13502755409350941448,32772,720896
1,retained,split,insert,16384,1,4,32768,95875,0,13502755409350941448,32772,606208
1,retained,whitefoot,insert,16384,2,4,32768,107541,0,14940797459546303912,32772,851968
1,retained,interleaved,insert,16384,2,4,32768,93417,0,14940797459546303912,32772,720896
1,retained,split,insert,16384,2,4,32768,96208,0,14940797459546303912,32772,606208
1,retained,whitefoot,insert,16384,3,4,32768,107417,0,7567640889831038072,32772,851968
1,retained,interleaved,insert,16384,3,4,32768,92749,0,7567640889831038072,32772,720896
1,retained,split,insert,16384,3,4,32768,96249,0,7567640889831038072,32772,606208
1,retained,whitefoot,insert,16384,4,4,32768,107332,0,11576670716104284088,32772,851968
1,retained,interleaved,insert,16384,4,4,32768,93000,0,11576670716104284088,32772,720896
1,retained,split,insert,16384,4,4,32768,96332,0,11576670716104284088,32772,606208
1,retained,whitefoot,insert,16384,5,4,32768,107875,0,18226598782554959048,32772,851968
1,retained,interleaved,insert,16384,5,4,32768,92918,0,18226598782554959048,32772,720896
1,retained,split,insert,16384,5,4,32768,96749,0,18226598782554959048,32772,606208
1,retained,whitefoot,insert,16384,6,4,32768,107541,0,8952695809931110936,32772,851968
1,retained,interleaved,insert,16384,6,4,32768,92875,0,8952695809931110936,32772,720896
1,retained,split,insert,16384,6,4,32768,96710,0,8952695809931110936,32772,606208
1,retained,whitefoot,insert,16384,7,4,32768,107459,0,7818766382147352904,32772,851968
1,retained,interleaved,insert,16384,7,4,32768,93085,0,7818766382147352904,32772,720896
1,retained,split,insert,16384,7,4,32768,96543,0,7818766382147352904,32772,606208
1,retained,whitefoot,insert,16384,8,4,32768,108416,0,16149779501894872504,32772,851968
1,retained,interleaved,insert,16384,8,4,32768,92959,0,16149779501894872504,32772,720896
1,retained,split,insert,16384,8,4,32768,96624,0,16149779501894872504,32772,606208
1,retained,whitefoot,insert,16384,9,4,32768,107667,0,2356081379217275400,32772,851968
1,retained,interleaved,insert,16384,9,4,32768,93126,0,2356081379217275400,32772,720896
1,retained,split,insert,16384,9,4,32768,96083,0,2356081379217275400,32772,606208
1,retained,whitefoot,insert,16384,10,4,32768,107582,0,15550830537941824056,32772,851968
1,retained,interleaved,insert,16384,10,4,32768,92790,0,15550830537941824056,32772,720896
1,retained,split,insert,16384,10,4,32768,96583,0,15550830537941824056,32772,606208
1,retained,whitefoot,insert,16384,11,4,32768,107708,0,10293427524117068264,32772,851968
1,retained,interleaved,insert,16384,11,4,32768,92916,0,10293427524117068264,32772,720896
1,retained,split,insert,16384,11,4,32768,96958,0,10293427524117068264,32772,606208
1,retained,whitefoot,insert,16384,12,4,32768,107625,0,5521175825229903656,32772,851968
1,retained,interleaved,insert,16384,12,4,32768,101208,0,5521175825229903656,32772,720896
1,retained,split,insert,16384,12,4,32768,96958,0,5521175825229903656,32772,606208
1,retained,whitefoot,insert,16384,13,4,32768,107583,0,5725350131714615384,32772,851968
1,retained,interleaved,insert,16384,13,4,32768,92875,0,5725350131714615384,32772,720896
1,retained,split,insert,16384,13,4,32768,97001,0,5725350131714615384,32772,606208
1,retained,whitefoot,rehash,16384,0,4,4,245042,7311862136832,11734543581844066032,32776,1900544
1,retained,interleaved,rehash,16384,0,4,4,214750,7311862136832,11734543581844066032,32776,1507328
1,retained,split,rehash,16384,0,4,4,154959,7311862136832,11734543581844066032,32776,1163264
1,retained,whitefoot,rehash,16384,1,4,4,244792,7311862136832,9106608044878866272,32776,1900544
1,retained,interleaved,rehash,16384,1,4,4,214249,7311862136832,9106608044878866272,32776,1507328
1,retained,split,rehash,16384,1,4,4,155917,7311862136832,9106608044878866272,32776,1163264
1,retained,whitefoot,rehash,16384,2,4,4,245626,7311862136832,7309884484771575248,32776,1900544
1,retained,interleaved,rehash,16384,2,4,4,213499,7311862136832,7309884484771575248,32776,1507328
1,retained,split,rehash,16384,2,4,4,155792,7311862136832,7309884484771575248,32776,1163264
1,retained,whitefoot,rehash,16384,3,4,4,244458,7311862136832,9388458061057511456,32776,1900544
1,retained,interleaved,rehash,16384,3,4,4,214833,7311862136832,9388458061057511456,32776,1507328
1,retained,split,rehash,16384,3,4,4,155710,7311862136832,9388458061057511456,32776,1163264
1,retained,whitefoot,rehash,16384,4,4,4,244668,7311862136832,11073332935378422512,32776,1900544
1,retained,interleaved,rehash,16384,4,4,4,214417,7311862136832,11073332935378422512,32776,1507328
1,retained,split,rehash,16384,4,4,4,154833,7311862136832,11073332935378422512,32776,1163264
1,retained,whitefoot,rehash,16384,5,4,4,253749,7311862136832,12626423576593689920,32776,1900544
1,retained,interleaved,rehash,16384,5,4,4,214751,7311862136832,12626423576593689920,32776,1507328
1,retained,split,rehash,16384,5,4,4,154876,7311862136832,12626423576593689920,32776,1163264
1,retained,whitefoot,rehash,16384,6,4,4,244459,7311862136832,5875688640427425904,32776,1900544
1,retained,interleaved,rehash,16384,6,4,4,215167,7311862136832,5875688640427425904,32776,1507328
1,retained,split,rehash,16384,6,4,4,155999,7311862136832,5875688640427425904,32776,1163264
1,retained,whitefoot,rehash,16384,7,4,4,244708,7311862136832,995894157135461184,32776,1900544
1,retained,interleaved,rehash,16384,7,4,4,213458,7311862136832,995894157135461184,32776,1507328
1,retained,split,rehash,16384,7,4,4,156874,7311862136832,995894157135461184,32776,1163264
1,retained,whitefoot,rehash,16384,8,4,4,246791,7311862136832,9620557774374313120,32776,1900544
1,retained,interleaved,rehash,16384,8,4,4,214000,7311862136832,9620557774374313120,32776,1507328
1,retained,split,rehash,16384,8,4,4,155457,7311862136832,9620557774374313120,32776,1163264
1,retained,whitefoot,rehash,16384,9,4,4,245667,7311862136832,10225861738127010000,32776,1900544
1,retained,interleaved,rehash,16384,9,4,4,215126,7311862136832,10225861738127010000,32776,1507328
1,retained,split,rehash,16384,9,4,4,155542,7311862136832,10225861738127010000,32776,1163264
1,retained,whitefoot,rehash,16384,10,4,4,246208,7311862136832,15873380271962991376,32776,1900544
1,retained,interleaved,rehash,16384,10,4,4,212291,7311862136832,15873380271962991376,32776,1507328
1,retained,split,rehash,16384,10,4,4,155250,7311862136832,15873380271962991376,32776,1163264
1,retained,whitefoot,rehash,16384,11,4,4,245291,7311862136832,785342622397670336,32776,1900544
1,retained,interleaved,rehash,16384,11,4,4,214499,7311862136832,785342622397670336,32776,1507328
1,retained,split,rehash,16384,11,4,4,155751,7311862136832,785342622397670336,32776,1163264
1,retained,whitefoot,rehash,16384,12,4,4,244750,7311862136832,1847626916838410768,32776,1900544
1,retained,interleaved,rehash,16384,12,4,4,215666,7311862136832,1847626916838410768,32776,1507328
1,retained,split,rehash,16384,12,4,4,156083,7311862136832,1847626916838410768,32776,1163264
1,retained,whitefoot,rehash,16384,13,4,4,245376,7311862136832,7996111961345360336,32776,1900544
1,retained,interleaved,rehash,16384,13,4,4,213126,7311862136832,7996111961345360336,32776,1507328
1,retained,split,rehash,16384,13,4,4,155543,7311862136832,7996111961345360336,32776,1163264
1,normal,whitefoot,lookup,256,0,64,262144,665876,15406439159171514368,7835046105847459488,8256,13312
1,normal,interleaved,lookup,256,0,64,262144,730128,15406439159171514368,7835046105847459488,8256,11264
1,normal,split,lookup,256,0,64,262144,732081,15406439159171514368,7835046105847459488,8256,9472
1,normal,whitefoot,lookup,256,1,64,262144,662754,15406439159171514368,12636395056238259104,8256,13312
1,normal,interleaved,lookup,256,1,64,262144,729831,15406439159171514368,12636395056238259104,8256,11264
1,normal,split,lookup,256,1,64,262144,730422,15406439159171514368,12636395056238259104,8256,9472
1,normal,whitefoot,lookup,256,2,64,262144,663834,15406439159171514368,5108038417128779696,8256,13312
1,normal,interleaved,lookup,256,2,64,262144,729294,15406439159171514368,5108038417128779696,8256,11264
1,normal,split,lookup,256,2,64,262144,729413,15406439159171514368,5108038417128779696,8256,9472
1,normal,whitefoot,lookup,256,3,64,262144,665959,15406439159171514368,16848939090334181552,8256,13312
1,normal,interleaved,lookup,256,3,64,262144,731000,15406439159171514368,16848939090334181552,8256,11264
1,normal,split,lookup,256,3,64,262144,730752,15406439159171514368,16848939090334181552,8256,9472
1,normal,whitefoot,lookup,256,4,64,262144,665460,15406439159171514368,16286268131356312368,8256,13312
1,normal,interleaved,lookup,256,4,64,262144,729623,15406439159171514368,16286268131356312368,8256,11264
1,normal,split,lookup,256,4,64,262144,732168,15406439159171514368,16286268131356312368,8256,9472
1,normal,whitefoot,lookup,256,5,64,262144,665786,15406439159171514368,9120727054633088000,8256,13312
1,normal,interleaved,lookup,256,5,64,262144,730040,15406439159171514368,9120727054633088000,8256,11264
1,normal,split,lookup,256,5,64,262144,731084,15406439159171514368,9120727054633088000,8256,9472
1,normal,whitefoot,lookup,256,6,64,262144,662875,15406439159171514368,5762771361541884512,8256,13312
1,normal,interleaved,lookup,256,6,64,262144,728790,15406439159171514368,5762771361541884512,8256,11264
1,normal,split,lookup,256,6,64,262144,729751,15406439159171514368,5762771361541884512,8256,9472
1,normal,whitefoot,lookup,256,7,64,262144,663330,15406439159171514368,1624341757828425648,8256,13312
1,normal,interleaved,lookup,256,7,64,262144,730041,15406439159171514368,1624341757828425648,8256,11264
1,normal,split,lookup,256,7,64,262144,729999,15406439159171514368,1624341757828425648,8256,9472
1,normal,whitefoot,lookup,256,8,64,262144,664084,15406439159171514368,12269272641764206400,8256,13312
1,normal,interleaved,lookup,256,8,64,262144,729167,15406439159171514368,12269272641764206400,8256,11264
1,normal,split,lookup,256,8,64,262144,736123,15406439159171514368,12269272641764206400,8256,9472
1,normal,whitefoot,lookup,256,9,64,262144,663419,15406439159171514368,5992509345126799584,8256,13312
1,normal,interleaved,lookup,256,9,64,262144,728869,15406439159171514368,5992509345126799584,8256,11264
1,normal,split,lookup,256,9,64,262144,729794,15406439159171514368,5992509345126799584,8256,9472
1,normal,whitefoot,lookup,256,10,64,262144,663666,15406439159171514368,18073023074693822304,8256,13312
1,normal,interleaved,lookup,256,10,64,262144,729417,15406439159171514368,18073023074693822304,8256,11264
1,normal,split,lookup,256,10,64,262144,730751,15406439159171514368,18073023074693822304,8256,9472
1,normal,whitefoot,lookup,256,11,64,262144,662959,15406439159171514368,4901604239908314144,8256,13312
1,normal,interleaved,lookup,256,11,64,262144,729332,15406439159171514368,4901604239908314144,8256,11264
1,normal,split,lookup,256,11,64,262144,729125,15406439159171514368,4901604239908314144,8256,9472
1,normal,whitefoot,lookup,256,12,64,262144,664539,15406439159171514368,4218347057476397696,8256,13312
1,normal,interleaved,lookup,256,12,64,262144,728627,15406439159171514368,4218347057476397696,8256,11264
1,normal,split,lookup,256,12,64,262144,729583,15406439159171514368,4218347057476397696,8256,9472
1,normal,whitefoot,lookup,256,13,64,262144,663709,15406439159171514368,5237384556868179408,8256,13312
1,normal,interleaved,lookup,256,13,64,262144,728752,15406439159171514368,5237384556868179408,8256,11264
1,normal,split,lookup,256,13,64,262144,730082,15406439159171514368,5237384556868179408,8256,9472
1,normal,whitefoot,insert,256,0,64,8192,26963,0,7835046105847459488,8256,13312
1,normal,interleaved,insert,256,0,64,8192,23501,0,7835046105847459488,8256,11264
1,normal,split,insert,256,0,64,8192,23251,0,7835046105847459488,8256,9472
1,normal,whitefoot,insert,256,1,64,8192,26880,0,12636395056238259104,8256,13312
1,normal,interleaved,insert,256,1,64,8192,23166,0,12636395056238259104,8256,11264
1,normal,split,insert,256,1,64,8192,23375,0,12636395056238259104,8256,9472
1,normal,whitefoot,insert,256,2,64,8192,27334,0,5108038417128779696,8256,13312
1,normal,interleaved,insert,256,2,64,8192,23335,0,5108038417128779696,8256,11264
1,normal,split,insert,256,2,64,8192,23499,0,5108038417128779696,8256,9472
1,normal,whitefoot,insert,256,3,64,8192,26917,0,16848939090334181552,8256,13312
1,normal,interleaved,insert,256,3,64,8192,23375,0,16848939090334181552,8256,11264
1,normal,split,insert,256,3,64,8192,23126,0,16848939090334181552,8256,9472
1,normal,whitefoot,insert,256,4,64,8192,27170,0,16286268131356312368,8256,13312
1,normal,interleaved,insert,256,4,64,8192,23541,0,16286268131356312368,8256,11264
1,normal,split,insert,256,4,64,8192,23622,0,16286268131356312368,8256,9472
1,normal,whitefoot,insert,256,5,64,8192,27043,0,9120727054633088000,8256,13312
1,normal,interleaved,insert,256,5,64,8192,23373,0,9120727054633088000,8256,11264
1,normal,split,insert,256,5,64,8192,23122,0,9120727054633088000,8256,9472
1,normal,whitefoot,insert,256,6,64,8192,27158,0,5762771361541884512,8256,13312
1,normal,interleaved,insert,256,6,64,8192,23541,0,5762771361541884512,8256,11264
1,normal,split,insert,256,6,64,8192,23125,0,5762771361541884512,8256,9472
1,normal,whitefoot,insert,256,7,64,8192,27207,0,1624341757828425648,8256,13312
1,normal,interleaved,insert,256,7,64,8192,23291,0,1624341757828425648,8256,11264
1,normal,split,insert,256,7,64,8192,23376,0,1624341757828425648,8256,9472
1,normal,whitefoot,insert,256,8,64,8192,27037,0,12269272641764206400,8256,13312
1,normal,interleaved,insert,256,8,64,8192,23501,0,12269272641764206400,8256,11264
1,normal,split,insert,256,8,64,8192,23623,0,12269272641764206400,8256,9472
1,normal,whitefoot,insert,256,9,64,8192,27171,0,5992509345126799584,8256,13312
1,normal,interleaved,insert,256,9,64,8192,23246,0,5992509345126799584,8256,11264
1,normal,split,insert,256,9,64,8192,23292,0,5992509345126799584,8256,9472
1,normal,whitefoot,insert,256,10,64,8192,26997,0,18073023074693822304,8256,13312
1,normal,interleaved,insert,256,10,64,8192,23294,0,18073023074693822304,8256,11264
1,normal,split,insert,256,10,64,8192,23497,0,18073023074693822304,8256,9472
1,normal,whitefoot,insert,256,11,64,8192,27041,0,4901604239908314144,8256,13312
1,normal,interleaved,insert,256,11,64,8192,23207,0,4901604239908314144,8256,11264
1,normal,split,insert,256,11,64,8192,23080,0,4901604239908314144,8256,9472
1,normal,whitefoot,insert,256,12,64,8192,27082,0,4218347057476397696,8256,13312
1,normal,interleaved,insert,256,12,64,8192,23251,0,4218347057476397696,8256,11264
1,normal,split,insert,256,12,64,8192,23540,0,4218347057476397696,8256,9472
1,normal,whitefoot,insert,256,13,64,8192,27329,0,5237384556868179408,8256,13312
1,normal,interleaved,insert,256,13,64,8192,23168,0,5237384556868179408,8256,11264
1,normal,split,insert,256,13,64,8192,23249,0,5237384556868179408,8256,9472
1,normal,whitefoot,rehash,256,0,64,64,65626,1849948637904797696,5116650466399058720,8320,29696
1,normal,interleaved,rehash,256,0,64,64,49377,1849948637904797696,5116650466399058720,8320,23552
1,normal,split,rehash,256,0,64,64,42416,1849948637904797696,5116650466399058720,8320,18176
1,normal,whitefoot,rehash,256,1,64,64,65583,1849948637904797696,2345175331444990928,8320,29696
1,normal,interleaved,rehash,256,1,64,64,49001,1849948637904797696,2345175331444990928,8320,23552
1,normal,split,rehash,256,1,64,64,42211,1849948637904797696,2345175331444990928,8320,18176
1,normal,whitefoot,rehash,256,2,64,64,65833,1849948637904797696,9167743694309703168,8320,29696
1,normal,interleaved,rehash,256,2,64,64,48752,1849948637904797696,9167743694309703168,8320,23552
1,normal,split,rehash,256,2,64,64,42748,1849948637904797696,9167743694309703168,8320,18176
1,normal,whitefoot,rehash,256,3,64,64,65250,1849948637904797696,2261161121994670040,8320,29696
1,normal,interleaved,rehash,256,3,64,64,49207,1849948637904797696,2261161121994670040,8320,23552
1,normal,split,rehash,256,3,64,64,43251,1849948637904797696,2261161121994670040,8320,18176
1,normal,whitefoot,rehash,256,4,64,64,65542,1849948637904797696,5701732356075431008,8320,29696
1,normal,interleaved,rehash,256,4,64,64,49380,1849948637904797696,5701732356075431008,8320,23552
1,normal,split,rehash,256,4,64,64,42291,1849948637904797696,5701732356075431008,8320,18176
1,normal,whitefoot,rehash,256,5,64,64,64998,1849948637904797696,6599659187284699208,8320,29696
1,normal,interleaved,rehash,256,5,64,64,48960,1849948637904797696,6599659187284699208,8320,23552
1,normal,split,rehash,256,5,64,64,42540,1849948637904797696,6599659187284699208,8320,18176
1,normal,whitefoot,rehash,256,6,64,64,66175,1849948637904797696,7026256584100517184,8320,29696
1,normal,interleaved,rehash,256,6,64,64,48958,1849948637904797696,7026256584100517184,8320,23552
1,normal,split,rehash,256,6,64,64,42957,1849948637904797696,7026256584100517184,8320,18176
1,normal,whitefoot,rehash,256,7,64,64,65538,1849948637904797696,2398031619502997424,8320,29696
1,normal,interleaved,rehash,256,7,64,64,49331,1849948637904797696,2398031619502997424,8320,23552
1,normal,split,rehash,256,7,64,64,42666,1849948637904797696,2398031619502997424,8320,18176
1,normal,whitefoot,rehash,256,8,64,64,65421,1849948637904797696,2136864517181178400,8320,29696
1,normal,interleaved,rehash,256,8,64,64,48961,1849948637904797696,2136864517181178400,8320,23552
1,normal,split,rehash,256,8,64,64,42246,1849948637904797696,2136864517181178400,8320,18176
1,normal,whitefoot,rehash,256,9,64,64,65536,1849948637904797696,1818022764526631496,8320,29696
1,normal,interleaved,rehash,256,9,64,64,48835,1849948637904797696,1818022764526631496,8320,23552
1,normal,split,rehash,256,9,64,64,42374,1849948637904797696,1818022764526631496,8320,18176
1,normal,whitefoot,rehash,256,10,64,64,65540,1849948637904797696,14795153613927278256,8320,29696
1,normal,interleaved,rehash,256,10,64,64,49165,1849948637904797696,14795153613927278256,8320,23552
1,normal,split,rehash,256,10,64,64,42290,1849948637904797696,14795153613927278256,8320,18176
1,normal,whitefoot,rehash,256,11,64,64,65460,1849948637904797696,1188486088324579704,8320,29696
1,normal,interleaved,rehash,256,11,64,64,49334,1849948637904797696,1188486088324579704,8320,23552
1,normal,split,rehash,256,11,64,64,42414,1849948637904797696,1188486088324579704,8320,18176
1,normal,whitefoot,rehash,256,12,64,64,65832,1849948637904797696,11172147813737468064,8320,29696
1,normal,interleaved,rehash,256,12,64,64,48706,1849948637904797696,11172147813737468064,8320,23552
1,normal,split,rehash,256,12,64,64,42709,1849948637904797696,11172147813737468064,8320,18176
1,normal,whitefoot,rehash,256,13,64,64,65294,1849948637904797696,15843050885541994000,8320,29696
1,normal,interleaved,rehash,256,13,64,64,49460,1849948637904797696,15843050885541994000,8320,23552
1,normal,split,rehash,256,13,64,64,42456,1849948637904797696,15843050885541994000,8320,18176
1,normal,whitefoot,lookup,4096,0,4,262144,645792,9962801879973888,1837996882287840280,8196,212992
1,normal,interleaved,lookup,4096,0,4,262144,701832,9962801879973888,1837996882287840280,8196,180224
1,normal,split,lookup,4096,0,4,262144,712667,9962801879973888,1837996882287840280,8196,151552
1,normal,whitefoot,lookup,4096,1,4,262144,646375,9962801879973888,17130842932224972264,8196,212992
1,normal,interleaved,lookup,4096,1,4,262144,701458,9962801879973888,17130842932224972264,8196,180224
1,normal,split,lookup,4096,1,4,262144,710459,9962801879973888,17130842932224972264,8196,151552
1,normal,whitefoot,lookup,4096,2,4,262144,646041,9962801879973888,7748136960903208664,8196,212992
1,normal,interleaved,lookup,4096,2,4,262144,700710,9962801879973888,7748136960903208664,8196,180224
1,normal,split,lookup,4096,2,4,262144,710709,9962801879973888,7748136960903208664,8196,151552
1,normal,whitefoot,lookup,4096,3,4,262144,643251,9962801879973888,9072104606401219352,8196,212992
1,normal,interleaved,lookup,4096,3,4,262144,700292,9962801879973888,9072104606401219352,8196,180224
1,normal,split,lookup,4096,3,4,262144,711124,9962801879973888,9072104606401219352,8196,151552
1,normal,whitefoot,lookup,4096,4,4,262144,644250,9962801879973888,13239724372104250040,8196,212992
1,normal,interleaved,lookup,4096,4,4,262144,699209,9962801879973888,13239724372104250040,8196,180224
1,normal,split,lookup,4096,4,4,262144,709917,9962801879973888,13239724372104250040,8196,151552
1,normal,whitefoot,lookup,4096,5,4,262144,645293,9962801879973888,3801496594800721496,8196,212992
1,normal,interleaved,lookup,4096,5,4,262144,702750,9962801879973888,3801496594800721496,8196,180224
1,normal,split,lookup,4096,5,4,262144,711041,9962801879973888,3801496594800721496,8196,151552
1,normal,whitefoot,lookup,4096,6,4,262144,646626,9962801879973888,7352625120983369704,8196,212992
1,normal,interleaved,lookup,4096,6,4,262144,701583,9962801879973888,7352625120983369704,8196,180224
1,normal,split,lookup,4096,6,4,262144,710166,9962801879973888,7352625120983369704,8196,151552
1,normal,whitefoot,lookup,4096,7,4,262144,645835,9962801879973888,17960812127515588248,8196,212992
1,normal,interleaved,lookup,4096,7,4,262144,702292,9962801879973888,17960812127515588248,8196,180224
1,normal,split,lookup,4096,7,4,262144,712167,9962801879973888,17960812127515588248,8196,151552
1,normal,whitefoot,lookup,4096,8,4,262144,643165,9962801879973888,2615156060198523864,8196,212992
1,normal,interleaved,lookup,4096,8,4,262144,701875,9962801879973888,2615156060198523864,8196,180224
1,normal,split,lookup,4096,8,4,262144,711375,9962801879973888,2615156060198523864,8196,151552
1,normal,whitefoot,lookup,4096,9,4,262144,643832,9962801879973888,1726498032405399000,8196,212992
1,normal,interleaved,lookup,4096,9,4,262144,701208,9962801879973888,1726498032405399000,8196,180224
1,normal,split,lookup,4096,9,4,262144,711084,9962801879973888,1726498032405399000,8196,151552
1,normal,whitefoot,lookup,4096,10,4,262144,644292,9962801879973888,4534567279263349320,8196,212992
1,normal,interleaved,lookup,4096,10,4,262144,702001,9962801879973888,4534567279263349320,8196,180224
1,normal,split,lookup,4096,10,4,262144,711250,9962801879973888,4534567279263349320,8196,151552
1,normal,whitefoot,lookup,4096,11,4,262144,647001,9962801879973888,6412549644183669048,8196,212992
1,normal,interleaved,lookup,4096,11,4,262144,702209,9962801879973888,6412549644183669048,8196,180224
1,normal,split,lookup,4096,11,4,262144,711290,9962801879973888,6412549644183669048,8196,151552
1,normal,whitefoot,lookup,4096,12,4,262144,646917,9962801879973888,8054235486273026056,8196,212992
1,normal,interleaved,lookup,4096,12,4,262144,701541,9962801879973888,8054235486273026056,8196,180224
1,normal,split,lookup,4096,12,4,262144,710999,9962801879973888,8054235486273026056,8196,151552
1,normal,whitefoot,lookup,4096,13,4,262144,645124,9962801879973888,12270942348091423640,8196,212992
1,normal,interleaved,lookup,4096,13,4,262144,704042,9962801879973888,12270942348091423640,8196,180224
1,normal,split,lookup,4096,13,4,262144,711291,9962801879973888,12270942348091423640,8196,151552
1,normal,whitefoot,insert,4096,0,4,8192,26833,0,1837996882287840280,8196,212992
1,normal,interleaved,insert,4096,0,4,8192,23334,0,1837996882287840280,8196,180224
1,normal,split,insert,4096,0,4,8192,25208,0,1837996882287840280,8196,151552
1,normal,whitefoot,insert,4096,1,4,8192,26793,0,17130842932224972264,8196,212992
1,normal,interleaved,insert,4096,1,4,8192,23209,0,17130842932224972264,8196,180224
1,normal,split,insert,4096,1,4,8192,25041,0,17130842932224972264,8196,151552
1,normal,whitefoot,insert,4096,2,4,8192,26876,0,7748136960903208664,8196,212992
1,normal,interleaved,insert,4096,2,4,8192,23292,0,7748136960903208664,8196,180224
1,normal,split,insert,4096,2,4,8192,24874,0,7748136960903208664,8196,151552
1,normal,whitefoot,insert,4096,3,4,8192,26708,0,9072104606401219352,8196,212992
1,normal,interleaved,insert,4096,3,4,8192,23374,0,9072104606401219352,8196,180224
1,normal,split,insert,4096,3,4,8192,25041,0,9072104606401219352,8196,151552
1,normal,whitefoot,insert,4096,4,4,8192,26832,0,13239724372104250040,8196,212992
1,normal,interleaved,insert,4096,4,4,8192,23418,0,13239724372104250040,8196,180224
1,normal,split,insert,4096,4,4,8192,24875,0,13239724372104250040,8196,151552
1,normal,whitefoot,insert,4096,5,4,8192,26875,0,3801496594800721496,8196,212992
1,normal,interleaved,insert,4096,5,4,8192,23207,0,3801496594800721496,8196,180224
1,normal,split,insert,4096,5,4,8192,24999,0,3801496594800721496,8196,151552
1,normal,whitefoot,insert,4096,6,4,8192,26917,0,7352625120983369704,8196,212992
1,normal,interleaved,insert,4096,6,4,8192,23292,0,7352625120983369704,8196,180224
1,normal,split,insert,4096,6,4,8192,24749,0,7352625120983369704,8196,151552
1,normal,whitefoot,insert,4096,7,4,8192,26875,0,17960812127515588248,8196,212992
1,normal,interleaved,insert,4096,7,4,8192,23251,0,17960812127515588248,8196,180224
1,normal,split,insert,4096,7,4,8192,24916,0,17960812127515588248,8196,151552
1,normal,whitefoot,insert,4096,8,4,8192,26750,0,2615156060198523864,8196,212992
1,normal,interleaved,insert,4096,8,4,8192,23458,0,2615156060198523864,8196,180224
1,normal,split,insert,4096,8,4,8192,24751,0,2615156060198523864,8196,151552
1,normal,whitefoot,insert,4096,9,4,8192,26791,0,1726498032405399000,8196,212992
1,normal,interleaved,insert,4096,9,4,8192,23250,0,1726498032405399000,8196,180224
1,normal,split,insert,4096,9,4,8192,24749,0,1726498032405399000,8196,151552
1,normal,whitefoot,insert,4096,10,4,8192,26915,0,4534567279263349320,8196,212992
1,normal,interleaved,insert,4096,10,4,8192,23249,0,4534567279263349320,8196,180224
1,normal,split,insert,4096,10,4,8192,24750,0,4534567279263349320,8196,151552
1,normal,whitefoot,insert,4096,11,4,8192,26792,0,6412549644183669048,8196,212992
1,normal,interleaved,insert,4096,11,4,8192,23375,0,6412549644183669048,8196,180224
1,normal,split,insert,4096,11,4,8192,24875,0,6412549644183669048,8196,151552
1,normal,whitefoot,insert,4096,12,4,8192,26834,0,8054235486273026056,8196,212992
1,normal,interleaved,insert,4096,12,4,8192,23333,0,8054235486273026056,8196,180224
1,normal,split,insert,4096,12,4,8192,24542,0,8054235486273026056,8196,151552
1,normal,whitefoot,insert,4096,13,4,8192,26833,0,12270942348091423640,8196,212992
1,normal,interleaved,insert,4096,13,4,8192,23333,0,12270942348091423640,8196,180224
1,normal,split,insert,4096,13,4,8192,24833,0,12270942348091423640,8196,151552
1,normal,whitefoot,rehash,4096,0,4,4,62750,1827965534208,16755485260950900696,8200,475136
1,normal,interleaved,rehash,4096,0,4,4,53709,1827965534208,16755485260950900696,8200,376832
1,normal,split,rehash,4096,0,4,4,39791,1827965534208,16755485260950900696,8200,290816
1,normal,whitefoot,rehash,4096,1,4,4,62749,1827965534208,11397508409219617008,8200,475136
1,normal,interleaved,rehash,4096,1,4,4,53709,1827965534208,11397508409219617008,8200,376832
1,normal,split,rehash,4096,1,4,4,39749,1827965534208,11397508409219617008,8200,290816
1,normal,whitefoot,rehash,4096,2,4,4,62168,1827965534208,2291712753279154904,8200,475136
1,normal,interleaved,rehash,4096,2,4,4,53876,1827965534208,2291712753279154904,8200,376832
1,normal,split,rehash,4096,2,4,4,39791,1827965534208,2291712753279154904,8200,290816
1,normal,whitefoot,rehash,4096,3,4,4,62792,1827965534208,13715796755296672336,8200,475136
1,normal,interleaved,rehash,4096,3,4,4,53626,1827965534208,13715796755296672336,8200,376832
1,normal,split,rehash,4096,3,4,4,39667,1827965534208,13715796755296672336,8200,290816
1,normal,whitefoot,rehash,4096,4,4,4,62958,1827965534208,11472147109226316488,8200,475136
1,normal,interleaved,rehash,4096,4,4,4,53626,1827965534208,11472147109226316488,8200,376832
1,normal,split,rehash,4096,4,4,4,39668,1827965534208,11472147109226316488,8200,290816
1,normal,whitefoot,rehash,4096,5,4,4,62375,1827965534208,17478255965976599768,8200,475136
1,normal,interleaved,rehash,4096,5,4,4,53749,1827965534208,17478255965976599768,8200,376832
1,normal,split,rehash,4096,5,4,4,39667,1827965534208,17478255965976599768,8200,290816
1,normal,whitefoot,rehash,4096,6,4,4,62709,1827965534208,9565289437605259256,8200,475136
1,normal,interleaved,rehash,4096,6,4,4,53542,1827965534208,9565289437605259256,8200,376832
1,normal,split,rehash,4096,6,4,4,39541,1827965534208,9565289437605259256,8200,290816
1,normal,whitefoot,rehash,4096,7,4,4,62625,1827965534208,5938984280190480528,8200,475136
1,normal,interleaved,rehash,4096,7,4,4,53751,1827965534208,5938984280190480528,8200,376832
1,normal,split,rehash,4096,7,4,4,39832,1827965534208,5938984280190480528,8200,290816
1,normal,whitefoot,rehash,4096,8,4,4,62916,1827965534208,7753566762732457912,8200,475136
1,normal,interleaved,rehash,4096,8,4,4,53666,1827965534208,7753566762732457912,8200,376832
1,normal,split,rehash,4096,8,4,4,39625,1827965534208,7753566762732457912,8200,290816
1,normal,whitefoot,rehash,4096,9,4,4,62958,1827965534208,13780301973079490048,8200,475136
1,normal,interleaved,rehash,4096,9,4,4,53875,1827965534208,13780301973079490048,8200,376832
1,normal,split,rehash,4096,9,4,4,39583,1827965534208,13780301973079490048,8200,290816
1,normal,whitefoot,rehash,4096,10,4,4,62625,1827965534208,15143009266973162248,8200,475136
1,normal,interleaved,rehash,4096,10,4,4,53875,1827965534208,15143009266973162248,8200,376832
1,normal,split,rehash,4096,10,4,4,39709,1827965534208,15143009266973162248,8200,290816
1,normal,whitefoot,rehash,4096,11,4,4,62460,1827965534208,16669691421769542776,8200,475136
1,normal,interleaved,rehash,4096,11,4,4,53874,1827965534208,16669691421769542776,8200,376832
1,normal,split,rehash,4096,11,4,4,39749,1827965534208,16669691421769542776,8200,290816
1,normal,whitefoot,rehash,4096,12,4,4,62625,1827965534208,12295864366953237120,8200,475136
1,normal,interleaved,rehash,4096,12,4,4,53625,1827965534208,12295864366953237120,8200,376832
1,normal,split,rehash,4096,12,4,4,39668,1827965534208,12295864366953237120,8200,290816
1,normal,whitefoot,rehash,4096,13,4,4,63250,1827965534208,9430538475723708128,8200,475136
1,normal,interleaved,rehash,4096,13,4,4,53751,1827965534208,9430538475723708128,8200,376832
1,normal,split,rehash,4096,13,4,4,39792,1827965534208,9430538475723708128,8200,290816
1,normal,whitefoot,lookup,16384,0,4,1048576,2740375,159344702076223488,10909911768892883176,32772,851968
1,normal,interleaved,lookup,16384,0,4,1048576,3012540,159344702076223488,10909911768892883176,32772,720896
1,normal,split,lookup,16384,0,4,1048576,3136498,159344702076223488,10909911768892883176,32772,606208
1,normal,whitefoot,lookup,16384,1,4,1048576,2742666,159344702076223488,13502755409350941448,32772,851968
1,normal,interleaved,lookup,16384,1,4,1048576,2917709,159344702076223488,13502755409350941448,32772,720896
1,normal,split,lookup,16384,1,4,1048576,3087582,159344702076223488,13502755409350941448,32772,606208
1,normal,whitefoot,lookup,16384,2,4,1048576,2734834,159344702076223488,14940797459546303912,32772,851968
1,normal,interleaved,lookup,16384,2,4,1048576,2918459,159344702076223488,14940797459546303912,32772,720896
1,normal,split,lookup,16384,2,4,1048576,3086541,159344702076223488,14940797459546303912,32772,606208
1,normal,whitefoot,lookup,16384,3,4,1048576,2741708,159344702076223488,7567640889831038072,32772,851968
1,normal,interleaved,lookup,16384,3,4,1048576,2915001,159344702076223488,7567640889831038072,32772,720896
1,normal,split,lookup,16384,3,4,1048576,3088084,159344702076223488,7567640889831038072,32772,606208
1,normal,whitefoot,lookup,16384,4,4,1048576,2737417,159344702076223488,11576670716104284088,32772,851968
1,normal,interleaved,lookup,16384,4,4,1048576,2997499,159344702076223488,11576670716104284088,32772,720896
1,normal,split,lookup,16384,4,4,1048576,3088874,159344702076223488,11576670716104284088,32772,606208
1,normal,whitefoot,lookup,16384,5,4,1048576,2811624,159344702076223488,18226598782554959048,32772,851968
1,normal,interleaved,lookup,16384,5,4,1048576,3007669,159344702076223488,18226598782554959048,32772,720896
1,normal,split,lookup,16384,5,4,1048576,3181043,159344702076223488,18226598782554959048,32772,606208
1,normal,whitefoot,lookup,16384,6,4,1048576,2938792,159344702076223488,8952695809931110936,32772,851968
1,normal,interleaved,lookup,16384,6,4,1048576,3008876,159344702076223488,8952695809931110936,32772,720896
1,normal,split,lookup,16384,6,4,1048576,3437334,159344702076223488,8952695809931110936,32772,606208
1,normal,whitefoot,lookup,16384,7,4,1048576,2743749,159344702076223488,7818766382147352904,32772,851968
1,normal,interleaved,lookup,16384,7,4,1048576,3004498,159344702076223488,7818766382147352904,32772,720896
1,normal,split,lookup,16384,7,4,1048576,3280374,159344702076223488,7818766382147352904,32772,606208
1,normal,whitefoot,lookup,16384,8,4,1048576,2794667,159344702076223488,16149779501894872504,32772,851968
1,normal,interleaved,lookup,16384,8,4,1048576,3063167,159344702076223488,16149779501894872504,32772,720896
1,normal,split,lookup,16384,8,4,1048576,3132625,159344702076223488,16149779501894872504,32772,606208
1,normal,whitefoot,lookup,16384,9,4,1048576,2758834,159344702076223488,2356081379217275400,32772,851968
1,normal,interleaved,lookup,16384,9,4,1048576,2915666,159344702076223488,2356081379217275400,32772,720896
1,normal,split,lookup,16384,9,4,1048576,3118709,159344702076223488,2356081379217275400,32772,606208
1,normal,whitefoot,lookup,16384,10,4,1048576,2746167,159344702076223488,15550830537941824056,32772,851968
1,normal,interleaved,lookup,16384,10,4,1048576,2924374,159344702076223488,15550830537941824056,32772,720896
1,normal,split,lookup,16384,10,4,1048576,3121291,159344702076223488,15550830537941824056,32772,606208
1,normal,whitefoot,lookup,16384,11,4,1048576,2733750,159344702076223488,10293427524117068264,32772,851968
1,normal,interleaved,lookup,16384,11,4,1048576,2912459,159344702076223488,10293427524117068264,32772,720896
1,normal,split,lookup,16384,11,4,1048576,3087709,159344702076223488,10293427524117068264,32772,606208
1,normal,whitefoot,lookup,16384,12,4,1048576,2743708,159344702076223488,5521175825229903656,32772,851968
1,normal,interleaved,lookup,16384,12,4,1048576,2912166,159344702076223488,5521175825229903656,32772,720896
1,normal,split,lookup,16384,12,4,1048576,3082584,159344702076223488,5521175825229903656,32772,606208
1,normal,whitefoot,lookup,16384,13,4,1048576,2735750,159344702076223488,5725350131714615384,32772,851968
1,normal,interleaved,lookup,16384,13,4,1048576,2913917,159344702076223488,5725350131714615384,32772,720896
1,normal,split,lookup,16384,13,4,1048576,3174709,159344702076223488,5725350131714615384,32772,606208
1,normal,whitefoot,insert,16384,0,4,32768,107541,0,10909911768892883176,32772,851968
1,normal,interleaved,insert,16384,0,4,32768,93167,0,10909911768892883176,32772,720896
1,normal,split,insert,16384,0,4,32768,96374,0,10909911768892883176,32772,606208
1,normal,whitefoot,insert,16384,1,4,32768,114542,0,13502755409350941448,32772,851968
1,normal,interleaved,insert,16384,1,4,32768,93000,0,13502755409350941448,32772,720896
1,normal,split,insert,16384,1,4,32768,96500,0,13502755409350941448,32772,606208
1,normal,whitefoot,insert,16384,2,4,32768,108001,0,14940797459546303912,32772,851968
1,normal,interleaved,insert,16384,2,4,32768,92957,0,14940797459546303912,32772,720896
1,normal,split,insert,16384,2,4,32768,96291,0,14940797459546303912,32772,606208
1,normal,whitefoot,insert,16384,3,4,32768,107748,0,7567640889831038072,32772,851968
1,normal,interleaved,insert,16384,3,4,32768,93042,0,7567640889831038072,32772,720896
1,normal,split,insert,16384,3,4,32768,96958,0,7567640889831038072,32772,606208
1,normal,whitefoot,insert,16384,4,4,32768,107751,0,11576670716104284088,32772,851968
1,normal,interleaved,insert,16384,4,4,32768,93041,0,11576670716104284088,32772,720896
1,normal,split,insert,16384,4,4,32768,96165,0,11576670716104284088,32772,606208
1,normal,whitefoot,insert,16384,5,4,32768,107457,0,18226598782554959048,32772,851968
1,normal,interleaved,insert,16384,5,4,32768,93125,0,18226598782554959048,32772,720896
1,normal,split,insert,16384,5,4,32768,97123,0,18226598782554959048,32772,606208
1,normal,whitefoot,insert,16384,6,4,32768,109416,0,8952695809931110936,32772,851968
1,normal,interleaved,insert,16384,6,4,32768,92999,0,8952695809931110936,32772,720896
1,normal,split,insert,16384,6,4,32768,96333,0,8952695809931110936,32772,606208
1,normal,whitefoot,insert,16384,7,4,32768,107792,0,7818766382147352904,32772,851968
1,normal,interleaved,insert,16384,7,4,32768,92833,0,7818766382147352904,32772,720896
1,normal,split,insert,16384,7,4,32768,96457,0,7818766382147352904,32772,606208
1,normal,whitefoot,insert,16384,8,4,32768,107500,0,16149779501894872504,32772,851968
1,normal,interleaved,insert,16384,8,4,32768,92959,0,16149779501894872504,32772,720896
1,normal,split,insert,16384,8,4,32768,96626,0,16149779501894872504,32772,606208
1,normal,whitefoot,insert,16384,9,4,32768,107667,0,2356081379217275400,32772,851968
1,normal,interleaved,insert,16384,9,4,32768,93834,0,2356081379217275400,32772,720896
1,normal,split,insert,16384,9,4,32768,96624,0,2356081379217275400,32772,606208
1,normal,whitefoot,insert,16384,10,4,32768,107832,0,15550830537941824056,32772,851968
1,normal,interleaved,insert,16384,10,4,32768,92834,0,15550830537941824056,32772,720896
1,normal,split,insert,16384,10,4,32768,96501,0,15550830537941824056,32772,606208
1,normal,whitefoot,insert,16384,11,4,32768,107751,0,10293427524117068264,32772,851968
1,normal,interleaved,insert,16384,11,4,32768,92916,0,10293427524117068264,32772,720896
1,normal,split,insert,16384,11,4,32768,96750,0,10293427524117068264,32772,606208
1,normal,whitefoot,insert,16384,12,4,32768,108334,0,5521175825229903656,32772,851968
1,normal,interleaved,insert,16384,12,4,32768,93083,0,5521175825229903656,32772,720896
1,normal,split,insert,16384,12,4,32768,97125,0,5521175825229903656,32772,606208
1,normal,whitefoot,insert,16384,13,4,32768,107541,0,5725350131714615384,32772,851968
1,normal,interleaved,insert,16384,13,4,32768,93084,0,5725350131714615384,32772,720896
1,normal,split,insert,16384,13,4,32768,96542,0,5725350131714615384,32772,606208
1,normal,whitefoot,rehash,16384,0,4,4,243751,7311862136832,11734543581844066032,32776,1900544
1,normal,interleaved,rehash,16384,0,4,4,213459,7311862136832,11734543581844066032,32776,1507328
1,normal,split,rehash,16384,0,4,4,155543,7311862136832,11734543581844066032,32776,1163264
1,normal,whitefoot,rehash,16384,1,4,4,248875,7311862136832,9106608044878866272,32776,1900544
1,normal,interleaved,rehash,16384,1,4,4,212959,7311862136832,9106608044878866272,32776,1507328
1,normal,split,rehash,16384,1,4,4,155667,7311862136832,9106608044878866272,32776,1163264
1,normal,whitefoot,rehash,16384,2,4,4,244876,7311862136832,7309884484771575248,32776,1900544
1,normal,interleaved,rehash,16384,2,4,4,212416,7311862136832,7309884484771575248,32776,1507328
1,normal,split,rehash,16384,2,4,4,155583,7311862136832,7309884484771575248,32776,1163264
1,normal,whitefoot,rehash,16384,3,4,4,246917,7311862136832,9388458061057511456,32776,1900544
1,normal,interleaved,rehash,16384,3,4,4,213957,7311862136832,9388458061057511456,32776,1507328
1,normal,split,rehash,16384,3,4,4,155416,7311862136832,9388458061057511456,32776,1163264
1,normal,whitefoot,rehash,16384,4,4,4,244584,7311862136832,11073332935378422512,32776,1900544
1,normal,interleaved,rehash,16384,4,4,4,213583,7311862136832,11073332935378422512,32776,1507328
1,normal,split,rehash,16384,4,4,4,155167,7311862136832,11073332935378422512,32776,1163264
1,normal,whitefoot,rehash,16384,5,4,4,244418,7311862136832,12626423576593689920,32776,1900544
1,normal,interleaved,rehash,16384,5,4,4,212458,7311862136832,12626423576593689920,32776,1507328
1,normal,split,rehash,16384,5,4,4,155458,7311862136832,12626423576593689920,32776,1163264
1,normal,whitefoot,rehash,16384,6,4,4,243168,7311862136832,5875688640427425904,32776,1900544
1,normal,interleaved,rehash,16384,6,4,4,214334,7311862136832,5875688640427425904,32776,1507328
1,normal,split,rehash,16384,6,4,4,155208,7311862136832,5875688640427425904,32776,1163264
1,normal,whitefoot,rehash,16384,7,4,4,247583,7311862136832,995894157135461184,32776,1900544
1,normal,interleaved,rehash,16384,7,4,4,212167,7311862136832,995894157135461184,32776,1507328
1,normal,split,rehash,16384,7,4,4,155500,7311862136832,995894157135461184,32776,1163264
1,normal,whitefoot,rehash,16384,8,4,4,243334,7311862136832,9620557774374313120,32776,1900544
1,normal,interleaved,rehash,16384,8,4,4,212668,7311862136832,9620557774374313120,32776,1507328
1,normal,split,rehash,16384,8,4,4,155959,7311862136832,9620557774374313120,32776,1163264
1,normal,whitefoot,rehash,16384,9,4,4,243292,7311862136832,10225861738127010000,32776,1900544
1,normal,interleaved,rehash,16384,9,4,4,214207,7311862136832,10225861738127010000,32776,1507328
1,normal,split,rehash,16384,9,4,4,155083,7311862136832,10225861738127010000,32776,1163264
1,normal,whitefoot,rehash,16384,10,4,4,243834,7311862136832,15873380271962991376,32776,1900544
1,normal,interleaved,rehash,16384,10,4,4,212960,7311862136832,15873380271962991376,32776,1507328
1,normal,split,rehash,16384,10,4,4,155666,7311862136832,15873380271962991376,32776,1163264
1,normal,whitefoot,rehash,16384,11,4,4,242959,7311862136832,785342622397670336,32776,1900544
1,normal,interleaved,rehash,16384,11,4,4,213166,7311862136832,785342622397670336,32776,1507328
1,normal,split,rehash,16384,11,4,4,154749,7311862136832,785342622397670336,32776,1163264
1,normal,whitefoot,rehash,16384,12,4,4,244792,7311862136832,1847626916838410768,32776,1900544
1,normal,interleaved,rehash,16384,12,4,4,213959,7311862136832,1847626916838410768,32776,1507328
1,normal,split,rehash,16384,12,4,4,155708,7311862136832,1847626916838410768,32776,1163264
1,normal,whitefoot,rehash,16384,13,4,4,244457,7311862136832,7996111961345360336,32776,1900544
1,normal,interleaved,rehash,16384,13,4,4,213000,7311862136832,7996111961345360336,32776,1507328
1,normal,split,rehash,16384,13,4,4,155459,7311862136832,7996111961345360336,32776,1163264
