contract,cohort,element_bytes,path,count,variant,sample,work,rounds,traces,elapsed_ns,checksum
normal-o3,0,8,reserved,16,whitefoot,0,1048576,65536,1,3599000,1613149332516896869
normal-o3,0,8,reserved,16,reverse-c,0,1048576,65536,1,4514000,1613149332516896869
normal-o3,0,8,reserved,16,direct-c,0,1048576,65536,1,3416000,1613149332516896869
normal-o3,0,8,reserved,16,swap-take-c,0,1048576,65536,1,4044000,1613149332516896869
normal-o3,0,8,reserved,16,take-swap-c,0,1048576,65536,1,3767000,1613149332516896869
normal-o3,0,8,reserved,16,rust-vec,0,1048576,65536,1,2434000,1613149332516896869
normal-o3,0,8,reserved,16,cpp-std-vector,0,1048576,65536,1,3191000,1613149332516896869
normal-o3,0,8,reserved,16,reverse-c,1,1048576,65536,1,4061000,15534383740606742630
normal-o3,0,8,reserved,16,direct-c,1,1048576,65536,1,3449000,15534383740606742630
normal-o3,0,8,reserved,16,swap-take-c,1,1048576,65536,1,3982000,15534383740606742630
normal-o3,0,8,reserved,16,take-swap-c,1,1048576,65536,1,3873000,15534383740606742630
normal-o3,0,8,reserved,16,rust-vec,1,1048576,65536,1,2490000,15534383740606742630
normal-o3,0,8,reserved,16,cpp-std-vector,1,1048576,65536,1,3262000,15534383740606742630
normal-o3,0,8,reserved,16,whitefoot,1,1048576,65536,1,3558000,15534383740606742630
normal-o3,0,8,reserved,16,direct-c,2,1048576,65536,1,3413000,11203551505675976807
normal-o3,0,8,reserved,16,swap-take-c,2,1048576,65536,1,3976000,11203551505675976807
normal-o3,0,8,reserved,16,take-swap-c,2,1048576,65536,1,3748000,11203551505675976807
normal-o3,0,8,reserved,16,rust-vec,2,1048576,65536,1,2441000,11203551505675976807
normal-o3,0,8,reserved,16,cpp-std-vector,2,1048576,65536,1,3217000,11203551505675976807
normal-o3,0,8,reserved,16,whitefoot,2,1048576,65536,1,3414000,11203551505675976807
normal-o3,0,8,reserved,16,reverse-c,2,1048576,65536,1,4063000,11203551505675976807
normal-o3,0,8,reserved,16,swap-take-c,3,1048576,65536,1,3779000,598448321840808040
normal-o3,0,8,reserved,16,take-swap-c,3,1048576,65536,1,3720000,598448321840808040
normal-o3,0,8,reserved,16,rust-vec,3,1048576,65536,1,2382000,598448321840808040
normal-o3,0,8,reserved,16,cpp-std-vector,3,1048576,65536,1,3166000,598448321840808040
normal-o3,0,8,reserved,16,whitefoot,3,1048576,65536,1,3358000,598448321840808040
normal-o3,0,8,reserved,16,reverse-c,3,1048576,65536,1,4005000,598448321840808040
normal-o3,0,8,reserved,16,direct-c,3,1048576,65536,1,3308000,598448321840808040
normal-o3,0,8,reserved,16,take-swap-c,4,1048576,65536,1,3739000,3717605000514633833
normal-o3,0,8,reserved,16,rust-vec,4,1048576,65536,1,2422000,3717605000514633833
normal-o3,0,8,reserved,16,cpp-std-vector,4,1048576,65536,1,3271000,3717605000514633833
normal-o3,0,8,reserved,16,whitefoot,4,1048576,65536,1,3411000,3717605000514633833
normal-o3,0,8,reserved,16,reverse-c,4,1048576,65536,1,4001000,3717605000514633833
normal-o3,0,8,reserved,16,direct-c,4,1048576,65536,1,3335000,3717605000514633833
normal-o3,0,8,reserved,16,swap-take-c,4,1048576,65536,1,3861000,3717605000514633833
normal-o3,0,8,reserved,16,rust-vec,5,1048576,65536,1,2419000,7745013020975693930
normal-o3,0,8,reserved,16,cpp-std-vector,5,1048576,65536,1,3260000,7745013020975693930
normal-o3,0,8,reserved,16,whitefoot,5,1048576,65536,1,3465000,7745013020975693930
normal-o3,0,8,reserved,16,reverse-c,5,1048576,65536,1,4042000,7745013020975693930
normal-o3,0,8,reserved,16,direct-c,5,1048576,65536,1,3395000,7745013020975693930
normal-o3,0,8,reserved,16,swap-take-c,5,1048576,65536,1,3896000,7745013020975693930
normal-o3,0,8,reserved,16,take-swap-c,5,1048576,65536,1,3791000,7745013020975693930
normal-o3,0,8,reserved,16,cpp-std-vector,6,1048576,65536,1,3300000,6351481337365135467
normal-o3,0,8,reserved,16,whitefoot,6,1048576,65536,1,3495000,6351481337365135467
normal-o3,0,8,reserved,16,reverse-c,6,1048576,65536,1,4010000,6351481337365135467
normal-o3,0,8,reserved,16,direct-c,6,1048576,65536,1,3318000,6351481337365135467
normal-o3,0,8,reserved,16,swap-take-c,6,1048576,65536,1,3859000,6351481337365135467
normal-o3,0,8,reserved,16,take-swap-c,6,1048576,65536,1,3741000,6351481337365135467
normal-o3,0,8,reserved,16,rust-vec,6,1048576,65536,1,2425000,6351481337365135467
normal-o3,0,8,reserved,256,whitefoot,0,1048576,4096,1,1758000,1498897996573024357
normal-o3,0,8,reserved,256,reverse-c,0,1048576,4096,1,3220000,1498897996573024357
normal-o3,0,8,reserved,256,direct-c,0,1048576,4096,1,1704000,1498897996573024357
normal-o3,0,8,reserved,256,swap-take-c,0,1048576,4096,1,2280000,1498897996573024357
normal-o3,0,8,reserved,256,take-swap-c,0,1048576,4096,1,2153000,1498897996573024357
normal-o3,0,8,reserved,256,rust-vec,0,1048576,4096,1,1537000,1498897996573024357
normal-o3,0,8,reserved,256,cpp-std-vector,0,1048576,4096,1,2156000,1498897996573024357
normal-o3,0,8,reserved,256,reverse-c,1,1048576,4096,1,3213000,7707534785925595238
normal-o3,0,8,reserved,256,direct-c,1,1048576,4096,1,1702000,7707534785925595238
normal-o3,0,8,reserved,256,swap-take-c,1,1048576,4096,1,2118000,7707534785925595238
normal-o3,0,8,reserved,256,take-swap-c,1,1048576,4096,1,2180000,7707534785925595238
normal-o3,0,8,reserved,256,rust-vec,1,1048576,4096,1,1539000,7707534785925595238
normal-o3,0,8,reserved,256,cpp-std-vector,1,1048576,4096,1,2131000,7707534785925595238
normal-o3,0,8,reserved,256,whitefoot,1,1048576,4096,1,1724000,7707534785925595238
normal-o3,0,8,reserved,256,direct-c,2,1048576,4096,1,1700000,5506079726878842983
normal-o3,0,8,reserved,256,swap-take-c,2,1048576,4096,1,2101000,5506079726878842983
normal-o3,0,8,reserved,256,take-swap-c,2,1048576,4096,1,2191000,5506079726878842983
normal-o3,0,8,reserved,256,rust-vec,2,1048576,4096,1,1547000,5506079726878842983
normal-o3,0,8,reserved,256,cpp-std-vector,2,1048576,4096,1,2188000,5506079726878842983
normal-o3,0,8,reserved,256,whitefoot,2,1048576,4096,1,1747000,5506079726878842983
normal-o3,0,8,reserved,256,reverse-c,2,1048576,4096,1,3206000,5506079726878842983
normal-o3,0,8,reserved,256,swap-take-c,3,1048576,4096,1,2116000,5888291873035911272
normal-o3,0,8,reserved,256,take-swap-c,3,1048576,4096,1,2161000,5888291873035911272
normal-o3,0,8,reserved,256,rust-vec,3,1048576,4096,1,1541000,5888291873035911272
normal-o3,0,8,reserved,256,cpp-std-vector,3,1048576,4096,1,2151000,5888291873035911272
normal-o3,0,8,reserved,256,whitefoot,3,1048576,4096,1,1734000,5888291873035911272
normal-o3,0,8,reserved,256,reverse-c,3,1048576,4096,1,3214000,5888291873035911272
normal-o3,0,8,reserved,256,direct-c,3,1048576,4096,1,1719000,5888291873035911272
normal-o3,0,8,reserved,256,take-swap-c,4,1048576,4096,1,2253000,7512286317303570537
normal-o3,0,8,reserved,256,rust-vec,4,1048576,4096,1,1575000,7512286317303570537
normal-o3,0,8,reserved,256,cpp-std-vector,4,1048576,4096,1,2111000,7512286317303570537
normal-o3,0,8,reserved,256,whitefoot,4,1048576,4096,1,1735000,7512286317303570537
normal-o3,0,8,reserved,256,reverse-c,4,1048576,4096,1,3261000,7512286317303570537
normal-o3,0,8,reserved,256,direct-c,4,1048576,4096,1,1719000,7512286317303570537
normal-o3,0,8,reserved,256,swap-take-c,4,1048576,4096,1,2212000,7512286317303570537
normal-o3,0,8,reserved,256,rust-vec,5,1048576,4096,1,1534000,13357584908658163818
normal-o3,0,8,reserved,256,cpp-std-vector,5,1048576,4096,1,2091000,13357584908658163818
normal-o3,0,8,reserved,256,whitefoot,5,1048576,4096,1,1731000,13357584908658163818
normal-o3,0,8,reserved,256,reverse-c,5,1048576,4096,1,3208000,13357584908658163818
normal-o3,0,8,reserved,256,direct-c,5,1048576,4096,1,1697000,13357584908658163818
normal-o3,0,8,reserved,256,swap-take-c,5,1048576,4096,1,2224000,13357584908658163818
normal-o3,0,8,reserved,256,take-swap-c,5,1048576,4096,1,2162000,13357584908658163818
normal-o3,0,8,reserved,256,cpp-std-vector,6,1048576,4096,1,2175000,10011933332678926443
normal-o3,0,8,reserved,256,whitefoot,6,1048576,4096,1,1794000,10011933332678926443
normal-o3,0,8,reserved,256,reverse-c,6,1048576,4096,1,3204000,10011933332678926443
normal-o3,0,8,reserved,256,direct-c,6,1048576,4096,1,1719000,10011933332678926443
normal-o3,0,8,reserved,256,swap-take-c,6,1048576,4096,1,2129000,10011933332678926443
normal-o3,0,8,reserved,256,take-swap-c,6,1048576,4096,1,2209000,10011933332678926443
normal-o3,0,8,reserved,256,rust-vec,6,1048576,4096,1,1556000,10011933332678926443
normal-o3,0,8,reserved,4096,whitefoot,0,1048576,256,1,1683000,2256710881311081573
normal-o3,0,8,reserved,4096,reverse-c,0,1048576,256,1,2878000,2256710881311081573
normal-o3,0,8,reserved,4096,direct-c,0,1048576,256,1,1650000,2256710881311081573
normal-o3,0,8,reserved,4096,swap-take-c,0,1048576,256,1,2145000,2256710881311081573
normal-o3,0,8,reserved,4096,take-swap-c,0,1048576,256,1,2053000,2256710881311081573
normal-o3,0,8,reserved,4096,rust-vec,0,1048576,256,1,1531000,2256710881311081573
normal-o3,0,8,reserved,4096,cpp-std-vector,0,1048576,256,1,2114000,2256710881311081573
normal-o3,0,8,reserved,4096,reverse-c,1,1048576,256,1,2867000,6904654748820097126
normal-o3,0,8,reserved,4096,direct-c,1,1048576,256,1,1689000,6904654748820097126
normal-o3,0,8,reserved,4096,swap-take-c,1,1048576,256,1,2144000,6904654748820097126
normal-o3,0,8,reserved,4096,take-swap-c,1,1048576,256,1,2054000,6904654748820097126
normal-o3,0,8,reserved,4096,rust-vec,1,1048576,256,1,1539000,6904654748820097126
normal-o3,0,8,reserved,4096,cpp-std-vector,1,1048576,256,1,2045000,6904654748820097126
normal-o3,0,8,reserved,4096,whitefoot,1,1048576,256,1,1734000,6904654748820097126
normal-o3,0,8,reserved,4096,direct-c,2,1048576,256,1,1642000,16426223538089053287
normal-o3,0,8,reserved,4096,swap-take-c,2,1048576,256,1,2144000,16426223538089053287
normal-o3,0,8,reserved,4096,take-swap-c,2,1048576,256,1,2052000,16426223538089053287
normal-o3,0,8,reserved,4096,rust-vec,2,1048576,256,1,1528000,16426223538089053287
normal-o3,0,8,reserved,4096,cpp-std-vector,2,1048576,256,1,2108000,16426223538089053287
normal-o3,0,8,reserved,4096,whitefoot,2,1048576,256,1,1686000,16426223538089053287
normal-o3,0,8,reserved,4096,reverse-c,2,1048576,256,1,2930000,16426223538089053287
normal-o3,0,8,reserved,4096,swap-take-c,3,1048576,256,1,2178000,9531859752620511336
normal-o3,0,8,reserved,4096,take-swap-c,3,1048576,256,1,2052000,9531859752620511336
normal-o3,0,8,reserved,4096,rust-vec,3,1048576,256,1,1538000,9531859752620511336
normal-o3,0,8,reserved,4096,cpp-std-vector,3,1048576,256,1,2195000,9531859752620511336
normal-o3,0,8,reserved,4096,whitefoot,3,1048576,256,1,1703000,9531859752620511336
normal-o3,0,8,reserved,4096,reverse-c,3,1048576,256,1,2861000,9531859752620511336
normal-o3,0,8,reserved,4096,direct-c,3,1048576,256,1,1644000,9531859752620511336
normal-o3,0,8,reserved,4096,take-swap-c,4,1048576,256,1,2096000,14830550356061344873
normal-o3,0,8,reserved,4096,rust-vec,4,1048576,256,1,1534000,14830550356061344873
normal-o3,0,8,reserved,4096,cpp-std-vector,4,1048576,256,1,2107000,14830550356061344873
normal-o3,0,8,reserved,4096,whitefoot,4,1048576,256,1,1695000,14830550356061344873
normal-o3,0,8,reserved,4096,reverse-c,4,1048576,256,1,2848000,14830550356061344873
normal-o3,0,8,reserved,4096,direct-c,4,1048576,256,1,1652000,14830550356061344873
normal-o3,0,8,reserved,4096,swap-take-c,4,1048576,256,1,2167000,14830550356061344873
normal-o3,0,8,reserved,4096,rust-vec,5,1048576,256,1,1547000,11014393161628833898
normal-o3,0,8,reserved,4096,cpp-std-vector,5,1048576,256,1,2068000,11014393161628833898
normal-o3,0,8,reserved,4096,whitefoot,5,1048576,256,1,1703000,11014393161628833898
normal-o3,0,8,reserved,4096,reverse-c,5,1048576,256,1,2844000,11014393161628833898
normal-o3,0,8,reserved,4096,direct-c,5,1048576,256,1,1732000,11014393161628833898
normal-o3,0,8,reserved,4096,swap-take-c,5,1048576,256,1,2180000,11014393161628833898
normal-o3,0,8,reserved,4096,take-swap-c,5,1048576,256,1,2131000,11014393161628833898
normal-o3,0,8,reserved,4096,cpp-std-vector,6,1048576,256,1,2047000,3531045655943011435
normal-o3,0,8,reserved,4096,whitefoot,6,1048576,256,1,1866000,3531045655943011435
normal-o3,0,8,reserved,4096,reverse-c,6,1048576,256,1,2937000,3531045655943011435
normal-o3,0,8,reserved,4096,direct-c,6,1048576,256,1,1645000,3531045655943011435
normal-o3,0,8,reserved,4096,swap-take-c,6,1048576,256,1,2199000,3531045655943011435
normal-o3,0,8,reserved,4096,take-swap-c,6,1048576,256,1,2084000,3531045655943011435
normal-o3,0,8,reserved,4096,rust-vec,6,1048576,256,1,1567000,3531045655943011435
normal-o3,0,8,growth,16,whitefoot,0,1048576,65536,1,10848000,1613149332516896869
normal-o3,0,8,growth,16,reverse-c,0,1048576,65536,1,11119000,1613149332516896869
normal-o3,0,8,growth,16,direct-c,0,1048576,65536,1,10551000,1613149332516896869
normal-o3,0,8,growth,16,swap-take-c,0,1048576,65536,1,10906000,1613149332516896869
normal-o3,0,8,growth,16,take-swap-c,0,1048576,65536,1,11050000,1613149332516896869
normal-o3,0,8,growth,16,rust-vec,0,1048576,65536,1,9494000,1613149332516896869
normal-o3,0,8,growth,16,cpp-std-vector,0,1048576,65536,1,9759000,1613149332516896869
normal-o3,0,8,growth,16,reverse-c,1,1048576,65536,1,10944000,15534383740606742630
normal-o3,0,8,growth,16,direct-c,1,1048576,65536,1,10146000,15534383740606742630
normal-o3,0,8,growth,16,swap-take-c,1,1048576,65536,1,10782000,15534383740606742630
normal-o3,0,8,growth,16,take-swap-c,1,1048576,65536,1,10611000,15534383740606742630
normal-o3,0,8,growth,16,rust-vec,1,1048576,65536,1,9433000,15534383740606742630
normal-o3,0,8,growth,16,cpp-std-vector,1,1048576,65536,1,9761000,15534383740606742630
normal-o3,0,8,growth,16,whitefoot,1,1048576,65536,1,10537000,15534383740606742630
normal-o3,0,8,growth,16,direct-c,2,1048576,65536,1,10155000,11203551505675976807
normal-o3,0,8,growth,16,swap-take-c,2,1048576,65536,1,10822000,11203551505675976807
normal-o3,0,8,growth,16,take-swap-c,2,1048576,65536,1,10715000,11203551505675976807
normal-o3,0,8,growth,16,rust-vec,2,1048576,65536,1,9214000,11203551505675976807
normal-o3,0,8,growth,16,cpp-std-vector,2,1048576,65536,1,9590000,11203551505675976807
normal-o3,0,8,growth,16,whitefoot,2,1048576,65536,1,10470000,11203551505675976807
normal-o3,0,8,growth,16,reverse-c,2,1048576,65536,1,10897000,11203551505675976807
normal-o3,0,8,growth,16,swap-take-c,3,1048576,65536,1,10723000,598448321840808040
normal-o3,0,8,growth,16,take-swap-c,3,1048576,65536,1,10538000,598448321840808040
normal-o3,0,8,growth,16,rust-vec,3,1048576,65536,1,9369000,598448321840808040
normal-o3,0,8,growth,16,cpp-std-vector,3,1048576,65536,1,9775000,598448321840808040
normal-o3,0,8,growth,16,whitefoot,3,1048576,65536,1,10665000,598448321840808040
normal-o3,0,8,growth,16,reverse-c,3,1048576,65536,1,11003000,598448321840808040
normal-o3,0,8,growth,16,direct-c,3,1048576,65536,1,10182000,598448321840808040
normal-o3,0,8,growth,16,take-swap-c,4,1048576,65536,1,10506000,3717605000514633833
normal-o3,0,8,growth,16,rust-vec,4,1048576,65536,1,9276000,3717605000514633833
normal-o3,0,8,growth,16,cpp-std-vector,4,1048576,65536,1,9767000,3717605000514633833
normal-o3,0,8,growth,16,whitefoot,4,1048576,65536,1,10677000,3717605000514633833
normal-o3,0,8,growth,16,reverse-c,4,1048576,65536,1,10954000,3717605000514633833
normal-o3,0,8,growth,16,direct-c,4,1048576,65536,1,10389000,3717605000514633833
normal-o3,0,8,growth,16,swap-take-c,4,1048576,65536,1,10680000,3717605000514633833
normal-o3,0,8,growth,16,rust-vec,5,1048576,65536,1,9554000,7745013020975693930
normal-o3,0,8,growth,16,cpp-std-vector,5,1048576,65536,1,10036000,7745013020975693930
normal-o3,0,8,growth,16,whitefoot,5,1048576,65536,1,11290000,7745013020975693930
normal-o3,0,8,growth,16,reverse-c,5,1048576,65536,1,11248000,7745013020975693930
normal-o3,0,8,growth,16,direct-c,5,1048576,65536,1,10445000,7745013020975693930
normal-o3,0,8,growth,16,swap-take-c,5,1048576,65536,1,11024000,7745013020975693930
normal-o3,0,8,growth,16,take-swap-c,5,1048576,65536,1,10800000,7745013020975693930
normal-o3,0,8,growth,16,cpp-std-vector,6,1048576,65536,1,9828000,6351481337365135467
normal-o3,0,8,growth,16,whitefoot,6,1048576,65536,1,10565000,6351481337365135467
normal-o3,0,8,growth,16,reverse-c,6,1048576,65536,1,10749000,6351481337365135467
normal-o3,0,8,growth,16,direct-c,6,1048576,65536,1,10207000,6351481337365135467
normal-o3,0,8,growth,16,swap-take-c,6,1048576,65536,1,11042000,6351481337365135467
normal-o3,0,8,growth,16,take-swap-c,6,1048576,65536,1,10575000,6351481337365135467
normal-o3,0,8,growth,16,rust-vec,6,1048576,65536,1,9241000,6351481337365135467
normal-o3,0,8,growth,256,whitefoot,0,1048576,4096,1,2944000,1498897996573024357
normal-o3,0,8,growth,256,reverse-c,0,1048576,4096,1,4516000,1498897996573024357
normal-o3,0,8,growth,256,direct-c,0,1048576,4096,1,2880000,1498897996573024357
normal-o3,0,8,growth,256,swap-take-c,0,1048576,4096,1,3327000,1498897996573024357
normal-o3,0,8,growth,256,take-swap-c,0,1048576,4096,1,3342000,1498897996573024357
normal-o3,0,8,growth,256,rust-vec,0,1048576,4096,1,2961000,1498897996573024357
normal-o3,0,8,growth,256,cpp-std-vector,0,1048576,4096,1,3277000,1498897996573024357
normal-o3,0,8,growth,256,reverse-c,1,1048576,4096,1,4473000,7707534785925595238
normal-o3,0,8,growth,256,direct-c,1,1048576,4096,1,2889000,7707534785925595238
normal-o3,0,8,growth,256,swap-take-c,1,1048576,4096,1,3354000,7707534785925595238
normal-o3,0,8,growth,256,take-swap-c,1,1048576,4096,1,3244000,7707534785925595238
normal-o3,0,8,growth,256,rust-vec,1,1048576,4096,1,3067000,7707534785925595238
normal-o3,0,8,growth,256,cpp-std-vector,1,1048576,4096,1,3256000,7707534785925595238
normal-o3,0,8,growth,256,whitefoot,1,1048576,4096,1,2879000,7707534785925595238
normal-o3,0,8,growth,256,direct-c,2,1048576,4096,1,2857000,5506079726878842983
normal-o3,0,8,growth,256,swap-take-c,2,1048576,4096,1,3323000,5506079726878842983
normal-o3,0,8,growth,256,take-swap-c,2,1048576,4096,1,3357000,5506079726878842983
normal-o3,0,8,growth,256,rust-vec,2,1048576,4096,1,2958000,5506079726878842983
normal-o3,0,8,growth,256,cpp-std-vector,2,1048576,4096,1,3250000,5506079726878842983
normal-o3,0,8,growth,256,whitefoot,2,1048576,4096,1,2891000,5506079726878842983
normal-o3,0,8,growth,256,reverse-c,2,1048576,4096,1,4400000,5506079726878842983
normal-o3,0,8,growth,256,swap-take-c,3,1048576,4096,1,3505000,5888291873035911272
normal-o3,0,8,growth,256,take-swap-c,3,1048576,4096,1,3576000,5888291873035911272
normal-o3,0,8,growth,256,rust-vec,3,1048576,4096,1,3181000,5888291873035911272
normal-o3,0,8,growth,256,cpp-std-vector,3,1048576,4096,1,3487000,5888291873035911272
normal-o3,0,8,growth,256,whitefoot,3,1048576,4096,1,3122000,5888291873035911272
normal-o3,0,8,growth,256,reverse-c,3,1048576,4096,1,4717000,5888291873035911272
normal-o3,0,8,growth,256,direct-c,3,1048576,4096,1,3038000,5888291873035911272
normal-o3,0,8,growth,256,take-swap-c,4,1048576,4096,1,3642000,7512286317303570537
normal-o3,0,8,growth,256,rust-vec,4,1048576,4096,1,3178000,7512286317303570537
normal-o3,0,8,growth,256,cpp-std-vector,4,1048576,4096,1,3511000,7512286317303570537
normal-o3,0,8,growth,256,whitefoot,4,1048576,4096,1,3002000,7512286317303570537
normal-o3,0,8,growth,256,reverse-c,4,1048576,4096,1,4425000,7512286317303570537
normal-o3,0,8,growth,256,direct-c,4,1048576,4096,1,3028000,7512286317303570537
normal-o3,0,8,growth,256,swap-take-c,4,1048576,4096,1,3339000,7512286317303570537
normal-o3,0,8,growth,256,rust-vec,5,1048576,4096,1,3051000,13357584908658163818
normal-o3,0,8,growth,256,cpp-std-vector,5,1048576,4096,1,3405000,13357584908658163818
normal-o3,0,8,growth,256,whitefoot,5,1048576,4096,1,3048000,13357584908658163818
normal-o3,0,8,growth,256,reverse-c,5,1048576,4096,1,4565000,13357584908658163818
normal-o3,0,8,growth,256,direct-c,5,1048576,4096,1,2911000,13357584908658163818
normal-o3,0,8,growth,256,swap-take-c,5,1048576,4096,1,3313000,13357584908658163818
normal-o3,0,8,growth,256,take-swap-c,5,1048576,4096,1,3363000,13357584908658163818
normal-o3,0,8,growth,256,cpp-std-vector,6,1048576,4096,1,3264000,10011933332678926443
normal-o3,0,8,growth,256,whitefoot,6,1048576,4096,1,2923000,10011933332678926443
normal-o3,0,8,growth,256,reverse-c,6,1048576,4096,1,4410000,10011933332678926443
normal-o3,0,8,growth,256,direct-c,6,1048576,4096,1,2864000,10011933332678926443
normal-o3,0,8,growth,256,swap-take-c,6,1048576,4096,1,3254000,10011933332678926443
normal-o3,0,8,growth,256,take-swap-c,6,1048576,4096,1,3320000,10011933332678926443
normal-o3,0,8,growth,256,rust-vec,6,1048576,4096,1,3020000,10011933332678926443
normal-o3,0,8,growth,4096,whitefoot,0,1048576,256,1,2141000,2256710881311081573
normal-o3,0,8,growth,4096,reverse-c,0,1048576,256,1,3288000,2256710881311081573
normal-o3,0,8,growth,4096,direct-c,0,1048576,256,1,2062000,2256710881311081573
normal-o3,0,8,growth,4096,swap-take-c,0,1048576,256,1,2593000,2256710881311081573
normal-o3,0,8,growth,4096,take-swap-c,0,1048576,256,1,2478000,2256710881311081573
normal-o3,0,8,growth,4096,rust-vec,0,1048576,256,1,1950000,2256710881311081573
normal-o3,0,8,growth,4096,cpp-std-vector,0,1048576,256,1,2427000,2256710881311081573
normal-o3,0,8,growth,4096,reverse-c,1,1048576,256,1,3270000,6904654748820097126
normal-o3,0,8,growth,4096,direct-c,1,1048576,256,1,2052000,6904654748820097126
normal-o3,0,8,growth,4096,swap-take-c,1,1048576,256,1,2622000,6904654748820097126
normal-o3,0,8,growth,4096,take-swap-c,1,1048576,256,1,2473000,6904654748820097126
normal-o3,0,8,growth,4096,rust-vec,1,1048576,256,1,1947000,6904654748820097126
normal-o3,0,8,growth,4096,cpp-std-vector,1,1048576,256,1,2429000,6904654748820097126
normal-o3,0,8,growth,4096,whitefoot,1,1048576,256,1,2233000,6904654748820097126
normal-o3,0,8,growth,4096,direct-c,2,1048576,256,1,2164000,16426223538089053287
normal-o3,0,8,growth,4096,swap-take-c,2,1048576,256,1,2782000,16426223538089053287
normal-o3,0,8,growth,4096,take-swap-c,2,1048576,256,1,2491000,16426223538089053287
normal-o3,0,8,growth,4096,rust-vec,2,1048576,256,1,2035000,16426223538089053287
normal-o3,0,8,growth,4096,cpp-std-vector,2,1048576,256,1,2436000,16426223538089053287
normal-o3,0,8,growth,4096,whitefoot,2,1048576,256,1,2079000,16426223538089053287
normal-o3,0,8,growth,4096,reverse-c,2,1048576,256,1,3258000,16426223538089053287
normal-o3,0,8,growth,4096,swap-take-c,3,1048576,256,1,2635000,9531859752620511336
normal-o3,0,8,growth,4096,take-swap-c,3,1048576,256,1,2455000,9531859752620511336
normal-o3,0,8,growth,4096,rust-vec,3,1048576,256,1,1929000,9531859752620511336
normal-o3,0,8,growth,4096,cpp-std-vector,3,1048576,256,1,2424000,9531859752620511336
normal-o3,0,8,growth,4096,whitefoot,3,1048576,256,1,2105000,9531859752620511336
normal-o3,0,8,growth,4096,reverse-c,3,1048576,256,1,3312000,9531859752620511336
normal-o3,0,8,growth,4096,direct-c,3,1048576,256,1,2089000,9531859752620511336
normal-o3,0,8,growth,4096,take-swap-c,4,1048576,256,1,2496000,14830550356061344873
normal-o3,0,8,growth,4096,rust-vec,4,1048576,256,1,1998000,14830550356061344873
normal-o3,0,8,growth,4096,cpp-std-vector,4,1048576,256,1,2434000,14830550356061344873
normal-o3,0,8,growth,4096,whitefoot,4,1048576,256,1,2075000,14830550356061344873
normal-o3,0,8,growth,4096,reverse-c,4,1048576,256,1,3354000,14830550356061344873
normal-o3,0,8,growth,4096,direct-c,4,1048576,256,1,2133000,14830550356061344873
normal-o3,0,8,growth,4096,swap-take-c,4,1048576,256,1,2551000,14830550356061344873
normal-o3,0,8,growth,4096,rust-vec,5,1048576,256,1,1940000,11014393161628833898
normal-o3,0,8,growth,4096,cpp-std-vector,5,1048576,256,1,2367000,11014393161628833898
normal-o3,0,8,growth,4096,whitefoot,5,1048576,256,1,2159000,11014393161628833898
normal-o3,0,8,growth,4096,reverse-c,5,1048576,256,1,3379000,11014393161628833898
normal-o3,0,8,growth,4096,direct-c,5,1048576,256,1,2268000,11014393161628833898
normal-o3,0,8,growth,4096,swap-take-c,5,1048576,256,1,2711000,11014393161628833898
normal-o3,0,8,growth,4096,take-swap-c,5,1048576,256,1,2490000,11014393161628833898
normal-o3,0,8,growth,4096,cpp-std-vector,6,1048576,256,1,2538000,3531045655943011435
normal-o3,0,8,growth,4096,whitefoot,6,1048576,256,1,2085000,3531045655943011435
normal-o3,0,8,growth,4096,reverse-c,6,1048576,256,1,3236000,3531045655943011435
normal-o3,0,8,growth,4096,direct-c,6,1048576,256,1,2102000,3531045655943011435
normal-o3,0,8,growth,4096,swap-take-c,6,1048576,256,1,2548000,3531045655943011435
normal-o3,0,8,growth,4096,take-swap-c,6,1048576,256,1,2467000,3531045655943011435
normal-o3,0,8,growth,4096,rust-vec,6,1048576,256,1,1953000,3531045655943011435
normal-o3,0,8,reuse,16,whitefoot,0,1048576,65536,1,1543000,1613149332516896869
normal-o3,0,8,reuse,16,reverse-c,0,1048576,65536,1,2297000,1613149332516896869
normal-o3,0,8,reuse,16,direct-c,0,1048576,65536,1,1776000,1613149332516896869
normal-o3,0,8,reuse,16,swap-take-c,0,1048576,65536,1,1991000,1613149332516896869
normal-o3,0,8,reuse,16,take-swap-c,0,1048576,65536,1,2010000,1613149332516896869
normal-o3,0,8,reuse,16,rust-vec,0,1048576,65536,1,1239000,1613149332516896869
normal-o3,0,8,reuse,16,cpp-std-vector,0,1048576,65536,1,2174000,1613149332516896869
normal-o3,0,8,reuse,16,reverse-c,1,1048576,65536,1,2323000,15534383740606742630
normal-o3,0,8,reuse,16,direct-c,1,1048576,65536,1,1793000,15534383740606742630
normal-o3,0,8,reuse,16,swap-take-c,1,1048576,65536,1,1928000,15534383740606742630
normal-o3,0,8,reuse,16,take-swap-c,1,1048576,65536,1,1994000,15534383740606742630
normal-o3,0,8,reuse,16,rust-vec,1,1048576,65536,1,1253000,15534383740606742630
normal-o3,0,8,reuse,16,cpp-std-vector,1,1048576,65536,1,2170000,15534383740606742630
normal-o3,0,8,reuse,16,whitefoot,1,1048576,65536,1,1566000,15534383740606742630
normal-o3,0,8,reuse,16,direct-c,2,1048576,65536,1,1776000,11203551505675976807
normal-o3,0,8,reuse,16,swap-take-c,2,1048576,65536,1,1939000,11203551505675976807
normal-o3,0,8,reuse,16,take-swap-c,2,1048576,65536,1,1988000,11203551505675976807
normal-o3,0,8,reuse,16,rust-vec,2,1048576,65536,1,1247000,11203551505675976807
normal-o3,0,8,reuse,16,cpp-std-vector,2,1048576,65536,1,2242000,11203551505675976807
normal-o3,0,8,reuse,16,whitefoot,2,1048576,65536,1,1585000,11203551505675976807
normal-o3,0,8,reuse,16,reverse-c,2,1048576,65536,1,2337000,11203551505675976807
normal-o3,0,8,reuse,16,swap-take-c,3,1048576,65536,1,1946000,598448321840808040
normal-o3,0,8,reuse,16,take-swap-c,3,1048576,65536,1,1997000,598448321840808040
normal-o3,0,8,reuse,16,rust-vec,3,1048576,65536,1,1236000,598448321840808040
normal-o3,0,8,reuse,16,cpp-std-vector,3,1048576,65536,1,2279000,598448321840808040
normal-o3,0,8,reuse,16,whitefoot,3,1048576,65536,1,1557000,598448321840808040
normal-o3,0,8,reuse,16,reverse-c,3,1048576,65536,1,2299000,598448321840808040
normal-o3,0,8,reuse,16,direct-c,3,1048576,65536,1,1782000,598448321840808040
normal-o3,0,8,reuse,16,take-swap-c,4,1048576,65536,1,2008000,3717605000514633833
normal-o3,0,8,reuse,16,rust-vec,4,1048576,65536,1,1245000,3717605000514633833
normal-o3,0,8,reuse,16,cpp-std-vector,4,1048576,65536,1,2163000,3717605000514633833
normal-o3,0,8,reuse,16,whitefoot,4,1048576,65536,1,1609000,3717605000514633833
normal-o3,0,8,reuse,16,reverse-c,4,1048576,65536,1,2297000,3717605000514633833
normal-o3,0,8,reuse,16,direct-c,4,1048576,65536,1,1957000,3717605000514633833
normal-o3,0,8,reuse,16,swap-take-c,4,1048576,65536,1,1920000,3717605000514633833
normal-o3,0,8,reuse,16,rust-vec,5,1048576,65536,1,1236000,7745013020975693930
normal-o3,0,8,reuse,16,cpp-std-vector,5,1048576,65536,1,2248000,7745013020975693930
normal-o3,0,8,reuse,16,whitefoot,5,1048576,65536,1,1663000,7745013020975693930
normal-o3,0,8,reuse,16,reverse-c,5,1048576,65536,1,2412000,7745013020975693930
normal-o3,0,8,reuse,16,direct-c,5,1048576,65536,1,1806000,7745013020975693930
normal-o3,0,8,reuse,16,swap-take-c,5,1048576,65536,1,2143000,7745013020975693930
normal-o3,0,8,reuse,16,take-swap-c,5,1048576,65536,1,2265000,7745013020975693930
normal-o3,0,8,reuse,16,cpp-std-vector,6,1048576,65536,1,2204000,6351481337365135467
normal-o3,0,8,reuse,16,whitefoot,6,1048576,65536,1,1555000,6351481337365135467
normal-o3,0,8,reuse,16,reverse-c,6,1048576,65536,1,2307000,6351481337365135467
normal-o3,0,8,reuse,16,direct-c,6,1048576,65536,1,1819000,6351481337365135467
normal-o3,0,8,reuse,16,swap-take-c,6,1048576,65536,1,1928000,6351481337365135467
normal-o3,0,8,reuse,16,take-swap-c,6,1048576,65536,1,2041000,6351481337365135467
normal-o3,0,8,reuse,16,rust-vec,6,1048576,65536,1,1247000,6351481337365135467
normal-o3,0,8,reuse,256,whitefoot,0,1048576,4096,1,1659000,1498897996573024357
normal-o3,0,8,reuse,256,reverse-c,0,1048576,4096,1,3083000,1498897996573024357
normal-o3,0,8,reuse,256,direct-c,0,1048576,4096,1,1538000,1498897996573024357
normal-o3,0,8,reuse,256,swap-take-c,0,1048576,4096,1,2051000,1498897996573024357
normal-o3,0,8,reuse,256,take-swap-c,0,1048576,4096,1,1977000,1498897996573024357
normal-o3,0,8,reuse,256,rust-vec,0,1048576,4096,1,1501000,1498897996573024357
normal-o3,0,8,reuse,256,cpp-std-vector,0,1048576,4096,1,2089000,1498897996573024357
normal-o3,0,8,reuse,256,reverse-c,1,1048576,4096,1,3279000,7707534785925595238
normal-o3,0,8,reuse,256,direct-c,1,1048576,4096,1,1564000,7707534785925595238
normal-o3,0,8,reuse,256,swap-take-c,1,1048576,4096,1,2056000,7707534785925595238
normal-o3,0,8,reuse,256,take-swap-c,1,1048576,4096,1,2034000,7707534785925595238
normal-o3,0,8,reuse,256,rust-vec,1,1048576,4096,1,1472000,7707534785925595238
normal-o3,0,8,reuse,256,cpp-std-vector,1,1048576,4096,1,2111000,7707534785925595238
normal-o3,0,8,reuse,256,whitefoot,1,1048576,4096,1,1565000,7707534785925595238
normal-o3,0,8,reuse,256,direct-c,2,1048576,4096,1,1539000,5506079726878842983
normal-o3,0,8,reuse,256,swap-take-c,2,1048576,4096,1,2053000,5506079726878842983
normal-o3,0,8,reuse,256,take-swap-c,2,1048576,4096,1,2072000,5506079726878842983
normal-o3,0,8,reuse,256,rust-vec,2,1048576,4096,1,1536000,5506079726878842983
normal-o3,0,8,reuse,256,cpp-std-vector,2,1048576,4096,1,2213000,5506079726878842983
normal-o3,0,8,reuse,256,whitefoot,2,1048576,4096,1,1555000,5506079726878842983
normal-o3,0,8,reuse,256,reverse-c,2,1048576,4096,1,3132000,5506079726878842983
normal-o3,0,8,reuse,256,swap-take-c,3,1048576,4096,1,2071000,5888291873035911272
normal-o3,0,8,reuse,256,take-swap-c,3,1048576,4096,1,1973000,5888291873035911272
normal-o3,0,8,reuse,256,rust-vec,3,1048576,4096,1,1468000,5888291873035911272
normal-o3,0,8,reuse,256,cpp-std-vector,3,1048576,4096,1,2089000,5888291873035911272
normal-o3,0,8,reuse,256,whitefoot,3,1048576,4096,1,1570000,5888291873035911272
normal-o3,0,8,reuse,256,reverse-c,3,1048576,4096,1,3134000,5888291873035911272
normal-o3,0,8,reuse,256,direct-c,3,1048576,4096,1,1557000,5888291873035911272
normal-o3,0,8,reuse,256,take-swap-c,4,1048576,4096,1,2050000,7512286317303570537
normal-o3,0,8,reuse,256,rust-vec,4,1048576,4096,1,1486000,7512286317303570537
normal-o3,0,8,reuse,256,cpp-std-vector,4,1048576,4096,1,2045000,7512286317303570537
normal-o3,0,8,reuse,256,whitefoot,4,1048576,4096,1,1569000,7512286317303570537
normal-o3,0,8,reuse,256,reverse-c,4,1048576,4096,1,3089000,7512286317303570537
normal-o3,0,8,reuse,256,direct-c,4,1048576,4096,1,1535000,7512286317303570537
normal-o3,0,8,reuse,256,swap-take-c,4,1048576,4096,1,2077000,7512286317303570537
normal-o3,0,8,reuse,256,rust-vec,5,1048576,4096,1,1535000,13357584908658163818
normal-o3,0,8,reuse,256,cpp-std-vector,5,1048576,4096,1,2041000,13357584908658163818
normal-o3,0,8,reuse,256,whitefoot,5,1048576,4096,1,1559000,13357584908658163818
normal-o3,0,8,reuse,256,reverse-c,5,1048576,4096,1,3091000,13357584908658163818
normal-o3,0,8,reuse,256,direct-c,5,1048576,4096,1,1571000,13357584908658163818
normal-o3,0,8,reuse,256,swap-take-c,5,1048576,4096,1,2081000,13357584908658163818
normal-o3,0,8,reuse,256,take-swap-c,5,1048576,4096,1,2039000,13357584908658163818
normal-o3,0,8,reuse,256,cpp-std-vector,6,1048576,4096,1,2095000,10011933332678926443
normal-o3,0,8,reuse,256,whitefoot,6,1048576,4096,1,1560000,10011933332678926443
normal-o3,0,8,reuse,256,reverse-c,6,1048576,4096,1,3135000,10011933332678926443
normal-o3,0,8,reuse,256,direct-c,6,1048576,4096,1,1537000,10011933332678926443
normal-o3,0,8,reuse,256,swap-take-c,6,1048576,4096,1,2049000,10011933332678926443
normal-o3,0,8,reuse,256,take-swap-c,6,1048576,4096,1,2044000,10011933332678926443
normal-o3,0,8,reuse,256,rust-vec,6,1048576,4096,1,1467000,10011933332678926443
normal-o3,0,8,reuse,4096,whitefoot,0,1048576,256,1,1651000,2256710881311081573
normal-o3,0,8,reuse,4096,reverse-c,0,1048576,256,1,2905000,2256710881311081573
normal-o3,0,8,reuse,4096,direct-c,0,1048576,256,1,1627000,2256710881311081573
normal-o3,0,8,reuse,4096,swap-take-c,0,1048576,256,1,2113000,2256710881311081573
normal-o3,0,8,reuse,4096,take-swap-c,0,1048576,256,1,2027000,2256710881311081573
normal-o3,0,8,reuse,4096,rust-vec,0,1048576,256,1,1531000,2256710881311081573
normal-o3,0,8,reuse,4096,cpp-std-vector,0,1048576,256,1,2058000,2256710881311081573
normal-o3,0,8,reuse,4096,reverse-c,1,1048576,256,1,2823000,6904654748820097126
normal-o3,0,8,reuse,4096,direct-c,1,1048576,256,1,1620000,6904654748820097126
normal-o3,0,8,reuse,4096,swap-take-c,1,1048576,256,1,2115000,6904654748820097126
normal-o3,0,8,reuse,4096,take-swap-c,1,1048576,256,1,2025000,6904654748820097126
normal-o3,0,8,reuse,4096,rust-vec,1,1048576,256,1,1499000,6904654748820097126
normal-o3,0,8,reuse,4096,cpp-std-vector,1,1048576,256,1,2025000,6904654748820097126
normal-o3,0,8,reuse,4096,whitefoot,1,1048576,256,1,1649000,6904654748820097126
normal-o3,0,8,reuse,4096,direct-c,2,1048576,256,1,1620000,16426223538089053287
normal-o3,0,8,reuse,4096,swap-take-c,2,1048576,256,1,2125000,16426223538089053287
normal-o3,0,8,reuse,4096,take-swap-c,2,1048576,256,1,2110000,16426223538089053287
normal-o3,0,8,reuse,4096,rust-vec,2,1048576,256,1,1545000,16426223538089053287
normal-o3,0,8,reuse,4096,cpp-std-vector,2,1048576,256,1,2090000,16426223538089053287
normal-o3,0,8,reuse,4096,whitefoot,2,1048576,256,1,1649000,16426223538089053287
normal-o3,0,8,reuse,4096,reverse-c,2,1048576,256,1,2865000,16426223538089053287
normal-o3,0,8,reuse,4096,swap-take-c,3,1048576,256,1,2118000,9531859752620511336
normal-o3,0,8,reuse,4096,take-swap-c,3,1048576,256,1,2020000,9531859752620511336
normal-o3,0,8,reuse,4096,rust-vec,3,1048576,256,1,1527000,9531859752620511336
normal-o3,0,8,reuse,4096,cpp-std-vector,3,1048576,256,1,1999000,9531859752620511336
normal-o3,0,8,reuse,4096,whitefoot,3,1048576,256,1,1662000,9531859752620511336
normal-o3,0,8,reuse,4096,reverse-c,3,1048576,256,1,2805000,9531859752620511336
normal-o3,0,8,reuse,4096,direct-c,3,1048576,256,1,1619000,9531859752620511336
normal-o3,0,8,reuse,4096,take-swap-c,4,1048576,256,1,2023000,14830550356061344873
normal-o3,0,8,reuse,4096,rust-vec,4,1048576,256,1,1498000,14830550356061344873
normal-o3,0,8,reuse,4096,cpp-std-vector,4,1048576,256,1,2043000,14830550356061344873
normal-o3,0,8,reuse,4096,whitefoot,4,1048576,256,1,1650000,14830550356061344873
normal-o3,0,8,reuse,4096,reverse-c,4,1048576,256,1,2898000,14830550356061344873
normal-o3,0,8,reuse,4096,direct-c,4,1048576,256,1,1620000,14830550356061344873
normal-o3,0,8,reuse,4096,swap-take-c,4,1048576,256,1,2112000,14830550356061344873
normal-o3,0,8,reuse,4096,rust-vec,5,1048576,256,1,1508000,11014393161628833898
normal-o3,0,8,reuse,4096,cpp-std-vector,5,1048576,256,1,2068000,11014393161628833898
normal-o3,0,8,reuse,4096,whitefoot,5,1048576,256,1,1649000,11014393161628833898
normal-o3,0,8,reuse,4096,reverse-c,5,1048576,256,1,2819000,11014393161628833898
normal-o3,0,8,reuse,4096,direct-c,5,1048576,256,1,1627000,11014393161628833898
normal-o3,0,8,reuse,4096,swap-take-c,5,1048576,256,1,2125000,11014393161628833898
normal-o3,0,8,reuse,4096,take-swap-c,5,1048576,256,1,2051000,11014393161628833898
normal-o3,0,8,reuse,4096,cpp-std-vector,6,1048576,256,1,1996000,3531045655943011435
normal-o3,0,8,reuse,4096,whitefoot,6,1048576,256,1,1665000,3531045655943011435
normal-o3,0,8,reuse,4096,reverse-c,6,1048576,256,1,2808000,3531045655943011435
normal-o3,0,8,reuse,4096,direct-c,6,1048576,256,1,1619000,3531045655943011435
normal-o3,0,8,reuse,4096,swap-take-c,6,1048576,256,1,2120000,3531045655943011435
normal-o3,0,8,reuse,4096,take-swap-c,6,1048576,256,1,2062000,3531045655943011435
normal-o3,0,8,reuse,4096,rust-vec,6,1048576,256,1,1572000,3531045655943011435
normal-o3,0,8,suffix-0,16,whitefoot,0,1048576,1048576,1,977000,1953714321357298
normal-o3,0,8,suffix-0,16,reverse-c,0,1048576,1048576,1,974000,1953714321357298
normal-o3,0,8,suffix-0,16,direct-c,0,1048576,1048576,1,2790000,1953714321357298
normal-o3,0,8,suffix-0,16,swap-take-c,0,1048576,1048576,1,2811000,1953714321357298
normal-o3,0,8,suffix-0,16,take-swap-c,0,1048576,1048576,1,984000,1953714321357298
normal-o3,0,8,suffix-0,16,rust-vec,0,1048576,1048576,1,1012000,1953714321357298
normal-o3,0,8,suffix-0,16,cpp-std-vector,0,1048576,1048576,1,982000,1953714321357298
normal-o3,0,8,suffix-0,16,reverse-c,1,1048576,1048576,1,975000,7188693379551418836
normal-o3,0,8,suffix-0,16,direct-c,1,1048576,1048576,1,2772000,7188693379551418836
normal-o3,0,8,suffix-0,16,swap-take-c,1,1048576,1048576,1,2788000,7188693379551418836
normal-o3,0,8,suffix-0,16,take-swap-c,1,1048576,1048576,1,982000,7188693379551418836
normal-o3,0,8,suffix-0,16,rust-vec,1,1048576,1048576,1,1001000,7188693379551418836
normal-o3,0,8,suffix-0,16,cpp-std-vector,1,1048576,1048576,1,981000,7188693379551418836
normal-o3,0,8,suffix-0,16,whitefoot,1,1048576,1048576,1,977000,7188693379551418836
normal-o3,0,8,suffix-0,16,direct-c,2,1048576,1048576,1,2770000,14375433044781480374
normal-o3,0,8,suffix-0,16,swap-take-c,2,1048576,1048576,1,2775000,14375433044781480374
normal-o3,0,8,suffix-0,16,take-swap-c,2,1048576,1048576,1,995000,14375433044781480374
normal-o3,0,8,suffix-0,16,rust-vec,2,1048576,1048576,1,1039000,14375433044781480374
normal-o3,0,8,suffix-0,16,cpp-std-vector,2,1048576,1048576,1,1027000,14375433044781480374
normal-o3,0,8,suffix-0,16,whitefoot,2,1048576,1048576,1,984000,14375433044781480374
normal-o3,0,8,suffix-0,16,reverse-c,2,1048576,1048576,1,980000,14375433044781480374
normal-o3,0,8,suffix-0,16,swap-take-c,3,1048576,1048576,1,2804000,3115428636301990296
normal-o3,0,8,suffix-0,16,take-swap-c,3,1048576,1048576,1,980000,3115428636301990296
normal-o3,0,8,suffix-0,16,rust-vec,3,1048576,1048576,1,1025000,3115428636301990296
normal-o3,0,8,suffix-0,16,cpp-std-vector,3,1048576,1048576,1,1000000,3115428636301990296
normal-o3,0,8,suffix-0,16,whitefoot,3,1048576,1048576,1,980000,3115428636301990296
normal-o3,0,8,suffix-0,16,reverse-c,3,1048576,1048576,1,978000,3115428636301990296
normal-o3,0,8,suffix-0,16,direct-c,3,1048576,1048576,1,2786000,3115428636301990296
normal-o3,0,8,suffix-0,16,take-swap-c,4,1048576,1048576,1,988000,10302168301532051834
normal-o3,0,8,suffix-0,16,rust-vec,4,1048576,1048576,1,996000,10302168301532051834
normal-o3,0,8,suffix-0,16,cpp-std-vector,4,1048576,1048576,1,979000,10302168301532051834
normal-o3,0,8,suffix-0,16,whitefoot,4,1048576,1048576,1,974000,10302168301532051834
normal-o3,0,8,suffix-0,16,reverse-c,4,1048576,1048576,1,983000,10302168301532051834
normal-o3,0,8,suffix-0,16,direct-c,4,1048576,1048576,1,2767000,10302168301532051834
normal-o3,0,8,suffix-0,16,swap-take-c,4,1048576,1048576,1,2783000,10302168301532051834
normal-o3,0,8,suffix-0,16,rust-vec,5,1048576,1048576,1,1007000,17488907966762113372
normal-o3,0,8,suffix-0,16,cpp-std-vector,5,1048576,1048576,1,982000,17488907966762113372
normal-o3,0,8,suffix-0,16,whitefoot,5,1048576,1048576,1,979000,17488907966762113372
normal-o3,0,8,suffix-0,16,reverse-c,5,1048576,1048576,1,978000,17488907966762113372
normal-o3,0,8,suffix-0,16,direct-c,5,1048576,1048576,1,2874000,17488907966762113372
normal-o3,0,8,suffix-0,16,swap-take-c,5,1048576,1048576,1,2828000,17488907966762113372
normal-o3,0,8,suffix-0,16,take-swap-c,5,1048576,1048576,1,986000,17488907966762113372
normal-o3,0,8,suffix-0,16,cpp-std-vector,6,1048576,1048576,1,982000,6228903558282623294
normal-o3,0,8,suffix-0,16,whitefoot,6,1048576,1048576,1,999000,6228903558282623294
normal-o3,0,8,suffix-0,16,reverse-c,6,1048576,1048576,1,975000,6228903558282623294
normal-o3,0,8,suffix-0,16,direct-c,6,1048576,1048576,1,2837000,6228903558282623294
normal-o3,0,8,suffix-0,16,swap-take-c,6,1048576,1048576,1,2823000,6228903558282623294
normal-o3,0,8,suffix-0,16,take-swap-c,6,1048576,1048576,1,990000,6228903558282623294
normal-o3,0,8,suffix-0,16,rust-vec,6,1048576,1048576,1,999000,6228903558282623294
normal-o3,0,8,suffix-0,256,whitefoot,0,1048576,1048576,1,984000,17116383760326379594
normal-o3,0,8,suffix-0,256,reverse-c,0,1048576,1048576,1,1030000,17116383760326379594
normal-o3,0,8,suffix-0,256,direct-c,0,1048576,1048576,1,2799000,17116383760326379594
normal-o3,0,8,suffix-0,256,swap-take-c,0,1048576,1048576,1,2772000,17116383760326379594
normal-o3,0,8,suffix-0,256,take-swap-c,0,1048576,1048576,1,990000,17116383760326379594
normal-o3,0,8,suffix-0,256,rust-vec,0,1048576,1048576,1,994000,17116383760326379594
normal-o3,0,8,suffix-0,256,cpp-std-vector,0,1048576,1048576,1,995000,17116383760326379594
normal-o3,0,8,suffix-0,256,reverse-c,1,1048576,1048576,1,990000,18422461136700962636
normal-o3,0,8,suffix-0,256,direct-c,1,1048576,1048576,1,2771000,18422461136700962636
normal-o3,0,8,suffix-0,256,swap-take-c,1,1048576,1048576,1,2809000,18422461136700962636
normal-o3,0,8,suffix-0,256,take-swap-c,1,1048576,1048576,1,1083000,18422461136700962636
normal-o3,0,8,suffix-0,256,rust-vec,1,1048576,1048576,1,985000,18422461136700962636
normal-o3,0,8,suffix-0,256,cpp-std-vector,1,1048576,1048576,1,1003000,18422461136700962636
normal-o3,0,8,suffix-0,256,whitefoot,1,1048576,1048576,1,1006000,18422461136700962636
normal-o3,0,8,suffix-0,256,direct-c,2,1048576,1048576,1,2765000,1281794439365994062
normal-o3,0,8,suffix-0,256,swap-take-c,2,1048576,1048576,1,2815000,1281794439365994062
normal-o3,0,8,suffix-0,256,take-swap-c,2,1048576,1048576,1,984000,1281794439365994062
normal-o3,0,8,suffix-0,256,rust-vec,2,1048576,1048576,1,984000,1281794439365994062
normal-o3,0,8,suffix-0,256,cpp-std-vector,2,1048576,1048576,1,983000,1281794439365994062
normal-o3,0,8,suffix-0,256,whitefoot,2,1048576,1048576,1,994000,1281794439365994062
normal-o3,0,8,suffix-0,256,reverse-c,2,1048576,1048576,1,978000,1281794439365994062
normal-o3,0,8,suffix-0,256,swap-take-c,3,1048576,1048576,1,2817000,2587871815740577104
normal-o3,0,8,suffix-0,256,take-swap-c,3,1048576,1048576,1,994000,2587871815740577104
normal-o3,0,8,suffix-0,256,rust-vec,3,1048576,1048576,1,1013000,2587871815740577104
normal-o3,0,8,suffix-0,256,cpp-std-vector,3,1048576,1048576,1,982000,2587871815740577104
normal-o3,0,8,suffix-0,256,whitefoot,3,1048576,1048576,1,990000,2587871815740577104
normal-o3,0,8,suffix-0,256,reverse-c,3,1048576,1048576,1,976000,2587871815740577104
normal-o3,0,8,suffix-0,256,direct-c,3,1048576,1048576,1,2784000,2587871815740577104
normal-o3,0,8,suffix-0,256,take-swap-c,4,1048576,1048576,1,989000,3893949192115160146
normal-o3,0,8,suffix-0,256,rust-vec,4,1048576,1048576,1,988000,3893949192115160146
normal-o3,0,8,suffix-0,256,cpp-std-vector,4,1048576,1048576,1,995000,3893949192115160146
normal-o3,0,8,suffix-0,256,whitefoot,4,1048576,1048576,1,981000,3893949192115160146
normal-o3,0,8,suffix-0,256,reverse-c,4,1048576,1048576,1,985000,3893949192115160146
normal-o3,0,8,suffix-0,256,direct-c,4,1048576,1048576,1,2846000,3893949192115160146
normal-o3,0,8,suffix-0,256,swap-take-c,4,1048576,1048576,1,2777000,3893949192115160146
normal-o3,0,8,suffix-0,256,rust-vec,5,1048576,1048576,1,985000,5200026568489743188
normal-o3,0,8,suffix-0,256,cpp-std-vector,5,1048576,1048576,1,980000,5200026568489743188
normal-o3,0,8,suffix-0,256,whitefoot,5,1048576,1048576,1,996000,5200026568489743188
normal-o3,0,8,suffix-0,256,reverse-c,5,1048576,1048576,1,1007000,5200026568489743188
normal-o3,0,8,suffix-0,256,direct-c,5,1048576,1048576,1,2804000,5200026568489743188
normal-o3,0,8,suffix-0,256,swap-take-c,5,1048576,1048576,1,2816000,5200026568489743188
normal-o3,0,8,suffix-0,256,take-swap-c,5,1048576,1048576,1,983000,5200026568489743188
normal-o3,0,8,suffix-0,256,cpp-std-vector,6,1048576,1048576,1,980000,6506103944864326230
normal-o3,0,8,suffix-0,256,whitefoot,6,1048576,1048576,1,978000,6506103944864326230
normal-o3,0,8,suffix-0,256,reverse-c,6,1048576,1048576,1,999000,6506103944864326230
normal-o3,0,8,suffix-0,256,direct-c,6,1048576,1048576,1,2774000,6506103944864326230
normal-o3,0,8,suffix-0,256,swap-take-c,6,1048576,1048576,1,2797000,6506103944864326230
normal-o3,0,8,suffix-0,256,take-swap-c,6,1048576,1048576,1,979000,6506103944864326230
normal-o3,0,8,suffix-0,256,rust-vec,6,1048576,1048576,1,988000,6506103944864326230
normal-o3,0,8,suffix-0,4096,whitefoot,0,1048576,1048576,1,994000,4677669742816693706
normal-o3,0,8,suffix-0,4096,reverse-c,0,1048576,1048576,1,982000,4677669742816693706
normal-o3,0,8,suffix-0,4096,direct-c,0,1048576,1048576,1,2801000,4677669742816693706
normal-o3,0,8,suffix-0,4096,swap-take-c,0,1048576,1048576,1,2893000,4677669742816693706
normal-o3,0,8,suffix-0,4096,take-swap-c,0,1048576,1048576,1,993000,4677669742816693706
normal-o3,0,8,suffix-0,4096,rust-vec,0,1048576,1048576,1,989000,4677669742816693706
normal-o3,0,8,suffix-0,4096,cpp-std-vector,0,1048576,1048576,1,994000,4677669742816693706
normal-o3,0,8,suffix-0,4096,reverse-c,1,1048576,1048576,1,986000,3271637737093033676
normal-o3,0,8,suffix-0,4096,direct-c,1,1048576,1048576,1,2825000,3271637737093033676
normal-o3,0,8,suffix-0,4096,swap-take-c,1,1048576,1048576,1,2778000,3271637737093033676
normal-o3,0,8,suffix-0,4096,take-swap-c,1,1048576,1048576,1,995000,3271637737093033676
normal-o3,0,8,suffix-0,4096,rust-vec,1,1048576,1048576,1,988000,3271637737093033676
normal-o3,0,8,suffix-0,4096,cpp-std-vector,1,1048576,1048576,1,990000,3271637737093033676
normal-o3,0,8,suffix-0,4096,whitefoot,1,1048576,1048576,1,986000,3271637737093033676
normal-o3,0,8,suffix-0,4096,direct-c,2,1048576,1048576,1,2790000,1865605731369373646
normal-o3,0,8,suffix-0,4096,swap-take-c,2,1048576,1048576,1,2808000,1865605731369373646
normal-o3,0,8,suffix-0,4096,take-swap-c,2,1048576,1048576,1,995000,1865605731369373646
normal-o3,0,8,suffix-0,4096,rust-vec,2,1048576,1048576,1,995000,1865605731369373646
normal-o3,0,8,suffix-0,4096,cpp-std-vector,2,1048576,1048576,1,987000,1865605731369373646
normal-o3,0,8,suffix-0,4096,whitefoot,2,1048576,1048576,1,983000,1865605731369373646
normal-o3,0,8,suffix-0,4096,reverse-c,2,1048576,1048576,1,989000,1865605731369373646
normal-o3,0,8,suffix-0,4096,swap-take-c,3,1048576,1048576,1,2827000,459573725645713616
normal-o3,0,8,suffix-0,4096,take-swap-c,3,1048576,1048576,1,1001000,459573725645713616
normal-o3,0,8,suffix-0,4096,rust-vec,3,1048576,1048576,1,1046000,459573725645713616
normal-o3,0,8,suffix-0,4096,cpp-std-vector,3,1048576,1048576,1,1024000,459573725645713616
normal-o3,0,8,suffix-0,4096,whitefoot,3,1048576,1048576,1,997000,459573725645713616
normal-o3,0,8,suffix-0,4096,reverse-c,3,1048576,1048576,1,991000,459573725645713616
normal-o3,0,8,suffix-0,4096,direct-c,3,1048576,1048576,1,2770000,459573725645713616
normal-o3,0,8,suffix-0,4096,take-swap-c,4,1048576,1048576,1,995000,17500285793631605202
normal-o3,0,8,suffix-0,4096,rust-vec,4,1048576,1048576,1,1043000,17500285793631605202
normal-o3,0,8,suffix-0,4096,cpp-std-vector,4,1048576,1048576,1,987000,17500285793631605202
normal-o3,0,8,suffix-0,4096,whitefoot,4,1048576,1048576,1,989000,17500285793631605202
normal-o3,0,8,suffix-0,4096,reverse-c,4,1048576,1048576,1,981000,17500285793631605202
normal-o3,0,8,suffix-0,4096,direct-c,4,1048576,1048576,1,2863000,17500285793631605202
normal-o3,0,8,suffix-0,4096,swap-take-c,4,1048576,1048576,1,2813000,17500285793631605202
normal-o3,0,8,suffix-0,4096,rust-vec,5,1048576,1048576,1,1004000,16094253787907945172
normal-o3,0,8,suffix-0,4096,cpp-std-vector,5,1048576,1048576,1,994000,16094253787907945172
normal-o3,0,8,suffix-0,4096,whitefoot,5,1048576,1048576,1,981000,16094253787907945172
normal-o3,0,8,suffix-0,4096,reverse-c,5,1048576,1048576,1,982000,16094253787907945172
normal-o3,0,8,suffix-0,4096,direct-c,5,1048576,1048576,1,2771000,16094253787907945172
normal-o3,0,8,suffix-0,4096,swap-take-c,5,1048576,1048576,1,2783000,16094253787907945172
normal-o3,0,8,suffix-0,4096,take-swap-c,5,1048576,1048576,1,1098000,16094253787907945172
normal-o3,0,8,suffix-0,4096,cpp-std-vector,6,1048576,1048576,1,987000,14688221782184285142
normal-o3,0,8,suffix-0,4096,whitefoot,6,1048576,1048576,1,983000,14688221782184285142
normal-o3,0,8,suffix-0,4096,reverse-c,6,1048576,1048576,1,984000,14688221782184285142
normal-o3,0,8,suffix-0,4096,direct-c,6,1048576,1048576,1,2782000,14688221782184285142
normal-o3,0,8,suffix-0,4096,swap-take-c,6,1048576,1048576,1,2846000,14688221782184285142
normal-o3,0,8,suffix-0,4096,take-swap-c,6,1048576,1048576,1,999000,14688221782184285142
normal-o3,0,8,suffix-0,4096,rust-vec,6,1048576,1048576,1,1015000,14688221782184285142
normal-o3,0,8,suffix-1,16,whitefoot,0,1048576,1048576,1,2946000,929898191272797080
normal-o3,0,8,suffix-1,16,reverse-c,0,1048576,1048576,1,3248000,929898191272797080
normal-o3,0,8,suffix-1,16,direct-c,0,1048576,1048576,1,2790000,929898191272797080
normal-o3,0,8,suffix-1,16,swap-take-c,0,1048576,1048576,1,3404000,929898191272797080
normal-o3,0,8,suffix-1,16,take-swap-c,0,1048576,1048576,1,3284000,929898191272797080
normal-o3,0,8,suffix-1,16,rust-vec,0,1048576,1048576,1,1544000,929898191272797080
normal-o3,0,8,suffix-1,16,cpp-std-vector,0,1048576,1048576,1,2938000,929898191272797080
normal-o3,0,8,suffix-1,16,reverse-c,1,1048576,1048576,1,3265000,4026886324240061497
normal-o3,0,8,suffix-1,16,direct-c,1,1048576,1048576,1,2779000,4026886324240061497
normal-o3,0,8,suffix-1,16,swap-take-c,1,1048576,1048576,1,3386000,4026886324240061497
normal-o3,0,8,suffix-1,16,take-swap-c,1,1048576,1048576,1,3362000,4026886324240061497
normal-o3,0,8,suffix-1,16,rust-vec,1,1048576,1048576,1,1544000,4026886324240061497
normal-o3,0,8,suffix-1,16,cpp-std-vector,1,1048576,1048576,1,2925000,4026886324240061497
normal-o3,0,8,suffix-1,16,whitefoot,1,1048576,1048576,1,2956000,4026886324240061497
normal-o3,0,8,suffix-1,16,direct-c,2,1048576,1048576,1,2924000,7123874457207325914
normal-o3,0,8,suffix-1,16,swap-take-c,2,1048576,1048576,1,3414000,7123874457207325914
normal-o3,0,8,suffix-1,16,take-swap-c,2,1048576,1048576,1,3283000,7123874457207325914
normal-o3,0,8,suffix-1,16,rust-vec,2,1048576,1048576,1,1551000,7123874457207325914
normal-o3,0,8,suffix-1,16,cpp-std-vector,2,1048576,1048576,1,2940000,7123874457207325914
normal-o3,0,8,suffix-1,16,whitefoot,2,1048576,1048576,1,2997000,7123874457207325914
normal-o3,0,8,suffix-1,16,reverse-c,2,1048576,1048576,1,3257000,7123874457207325914
normal-o3,0,8,suffix-1,16,swap-take-c,3,1048576,1048576,1,3413000,10220862590174590331
normal-o3,0,8,suffix-1,16,take-swap-c,3,1048576,1048576,1,3290000,10220862590174590331
normal-o3,0,8,suffix-1,16,rust-vec,3,1048576,1048576,1,1553000,10220862590174590331
normal-o3,0,8,suffix-1,16,cpp-std-vector,3,1048576,1048576,1,3153000,10220862590174590331
normal-o3,0,8,suffix-1,16,whitefoot,3,1048576,1048576,1,3109000,10220862590174590331
normal-o3,0,8,suffix-1,16,reverse-c,3,1048576,1048576,1,3299000,10220862590174590331
normal-o3,0,8,suffix-1,16,direct-c,3,1048576,1048576,1,2989000,10220862590174590331
normal-o3,0,8,suffix-1,16,take-swap-c,4,1048576,1048576,1,3397000,13317850723141854748
normal-o3,0,8,suffix-1,16,rust-vec,4,1048576,1048576,1,1615000,13317850723141854748
normal-o3,0,8,suffix-1,16,cpp-std-vector,4,1048576,1048576,1,2969000,13317850723141854748
normal-o3,0,8,suffix-1,16,whitefoot,4,1048576,1048576,1,3076000,13317850723141854748
normal-o3,0,8,suffix-1,16,reverse-c,4,1048576,1048576,1,3366000,13317850723141854748
normal-o3,0,8,suffix-1,16,direct-c,4,1048576,1048576,1,2997000,13317850723141854748
normal-o3,0,8,suffix-1,16,swap-take-c,4,1048576,1048576,1,3509000,13317850723141854748
normal-o3,0,8,suffix-1,16,rust-vec,5,1048576,1048576,1,1655000,16414838856109119165
normal-o3,0,8,suffix-1,16,cpp-std-vector,5,1048576,1048576,1,3091000,16414838856109119165
normal-o3,0,8,suffix-1,16,whitefoot,5,1048576,1048576,1,3171000,16414838856109119165
normal-o3,0,8,suffix-1,16,reverse-c,5,1048576,1048576,1,3323000,16414838856109119165
normal-o3,0,8,suffix-1,16,direct-c,5,1048576,1048576,1,2868000,16414838856109119165
normal-o3,0,8,suffix-1,16,swap-take-c,5,1048576,1048576,1,3461000,16414838856109119165
normal-o3,0,8,suffix-1,16,take-swap-c,5,1048576,1048576,1,3378000,16414838856109119165
normal-o3,0,8,suffix-1,16,cpp-std-vector,6,1048576,1048576,1,2933000,1065082915366831966
normal-o3,0,8,suffix-1,16,whitefoot,6,1048576,1048576,1,2879000,1065082915366831966
normal-o3,0,8,suffix-1,16,reverse-c,6,1048576,1048576,1,3255000,1065082915366831966
normal-o3,0,8,suffix-1,16,direct-c,6,1048576,1048576,1,2799000,1065082915366831966
normal-o3,0,8,suffix-1,16,swap-take-c,6,1048576,1048576,1,3390000,1065082915366831966
normal-o3,0,8,suffix-1,16,take-swap-c,6,1048576,1048576,1,3459000,1065082915366831966
normal-o3,0,8,suffix-1,16,rust-vec,6,1048576,1048576,1,1687000,1065082915366831966
normal-o3,0,8,suffix-1,256,whitefoot,0,1048576,1048576,1,3120000,14065998348325884944
normal-o3,0,8,suffix-1,256,reverse-c,0,1048576,1048576,1,3455000,14065998348325884944
normal-o3,0,8,suffix-1,256,direct-c,0,1048576,1048576,1,3014000,14065998348325884944
normal-o3,0,8,suffix-1,256,swap-take-c,0,1048576,1048576,1,3669000,14065998348325884944
normal-o3,0,8,suffix-1,256,take-swap-c,0,1048576,1048576,1,3458000,14065998348325884944
normal-o3,0,8,suffix-1,256,rust-vec,0,1048576,1048576,1,1700000,14065998348325884944
normal-o3,0,8,suffix-1,256,cpp-std-vector,0,1048576,1048576,1,3157000,14065998348325884944
normal-o3,0,8,suffix-1,256,reverse-c,1,1048576,1048576,1,3489000,5008019667339890449
normal-o3,0,8,suffix-1,256,direct-c,1,1048576,1048576,1,2850000,5008019667339890449
normal-o3,0,8,suffix-1,256,swap-take-c,1,1048576,1048576,1,3456000,5008019667339890449
normal-o3,0,8,suffix-1,256,take-swap-c,1,1048576,1048576,1,3407000,5008019667339890449
normal-o3,0,8,suffix-1,256,rust-vec,1,1048576,1048576,1,1640000,5008019667339890449
normal-o3,0,8,suffix-1,256,cpp-std-vector,1,1048576,1048576,1,2965000,5008019667339890449
normal-o3,0,8,suffix-1,256,whitefoot,1,1048576,1048576,1,2981000,5008019667339890449
normal-o3,0,8,suffix-1,256,direct-c,2,1048576,1048576,1,2962000,14396785060063447570
normal-o3,0,8,suffix-1,256,swap-take-c,2,1048576,1048576,1,3588000,14396785060063447570
normal-o3,0,8,suffix-1,256,take-swap-c,2,1048576,1048576,1,3409000,14396785060063447570
normal-o3,0,8,suffix-1,256,rust-vec,2,1048576,1048576,1,1646000,14396785060063447570
normal-o3,0,8,suffix-1,256,cpp-std-vector,2,1048576,1048576,1,3040000,14396785060063447570
normal-o3,0,8,suffix-1,256,whitefoot,2,1048576,1048576,1,2935000,14396785060063447570
normal-o3,0,8,suffix-1,256,reverse-c,2,1048576,1048576,1,3371000,14396785060063447570
normal-o3,0,8,suffix-1,256,swap-take-c,3,1048576,1048576,1,3549000,5338806379077453075
normal-o3,0,8,suffix-1,256,take-swap-c,3,1048576,1048576,1,3352000,5338806379077453075
normal-o3,0,8,suffix-1,256,rust-vec,3,1048576,1048576,1,1592000,5338806379077453075
normal-o3,0,8,suffix-1,256,cpp-std-vector,3,1048576,1048576,1,3050000,5338806379077453075
normal-o3,0,8,suffix-1,256,whitefoot,3,1048576,1048576,1,3063000,5338806379077453075
normal-o3,0,8,suffix-1,256,reverse-c,3,1048576,1048576,1,3381000,5338806379077453075
normal-o3,0,8,suffix-1,256,direct-c,3,1048576,1048576,1,2955000,5338806379077453075
normal-o3,0,8,suffix-1,256,take-swap-c,4,1048576,1048576,1,3335000,14727571771801010196
normal-o3,0,8,suffix-1,256,rust-vec,4,1048576,1048576,1,1604000,14727571771801010196
normal-o3,0,8,suffix-1,256,cpp-std-vector,4,1048576,1048576,1,3109000,14727571771801010196
normal-o3,0,8,suffix-1,256,whitefoot,4,1048576,1048576,1,3051000,14727571771801010196
normal-o3,0,8,suffix-1,256,reverse-c,4,1048576,1048576,1,3235000,14727571771801010196
normal-o3,0,8,suffix-1,256,direct-c,4,1048576,1048576,1,2782000,14727571771801010196
normal-o3,0,8,suffix-1,256,swap-take-c,4,1048576,1048576,1,3506000,14727571771801010196
normal-o3,0,8,suffix-1,256,rust-vec,5,1048576,1048576,1,1590000,5669593090815015701
normal-o3,0,8,suffix-1,256,cpp-std-vector,5,1048576,1048576,1,3024000,5669593090815015701
normal-o3,0,8,suffix-1,256,whitefoot,5,1048576,1048576,1,3106000,5669593090815015701
normal-o3,0,8,suffix-1,256,reverse-c,5,1048576,1048576,1,3257000,5669593090815015701
normal-o3,0,8,suffix-1,256,direct-c,5,1048576,1048576,1,2784000,5669593090815015701
normal-o3,0,8,suffix-1,256,swap-take-c,5,1048576,1048576,1,3391000,5669593090815015701
normal-o3,0,8,suffix-1,256,take-swap-c,5,1048576,1048576,1,3272000,5669593090815015701
normal-o3,0,8,suffix-1,256,cpp-std-vector,6,1048576,1048576,1,2947000,15058358483538572822
normal-o3,0,8,suffix-1,256,whitefoot,6,1048576,1048576,1,2944000,15058358483538572822
normal-o3,0,8,suffix-1,256,reverse-c,6,1048576,1048576,1,3489000,15058358483538572822
normal-o3,0,8,suffix-1,256,direct-c,6,1048576,1048576,1,2997000,15058358483538572822
normal-o3,0,8,suffix-1,256,swap-take-c,6,1048576,1048576,1,3498000,15058358483538572822
normal-o3,0,8,suffix-1,256,take-swap-c,6,1048576,1048576,1,3471000,15058358483538572822
normal-o3,0,8,suffix-1,256,rust-vec,6,1048576,1048576,1,1585000,15058358483538572822
normal-o3,0,8,suffix-1,4096,whitefoot,0,1048576,1048576,1,2887000,7456520226923789200
normal-o3,0,8,suffix-1,4096,reverse-c,0,1048576,1048576,1,3241000,7456520226923789200
normal-o3,0,8,suffix-1,4096,direct-c,0,1048576,1048576,1,2787000,7456520226923789200
normal-o3,0,8,suffix-1,4096,swap-take-c,0,1048576,1048576,1,3378000,7456520226923789200
normal-o3,0,8,suffix-1,4096,take-swap-c,0,1048576,1048576,1,3358000,7456520226923789200
normal-o3,0,8,suffix-1,4096,rust-vec,0,1048576,1048576,1,1560000,7456520226923789200
normal-o3,0,8,suffix-1,4096,cpp-std-vector,0,1048576,1048576,1,2937000,7456520226923789200
normal-o3,0,8,suffix-1,4096,reverse-c,1,1048576,1048576,1,3330000,12459322446616091793
normal-o3,0,8,suffix-1,4096,direct-c,1,1048576,1048576,1,2791000,12459322446616091793
normal-o3,0,8,suffix-1,4096,swap-take-c,1,1048576,1048576,1,3388000,12459322446616091793
normal-o3,0,8,suffix-1,4096,take-swap-c,1,1048576,1048576,1,3283000,12459322446616091793
normal-o3,0,8,suffix-1,4096,rust-vec,1,1048576,1048576,1,1549000,12459322446616091793
normal-o3,0,8,suffix-1,4096,cpp-std-vector,1,1048576,1048576,1,2944000,12459322446616091793
normal-o3,0,8,suffix-1,4096,whitefoot,1,1048576,1048576,1,2942000,12459322446616091793
normal-o3,0,8,suffix-1,4096,direct-c,2,1048576,1048576,1,3276000,17462124666308394386
normal-o3,0,8,suffix-1,4096,swap-take-c,2,1048576,1048576,1,3380000,17462124666308394386
normal-o3,0,8,suffix-1,4096,take-swap-c,2,1048576,1048576,1,3310000,17462124666308394386
normal-o3,0,8,suffix-1,4096,rust-vec,2,1048576,1048576,1,1603000,17462124666308394386
normal-o3,0,8,suffix-1,4096,cpp-std-vector,2,1048576,1048576,1,2998000,17462124666308394386
normal-o3,0,8,suffix-1,4096,whitefoot,2,1048576,1048576,1,2997000,17462124666308394386
normal-o3,0,8,suffix-1,4096,reverse-c,2,1048576,1048576,1,4240000,17462124666308394386
normal-o3,0,8,suffix-1,4096,swap-take-c,3,1048576,1048576,1,3738000,4018182812291145363
normal-o3,0,8,suffix-1,4096,take-swap-c,3,1048576,1048576,1,3564000,4018182812291145363
normal-o3,0,8,suffix-1,4096,rust-vec,3,1048576,1048576,1,1688000,4018182812291145363
normal-o3,0,8,suffix-1,4096,cpp-std-vector,3,1048576,1048576,1,3516000,4018182812291145363
normal-o3,0,8,suffix-1,4096,whitefoot,3,1048576,1048576,1,3012000,4018182812291145363
normal-o3,0,8,suffix-1,4096,reverse-c,3,1048576,1048576,1,3314000,4018182812291145363
normal-o3,0,8,suffix-1,4096,direct-c,3,1048576,1048576,1,2965000,4018182812291145363
normal-o3,0,8,suffix-1,4096,take-swap-c,4,1048576,1048576,1,3532000,9020985031983447956
normal-o3,0,8,suffix-1,4096,rust-vec,4,1048576,1048576,1,1616000,9020985031983447956
normal-o3,0,8,suffix-1,4096,cpp-std-vector,4,1048576,1048576,1,3253000,9020985031983447956
normal-o3,0,8,suffix-1,4096,whitefoot,4,1048576,1048576,1,3047000,9020985031983447956
normal-o3,0,8,suffix-1,4096,reverse-c,4,1048576,1048576,1,3685000,9020985031983447956
normal-o3,0,8,suffix-1,4096,direct-c,4,1048576,1048576,1,3552000,9020985031983447956
normal-o3,0,8,suffix-1,4096,swap-take-c,4,1048576,1048576,1,3704000,9020985031983447956
normal-o3,0,8,suffix-1,4096,rust-vec,5,1048576,1048576,1,1650000,14023787251675750549
normal-o3,0,8,suffix-1,4096,cpp-std-vector,5,1048576,1048576,1,3068000,14023787251675750549
normal-o3,0,8,suffix-1,4096,whitefoot,5,1048576,1048576,1,2980000,14023787251675750549
normal-o3,0,8,suffix-1,4096,reverse-c,5,1048576,1048576,1,3316000,14023787251675750549
normal-o3,0,8,suffix-1,4096,direct-c,5,1048576,1048576,1,2795000,14023787251675750549
normal-o3,0,8,suffix-1,4096,swap-take-c,5,1048576,1048576,1,3437000,14023787251675750549
normal-o3,0,8,suffix-1,4096,take-swap-c,5,1048576,1048576,1,3395000,14023787251675750549
normal-o3,0,8,suffix-1,4096,cpp-std-vector,6,1048576,1048576,1,3047000,579845397658501526
normal-o3,0,8,suffix-1,4096,whitefoot,6,1048576,1048576,1,3058000,579845397658501526
normal-o3,0,8,suffix-1,4096,reverse-c,6,1048576,1048576,1,3322000,579845397658501526
normal-o3,0,8,suffix-1,4096,direct-c,6,1048576,1048576,1,2849000,579845397658501526
normal-o3,0,8,suffix-1,4096,swap-take-c,6,1048576,1048576,1,3484000,579845397658501526
normal-o3,0,8,suffix-1,4096,take-swap-c,6,1048576,1048576,1,3250000,579845397658501526
normal-o3,0,8,suffix-1,4096,rust-vec,6,1048576,1048576,1,1549000,579845397658501526
normal-o3,0,8,suffix-2,16,whitefoot,0,1048576,524288,1,2304000,1685092048726590629
normal-o3,0,8,suffix-2,16,reverse-c,0,1048576,524288,1,3245000,1685092048726590629
normal-o3,0,8,suffix-2,16,direct-c,0,1048576,524288,1,1469000,1685092048726590629
normal-o3,0,8,suffix-2,16,swap-take-c,0,1048576,524288,1,2857000,1685092048726590629
normal-o3,0,8,suffix-2,16,take-swap-c,0,1048576,524288,1,3236000,1685092048726590629
normal-o3,0,8,suffix-2,16,rust-vec,0,1048576,524288,1,1300000,1685092048726590629
normal-o3,0,8,suffix-2,16,cpp-std-vector,0,1048576,524288,1,1630000,1685092048726590629
normal-o3,0,8,suffix-2,16,reverse-c,1,1048576,524288,1,3292000,5769615109122455387
normal-o3,0,8,suffix-2,16,direct-c,1,1048576,524288,1,1701000,5769615109122455387
normal-o3,0,8,suffix-2,16,swap-take-c,1,1048576,524288,1,3185000,5769615109122455387
normal-o3,0,8,suffix-2,16,take-swap-c,1,1048576,524288,1,3473000,5769615109122455387
normal-o3,0,8,suffix-2,16,rust-vec,1,1048576,524288,1,1301000,5769615109122455387
normal-o3,0,8,suffix-2,16,cpp-std-vector,1,1048576,524288,1,1696000,5769615109122455387
normal-o3,0,8,suffix-2,16,whitefoot,1,1048576,524288,1,2295000,5769615109122455387
normal-o3,0,8,suffix-2,16,direct-c,2,1048576,524288,1,1638000,9854138169518320145
normal-o3,0,8,suffix-2,16,swap-take-c,2,1048576,524288,1,2819000,9854138169518320145
normal-o3,0,8,suffix-2,16,take-swap-c,2,1048576,524288,1,3272000,9854138169518320145
normal-o3,0,8,suffix-2,16,rust-vec,2,1048576,524288,1,1383000,9854138169518320145
normal-o3,0,8,suffix-2,16,cpp-std-vector,2,1048576,524288,1,1653000,9854138169518320145
normal-o3,0,8,suffix-2,16,whitefoot,2,1048576,524288,1,2292000,9854138169518320145
normal-o3,0,8,suffix-2,16,reverse-c,2,1048576,524288,1,3351000,9854138169518320145
normal-o3,0,8,suffix-2,16,swap-take-c,3,1048576,524288,1,2803000,13938661229914184903
normal-o3,0,8,suffix-2,16,take-swap-c,3,1048576,524288,1,3234000,13938661229914184903
normal-o3,0,8,suffix-2,16,rust-vec,3,1048576,524288,1,1369000,13938661229914184903
normal-o3,0,8,suffix-2,16,cpp-std-vector,3,1048576,524288,1,1675000,13938661229914184903
normal-o3,0,8,suffix-2,16,whitefoot,3,1048576,524288,1,2295000,13938661229914184903
normal-o3,0,8,suffix-2,16,reverse-c,3,1048576,524288,1,3271000,13938661229914184903
normal-o3,0,8,suffix-2,16,direct-c,3,1048576,524288,1,1514000,13938661229914184903
normal-o3,0,8,suffix-2,16,take-swap-c,4,1048576,524288,1,3193000,18023184290310049661
normal-o3,0,8,suffix-2,16,rust-vec,4,1048576,524288,1,1313000,18023184290310049661
normal-o3,0,8,suffix-2,16,cpp-std-vector,4,1048576,524288,1,1625000,18023184290310049661
normal-o3,0,8,suffix-2,16,whitefoot,4,1048576,524288,1,2331000,18023184290310049661
normal-o3,0,8,suffix-2,16,reverse-c,4,1048576,524288,1,3106000,18023184290310049661
normal-o3,0,8,suffix-2,16,direct-c,4,1048576,524288,1,1481000,18023184290310049661
normal-o3,0,8,suffix-2,16,swap-take-c,4,1048576,524288,1,2844000,18023184290310049661
normal-o3,0,8,suffix-2,16,rust-vec,5,1048576,524288,1,1358000,3660963276996362803
normal-o3,0,8,suffix-2,16,cpp-std-vector,5,1048576,524288,1,1697000,3660963276996362803
normal-o3,0,8,suffix-2,16,whitefoot,5,1048576,524288,1,2317000,3660963276996362803
normal-o3,0,8,suffix-2,16,reverse-c,5,1048576,524288,1,3423000,3660963276996362803
normal-o3,0,8,suffix-2,16,direct-c,5,1048576,524288,1,1465000,3660963276996362803
normal-o3,0,8,suffix-2,16,swap-take-c,5,1048576,524288,1,3045000,3660963276996362803
normal-o3,0,8,suffix-2,16,take-swap-c,5,1048576,524288,1,3079000,3660963276996362803
normal-o3,0,8,suffix-2,16,cpp-std-vector,6,1048576,524288,1,1641000,7745486337392227561
normal-o3,0,8,suffix-2,16,whitefoot,6,1048576,524288,1,2313000,7745486337392227561
normal-o3,0,8,suffix-2,16,reverse-c,6,1048576,524288,1,3330000,7745486337392227561
normal-o3,0,8,suffix-2,16,direct-c,6,1048576,524288,1,1458000,7745486337392227561
normal-o3,0,8,suffix-2,16,swap-take-c,6,1048576,524288,1,2811000,7745486337392227561
normal-o3,0,8,suffix-2,16,take-swap-c,6,1048576,524288,1,3212000,7745486337392227561
normal-o3,0,8,suffix-2,16,rust-vec,6,1048576,524288,1,1306000,7745486337392227561
normal-o3,0,8,suffix-2,256,whitefoot,0,1048576,524288,1,2443000,4355278901963944061
normal-o3,0,8,suffix-2,256,reverse-c,0,1048576,524288,1,3314000,4355278901963944061
normal-o3,0,8,suffix-2,256,direct-c,0,1048576,524288,1,3012000,4355278901963944061
normal-o3,0,8,suffix-2,256,swap-take-c,0,1048576,524288,1,3041000,4355278901963944061
normal-o3,0,8,suffix-2,256,take-swap-c,0,1048576,524288,1,3378000,4355278901963944061
normal-o3,0,8,suffix-2,256,rust-vec,0,1048576,524288,1,1301000,4355278901963944061
normal-o3,0,8,suffix-2,256,cpp-std-vector,0,1048576,524288,1,1709000,4355278901963944061
normal-o3,0,8,suffix-2,256,reverse-c,1,1048576,524288,1,3335000,15106128288498016595
normal-o3,0,8,suffix-2,256,direct-c,1,1048576,524288,1,2704000,15106128288498016595
normal-o3,0,8,suffix-2,256,swap-take-c,1,1048576,524288,1,2798000,15106128288498016595
normal-o3,0,8,suffix-2,256,take-swap-c,1,1048576,524288,1,3391000,15106128288498016595
normal-o3,0,8,suffix-2,256,rust-vec,1,1048576,524288,1,1340000,15106128288498016595
normal-o3,0,8,suffix-2,256,cpp-std-vector,1,1048576,524288,1,1704000,15106128288498016595
normal-o3,0,8,suffix-2,256,whitefoot,1,1048576,524288,1,2439000,15106128288498016595
normal-o3,0,8,suffix-2,256,direct-c,2,1048576,524288,1,2364000,7410233601322537513
normal-o3,0,8,suffix-2,256,swap-take-c,2,1048576,524288,1,2950000,7410233601322537513
normal-o3,0,8,suffix-2,256,take-swap-c,2,1048576,524288,1,3404000,7410233601322537513
normal-o3,0,8,suffix-2,256,rust-vec,2,1048576,524288,1,1301000,7410233601322537513
normal-o3,0,8,suffix-2,256,cpp-std-vector,2,1048576,524288,1,1633000,7410233601322537513
normal-o3,0,8,suffix-2,256,whitefoot,2,1048576,524288,1,2380000,7410233601322537513
normal-o3,0,8,suffix-2,256,reverse-c,2,1048576,524288,1,3291000,7410233601322537513
normal-o3,0,8,suffix-2,256,swap-take-c,3,1048576,524288,1,2823000,18161082987856610047
normal-o3,0,8,suffix-2,256,take-swap-c,3,1048576,524288,1,3481000,18161082987856610047
normal-o3,0,8,suffix-2,256,rust-vec,3,1048576,524288,1,1394000,18161082987856610047
normal-o3,0,8,suffix-2,256,cpp-std-vector,3,1048576,524288,1,1776000,18161082987856610047
normal-o3,0,8,suffix-2,256,whitefoot,3,1048576,524288,1,2482000,18161082987856610047
normal-o3,0,8,suffix-2,256,reverse-c,3,1048576,524288,1,3365000,18161082987856610047
normal-o3,0,8,suffix-2,256,direct-c,3,1048576,524288,1,1812000,18161082987856610047
normal-o3,0,8,suffix-2,256,take-swap-c,4,1048576,524288,1,3851000,10465188300681130965
normal-o3,0,8,suffix-2,256,rust-vec,4,1048576,524288,1,1391000,10465188300681130965
normal-o3,0,8,suffix-2,256,cpp-std-vector,4,1048576,524288,1,1728000,10465188300681130965
normal-o3,0,8,suffix-2,256,whitefoot,4,1048576,524288,1,2489000,10465188300681130965
normal-o3,0,8,suffix-2,256,reverse-c,4,1048576,524288,1,3203000,10465188300681130965
normal-o3,0,8,suffix-2,256,direct-c,4,1048576,524288,1,3115000,10465188300681130965
normal-o3,0,8,suffix-2,256,swap-take-c,4,1048576,524288,1,2899000,10465188300681130965
normal-o3,0,8,suffix-2,256,rust-vec,5,1048576,524288,1,1338000,2769293613505651883
normal-o3,0,8,suffix-2,256,cpp-std-vector,5,1048576,524288,1,1735000,2769293613505651883
normal-o3,0,8,suffix-2,256,whitefoot,5,1048576,524288,1,2472000,2769293613505651883
normal-o3,0,8,suffix-2,256,reverse-c,5,1048576,524288,1,3322000,2769293613505651883
normal-o3,0,8,suffix-2,256,direct-c,5,1048576,524288,1,1551000,2769293613505651883
normal-o3,0,8,suffix-2,256,swap-take-c,5,1048576,524288,1,2920000,2769293613505651883
normal-o3,0,8,suffix-2,256,take-swap-c,5,1048576,524288,1,3480000,2769293613505651883
normal-o3,0,8,suffix-2,256,cpp-std-vector,6,1048576,524288,1,1684000,13520143000039724417
normal-o3,0,8,suffix-2,256,whitefoot,6,1048576,524288,1,2448000,13520143000039724417
normal-o3,0,8,suffix-2,256,reverse-c,6,1048576,524288,1,3460000,13520143000039724417
normal-o3,0,8,suffix-2,256,direct-c,6,1048576,524288,1,1909000,13520143000039724417
normal-o3,0,8,suffix-2,256,swap-take-c,6,1048576,524288,1,2881000,13520143000039724417
normal-o3,0,8,suffix-2,256,take-swap-c,6,1048576,524288,1,3430000,13520143000039724417
normal-o3,0,8,suffix-2,256,rust-vec,6,1048576,524288,1,1321000,13520143000039724417
normal-o3,0,8,suffix-2,4096,whitefoot,0,1048576,524288,1,2385000,16133918569289551357
normal-o3,0,8,suffix-2,4096,reverse-c,0,1048576,524288,1,3430000,16133918569289551357
normal-o3,0,8,suffix-2,4096,direct-c,0,1048576,524288,1,2183000,16133918569289551357
normal-o3,0,8,suffix-2,4096,swap-take-c,0,1048576,524288,1,3057000,16133918569289551357
normal-o3,0,8,suffix-2,4096,take-swap-c,0,1048576,524288,1,3317000,16133918569289551357
normal-o3,0,8,suffix-2,4096,rust-vec,0,1048576,524288,1,1348000,16133918569289551357
normal-o3,0,8,suffix-2,4096,cpp-std-vector,0,1048576,524288,1,1793000,16133918569289551357
normal-o3,0,8,suffix-2,4096,reverse-c,1,1048576,524288,1,3314000,17698322704188874963
normal-o3,0,8,suffix-2,4096,direct-c,1,1048576,524288,1,3374000,17698322704188874963
normal-o3,0,8,suffix-2,4096,swap-take-c,1,1048576,524288,1,2897000,17698322704188874963
normal-o3,0,8,suffix-2,4096,take-swap-c,1,1048576,524288,1,3370000,17698322704188874963
normal-o3,0,8,suffix-2,4096,rust-vec,1,1048576,524288,1,1312000,17698322704188874963
normal-o3,0,8,suffix-2,4096,cpp-std-vector,1,1048576,524288,1,1659000,17698322704188874963
normal-o3,0,8,suffix-2,4096,whitefoot,1,1048576,524288,1,2462000,17698322704188874963
normal-o3,0,8,suffix-2,4096,direct-c,2,1048576,524288,1,2715000,815982765378646953
normal-o3,0,8,suffix-2,4096,swap-take-c,2,1048576,524288,1,2829000,815982765378646953
normal-o3,0,8,suffix-2,4096,take-swap-c,2,1048576,524288,1,3406000,815982765378646953
normal-o3,0,8,suffix-2,4096,rust-vec,2,1048576,524288,1,1314000,815982765378646953
normal-o3,0,8,suffix-2,4096,cpp-std-vector,2,1048576,524288,1,1833000,815982765378646953
normal-o3,0,8,suffix-2,4096,whitefoot,2,1048576,524288,1,2403000,815982765378646953
normal-o3,0,8,suffix-2,4096,reverse-c,2,1048576,524288,1,3279000,815982765378646953
normal-o3,0,8,suffix-2,4096,swap-take-c,3,1048576,524288,1,2934000,2380386900277970559
normal-o3,0,8,suffix-2,4096,take-swap-c,3,1048576,524288,1,3381000,2380386900277970559
normal-o3,0,8,suffix-2,4096,rust-vec,3,1048576,524288,1,1477000,2380386900277970559
normal-o3,0,8,suffix-2,4096,cpp-std-vector,3,1048576,524288,1,1725000,2380386900277970559
normal-o3,0,8,suffix-2,4096,whitefoot,3,1048576,524288,1,2488000,2380386900277970559
normal-o3,0,8,suffix-2,4096,reverse-c,3,1048576,524288,1,3403000,2380386900277970559
normal-o3,0,8,suffix-2,4096,direct-c,3,1048576,524288,1,2691000,2380386900277970559
normal-o3,0,8,suffix-2,4096,take-swap-c,4,1048576,524288,1,3339000,3944791035177294165
normal-o3,0,8,suffix-2,4096,rust-vec,4,1048576,524288,1,1318000,3944791035177294165
normal-o3,0,8,suffix-2,4096,cpp-std-vector,4,1048576,524288,1,1634000,3944791035177294165
normal-o3,0,8,suffix-2,4096,whitefoot,4,1048576,524288,1,2414000,3944791035177294165
normal-o3,0,8,suffix-2,4096,reverse-c,4,1048576,524288,1,3350000,3944791035177294165
normal-o3,0,8,suffix-2,4096,direct-c,4,1048576,524288,1,2365000,3944791035177294165
normal-o3,0,8,suffix-2,4096,swap-take-c,4,1048576,524288,1,2799000,3944791035177294165
normal-o3,0,8,suffix-2,4096,rust-vec,5,1048576,524288,1,1485000,5509195170076617771
normal-o3,0,8,suffix-2,4096,cpp-std-vector,5,1048576,524288,1,1634000,5509195170076617771
normal-o3,0,8,suffix-2,4096,whitefoot,5,1048576,524288,1,2429000,5509195170076617771
normal-o3,0,8,suffix-2,4096,reverse-c,5,1048576,524288,1,3813000,5509195170076617771
normal-o3,0,8,suffix-2,4096,direct-c,5,1048576,524288,1,3159000,5509195170076617771
normal-o3,0,8,suffix-2,4096,swap-take-c,5,1048576,524288,1,2833000,5509195170076617771
normal-o3,0,8,suffix-2,4096,take-swap-c,5,1048576,524288,1,3342000,5509195170076617771
normal-o3,0,8,suffix-2,4096,cpp-std-vector,6,1048576,524288,1,1639000,7073599304975941377
normal-o3,0,8,suffix-2,4096,whitefoot,6,1048576,524288,1,2534000,7073599304975941377
normal-o3,0,8,suffix-2,4096,reverse-c,6,1048576,524288,1,3435000,7073599304975941377
normal-o3,0,8,suffix-2,4096,direct-c,6,1048576,524288,1,3182000,7073599304975941377
normal-o3,0,8,suffix-2,4096,swap-take-c,6,1048576,524288,1,2803000,7073599304975941377
normal-o3,0,8,suffix-2,4096,take-swap-c,6,1048576,524288,1,3385000,7073599304975941377
normal-o3,0,8,suffix-2,4096,rust-vec,6,1048576,524288,1,1325000,7073599304975941377
normal-o3,0,8,suffix-3,16,whitefoot,0,1048576,349525,1,1909000,3578158727730397437
normal-o3,0,8,suffix-3,16,reverse-c,0,1048576,349525,1,2555000,3578158727730397437
normal-o3,0,8,suffix-3,16,direct-c,0,1048576,349525,1,1395000,3578158727730397437
normal-o3,0,8,suffix-3,16,swap-take-c,0,1048576,349525,1,2329000,3578158727730397437
normal-o3,0,8,suffix-3,16,take-swap-c,0,1048576,349525,1,2587000,3578158727730397437
normal-o3,0,8,suffix-3,16,rust-vec,0,1048576,349525,1,1332000,3578158727730397437
normal-o3,0,8,suffix-3,16,cpp-std-vector,0,1048576,349525,1,1753000,3578158727730397437
normal-o3,0,8,suffix-3,16,reverse-c,1,1048576,349525,1,2577000,10503294698975091330
normal-o3,0,8,suffix-3,16,direct-c,1,1048576,349525,1,1443000,10503294698975091330
normal-o3,0,8,suffix-3,16,swap-take-c,1,1048576,349525,1,2233000,10503294698975091330
normal-o3,0,8,suffix-3,16,take-swap-c,1,1048576,349525,1,2263000,10503294698975091330
normal-o3,0,8,suffix-3,16,rust-vec,1,1048576,349525,1,1303000,10503294698975091330
normal-o3,0,8,suffix-3,16,cpp-std-vector,1,1048576,349525,1,1750000,10503294698975091330
normal-o3,0,8,suffix-3,16,whitefoot,1,1048576,349525,1,1951000,10503294698975091330
normal-o3,0,8,suffix-3,16,direct-c,2,1048576,349525,1,1383000,17428430670219785223
normal-o3,0,8,suffix-3,16,swap-take-c,2,1048576,349525,1,2202000,17428430670219785223
normal-o3,0,8,suffix-3,16,take-swap-c,2,1048576,349525,1,2389000,17428430670219785223
normal-o3,0,8,suffix-3,16,rust-vec,2,1048576,349525,1,1315000,17428430670219785223
normal-o3,0,8,suffix-3,16,cpp-std-vector,2,1048576,349525,1,1825000,17428430670219785223
normal-o3,0,8,suffix-3,16,whitefoot,2,1048576,349525,1,1877000,17428430670219785223
normal-o3,0,8,suffix-3,16,reverse-c,2,1048576,349525,1,2557000,17428430670219785223
normal-o3,0,8,suffix-3,16,swap-take-c,3,1048576,349525,1,2676000,5906822567754927500
normal-o3,0,8,suffix-3,16,take-swap-c,3,1048576,349525,1,2284000,5906822567754927500
normal-o3,0,8,suffix-3,16,rust-vec,3,1048576,349525,1,1301000,5906822567754927500
normal-o3,0,8,suffix-3,16,cpp-std-vector,3,1048576,349525,1,1733000,5906822567754927500
normal-o3,0,8,suffix-3,16,whitefoot,3,1048576,349525,1,1975000,5906822567754927500
normal-o3,0,8,suffix-3,16,reverse-c,3,1048576,349525,1,3519000,5906822567754927500
normal-o3,0,8,suffix-3,16,direct-c,3,1048576,349525,1,1571000,5906822567754927500
normal-o3,0,8,suffix-3,16,take-swap-c,4,1048576,349525,1,2383000,12831958538999621393
normal-o3,0,8,suffix-3,16,rust-vec,4,1048576,349525,1,1357000,12831958538999621393
normal-o3,0,8,suffix-3,16,cpp-std-vector,4,1048576,349525,1,1742000,12831958538999621393
normal-o3,0,8,suffix-3,16,whitefoot,4,1048576,349525,1,2016000,12831958538999621393
normal-o3,0,8,suffix-3,16,reverse-c,4,1048576,349525,1,2625000,12831958538999621393
normal-o3,0,8,suffix-3,16,direct-c,4,1048576,349525,1,1419000,12831958538999621393
normal-o3,0,8,suffix-3,16,swap-take-c,4,1048576,349525,1,2213000,12831958538999621393
normal-o3,0,8,suffix-3,16,rust-vec,5,1048576,349525,1,1345000,1310350436534763670
normal-o3,0,8,suffix-3,16,cpp-std-vector,5,1048576,349525,1,1739000,1310350436534763670
normal-o3,0,8,suffix-3,16,whitefoot,5,1048576,349525,1,1907000,1310350436534763670
normal-o3,0,8,suffix-3,16,reverse-c,5,1048576,349525,1,2485000,1310350436534763670
normal-o3,0,8,suffix-3,16,direct-c,5,1048576,349525,1,1333000,1310350436534763670
normal-o3,0,8,suffix-3,16,swap-take-c,5,1048576,349525,1,2236000,1310350436534763670
normal-o3,0,8,suffix-3,16,take-swap-c,5,1048576,349525,1,2316000,1310350436534763670
normal-o3,0,8,suffix-3,16,cpp-std-vector,6,1048576,349525,1,1736000,8235486407779457563
normal-o3,0,8,suffix-3,16,whitefoot,6,1048576,349525,1,1873000,8235486407779457563
normal-o3,0,8,suffix-3,16,reverse-c,6,1048576,349525,1,2579000,8235486407779457563
normal-o3,0,8,suffix-3,16,direct-c,6,1048576,349525,1,1357000,8235486407779457563
normal-o3,0,8,suffix-3,16,swap-take-c,6,1048576,349525,1,2306000,8235486407779457563
normal-o3,0,8,suffix-3,16,take-swap-c,6,1048576,349525,1,2318000,8235486407779457563
normal-o3,0,8,suffix-3,16,rust-vec,6,1048576,349525,1,1300000,8235486407779457563
normal-o3,0,8,suffix-3,256,whitefoot,0,1048576,349525,1,1930000,17932052123014486501
normal-o3,0,8,suffix-3,256,reverse-c,0,1048576,349525,1,2554000,17932052123014486501
normal-o3,0,8,suffix-3,256,direct-c,0,1048576,349525,1,1390000,17932052123014486501
normal-o3,0,8,suffix-3,256,swap-take-c,0,1048576,349525,1,2277000,17932052123014486501
normal-o3,0,8,suffix-3,256,take-swap-c,0,1048576,349525,1,2683000,17932052123014486501
normal-o3,0,8,suffix-3,256,rust-vec,0,1048576,349525,1,1300000,17932052123014486501
normal-o3,0,8,suffix-3,256,cpp-std-vector,0,1048576,349525,1,1736000,17932052123014486501
normal-o3,0,8,suffix-3,256,reverse-c,1,1048576,349525,1,2550000,6179702327257408202
normal-o3,0,8,suffix-3,256,direct-c,1,1048576,349525,1,1439000,6179702327257408202
normal-o3,0,8,suffix-3,256,swap-take-c,1,1048576,349525,1,2250000,6179702327257408202
normal-o3,0,8,suffix-3,256,take-swap-c,1,1048576,349525,1,2386000,6179702327257408202
normal-o3,0,8,suffix-3,256,rust-vec,1,1048576,349525,1,1369000,6179702327257408202
normal-o3,0,8,suffix-3,256,cpp-std-vector,1,1048576,349525,1,1801000,6179702327257408202
normal-o3,0,8,suffix-3,256,whitefoot,1,1048576,349525,1,1950000,6179702327257408202
normal-o3,0,8,suffix-3,256,direct-c,2,1048576,349525,1,1373000,12874096605209881519
normal-o3,0,8,suffix-3,256,swap-take-c,2,1048576,349525,1,2259000,12874096605209881519
normal-o3,0,8,suffix-3,256,take-swap-c,2,1048576,349525,1,2320000,12874096605209881519
normal-o3,0,8,suffix-3,256,rust-vec,2,1048576,349525,1,1303000,12874096605209881519
normal-o3,0,8,suffix-3,256,cpp-std-vector,2,1048576,349525,1,1734000,12874096605209881519
normal-o3,0,8,suffix-3,256,whitefoot,2,1048576,349525,1,2017000,12874096605209881519
normal-o3,0,8,suffix-3,256,reverse-c,2,1048576,349525,1,2587000,12874096605209881519
normal-o3,0,8,suffix-3,256,swap-take-c,3,1048576,349525,1,2274000,1121746809452803220
normal-o3,0,8,suffix-3,256,take-swap-c,3,1048576,349525,1,2453000,1121746809452803220
normal-o3,0,8,suffix-3,256,rust-vec,3,1048576,349525,1,1334000,1121746809452803220
normal-o3,0,8,suffix-3,256,cpp-std-vector,3,1048576,349525,1,1737000,1121746809452803220
normal-o3,0,8,suffix-3,256,whitefoot,3,1048576,349525,1,1920000,1121746809452803220
normal-o3,0,8,suffix-3,256,reverse-c,3,1048576,349525,1,2556000,1121746809452803220
normal-o3,0,8,suffix-3,256,direct-c,3,1048576,349525,1,1377000,1121746809452803220
normal-o3,0,8,suffix-3,256,take-swap-c,4,1048576,349525,1,2329000,7816141087405276537
normal-o3,0,8,suffix-3,256,rust-vec,4,1048576,349525,1,1356000,7816141087405276537
normal-o3,0,8,suffix-3,256,cpp-std-vector,4,1048576,349525,1,1760000,7816141087405276537
normal-o3,0,8,suffix-3,256,whitefoot,4,1048576,349525,1,1937000,7816141087405276537
normal-o3,0,8,suffix-3,256,reverse-c,4,1048576,349525,1,2569000,7816141087405276537
normal-o3,0,8,suffix-3,256,direct-c,4,1048576,349525,1,1382000,7816141087405276537
normal-o3,0,8,suffix-3,256,swap-take-c,4,1048576,349525,1,2304000,7816141087405276537
normal-o3,0,8,suffix-3,256,rust-vec,5,1048576,349525,1,1321000,14510535365357749854
normal-o3,0,8,suffix-3,256,cpp-std-vector,5,1048576,349525,1,1736000,14510535365357749854
normal-o3,0,8,suffix-3,256,whitefoot,5,1048576,349525,1,1925000,14510535365357749854
normal-o3,0,8,suffix-3,256,reverse-c,5,1048576,349525,1,2556000,14510535365357749854
normal-o3,0,8,suffix-3,256,direct-c,5,1048576,349525,1,1377000,14510535365357749854
normal-o3,0,8,suffix-3,256,swap-take-c,5,1048576,349525,1,2260000,14510535365357749854
normal-o3,0,8,suffix-3,256,take-swap-c,5,1048576,349525,1,2314000,14510535365357749854
normal-o3,0,8,suffix-3,256,cpp-std-vector,6,1048576,349525,1,1733000,2758185569600671555
normal-o3,0,8,suffix-3,256,whitefoot,6,1048576,349525,1,1956000,2758185569600671555
normal-o3,0,8,suffix-3,256,reverse-c,6,1048576,349525,1,2559000,2758185569600671555
normal-o3,0,8,suffix-3,256,direct-c,6,1048576,349525,1,1511000,2758185569600671555
normal-o3,0,8,suffix-3,256,swap-take-c,6,1048576,349525,1,2279000,2758185569600671555
normal-o3,0,8,suffix-3,256,take-swap-c,6,1048576,349525,1,2327000,2758185569600671555
normal-o3,0,8,suffix-3,256,rust-vec,6,1048576,349525,1,1303000,2758185569600671555
normal-o3,0,8,suffix-3,4096,whitefoot,0,1048576,349525,1,1996000,13042235847276202085
normal-o3,0,8,suffix-3,4096,reverse-c,0,1048576,349525,1,2695000,13042235847276202085
normal-o3,0,8,suffix-3,4096,direct-c,0,1048576,349525,1,1420000,13042235847276202085
normal-o3,0,8,suffix-3,4096,swap-take-c,0,1048576,349525,1,2224000,13042235847276202085
normal-o3,0,8,suffix-3,4096,take-swap-c,0,1048576,349525,1,2560000,13042235847276202085
normal-o3,0,8,suffix-3,4096,rust-vec,0,1048576,349525,1,1311000,13042235847276202085
normal-o3,0,8,suffix-3,4096,cpp-std-vector,0,1048576,349525,1,1741000,13042235847276202085
normal-o3,0,8,suffix-3,4096,reverse-c,1,1048576,349525,1,2577000,12907392256605062986
normal-o3,0,8,suffix-3,4096,direct-c,1,1048576,349525,1,1388000,12907392256605062986
normal-o3,0,8,suffix-3,4096,swap-take-c,1,1048576,349525,1,2287000,12907392256605062986
normal-o3,0,8,suffix-3,4096,take-swap-c,1,1048576,349525,1,2457000,12907392256605062986
normal-o3,0,8,suffix-3,4096,rust-vec,1,1048576,349525,1,1305000,12907392256605062986
normal-o3,0,8,suffix-3,4096,cpp-std-vector,1,1048576,349525,1,1933000,12907392256605062986
normal-o3,0,8,suffix-3,4096,whitefoot,1,1048576,349525,1,1986000,12907392256605062986
normal-o3,0,8,suffix-3,4096,direct-c,2,1048576,349525,1,1407000,12772548665933923887
normal-o3,0,8,suffix-3,4096,swap-take-c,2,1048576,349525,1,2274000,12772548665933923887
normal-o3,0,8,suffix-3,4096,take-swap-c,2,1048576,349525,1,2486000,12772548665933923887
normal-o3,0,8,suffix-3,4096,rust-vec,2,1048576,349525,1,1411000,12772548665933923887
normal-o3,0,8,suffix-3,4096,cpp-std-vector,2,1048576,349525,1,2042000,12772548665933923887
normal-o3,0,8,suffix-3,4096,whitefoot,2,1048576,349525,1,1991000,12772548665933923887
normal-o3,0,8,suffix-3,4096,reverse-c,2,1048576,349525,1,2687000,12772548665933923887
normal-o3,0,8,suffix-3,4096,swap-take-c,3,1048576,349525,1,2238000,12637705075262784788
normal-o3,0,8,suffix-3,4096,take-swap-c,3,1048576,349525,1,2443000,12637705075262784788
normal-o3,0,8,suffix-3,4096,rust-vec,3,1048576,349525,1,1324000,12637705075262784788
normal-o3,0,8,suffix-3,4096,cpp-std-vector,3,1048576,349525,1,1751000,12637705075262784788
normal-o3,0,8,suffix-3,4096,whitefoot,3,1048576,349525,1,2039000,12637705075262784788
normal-o3,0,8,suffix-3,4096,reverse-c,3,1048576,349525,1,2748000,12637705075262784788
normal-o3,0,8,suffix-3,4096,direct-c,3,1048576,349525,1,1493000,12637705075262784788
normal-o3,0,8,suffix-3,4096,take-swap-c,4,1048576,349525,1,2529000,12502861484591645689
normal-o3,0,8,suffix-3,4096,rust-vec,4,1048576,349525,1,1389000,12502861484591645689
normal-o3,0,8,suffix-3,4096,cpp-std-vector,4,1048576,349525,1,1829000,12502861484591645689
normal-o3,0,8,suffix-3,4096,whitefoot,4,1048576,349525,1,2071000,12502861484591645689
normal-o3,0,8,suffix-3,4096,reverse-c,4,1048576,349525,1,2774000,12502861484591645689
normal-o3,0,8,suffix-3,4096,direct-c,4,1048576,349525,1,1420000,12502861484591645689
normal-o3,0,8,suffix-3,4096,swap-take-c,4,1048576,349525,1,2413000,12502861484591645689
normal-o3,0,8,suffix-3,4096,rust-vec,5,1048576,349525,1,1368000,12368017893920506590
normal-o3,0,8,suffix-3,4096,cpp-std-vector,5,1048576,349525,1,1834000,12368017893920506590
normal-o3,0,8,suffix-3,4096,whitefoot,5,1048576,349525,1,2028000,12368017893920506590
normal-o3,0,8,suffix-3,4096,reverse-c,5,1048576,349525,1,2636000,12368017893920506590
normal-o3,0,8,suffix-3,4096,direct-c,5,1048576,349525,1,1462000,12368017893920506590
normal-o3,0,8,suffix-3,4096,swap-take-c,5,1048576,349525,1,2228000,12368017893920506590
normal-o3,0,8,suffix-3,4096,take-swap-c,5,1048576,349525,1,2397000,12368017893920506590
normal-o3,0,8,suffix-3,4096,cpp-std-vector,6,1048576,349525,1,1743000,12233174303249367491
normal-o3,0,8,suffix-3,4096,whitefoot,6,1048576,349525,1,2168000,12233174303249367491
normal-o3,0,8,suffix-3,4096,reverse-c,6,1048576,349525,1,2634000,12233174303249367491
normal-o3,0,8,suffix-3,4096,direct-c,6,1048576,349525,1,1387000,12233174303249367491
normal-o3,0,8,suffix-3,4096,swap-take-c,6,1048576,349525,1,2220000,12233174303249367491
normal-o3,0,8,suffix-3,4096,take-swap-c,6,1048576,349525,1,2465000,12233174303249367491
normal-o3,0,8,suffix-3,4096,rust-vec,6,1048576,349525,1,1383000,12233174303249367491
normal-o3,0,256,reserved,16,whitefoot,0,1048576,65536,1,42773000,16095999890136793189
normal-o3,0,256,reserved,16,reverse-c,0,1048576,65536,1,50652000,16095999890136793189
normal-o3,0,256,reserved,16,direct-c,0,1048576,65536,1,45860000,16095999890136793189
normal-o3,0,256,reserved,16,swap-take-c,0,1048576,65536,1,49771000,16095999890136793189
normal-o3,0,256,reserved,16,take-swap-c,0,1048576,65536,1,47175000,16095999890136793189
normal-o3,0,256,reserved,16,rust-vec,0,1048576,65536,1,41468000,16095999890136793189
normal-o3,0,256,reserved,16,cpp-std-vector,0,1048576,65536,1,44351000,16095999890136793189
normal-o3,0,256,reserved,16,reverse-c,1,1048576,65536,1,51881000,10905710204835692646
normal-o3,0,256,reserved,16,direct-c,1,1048576,65536,1,47017000,10905710204835692646
normal-o3,0,256,reserved,16,swap-take-c,1,1048576,65536,1,50783000,10905710204835692646
normal-o3,0,256,reserved,16,take-swap-c,1,1048576,65536,1,46406000,10905710204835692646
normal-o3,0,256,reserved,16,rust-vec,1,1048576,65536,1,41539000,10905710204835692646
normal-o3,0,256,reserved,16,cpp-std-vector,1,1048576,65536,1,44365000,10905710204835692646
normal-o3,0,256,reserved,16,whitefoot,1,1048576,65536,1,43139000,10905710204835692646
normal-o3,0,256,reserved,16,direct-c,2,1048576,65536,1,45973000,1136678281099509863
normal-o3,0,256,reserved,16,swap-take-c,2,1048576,65536,1,49813000,1136678281099509863
normal-o3,0,256,reserved,16,take-swap-c,2,1048576,65536,1,46253000,1136678281099509863
normal-o3,0,256,reserved,16,rust-vec,2,1048576,65536,1,42264000,1136678281099509863
normal-o3,0,256,reserved,16,cpp-std-vector,2,1048576,65536,1,45849000,1136678281099509863
normal-o3,0,256,reserved,16,whitefoot,2,1048576,65536,1,43090000,1136678281099509863
normal-o3,0,256,reserved,16,reverse-c,2,1048576,65536,1,50203000,1136678281099509863
normal-o3,0,256,reserved,16,swap-take-c,3,1048576,65536,1,50145000,1916000061831479400
normal-o3,0,256,reserved,16,take-swap-c,3,1048576,65536,1,46578000,1916000061831479400
normal-o3,0,256,reserved,16,rust-vec,3,1048576,65536,1,41691000,1916000061831479400
normal-o3,0,256,reserved,16,cpp-std-vector,3,1048576,65536,1,44582000,1916000061831479400
normal-o3,0,256,reserved,16,whitefoot,3,1048576,65536,1,43107000,1916000061831479400
normal-o3,0,256,reserved,16,reverse-c,3,1048576,65536,1,50172000,1916000061831479400
normal-o3,0,256,reserved,16,direct-c,3,1048576,65536,1,46050000,1916000061831479400
normal-o3,0,256,reserved,16,take-swap-c,4,1048576,65536,1,46336000,317124334665105513
normal-o3,0,256,reserved,16,rust-vec,4,1048576,65536,1,41579000,317124334665105513
normal-o3,0,256,reserved,16,cpp-std-vector,4,1048576,65536,1,44550000,317124334665105513
normal-o3,0,256,reserved,16,whitefoot,4,1048576,65536,1,42899000,317124334665105513
normal-o3,0,256,reserved,16,reverse-c,4,1048576,65536,1,50348000,317124334665105513
normal-o3,0,256,reserved,16,direct-c,4,1048576,65536,1,45985000,317124334665105513
normal-o3,0,256,reserved,16,swap-take-c,4,1048576,65536,1,49540000,317124334665105513
normal-o3,0,256,reserved,16,rust-vec,5,1048576,65536,1,41538000,16344508304658628714
normal-o3,0,256,reserved,16,cpp-std-vector,5,1048576,65536,1,44549000,16344508304658628714
normal-o3,0,256,reserved,16,whitefoot,5,1048576,65536,1,44281000,16344508304658628714
normal-o3,0,256,reserved,16,reverse-c,5,1048576,65536,1,50907000,16344508304658628714
normal-o3,0,256,reserved,16,direct-c,5,1048576,65536,1,45996000,16344508304658628714
normal-o3,0,256,reserved,16,swap-take-c,5,1048576,65536,1,49571000,16344508304658628714
normal-o3,0,256,reserved,16,take-swap-c,5,1048576,65536,1,46278000,16344508304658628714
normal-o3,0,256,reserved,16,cpp-std-vector,6,1048576,65536,1,44512000,17728104047323021419
normal-o3,0,256,reserved,16,whitefoot,6,1048576,65536,1,42691000,17728104047323021419
normal-o3,0,256,reserved,16,reverse-c,6,1048576,65536,1,50172000,17728104047323021419
normal-o3,0,256,reserved,16,direct-c,6,1048576,65536,1,46058000,17728104047323021419
normal-o3,0,256,reserved,16,swap-take-c,6,1048576,65536,1,50222000,17728104047323021419
normal-o3,0,256,reserved,16,take-swap-c,6,1048576,65536,1,46252000,17728104047323021419
normal-o3,0,256,reserved,16,rust-vec,6,1048576,65536,1,41483000,17728104047323021419
normal-o3,0,256,reserved,256,whitefoot,0,1048576,4096,1,39612000,5774473182449584229
normal-o3,0,256,reserved,256,reverse-c,0,1048576,4096,1,47008000,5774473182449584229
normal-o3,0,256,reserved,256,direct-c,0,1048576,4096,1,41484000,5774473182449584229
normal-o3,0,256,reserved,256,swap-take-c,0,1048576,4096,1,43782000,5774473182449584229
normal-o3,0,256,reserved,256,take-swap-c,0,1048576,4096,1,41516000,5774473182449584229
normal-o3,0,256,reserved,256,rust-vec,0,1048576,4096,1,39201000,5774473182449584229
normal-o3,0,256,reserved,256,cpp-std-vector,0,1048576,4096,1,41949000,5774473182449584229
normal-o3,0,256,reserved,256,reverse-c,1,1048576,4096,1,48503000,730816566922926182
normal-o3,0,256,reserved,256,direct-c,1,1048576,4096,1,42221000,730816566922926182
normal-o3,0,256,reserved,256,swap-take-c,1,1048576,4096,1,44716000,730816566922926182
normal-o3,0,256,reserved,256,take-swap-c,1,1048576,4096,1,42552000,730816566922926182
normal-o3,0,256,reserved,256,rust-vec,1,1048576,4096,1,39272000,730816566922926182
normal-o3,0,256,reserved,256,cpp-std-vector,1,1048576,4096,1,42064000,730816566922926182
normal-o3,0,256,reserved,256,whitefoot,1,1048576,4096,1,39258000,730816566922926182
normal-o3,0,256,reserved,256,direct-c,2,1048576,4096,1,41159000,3951699326411303015
normal-o3,0,256,reserved,256,swap-take-c,2,1048576,4096,1,43720000,3951699326411303015
normal-o3,0,256,reserved,256,take-swap-c,2,1048576,4096,1,41584000,3951699326411303015
normal-o3,0,256,reserved,256,rust-vec,2,1048576,4096,1,39262000,3951699326411303015
normal-o3,0,256,reserved,256,cpp-std-vector,2,1048576,4096,1,42953000,3951699326411303015
normal-o3,0,256,reserved,256,whitefoot,2,1048576,4096,1,39745000,3951699326411303015
normal-o3,0,256,reserved,256,reverse-c,2,1048576,4096,1,46873000,3951699326411303015
normal-o3,0,256,reserved,256,swap-take-c,3,1048576,4096,1,44082000,4669976213855500392
normal-o3,0,256,reserved,256,take-swap-c,3,1048576,4096,1,41593000,4669976213855500392
normal-o3,0,256,reserved,256,rust-vec,3,1048576,4096,1,39196000,4669976213855500392
normal-o3,0,256,reserved,256,cpp-std-vector,3,1048576,4096,1,41869000,4669976213855500392
normal-o3,0,256,reserved,256,whitefoot,3,1048576,4096,1,39132000,4669976213855500392
normal-o3,0,256,reserved,256,reverse-c,3,1048576,4096,1,46879000,4669976213855500392
normal-o3,0,256,reserved,256,direct-c,3,1048576,4096,1,41090000,4669976213855500392
normal-o3,0,256,reserved,256,take-swap-c,4,1048576,4096,1,42135000,4748812814999455849
normal-o3,0,256,reserved,256,rust-vec,4,1048576,4096,1,40439000,4748812814999455849
normal-o3,0,256,reserved,256,cpp-std-vector,4,1048576,4096,1,42110000,4748812814999455849
normal-o3,0,256,reserved,256,whitefoot,4,1048576,4096,1,39315000,4748812814999455849
normal-o3,0,256,reserved,256,reverse-c,4,1048576,4096,1,50981000,4748812814999455849
normal-o3,0,256,reserved,256,direct-c,4,1048576,4096,1,41624000,4748812814999455849
normal-o3,0,256,reserved,256,swap-take-c,4,1048576,4096,1,44318000,4748812814999455849
normal-o3,0,256,reserved,256,rust-vec,5,1048576,4096,1,40214000,9617966251147630698
normal-o3,0,256,reserved,256,cpp-std-vector,5,1048576,4096,1,42539000,9617966251147630698
normal-o3,0,256,reserved,256,whitefoot,5,1048576,4096,1,40075000,9617966251147630698
normal-o3,0,256,reserved,256,reverse-c,5,1048576,4096,1,47486000,9617966251147630698
normal-o3,0,256,reserved,256,direct-c,5,1048576,4096,1,42037000,9617966251147630698
normal-o3,0,256,reserved,256,swap-take-c,5,1048576,4096,1,44370000,9617966251147630698
normal-o3,0,256,reserved,256,take-swap-c,5,1048576,4096,1,42292000,9617966251147630698
normal-o3,0,256,reserved,256,cpp-std-vector,6,1048576,4096,1,42793000,14780350119149938795
normal-o3,0,256,reserved,256,whitefoot,6,1048576,4096,1,40439000,14780350119149938795
normal-o3,0,256,reserved,256,reverse-c,6,1048576,4096,1,47129000,14780350119149938795
normal-o3,0,256,reserved,256,direct-c,6,1048576,4096,1,41373000,14780350119149938795
normal-o3,0,256,reserved,256,swap-take-c,6,1048576,4096,1,44098000,14780350119149938795
normal-o3,0,256,reserved,256,take-swap-c,6,1048576,4096,1,41756000,14780350119149938795
normal-o3,0,256,reserved,256,rust-vec,6,1048576,4096,1,39264000,14780350119149938795
normal-o3,0,256,reserved,4096,whitefoot,0,1048576,256,1,41983000,7990118519889974501
normal-o3,0,256,reserved,4096,reverse-c,0,1048576,256,1,50256000,7990118519889974501
normal-o3,0,256,reserved,4096,direct-c,0,1048576,256,1,43911000,7990118519889974501
normal-o3,0,256,reserved,4096,swap-take-c,0,1048576,256,1,46800000,7990118519889974501
normal-o3,0,256,reserved,4096,take-swap-c,0,1048576,256,1,43996000,7990118519889974501
normal-o3,0,256,reserved,4096,rust-vec,0,1048576,256,1,41356000,7990118519889974501
normal-o3,0,256,reserved,4096,cpp-std-vector,0,1048576,256,1,43826000,7990118519889974501
normal-o3,0,256,reserved,4096,reverse-c,1,1048576,256,1,50215000,10660244701728609766
normal-o3,0,256,reserved,4096,direct-c,1,1048576,256,1,43059000,10660244701728609766
normal-o3,0,256,reserved,4096,swap-take-c,1,1048576,256,1,45361000,10660244701728609766
normal-o3,0,256,reserved,4096,take-swap-c,1,1048576,256,1,43281000,10660244701728609766
normal-o3,0,256,reserved,4096,rust-vec,1,1048576,256,1,41572000,10660244701728609766
normal-o3,0,256,reserved,4096,cpp-std-vector,1,1048576,256,1,44563000,10660244701728609766
normal-o3,0,256,reserved,4096,whitefoot,1,1048576,256,1,41530000,10660244701728609766
normal-o3,0,256,reserved,4096,direct-c,2,1048576,256,1,43367000,3495536164771485415
normal-o3,0,256,reserved,4096,swap-take-c,2,1048576,256,1,45352000,3495536164771485415
normal-o3,0,256,reserved,4096,take-swap-c,2,1048576,256,1,43947000,3495536164771485415
normal-o3,0,256,reserved,4096,rust-vec,2,1048576,256,1,41204000,3495536164771485415
normal-o3,0,256,reserved,4096,cpp-std-vector,2,1048576,256,1,44662000,3495536164771485415
normal-o3,0,256,reserved,4096,whitefoot,2,1048576,256,1,40901000,3495536164771485415
normal-o3,0,256,reserved,4096,reverse-c,2,1048576,256,1,49749000,3495536164771485415
normal-o3,0,256,reserved,4096,swap-take-c,3,1048576,256,1,46329000,15148529761215748072
normal-o3,0,256,reserved,4096,take-swap-c,3,1048576,256,1,43170000,15148529761215748072
normal-o3,0,256,reserved,4096,rust-vec,3,1048576,256,1,41437000,15148529761215748072
normal-o3,0,256,reserved,4096,cpp-std-vector,3,1048576,256,1,43754000,15148529761215748072
normal-o3,0,256,reserved,4096,whitefoot,3,1048576,256,1,40874000,15148529761215748072
normal-o3,0,256,reserved,4096,reverse-c,3,1048576,256,1,53427000,15148529761215748072
normal-o3,0,256,reserved,4096,direct-c,3,1048576,256,1,43428000,15148529761215748072
normal-o3,0,256,reserved,4096,take-swap-c,4,1048576,256,1,43910000,9298652180223940841
normal-o3,0,256,reserved,4096,rust-vec,4,1048576,256,1,41385000,9298652180223940841
normal-o3,0,256,reserved,4096,cpp-std-vector,4,1048576,256,1,43604000,9298652180223940841
normal-o3,0,256,reserved,4096,whitefoot,4,1048576,256,1,41003000,9298652180223940841
normal-o3,0,256,reserved,4096,reverse-c,4,1048576,256,1,50295000,9298652180223940841
normal-o3,0,256,reserved,4096,direct-c,4,1048576,256,1,43566000,9298652180223940841
normal-o3,0,256,reserved,4096,swap-take-c,4,1048576,256,1,45262000,9298652180223940841
normal-o3,0,256,reserved,4096,rust-vec,5,1048576,256,1,42619000,8375064059273222634
normal-o3,0,256,reserved,4096,cpp-std-vector,5,1048576,256,1,44689000,8375064059273222634
normal-o3,0,256,reserved,4096,whitefoot,5,1048576,256,1,41177000,8375064059273222634
normal-o3,0,256,reserved,4096,reverse-c,5,1048576,256,1,49925000,8375064059273222634
normal-o3,0,256,reserved,4096,direct-c,5,1048576,256,1,43360000,8375064059273222634
normal-o3,0,256,reserved,4096,swap-take-c,5,1048576,256,1,45408000,8375064059273222634
normal-o3,0,256,reserved,4096,take-swap-c,5,1048576,256,1,44355000,8375064059273222634
normal-o3,0,256,reserved,4096,cpp-std-vector,6,1048576,256,1,48107000,18409727464639388395
normal-o3,0,256,reserved,4096,whitefoot,6,1048576,256,1,42002000,18409727464639388395
normal-o3,0,256,reserved,4096,reverse-c,6,1048576,256,1,50240000,18409727464639388395
normal-o3,0,256,reserved,4096,direct-c,6,1048576,256,1,43851000,18409727464639388395
normal-o3,0,256,reserved,4096,swap-take-c,6,1048576,256,1,46819000,18409727464639388395
normal-o3,0,256,reserved,4096,take-swap-c,6,1048576,256,1,44260000,18409727464639388395
normal-o3,0,256,reserved,4096,rust-vec,6,1048576,256,1,42286000,18409727464639388395
normal-o3,0,256,growth,16,whitefoot,0,1048576,65536,1,59680000,16095999890136793189
normal-o3,0,256,growth,16,reverse-c,0,1048576,65536,1,68032000,16095999890136793189
normal-o3,0,256,growth,16,direct-c,0,1048576,65536,1,62772000,16095999890136793189
normal-o3,0,256,growth,16,swap-take-c,0,1048576,65536,1,68323000,16095999890136793189
normal-o3,0,256,growth,16,take-swap-c,0,1048576,65536,1,62898000,16095999890136793189
normal-o3,0,256,growth,16,rust-vec,0,1048576,65536,1,57944000,16095999890136793189
normal-o3,0,256,growth,16,cpp-std-vector,0,1048576,65536,1,61294000,16095999890136793189
normal-o3,0,256,growth,16,reverse-c,1,1048576,65536,1,70003000,10905710204835692646
normal-o3,0,256,growth,16,direct-c,1,1048576,65536,1,64516000,10905710204835692646
normal-o3,0,256,growth,16,swap-take-c,1,1048576,65536,1,70775000,10905710204835692646
normal-o3,0,256,growth,16,take-swap-c,1,1048576,65536,1,62966000,10905710204835692646
normal-o3,0,256,growth,16,rust-vec,1,1048576,65536,1,56590000,10905710204835692646
normal-o3,0,256,growth,16,cpp-std-vector,1,1048576,65536,1,59029000,10905710204835692646
normal-o3,0,256,growth,16,whitefoot,1,1048576,65536,1,60094000,10905710204835692646
normal-o3,0,256,growth,16,direct-c,2,1048576,65536,1,62737000,1136678281099509863
normal-o3,0,256,growth,16,swap-take-c,2,1048576,65536,1,66824000,1136678281099509863
normal-o3,0,256,growth,16,take-swap-c,2,1048576,65536,1,63423000,1136678281099509863
normal-o3,0,256,growth,16,rust-vec,2,1048576,65536,1,58039000,1136678281099509863
normal-o3,0,256,growth,16,cpp-std-vector,2,1048576,65536,1,61237000,1136678281099509863
normal-o3,0,256,growth,16,whitefoot,2,1048576,65536,1,60277000,1136678281099509863
normal-o3,0,256,growth,16,reverse-c,2,1048576,65536,1,66993000,1136678281099509863
normal-o3,0,256,growth,16,swap-take-c,3,1048576,65536,1,66870000,1916000061831479400
normal-o3,0,256,growth,16,take-swap-c,3,1048576,65536,1,63783000,1916000061831479400
normal-o3,0,256,growth,16,rust-vec,3,1048576,65536,1,58284000,1916000061831479400
normal-o3,0,256,growth,16,cpp-std-vector,3,1048576,65536,1,59249000,1916000061831479400
normal-o3,0,256,growth,16,whitefoot,3,1048576,65536,1,59582000,1916000061831479400
normal-o3,0,256,growth,16,reverse-c,3,1048576,65536,1,66803000,1916000061831479400
normal-o3,0,256,growth,16,direct-c,3,1048576,65536,1,63492000,1916000061831479400
normal-o3,0,256,growth,16,take-swap-c,4,1048576,65536,1,62418000,317124334665105513
normal-o3,0,256,growth,16,rust-vec,4,1048576,65536,1,62155000,317124334665105513
normal-o3,0,256,growth,16,cpp-std-vector,4,1048576,65536,1,61066000,317124334665105513
normal-o3,0,256,growth,16,whitefoot,4,1048576,65536,1,61116000,317124334665105513
normal-o3,0,256,growth,16,reverse-c,4,1048576,65536,1,68137000,317124334665105513
normal-o3,0,256,growth,16,direct-c,4,1048576,65536,1,62696000,317124334665105513
normal-o3,0,256,growth,16,swap-take-c,4,1048576,65536,1,66933000,317124334665105513
normal-o3,0,256,growth,16,rust-vec,5,1048576,65536,1,57434000,16344508304658628714
normal-o3,0,256,growth,16,cpp-std-vector,5,1048576,65536,1,60763000,16344508304658628714
normal-o3,0,256,growth,16,whitefoot,5,1048576,65536,1,60197000,16344508304658628714
normal-o3,0,256,growth,16,reverse-c,5,1048576,65536,1,70476000,16344508304658628714
normal-o3,0,256,growth,16,direct-c,5,1048576,65536,1,62512000,16344508304658628714
normal-o3,0,256,growth,16,swap-take-c,5,1048576,65536,1,67337000,16344508304658628714
normal-o3,0,256,growth,16,take-swap-c,5,1048576,65536,1,62673000,16344508304658628714
normal-o3,0,256,growth,16,cpp-std-vector,6,1048576,65536,1,58974000,17728104047323021419
normal-o3,0,256,growth,16,whitefoot,6,1048576,65536,1,59798000,17728104047323021419
normal-o3,0,256,growth,16,reverse-c,6,1048576,65536,1,66963000,17728104047323021419
normal-o3,0,256,growth,16,direct-c,6,1048576,65536,1,62220000,17728104047323021419
normal-o3,0,256,growth,16,swap-take-c,6,1048576,65536,1,67061000,17728104047323021419
normal-o3,0,256,growth,16,take-swap-c,6,1048576,65536,1,63492000,17728104047323021419
normal-o3,0,256,growth,16,rust-vec,6,1048576,65536,1,56543000,17728104047323021419
normal-o3,0,256,growth,256,whitefoot,0,1048576,4096,1,52118000,5774473182449584229
normal-o3,0,256,growth,256,reverse-c,0,1048576,4096,1,60405000,5774473182449584229
normal-o3,0,256,growth,256,direct-c,0,1048576,4096,1,55434000,5774473182449584229
normal-o3,0,256,growth,256,swap-take-c,0,1048576,4096,1,58667000,5774473182449584229
normal-o3,0,256,growth,256,take-swap-c,0,1048576,4096,1,56135000,5774473182449584229
normal-o3,0,256,growth,256,rust-vec,0,1048576,4096,1,49307000,5774473182449584229
normal-o3,0,256,growth,256,cpp-std-vector,0,1048576,4096,1,57263000,5774473182449584229
normal-o3,0,256,growth,256,reverse-c,1,1048576,4096,1,62378000,730816566922926182
normal-o3,0,256,growth,256,direct-c,1,1048576,4096,1,124007000,730816566922926182
normal-o3,0,256,growth,256,swap-take-c,1,1048576,4096,1,58273000,730816566922926182
normal-o3,0,256,growth,256,take-swap-c,1,1048576,4096,1,56647000,730816566922926182
normal-o3,0,256,growth,256,rust-vec,1,1048576,4096,1,47487000,730816566922926182
normal-o3,0,256,growth,256,cpp-std-vector,1,1048576,4096,1,60094000,730816566922926182
normal-o3,0,256,growth,256,whitefoot,1,1048576,4096,1,52517000,730816566922926182
normal-o3,0,256,growth,256,direct-c,2,1048576,4096,1,55142000,3951699326411303015
normal-o3,0,256,growth,256,swap-take-c,2,1048576,4096,1,58905000,3951699326411303015
normal-o3,0,256,growth,256,take-swap-c,2,1048576,4096,1,56929000,3951699326411303015
normal-o3,0,256,growth,256,rust-vec,2,1048576,4096,1,51004000,3951699326411303015
normal-o3,0,256,growth,256,cpp-std-vector,2,1048576,4096,1,59036000,3951699326411303015
normal-o3,0,256,growth,256,whitefoot,2,1048576,4096,1,53811000,3951699326411303015
normal-o3,0,256,growth,256,reverse-c,2,1048576,4096,1,61726000,3951699326411303015
normal-o3,0,256,growth,256,swap-take-c,3,1048576,4096,1,57364000,4669976213855500392
normal-o3,0,256,growth,256,take-swap-c,3,1048576,4096,1,54936000,4669976213855500392
normal-o3,0,256,growth,256,rust-vec,3,1048576,4096,1,46726000,4669976213855500392
normal-o3,0,256,growth,256,cpp-std-vector,3,1048576,4096,1,56131000,4669976213855500392
normal-o3,0,256,growth,256,whitefoot,3,1048576,4096,1,52129000,4669976213855500392
normal-o3,0,256,growth,256,reverse-c,3,1048576,4096,1,61224000,4669976213855500392
normal-o3,0,256,growth,256,direct-c,3,1048576,4096,1,54200000,4669976213855500392
normal-o3,0,256,growth,256,take-swap-c,4,1048576,4096,1,56056000,4748812814999455849
normal-o3,0,256,growth,256,rust-vec,4,1048576,4096,1,45788000,4748812814999455849
normal-o3,0,256,growth,256,cpp-std-vector,4,1048576,4096,1,55682000,4748812814999455849
normal-o3,0,256,growth,256,whitefoot,4,1048576,4096,1,52794000,4748812814999455849
normal-o3,0,256,growth,256,reverse-c,4,1048576,4096,1,62437000,4748812814999455849
normal-o3,0,256,growth,256,direct-c,4,1048576,4096,1,54239000,4748812814999455849
normal-o3,0,256,growth,256,swap-take-c,4,1048576,4096,1,57294000,4748812814999455849
normal-o3,0,256,growth,256,rust-vec,5,1048576,4096,1,50559000,9617966251147630698
normal-o3,0,256,growth,256,cpp-std-vector,5,1048576,4096,1,62824000,9617966251147630698
normal-o3,0,256,growth,256,whitefoot,5,1048576,4096,1,53396000,9617966251147630698
normal-o3,0,256,growth,256,reverse-c,5,1048576,4096,1,62517000,9617966251147630698
normal-o3,0,256,growth,256,direct-c,5,1048576,4096,1,55194000,9617966251147630698
normal-o3,0,256,growth,256,swap-take-c,5,1048576,4096,1,58750000,9617966251147630698
normal-o3,0,256,growth,256,take-swap-c,5,1048576,4096,1,56523000,9617966251147630698
normal-o3,0,256,growth,256,cpp-std-vector,6,1048576,4096,1,57250000,14780350119149938795
normal-o3,0,256,growth,256,whitefoot,6,1048576,4096,1,54099000,14780350119149938795
normal-o3,0,256,growth,256,reverse-c,6,1048576,4096,1,62680000,14780350119149938795
normal-o3,0,256,growth,256,direct-c,6,1048576,4096,1,54787000,14780350119149938795
normal-o3,0,256,growth,256,swap-take-c,6,1048576,4096,1,59978000,14780350119149938795
normal-o3,0,256,growth,256,take-swap-c,6,1048576,4096,1,57960000,14780350119149938795
normal-o3,0,256,growth,256,rust-vec,6,1048576,4096,1,45736000,14780350119149938795
normal-o3,0,256,growth,4096,whitefoot,0,1048576,256,1,53481000,7990118519889974501
normal-o3,0,256,growth,4096,reverse-c,0,1048576,256,1,62449000,7990118519889974501
normal-o3,0,256,growth,4096,direct-c,0,1048576,256,1,56818000,7990118519889974501
normal-o3,0,256,growth,4096,swap-take-c,0,1048576,256,1,58588000,7990118519889974501
normal-o3,0,256,growth,4096,take-swap-c,0,1048576,256,1,56445000,7990118519889974501
normal-o3,0,256,growth,4096,rust-vec,0,1048576,256,1,41684000,7990118519889974501
normal-o3,0,256,growth,4096,cpp-std-vector,0,1048576,256,1,52837000,7990118519889974501
normal-o3,0,256,growth,4096,reverse-c,1,1048576,256,1,61942000,10660244701728609766
normal-o3,0,256,growth,4096,direct-c,1,1048576,256,1,61240000,10660244701728609766
normal-o3,0,256,growth,4096,swap-take-c,1,1048576,256,1,60369000,10660244701728609766
normal-o3,0,256,growth,4096,take-swap-c,1,1048576,256,1,58630000,10660244701728609766
normal-o3,0,256,growth,4096,rust-vec,1,1048576,256,1,43674000,10660244701728609766
normal-o3,0,256,growth,4096,cpp-std-vector,1,1048576,256,1,56681000,10660244701728609766
normal-o3,0,256,growth,4096,whitefoot,1,1048576,256,1,54279000,10660244701728609766
normal-o3,0,256,growth,4096,direct-c,2,1048576,256,1,55468000,3495536164771485415
normal-o3,0,256,growth,4096,swap-take-c,2,1048576,256,1,58915000,3495536164771485415
normal-o3,0,256,growth,4096,take-swap-c,2,1048576,256,1,57716000,3495536164771485415
normal-o3,0,256,growth,4096,rust-vec,2,1048576,256,1,42557000,3495536164771485415
normal-o3,0,256,growth,4096,cpp-std-vector,2,1048576,256,1,52857000,3495536164771485415
normal-o3,0,256,growth,4096,whitefoot,2,1048576,256,1,55532000,3495536164771485415
normal-o3,0,256,growth,4096,reverse-c,2,1048576,256,1,63236000,3495536164771485415
normal-o3,0,256,growth,4096,swap-take-c,3,1048576,256,1,60693000,15148529761215748072
normal-o3,0,256,growth,4096,take-swap-c,3,1048576,256,1,55995000,15148529761215748072
normal-o3,0,256,growth,4096,rust-vec,3,1048576,256,1,42978000,15148529761215748072
normal-o3,0,256,growth,4096,cpp-std-vector,3,1048576,256,1,53716000,15148529761215748072
normal-o3,0,256,growth,4096,whitefoot,3,1048576,256,1,55311000,15148529761215748072
normal-o3,0,256,growth,4096,reverse-c,3,1048576,256,1,62298000,15148529761215748072
normal-o3,0,256,growth,4096,direct-c,3,1048576,256,1,55441000,15148529761215748072
normal-o3,0,256,growth,4096,take-swap-c,4,1048576,256,1,57289000,9298652180223940841
normal-o3,0,256,growth,4096,rust-vec,4,1048576,256,1,42171000,9298652180223940841
normal-o3,0,256,growth,4096,cpp-std-vector,4,1048576,256,1,53361000,9298652180223940841
normal-o3,0,256,growth,4096,whitefoot,4,1048576,256,1,55657000,9298652180223940841
normal-o3,0,256,growth,4096,reverse-c,4,1048576,256,1,62470000,9298652180223940841
normal-o3,0,256,growth,4096,direct-c,4,1048576,256,1,55842000,9298652180223940841
normal-o3,0,256,growth,4096,swap-take-c,4,1048576,256,1,58087000,9298652180223940841
normal-o3,0,256,growth,4096,rust-vec,5,1048576,256,1,42501000,8375064059273222634
normal-o3,0,256,growth,4096,cpp-std-vector,5,1048576,256,1,54031000,8375064059273222634
normal-o3,0,256,growth,4096,whitefoot,5,1048576,256,1,53340000,8375064059273222634
normal-o3,0,256,growth,4096,reverse-c,5,1048576,256,1,66486000,8375064059273222634
normal-o3,0,256,growth,4096,direct-c,5,1048576,256,1,56886000,8375064059273222634
normal-o3,0,256,growth,4096,swap-take-c,5,1048576,256,1,59114000,8375064059273222634
normal-o3,0,256,growth,4096,take-swap-c,5,1048576,256,1,59175000,8375064059273222634
normal-o3,0,256,growth,4096,cpp-std-vector,6,1048576,256,1,52797000,18409727464639388395
normal-o3,0,256,growth,4096,whitefoot,6,1048576,256,1,53579000,18409727464639388395
normal-o3,0,256,growth,4096,reverse-c,6,1048576,256,1,63251000,18409727464639388395
normal-o3,0,256,growth,4096,direct-c,6,1048576,256,1,57430000,18409727464639388395
normal-o3,0,256,growth,4096,swap-take-c,6,1048576,256,1,58232000,18409727464639388395
normal-o3,0,256,growth,4096,take-swap-c,6,1048576,256,1,55884000,18409727464639388395
normal-o3,0,256,growth,4096,rust-vec,6,1048576,256,1,41489000,18409727464639388395
normal-o3,0,256,reuse,16,whitefoot,0,1048576,65536,1,41603000,16095999890136793189
normal-o3,0,256,reuse,16,reverse-c,0,1048576,65536,1,48394000,16095999890136793189
normal-o3,0,256,reuse,16,direct-c,0,1048576,65536,1,43444000,16095999890136793189
normal-o3,0,256,reuse,16,swap-take-c,0,1048576,65536,1,48279000,16095999890136793189
normal-o3,0,256,reuse,16,take-swap-c,0,1048576,65536,1,44511000,16095999890136793189
normal-o3,0,256,reuse,16,rust-vec,0,1048576,65536,1,40394000,16095999890136793189
normal-o3,0,256,reuse,16,cpp-std-vector,0,1048576,65536,1,44104000,16095999890136793189
normal-o3,0,256,reuse,16,reverse-c,1,1048576,65536,1,48308000,10905710204835692646
normal-o3,0,256,reuse,16,direct-c,1,1048576,65536,1,43130000,10905710204835692646
normal-o3,0,256,reuse,16,swap-take-c,1,1048576,65536,1,46839000,10905710204835692646
normal-o3,0,256,reuse,16,take-swap-c,1,1048576,65536,1,44512000,10905710204835692646
normal-o3,0,256,reuse,16,rust-vec,1,1048576,65536,1,40429000,10905710204835692646
normal-o3,0,256,reuse,16,cpp-std-vector,1,1048576,65536,1,43404000,10905710204835692646
normal-o3,0,256,reuse,16,whitefoot,1,1048576,65536,1,41153000,10905710204835692646
normal-o3,0,256,reuse,16,direct-c,2,1048576,65536,1,43190000,1136678281099509863
normal-o3,0,256,reuse,16,swap-take-c,2,1048576,65536,1,47584000,1136678281099509863
normal-o3,0,256,reuse,16,take-swap-c,2,1048576,65536,1,44005000,1136678281099509863
normal-o3,0,256,reuse,16,rust-vec,2,1048576,65536,1,40583000,1136678281099509863
normal-o3,0,256,reuse,16,cpp-std-vector,2,1048576,65536,1,43253000,1136678281099509863
normal-o3,0,256,reuse,16,whitefoot,2,1048576,65536,1,42313000,1136678281099509863
normal-o3,0,256,reuse,16,reverse-c,2,1048576,65536,1,48769000,1136678281099509863
normal-o3,0,256,reuse,16,swap-take-c,3,1048576,65536,1,48925000,1916000061831479400
normal-o3,0,256,reuse,16,take-swap-c,3,1048576,65536,1,46412000,1916000061831479400
normal-o3,0,256,reuse,16,rust-vec,3,1048576,65536,1,42159000,1916000061831479400
normal-o3,0,256,reuse,16,cpp-std-vector,3,1048576,65536,1,44792000,1916000061831479400
normal-o3,0,256,reuse,16,whitefoot,3,1048576,65536,1,42192000,1916000061831479400
normal-o3,0,256,reuse,16,reverse-c,3,1048576,65536,1,49525000,1916000061831479400
normal-o3,0,256,reuse,16,direct-c,3,1048576,65536,1,50682000,1916000061831479400
normal-o3,0,256,reuse,16,take-swap-c,4,1048576,65536,1,44235000,317124334665105513
normal-o3,0,256,reuse,16,rust-vec,4,1048576,65536,1,42074000,317124334665105513
normal-o3,0,256,reuse,16,cpp-std-vector,4,1048576,65536,1,44007000,317124334665105513
normal-o3,0,256,reuse,16,whitefoot,4,1048576,65536,1,41267000,317124334665105513
normal-o3,0,256,reuse,16,reverse-c,4,1048576,65536,1,48513000,317124334665105513
normal-o3,0,256,reuse,16,direct-c,4,1048576,65536,1,43191000,317124334665105513
normal-o3,0,256,reuse,16,swap-take-c,4,1048576,65536,1,46763000,317124334665105513
normal-o3,0,256,reuse,16,rust-vec,5,1048576,65536,1,40457000,16344508304658628714
normal-o3,0,256,reuse,16,cpp-std-vector,5,1048576,65536,1,43799000,16344508304658628714
normal-o3,0,256,reuse,16,whitefoot,5,1048576,65536,1,40971000,16344508304658628714
normal-o3,0,256,reuse,16,reverse-c,5,1048576,65536,1,47936000,16344508304658628714
normal-o3,0,256,reuse,16,direct-c,5,1048576,65536,1,43297000,16344508304658628714
normal-o3,0,256,reuse,16,swap-take-c,5,1048576,65536,1,46890000,16344508304658628714
normal-o3,0,256,reuse,16,take-swap-c,5,1048576,65536,1,45534000,16344508304658628714
normal-o3,0,256,reuse,16,cpp-std-vector,6,1048576,65536,1,43485000,17728104047323021419
normal-o3,0,256,reuse,16,whitefoot,6,1048576,65536,1,42356000,17728104047323021419
normal-o3,0,256,reuse,16,reverse-c,6,1048576,65536,1,53882000,17728104047323021419
normal-o3,0,256,reuse,16,direct-c,6,1048576,65536,1,43771000,17728104047323021419
normal-o3,0,256,reuse,16,swap-take-c,6,1048576,65536,1,47150000,17728104047323021419
normal-o3,0,256,reuse,16,take-swap-c,6,1048576,65536,1,53743000,17728104047323021419
normal-o3,0,256,reuse,16,rust-vec,6,1048576,65536,1,42349000,17728104047323021419
normal-o3,0,256,reuse,256,whitefoot,0,1048576,4096,1,39597000,5774473182449584229
normal-o3,0,256,reuse,256,reverse-c,0,1048576,4096,1,48671000,5774473182449584229
normal-o3,0,256,reuse,256,direct-c,0,1048576,4096,1,42415000,5774473182449584229
normal-o3,0,256,reuse,256,swap-take-c,0,1048576,4096,1,45279000,5774473182449584229
normal-o3,0,256,reuse,256,take-swap-c,0,1048576,4096,1,41592000,5774473182449584229
normal-o3,0,256,reuse,256,rust-vec,0,1048576,4096,1,41344000,5774473182449584229
normal-o3,0,256,reuse,256,cpp-std-vector,0,1048576,4096,1,41819000,5774473182449584229
normal-o3,0,256,reuse,256,reverse-c,1,1048576,4096,1,46747000,730816566922926182
normal-o3,0,256,reuse,256,direct-c,1,1048576,4096,1,44226000,730816566922926182
normal-o3,0,256,reuse,256,swap-take-c,1,1048576,4096,1,45143000,730816566922926182
normal-o3,0,256,reuse,256,take-swap-c,1,1048576,4096,1,41672000,730816566922926182
normal-o3,0,256,reuse,256,rust-vec,1,1048576,4096,1,40713000,730816566922926182
normal-o3,0,256,reuse,256,cpp-std-vector,1,1048576,4096,1,41915000,730816566922926182
normal-o3,0,256,reuse,256,whitefoot,1,1048576,4096,1,39227000,730816566922926182
normal-o3,0,256,reuse,256,direct-c,2,1048576,4096,1,42315000,3951699326411303015
normal-o3,0,256,reuse,256,swap-take-c,2,1048576,4096,1,44600000,3951699326411303015
normal-o3,0,256,reuse,256,take-swap-c,2,1048576,4096,1,42376000,3951699326411303015
normal-o3,0,256,reuse,256,rust-vec,2,1048576,4096,1,40390000,3951699326411303015
normal-o3,0,256,reuse,256,cpp-std-vector,2,1048576,4096,1,42536000,3951699326411303015
normal-o3,0,256,reuse,256,whitefoot,2,1048576,4096,1,40754000,3951699326411303015
normal-o3,0,256,reuse,256,reverse-c,2,1048576,4096,1,46810000,3951699326411303015
normal-o3,0,256,reuse,256,swap-take-c,3,1048576,4096,1,44829000,4669976213855500392
normal-o3,0,256,reuse,256,take-swap-c,3,1048576,4096,1,44316000,4669976213855500392
normal-o3,0,256,reuse,256,rust-vec,3,1048576,4096,1,39377000,4669976213855500392
normal-o3,0,256,reuse,256,cpp-std-vector,3,1048576,4096,1,43806000,4669976213855500392
normal-o3,0,256,reuse,256,whitefoot,3,1048576,4096,1,39022000,4669976213855500392
normal-o3,0,256,reuse,256,reverse-c,3,1048576,4096,1,47435000,4669976213855500392
normal-o3,0,256,reuse,256,direct-c,3,1048576,4096,1,42317000,4669976213855500392
normal-o3,0,256,reuse,256,take-swap-c,4,1048576,4096,1,41512000,4748812814999455849
normal-o3,0,256,reuse,256,rust-vec,4,1048576,4096,1,39831000,4748812814999455849
normal-o3,0,256,reuse,256,cpp-std-vector,4,1048576,4096,1,42163000,4748812814999455849
normal-o3,0,256,reuse,256,whitefoot,4,1048576,4096,1,38981000,4748812814999455849
normal-o3,0,256,reuse,256,reverse-c,4,1048576,4096,1,46645000,4748812814999455849
normal-o3,0,256,reuse,256,direct-c,4,1048576,4096,1,42074000,4748812814999455849
normal-o3,0,256,reuse,256,swap-take-c,4,1048576,4096,1,43973000,4748812814999455849
normal-o3,0,256,reuse,256,rust-vec,5,1048576,4096,1,40335000,9617966251147630698
normal-o3,0,256,reuse,256,cpp-std-vector,5,1048576,4096,1,41685000,9617966251147630698
normal-o3,0,256,reuse,256,whitefoot,5,1048576,4096,1,40559000,9617966251147630698
normal-o3,0,256,reuse,256,reverse-c,5,1048576,4096,1,47003000,9617966251147630698
normal-o3,0,256,reuse,256,direct-c,5,1048576,4096,1,41442000,9617966251147630698
normal-o3,0,256,reuse,256,swap-take-c,5,1048576,4096,1,43567000,9617966251147630698
normal-o3,0,256,reuse,256,take-swap-c,5,1048576,4096,1,43857000,9617966251147630698
normal-o3,0,256,reuse,256,cpp-std-vector,6,1048576,4096,1,41961000,14780350119149938795
normal-o3,0,256,reuse,256,whitefoot,6,1048576,4096,1,40487000,14780350119149938795
normal-o3,0,256,reuse,256,reverse-c,6,1048576,4096,1,46871000,14780350119149938795
normal-o3,0,256,reuse,256,direct-c,6,1048576,4096,1,41129000,14780350119149938795
normal-o3,0,256,reuse,256,swap-take-c,6,1048576,4096,1,44645000,14780350119149938795
normal-o3,0,256,reuse,256,take-swap-c,6,1048576,4096,1,41578000,14780350119149938795
normal-o3,0,256,reuse,256,rust-vec,6,1048576,4096,1,39986000,14780350119149938795
normal-o3,0,256,reuse,4096,whitefoot,0,1048576,256,1,41116000,7990118519889974501
normal-o3,0,256,reuse,4096,reverse-c,0,1048576,256,1,50727000,7990118519889974501
normal-o3,0,256,reuse,4096,direct-c,0,1048576,256,1,45550000,7990118519889974501
normal-o3,0,256,reuse,4096,swap-take-c,0,1048576,256,1,45869000,7990118519889974501
normal-o3,0,256,reuse,4096,take-swap-c,0,1048576,256,1,44199000,7990118519889974501
normal-o3,0,256,reuse,4096,rust-vec,0,1048576,256,1,43003000,7990118519889974501
normal-o3,0,256,reuse,4096,cpp-std-vector,0,1048576,256,1,44730000,7990118519889974501
normal-o3,0,256,reuse,4096,reverse-c,1,1048576,256,1,50527000,10660244701728609766
normal-o3,0,256,reuse,4096,direct-c,1,1048576,256,1,43748000,10660244701728609766
normal-o3,0,256,reuse,4096,swap-take-c,1,1048576,256,1,52926000,10660244701728609766
normal-o3,0,256,reuse,4096,take-swap-c,1,1048576,256,1,45688000,10660244701728609766
normal-o3,0,256,reuse,4096,rust-vec,1,1048576,256,1,41606000,10660244701728609766
normal-o3,0,256,reuse,4096,cpp-std-vector,1,1048576,256,1,45677000,10660244701728609766
normal-o3,0,256,reuse,4096,whitefoot,1,1048576,256,1,40999000,10660244701728609766
normal-o3,0,256,reuse,4096,direct-c,2,1048576,256,1,44192000,3495536164771485415
normal-o3,0,256,reuse,4096,swap-take-c,2,1048576,256,1,46840000,3495536164771485415
normal-o3,0,256,reuse,4096,take-swap-c,2,1048576,256,1,44167000,3495536164771485415
normal-o3,0,256,reuse,4096,rust-vec,2,1048576,256,1,41815000,3495536164771485415
normal-o3,0,256,reuse,4096,cpp-std-vector,2,1048576,256,1,46610000,3495536164771485415
normal-o3,0,256,reuse,4096,whitefoot,2,1048576,256,1,42333000,3495536164771485415
normal-o3,0,256,reuse,4096,reverse-c,2,1048576,256,1,51197000,3495536164771485415
normal-o3,0,256,reuse,4096,swap-take-c,3,1048576,256,1,45746000,15148529761215748072
normal-o3,0,256,reuse,4096,take-swap-c,3,1048576,256,1,44734000,15148529761215748072
normal-o3,0,256,reuse,4096,rust-vec,3,1048576,256,1,44101000,15148529761215748072
normal-o3,0,256,reuse,4096,cpp-std-vector,3,1048576,256,1,46023000,15148529761215748072
normal-o3,0,256,reuse,4096,whitefoot,3,1048576,256,1,41515000,15148529761215748072
normal-o3,0,256,reuse,4096,reverse-c,3,1048576,256,1,50358000,15148529761215748072
normal-o3,0,256,reuse,4096,direct-c,3,1048576,256,1,44595000,15148529761215748072
normal-o3,0,256,reuse,4096,take-swap-c,4,1048576,256,1,43837000,9298652180223940841
normal-o3,0,256,reuse,4096,rust-vec,4,1048576,256,1,41545000,9298652180223940841
normal-o3,0,256,reuse,4096,cpp-std-vector,4,1048576,256,1,44246000,9298652180223940841
normal-o3,0,256,reuse,4096,whitefoot,4,1048576,256,1,41093000,9298652180223940841
normal-o3,0,256,reuse,4096,reverse-c,4,1048576,256,1,50254000,9298652180223940841
normal-o3,0,256,reuse,4096,direct-c,4,1048576,256,1,43130000,9298652180223940841
normal-o3,0,256,reuse,4096,swap-take-c,4,1048576,256,1,45462000,9298652180223940841
normal-o3,0,256,reuse,4096,rust-vec,5,1048576,256,1,41037000,8375064059273222634
normal-o3,0,256,reuse,4096,cpp-std-vector,5,1048576,256,1,43723000,8375064059273222634
normal-o3,0,256,reuse,4096,whitefoot,5,1048576,256,1,41064000,8375064059273222634
normal-o3,0,256,reuse,4096,reverse-c,5,1048576,256,1,52209000,8375064059273222634
normal-o3,0,256,reuse,4096,direct-c,5,1048576,256,1,43375000,8375064059273222634
normal-o3,0,256,reuse,4096,swap-take-c,5,1048576,256,1,45833000,8375064059273222634
normal-o3,0,256,reuse,4096,take-swap-c,5,1048576,256,1,43787000,8375064059273222634
normal-o3,0,256,reuse,4096,cpp-std-vector,6,1048576,256,1,51165000,18409727464639388395
normal-o3,0,256,reuse,4096,whitefoot,6,1048576,256,1,41487000,18409727464639388395
normal-o3,0,256,reuse,4096,reverse-c,6,1048576,256,1,50711000,18409727464639388395
normal-o3,0,256,reuse,4096,direct-c,6,1048576,256,1,43777000,18409727464639388395
normal-o3,0,256,reuse,4096,swap-take-c,6,1048576,256,1,46124000,18409727464639388395
normal-o3,0,256,reuse,4096,take-swap-c,6,1048576,256,1,46842000,18409727464639388395
normal-o3,0,256,reuse,4096,rust-vec,6,1048576,256,1,41574000,18409727464639388395
normal-o3,0,256,suffix-0,16,whitefoot,0,1048576,1048576,1,1980000,6607130204449329354
normal-o3,0,256,suffix-0,16,reverse-c,0,1048576,1048576,1,2831000,6607130204449329354
normal-o3,0,256,suffix-0,16,direct-c,0,1048576,1048576,1,2784000,6607130204449329354
normal-o3,0,256,suffix-0,16,swap-take-c,0,1048576,1048576,1,2901000,6607130204449329354
normal-o3,0,256,suffix-0,16,take-swap-c,0,1048576,1048576,1,3921000,6607130204449329354
normal-o3,0,256,suffix-0,16,rust-vec,0,1048576,1048576,1,992000,6607130204449329354
normal-o3,0,256,suffix-0,16,cpp-std-vector,0,1048576,1048576,1,2811000,6607130204449329354
normal-o3,0,256,suffix-0,16,reverse-c,1,1048576,1048576,1,2840000,16952766600949476812
normal-o3,0,256,suffix-0,16,direct-c,1,1048576,1048576,1,2782000,16952766600949476812
normal-o3,0,256,suffix-0,16,swap-take-c,1,1048576,1048576,1,2942000,16952766600949476812
normal-o3,0,256,suffix-0,16,take-swap-c,1,1048576,1048576,1,4109000,16952766600949476812
normal-o3,0,256,suffix-0,16,rust-vec,1,1048576,1048576,1,990000,16952766600949476812
normal-o3,0,256,suffix-0,16,cpp-std-vector,1,1048576,1048576,1,2822000,16952766600949476812
normal-o3,0,256,suffix-0,16,whitefoot,1,1048576,1048576,1,1984000,16952766600949476812
normal-o3,0,256,suffix-0,16,direct-c,2,1048576,1048576,1,2796000,8851658923740072654
normal-o3,0,256,suffix-0,16,swap-take-c,2,1048576,1048576,1,2914000,8851658923740072654
normal-o3,0,256,suffix-0,16,take-swap-c,2,1048576,1048576,1,4171000,8851658923740072654
normal-o3,0,256,suffix-0,16,rust-vec,2,1048576,1048576,1,991000,8851658923740072654
normal-o3,0,256,suffix-0,16,cpp-std-vector,2,1048576,1048576,1,2767000,8851658923740072654
normal-o3,0,256,suffix-0,16,whitefoot,2,1048576,1048576,1,2001000,8851658923740072654
normal-o3,0,256,suffix-0,16,reverse-c,2,1048576,1048576,1,2980000,8851658923740072654
normal-o3,0,256,suffix-0,16,swap-take-c,3,1048576,1048576,1,3042000,750551246530668496
normal-o3,0,256,suffix-0,16,take-swap-c,3,1048576,1048576,1,4270000,750551246530668496
normal-o3,0,256,suffix-0,16,rust-vec,3,1048576,1048576,1,1074000,750551246530668496
normal-o3,0,256,suffix-0,16,cpp-std-vector,3,1048576,1048576,1,2832000,750551246530668496
normal-o3,0,256,suffix-0,16,whitefoot,3,1048576,1048576,1,1953000,750551246530668496
normal-o3,0,256,suffix-0,16,reverse-c,3,1048576,1048576,1,2819000,750551246530668496
normal-o3,0,256,suffix-0,16,direct-c,3,1048576,1048576,1,2843000,750551246530668496
normal-o3,0,256,suffix-0,16,take-swap-c,4,1048576,1048576,1,4181000,11096187643030815954
normal-o3,0,256,suffix-0,16,rust-vec,4,1048576,1048576,1,1017000,11096187643030815954
normal-o3,0,256,suffix-0,16,cpp-std-vector,4,1048576,1048576,1,2770000,11096187643030815954
normal-o3,0,256,suffix-0,16,whitefoot,4,1048576,1048576,1,1965000,11096187643030815954
normal-o3,0,256,suffix-0,16,reverse-c,4,1048576,1048576,1,2861000,11096187643030815954
normal-o3,0,256,suffix-0,16,direct-c,4,1048576,1048576,1,2790000,11096187643030815954
normal-o3,0,256,suffix-0,16,swap-take-c,4,1048576,1048576,1,2893000,11096187643030815954
normal-o3,0,256,suffix-0,16,rust-vec,5,1048576,1048576,1,991000,2995079965821411796
normal-o3,0,256,suffix-0,16,cpp-std-vector,5,1048576,1048576,1,2782000,2995079965821411796
normal-o3,0,256,suffix-0,16,whitefoot,5,1048576,1048576,1,1957000,2995079965821411796
normal-o3,0,256,suffix-0,16,reverse-c,5,1048576,1048576,1,2813000,2995079965821411796
normal-o3,0,256,suffix-0,16,direct-c,5,1048576,1048576,1,2778000,2995079965821411796
normal-o3,0,256,suffix-0,16,swap-take-c,5,1048576,1048576,1,2901000,2995079965821411796
normal-o3,0,256,suffix-0,16,take-swap-c,5,1048576,1048576,1,4135000,2995079965821411796
normal-o3,0,256,suffix-0,16,cpp-std-vector,6,1048576,1048576,1,2765000,13340716362321559254
normal-o3,0,256,suffix-0,16,whitefoot,6,1048576,1048576,1,1965000,13340716362321559254
normal-o3,0,256,suffix-0,16,reverse-c,6,1048576,1048576,1,2881000,13340716362321559254
normal-o3,0,256,suffix-0,16,direct-c,6,1048576,1048576,1,2788000,13340716362321559254
normal-o3,0,256,suffix-0,16,swap-take-c,6,1048576,1048576,1,2878000,13340716362321559254
normal-o3,0,256,suffix-0,16,take-swap-c,6,1048576,1048576,1,3146000,13340716362321559254
normal-o3,0,256,suffix-0,16,rust-vec,6,1048576,1048576,1,1004000,13340716362321559254
normal-o3,0,256,suffix-0,256,whitefoot,0,1048576,1048576,1,1973000,16711255245857297866
normal-o3,0,256,suffix-0,256,reverse-c,0,1048576,1048576,1,2821000,16711255245857297866
normal-o3,0,256,suffix-0,256,direct-c,0,1048576,1048576,1,2809000,16711255245857297866
normal-o3,0,256,suffix-0,256,swap-take-c,0,1048576,1048576,1,2891000,16711255245857297866
normal-o3,0,256,suffix-0,256,take-swap-c,0,1048576,1048576,1,4206000,16711255245857297866
normal-o3,0,256,suffix-0,256,rust-vec,0,1048576,1048576,1,992000,16711255245857297866
normal-o3,0,256,suffix-0,256,cpp-std-vector,0,1048576,1048576,1,2798000,16711255245857297866
normal-o3,0,256,suffix-0,256,reverse-c,1,1048576,1048576,1,2856000,17222991059918444236
normal-o3,0,256,suffix-0,256,direct-c,1,1048576,1048576,1,2801000,17222991059918444236
normal-o3,0,256,suffix-0,256,swap-take-c,1,1048576,1048576,1,2885000,17222991059918444236
normal-o3,0,256,suffix-0,256,take-swap-c,1,1048576,1048576,1,3146000,17222991059918444236
normal-o3,0,256,suffix-0,256,rust-vec,1,1048576,1048576,1,997000,17222991059918444236
normal-o3,0,256,suffix-0,256,cpp-std-vector,1,1048576,1048576,1,2780000,17222991059918444236
normal-o3,0,256,suffix-0,256,whitefoot,1,1048576,1048576,1,1991000,17222991059918444236
normal-o3,0,256,suffix-0,256,direct-c,2,1048576,1048576,1,2798000,17734726873979590606
normal-o3,0,256,suffix-0,256,swap-take-c,2,1048576,1048576,1,2885000,17734726873979590606
normal-o3,0,256,suffix-0,256,take-swap-c,2,1048576,1048576,1,3152000,17734726873979590606
normal-o3,0,256,suffix-0,256,rust-vec,2,1048576,1048576,1,1050000,17734726873979590606
normal-o3,0,256,suffix-0,256,cpp-std-vector,2,1048576,1048576,1,2818000,17734726873979590606
normal-o3,0,256,suffix-0,256,whitefoot,2,1048576,1048576,1,1959000,17734726873979590606
normal-o3,0,256,suffix-0,256,reverse-c,2,1048576,1048576,1,2872000,17734726873979590606
normal-o3,0,256,suffix-0,256,swap-take-c,3,1048576,1048576,1,2895000,18246462688040736976
normal-o3,0,256,suffix-0,256,take-swap-c,3,1048576,1048576,1,4212000,18246462688040736976
normal-o3,0,256,suffix-0,256,rust-vec,3,1048576,1048576,1,1060000,18246462688040736976
normal-o3,0,256,suffix-0,256,cpp-std-vector,3,1048576,1048576,1,2882000,18246462688040736976
normal-o3,0,256,suffix-0,256,whitefoot,3,1048576,1048576,1,2034000,18246462688040736976
normal-o3,0,256,suffix-0,256,reverse-c,3,1048576,1048576,1,2942000,18246462688040736976
normal-o3,0,256,suffix-0,256,direct-c,3,1048576,1048576,1,2887000,18246462688040736976
normal-o3,0,256,suffix-0,256,take-swap-c,4,1048576,1048576,1,3265000,311454428392331730
normal-o3,0,256,suffix-0,256,rust-vec,4,1048576,1048576,1,1047000,311454428392331730
normal-o3,0,256,suffix-0,256,cpp-std-vector,4,1048576,1048576,1,2916000,311454428392331730
normal-o3,0,256,suffix-0,256,whitefoot,4,1048576,1048576,1,1976000,311454428392331730
normal-o3,0,256,suffix-0,256,reverse-c,4,1048576,1048576,1,2847000,311454428392331730
normal-o3,0,256,suffix-0,256,direct-c,4,1048576,1048576,1,2802000,311454428392331730
normal-o3,0,256,suffix-0,256,swap-take-c,4,1048576,1048576,1,3015000,311454428392331730
normal-o3,0,256,suffix-0,256,rust-vec,5,1048576,1048576,1,1034000,823190242453478100
normal-o3,0,256,suffix-0,256,cpp-std-vector,5,1048576,1048576,1,2917000,823190242453478100
normal-o3,0,256,suffix-0,256,whitefoot,5,1048576,1048576,1,1966000,823190242453478100
normal-o3,0,256,suffix-0,256,reverse-c,5,1048576,1048576,1,2949000,823190242453478100
normal-o3,0,256,suffix-0,256,direct-c,5,1048576,1048576,1,2909000,823190242453478100
normal-o3,0,256,suffix-0,256,swap-take-c,5,1048576,1048576,1,2964000,823190242453478100
normal-o3,0,256,suffix-0,256,take-swap-c,5,1048576,1048576,1,4224000,823190242453478100
normal-o3,0,256,suffix-0,256,cpp-std-vector,6,1048576,1048576,1,2840000,1334926056514624470
normal-o3,0,256,suffix-0,256,whitefoot,6,1048576,1048576,1,1962000,1334926056514624470
normal-o3,0,256,suffix-0,256,reverse-c,6,1048576,1048576,1,2828000,1334926056514624470
normal-o3,0,256,suffix-0,256,direct-c,6,1048576,1048576,1,2787000,1334926056514624470
normal-o3,0,256,suffix-0,256,swap-take-c,6,1048576,1048576,1,2940000,1334926056514624470
normal-o3,0,256,suffix-0,256,take-swap-c,6,1048576,1048576,1,4139000,1334926056514624470
normal-o3,0,256,suffix-0,256,rust-vec,6,1048576,1048576,1,996000,1334926056514624470
normal-o3,0,256,suffix-0,4096,whitefoot,0,1048576,1048576,1,2137000,7001658466579473866
normal-o3,0,256,suffix-0,4096,reverse-c,0,1048576,1048576,1,2979000,7001658466579473866
normal-o3,0,256,suffix-0,4096,direct-c,0,1048576,1048576,1,2991000,7001658466579473866
normal-o3,0,256,suffix-0,4096,swap-take-c,0,1048576,1048576,1,3074000,7001658466579473866
normal-o3,0,256,suffix-0,4096,take-swap-c,0,1048576,1048576,1,4314000,7001658466579473866
normal-o3,0,256,suffix-0,4096,rust-vec,0,1048576,1048576,1,1159000,7001658466579473866
normal-o3,0,256,suffix-0,4096,cpp-std-vector,0,1048576,1048576,1,2954000,7001658466579473866
normal-o3,0,256,suffix-0,4096,reverse-c,1,1048576,1048576,1,2983000,100047013315307212
normal-o3,0,256,suffix-0,4096,direct-c,1,1048576,1048576,1,2934000,100047013315307212
normal-o3,0,256,suffix-0,4096,swap-take-c,1,1048576,1048576,1,3045000,100047013315307212
normal-o3,0,256,suffix-0,4096,take-swap-c,1,1048576,1048576,1,4236000,100047013315307212
normal-o3,0,256,suffix-0,4096,rust-vec,1,1048576,1048576,1,1151000,100047013315307212
normal-o3,0,256,suffix-0,4096,cpp-std-vector,1,1048576,1048576,1,2946000,100047013315307212
normal-o3,0,256,suffix-0,4096,whitefoot,1,1048576,1048576,1,2109000,100047013315307212
normal-o3,0,256,suffix-0,4096,direct-c,2,1048576,1048576,1,2930000,11645179633760692174
normal-o3,0,256,suffix-0,4096,swap-take-c,2,1048576,1048576,1,3137000,11645179633760692174
normal-o3,0,256,suffix-0,4096,take-swap-c,2,1048576,1048576,1,4277000,11645179633760692174
normal-o3,0,256,suffix-0,4096,rust-vec,2,1048576,1048576,1,1196000,11645179633760692174
normal-o3,0,256,suffix-0,4096,cpp-std-vector,2,1048576,1048576,1,2964000,11645179633760692174
normal-o3,0,256,suffix-0,4096,whitefoot,2,1048576,1048576,1,2129000,11645179633760692174
normal-o3,0,256,suffix-0,4096,reverse-c,2,1048576,1048576,1,2998000,11645179633760692174
normal-o3,0,256,suffix-0,4096,swap-take-c,3,1048576,1048576,1,3017000,4743568180496525520
normal-o3,0,256,suffix-0,4096,take-swap-c,3,1048576,1048576,1,3411000,4743568180496525520
normal-o3,0,256,suffix-0,4096,rust-vec,3,1048576,1048576,1,1135000,4743568180496525520
normal-o3,0,256,suffix-0,4096,cpp-std-vector,3,1048576,1048576,1,2929000,4743568180496525520
normal-o3,0,256,suffix-0,4096,whitefoot,3,1048576,1048576,1,2100000,4743568180496525520
normal-o3,0,256,suffix-0,4096,reverse-c,3,1048576,1048576,1,3057000,4743568180496525520
normal-o3,0,256,suffix-0,4096,direct-c,3,1048576,1048576,1,2963000,4743568180496525520
normal-o3,0,256,suffix-0,4096,take-swap-c,4,1048576,1048576,1,4221000,16288700800941910482
normal-o3,0,256,suffix-0,4096,rust-vec,4,1048576,1048576,1,1126000,16288700800941910482
normal-o3,0,256,suffix-0,4096,cpp-std-vector,4,1048576,1048576,1,2945000,16288700800941910482
normal-o3,0,256,suffix-0,4096,whitefoot,4,1048576,1048576,1,2132000,16288700800941910482
normal-o3,0,256,suffix-0,4096,reverse-c,4,1048576,1048576,1,2991000,16288700800941910482
normal-o3,0,256,suffix-0,4096,direct-c,4,1048576,1048576,1,2928000,16288700800941910482
normal-o3,0,256,suffix-0,4096,swap-take-c,4,1048576,1048576,1,3028000,16288700800941910482
normal-o3,0,256,suffix-0,4096,rust-vec,5,1048576,1048576,1,1148000,9387089347677743828
normal-o3,0,256,suffix-0,4096,cpp-std-vector,5,1048576,1048576,1,2923000,9387089347677743828
normal-o3,0,256,suffix-0,4096,whitefoot,5,1048576,1048576,1,2095000,9387089347677743828
normal-o3,0,256,suffix-0,4096,reverse-c,5,1048576,1048576,1,2981000,9387089347677743828
normal-o3,0,256,suffix-0,4096,direct-c,5,1048576,1048576,1,2968000,9387089347677743828
normal-o3,0,256,suffix-0,4096,swap-take-c,5,1048576,1048576,1,3072000,9387089347677743828
normal-o3,0,256,suffix-0,4096,take-swap-c,5,1048576,1048576,1,4274000,9387089347677743828
normal-o3,0,256,suffix-0,4096,cpp-std-vector,6,1048576,1048576,1,2912000,2485477894413577174
normal-o3,0,256,suffix-0,4096,whitefoot,6,1048576,1048576,1,2171000,2485477894413577174
normal-o3,0,256,suffix-0,4096,reverse-c,6,1048576,1048576,1,3035000,2485477894413577174
normal-o3,0,256,suffix-0,4096,direct-c,6,1048576,1048576,1,3070000,2485477894413577174
normal-o3,0,256,suffix-0,4096,swap-take-c,6,1048576,1048576,1,3858000,2485477894413577174
normal-o3,0,256,suffix-0,4096,take-swap-c,6,1048576,1048576,1,4347000,2485477894413577174
normal-o3,0,256,suffix-0,4096,rust-vec,6,1048576,1048576,1,1129000,2485477894413577174
normal-o3,0,256,suffix-1,16,whitefoot,0,1048576,1048576,1,22784000,10077132583444572090
normal-o3,0,256,suffix-1,16,reverse-c,0,1048576,1048576,1,34550000,10077132583444572090
normal-o3,0,256,suffix-1,16,direct-c,0,1048576,1048576,1,15693000,10077132583444572090
normal-o3,0,256,suffix-1,16,swap-take-c,0,1048576,1048576,1,35097000,10077132583444572090
normal-o3,0,256,suffix-1,16,take-swap-c,0,1048576,1048576,1,20135000,10077132583444572090
normal-o3,0,256,suffix-1,16,rust-vec,0,1048576,1048576,1,16584000,10077132583444572090
normal-o3,0,256,suffix-1,16,cpp-std-vector,0,1048576,1048576,1,16732000,10077132583444572090
normal-o3,0,256,suffix-1,16,reverse-c,1,1048576,1048576,1,35200000,18010505805122801404
normal-o3,0,256,suffix-1,16,direct-c,1,1048576,1048576,1,15759000,18010505805122801404
normal-o3,0,256,suffix-1,16,swap-take-c,1,1048576,1048576,1,35861000,18010505805122801404
normal-o3,0,256,suffix-1,16,take-swap-c,1,1048576,1048576,1,18013000,18010505805122801404
normal-o3,0,256,suffix-1,16,rust-vec,1,1048576,1048576,1,15888000,18010505805122801404
normal-o3,0,256,suffix-1,16,cpp-std-vector,1,1048576,1048576,1,17615000,18010505805122801404
normal-o3,0,256,suffix-1,16,whitefoot,1,1048576,1048576,1,23991000,18010505805122801404
normal-o3,0,256,suffix-1,16,direct-c,2,1048576,1048576,1,15934000,7497134953091479102
normal-o3,0,256,suffix-1,16,swap-take-c,2,1048576,1048576,1,34834000,7497134953091479102
normal-o3,0,256,suffix-1,16,take-swap-c,2,1048576,1048576,1,17680000,7497134953091479102
normal-o3,0,256,suffix-1,16,rust-vec,2,1048576,1048576,1,15794000,7497134953091479102
normal-o3,0,256,suffix-1,16,cpp-std-vector,2,1048576,1048576,1,19851000,7497134953091479102
normal-o3,0,256,suffix-1,16,whitefoot,2,1048576,1048576,1,22907000,7497134953091479102
normal-o3,0,256,suffix-1,16,reverse-c,2,1048576,1048576,1,35240000,7497134953091479102
normal-o3,0,256,suffix-1,16,swap-take-c,3,1048576,1048576,1,34589000,15430508174769708416
normal-o3,0,256,suffix-1,16,take-swap-c,3,1048576,1048576,1,17605000,15430508174769708416
normal-o3,0,256,suffix-1,16,rust-vec,3,1048576,1048576,1,16494000,15430508174769708416
normal-o3,0,256,suffix-1,16,cpp-std-vector,3,1048576,1048576,1,18228000,15430508174769708416
normal-o3,0,256,suffix-1,16,whitefoot,3,1048576,1048576,1,23921000,15430508174769708416
normal-o3,0,256,suffix-1,16,reverse-c,3,1048576,1048576,1,104816000,15430508174769708416
normal-o3,0,256,suffix-1,16,direct-c,3,1048576,1048576,1,19440000,15430508174769708416
normal-o3,0,256,suffix-1,16,take-swap-c,4,1048576,1048576,1,26410000,4917137322738386114
normal-o3,0,256,suffix-1,16,rust-vec,4,1048576,1048576,1,16299000,4917137322738386114
normal-o3,0,256,suffix-1,16,cpp-std-vector,4,1048576,1048576,1,16824000,4917137322738386114
normal-o3,0,256,suffix-1,16,whitefoot,4,1048576,1048576,1,23792000,4917137322738386114
normal-o3,0,256,suffix-1,16,reverse-c,4,1048576,1048576,1,34913000,4917137322738386114
normal-o3,0,256,suffix-1,16,direct-c,4,1048576,1048576,1,15753000,4917137322738386114
normal-o3,0,256,suffix-1,16,swap-take-c,4,1048576,1048576,1,35286000,4917137322738386114
normal-o3,0,256,suffix-1,16,rust-vec,5,1048576,1048576,1,15828000,12850510544416615428
normal-o3,0,256,suffix-1,16,cpp-std-vector,5,1048576,1048576,1,17167000,12850510544416615428
normal-o3,0,256,suffix-1,16,whitefoot,5,1048576,1048576,1,22989000,12850510544416615428
normal-o3,0,256,suffix-1,16,reverse-c,5,1048576,1048576,1,35392000,12850510544416615428
normal-o3,0,256,suffix-1,16,direct-c,5,1048576,1048576,1,15751000,12850510544416615428
normal-o3,0,256,suffix-1,16,swap-take-c,5,1048576,1048576,1,34760000,12850510544416615428
normal-o3,0,256,suffix-1,16,take-swap-c,5,1048576,1048576,1,17717000,12850510544416615428
normal-o3,0,256,suffix-1,16,cpp-std-vector,6,1048576,1048576,1,16599000,2337139692385293126
normal-o3,0,256,suffix-1,16,whitefoot,6,1048576,1048576,1,22500000,2337139692385293126
normal-o3,0,256,suffix-1,16,reverse-c,6,1048576,1048576,1,34324000,2337139692385293126
normal-o3,0,256,suffix-1,16,direct-c,6,1048576,1048576,1,15615000,2337139692385293126
normal-o3,0,256,suffix-1,16,swap-take-c,6,1048576,1048576,1,34525000,2337139692385293126
normal-o3,0,256,suffix-1,16,take-swap-c,6,1048576,1048576,1,18044000,2337139692385293126
normal-o3,0,256,suffix-1,16,rust-vec,6,1048576,1048576,1,16241000,2337139692385293126
normal-o3,0,256,suffix-1,256,whitefoot,0,1048576,1048576,1,22669000,16136919648563323066
normal-o3,0,256,suffix-1,256,reverse-c,0,1048576,1048576,1,34365000,16136919648563323066
normal-o3,0,256,suffix-1,256,direct-c,0,1048576,1048576,1,15619000,16136919648563323066
normal-o3,0,256,suffix-1,256,swap-take-c,0,1048576,1048576,1,35860000,16136919648563323066
normal-o3,0,256,suffix-1,256,take-swap-c,0,1048576,1048576,1,17875000,16136919648563323066
normal-o3,0,256,suffix-1,256,rust-vec,0,1048576,1048576,1,16367000,16136919648563323066
normal-o3,0,256,suffix-1,256,cpp-std-vector,0,1048576,1048576,1,17104000,16136919648563323066
normal-o3,0,256,suffix-1,256,reverse-c,1,1048576,1048576,1,35372000,7049943648979053564
normal-o3,0,256,suffix-1,256,direct-c,1,1048576,1048576,1,16401000,7049943648979053564
normal-o3,0,256,suffix-1,256,swap-take-c,1,1048576,1048576,1,36587000,7049943648979053564
normal-o3,0,256,suffix-1,256,take-swap-c,1,1048576,1048576,1,18206000,7049943648979053564
normal-o3,0,256,suffix-1,256,rust-vec,1,1048576,1048576,1,15865000,7049943648979053564
normal-o3,0,256,suffix-1,256,cpp-std-vector,1,1048576,1048576,1,16974000,7049943648979053564
normal-o3,0,256,suffix-1,256,whitefoot,1,1048576,1048576,1,23065000,7049943648979053564
normal-o3,0,256,suffix-1,256,direct-c,2,1048576,1048576,1,15691000,16409711723104335678
normal-o3,0,256,suffix-1,256,swap-take-c,2,1048576,1048576,1,34563000,16409711723104335678
normal-o3,0,256,suffix-1,256,take-swap-c,2,1048576,1048576,1,17607000,16409711723104335678
normal-o3,0,256,suffix-1,256,rust-vec,2,1048576,1048576,1,15925000,16409711723104335678
normal-o3,0,256,suffix-1,256,cpp-std-vector,2,1048576,1048576,1,16483000,16409711723104335678
normal-o3,0,256,suffix-1,256,whitefoot,2,1048576,1048576,1,22657000,16409711723104335678
normal-o3,0,256,suffix-1,256,reverse-c,2,1048576,1048576,1,34295000,16409711723104335678
normal-o3,0,256,suffix-1,256,swap-take-c,3,1048576,1048576,1,34444000,7322735723520066176
normal-o3,0,256,suffix-1,256,take-swap-c,3,1048576,1048576,1,17724000,7322735723520066176
normal-o3,0,256,suffix-1,256,rust-vec,3,1048576,1048576,1,15720000,7322735723520066176
normal-o3,0,256,suffix-1,256,cpp-std-vector,3,1048576,1048576,1,16582000,7322735723520066176
normal-o3,0,256,suffix-1,256,whitefoot,3,1048576,1048576,1,22549000,7322735723520066176
normal-o3,0,256,suffix-1,256,reverse-c,3,1048576,1048576,1,34256000,7322735723520066176
normal-o3,0,256,suffix-1,256,direct-c,3,1048576,1048576,1,16151000,7322735723520066176
normal-o3,0,256,suffix-1,256,take-swap-c,4,1048576,1048576,1,17800000,16682503797645348290
normal-o3,0,256,suffix-1,256,rust-vec,4,1048576,1048576,1,15801000,16682503797645348290
normal-o3,0,256,suffix-1,256,cpp-std-vector,4,1048576,1048576,1,19986000,16682503797645348290
normal-o3,0,256,suffix-1,256,whitefoot,4,1048576,1048576,1,22797000,16682503797645348290
normal-o3,0,256,suffix-1,256,reverse-c,4,1048576,1048576,1,34413000,16682503797645348290
normal-o3,0,256,suffix-1,256,direct-c,4,1048576,1048576,1,15648000,16682503797645348290
normal-o3,0,256,suffix-1,256,swap-take-c,4,1048576,1048576,1,34459000,16682503797645348290
normal-o3,0,256,suffix-1,256,rust-vec,5,1048576,1048576,1,15772000,7595527798061078788
normal-o3,0,256,suffix-1,256,cpp-std-vector,5,1048576,1048576,1,16631000,7595527798061078788
normal-o3,0,256,suffix-1,256,whitefoot,5,1048576,1048576,1,24561000,7595527798061078788
normal-o3,0,256,suffix-1,256,reverse-c,5,1048576,1048576,1,36485000,7595527798061078788
normal-o3,0,256,suffix-1,256,direct-c,5,1048576,1048576,1,15743000,7595527798061078788
normal-o3,0,256,suffix-1,256,swap-take-c,5,1048576,1048576,1,34952000,7595527798061078788
normal-o3,0,256,suffix-1,256,take-swap-c,5,1048576,1048576,1,18061000,7595527798061078788
normal-o3,0,256,suffix-1,256,cpp-std-vector,6,1048576,1048576,1,16774000,16955295872186360902
normal-o3,0,256,suffix-1,256,whitefoot,6,1048576,1048576,1,23877000,16955295872186360902
normal-o3,0,256,suffix-1,256,reverse-c,6,1048576,1048576,1,37359000,16955295872186360902
normal-o3,0,256,suffix-1,256,direct-c,6,1048576,1048576,1,16337000,16955295872186360902
normal-o3,0,256,suffix-1,256,swap-take-c,6,1048576,1048576,1,35179000,16955295872186360902
normal-o3,0,256,suffix-1,256,take-swap-c,6,1048576,1048576,1,17627000,16955295872186360902
normal-o3,0,256,suffix-1,256,rust-vec,6,1048576,1048576,1,16670000,16955295872186360902
normal-o3,0,256,suffix-1,4096,whitefoot,0,1048576,1048576,1,22856000,11423154033847496890
normal-o3,0,256,suffix-1,4096,reverse-c,0,1048576,1048576,1,35827000,11423154033847496890
normal-o3,0,256,suffix-1,4096,direct-c,0,1048576,1048576,1,16192000,11423154033847496890
normal-o3,0,256,suffix-1,4096,swap-take-c,0,1048576,1048576,1,36720000,11423154033847496890
normal-o3,0,256,suffix-1,4096,take-swap-c,0,1048576,1048576,1,18116000,11423154033847496890
normal-o3,0,256,suffix-1,4096,rust-vec,0,1048576,1048576,1,16184000,11423154033847496890
normal-o3,0,256,suffix-1,4096,cpp-std-vector,0,1048576,1048576,1,16771000,11423154033847496890
normal-o3,0,256,suffix-1,4096,reverse-c,1,1048576,1048576,1,34629000,18279605564934372348
normal-o3,0,256,suffix-1,4096,direct-c,1,1048576,1048576,1,15772000,18279605564934372348
normal-o3,0,256,suffix-1,4096,swap-take-c,1,1048576,1048576,1,35276000,18279605564934372348
normal-o3,0,256,suffix-1,4096,take-swap-c,1,1048576,1048576,1,17824000,18279605564934372348
normal-o3,0,256,suffix-1,4096,rust-vec,1,1048576,1048576,1,17999000,18279605564934372348
normal-o3,0,256,suffix-1,4096,cpp-std-vector,1,1048576,1048576,1,17632000,18279605564934372348
normal-o3,0,256,suffix-1,4096,whitefoot,1,1048576,1048576,1,25364000,18279605564934372348
normal-o3,0,256,suffix-1,4096,direct-c,2,1048576,1048576,1,16162000,6689313022311696190
normal-o3,0,256,suffix-1,4096,swap-take-c,2,1048576,1048576,1,35339000,6689313022311696190
normal-o3,0,256,suffix-1,4096,take-swap-c,2,1048576,1048576,1,18260000,6689313022311696190
normal-o3,0,256,suffix-1,4096,rust-vec,2,1048576,1048576,1,16121000,6689313022311696190
normal-o3,0,256,suffix-1,4096,cpp-std-vector,2,1048576,1048576,1,19696000,6689313022311696190
normal-o3,0,256,suffix-1,4096,whitefoot,2,1048576,1048576,1,23036000,6689313022311696190
normal-o3,0,256,suffix-1,4096,reverse-c,2,1048576,1048576,1,34978000,6689313022311696190
normal-o3,0,256,suffix-1,4096,swap-take-c,3,1048576,1048576,1,35286000,13545764553398571648
normal-o3,0,256,suffix-1,4096,take-swap-c,3,1048576,1048576,1,18514000,13545764553398571648
normal-o3,0,256,suffix-1,4096,rust-vec,3,1048576,1048576,1,17218000,13545764553398571648
normal-o3,0,256,suffix-1,4096,cpp-std-vector,3,1048576,1048576,1,17182000,13545764553398571648
normal-o3,0,256,suffix-1,4096,whitefoot,3,1048576,1048576,1,23320000,13545764553398571648
normal-o3,0,256,suffix-1,4096,reverse-c,3,1048576,1048576,1,34919000,13545764553398571648
normal-o3,0,256,suffix-1,4096,direct-c,3,1048576,1048576,1,15922000,13545764553398571648
normal-o3,0,256,suffix-1,4096,take-swap-c,4,1048576,1048576,1,18140000,1955472010775895490
normal-o3,0,256,suffix-1,4096,rust-vec,4,1048576,1048576,1,16044000,1955472010775895490
normal-o3,0,256,suffix-1,4096,cpp-std-vector,4,1048576,1048576,1,16605000,1955472010775895490
normal-o3,0,256,suffix-1,4096,whitefoot,4,1048576,1048576,1,23864000,1955472010775895490
normal-o3,0,256,suffix-1,4096,reverse-c,4,1048576,1048576,1,37628000,1955472010775895490
normal-o3,0,256,suffix-1,4096,direct-c,4,1048576,1048576,1,16482000,1955472010775895490
normal-o3,0,256,suffix-1,4096,swap-take-c,4,1048576,1048576,1,35836000,1955472010775895490
normal-o3,0,256,suffix-1,4096,rust-vec,5,1048576,1048576,1,15875000,8811923541862770948
normal-o3,0,256,suffix-1,4096,cpp-std-vector,5,1048576,1048576,1,17073000,8811923541862770948
normal-o3,0,256,suffix-1,4096,whitefoot,5,1048576,1048576,1,22996000,8811923541862770948
normal-o3,0,256,suffix-1,4096,reverse-c,5,1048576,1048576,1,34483000,8811923541862770948
normal-o3,0,256,suffix-1,4096,direct-c,5,1048576,1048576,1,15787000,8811923541862770948
normal-o3,0,256,suffix-1,4096,swap-take-c,5,1048576,1048576,1,34774000,8811923541862770948
normal-o3,0,256,suffix-1,4096,take-swap-c,5,1048576,1048576,1,18167000,8811923541862770948
normal-o3,0,256,suffix-1,4096,cpp-std-vector,6,1048576,1048576,1,17679000,15668375072949646406
normal-o3,0,256,suffix-1,4096,whitefoot,6,1048576,1048576,1,22833000,15668375072949646406
normal-o3,0,256,suffix-1,4096,reverse-c,6,1048576,1048576,1,34725000,15668375072949646406
normal-o3,0,256,suffix-1,4096,direct-c,6,1048576,1048576,1,15875000,15668375072949646406
normal-o3,0,256,suffix-1,4096,swap-take-c,6,1048576,1048576,1,35239000,15668375072949646406
normal-o3,0,256,suffix-1,4096,take-swap-c,6,1048576,1048576,1,17759000,15668375072949646406
normal-o3,0,256,suffix-1,4096,rust-vec,6,1048576,1048576,1,16042000,15668375072949646406
normal-o3,0,256,suffix-2,16,whitefoot,0,1048576,524288,1,23195000,7440959976666623466
normal-o3,0,256,suffix-2,16,reverse-c,0,1048576,524288,1,36025000,7440959976666623466
normal-o3,0,256,suffix-2,16,direct-c,0,1048576,524288,1,21727000,7440959976666623466
normal-o3,0,256,suffix-2,16,swap-take-c,0,1048576,524288,1,35800000,7440959976666623466
normal-o3,0,256,suffix-2,16,take-swap-c,0,1048576,524288,1,22078000,7440959976666623466
normal-o3,0,256,suffix-2,16,rust-vec,0,1048576,524288,1,21744000,7440959976666623466
normal-o3,0,256,suffix-2,16,cpp-std-vector,0,1048576,524288,1,21821000,7440959976666623466
normal-o3,0,256,suffix-2,16,reverse-c,1,1048576,524288,1,35768000,5917089180867772268
normal-o3,0,256,suffix-2,16,direct-c,1,1048576,524288,1,21786000,5917089180867772268
normal-o3,0,256,suffix-2,16,swap-take-c,1,1048576,524288,1,35724000,5917089180867772268
normal-o3,0,256,suffix-2,16,take-swap-c,1,1048576,524288,1,22068000,5917089180867772268
normal-o3,0,256,suffix-2,16,rust-vec,1,1048576,524288,1,21749000,5917089180867772268
normal-o3,0,256,suffix-2,16,cpp-std-vector,1,1048576,524288,1,21781000,5917089180867772268
normal-o3,0,256,suffix-2,16,whitefoot,1,1048576,524288,1,23080000,5917089180867772268
normal-o3,0,256,suffix-2,16,direct-c,2,1048576,524288,1,21714000,4393218385068921070
normal-o3,0,256,suffix-2,16,swap-take-c,2,1048576,524288,1,35749000,4393218385068921070
normal-o3,0,256,suffix-2,16,take-swap-c,2,1048576,524288,1,22251000,4393218385068921070
normal-o3,0,256,suffix-2,16,rust-vec,2,1048576,524288,1,21647000,4393218385068921070
normal-o3,0,256,suffix-2,16,cpp-std-vector,2,1048576,524288,1,21862000,4393218385068921070
normal-o3,0,256,suffix-2,16,whitefoot,2,1048576,524288,1,23845000,4393218385068921070
normal-o3,0,256,suffix-2,16,reverse-c,2,1048576,524288,1,37145000,4393218385068921070
normal-o3,0,256,suffix-2,16,swap-take-c,3,1048576,524288,1,35660000,2869347589270069872
normal-o3,0,256,suffix-2,16,take-swap-c,3,1048576,524288,1,22072000,2869347589270069872
normal-o3,0,256,suffix-2,16,rust-vec,3,1048576,524288,1,21749000,2869347589270069872
normal-o3,0,256,suffix-2,16,cpp-std-vector,3,1048576,524288,1,21716000,2869347589270069872
normal-o3,0,256,suffix-2,16,whitefoot,3,1048576,524288,1,22907000,2869347589270069872
normal-o3,0,256,suffix-2,16,reverse-c,3,1048576,524288,1,35688000,2869347589270069872
normal-o3,0,256,suffix-2,16,direct-c,3,1048576,524288,1,21710000,2869347589270069872
normal-o3,0,256,suffix-2,16,take-swap-c,4,1048576,524288,1,22127000,1345476793471218674
normal-o3,0,256,suffix-2,16,rust-vec,4,1048576,524288,1,21603000,1345476793471218674
normal-o3,0,256,suffix-2,16,cpp-std-vector,4,1048576,524288,1,21737000,1345476793471218674
normal-o3,0,256,suffix-2,16,whitefoot,4,1048576,524288,1,23291000,1345476793471218674
normal-o3,0,256,suffix-2,16,reverse-c,4,1048576,524288,1,35718000,1345476793471218674
normal-o3,0,256,suffix-2,16,direct-c,4,1048576,524288,1,21598000,1345476793471218674
normal-o3,0,256,suffix-2,16,swap-take-c,4,1048576,524288,1,35678000,1345476793471218674
normal-o3,0,256,suffix-2,16,rust-vec,5,1048576,524288,1,21693000,18268350071381919092
normal-o3,0,256,suffix-2,16,cpp-std-vector,5,1048576,524288,1,21814000,18268350071381919092
normal-o3,0,256,suffix-2,16,whitefoot,5,1048576,524288,1,22138000,18268350071381919092
normal-o3,0,256,suffix-2,16,reverse-c,5,1048576,524288,1,35772000,18268350071381919092
normal-o3,0,256,suffix-2,16,direct-c,5,1048576,524288,1,22225000,18268350071381919092
normal-o3,0,256,suffix-2,16,swap-take-c,5,1048576,524288,1,36931000,18268350071381919092
normal-o3,0,256,suffix-2,16,take-swap-c,5,1048576,524288,1,22528000,18268350071381919092
normal-o3,0,256,suffix-2,16,cpp-std-vector,6,1048576,524288,1,21764000,16744479275583067894
normal-o3,0,256,suffix-2,16,whitefoot,6,1048576,524288,1,22588000,16744479275583067894
normal-o3,0,256,suffix-2,16,reverse-c,6,1048576,524288,1,38011000,16744479275583067894
normal-o3,0,256,suffix-2,16,direct-c,6,1048576,524288,1,22442000,16744479275583067894
normal-o3,0,256,suffix-2,16,swap-take-c,6,1048576,524288,1,36261000,16744479275583067894
normal-o3,0,256,suffix-2,16,take-swap-c,6,1048576,524288,1,22185000,16744479275583067894
normal-o3,0,256,suffix-2,16,rust-vec,6,1048576,524288,1,21804000,16744479275583067894
normal-o3,0,256,suffix-2,256,whitefoot,0,1048576,524288,1,23808000,2462342821806119658
normal-o3,0,256,suffix-2,256,reverse-c,0,1048576,524288,1,36356000,2462342821806119658
normal-o3,0,256,suffix-2,256,direct-c,0,1048576,524288,1,22968000,2462342821806119658
normal-o3,0,256,suffix-2,256,swap-take-c,0,1048576,524288,1,37596000,2462342821806119658
normal-o3,0,256,suffix-2,256,take-swap-c,0,1048576,524288,1,22449000,2462342821806119658
normal-o3,0,256,suffix-2,256,rust-vec,0,1048576,524288,1,21799000,2462342821806119658
normal-o3,0,256,suffix-2,256,cpp-std-vector,0,1048576,524288,1,22787000,2462342821806119658
normal-o3,0,256,suffix-2,256,reverse-c,1,1048576,524288,1,36132000,15413974867576442988
normal-o3,0,256,suffix-2,256,direct-c,1,1048576,524288,1,21744000,15413974867576442988
normal-o3,0,256,suffix-2,256,swap-take-c,1,1048576,524288,1,35806000,15413974867576442988
normal-o3,0,256,suffix-2,256,take-swap-c,1,1048576,524288,1,22580000,15413974867576442988
normal-o3,0,256,suffix-2,256,rust-vec,1,1048576,524288,1,21844000,15413974867576442988
normal-o3,0,256,suffix-2,256,cpp-std-vector,1,1048576,524288,1,22141000,15413974867576442988
normal-o3,0,256,suffix-2,256,whitefoot,1,1048576,524288,1,23645000,15413974867576442988
normal-o3,0,256,suffix-2,256,direct-c,2,1048576,524288,1,21918000,9918862839637214702
normal-o3,0,256,suffix-2,256,swap-take-c,2,1048576,524288,1,36052000,9918862839637214702
normal-o3,0,256,suffix-2,256,take-swap-c,2,1048576,524288,1,23545000,9918862839637214702
normal-o3,0,256,suffix-2,256,rust-vec,2,1048576,524288,1,22185000,9918862839637214702
normal-o3,0,256,suffix-2,256,cpp-std-vector,2,1048576,524288,1,22880000,9918862839637214702
normal-o3,0,256,suffix-2,256,whitefoot,2,1048576,524288,1,23165000,9918862839637214702
normal-o3,0,256,suffix-2,256,reverse-c,2,1048576,524288,1,36053000,9918862839637214702
normal-o3,0,256,suffix-2,256,swap-take-c,3,1048576,524288,1,35935000,4423750811697986416
normal-o3,0,256,suffix-2,256,take-swap-c,3,1048576,524288,1,22191000,4423750811697986416
normal-o3,0,256,suffix-2,256,rust-vec,3,1048576,524288,1,21863000,4423750811697986416
normal-o3,0,256,suffix-2,256,cpp-std-vector,3,1048576,524288,1,21946000,4423750811697986416
normal-o3,0,256,suffix-2,256,whitefoot,3,1048576,524288,1,23365000,4423750811697986416
normal-o3,0,256,suffix-2,256,reverse-c,3,1048576,524288,1,35698000,4423750811697986416
normal-o3,0,256,suffix-2,256,direct-c,3,1048576,524288,1,21664000,4423750811697986416
normal-o3,0,256,suffix-2,256,take-swap-c,4,1048576,524288,1,23320000,17375382857468309746
normal-o3,0,256,suffix-2,256,rust-vec,4,1048576,524288,1,21957000,17375382857468309746
normal-o3,0,256,suffix-2,256,cpp-std-vector,4,1048576,524288,1,21858000,17375382857468309746
normal-o3,0,256,suffix-2,256,whitefoot,4,1048576,524288,1,23361000,17375382857468309746
normal-o3,0,256,suffix-2,256,reverse-c,4,1048576,524288,1,36088000,17375382857468309746
normal-o3,0,256,suffix-2,256,direct-c,4,1048576,524288,1,21823000,17375382857468309746
normal-o3,0,256,suffix-2,256,swap-take-c,4,1048576,524288,1,35906000,17375382857468309746
normal-o3,0,256,suffix-2,256,rust-vec,5,1048576,524288,1,21763000,11880270829529081460
normal-o3,0,256,suffix-2,256,cpp-std-vector,5,1048576,524288,1,22968000,11880270829529081460
normal-o3,0,256,suffix-2,256,whitefoot,5,1048576,524288,1,24118000,11880270829529081460
normal-o3,0,256,suffix-2,256,reverse-c,5,1048576,524288,1,36303000,11880270829529081460
normal-o3,0,256,suffix-2,256,direct-c,5,1048576,524288,1,21867000,11880270829529081460
normal-o3,0,256,suffix-2,256,swap-take-c,5,1048576,524288,1,35793000,11880270829529081460
normal-o3,0,256,suffix-2,256,take-swap-c,5,1048576,524288,1,22328000,11880270829529081460
normal-o3,0,256,suffix-2,256,cpp-std-vector,6,1048576,524288,1,21738000,6385158801589853174
normal-o3,0,256,suffix-2,256,whitefoot,6,1048576,524288,1,23861000,6385158801589853174
normal-o3,0,256,suffix-2,256,reverse-c,6,1048576,524288,1,35962000,6385158801589853174
normal-o3,0,256,suffix-2,256,direct-c,6,1048576,524288,1,21757000,6385158801589853174
normal-o3,0,256,suffix-2,256,swap-take-c,6,1048576,524288,1,35692000,6385158801589853174
normal-o3,0,256,suffix-2,256,take-swap-c,6,1048576,524288,1,21993000,6385158801589853174
normal-o3,0,256,suffix-2,256,rust-vec,6,1048576,524288,1,21969000,6385158801589853174
normal-o3,0,256,suffix-2,4096,whitefoot,0,1048576,524288,1,23458000,9641278357841734378
normal-o3,0,256,suffix-2,4096,reverse-c,0,1048576,524288,1,35987000,9641278357841734378
normal-o3,0,256,suffix-2,4096,direct-c,0,1048576,524288,1,22366000,9641278357841734378
normal-o3,0,256,suffix-2,4096,swap-take-c,0,1048576,524288,1,36034000,9641278357841734378
normal-o3,0,256,suffix-2,4096,take-swap-c,0,1048576,524288,1,22352000,9641278357841734378
normal-o3,0,256,suffix-2,4096,rust-vec,0,1048576,524288,1,21832000,9641278357841734378
normal-o3,0,256,suffix-2,4096,cpp-std-vector,0,1048576,524288,1,21908000,9641278357841734378
normal-o3,0,256,suffix-2,4096,reverse-c,1,1048576,524288,1,35932000,1379187259122409580
normal-o3,0,256,suffix-2,4096,direct-c,1,1048576,524288,1,21734000,1379187259122409580
normal-o3,0,256,suffix-2,4096,swap-take-c,1,1048576,524288,1,35895000,1379187259122409580
normal-o3,0,256,suffix-2,4096,take-swap-c,1,1048576,524288,1,22163000,1379187259122409580
normal-o3,0,256,suffix-2,4096,rust-vec,1,1048576,524288,1,25029000,1379187259122409580
normal-o3,0,256,suffix-2,4096,cpp-std-vector,1,1048576,524288,1,22410000,1379187259122409580
normal-o3,0,256,suffix-2,4096,whitefoot,1,1048576,524288,1,23915000,1379187259122409580
normal-o3,0,256,suffix-2,4096,direct-c,2,1048576,524288,1,22322000,11563840234112636398
normal-o3,0,256,suffix-2,4096,swap-take-c,2,1048576,524288,1,36425000,11563840234112636398
normal-o3,0,256,suffix-2,4096,take-swap-c,2,1048576,524288,1,22360000,11563840234112636398
normal-o3,0,256,suffix-2,4096,rust-vec,2,1048576,524288,1,22191000,11563840234112636398
normal-o3,0,256,suffix-2,4096,cpp-std-vector,2,1048576,524288,1,22022000,11563840234112636398
normal-o3,0,256,suffix-2,4096,whitefoot,2,1048576,524288,1,23327000,11563840234112636398
normal-o3,0,256,suffix-2,4096,reverse-c,2,1048576,524288,1,36901000,11563840234112636398
normal-o3,0,256,suffix-2,4096,swap-take-c,3,1048576,524288,1,36150000,3301749135393311600
normal-o3,0,256,suffix-2,4096,take-swap-c,3,1048576,524288,1,22064000,3301749135393311600
normal-o3,0,256,suffix-2,4096,rust-vec,3,1048576,524288,1,21968000,3301749135393311600
normal-o3,0,256,suffix-2,4096,cpp-std-vector,3,1048576,524288,1,22527000,3301749135393311600
normal-o3,0,256,suffix-2,4096,whitefoot,3,1048576,524288,1,23605000,3301749135393311600
normal-o3,0,256,suffix-2,4096,reverse-c,3,1048576,524288,1,36038000,3301749135393311600
normal-o3,0,256,suffix-2,4096,direct-c,3,1048576,524288,1,22446000,3301749135393311600
normal-o3,0,256,suffix-2,4096,take-swap-c,4,1048576,524288,1,22308000,13486402110383538418
normal-o3,0,256,suffix-2,4096,rust-vec,4,1048576,524288,1,21991000,13486402110383538418
normal-o3,0,256,suffix-2,4096,cpp-std-vector,4,1048576,524288,1,21881000,13486402110383538418
normal-o3,0,256,suffix-2,4096,whitefoot,4,1048576,524288,1,23285000,13486402110383538418
normal-o3,0,256,suffix-2,4096,reverse-c,4,1048576,524288,1,35833000,13486402110383538418
normal-o3,0,256,suffix-2,4096,direct-c,4,1048576,524288,1,21850000,13486402110383538418
normal-o3,0,256,suffix-2,4096,swap-take-c,4,1048576,524288,1,35824000,13486402110383538418
normal-o3,0,256,suffix-2,4096,rust-vec,5,1048576,524288,1,21743000,5224311011664213620
normal-o3,0,256,suffix-2,4096,cpp-std-vector,5,1048576,524288,1,21901000,5224311011664213620
normal-o3,0,256,suffix-2,4096,whitefoot,5,1048576,524288,1,23754000,5224311011664213620
normal-o3,0,256,suffix-2,4096,reverse-c,5,1048576,524288,1,36735000,5224311011664213620
normal-o3,0,256,suffix-2,4096,direct-c,5,1048576,524288,1,22122000,5224311011664213620
normal-o3,0,256,suffix-2,4096,swap-take-c,5,1048576,524288,1,35947000,5224311011664213620
normal-o3,0,256,suffix-2,4096,take-swap-c,5,1048576,524288,1,22214000,5224311011664213620
normal-o3,0,256,suffix-2,4096,cpp-std-vector,6,1048576,524288,1,22053000,15408963986654440438
normal-o3,0,256,suffix-2,4096,whitefoot,6,1048576,524288,1,22330000,15408963986654440438
normal-o3,0,256,suffix-2,4096,reverse-c,6,1048576,524288,1,36252000,15408963986654440438
normal-o3,0,256,suffix-2,4096,direct-c,6,1048576,524288,1,21872000,15408963986654440438
normal-o3,0,256,suffix-2,4096,swap-take-c,6,1048576,524288,1,35798000,15408963986654440438
normal-o3,0,256,suffix-2,4096,take-swap-c,6,1048576,524288,1,22171000,15408963986654440438
normal-o3,0,256,suffix-2,4096,rust-vec,6,1048576,524288,1,21797000,15408963986654440438
normal-o3,0,256,suffix-3,16,whitefoot,0,1048576,349525,1,27196000,1054367555497166597
normal-o3,0,256,suffix-3,16,reverse-c,0,1048576,349525,1,36425000,1054367555497166597
normal-o3,0,256,suffix-3,16,direct-c,0,1048576,349525,1,25545000,1054367555497166597
normal-o3,0,256,suffix-3,16,swap-take-c,0,1048576,349525,1,36982000,1054367555497166597
normal-o3,0,256,suffix-3,16,take-swap-c,0,1048576,349525,1,31651000,1054367555497166597
normal-o3,0,256,suffix-3,16,rust-vec,0,1048576,349525,1,25971000,1054367555497166597
normal-o3,0,256,suffix-3,16,cpp-std-vector,0,1048576,349525,1,26638000,1054367555497166597
normal-o3,0,256,suffix-3,16,reverse-c,1,1048576,349525,1,36160000,5794397202544729692
normal-o3,0,256,suffix-3,16,direct-c,1,1048576,349525,1,25838000,5794397202544729692
normal-o3,0,256,suffix-3,16,swap-take-c,1,1048576,349525,1,35799000,5794397202544729692
normal-o3,0,256,suffix-3,16,take-swap-c,1,1048576,349525,1,31571000,5794397202544729692
normal-o3,0,256,suffix-3,16,rust-vec,1,1048576,349525,1,25693000,5794397202544729692
normal-o3,0,256,suffix-3,16,cpp-std-vector,1,1048576,349525,1,26698000,5794397202544729692
normal-o3,0,256,suffix-3,16,whitefoot,1,1048576,349525,1,26588000,5794397202544729692
normal-o3,0,256,suffix-3,16,direct-c,2,1048576,349525,1,25705000,10534426849592292787
normal-o3,0,256,suffix-3,16,swap-take-c,2,1048576,349525,1,35935000,10534426849592292787
normal-o3,0,256,suffix-3,16,take-swap-c,2,1048576,349525,1,31951000,10534426849592292787
normal-o3,0,256,suffix-3,16,rust-vec,2,1048576,349525,1,25483000,10534426849592292787
normal-o3,0,256,suffix-3,16,cpp-std-vector,2,1048576,349525,1,26151000,10534426849592292787
normal-o3,0,256,suffix-3,16,whitefoot,2,1048576,349525,1,27267000,10534426849592292787
normal-o3,0,256,suffix-3,16,reverse-c,2,1048576,349525,1,37003000,10534426849592292787
normal-o3,0,256,suffix-3,16,swap-take-c,3,1048576,349525,1,36216000,15274456496639855882
normal-o3,0,256,suffix-3,16,take-swap-c,3,1048576,349525,1,32050000,15274456496639855882
normal-o3,0,256,suffix-3,16,rust-vec,3,1048576,349525,1,25289000,15274456496639855882
normal-o3,0,256,suffix-3,16,cpp-std-vector,3,1048576,349525,1,26213000,15274456496639855882
normal-o3,0,256,suffix-3,16,whitefoot,3,1048576,349525,1,26281000,15274456496639855882
normal-o3,0,256,suffix-3,16,reverse-c,3,1048576,349525,1,35468000,15274456496639855882
normal-o3,0,256,suffix-3,16,direct-c,3,1048576,349525,1,25076000,15274456496639855882
normal-o3,0,256,suffix-3,16,take-swap-c,4,1048576,349525,1,31384000,1567742069977867361
normal-o3,0,256,suffix-3,16,rust-vec,4,1048576,349525,1,25273000,1567742069977867361
normal-o3,0,256,suffix-3,16,cpp-std-vector,4,1048576,349525,1,26144000,1567742069977867361
normal-o3,0,256,suffix-3,16,whitefoot,4,1048576,349525,1,26426000,1567742069977867361
normal-o3,0,256,suffix-3,16,reverse-c,4,1048576,349525,1,35532000,1567742069977867361
normal-o3,0,256,suffix-3,16,direct-c,4,1048576,349525,1,25828000,1567742069977867361
normal-o3,0,256,suffix-3,16,swap-take-c,4,1048576,349525,1,36728000,1567742069977867361
normal-o3,0,256,suffix-3,16,rust-vec,5,1048576,349525,1,25113000,6307771717025430456
normal-o3,0,256,suffix-3,16,cpp-std-vector,5,1048576,349525,1,26243000,6307771717025430456
normal-o3,0,256,suffix-3,16,whitefoot,5,1048576,349525,1,26348000,6307771717025430456
normal-o3,0,256,suffix-3,16,reverse-c,5,1048576,349525,1,36784000,6307771717025430456
normal-o3,0,256,suffix-3,16,direct-c,5,1048576,349525,1,25496000,6307771717025430456
normal-o3,0,256,suffix-3,16,swap-take-c,5,1048576,349525,1,35817000,6307771717025430456
normal-o3,0,256,suffix-3,16,take-swap-c,5,1048576,349525,1,31385000,6307771717025430456
normal-o3,0,256,suffix-3,16,cpp-std-vector,6,1048576,349525,1,26292000,11047801364072993551
normal-o3,0,256,suffix-3,16,whitefoot,6,1048576,349525,1,27054000,11047801364072993551
normal-o3,0,256,suffix-3,16,reverse-c,6,1048576,349525,1,38132000,11047801364072993551
normal-o3,0,256,suffix-3,16,direct-c,6,1048576,349525,1,25601000,11047801364072993551
normal-o3,0,256,suffix-3,16,swap-take-c,6,1048576,349525,1,35918000,11047801364072993551
normal-o3,0,256,suffix-3,16,take-swap-c,6,1048576,349525,1,31606000,11047801364072993551
normal-o3,0,256,suffix-3,16,rust-vec,6,1048576,349525,1,26548000,11047801364072993551
normal-o3,0,256,suffix-3,256,whitefoot,0,1048576,349525,1,27199000,15528439189922159621
normal-o3,0,256,suffix-3,256,reverse-c,0,1048576,349525,1,36009000,15528439189922159621
normal-o3,0,256,suffix-3,256,direct-c,0,1048576,349525,1,25417000,15528439189922159621
normal-o3,0,256,suffix-3,256,swap-take-c,0,1048576,349525,1,36788000,15528439189922159621
normal-o3,0,256,suffix-3,256,take-swap-c,0,1048576,349525,1,31629000,15528439189922159621
normal-o3,0,256,suffix-3,256,rust-vec,0,1048576,349525,1,25632000,15528439189922159621
normal-o3,0,256,suffix-3,256,cpp-std-vector,0,1048576,349525,1,25960000,15528439189922159621
normal-o3,0,256,suffix-3,256,reverse-c,1,1048576,349525,1,35680000,6728350532028667740
normal-o3,0,256,suffix-3,256,direct-c,1,1048576,349525,1,26086000,6728350532028667740
normal-o3,0,256,suffix-3,256,swap-take-c,1,1048576,349525,1,36152000,6728350532028667740
normal-o3,0,256,suffix-3,256,take-swap-c,1,1048576,349525,1,32662000,6728350532028667740
normal-o3,0,256,suffix-3,256,rust-vec,1,1048576,349525,1,25807000,6728350532028667740
normal-o3,0,256,suffix-3,256,cpp-std-vector,1,1048576,349525,1,27772000,6728350532028667740
normal-o3,0,256,suffix-3,256,whitefoot,1,1048576,349525,1,27398000,6728350532028667740
normal-o3,0,256,suffix-3,256,direct-c,2,1048576,349525,1,25509000,16375005947844727475
normal-o3,0,256,suffix-3,256,swap-take-c,2,1048576,349525,1,35566000,16375005947844727475
normal-o3,0,256,suffix-3,256,take-swap-c,2,1048576,349525,1,31454000,16375005947844727475
normal-o3,0,256,suffix-3,256,rust-vec,2,1048576,349525,1,25053000,16375005947844727475
normal-o3,0,256,suffix-3,256,cpp-std-vector,2,1048576,349525,1,26177000,16375005947844727475
normal-o3,0,256,suffix-3,256,whitefoot,2,1048576,349525,1,26446000,16375005947844727475
normal-o3,0,256,suffix-3,256,reverse-c,2,1048576,349525,1,35434000,16375005947844727475
normal-o3,0,256,suffix-3,256,swap-take-c,3,1048576,349525,1,35484000,7574917289951235594
normal-o3,0,256,suffix-3,256,take-swap-c,3,1048576,349525,1,31255000,7574917289951235594
normal-o3,0,256,suffix-3,256,rust-vec,3,1048576,349525,1,24982000,7574917289951235594
normal-o3,0,256,suffix-3,256,cpp-std-vector,3,1048576,349525,1,26274000,7574917289951235594
normal-o3,0,256,suffix-3,256,whitefoot,3,1048576,349525,1,26945000,7574917289951235594
normal-o3,0,256,suffix-3,256,reverse-c,3,1048576,349525,1,35444000,7574917289951235594
normal-o3,0,256,suffix-3,256,direct-c,3,1048576,349525,1,25283000,7574917289951235594
normal-o3,0,256,suffix-3,256,take-swap-c,4,1048576,349525,1,31254000,17221572705767295329
normal-o3,0,256,suffix-3,256,rust-vec,4,1048576,349525,1,25617000,17221572705767295329
normal-o3,0,256,suffix-3,256,cpp-std-vector,4,1048576,349525,1,26180000,17221572705767295329
normal-o3,0,256,suffix-3,256,whitefoot,4,1048576,349525,1,26513000,17221572705767295329
normal-o3,0,256,suffix-3,256,reverse-c,4,1048576,349525,1,35525000,17221572705767295329
normal-o3,0,256,suffix-3,256,direct-c,4,1048576,349525,1,25033000,17221572705767295329
normal-o3,0,256,suffix-3,256,swap-take-c,4,1048576,349525,1,35462000,17221572705767295329
normal-o3,0,256,suffix-3,256,rust-vec,5,1048576,349525,1,26330000,8421484047873803448
normal-o3,0,256,suffix-3,256,cpp-std-vector,5,1048576,349525,1,26624000,8421484047873803448
normal-o3,0,256,suffix-3,256,whitefoot,5,1048576,349525,1,26554000,8421484047873803448
normal-o3,0,256,suffix-3,256,reverse-c,5,1048576,349525,1,35510000,8421484047873803448
normal-o3,0,256,suffix-3,256,direct-c,5,1048576,349525,1,25463000,8421484047873803448
normal-o3,0,256,suffix-3,256,swap-take-c,5,1048576,349525,1,35647000,8421484047873803448
normal-o3,0,256,suffix-3,256,take-swap-c,5,1048576,349525,1,31150000,8421484047873803448
normal-o3,0,256,suffix-3,256,cpp-std-vector,6,1048576,349525,1,30810000,18068139463689863183
normal-o3,0,256,suffix-3,256,whitefoot,6,1048576,349525,1,28689000,18068139463689863183
normal-o3,0,256,suffix-3,256,reverse-c,6,1048576,349525,1,36046000,18068139463689863183
normal-o3,0,256,suffix-3,256,direct-c,6,1048576,349525,1,25979000,18068139463689863183
normal-o3,0,256,suffix-3,256,swap-take-c,6,1048576,349525,1,36504000,18068139463689863183
normal-o3,0,256,suffix-3,256,take-swap-c,6,1048576,349525,1,31339000,18068139463689863183
normal-o3,0,256,suffix-3,256,rust-vec,6,1048576,349525,1,25298000,18068139463689863183
normal-o3,0,256,suffix-3,4096,whitefoot,0,1048576,349525,1,26962000,15626320741824457733
normal-o3,0,256,suffix-3,4096,reverse-c,0,1048576,349525,1,36059000,15626320741824457733
normal-o3,0,256,suffix-3,4096,direct-c,0,1048576,349525,1,25929000,15626320741824457733
normal-o3,0,256,suffix-3,4096,swap-take-c,0,1048576,349525,1,37315000,15626320741824457733
normal-o3,0,256,suffix-3,4096,take-swap-c,0,1048576,349525,1,31655000,15626320741824457733
normal-o3,0,256,suffix-3,4096,rust-vec,0,1048576,349525,1,25558000,15626320741824457733
normal-o3,0,256,suffix-3,4096,cpp-std-vector,0,1048576,349525,1,26482000,15626320741824457733
normal-o3,0,256,suffix-3,4096,reverse-c,1,1048576,349525,1,35727000,11900565124691961692
normal-o3,0,256,suffix-3,4096,direct-c,1,1048576,349525,1,25603000,11900565124691961692
normal-o3,0,256,suffix-3,4096,swap-take-c,1,1048576,349525,1,36165000,11900565124691961692
normal-o3,0,256,suffix-3,4096,take-swap-c,1,1048576,349525,1,32769000,11900565124691961692
normal-o3,0,256,suffix-3,4096,rust-vec,1,1048576,349525,1,25198000,11900565124691961692
normal-o3,0,256,suffix-3,4096,cpp-std-vector,1,1048576,349525,1,26350000,11900565124691961692
normal-o3,0,256,suffix-3,4096,whitefoot,1,1048576,349525,1,26500000,11900565124691961692
normal-o3,0,256,suffix-3,4096,direct-c,2,1048576,349525,1,25363000,8174809507559465651
normal-o3,0,256,suffix-3,4096,swap-take-c,2,1048576,349525,1,35521000,8174809507559465651
normal-o3,0,256,suffix-3,4096,take-swap-c,2,1048576,349525,1,31255000,8174809507559465651
normal-o3,0,256,suffix-3,4096,rust-vec,2,1048576,349525,1,25284000,8174809507559465651
normal-o3,0,256,suffix-3,4096,cpp-std-vector,2,1048576,349525,1,26128000,8174809507559465651
normal-o3,0,256,suffix-3,4096,whitefoot,2,1048576,349525,1,26879000,8174809507559465651
normal-o3,0,256,suffix-3,4096,reverse-c,2,1048576,349525,1,35575000,8174809507559465651
normal-o3,0,256,suffix-3,4096,swap-take-c,3,1048576,349525,1,35694000,4449053890426969610
normal-o3,0,256,suffix-3,4096,take-swap-c,3,1048576,349525,1,32304000,4449053890426969610
normal-o3,0,256,suffix-3,4096,rust-vec,3,1048576,349525,1,26096000,4449053890426969610
normal-o3,0,256,suffix-3,4096,cpp-std-vector,3,1048576,349525,1,26822000,4449053890426969610
normal-o3,0,256,suffix-3,4096,whitefoot,3,1048576,349525,1,26576000,4449053890426969610
normal-o3,0,256,suffix-3,4096,reverse-c,3,1048576,349525,1,35562000,4449053890426969610
normal-o3,0,256,suffix-3,4096,direct-c,3,1048576,349525,1,25145000,4449053890426969610
normal-o3,0,256,suffix-3,4096,take-swap-c,4,1048576,349525,1,31788000,723298273294473569
normal-o3,0,256,suffix-3,4096,rust-vec,4,1048576,349525,1,25489000,723298273294473569
normal-o3,0,256,suffix-3,4096,cpp-std-vector,4,1048576,349525,1,26470000,723298273294473569
normal-o3,0,256,suffix-3,4096,whitefoot,4,1048576,349525,1,26533000,723298273294473569
normal-o3,0,256,suffix-3,4096,reverse-c,4,1048576,349525,1,35603000,723298273294473569
normal-o3,0,256,suffix-3,4096,direct-c,4,1048576,349525,1,25277000,723298273294473569
normal-o3,0,256,suffix-3,4096,swap-take-c,4,1048576,349525,1,35654000,723298273294473569
normal-o3,0,256,suffix-3,4096,rust-vec,5,1048576,349525,1,25210000,15444286729871529144
normal-o3,0,256,suffix-3,4096,cpp-std-vector,5,1048576,349525,1,26127000,15444286729871529144
normal-o3,0,256,suffix-3,4096,whitefoot,5,1048576,349525,1,26527000,15444286729871529144
normal-o3,0,256,suffix-3,4096,reverse-c,5,1048576,349525,1,36147000,15444286729871529144
normal-o3,0,256,suffix-3,4096,direct-c,5,1048576,349525,1,25381000,15444286729871529144
normal-o3,0,256,suffix-3,4096,swap-take-c,5,1048576,349525,1,35587000,15444286729871529144
normal-o3,0,256,suffix-3,4096,take-swap-c,5,1048576,349525,1,31602000,15444286729871529144
normal-o3,0,256,suffix-3,4096,cpp-std-vector,6,1048576,349525,1,26553000,11718531112739033103
normal-o3,0,256,suffix-3,4096,whitefoot,6,1048576,349525,1,26859000,11718531112739033103
normal-o3,0,256,suffix-3,4096,reverse-c,6,1048576,349525,1,35791000,11718531112739033103
normal-o3,0,256,suffix-3,4096,direct-c,6,1048576,349525,1,25279000,11718531112739033103
normal-o3,0,256,suffix-3,4096,swap-take-c,6,1048576,349525,1,36865000,11718531112739033103
normal-o3,0,256,suffix-3,4096,take-swap-c,6,1048576,349525,1,33054000,11718531112739033103
normal-o3,0,256,suffix-3,4096,rust-vec,6,1048576,349525,1,25580000,11718531112739033103
normal-o3,1,8,reserved,16,cpp-std-vector,0,1048576,65536,1,3312000,1613149332516896869
normal-o3,1,8,reserved,16,rust-vec,0,1048576,65536,1,2377000,1613149332516896869
normal-o3,1,8,reserved,16,take-swap-c,0,1048576,65536,1,3759000,1613149332516896869
normal-o3,1,8,reserved,16,swap-take-c,0,1048576,65536,1,3815000,1613149332516896869
normal-o3,1,8,reserved,16,direct-c,0,1048576,65536,1,3268000,1613149332516896869
normal-o3,1,8,reserved,16,reverse-c,0,1048576,65536,1,4077000,1613149332516896869
normal-o3,1,8,reserved,16,whitefoot,0,1048576,65536,1,3351000,1613149332516896869
normal-o3,1,8,reserved,16,rust-vec,1,1048576,65536,1,2376000,15534383740606742630
normal-o3,1,8,reserved,16,take-swap-c,1,1048576,65536,1,3806000,15534383740606742630
normal-o3,1,8,reserved,16,swap-take-c,1,1048576,65536,1,3973000,15534383740606742630
normal-o3,1,8,reserved,16,direct-c,1,1048576,65536,1,3464000,15534383740606742630
normal-o3,1,8,reserved,16,reverse-c,1,1048576,65536,1,4086000,15534383740606742630
normal-o3,1,8,reserved,16,whitefoot,1,1048576,65536,1,3648000,15534383740606742630
normal-o3,1,8,reserved,16,cpp-std-vector,1,1048576,65536,1,3386000,15534383740606742630
normal-o3,1,8,reserved,16,take-swap-c,2,1048576,65536,1,3907000,11203551505675976807
normal-o3,1,8,reserved,16,swap-take-c,2,1048576,65536,1,3952000,11203551505675976807
normal-o3,1,8,reserved,16,direct-c,2,1048576,65536,1,3490000,11203551505675976807
normal-o3,1,8,reserved,16,reverse-c,2,1048576,65536,1,4179000,11203551505675976807
normal-o3,1,8,reserved,16,whitefoot,2,1048576,65536,1,3530000,11203551505675976807
normal-o3,1,8,reserved,16,cpp-std-vector,2,1048576,65536,1,3380000,11203551505675976807
normal-o3,1,8,reserved,16,rust-vec,2,1048576,65536,1,2504000,11203551505675976807
normal-o3,1,8,reserved,16,swap-take-c,3,1048576,65536,1,4129000,598448321840808040
normal-o3,1,8,reserved,16,direct-c,3,1048576,65536,1,3356000,598448321840808040
normal-o3,1,8,reserved,16,reverse-c,3,1048576,65536,1,4227000,598448321840808040
normal-o3,1,8,reserved,16,whitefoot,3,1048576,65536,1,3552000,598448321840808040
normal-o3,1,8,reserved,16,cpp-std-vector,3,1048576,65536,1,3569000,598448321840808040
normal-o3,1,8,reserved,16,rust-vec,3,1048576,65536,1,2433000,598448321840808040
normal-o3,1,8,reserved,16,take-swap-c,3,1048576,65536,1,3775000,598448321840808040
normal-o3,1,8,reserved,16,direct-c,4,1048576,65536,1,3356000,3717605000514633833
normal-o3,1,8,reserved,16,reverse-c,4,1048576,65536,1,4262000,3717605000514633833
normal-o3,1,8,reserved,16,whitefoot,4,1048576,65536,1,4005000,3717605000514633833
normal-o3,1,8,reserved,16,cpp-std-vector,4,1048576,65536,1,3385000,3717605000514633833
normal-o3,1,8,reserved,16,rust-vec,4,1048576,65536,1,2607000,3717605000514633833
normal-o3,1,8,reserved,16,take-swap-c,4,1048576,65536,1,3812000,3717605000514633833
normal-o3,1,8,reserved,16,swap-take-c,4,1048576,65536,1,4038000,3717605000514633833
normal-o3,1,8,reserved,16,reverse-c,5,1048576,65536,1,4112000,7745013020975693930
normal-o3,1,8,reserved,16,whitefoot,5,1048576,65536,1,3573000,7745013020975693930
normal-o3,1,8,reserved,16,cpp-std-vector,5,1048576,65536,1,3181000,7745013020975693930
normal-o3,1,8,reserved,16,rust-vec,5,1048576,65536,1,2410000,7745013020975693930
normal-o3,1,8,reserved,16,take-swap-c,5,1048576,65536,1,3895000,7745013020975693930
normal-o3,1,8,reserved,16,swap-take-c,5,1048576,65536,1,4126000,7745013020975693930
normal-o3,1,8,reserved,16,direct-c,5,1048576,65536,1,3583000,7745013020975693930
normal-o3,1,8,reserved,16,whitefoot,6,1048576,65536,1,3564000,6351481337365135467
normal-o3,1,8,reserved,16,cpp-std-vector,6,1048576,65536,1,3487000,6351481337365135467
normal-o3,1,8,reserved,16,rust-vec,6,1048576,65536,1,2564000,6351481337365135467
normal-o3,1,8,reserved,16,take-swap-c,6,1048576,65536,1,3790000,6351481337365135467
normal-o3,1,8,reserved,16,swap-take-c,6,1048576,65536,1,3850000,6351481337365135467
normal-o3,1,8,reserved,16,direct-c,6,1048576,65536,1,3262000,6351481337365135467
normal-o3,1,8,reserved,16,reverse-c,6,1048576,65536,1,4135000,6351481337365135467
normal-o3,1,8,reserved,256,cpp-std-vector,0,1048576,4096,1,2244000,1498897996573024357
normal-o3,1,8,reserved,256,rust-vec,0,1048576,4096,1,1573000,1498897996573024357
normal-o3,1,8,reserved,256,take-swap-c,0,1048576,4096,1,2312000,1498897996573024357
normal-o3,1,8,reserved,256,swap-take-c,0,1048576,4096,1,2267000,1498897996573024357
normal-o3,1,8,reserved,256,direct-c,0,1048576,4096,1,1745000,1498897996573024357
normal-o3,1,8,reserved,256,reverse-c,0,1048576,4096,1,3264000,1498897996573024357
normal-o3,1,8,reserved,256,whitefoot,0,1048576,4096,1,1795000,1498897996573024357
normal-o3,1,8,reserved,256,rust-vec,1,1048576,4096,1,1549000,7707534785925595238
normal-o3,1,8,reserved,256,take-swap-c,1,1048576,4096,1,2214000,7707534785925595238
normal-o3,1,8,reserved,256,swap-take-c,1,1048576,4096,1,2313000,7707534785925595238
normal-o3,1,8,reserved,256,direct-c,1,1048576,4096,1,1722000,7707534785925595238
normal-o3,1,8,reserved,256,reverse-c,1,1048576,4096,1,3268000,7707534785925595238
normal-o3,1,8,reserved,256,whitefoot,1,1048576,4096,1,1865000,7707534785925595238
normal-o3,1,8,reserved,256,cpp-std-vector,1,1048576,4096,1,2154000,7707534785925595238
normal-o3,1,8,reserved,256,take-swap-c,2,1048576,4096,1,2255000,5506079726878842983
normal-o3,1,8,reserved,256,swap-take-c,2,1048576,4096,1,2223000,5506079726878842983
normal-o3,1,8,reserved,256,direct-c,2,1048576,4096,1,1711000,5506079726878842983
normal-o3,1,8,reserved,256,reverse-c,2,1048576,4096,1,3207000,5506079726878842983
normal-o3,1,8,reserved,256,whitefoot,2,1048576,4096,1,1750000,5506079726878842983
normal-o3,1,8,reserved,256,cpp-std-vector,2,1048576,4096,1,2155000,5506079726878842983
normal-o3,1,8,reserved,256,rust-vec,2,1048576,4096,1,1599000,5506079726878842983
normal-o3,1,8,reserved,256,swap-take-c,3,1048576,4096,1,2216000,5888291873035911272
normal-o3,1,8,reserved,256,direct-c,3,1048576,4096,1,1736000,5888291873035911272
normal-o3,1,8,reserved,256,reverse-c,3,1048576,4096,1,3578000,5888291873035911272
normal-o3,1,8,reserved,256,whitefoot,3,1048576,4096,1,1791000,5888291873035911272
normal-o3,1,8,reserved,256,cpp-std-vector,3,1048576,4096,1,2152000,5888291873035911272
normal-o3,1,8,reserved,256,rust-vec,3,1048576,4096,1,1560000,5888291873035911272
normal-o3,1,8,reserved,256,take-swap-c,3,1048576,4096,1,2186000,5888291873035911272
normal-o3,1,8,reserved,256,direct-c,4,1048576,4096,1,1765000,7512286317303570537
normal-o3,1,8,reserved,256,reverse-c,4,1048576,4096,1,3466000,7512286317303570537
normal-o3,1,8,reserved,256,whitefoot,4,1048576,4096,1,1770000,7512286317303570537
normal-o3,1,8,reserved,256,cpp-std-vector,4,1048576,4096,1,2128000,7512286317303570537
normal-o3,1,8,reserved,256,rust-vec,4,1048576,4096,1,1562000,7512286317303570537
normal-o3,1,8,reserved,256,take-swap-c,4,1048576,4096,1,2167000,7512286317303570537
normal-o3,1,8,reserved,256,swap-take-c,4,1048576,4096,1,2282000,7512286317303570537
normal-o3,1,8,reserved,256,reverse-c,5,1048576,4096,1,3254000,13357584908658163818
normal-o3,1,8,reserved,256,whitefoot,5,1048576,4096,1,1731000,13357584908658163818
normal-o3,1,8,reserved,256,cpp-std-vector,5,1048576,4096,1,2179000,13357584908658163818
normal-o3,1,8,reserved,256,rust-vec,5,1048576,4096,1,1545000,13357584908658163818
normal-o3,1,8,reserved,256,take-swap-c,5,1048576,4096,1,2170000,13357584908658163818
normal-o3,1,8,reserved,256,swap-take-c,5,1048576,4096,1,2355000,13357584908658163818
normal-o3,1,8,reserved,256,direct-c,5,1048576,4096,1,1701000,13357584908658163818
normal-o3,1,8,reserved,256,whitefoot,6,1048576,4096,1,1722000,10011933332678926443
normal-o3,1,8,reserved,256,cpp-std-vector,6,1048576,4096,1,2120000,10011933332678926443
normal-o3,1,8,reserved,256,rust-vec,6,1048576,4096,1,1569000,10011933332678926443
normal-o3,1,8,reserved,256,take-swap-c,6,1048576,4096,1,2208000,10011933332678926443
normal-o3,1,8,reserved,256,swap-take-c,6,1048576,4096,1,2223000,10011933332678926443
normal-o3,1,8,reserved,256,direct-c,6,1048576,4096,1,1702000,10011933332678926443
normal-o3,1,8,reserved,256,reverse-c,6,1048576,4096,1,3285000,10011933332678926443
normal-o3,1,8,reserved,4096,cpp-std-vector,0,1048576,256,1,2111000,2256710881311081573
normal-o3,1,8,reserved,4096,rust-vec,0,1048576,256,1,1589000,2256710881311081573
normal-o3,1,8,reserved,4096,take-swap-c,0,1048576,256,1,2127000,2256710881311081573
normal-o3,1,8,reserved,4096,swap-take-c,0,1048576,256,1,2220000,2256710881311081573
normal-o3,1,8,reserved,4096,direct-c,0,1048576,256,1,1689000,2256710881311081573
normal-o3,1,8,reserved,4096,reverse-c,0,1048576,256,1,2947000,2256710881311081573
normal-o3,1,8,reserved,4096,whitefoot,0,1048576,256,1,1736000,2256710881311081573
normal-o3,1,8,reserved,4096,rust-vec,1,1048576,256,1,1552000,6904654748820097126
normal-o3,1,8,reserved,4096,take-swap-c,1,1048576,256,1,2303000,6904654748820097126
normal-o3,1,8,reserved,4096,swap-take-c,1,1048576,256,1,2261000,6904654748820097126
normal-o3,1,8,reserved,4096,direct-c,1,1048576,256,1,1932000,6904654748820097126
normal-o3,1,8,reserved,4096,reverse-c,1,1048576,256,1,2870000,6904654748820097126
normal-o3,1,8,reserved,4096,whitefoot,1,1048576,256,1,1698000,6904654748820097126
normal-o3,1,8,reserved,4096,cpp-std-vector,1,1048576,256,1,2077000,6904654748820097126
normal-o3,1,8,reserved,4096,take-swap-c,2,1048576,256,1,2145000,16426223538089053287
normal-o3,1,8,reserved,4096,swap-take-c,2,1048576,256,1,2147000,16426223538089053287
normal-o3,1,8,reserved,4096,direct-c,2,1048576,256,1,1698000,16426223538089053287
normal-o3,1,8,reserved,4096,reverse-c,2,1048576,256,1,2991000,16426223538089053287
normal-o3,1,8,reserved,4096,whitefoot,2,1048576,256,1,1676000,16426223538089053287
normal-o3,1,8,reserved,4096,cpp-std-vector,2,1048576,256,1,2158000,16426223538089053287
normal-o3,1,8,reserved,4096,rust-vec,2,1048576,256,1,1538000,16426223538089053287
normal-o3,1,8,reserved,4096,swap-take-c,3,1048576,256,1,2147000,9531859752620511336
normal-o3,1,8,reserved,4096,direct-c,3,1048576,256,1,1637000,9531859752620511336
normal-o3,1,8,reserved,4096,reverse-c,3,1048576,256,1,2907000,9531859752620511336
normal-o3,1,8,reserved,4096,whitefoot,3,1048576,256,1,1782000,9531859752620511336
normal-o3,1,8,reserved,4096,cpp-std-vector,3,1048576,256,1,2121000,9531859752620511336
normal-o3,1,8,reserved,4096,rust-vec,3,1048576,256,1,1527000,9531859752620511336
normal-o3,1,8,reserved,4096,take-swap-c,3,1048576,256,1,2057000,9531859752620511336
normal-o3,1,8,reserved,4096,direct-c,4,1048576,256,1,1649000,14830550356061344873
normal-o3,1,8,reserved,4096,reverse-c,4,1048576,256,1,2839000,14830550356061344873
normal-o3,1,8,reserved,4096,whitefoot,4,1048576,256,1,1762000,14830550356061344873
normal-o3,1,8,reserved,4096,cpp-std-vector,4,1048576,256,1,2106000,14830550356061344873
normal-o3,1,8,reserved,4096,rust-vec,4,1048576,256,1,1556000,14830550356061344873
normal-o3,1,8,reserved,4096,take-swap-c,4,1048576,256,1,2058000,14830550356061344873
normal-o3,1,8,reserved,4096,swap-take-c,4,1048576,256,1,2153000,14830550356061344873
normal-o3,1,8,reserved,4096,reverse-c,5,1048576,256,1,2854000,11014393161628833898
normal-o3,1,8,reserved,4096,whitefoot,5,1048576,256,1,1687000,11014393161628833898
normal-o3,1,8,reserved,4096,cpp-std-vector,5,1048576,256,1,2048000,11014393161628833898
normal-o3,1,8,reserved,4096,rust-vec,5,1048576,256,1,1634000,11014393161628833898
normal-o3,1,8,reserved,4096,take-swap-c,5,1048576,256,1,2169000,11014393161628833898
normal-o3,1,8,reserved,4096,swap-take-c,5,1048576,256,1,2143000,11014393161628833898
normal-o3,1,8,reserved,4096,direct-c,5,1048576,256,1,1646000,11014393161628833898
normal-o3,1,8,reserved,4096,whitefoot,6,1048576,256,1,1705000,3531045655943011435
normal-o3,1,8,reserved,4096,cpp-std-vector,6,1048576,256,1,2140000,3531045655943011435
normal-o3,1,8,reserved,4096,rust-vec,6,1048576,256,1,1529000,3531045655943011435
normal-o3,1,8,reserved,4096,take-swap-c,6,1048576,256,1,2100000,3531045655943011435
normal-o3,1,8,reserved,4096,swap-take-c,6,1048576,256,1,2176000,3531045655943011435
normal-o3,1,8,reserved,4096,direct-c,6,1048576,256,1,1646000,3531045655943011435
normal-o3,1,8,reserved,4096,reverse-c,6,1048576,256,1,2837000,3531045655943011435
normal-o3,1,8,growth,16,cpp-std-vector,0,1048576,65536,1,9740000,1613149332516896869
normal-o3,1,8,growth,16,rust-vec,0,1048576,65536,1,9223000,1613149332516896869
normal-o3,1,8,growth,16,take-swap-c,0,1048576,65536,1,10745000,1613149332516896869
normal-o3,1,8,growth,16,swap-take-c,0,1048576,65536,1,14401000,1613149332516896869
normal-o3,1,8,growth,16,direct-c,0,1048576,65536,1,10747000,1613149332516896869
normal-o3,1,8,growth,16,reverse-c,0,1048576,65536,1,10944000,1613149332516896869
normal-o3,1,8,growth,16,whitefoot,0,1048576,65536,1,10634000,1613149332516896869
normal-o3,1,8,growth,16,rust-vec,1,1048576,65536,1,9249000,15534383740606742630
normal-o3,1,8,growth,16,take-swap-c,1,1048576,65536,1,10661000,15534383740606742630
normal-o3,1,8,growth,16,swap-take-c,1,1048576,65536,1,11279000,15534383740606742630
normal-o3,1,8,growth,16,direct-c,1,1048576,65536,1,10305000,15534383740606742630
normal-o3,1,8,growth,16,reverse-c,1,1048576,65536,1,10927000,15534383740606742630
normal-o3,1,8,growth,16,whitefoot,1,1048576,65536,1,10602000,15534383740606742630
normal-o3,1,8,growth,16,cpp-std-vector,1,1048576,65536,1,9743000,15534383740606742630
normal-o3,1,8,growth,16,take-swap-c,2,1048576,65536,1,10535000,11203551505675976807
normal-o3,1,8,growth,16,swap-take-c,2,1048576,65536,1,11052000,11203551505675976807
normal-o3,1,8,growth,16,direct-c,2,1048576,65536,1,10203000,11203551505675976807
normal-o3,1,8,growth,16,reverse-c,2,1048576,65536,1,12144000,11203551505675976807
normal-o3,1,8,growth,16,whitefoot,2,1048576,65536,1,10734000,11203551505675976807
normal-o3,1,8,growth,16,cpp-std-vector,2,1048576,65536,1,9819000,11203551505675976807
normal-o3,1,8,growth,16,rust-vec,2,1048576,65536,1,9317000,11203551505675976807
normal-o3,1,8,growth,16,swap-take-c,3,1048576,65536,1,10706000,598448321840808040
normal-o3,1,8,growth,16,direct-c,3,1048576,65536,1,10255000,598448321840808040
normal-o3,1,8,growth,16,reverse-c,3,1048576,65536,1,11035000,598448321840808040
normal-o3,1,8,growth,16,whitefoot,3,1048576,65536,1,10687000,598448321840808040
normal-o3,1,8,growth,16,cpp-std-vector,3,1048576,65536,1,9667000,598448321840808040
normal-o3,1,8,growth,16,rust-vec,3,1048576,65536,1,9428000,598448321840808040
normal-o3,1,8,growth,16,take-swap-c,3,1048576,65536,1,10849000,598448321840808040
normal-o3,1,8,growth,16,direct-c,4,1048576,65536,1,12530000,3717605000514633833
normal-o3,1,8,growth,16,reverse-c,4,1048576,65536,1,11471000,3717605000514633833
normal-o3,1,8,growth,16,whitefoot,4,1048576,65536,1,10876000,3717605000514633833
normal-o3,1,8,growth,16,cpp-std-vector,4,1048576,65536,1,9789000,3717605000514633833
normal-o3,1,8,growth,16,rust-vec,4,1048576,65536,1,9338000,3717605000514633833
normal-o3,1,8,growth,16,take-swap-c,4,1048576,65536,1,10570000,3717605000514633833
normal-o3,1,8,growth,16,swap-take-c,4,1048576,65536,1,10888000,3717605000514633833
normal-o3,1,8,growth,16,reverse-c,5,1048576,65536,1,10831000,7745013020975693930
normal-o3,1,8,growth,16,whitefoot,5,1048576,65536,1,10765000,7745013020975693930
normal-o3,1,8,growth,16,cpp-std-vector,5,1048576,65536,1,9845000,7745013020975693930
normal-o3,1,8,growth,16,rust-vec,5,1048576,65536,1,9832000,7745013020975693930
normal-o3,1,8,growth,16,take-swap-c,5,1048576,65536,1,10810000,7745013020975693930
normal-o3,1,8,growth,16,swap-take-c,5,1048576,65536,1,10915000,7745013020975693930
normal-o3,1,8,growth,16,direct-c,5,1048576,65536,1,10495000,7745013020975693930
normal-o3,1,8,growth,16,whitefoot,6,1048576,65536,1,10933000,6351481337365135467
normal-o3,1,8,growth,16,cpp-std-vector,6,1048576,65536,1,9702000,6351481337365135467
normal-o3,1,8,growth,16,rust-vec,6,1048576,65536,1,9230000,6351481337365135467
normal-o3,1,8,growth,16,take-swap-c,6,1048576,65536,1,11373000,6351481337365135467
normal-o3,1,8,growth,16,swap-take-c,6,1048576,65536,1,10937000,6351481337365135467
normal-o3,1,8,growth,16,direct-c,6,1048576,65536,1,10180000,6351481337365135467
normal-o3,1,8,growth,16,reverse-c,6,1048576,65536,1,11063000,6351481337365135467
normal-o3,1,8,growth,256,cpp-std-vector,0,1048576,4096,1,3322000,1498897996573024357
normal-o3,1,8,growth,256,rust-vec,0,1048576,4096,1,3009000,1498897996573024357
normal-o3,1,8,growth,256,take-swap-c,0,1048576,4096,1,3309000,1498897996573024357
normal-o3,1,8,growth,256,swap-take-c,0,1048576,4096,1,3321000,1498897996573024357
normal-o3,1,8,growth,256,direct-c,0,1048576,4096,1,2864000,1498897996573024357
normal-o3,1,8,growth,256,reverse-c,0,1048576,4096,1,4426000,1498897996573024357
normal-o3,1,8,growth,256,whitefoot,0,1048576,4096,1,2933000,1498897996573024357
normal-o3,1,8,growth,256,rust-vec,1,1048576,4096,1,2974000,7707534785925595238
normal-o3,1,8,growth,256,take-swap-c,1,1048576,4096,1,3465000,7707534785925595238
normal-o3,1,8,growth,256,swap-take-c,1,1048576,4096,1,3432000,7707534785925595238
normal-o3,1,8,growth,256,direct-c,1,1048576,4096,1,2905000,7707534785925595238
normal-o3,1,8,growth,256,reverse-c,1,1048576,4096,1,4459000,7707534785925595238
normal-o3,1,8,growth,256,whitefoot,1,1048576,4096,1,2959000,7707534785925595238
normal-o3,1,8,growth,256,cpp-std-vector,1,1048576,4096,1,3318000,7707534785925595238
normal-o3,1,8,growth,256,take-swap-c,2,1048576,4096,1,3627000,5506079726878842983
normal-o3,1,8,growth,256,swap-take-c,2,1048576,4096,1,3644000,5506079726878842983
normal-o3,1,8,growth,256,direct-c,2,1048576,4096,1,3693000,5506079726878842983
normal-o3,1,8,growth,256,reverse-c,2,1048576,4096,1,5400000,5506079726878842983
normal-o3,1,8,growth,256,whitefoot,2,1048576,4096,1,3587000,5506079726878842983
normal-o3,1,8,growth,256,cpp-std-vector,2,1048576,4096,1,3337000,5506079726878842983
normal-o3,1,8,growth,256,rust-vec,2,1048576,4096,1,3088000,5506079726878842983
normal-o3,1,8,growth,256,swap-take-c,3,1048576,4096,1,3364000,5888291873035911272
normal-o3,1,8,growth,256,direct-c,3,1048576,4096,1,3005000,5888291873035911272
normal-o3,1,8,growth,256,reverse-c,3,1048576,4096,1,4380000,5888291873035911272
normal-o3,1,8,growth,256,whitefoot,3,1048576,4096,1,2870000,5888291873035911272
normal-o3,1,8,growth,256,cpp-std-vector,3,1048576,4096,1,3437000,5888291873035911272
normal-o3,1,8,growth,256,rust-vec,3,1048576,4096,1,3058000,5888291873035911272
normal-o3,1,8,growth,256,take-swap-c,3,1048576,4096,1,3364000,5888291873035911272
normal-o3,1,8,growth,256,direct-c,4,1048576,4096,1,2896000,7512286317303570537
normal-o3,1,8,growth,256,reverse-c,4,1048576,4096,1,4456000,7512286317303570537
normal-o3,1,8,growth,256,whitefoot,4,1048576,4096,1,2895000,7512286317303570537
normal-o3,1,8,growth,256,cpp-std-vector,4,1048576,4096,1,3374000,7512286317303570537
normal-o3,1,8,growth,256,rust-vec,4,1048576,4096,1,3032000,7512286317303570537
normal-o3,1,8,growth,256,take-swap-c,4,1048576,4096,1,3457000,7512286317303570537
normal-o3,1,8,growth,256,swap-take-c,4,1048576,4096,1,3359000,7512286317303570537
normal-o3,1,8,growth,256,reverse-c,5,1048576,4096,1,4375000,13357584908658163818
normal-o3,1,8,growth,256,whitefoot,5,1048576,4096,1,3033000,13357584908658163818
normal-o3,1,8,growth,256,cpp-std-vector,5,1048576,4096,1,3261000,13357584908658163818
normal-o3,1,8,growth,256,rust-vec,5,1048576,4096,1,2948000,13357584908658163818
normal-o3,1,8,growth,256,take-swap-c,5,1048576,4096,1,3396000,13357584908658163818
normal-o3,1,8,growth,256,swap-take-c,5,1048576,4096,1,3325000,13357584908658163818
normal-o3,1,8,growth,256,direct-c,5,1048576,4096,1,2950000,13357584908658163818
normal-o3,1,8,growth,256,whitefoot,6,1048576,4096,1,2957000,10011933332678926443
normal-o3,1,8,growth,256,cpp-std-vector,6,1048576,4096,1,3368000,10011933332678926443
normal-o3,1,8,growth,256,rust-vec,6,1048576,4096,1,3137000,10011933332678926443
normal-o3,1,8,growth,256,take-swap-c,6,1048576,4096,1,3383000,10011933332678926443
normal-o3,1,8,growth,256,swap-take-c,6,1048576,4096,1,3405000,10011933332678926443
normal-o3,1,8,growth,256,direct-c,6,1048576,4096,1,2870000,10011933332678926443
normal-o3,1,8,growth,256,reverse-c,6,1048576,4096,1,4441000,10011933332678926443
normal-o3,1,8,growth,4096,cpp-std-vector,0,1048576,256,1,2397000,2256710881311081573
normal-o3,1,8,growth,4096,rust-vec,0,1048576,256,1,1977000,2256710881311081573
normal-o3,1,8,growth,4096,take-swap-c,0,1048576,256,1,2653000,2256710881311081573
normal-o3,1,8,growth,4096,swap-take-c,0,1048576,256,1,2698000,2256710881311081573
normal-o3,1,8,growth,4096,direct-c,0,1048576,256,1,2175000,2256710881311081573
normal-o3,1,8,growth,4096,reverse-c,0,1048576,256,1,3445000,2256710881311081573
normal-o3,1,8,growth,4096,whitefoot,0,1048576,256,1,2162000,2256710881311081573
normal-o3,1,8,growth,4096,rust-vec,1,1048576,256,1,2142000,6904654748820097126
normal-o3,1,8,growth,4096,take-swap-c,1,1048576,256,1,2526000,6904654748820097126
normal-o3,1,8,growth,4096,swap-take-c,1,1048576,256,1,2612000,6904654748820097126
normal-o3,1,8,growth,4096,direct-c,1,1048576,256,1,2093000,6904654748820097126
normal-o3,1,8,growth,4096,reverse-c,1,1048576,256,1,3267000,6904654748820097126
normal-o3,1,8,growth,4096,whitefoot,1,1048576,256,1,2091000,6904654748820097126
normal-o3,1,8,growth,4096,cpp-std-vector,1,1048576,256,1,2492000,6904654748820097126
normal-o3,1,8,growth,4096,take-swap-c,2,1048576,256,1,2604000,16426223538089053287
normal-o3,1,8,growth,4096,swap-take-c,2,1048576,256,1,2599000,16426223538089053287
normal-o3,1,8,growth,4096,direct-c,2,1048576,256,1,2070000,16426223538089053287
normal-o3,1,8,growth,4096,reverse-c,2,1048576,256,1,3312000,16426223538089053287
normal-o3,1,8,growth,4096,whitefoot,2,1048576,256,1,2121000,16426223538089053287
normal-o3,1,8,growth,4096,cpp-std-vector,2,1048576,256,1,2612000,16426223538089053287
normal-o3,1,8,growth,4096,rust-vec,2,1048576,256,1,2019000,16426223538089053287
normal-o3,1,8,growth,4096,swap-take-c,3,1048576,256,1,2664000,9531859752620511336
normal-o3,1,8,growth,4096,direct-c,3,1048576,256,1,2339000,9531859752620511336
normal-o3,1,8,growth,4096,reverse-c,3,1048576,256,1,3718000,9531859752620511336
normal-o3,1,8,growth,4096,whitefoot,3,1048576,256,1,2291000,9531859752620511336
normal-o3,1,8,growth,4096,cpp-std-vector,3,1048576,256,1,2667000,9531859752620511336
normal-o3,1,8,growth,4096,rust-vec,3,1048576,256,1,2104000,9531859752620511336
normal-o3,1,8,growth,4096,take-swap-c,3,1048576,256,1,3026000,9531859752620511336
normal-o3,1,8,growth,4096,direct-c,4,1048576,256,1,2435000,14830550356061344873
normal-o3,1,8,growth,4096,reverse-c,4,1048576,256,1,3551000,14830550356061344873
normal-o3,1,8,growth,4096,whitefoot,4,1048576,256,1,2381000,14830550356061344873
normal-o3,1,8,growth,4096,cpp-std-vector,4,1048576,256,1,2572000,14830550356061344873
normal-o3,1,8,growth,4096,rust-vec,4,1048576,256,1,1979000,14830550356061344873
normal-o3,1,8,growth,4096,take-swap-c,4,1048576,256,1,2509000,14830550356061344873
normal-o3,1,8,growth,4096,swap-take-c,4,1048576,256,1,2647000,14830550356061344873
normal-o3,1,8,growth,4096,reverse-c,5,1048576,256,1,3321000,11014393161628833898
normal-o3,1,8,growth,4096,whitefoot,5,1048576,256,1,2179000,11014393161628833898
normal-o3,1,8,growth,4096,cpp-std-vector,5,1048576,256,1,2402000,11014393161628833898
normal-o3,1,8,growth,4096,rust-vec,5,1048576,256,1,1928000,11014393161628833898
normal-o3,1,8,growth,4096,take-swap-c,5,1048576,256,1,2507000,11014393161628833898
normal-o3,1,8,growth,4096,swap-take-c,5,1048576,256,1,2663000,11014393161628833898
normal-o3,1,8,growth,4096,direct-c,5,1048576,256,1,2062000,11014393161628833898
normal-o3,1,8,growth,4096,whitefoot,6,1048576,256,1,2074000,3531045655943011435
normal-o3,1,8,growth,4096,cpp-std-vector,6,1048576,256,1,2516000,3531045655943011435
normal-o3,1,8,growth,4096,rust-vec,6,1048576,256,1,2002000,3531045655943011435
normal-o3,1,8,growth,4096,take-swap-c,6,1048576,256,1,2462000,3531045655943011435
normal-o3,1,8,growth,4096,swap-take-c,6,1048576,256,1,2552000,3531045655943011435
normal-o3,1,8,growth,4096,direct-c,6,1048576,256,1,2158000,3531045655943011435
normal-o3,1,8,growth,4096,reverse-c,6,1048576,256,1,3269000,3531045655943011435
normal-o3,1,8,reuse,16,cpp-std-vector,0,1048576,65536,1,2157000,1613149332516896869
normal-o3,1,8,reuse,16,rust-vec,0,1048576,65536,1,1282000,1613149332516896869
normal-o3,1,8,reuse,16,take-swap-c,0,1048576,65536,1,1992000,1613149332516896869
normal-o3,1,8,reuse,16,swap-take-c,0,1048576,65536,1,1946000,1613149332516896869
normal-o3,1,8,reuse,16,direct-c,0,1048576,65536,1,1782000,1613149332516896869
normal-o3,1,8,reuse,16,reverse-c,0,1048576,65536,1,2351000,1613149332516896869
normal-o3,1,8,reuse,16,whitefoot,0,1048576,65536,1,1517000,1613149332516896869
normal-o3,1,8,reuse,16,rust-vec,1,1048576,65536,1,1281000,15534383740606742630
normal-o3,1,8,reuse,16,take-swap-c,1,1048576,65536,1,2031000,15534383740606742630
normal-o3,1,8,reuse,16,swap-take-c,1,1048576,65536,1,1930000,15534383740606742630
normal-o3,1,8,reuse,16,direct-c,1,1048576,65536,1,1782000,15534383740606742630
normal-o3,1,8,reuse,16,reverse-c,1,1048576,65536,1,2332000,15534383740606742630
normal-o3,1,8,reuse,16,whitefoot,1,1048576,65536,1,1539000,15534383740606742630
normal-o3,1,8,reuse,16,cpp-std-vector,1,1048576,65536,1,2319000,15534383740606742630
normal-o3,1,8,reuse,16,take-swap-c,2,1048576,65536,1,2008000,11203551505675976807
normal-o3,1,8,reuse,16,swap-take-c,2,1048576,65536,1,1923000,11203551505675976807
normal-o3,1,8,reuse,16,direct-c,2,1048576,65536,1,1786000,11203551505675976807
normal-o3,1,8,reuse,16,reverse-c,2,1048576,65536,1,2297000,11203551505675976807
normal-o3,1,8,reuse,16,whitefoot,2,1048576,65536,1,1541000,11203551505675976807
normal-o3,1,8,reuse,16,cpp-std-vector,2,1048576,65536,1,2167000,11203551505675976807
normal-o3,1,8,reuse,16,rust-vec,2,1048576,65536,1,1245000,11203551505675976807
normal-o3,1,8,reuse,16,swap-take-c,3,1048576,65536,1,1920000,598448321840808040
normal-o3,1,8,reuse,16,direct-c,3,1048576,65536,1,1772000,598448321840808040
normal-o3,1,8,reuse,16,reverse-c,3,1048576,65536,1,2299000,598448321840808040
normal-o3,1,8,reuse,16,whitefoot,3,1048576,65536,1,1510000,598448321840808040
normal-o3,1,8,reuse,16,cpp-std-vector,3,1048576,65536,1,2157000,598448321840808040
normal-o3,1,8,reuse,16,rust-vec,3,1048576,65536,1,1375000,598448321840808040
normal-o3,1,8,reuse,16,take-swap-c,3,1048576,65536,1,2365000,598448321840808040
normal-o3,1,8,reuse,16,direct-c,4,1048576,65536,1,1773000,3717605000514633833
normal-o3,1,8,reuse,16,reverse-c,4,1048576,65536,1,2319000,3717605000514633833
normal-o3,1,8,reuse,16,whitefoot,4,1048576,65536,1,1502000,3717605000514633833
normal-o3,1,8,reuse,16,cpp-std-vector,4,1048576,65536,1,2177000,3717605000514633833
normal-o3,1,8,reuse,16,rust-vec,4,1048576,65536,1,1239000,3717605000514633833
normal-o3,1,8,reuse,16,take-swap-c,4,1048576,65536,1,2003000,3717605000514633833
normal-o3,1,8,reuse,16,swap-take-c,4,1048576,65536,1,1923000,3717605000514633833
normal-o3,1,8,reuse,16,reverse-c,5,1048576,65536,1,2290000,7745013020975693930
normal-o3,1,8,reuse,16,whitefoot,5,1048576,65536,1,1587000,7745013020975693930
normal-o3,1,8,reuse,16,cpp-std-vector,5,1048576,65536,1,2356000,7745013020975693930
normal-o3,1,8,reuse,16,rust-vec,5,1048576,65536,1,1236000,7745013020975693930
normal-o3,1,8,reuse,16,take-swap-c,5,1048576,65536,1,1987000,7745013020975693930
normal-o3,1,8,reuse,16,swap-take-c,5,1048576,65536,1,1925000,7745013020975693930
normal-o3,1,8,reuse,16,direct-c,5,1048576,65536,1,1776000,7745013020975693930
normal-o3,1,8,reuse,16,whitefoot,6,1048576,65536,1,1527000,6351481337365135467
normal-o3,1,8,reuse,16,cpp-std-vector,6,1048576,65536,1,2163000,6351481337365135467
normal-o3,1,8,reuse,16,rust-vec,6,1048576,65536,1,1239000,6351481337365135467
normal-o3,1,8,reuse,16,take-swap-c,6,1048576,65536,1,2015000,6351481337365135467
normal-o3,1,8,reuse,16,swap-take-c,6,1048576,65536,1,1939000,6351481337365135467
normal-o3,1,8,reuse,16,direct-c,6,1048576,65536,1,1845000,6351481337365135467
normal-o3,1,8,reuse,16,reverse-c,6,1048576,65536,1,2397000,6351481337365135467
normal-o3,1,8,reuse,256,cpp-std-vector,0,1048576,4096,1,2032000,1498897996573024357
normal-o3,1,8,reuse,256,rust-vec,0,1048576,4096,1,1470000,1498897996573024357
normal-o3,1,8,reuse,256,take-swap-c,0,1048576,4096,1,1979000,1498897996573024357
normal-o3,1,8,reuse,256,swap-take-c,0,1048576,4096,1,1926000,1498897996573024357
normal-o3,1,8,reuse,256,direct-c,0,1048576,4096,1,1535000,1498897996573024357
normal-o3,1,8,reuse,256,reverse-c,0,1048576,4096,1,3169000,1498897996573024357
normal-o3,1,8,reuse,256,whitefoot,0,1048576,4096,1,1559000,1498897996573024357
normal-o3,1,8,reuse,256,rust-vec,1,1048576,4096,1,1468000,7707534785925595238
normal-o3,1,8,reuse,256,take-swap-c,1,1048576,4096,1,1975000,7707534785925595238
normal-o3,1,8,reuse,256,swap-take-c,1,1048576,4096,1,2063000,7707534785925595238
normal-o3,1,8,reuse,256,direct-c,1,1048576,4096,1,1541000,7707534785925595238
normal-o3,1,8,reuse,256,reverse-c,1,1048576,4096,1,3278000,7707534785925595238
normal-o3,1,8,reuse,256,whitefoot,1,1048576,4096,1,1737000,7707534785925595238
normal-o3,1,8,reuse,256,cpp-std-vector,1,1048576,4096,1,2287000,7707534785925595238
normal-o3,1,8,reuse,256,take-swap-c,2,1048576,4096,1,2020000,5506079726878842983
normal-o3,1,8,reuse,256,swap-take-c,2,1048576,4096,1,2097000,5506079726878842983
normal-o3,1,8,reuse,256,direct-c,2,1048576,4096,1,1562000,5506079726878842983
normal-o3,1,8,reuse,256,reverse-c,2,1048576,4096,1,3140000,5506079726878842983
normal-o3,1,8,reuse,256,whitefoot,2,1048576,4096,1,1555000,5506079726878842983
normal-o3,1,8,reuse,256,cpp-std-vector,2,1048576,4096,1,2075000,5506079726878842983
normal-o3,1,8,reuse,256,rust-vec,2,1048576,4096,1,1529000,5506079726878842983
normal-o3,1,8,reuse,256,swap-take-c,3,1048576,4096,1,2079000,5888291873035911272
normal-o3,1,8,reuse,256,direct-c,3,1048576,4096,1,1536000,5888291873035911272
normal-o3,1,8,reuse,256,reverse-c,3,1048576,4096,1,3118000,5888291873035911272
normal-o3,1,8,reuse,256,whitefoot,3,1048576,4096,1,1665000,5888291873035911272
normal-o3,1,8,reuse,256,cpp-std-vector,3,1048576,4096,1,2179000,5888291873035911272
normal-o3,1,8,reuse,256,rust-vec,3,1048576,4096,1,1468000,5888291873035911272
normal-o3,1,8,reuse,256,take-swap-c,3,1048576,4096,1,2017000,5888291873035911272
normal-o3,1,8,reuse,256,direct-c,4,1048576,4096,1,1590000,7512286317303570537
normal-o3,1,8,reuse,256,reverse-c,4,1048576,4096,1,3112000,7512286317303570537
normal-o3,1,8,reuse,256,whitefoot,4,1048576,4096,1,1630000,7512286317303570537
normal-o3,1,8,reuse,256,cpp-std-vector,4,1048576,4096,1,2164000,7512286317303570537
normal-o3,1,8,reuse,256,rust-vec,4,1048576,4096,1,1575000,7512286317303570537
normal-o3,1,8,reuse,256,take-swap-c,4,1048576,4096,1,2234000,7512286317303570537
normal-o3,1,8,reuse,256,swap-take-c,4,1048576,4096,1,2072000,7512286317303570537
normal-o3,1,8,reuse,256,reverse-c,5,1048576,4096,1,3125000,13357584908658163818
normal-o3,1,8,reuse,256,whitefoot,5,1048576,4096,1,1585000,13357584908658163818
normal-o3,1,8,reuse,256,cpp-std-vector,5,1048576,4096,1,2118000,13357584908658163818
normal-o3,1,8,reuse,256,rust-vec,5,1048576,4096,1,1473000,13357584908658163818
normal-o3,1,8,reuse,256,take-swap-c,5,1048576,4096,1,2022000,13357584908658163818
normal-o3,1,8,reuse,256,swap-take-c,5,1048576,4096,1,2047000,13357584908658163818
normal-o3,1,8,reuse,256,direct-c,5,1048576,4096,1,1617000,13357584908658163818
normal-o3,1,8,reuse,256,whitefoot,6,1048576,4096,1,1582000,10011933332678926443
normal-o3,1,8,reuse,256,cpp-std-vector,6,1048576,4096,1,2099000,10011933332678926443
normal-o3,1,8,reuse,256,rust-vec,6,1048576,4096,1,1471000,10011933332678926443
normal-o3,1,8,reuse,256,take-swap-c,6,1048576,4096,1,1979000,10011933332678926443
normal-o3,1,8,reuse,256,swap-take-c,6,1048576,4096,1,2044000,10011933332678926443
normal-o3,1,8,reuse,256,direct-c,6,1048576,4096,1,1563000,10011933332678926443
normal-o3,1,8,reuse,256,reverse-c,6,1048576,4096,1,3192000,10011933332678926443
normal-o3,1,8,reuse,4096,cpp-std-vector,0,1048576,256,1,2131000,2256710881311081573
normal-o3,1,8,reuse,4096,rust-vec,0,1048576,256,1,1660000,2256710881311081573
normal-o3,1,8,reuse,4096,take-swap-c,0,1048576,256,1,2033000,2256710881311081573
normal-o3,1,8,reuse,4096,swap-take-c,0,1048576,256,1,2145000,2256710881311081573
normal-o3,1,8,reuse,4096,direct-c,0,1048576,256,1,1617000,2256710881311081573
normal-o3,1,8,reuse,4096,reverse-c,0,1048576,256,1,2800000,2256710881311081573
normal-o3,1,8,reuse,4096,whitefoot,0,1048576,256,1,1659000,2256710881311081573
normal-o3,1,8,reuse,4096,rust-vec,1,1048576,256,1,1503000,6904654748820097126
normal-o3,1,8,reuse,4096,take-swap-c,1,1048576,256,1,2028000,6904654748820097126
normal-o3,1,8,reuse,4096,swap-take-c,1,1048576,256,1,2202000,6904654748820097126
normal-o3,1,8,reuse,4096,direct-c,1,1048576,256,1,1674000,6904654748820097126
normal-o3,1,8,reuse,4096,reverse-c,1,1048576,256,1,3079000,6904654748820097126
normal-o3,1,8,reuse,4096,whitefoot,1,1048576,256,1,1719000,6904654748820097126
normal-o3,1,8,reuse,4096,cpp-std-vector,1,1048576,256,1,3061000,6904654748820097126
normal-o3,1,8,reuse,4096,take-swap-c,2,1048576,256,1,2255000,16426223538089053287
normal-o3,1,8,reuse,4096,swap-take-c,2,1048576,256,1,2423000,16426223538089053287
normal-o3,1,8,reuse,4096,direct-c,2,1048576,256,1,1844000,16426223538089053287
normal-o3,1,8,reuse,4096,reverse-c,2,1048576,256,1,2876000,16426223538089053287
normal-o3,1,8,reuse,4096,whitefoot,2,1048576,256,1,1708000,16426223538089053287
normal-o3,1,8,reuse,4096,cpp-std-vector,2,1048576,256,1,2159000,16426223538089053287
normal-o3,1,8,reuse,4096,rust-vec,2,1048576,256,1,1508000,16426223538089053287
normal-o3,1,8,reuse,4096,swap-take-c,3,1048576,256,1,2115000,9531859752620511336
normal-o3,1,8,reuse,4096,direct-c,3,1048576,256,1,1657000,9531859752620511336
normal-o3,1,8,reuse,4096,reverse-c,3,1048576,256,1,2853000,9531859752620511336
normal-o3,1,8,reuse,4096,whitefoot,3,1048576,256,1,1652000,9531859752620511336
normal-o3,1,8,reuse,4096,cpp-std-vector,3,1048576,256,1,2004000,9531859752620511336
normal-o3,1,8,reuse,4096,rust-vec,3,1048576,256,1,1526000,9531859752620511336
normal-o3,1,8,reuse,4096,take-swap-c,3,1048576,256,1,2057000,9531859752620511336
normal-o3,1,8,reuse,4096,direct-c,4,1048576,256,1,1657000,14830550356061344873
normal-o3,1,8,reuse,4096,reverse-c,4,1048576,256,1,2805000,14830550356061344873
normal-o3,1,8,reuse,4096,whitefoot,4,1048576,256,1,1656000,14830550356061344873
normal-o3,1,8,reuse,4096,cpp-std-vector,4,1048576,256,1,2064000,14830550356061344873
normal-o3,1,8,reuse,4096,rust-vec,4,1048576,256,1,1504000,14830550356061344873
normal-o3,1,8,reuse,4096,take-swap-c,4,1048576,256,1,2054000,14830550356061344873
normal-o3,1,8,reuse,4096,swap-take-c,4,1048576,256,1,2125000,14830550356061344873
normal-o3,1,8,reuse,4096,reverse-c,5,1048576,256,1,2922000,11014393161628833898
normal-o3,1,8,reuse,4096,whitefoot,5,1048576,256,1,1690000,11014393161628833898
normal-o3,1,8,reuse,4096,cpp-std-vector,5,1048576,256,1,2049000,11014393161628833898
normal-o3,1,8,reuse,4096,rust-vec,5,1048576,256,1,1508000,11014393161628833898
normal-o3,1,8,reuse,4096,take-swap-c,5,1048576,256,1,2097000,11014393161628833898
normal-o3,1,8,reuse,4096,swap-take-c,5,1048576,256,1,2156000,11014393161628833898
normal-o3,1,8,reuse,4096,direct-c,5,1048576,256,1,1623000,11014393161628833898
normal-o3,1,8,reuse,4096,whitefoot,6,1048576,256,1,1652000,3531045655943011435
normal-o3,1,8,reuse,4096,cpp-std-vector,6,1048576,256,1,2081000,3531045655943011435
normal-o3,1,8,reuse,4096,rust-vec,6,1048576,256,1,1512000,3531045655943011435
normal-o3,1,8,reuse,4096,take-swap-c,6,1048576,256,1,2226000,3531045655943011435
normal-o3,1,8,reuse,4096,swap-take-c,6,1048576,256,1,2113000,3531045655943011435
normal-o3,1,8,reuse,4096,direct-c,6,1048576,256,1,1618000,3531045655943011435
normal-o3,1,8,reuse,4096,reverse-c,6,1048576,256,1,2817000,3531045655943011435
normal-o3,1,8,suffix-0,16,cpp-std-vector,0,1048576,1048576,1,979000,1953714321357298
normal-o3,1,8,suffix-0,16,rust-vec,0,1048576,1048576,1,1004000,1953714321357298
normal-o3,1,8,suffix-0,16,take-swap-c,0,1048576,1048576,1,989000,1953714321357298
normal-o3,1,8,suffix-0,16,swap-take-c,0,1048576,1048576,1,2830000,1953714321357298
normal-o3,1,8,suffix-0,16,direct-c,0,1048576,1048576,1,2774000,1953714321357298
normal-o3,1,8,suffix-0,16,reverse-c,0,1048576,1048576,1,979000,1953714321357298
normal-o3,1,8,suffix-0,16,whitefoot,0,1048576,1048576,1,1075000,1953714321357298
normal-o3,1,8,suffix-0,16,rust-vec,1,1048576,1048576,1,996000,7188693379551418836
normal-o3,1,8,suffix-0,16,take-swap-c,1,1048576,1048576,1,976000,7188693379551418836
normal-o3,1,8,suffix-0,16,swap-take-c,1,1048576,1048576,1,2754000,7188693379551418836
normal-o3,1,8,suffix-0,16,direct-c,1,1048576,1048576,1,2761000,7188693379551418836
normal-o3,1,8,suffix-0,16,reverse-c,1,1048576,1048576,1,1043000,7188693379551418836
normal-o3,1,8,suffix-0,16,whitefoot,1,1048576,1048576,1,978000,7188693379551418836
normal-o3,1,8,suffix-0,16,cpp-std-vector,1,1048576,1048576,1,978000,7188693379551418836
normal-o3,1,8,suffix-0,16,take-swap-c,2,1048576,1048576,1,981000,14375433044781480374
normal-o3,1,8,suffix-0,16,swap-take-c,2,1048576,1048576,1,2811000,14375433044781480374
normal-o3,1,8,suffix-0,16,direct-c,2,1048576,1048576,1,3072000,14375433044781480374
normal-o3,1,8,suffix-0,16,reverse-c,2,1048576,1048576,1,1092000,14375433044781480374
normal-o3,1,8,suffix-0,16,whitefoot,2,1048576,1048576,1,1073000,14375433044781480374
normal-o3,1,8,suffix-0,16,cpp-std-vector,2,1048576,1048576,1,1190000,14375433044781480374
normal-o3,1,8,suffix-0,16,rust-vec,2,1048576,1048576,1,1205000,14375433044781480374
normal-o3,1,8,suffix-0,16,swap-take-c,3,1048576,1048576,1,2841000,3115428636301990296
normal-o3,1,8,suffix-0,16,direct-c,3,1048576,1048576,1,3084000,3115428636301990296
normal-o3,1,8,suffix-0,16,reverse-c,3,1048576,1048576,1,1092000,3115428636301990296
normal-o3,1,8,suffix-0,16,whitefoot,3,1048576,1048576,1,1045000,3115428636301990296
normal-o3,1,8,suffix-0,16,cpp-std-vector,3,1048576,1048576,1,980000,3115428636301990296
normal-o3,1,8,suffix-0,16,rust-vec,3,1048576,1048576,1,997000,3115428636301990296
normal-o3,1,8,suffix-0,16,take-swap-c,3,1048576,1048576,1,1042000,3115428636301990296
normal-o3,1,8,suffix-0,16,direct-c,4,1048576,1048576,1,3064000,10302168301532051834
normal-o3,1,8,suffix-0,16,reverse-c,4,1048576,1048576,1,1064000,10302168301532051834
normal-o3,1,8,suffix-0,16,whitefoot,4,1048576,1048576,1,976000,10302168301532051834
normal-o3,1,8,suffix-0,16,cpp-std-vector,4,1048576,1048576,1,980000,10302168301532051834
normal-o3,1,8,suffix-0,16,rust-vec,4,1048576,1048576,1,1015000,10302168301532051834
normal-o3,1,8,suffix-0,16,take-swap-c,4,1048576,1048576,1,983000,10302168301532051834
normal-o3,1,8,suffix-0,16,swap-take-c,4,1048576,1048576,1,2765000,10302168301532051834
normal-o3,1,8,suffix-0,16,reverse-c,5,1048576,1048576,1,978000,17488907966762113372
normal-o3,1,8,suffix-0,16,whitefoot,5,1048576,1048576,1,1000000,17488907966762113372
normal-o3,1,8,suffix-0,16,cpp-std-vector,5,1048576,1048576,1,993000,17488907966762113372
normal-o3,1,8,suffix-0,16,rust-vec,5,1048576,1048576,1,1044000,17488907966762113372
normal-o3,1,8,suffix-0,16,take-swap-c,5,1048576,1048576,1,983000,17488907966762113372
normal-o3,1,8,suffix-0,16,swap-take-c,5,1048576,1048576,1,2839000,17488907966762113372
normal-o3,1,8,suffix-0,16,direct-c,5,1048576,1048576,1,2763000,17488907966762113372
normal-o3,1,8,suffix-0,16,whitefoot,6,1048576,1048576,1,1016000,6228903558282623294
normal-o3,1,8,suffix-0,16,cpp-std-vector,6,1048576,1048576,1,988000,6228903558282623294
normal-o3,1,8,suffix-0,16,rust-vec,6,1048576,1048576,1,1039000,6228903558282623294
normal-o3,1,8,suffix-0,16,take-swap-c,6,1048576,1048576,1,985000,6228903558282623294
normal-o3,1,8,suffix-0,16,swap-take-c,6,1048576,1048576,1,2863000,6228903558282623294
normal-o3,1,8,suffix-0,16,direct-c,6,1048576,1048576,1,2824000,6228903558282623294
normal-o3,1,8,suffix-0,16,reverse-c,6,1048576,1048576,1,1032000,6228903558282623294
normal-o3,1,8,suffix-0,256,cpp-std-vector,0,1048576,1048576,1,980000,17116383760326379594
normal-o3,1,8,suffix-0,256,rust-vec,0,1048576,1048576,1,984000,17116383760326379594
normal-o3,1,8,suffix-0,256,take-swap-c,0,1048576,1048576,1,981000,17116383760326379594
normal-o3,1,8,suffix-0,256,swap-take-c,0,1048576,1048576,1,2907000,17116383760326379594
normal-o3,1,8,suffix-0,256,direct-c,0,1048576,1048576,1,2873000,17116383760326379594
normal-o3,1,8,suffix-0,256,reverse-c,0,1048576,1048576,1,982000,17116383760326379594
normal-o3,1,8,suffix-0,256,whitefoot,0,1048576,1048576,1,993000,17116383760326379594
normal-o3,1,8,suffix-0,256,rust-vec,1,1048576,1048576,1,990000,18422461136700962636
normal-o3,1,8,suffix-0,256,take-swap-c,1,1048576,1048576,1,979000,18422461136700962636
normal-o3,1,8,suffix-0,256,swap-take-c,1,1048576,1048576,1,2823000,18422461136700962636
normal-o3,1,8,suffix-0,256,direct-c,1,1048576,1048576,1,2802000,18422461136700962636
normal-o3,1,8,suffix-0,256,reverse-c,1,1048576,1048576,1,1009000,18422461136700962636
normal-o3,1,8,suffix-0,256,whitefoot,1,1048576,1048576,1,983000,18422461136700962636
normal-o3,1,8,suffix-0,256,cpp-std-vector,1,1048576,1048576,1,1010000,18422461136700962636
normal-o3,1,8,suffix-0,256,take-swap-c,2,1048576,1048576,1,1046000,1281794439365994062
normal-o3,1,8,suffix-0,256,swap-take-c,2,1048576,1048576,1,2815000,1281794439365994062
normal-o3,1,8,suffix-0,256,direct-c,2,1048576,1048576,1,2857000,1281794439365994062
normal-o3,1,8,suffix-0,256,reverse-c,2,1048576,1048576,1,1003000,1281794439365994062
normal-o3,1,8,suffix-0,256,whitefoot,2,1048576,1048576,1,996000,1281794439365994062
normal-o3,1,8,suffix-0,256,cpp-std-vector,2,1048576,1048576,1,983000,1281794439365994062
normal-o3,1,8,suffix-0,256,rust-vec,2,1048576,1048576,1,987000,1281794439365994062
normal-o3,1,8,suffix-0,256,swap-take-c,3,1048576,1048576,1,2806000,2587871815740577104
normal-o3,1,8,suffix-0,256,direct-c,3,1048576,1048576,1,2779000,2587871815740577104
normal-o3,1,8,suffix-0,256,reverse-c,3,1048576,1048576,1,977000,2587871815740577104
normal-o3,1,8,suffix-0,256,whitefoot,3,1048576,1048576,1,980000,2587871815740577104
normal-o3,1,8,suffix-0,256,cpp-std-vector,3,1048576,1048576,1,982000,2587871815740577104
normal-o3,1,8,suffix-0,256,rust-vec,3,1048576,1048576,1,1014000,2587871815740577104
normal-o3,1,8,suffix-0,256,take-swap-c,3,1048576,1048576,1,1028000,2587871815740577104
normal-o3,1,8,suffix-0,256,direct-c,4,1048576,1048576,1,2767000,3893949192115160146
normal-o3,1,8,suffix-0,256,reverse-c,4,1048576,1048576,1,982000,3893949192115160146
normal-o3,1,8,suffix-0,256,whitefoot,4,1048576,1048576,1,981000,3893949192115160146
normal-o3,1,8,suffix-0,256,cpp-std-vector,4,1048576,1048576,1,983000,3893949192115160146
normal-o3,1,8,suffix-0,256,rust-vec,4,1048576,1048576,1,985000,3893949192115160146
normal-o3,1,8,suffix-0,256,take-swap-c,4,1048576,1048576,1,981000,3893949192115160146
normal-o3,1,8,suffix-0,256,swap-take-c,4,1048576,1048576,1,2810000,3893949192115160146
normal-o3,1,8,suffix-0,256,reverse-c,5,1048576,1048576,1,983000,5200026568489743188
normal-o3,1,8,suffix-0,256,whitefoot,5,1048576,1048576,1,994000,5200026568489743188
normal-o3,1,8,suffix-0,256,cpp-std-vector,5,1048576,1048576,1,983000,5200026568489743188
normal-o3,1,8,suffix-0,256,rust-vec,5,1048576,1048576,1,994000,5200026568489743188
normal-o3,1,8,suffix-0,256,take-swap-c,5,1048576,1048576,1,993000,5200026568489743188
normal-o3,1,8,suffix-0,256,swap-take-c,5,1048576,1048576,1,2874000,5200026568489743188
normal-o3,1,8,suffix-0,256,direct-c,5,1048576,1048576,1,2765000,5200026568489743188
normal-o3,1,8,suffix-0,256,whitefoot,6,1048576,1048576,1,985000,6506103944864326230
normal-o3,1,8,suffix-0,256,cpp-std-vector,6,1048576,1048576,1,980000,6506103944864326230
normal-o3,1,8,suffix-0,256,rust-vec,6,1048576,1048576,1,985000,6506103944864326230
normal-o3,1,8,suffix-0,256,take-swap-c,6,1048576,1048576,1,979000,6506103944864326230
normal-o3,1,8,suffix-0,256,swap-take-c,6,1048576,1048576,1,2799000,6506103944864326230
normal-o3,1,8,suffix-0,256,direct-c,6,1048576,1048576,1,2774000,6506103944864326230
normal-o3,1,8,suffix-0,256,reverse-c,6,1048576,1048576,1,975000,6506103944864326230
normal-o3,1,8,suffix-0,4096,cpp-std-vector,0,1048576,1048576,1,987000,4677669742816693706
normal-o3,1,8,suffix-0,4096,rust-vec,0,1048576,1048576,1,990000,4677669742816693706
normal-o3,1,8,suffix-0,4096,take-swap-c,0,1048576,1048576,1,988000,4677669742816693706
normal-o3,1,8,suffix-0,4096,swap-take-c,0,1048576,1048576,1,2803000,4677669742816693706
normal-o3,1,8,suffix-0,4096,direct-c,0,1048576,1048576,1,2787000,4677669742816693706
normal-o3,1,8,suffix-0,4096,reverse-c,0,1048576,1048576,1,983000,4677669742816693706
normal-o3,1,8,suffix-0,4096,whitefoot,0,1048576,1048576,1,986000,4677669742816693706
normal-o3,1,8,suffix-0,4096,rust-vec,1,1048576,1048576,1,996000,3271637737093033676
normal-o3,1,8,suffix-0,4096,take-swap-c,1,1048576,1048576,1,1053000,3271637737093033676
normal-o3,1,8,suffix-0,4096,swap-take-c,1,1048576,1048576,1,2939000,3271637737093033676
normal-o3,1,8,suffix-0,4096,direct-c,1,1048576,1048576,1,2855000,3271637737093033676
normal-o3,1,8,suffix-0,4096,reverse-c,1,1048576,1048576,1,1017000,3271637737093033676
normal-o3,1,8,suffix-0,4096,whitefoot,1,1048576,1048576,1,1028000,3271637737093033676
normal-o3,1,8,suffix-0,4096,cpp-std-vector,1,1048576,1048576,1,1050000,3271637737093033676
normal-o3,1,8,suffix-0,4096,take-swap-c,2,1048576,1048576,1,1031000,1865605731369373646
normal-o3,1,8,suffix-0,4096,swap-take-c,2,1048576,1048576,1,2893000,1865605731369373646
normal-o3,1,8,suffix-0,4096,direct-c,2,1048576,1048576,1,2895000,1865605731369373646
normal-o3,1,8,suffix-0,4096,reverse-c,2,1048576,1048576,1,1045000,1865605731369373646
normal-o3,1,8,suffix-0,4096,whitefoot,2,1048576,1048576,1,1045000,1865605731369373646
normal-o3,1,8,suffix-0,4096,cpp-std-vector,2,1048576,1048576,1,1052000,1865605731369373646
normal-o3,1,8,suffix-0,4096,rust-vec,2,1048576,1048576,1,1056000,1865605731369373646
normal-o3,1,8,suffix-0,4096,swap-take-c,3,1048576,1048576,1,2952000,459573725645713616
normal-o3,1,8,suffix-0,4096,direct-c,3,1048576,1048576,1,2839000,459573725645713616
normal-o3,1,8,suffix-0,4096,reverse-c,3,1048576,1048576,1,1009000,459573725645713616
normal-o3,1,8,suffix-0,4096,whitefoot,3,1048576,1048576,1,1025000,459573725645713616
normal-o3,1,8,suffix-0,4096,cpp-std-vector,3,1048576,1048576,1,1006000,459573725645713616
normal-o3,1,8,suffix-0,4096,rust-vec,3,1048576,1048576,1,1011000,459573725645713616
normal-o3,1,8,suffix-0,4096,take-swap-c,3,1048576,1048576,1,1002000,459573725645713616
normal-o3,1,8,suffix-0,4096,direct-c,4,1048576,1048576,1,2847000,17500285793631605202
normal-o3,1,8,suffix-0,4096,reverse-c,4,1048576,1048576,1,1048000,17500285793631605202
normal-o3,1,8,suffix-0,4096,whitefoot,4,1048576,1048576,1,1012000,17500285793631605202
normal-o3,1,8,suffix-0,4096,cpp-std-vector,4,1048576,1048576,1,1014000,17500285793631605202
normal-o3,1,8,suffix-0,4096,rust-vec,4,1048576,1048576,1,1009000,17500285793631605202
normal-o3,1,8,suffix-0,4096,take-swap-c,4,1048576,1048576,1,1014000,17500285793631605202
normal-o3,1,8,suffix-0,4096,swap-take-c,4,1048576,1048576,1,2812000,17500285793631605202
normal-o3,1,8,suffix-0,4096,reverse-c,5,1048576,1048576,1,1000000,16094253787907945172
normal-o3,1,8,suffix-0,4096,whitefoot,5,1048576,1048576,1,1020000,16094253787907945172
normal-o3,1,8,suffix-0,4096,cpp-std-vector,5,1048576,1048576,1,1014000,16094253787907945172
normal-o3,1,8,suffix-0,4096,rust-vec,5,1048576,1048576,1,1009000,16094253787907945172
normal-o3,1,8,suffix-0,4096,take-swap-c,5,1048576,1048576,1,1001000,16094253787907945172
normal-o3,1,8,suffix-0,4096,swap-take-c,5,1048576,1048576,1,2881000,16094253787907945172
normal-o3,1,8,suffix-0,4096,direct-c,5,1048576,1048576,1,2900000,16094253787907945172
normal-o3,1,8,suffix-0,4096,whitefoot,6,1048576,1048576,1,984000,14688221782184285142
normal-o3,1,8,suffix-0,4096,cpp-std-vector,6,1048576,1048576,1,990000,14688221782184285142
normal-o3,1,8,suffix-0,4096,rust-vec,6,1048576,1048576,1,990000,14688221782184285142
normal-o3,1,8,suffix-0,4096,take-swap-c,6,1048576,1048576,1,1005000,14688221782184285142
normal-o3,1,8,suffix-0,4096,swap-take-c,6,1048576,1048576,1,2775000,14688221782184285142
normal-o3,1,8,suffix-0,4096,direct-c,6,1048576,1048576,1,2779000,14688221782184285142
normal-o3,1,8,suffix-0,4096,reverse-c,6,1048576,1048576,1,985000,14688221782184285142
normal-o3,1,8,suffix-1,16,cpp-std-vector,0,1048576,1048576,1,2999000,929898191272797080
normal-o3,1,8,suffix-1,16,rust-vec,0,1048576,1048576,1,1618000,929898191272797080
normal-o3,1,8,suffix-1,16,take-swap-c,0,1048576,1048576,1,3285000,929898191272797080
normal-o3,1,8,suffix-1,16,swap-take-c,0,1048576,1048576,1,3390000,929898191272797080
normal-o3,1,8,suffix-1,16,direct-c,0,1048576,1048576,1,2782000,929898191272797080
normal-o3,1,8,suffix-1,16,reverse-c,0,1048576,1048576,1,3298000,929898191272797080
normal-o3,1,8,suffix-1,16,whitefoot,0,1048576,1048576,1,2942000,929898191272797080
normal-o3,1,8,suffix-1,16,rust-vec,1,1048576,1048576,1,1556000,4026886324240061497
normal-o3,1,8,suffix-1,16,take-swap-c,1,1048576,1048576,1,3282000,4026886324240061497
normal-o3,1,8,suffix-1,16,swap-take-c,1,1048576,1048576,1,3405000,4026886324240061497
normal-o3,1,8,suffix-1,16,direct-c,1,1048576,1048576,1,2869000,4026886324240061497
normal-o3,1,8,suffix-1,16,reverse-c,1,1048576,1048576,1,3235000,4026886324240061497
normal-o3,1,8,suffix-1,16,whitefoot,1,1048576,1048576,1,2936000,4026886324240061497
normal-o3,1,8,suffix-1,16,cpp-std-vector,1,1048576,1048576,1,2936000,4026886324240061497
normal-o3,1,8,suffix-1,16,take-swap-c,2,1048576,1048576,1,3267000,7123874457207325914
normal-o3,1,8,suffix-1,16,swap-take-c,2,1048576,1048576,1,3376000,7123874457207325914
normal-o3,1,8,suffix-1,16,direct-c,2,1048576,1048576,1,2807000,7123874457207325914
normal-o3,1,8,suffix-1,16,reverse-c,2,1048576,1048576,1,3239000,7123874457207325914
normal-o3,1,8,suffix-1,16,whitefoot,2,1048576,1048576,1,2940000,7123874457207325914
normal-o3,1,8,suffix-1,16,cpp-std-vector,2,1048576,1048576,1,2940000,7123874457207325914
normal-o3,1,8,suffix-1,16,rust-vec,2,1048576,1048576,1,1617000,7123874457207325914
normal-o3,1,8,suffix-1,16,swap-take-c,3,1048576,1048576,1,3375000,10220862590174590331
normal-o3,1,8,suffix-1,16,direct-c,3,1048576,1048576,1,2780000,10220862590174590331
normal-o3,1,8,suffix-1,16,reverse-c,3,1048576,1048576,1,3264000,10220862590174590331
normal-o3,1,8,suffix-1,16,whitefoot,3,1048576,1048576,1,2933000,10220862590174590331
normal-o3,1,8,suffix-1,16,cpp-std-vector,3,1048576,1048576,1,2973000,10220862590174590331
normal-o3,1,8,suffix-1,16,rust-vec,3,1048576,1048576,1,1551000,10220862590174590331
normal-o3,1,8,suffix-1,16,take-swap-c,3,1048576,1048576,1,3303000,10220862590174590331
normal-o3,1,8,suffix-1,16,direct-c,4,1048576,1048576,1,2796000,13317850723141854748
normal-o3,1,8,suffix-1,16,reverse-c,4,1048576,1048576,1,3365000,13317850723141854748
normal-o3,1,8,suffix-1,16,whitefoot,4,1048576,1048576,1,3143000,13317850723141854748
normal-o3,1,8,suffix-1,16,cpp-std-vector,4,1048576,1048576,1,2937000,13317850723141854748
normal-o3,1,8,suffix-1,16,rust-vec,4,1048576,1048576,1,1546000,13317850723141854748
normal-o3,1,8,suffix-1,16,take-swap-c,4,1048576,1048576,1,3333000,13317850723141854748
normal-o3,1,8,suffix-1,16,swap-take-c,4,1048576,1048576,1,3390000,13317850723141854748
normal-o3,1,8,suffix-1,16,reverse-c,5,1048576,1048576,1,3261000,16414838856109119165
normal-o3,1,8,suffix-1,16,whitefoot,5,1048576,1048576,1,2950000,16414838856109119165
normal-o3,1,8,suffix-1,16,cpp-std-vector,5,1048576,1048576,1,2930000,16414838856109119165
normal-o3,1,8,suffix-1,16,rust-vec,5,1048576,1048576,1,1555000,16414838856109119165
normal-o3,1,8,suffix-1,16,take-swap-c,5,1048576,1048576,1,3271000,16414838856109119165
normal-o3,1,8,suffix-1,16,swap-take-c,5,1048576,1048576,1,3472000,16414838856109119165
normal-o3,1,8,suffix-1,16,direct-c,5,1048576,1048576,1,2805000,16414838856109119165
normal-o3,1,8,suffix-1,16,whitefoot,6,1048576,1048576,1,2981000,1065082915366831966
normal-o3,1,8,suffix-1,16,cpp-std-vector,6,1048576,1048576,1,2932000,1065082915366831966
normal-o3,1,8,suffix-1,16,rust-vec,6,1048576,1048576,1,1544000,1065082915366831966
normal-o3,1,8,suffix-1,16,take-swap-c,6,1048576,1048576,1,3246000,1065082915366831966
normal-o3,1,8,suffix-1,16,swap-take-c,6,1048576,1048576,1,3396000,1065082915366831966
normal-o3,1,8,suffix-1,16,direct-c,6,1048576,1048576,1,2861000,1065082915366831966
normal-o3,1,8,suffix-1,16,reverse-c,6,1048576,1048576,1,3538000,1065082915366831966
normal-o3,1,8,suffix-1,256,cpp-std-vector,0,1048576,1048576,1,3190000,14065998348325884944
normal-o3,1,8,suffix-1,256,rust-vec,0,1048576,1048576,1,1657000,14065998348325884944
normal-o3,1,8,suffix-1,256,take-swap-c,0,1048576,1048576,1,3345000,14065998348325884944
normal-o3,1,8,suffix-1,256,swap-take-c,0,1048576,1048576,1,3379000,14065998348325884944
normal-o3,1,8,suffix-1,256,direct-c,0,1048576,1048576,1,2832000,14065998348325884944
normal-o3,1,8,suffix-1,256,reverse-c,0,1048576,1048576,1,3257000,14065998348325884944
normal-o3,1,8,suffix-1,256,whitefoot,0,1048576,1048576,1,2990000,14065998348325884944
normal-o3,1,8,suffix-1,256,rust-vec,1,1048576,1048576,1,1548000,5008019667339890449
normal-o3,1,8,suffix-1,256,take-swap-c,1,1048576,1048576,1,3237000,5008019667339890449
normal-o3,1,8,suffix-1,256,swap-take-c,1,1048576,1048576,1,3491000,5008019667339890449
normal-o3,1,8,suffix-1,256,direct-c,1,1048576,1048576,1,2972000,5008019667339890449
normal-o3,1,8,suffix-1,256,reverse-c,1,1048576,1048576,1,3313000,5008019667339890449
normal-o3,1,8,suffix-1,256,whitefoot,1,1048576,1048576,1,2958000,5008019667339890449
normal-o3,1,8,suffix-1,256,cpp-std-vector,1,1048576,1048576,1,3041000,5008019667339890449
normal-o3,1,8,suffix-1,256,take-swap-c,2,1048576,1048576,1,3270000,14396785060063447570
normal-o3,1,8,suffix-1,256,swap-take-c,2,1048576,1048576,1,3410000,14396785060063447570
normal-o3,1,8,suffix-1,256,direct-c,2,1048576,1048576,1,2910000,14396785060063447570
normal-o3,1,8,suffix-1,256,reverse-c,2,1048576,1048576,1,3304000,14396785060063447570
normal-o3,1,8,suffix-1,256,whitefoot,2,1048576,1048576,1,2945000,14396785060063447570
normal-o3,1,8,suffix-1,256,cpp-std-vector,2,1048576,1048576,1,2967000,14396785060063447570
normal-o3,1,8,suffix-1,256,rust-vec,2,1048576,1048576,1,1589000,14396785060063447570
normal-o3,1,8,suffix-1,256,swap-take-c,3,1048576,1048576,1,3388000,5338806379077453075
normal-o3,1,8,suffix-1,256,direct-c,3,1048576,1048576,1,2789000,5338806379077453075
normal-o3,1,8,suffix-1,256,reverse-c,3,1048576,1048576,1,3251000,5338806379077453075
normal-o3,1,8,suffix-1,256,whitefoot,3,1048576,1048576,1,2939000,5338806379077453075
normal-o3,1,8,suffix-1,256,cpp-std-vector,3,1048576,1048576,1,2961000,5338806379077453075
normal-o3,1,8,suffix-1,256,rust-vec,3,1048576,1048576,1,1555000,5338806379077453075
normal-o3,1,8,suffix-1,256,take-swap-c,3,1048576,1048576,1,3291000,5338806379077453075
normal-o3,1,8,suffix-1,256,direct-c,4,1048576,1048576,1,2809000,14727571771801010196
normal-o3,1,8,suffix-1,256,reverse-c,4,1048576,1048576,1,3244000,14727571771801010196
normal-o3,1,8,suffix-1,256,whitefoot,4,1048576,1048576,1,2993000,14727571771801010196
normal-o3,1,8,suffix-1,256,cpp-std-vector,4,1048576,1048576,1,2928000,14727571771801010196
normal-o3,1,8,suffix-1,256,rust-vec,4,1048576,1048576,1,1547000,14727571771801010196
normal-o3,1,8,suffix-1,256,take-swap-c,4,1048576,1048576,1,3277000,14727571771801010196
normal-o3,1,8,suffix-1,256,swap-take-c,4,1048576,1048576,1,3487000,14727571771801010196
normal-o3,1,8,suffix-1,256,reverse-c,5,1048576,1048576,1,3373000,5669593090815015701
normal-o3,1,8,suffix-1,256,whitefoot,5,1048576,1048576,1,3106000,5669593090815015701
normal-o3,1,8,suffix-1,256,cpp-std-vector,5,1048576,1048576,1,3099000,5669593090815015701
normal-o3,1,8,suffix-1,256,rust-vec,5,1048576,1048576,1,1606000,5669593090815015701
normal-o3,1,8,suffix-1,256,take-swap-c,5,1048576,1048576,1,3288000,5669593090815015701
normal-o3,1,8,suffix-1,256,swap-take-c,5,1048576,1048576,1,3437000,5669593090815015701
normal-o3,1,8,suffix-1,256,direct-c,5,1048576,1048576,1,3001000,5669593090815015701
normal-o3,1,8,suffix-1,256,whitefoot,6,1048576,1048576,1,3046000,15058358483538572822
normal-o3,1,8,suffix-1,256,cpp-std-vector,6,1048576,1048576,1,3055000,15058358483538572822
normal-o3,1,8,suffix-1,256,rust-vec,6,1048576,1048576,1,1640000,15058358483538572822
normal-o3,1,8,suffix-1,256,take-swap-c,6,1048576,1048576,1,3430000,15058358483538572822
normal-o3,1,8,suffix-1,256,swap-take-c,6,1048576,1048576,1,3544000,15058358483538572822
normal-o3,1,8,suffix-1,256,direct-c,6,1048576,1048576,1,2958000,15058358483538572822
normal-o3,1,8,suffix-1,256,reverse-c,6,1048576,1048576,1,3359000,15058358483538572822
normal-o3,1,8,suffix-1,4096,cpp-std-vector,0,1048576,1048576,1,3128000,7456520226923789200
normal-o3,1,8,suffix-1,4096,rust-vec,0,1048576,1048576,1,1632000,7456520226923789200
normal-o3,1,8,suffix-1,4096,take-swap-c,0,1048576,1048576,1,3403000,7456520226923789200
normal-o3,1,8,suffix-1,4096,swap-take-c,0,1048576,1048576,1,3416000,7456520226923789200
normal-o3,1,8,suffix-1,4096,direct-c,0,1048576,1048576,1,2860000,7456520226923789200
normal-o3,1,8,suffix-1,4096,reverse-c,0,1048576,1048576,1,3309000,7456520226923789200
normal-o3,1,8,suffix-1,4096,whitefoot,0,1048576,1048576,1,3471000,7456520226923789200
normal-o3,1,8,suffix-1,4096,rust-vec,1,1048576,1048576,1,1918000,12459322446616091793
normal-o3,1,8,suffix-1,4096,take-swap-c,1,1048576,1048576,1,3432000,12459322446616091793
normal-o3,1,8,suffix-1,4096,swap-take-c,1,1048576,1048576,1,3911000,12459322446616091793
normal-o3,1,8,suffix-1,4096,direct-c,1,1048576,1048576,1,3015000,12459322446616091793
normal-o3,1,8,suffix-1,4096,reverse-c,1,1048576,1048576,1,3519000,12459322446616091793
normal-o3,1,8,suffix-1,4096,whitefoot,1,1048576,1048576,1,4075000,12459322446616091793
normal-o3,1,8,suffix-1,4096,cpp-std-vector,1,1048576,1048576,1,5046000,12459322446616091793
normal-o3,1,8,suffix-1,4096,take-swap-c,2,1048576,1048576,1,13632000,17462124666308394386
normal-o3,1,8,suffix-1,4096,swap-take-c,2,1048576,1048576,1,4162000,17462124666308394386
normal-o3,1,8,suffix-1,4096,direct-c,2,1048576,1048576,1,3665000,17462124666308394386
normal-o3,1,8,suffix-1,4096,reverse-c,2,1048576,1048576,1,3504000,17462124666308394386
normal-o3,1,8,suffix-1,4096,whitefoot,2,1048576,1048576,1,3142000,17462124666308394386
normal-o3,1,8,suffix-1,4096,cpp-std-vector,2,1048576,1048576,1,11975000,17462124666308394386
normal-o3,1,8,suffix-1,4096,rust-vec,2,1048576,1048576,1,1659000,17462124666308394386
normal-o3,1,8,suffix-1,4096,swap-take-c,3,1048576,1048576,1,3715000,4018182812291145363
normal-o3,1,8,suffix-1,4096,direct-c,3,1048576,1048576,1,3007000,4018182812291145363
normal-o3,1,8,suffix-1,4096,reverse-c,3,1048576,1048576,1,3365000,4018182812291145363
normal-o3,1,8,suffix-1,4096,whitefoot,3,1048576,1048576,1,2967000,4018182812291145363
normal-o3,1,8,suffix-1,4096,cpp-std-vector,3,1048576,1048576,1,3125000,4018182812291145363
normal-o3,1,8,suffix-1,4096,rust-vec,3,1048576,1048576,1,1652000,4018182812291145363
normal-o3,1,8,suffix-1,4096,take-swap-c,3,1048576,1048576,1,3443000,4018182812291145363
normal-o3,1,8,suffix-1,4096,direct-c,4,1048576,1048576,1,3067000,9020985031983447956
normal-o3,1,8,suffix-1,4096,reverse-c,4,1048576,1048576,1,3333000,9020985031983447956
normal-o3,1,8,suffix-1,4096,whitefoot,4,1048576,1048576,1,3006000,9020985031983447956
normal-o3,1,8,suffix-1,4096,cpp-std-vector,4,1048576,1048576,1,3179000,9020985031983447956
normal-o3,1,8,suffix-1,4096,rust-vec,4,1048576,1048576,1,1576000,9020985031983447956
normal-o3,1,8,suffix-1,4096,take-swap-c,4,1048576,1048576,1,3569000,9020985031983447956
normal-o3,1,8,suffix-1,4096,swap-take-c,4,1048576,1048576,1,3914000,9020985031983447956
normal-o3,1,8,suffix-1,4096,reverse-c,5,1048576,1048576,1,3375000,14023787251675750549
normal-o3,1,8,suffix-1,4096,whitefoot,5,1048576,1048576,1,3015000,14023787251675750549
normal-o3,1,8,suffix-1,4096,cpp-std-vector,5,1048576,1048576,1,3133000,14023787251675750549
normal-o3,1,8,suffix-1,4096,rust-vec,5,1048576,1048576,1,1609000,14023787251675750549
normal-o3,1,8,suffix-1,4096,take-swap-c,5,1048576,1048576,1,3409000,14023787251675750549
normal-o3,1,8,suffix-1,4096,swap-take-c,5,1048576,1048576,1,3538000,14023787251675750549
normal-o3,1,8,suffix-1,4096,direct-c,5,1048576,1048576,1,2881000,14023787251675750549
normal-o3,1,8,suffix-1,4096,whitefoot,6,1048576,1048576,1,3255000,579845397658501526
normal-o3,1,8,suffix-1,4096,cpp-std-vector,6,1048576,1048576,1,3221000,579845397658501526
normal-o3,1,8,suffix-1,4096,rust-vec,6,1048576,1048576,1,2692000,579845397658501526
normal-o3,1,8,suffix-1,4096,take-swap-c,6,1048576,1048576,1,4288000,579845397658501526
normal-o3,1,8,suffix-1,4096,swap-take-c,6,1048576,1048576,1,3401000,579845397658501526
normal-o3,1,8,suffix-1,4096,direct-c,6,1048576,1048576,1,2840000,579845397658501526
normal-o3,1,8,suffix-1,4096,reverse-c,6,1048576,1048576,1,3286000,579845397658501526
normal-o3,1,8,suffix-2,16,cpp-std-vector,0,1048576,524288,1,1682000,1685092048726590629
normal-o3,1,8,suffix-2,16,rust-vec,0,1048576,524288,1,1358000,1685092048726590629
normal-o3,1,8,suffix-2,16,take-swap-c,0,1048576,524288,1,3233000,1685092048726590629
normal-o3,1,8,suffix-2,16,swap-take-c,0,1048576,524288,1,2798000,1685092048726590629
normal-o3,1,8,suffix-2,16,direct-c,0,1048576,524288,1,1498000,1685092048726590629
normal-o3,1,8,suffix-2,16,reverse-c,0,1048576,524288,1,3231000,1685092048726590629
normal-o3,1,8,suffix-2,16,whitefoot,0,1048576,524288,1,2334000,1685092048726590629
normal-o3,1,8,suffix-2,16,rust-vec,1,1048576,524288,1,1302000,5769615109122455387
normal-o3,1,8,suffix-2,16,take-swap-c,1,1048576,524288,1,3250000,5769615109122455387
normal-o3,1,8,suffix-2,16,swap-take-c,1,1048576,524288,1,2857000,5769615109122455387
normal-o3,1,8,suffix-2,16,direct-c,1,1048576,524288,1,1529000,5769615109122455387
normal-o3,1,8,suffix-2,16,reverse-c,1,1048576,524288,1,3514000,5769615109122455387
normal-o3,1,8,suffix-2,16,whitefoot,1,1048576,524288,1,2292000,5769615109122455387
normal-o3,1,8,suffix-2,16,cpp-std-vector,1,1048576,524288,1,1694000,5769615109122455387
normal-o3,1,8,suffix-2,16,take-swap-c,2,1048576,524288,1,3145000,9854138169518320145
normal-o3,1,8,suffix-2,16,swap-take-c,2,1048576,524288,1,2839000,9854138169518320145
normal-o3,1,8,suffix-2,16,direct-c,2,1048576,524288,1,1457000,9854138169518320145
normal-o3,1,8,suffix-2,16,reverse-c,2,1048576,524288,1,3363000,9854138169518320145
normal-o3,1,8,suffix-2,16,whitefoot,2,1048576,524288,1,2312000,9854138169518320145
normal-o3,1,8,suffix-2,16,cpp-std-vector,2,1048576,524288,1,1625000,9854138169518320145
normal-o3,1,8,suffix-2,16,rust-vec,2,1048576,524288,1,1304000,9854138169518320145
normal-o3,1,8,suffix-2,16,swap-take-c,3,1048576,524288,1,2930000,13938661229914184903
normal-o3,1,8,suffix-2,16,direct-c,3,1048576,524288,1,1713000,13938661229914184903
normal-o3,1,8,suffix-2,16,reverse-c,3,1048576,524288,1,3482000,13938661229914184903
normal-o3,1,8,suffix-2,16,whitefoot,3,1048576,524288,1,3574000,13938661229914184903
normal-o3,1,8,suffix-2,16,cpp-std-vector,3,1048576,524288,1,1643000,13938661229914184903
normal-o3,1,8,suffix-2,16,rust-vec,3,1048576,524288,1,1475000,13938661229914184903
normal-o3,1,8,suffix-2,16,take-swap-c,3,1048576,524288,1,3243000,13938661229914184903
normal-o3,1,8,suffix-2,16,direct-c,4,1048576,524288,1,1460000,18023184290310049661
normal-o3,1,8,suffix-2,16,reverse-c,4,1048576,524288,1,3354000,18023184290310049661
normal-o3,1,8,suffix-2,16,whitefoot,4,1048576,524288,1,2370000,18023184290310049661
normal-o3,1,8,suffix-2,16,cpp-std-vector,4,1048576,524288,1,1712000,18023184290310049661
normal-o3,1,8,suffix-2,16,rust-vec,4,1048576,524288,1,1325000,18023184290310049661
normal-o3,1,8,suffix-2,16,take-swap-c,4,1048576,524288,1,3190000,18023184290310049661
normal-o3,1,8,suffix-2,16,swap-take-c,4,1048576,524288,1,2864000,18023184290310049661
normal-o3,1,8,suffix-2,16,reverse-c,5,1048576,524288,1,3311000,3660963276996362803
normal-o3,1,8,suffix-2,16,whitefoot,5,1048576,524288,1,2301000,3660963276996362803
normal-o3,1,8,suffix-2,16,cpp-std-vector,5,1048576,524288,1,1639000,3660963276996362803
normal-o3,1,8,suffix-2,16,rust-vec,5,1048576,524288,1,1302000,3660963276996362803
normal-o3,1,8,suffix-2,16,take-swap-c,5,1048576,524288,1,3310000,3660963276996362803
normal-o3,1,8,suffix-2,16,swap-take-c,5,1048576,524288,1,2824000,3660963276996362803
normal-o3,1,8,suffix-2,16,direct-c,5,1048576,524288,1,1465000,3660963276996362803
normal-o3,1,8,suffix-2,16,whitefoot,6,1048576,524288,1,2362000,7745486337392227561
normal-o3,1,8,suffix-2,16,cpp-std-vector,6,1048576,524288,1,1678000,7745486337392227561
normal-o3,1,8,suffix-2,16,rust-vec,6,1048576,524288,1,1317000,7745486337392227561
normal-o3,1,8,suffix-2,16,take-swap-c,6,1048576,524288,1,3194000,7745486337392227561
normal-o3,1,8,suffix-2,16,swap-take-c,6,1048576,524288,1,2792000,7745486337392227561
normal-o3,1,8,suffix-2,16,direct-c,6,1048576,524288,1,1483000,7745486337392227561
normal-o3,1,8,suffix-2,16,reverse-c,6,1048576,524288,1,3316000,7745486337392227561
normal-o3,1,8,suffix-2,256,cpp-std-vector,0,1048576,524288,1,1625000,4355278901963944061
normal-o3,1,8,suffix-2,256,rust-vec,0,1048576,524288,1,1306000,4355278901963944061
normal-o3,1,8,suffix-2,256,take-swap-c,0,1048576,524288,1,3345000,4355278901963944061
normal-o3,1,8,suffix-2,256,swap-take-c,0,1048576,524288,1,2982000,4355278901963944061
normal-o3,1,8,suffix-2,256,direct-c,0,1048576,524288,1,3975000,4355278901963944061
normal-o3,1,8,suffix-2,256,reverse-c,0,1048576,524288,1,3292000,4355278901963944061
normal-o3,1,8,suffix-2,256,whitefoot,0,1048576,524288,1,2485000,4355278901963944061
normal-o3,1,8,suffix-2,256,rust-vec,1,1048576,524288,1,1329000,15106128288498016595
normal-o3,1,8,suffix-2,256,take-swap-c,1,1048576,524288,1,3265000,15106128288498016595
normal-o3,1,8,suffix-2,256,swap-take-c,1,1048576,524288,1,2837000,15106128288498016595
normal-o3,1,8,suffix-2,256,direct-c,1,1048576,524288,1,2829000,15106128288498016595
normal-o3,1,8,suffix-2,256,reverse-c,1,1048576,524288,1,3282000,15106128288498016595
normal-o3,1,8,suffix-2,256,whitefoot,1,1048576,524288,1,2435000,15106128288498016595
normal-o3,1,8,suffix-2,256,cpp-std-vector,1,1048576,524288,1,1645000,15106128288498016595
normal-o3,1,8,suffix-2,256,take-swap-c,2,1048576,524288,1,3303000,7410233601322537513
normal-o3,1,8,suffix-2,256,swap-take-c,2,1048576,524288,1,2811000,7410233601322537513
normal-o3,1,8,suffix-2,256,direct-c,2,1048576,524288,1,3941000,7410233601322537513
normal-o3,1,8,suffix-2,256,reverse-c,2,1048576,524288,1,3308000,7410233601322537513
normal-o3,1,8,suffix-2,256,whitefoot,2,1048576,524288,1,2382000,7410233601322537513
normal-o3,1,8,suffix-2,256,cpp-std-vector,2,1048576,524288,1,1646000,7410233601322537513
normal-o3,1,8,suffix-2,256,rust-vec,2,1048576,524288,1,1303000,7410233601322537513
normal-o3,1,8,suffix-2,256,swap-take-c,3,1048576,524288,1,2936000,18161082987856610047
normal-o3,1,8,suffix-2,256,direct-c,3,1048576,524288,1,3262000,18161082987856610047
normal-o3,1,8,suffix-2,256,reverse-c,3,1048576,524288,1,3223000,18161082987856610047
normal-o3,1,8,suffix-2,256,whitefoot,3,1048576,524288,1,2388000,18161082987856610047
normal-o3,1,8,suffix-2,256,cpp-std-vector,3,1048576,524288,1,1628000,18161082987856610047
normal-o3,1,8,suffix-2,256,rust-vec,3,1048576,524288,1,1303000,18161082987856610047
normal-o3,1,8,suffix-2,256,take-swap-c,3,1048576,524288,1,3457000,18161082987856610047
normal-o3,1,8,suffix-2,256,direct-c,4,1048576,524288,1,2163000,10465188300681130965
normal-o3,1,8,suffix-2,256,reverse-c,4,1048576,524288,1,3382000,10465188300681130965
normal-o3,1,8,suffix-2,256,whitefoot,4,1048576,524288,1,2489000,10465188300681130965
normal-o3,1,8,suffix-2,256,cpp-std-vector,4,1048576,524288,1,1679000,10465188300681130965
normal-o3,1,8,suffix-2,256,rust-vec,4,1048576,524288,1,1352000,10465188300681130965
normal-o3,1,8,suffix-2,256,take-swap-c,4,1048576,524288,1,3460000,10465188300681130965
normal-o3,1,8,suffix-2,256,swap-take-c,4,1048576,524288,1,2813000,10465188300681130965
normal-o3,1,8,suffix-2,256,reverse-c,5,1048576,524288,1,3356000,2769293613505651883
normal-o3,1,8,suffix-2,256,whitefoot,5,1048576,524288,1,2375000,2769293613505651883
normal-o3,1,8,suffix-2,256,cpp-std-vector,5,1048576,524288,1,1630000,2769293613505651883
normal-o3,1,8,suffix-2,256,rust-vec,5,1048576,524288,1,1446000,2769293613505651883
normal-o3,1,8,suffix-2,256,take-swap-c,5,1048576,524288,1,3794000,2769293613505651883
normal-o3,1,8,suffix-2,256,swap-take-c,5,1048576,524288,1,3067000,2769293613505651883
normal-o3,1,8,suffix-2,256,direct-c,5,1048576,524288,1,1720000,2769293613505651883
normal-o3,1,8,suffix-2,256,whitefoot,6,1048576,524288,1,3762000,13520143000039724417
normal-o3,1,8,suffix-2,256,cpp-std-vector,6,1048576,524288,1,2198000,13520143000039724417
normal-o3,1,8,suffix-2,256,rust-vec,6,1048576,524288,1,1724000,13520143000039724417
normal-o3,1,8,suffix-2,256,take-swap-c,6,1048576,524288,1,3720000,13520143000039724417
normal-o3,1,8,suffix-2,256,swap-take-c,6,1048576,524288,1,3588000,13520143000039724417
normal-o3,1,8,suffix-2,256,direct-c,6,1048576,524288,1,2219000,13520143000039724417
normal-o3,1,8,suffix-2,256,reverse-c,6,1048576,524288,1,3507000,13520143000039724417
normal-o3,1,8,suffix-2,4096,cpp-std-vector,0,1048576,524288,1,1699000,16133918569289551357
normal-o3,1,8,suffix-2,4096,rust-vec,0,1048576,524288,1,1312000,16133918569289551357
normal-o3,1,8,suffix-2,4096,take-swap-c,0,1048576,524288,1,3355000,16133918569289551357
normal-o3,1,8,suffix-2,4096,swap-take-c,0,1048576,524288,1,2882000,16133918569289551357
normal-o3,1,8,suffix-2,4096,direct-c,0,1048576,524288,1,2617000,16133918569289551357
normal-o3,1,8,suffix-2,4096,reverse-c,0,1048576,524288,1,3222000,16133918569289551357
normal-o3,1,8,suffix-2,4096,whitefoot,0,1048576,524288,1,2440000,16133918569289551357
normal-o3,1,8,suffix-2,4096,rust-vec,1,1048576,524288,1,1452000,17698322704188874963
normal-o3,1,8,suffix-2,4096,take-swap-c,1,1048576,524288,1,3471000,17698322704188874963
normal-o3,1,8,suffix-2,4096,swap-take-c,1,1048576,524288,1,2877000,17698322704188874963
normal-o3,1,8,suffix-2,4096,direct-c,1,1048576,524288,1,2798000,17698322704188874963
normal-o3,1,8,suffix-2,4096,reverse-c,1,1048576,524288,1,3306000,17698322704188874963
normal-o3,1,8,suffix-2,4096,whitefoot,1,1048576,524288,1,2383000,17698322704188874963
normal-o3,1,8,suffix-2,4096,cpp-std-vector,1,1048576,524288,1,1703000,17698322704188874963
normal-o3,1,8,suffix-2,4096,take-swap-c,2,1048576,524288,1,3353000,815982765378646953
normal-o3,1,8,suffix-2,4096,swap-take-c,2,1048576,524288,1,2922000,815982765378646953
normal-o3,1,8,suffix-2,4096,direct-c,2,1048576,524288,1,2661000,815982765378646953
normal-o3,1,8,suffix-2,4096,reverse-c,2,1048576,524288,1,3266000,815982765378646953
normal-o3,1,8,suffix-2,4096,whitefoot,2,1048576,524288,1,2383000,815982765378646953
normal-o3,1,8,suffix-2,4096,cpp-std-vector,2,1048576,524288,1,1633000,815982765378646953
normal-o3,1,8,suffix-2,4096,rust-vec,2,1048576,524288,1,1305000,815982765378646953
normal-o3,1,8,suffix-2,4096,swap-take-c,3,1048576,524288,1,2886000,2380386900277970559
normal-o3,1,8,suffix-2,4096,direct-c,3,1048576,524288,1,2379000,2380386900277970559
normal-o3,1,8,suffix-2,4096,reverse-c,3,1048576,524288,1,3442000,2380386900277970559
normal-o3,1,8,suffix-2,4096,whitefoot,3,1048576,524288,1,2525000,2380386900277970559
normal-o3,1,8,suffix-2,4096,cpp-std-vector,3,1048576,524288,1,1640000,2380386900277970559
normal-o3,1,8,suffix-2,4096,rust-vec,3,1048576,524288,1,1343000,2380386900277970559
normal-o3,1,8,suffix-2,4096,take-swap-c,3,1048576,524288,1,3638000,2380386900277970559
normal-o3,1,8,suffix-2,4096,direct-c,4,1048576,524288,1,3489000,3944791035177294165
normal-o3,1,8,suffix-2,4096,reverse-c,4,1048576,524288,1,3375000,3944791035177294165
normal-o3,1,8,suffix-2,4096,whitefoot,4,1048576,524288,1,2437000,3944791035177294165
normal-o3,1,8,suffix-2,4096,cpp-std-vector,4,1048576,524288,1,1659000,3944791035177294165
normal-o3,1,8,suffix-2,4096,rust-vec,4,1048576,524288,1,1309000,3944791035177294165
normal-o3,1,8,suffix-2,4096,take-swap-c,4,1048576,524288,1,3359000,3944791035177294165
normal-o3,1,8,suffix-2,4096,swap-take-c,4,1048576,524288,1,2924000,3944791035177294165
normal-o3,1,8,suffix-2,4096,reverse-c,5,1048576,524288,1,3226000,5509195170076617771
normal-o3,1,8,suffix-2,4096,whitefoot,5,1048576,524288,1,2375000,5509195170076617771
normal-o3,1,8,suffix-2,4096,cpp-std-vector,5,1048576,524288,1,1694000,5509195170076617771
normal-o3,1,8,suffix-2,4096,rust-vec,5,1048576,524288,1,1311000,5509195170076617771
normal-o3,1,8,suffix-2,4096,take-swap-c,5,1048576,524288,1,3246000,5509195170076617771
normal-o3,1,8,suffix-2,4096,swap-take-c,5,1048576,524288,1,2836000,5509195170076617771
normal-o3,1,8,suffix-2,4096,direct-c,5,1048576,524288,1,2946000,5509195170076617771
normal-o3,1,8,suffix-2,4096,whitefoot,6,1048576,524288,1,2425000,7073599304975941377
normal-o3,1,8,suffix-2,4096,cpp-std-vector,6,1048576,524288,1,1634000,7073599304975941377
normal-o3,1,8,suffix-2,4096,rust-vec,6,1048576,524288,1,1321000,7073599304975941377
normal-o3,1,8,suffix-2,4096,take-swap-c,6,1048576,524288,1,3533000,7073599304975941377
normal-o3,1,8,suffix-2,4096,swap-take-c,6,1048576,524288,1,2845000,7073599304975941377
normal-o3,1,8,suffix-2,4096,direct-c,6,1048576,524288,1,1929000,7073599304975941377
normal-o3,1,8,suffix-2,4096,reverse-c,6,1048576,524288,1,3622000,7073599304975941377
normal-o3,1,8,suffix-3,16,cpp-std-vector,0,1048576,349525,1,2083000,3578158727730397437
normal-o3,1,8,suffix-3,16,rust-vec,0,1048576,349525,1,1304000,3578158727730397437
normal-o3,1,8,suffix-3,16,take-swap-c,0,1048576,349525,1,2284000,3578158727730397437
normal-o3,1,8,suffix-3,16,swap-take-c,0,1048576,349525,1,2347000,3578158727730397437
normal-o3,1,8,suffix-3,16,direct-c,0,1048576,349525,1,1534000,3578158727730397437
normal-o3,1,8,suffix-3,16,reverse-c,0,1048576,349525,1,2666000,3578158727730397437
normal-o3,1,8,suffix-3,16,whitefoot,0,1048576,349525,1,1889000,3578158727730397437
normal-o3,1,8,suffix-3,16,rust-vec,1,1048576,349525,1,1304000,10503294698975091330
normal-o3,1,8,suffix-3,16,take-swap-c,1,1048576,349525,1,2383000,10503294698975091330
normal-o3,1,8,suffix-3,16,swap-take-c,1,1048576,349525,1,2391000,10503294698975091330
normal-o3,1,8,suffix-3,16,direct-c,1,1048576,349525,1,1356000,10503294698975091330
normal-o3,1,8,suffix-3,16,reverse-c,1,1048576,349525,1,2492000,10503294698975091330
normal-o3,1,8,suffix-3,16,whitefoot,1,1048576,349525,1,1916000,10503294698975091330
normal-o3,1,8,suffix-3,16,cpp-std-vector,1,1048576,349525,1,1929000,10503294698975091330
normal-o3,1,8,suffix-3,16,take-swap-c,2,1048576,349525,1,2337000,17428430670219785223
normal-o3,1,8,suffix-3,16,swap-take-c,2,1048576,349525,1,2279000,17428430670219785223
normal-o3,1,8,suffix-3,16,direct-c,2,1048576,349525,1,1372000,17428430670219785223
normal-o3,1,8,suffix-3,16,reverse-c,2,1048576,349525,1,2504000,17428430670219785223
normal-o3,1,8,suffix-3,16,whitefoot,2,1048576,349525,1,1899000,17428430670219785223
normal-o3,1,8,suffix-3,16,cpp-std-vector,2,1048576,349525,1,1781000,17428430670219785223
normal-o3,1,8,suffix-3,16,rust-vec,2,1048576,349525,1,1457000,17428430670219785223
normal-o3,1,8,suffix-3,16,swap-take-c,3,1048576,349525,1,2210000,5906822567754927500
normal-o3,1,8,suffix-3,16,direct-c,3,1048576,349525,1,1444000,5906822567754927500
normal-o3,1,8,suffix-3,16,reverse-c,3,1048576,349525,1,2496000,5906822567754927500
normal-o3,1,8,suffix-3,16,whitefoot,3,1048576,349525,1,1957000,5906822567754927500
normal-o3,1,8,suffix-3,16,cpp-std-vector,3,1048576,349525,1,1739000,5906822567754927500
normal-o3,1,8,suffix-3,16,rust-vec,3,1048576,349525,1,1314000,5906822567754927500
normal-o3,1,8,suffix-3,16,take-swap-c,3,1048576,349525,1,2290000,5906822567754927500
normal-o3,1,8,suffix-3,16,direct-c,4,1048576,349525,1,1329000,12831958538999621393
normal-o3,1,8,suffix-3,16,reverse-c,4,1048576,349525,1,2626000,12831958538999621393
normal-o3,1,8,suffix-3,16,whitefoot,4,1048576,349525,1,1909000,12831958538999621393
normal-o3,1,8,suffix-3,16,cpp-std-vector,4,1048576,349525,1,1740000,12831958538999621393
normal-o3,1,8,suffix-3,16,rust-vec,4,1048576,349525,1,1346000,12831958538999621393
normal-o3,1,8,suffix-3,16,take-swap-c,4,1048576,349525,1,2291000,12831958538999621393
normal-o3,1,8,suffix-3,16,swap-take-c,4,1048576,349525,1,2352000,12831958538999621393
normal-o3,1,8,suffix-3,16,reverse-c,5,1048576,349525,1,2498000,1310350436534763670
normal-o3,1,8,suffix-3,16,whitefoot,5,1048576,349525,1,1876000,1310350436534763670
normal-o3,1,8,suffix-3,16,cpp-std-vector,5,1048576,349525,1,1821000,1310350436534763670
normal-o3,1,8,suffix-3,16,rust-vec,5,1048576,349525,1,1319000,1310350436534763670
normal-o3,1,8,suffix-3,16,take-swap-c,5,1048576,349525,1,2362000,1310350436534763670
normal-o3,1,8,suffix-3,16,swap-take-c,5,1048576,349525,1,2224000,1310350436534763670
normal-o3,1,8,suffix-3,16,direct-c,5,1048576,349525,1,1311000,1310350436534763670
normal-o3,1,8,suffix-3,16,whitefoot,6,1048576,349525,1,1881000,8235486407779457563
normal-o3,1,8,suffix-3,16,cpp-std-vector,6,1048576,349525,1,1766000,8235486407779457563
normal-o3,1,8,suffix-3,16,rust-vec,6,1048576,349525,1,1304000,8235486407779457563
normal-o3,1,8,suffix-3,16,take-swap-c,6,1048576,349525,1,2279000,8235486407779457563
normal-o3,1,8,suffix-3,16,swap-take-c,6,1048576,349525,1,2238000,8235486407779457563
normal-o3,1,8,suffix-3,16,direct-c,6,1048576,349525,1,1369000,8235486407779457563
normal-o3,1,8,suffix-3,16,reverse-c,6,1048576,349525,1,2524000,8235486407779457563
normal-o3,1,8,suffix-3,256,cpp-std-vector,0,1048576,349525,1,1773000,17932052123014486501
normal-o3,1,8,suffix-3,256,rust-vec,0,1048576,349525,1,1330000,17932052123014486501
normal-o3,1,8,suffix-3,256,take-swap-c,0,1048576,349525,1,2558000,17932052123014486501
normal-o3,1,8,suffix-3,256,swap-take-c,0,1048576,349525,1,2262000,17932052123014486501
normal-o3,1,8,suffix-3,256,direct-c,0,1048576,349525,1,1398000,17932052123014486501
normal-o3,1,8,suffix-3,256,reverse-c,0,1048576,349525,1,2559000,17932052123014486501
normal-o3,1,8,suffix-3,256,whitefoot,0,1048576,349525,1,1936000,17932052123014486501
normal-o3,1,8,suffix-3,256,rust-vec,1,1048576,349525,1,1300000,6179702327257408202
normal-o3,1,8,suffix-3,256,take-swap-c,1,1048576,349525,1,2292000,6179702327257408202
normal-o3,1,8,suffix-3,256,swap-take-c,1,1048576,349525,1,2214000,6179702327257408202
normal-o3,1,8,suffix-3,256,direct-c,1,1048576,349525,1,1380000,6179702327257408202
normal-o3,1,8,suffix-3,256,reverse-c,1,1048576,349525,1,2564000,6179702327257408202
normal-o3,1,8,suffix-3,256,whitefoot,1,1048576,349525,1,1922000,6179702327257408202
normal-o3,1,8,suffix-3,256,cpp-std-vector,1,1048576,349525,1,1764000,6179702327257408202
normal-o3,1,8,suffix-3,256,take-swap-c,2,1048576,349525,1,2287000,12874096605209881519
normal-o3,1,8,suffix-3,256,swap-take-c,2,1048576,349525,1,2254000,12874096605209881519
normal-o3,1,8,suffix-3,256,direct-c,2,1048576,349525,1,1433000,12874096605209881519
normal-o3,1,8,suffix-3,256,reverse-c,2,1048576,349525,1,2612000,12874096605209881519
normal-o3,1,8,suffix-3,256,whitefoot,2,1048576,349525,1,1990000,12874096605209881519
normal-o3,1,8,suffix-3,256,cpp-std-vector,2,1048576,349525,1,1771000,12874096605209881519
normal-o3,1,8,suffix-3,256,rust-vec,2,1048576,349525,1,1304000,12874096605209881519
normal-o3,1,8,suffix-3,256,swap-take-c,3,1048576,349525,1,2273000,1121746809452803220
normal-o3,1,8,suffix-3,256,direct-c,3,1048576,349525,1,1392000,1121746809452803220
normal-o3,1,8,suffix-3,256,reverse-c,3,1048576,349525,1,2558000,1121746809452803220
normal-o3,1,8,suffix-3,256,whitefoot,3,1048576,349525,1,1950000,1121746809452803220
normal-o3,1,8,suffix-3,256,cpp-std-vector,3,1048576,349525,1,1752000,1121746809452803220
normal-o3,1,8,suffix-3,256,rust-vec,3,1048576,349525,1,1315000,1121746809452803220
normal-o3,1,8,suffix-3,256,take-swap-c,3,1048576,349525,1,2654000,1121746809452803220
normal-o3,1,8,suffix-3,256,direct-c,4,1048576,349525,1,1389000,7816141087405276537
normal-o3,1,8,suffix-3,256,reverse-c,4,1048576,349525,1,2550000,7816141087405276537
normal-o3,1,8,suffix-3,256,whitefoot,4,1048576,349525,1,2239000,7816141087405276537
normal-o3,1,8,suffix-3,256,cpp-std-vector,4,1048576,349525,1,1764000,7816141087405276537
normal-o3,1,8,suffix-3,256,rust-vec,4,1048576,349525,1,1302000,7816141087405276537
normal-o3,1,8,suffix-3,256,take-swap-c,4,1048576,349525,1,2539000,7816141087405276537
normal-o3,1,8,suffix-3,256,swap-take-c,4,1048576,349525,1,2407000,7816141087405276537
normal-o3,1,8,suffix-3,256,reverse-c,5,1048576,349525,1,2603000,14510535365357749854
normal-o3,1,8,suffix-3,256,whitefoot,5,1048576,349525,1,2022000,14510535365357749854
normal-o3,1,8,suffix-3,256,cpp-std-vector,5,1048576,349525,1,1735000,14510535365357749854
normal-o3,1,8,suffix-3,256,rust-vec,5,1048576,349525,1,1557000,14510535365357749854
normal-o3,1,8,suffix-3,256,take-swap-c,5,1048576,349525,1,2678000,14510535365357749854
normal-o3,1,8,suffix-3,256,swap-take-c,5,1048576,349525,1,2838000,14510535365357749854
normal-o3,1,8,suffix-3,256,direct-c,5,1048576,349525,1,1446000,14510535365357749854
normal-o3,1,8,suffix-3,256,whitefoot,6,1048576,349525,1,1944000,2758185569600671555
normal-o3,1,8,suffix-3,256,cpp-std-vector,6,1048576,349525,1,1769000,2758185569600671555
normal-o3,1,8,suffix-3,256,rust-vec,6,1048576,349525,1,1301000,2758185569600671555
normal-o3,1,8,suffix-3,256,take-swap-c,6,1048576,349525,1,2404000,2758185569600671555
normal-o3,1,8,suffix-3,256,swap-take-c,6,1048576,349525,1,2279000,2758185569600671555
normal-o3,1,8,suffix-3,256,direct-c,6,1048576,349525,1,1379000,2758185569600671555
normal-o3,1,8,suffix-3,256,reverse-c,6,1048576,349525,1,2618000,2758185569600671555
normal-o3,1,8,suffix-3,4096,cpp-std-vector,0,1048576,349525,1,1866000,13042235847276202085
normal-o3,1,8,suffix-3,4096,rust-vec,0,1048576,349525,1,1314000,13042235847276202085
normal-o3,1,8,suffix-3,4096,take-swap-c,0,1048576,349525,1,2308000,13042235847276202085
normal-o3,1,8,suffix-3,4096,swap-take-c,0,1048576,349525,1,2269000,13042235847276202085
normal-o3,1,8,suffix-3,4096,direct-c,0,1048576,349525,1,1385000,13042235847276202085
normal-o3,1,8,suffix-3,4096,reverse-c,0,1048576,349525,1,2601000,13042235847276202085
normal-o3,1,8,suffix-3,4096,whitefoot,0,1048576,349525,1,1948000,13042235847276202085
normal-o3,1,8,suffix-3,4096,rust-vec,1,1048576,349525,1,1318000,12907392256605062986
normal-o3,1,8,suffix-3,4096,take-swap-c,1,1048576,349525,1,2323000,12907392256605062986
normal-o3,1,8,suffix-3,4096,swap-take-c,1,1048576,349525,1,2264000,12907392256605062986
normal-o3,1,8,suffix-3,4096,direct-c,1,1048576,349525,1,1361000,12907392256605062986
normal-o3,1,8,suffix-3,4096,reverse-c,1,1048576,349525,1,2596000,12907392256605062986
normal-o3,1,8,suffix-3,4096,whitefoot,1,1048576,349525,1,1939000,12907392256605062986
normal-o3,1,8,suffix-3,4096,cpp-std-vector,1,1048576,349525,1,1754000,12907392256605062986
normal-o3,1,8,suffix-3,4096,take-swap-c,2,1048576,349525,1,2546000,12772548665933923887
normal-o3,1,8,suffix-3,4096,swap-take-c,2,1048576,349525,1,2249000,12772548665933923887
normal-o3,1,8,suffix-3,4096,direct-c,2,1048576,349525,1,1372000,12772548665933923887
normal-o3,1,8,suffix-3,4096,reverse-c,2,1048576,349525,1,2560000,12772548665933923887
normal-o3,1,8,suffix-3,4096,whitefoot,2,1048576,349525,1,1945000,12772548665933923887
normal-o3,1,8,suffix-3,4096,cpp-std-vector,2,1048576,349525,1,1842000,12772548665933923887
normal-o3,1,8,suffix-3,4096,rust-vec,2,1048576,349525,1,1309000,12772548665933923887
normal-o3,1,8,suffix-3,4096,swap-take-c,3,1048576,349525,1,2263000,12637705075262784788
normal-o3,1,8,suffix-3,4096,direct-c,3,1048576,349525,1,1403000,12637705075262784788
normal-o3,1,8,suffix-3,4096,reverse-c,3,1048576,349525,1,2565000,12637705075262784788
normal-o3,1,8,suffix-3,4096,whitefoot,3,1048576,349525,1,1929000,12637705075262784788
normal-o3,1,8,suffix-3,4096,cpp-std-vector,3,1048576,349525,1,1756000,12637705075262784788
normal-o3,1,8,suffix-3,4096,rust-vec,3,1048576,349525,1,1308000,12637705075262784788
normal-o3,1,8,suffix-3,4096,take-swap-c,3,1048576,349525,1,2556000,12637705075262784788
normal-o3,1,8,suffix-3,4096,direct-c,4,1048576,349525,1,1451000,12502861484591645689
normal-o3,1,8,suffix-3,4096,reverse-c,4,1048576,349525,1,2722000,12502861484591645689
normal-o3,1,8,suffix-3,4096,whitefoot,4,1048576,349525,1,2064000,12502861484591645689
normal-o3,1,8,suffix-3,4096,cpp-std-vector,4,1048576,349525,1,1894000,12502861484591645689
normal-o3,1,8,suffix-3,4096,rust-vec,4,1048576,349525,1,1362000,12502861484591645689
normal-o3,1,8,suffix-3,4096,take-swap-c,4,1048576,349525,1,2523000,12502861484591645689
normal-o3,1,8,suffix-3,4096,swap-take-c,4,1048576,349525,1,2277000,12502861484591645689
normal-o3,1,8,suffix-3,4096,reverse-c,5,1048576,349525,1,2638000,12368017893920506590
normal-o3,1,8,suffix-3,4096,whitefoot,5,1048576,349525,1,2032000,12368017893920506590
normal-o3,1,8,suffix-3,4096,cpp-std-vector,5,1048576,349525,1,1817000,12368017893920506590
normal-o3,1,8,suffix-3,4096,rust-vec,5,1048576,349525,1,1356000,12368017893920506590
normal-o3,1,8,suffix-3,4096,take-swap-c,5,1048576,349525,1,2537000,12368017893920506590
normal-o3,1,8,suffix-3,4096,swap-take-c,5,1048576,349525,1,2383000,12368017893920506590
normal-o3,1,8,suffix-3,4096,direct-c,5,1048576,349525,1,1457000,12368017893920506590
normal-o3,1,8,suffix-3,4096,whitefoot,6,1048576,349525,1,2016000,12233174303249367491
normal-o3,1,8,suffix-3,4096,cpp-std-vector,6,1048576,349525,1,1797000,12233174303249367491
normal-o3,1,8,suffix-3,4096,rust-vec,6,1048576,349525,1,1390000,12233174303249367491
normal-o3,1,8,suffix-3,4096,take-swap-c,6,1048576,349525,1,2520000,12233174303249367491
normal-o3,1,8,suffix-3,4096,swap-take-c,6,1048576,349525,1,2334000,12233174303249367491
normal-o3,1,8,suffix-3,4096,direct-c,6,1048576,349525,1,1481000,12233174303249367491
normal-o3,1,8,suffix-3,4096,reverse-c,6,1048576,349525,1,2698000,12233174303249367491
normal-o3,1,256,reserved,16,cpp-std-vector,0,1048576,65536,1,44392000,16095999890136793189
normal-o3,1,256,reserved,16,rust-vec,0,1048576,65536,1,42965000,16095999890136793189
normal-o3,1,256,reserved,16,take-swap-c,0,1048576,65536,1,46599000,16095999890136793189
normal-o3,1,256,reserved,16,swap-take-c,0,1048576,65536,1,52083000,16095999890136793189
normal-o3,1,256,reserved,16,direct-c,0,1048576,65536,1,46563000,16095999890136793189
normal-o3,1,256,reserved,16,reverse-c,0,1048576,65536,1,50590000,16095999890136793189
normal-o3,1,256,reserved,16,whitefoot,0,1048576,65536,1,43328000,16095999890136793189
normal-o3,1,256,reserved,16,rust-vec,1,1048576,65536,1,42445000,10905710204835692646
normal-o3,1,256,reserved,16,take-swap-c,1,1048576,65536,1,47356000,10905710204835692646
normal-o3,1,256,reserved,16,swap-take-c,1,1048576,65536,1,50053000,10905710204835692646
normal-o3,1,256,reserved,16,direct-c,1,1048576,65536,1,46264000,10905710204835692646
normal-o3,1,256,reserved,16,reverse-c,1,1048576,65536,1,50341000,10905710204835692646
normal-o3,1,256,reserved,16,whitefoot,1,1048576,65536,1,42580000,10905710204835692646
normal-o3,1,256,reserved,16,cpp-std-vector,1,1048576,65536,1,45148000,10905710204835692646
normal-o3,1,256,reserved,16,take-swap-c,2,1048576,65536,1,46229000,1136678281099509863
normal-o3,1,256,reserved,16,swap-take-c,2,1048576,65536,1,49728000,1136678281099509863
normal-o3,1,256,reserved,16,direct-c,2,1048576,65536,1,46108000,1136678281099509863
normal-o3,1,256,reserved,16,reverse-c,2,1048576,65536,1,51763000,1136678281099509863
normal-o3,1,256,reserved,16,whitefoot,2,1048576,65536,1,43772000,1136678281099509863
normal-o3,1,256,reserved,16,cpp-std-vector,2,1048576,65536,1,44719000,1136678281099509863
normal-o3,1,256,reserved,16,rust-vec,2,1048576,65536,1,41576000,1136678281099509863
normal-o3,1,256,reserved,16,swap-take-c,3,1048576,65536,1,49541000,1916000061831479400
normal-o3,1,256,reserved,16,direct-c,3,1048576,65536,1,45931000,1916000061831479400
normal-o3,1,256,reserved,16,reverse-c,3,1048576,65536,1,50268000,1916000061831479400
normal-o3,1,256,reserved,16,whitefoot,3,1048576,65536,1,42653000,1916000061831479400
normal-o3,1,256,reserved,16,cpp-std-vector,3,1048576,65536,1,44473000,1916000061831479400
normal-o3,1,256,reserved,16,rust-vec,3,1048576,65536,1,41528000,1916000061831479400
normal-o3,1,256,reserved,16,take-swap-c,3,1048576,65536,1,46231000,1916000061831479400
normal-o3,1,256,reserved,16,direct-c,4,1048576,65536,1,46130000,317124334665105513
normal-o3,1,256,reserved,16,reverse-c,4,1048576,65536,1,50259000,317124334665105513
normal-o3,1,256,reserved,16,whitefoot,4,1048576,65536,1,42907000,317124334665105513
normal-o3,1,256,reserved,16,cpp-std-vector,4,1048576,65536,1,44670000,317124334665105513
normal-o3,1,256,reserved,16,rust-vec,4,1048576,65536,1,41627000,317124334665105513
normal-o3,1,256,reserved,16,take-swap-c,4,1048576,65536,1,46298000,317124334665105513
normal-o3,1,256,reserved,16,swap-take-c,4,1048576,65536,1,50507000,317124334665105513
normal-o3,1,256,reserved,16,reverse-c,5,1048576,65536,1,50570000,16344508304658628714
normal-o3,1,256,reserved,16,whitefoot,5,1048576,65536,1,42580000,16344508304658628714
normal-o3,1,256,reserved,16,cpp-std-vector,5,1048576,65536,1,46356000,16344508304658628714
normal-o3,1,256,reserved,16,rust-vec,5,1048576,65536,1,47480000,16344508304658628714
normal-o3,1,256,reserved,16,take-swap-c,5,1048576,65536,1,46925000,16344508304658628714
normal-o3,1,256,reserved,16,swap-take-c,5,1048576,65536,1,50365000,16344508304658628714
normal-o3,1,256,reserved,16,direct-c,5,1048576,65536,1,46590000,16344508304658628714
normal-o3,1,256,reserved,16,whitefoot,6,1048576,65536,1,44337000,17728104047323021419
normal-o3,1,256,reserved,16,cpp-std-vector,6,1048576,65536,1,44872000,17728104047323021419
normal-o3,1,256,reserved,16,rust-vec,6,1048576,65536,1,42191000,17728104047323021419
normal-o3,1,256,reserved,16,take-swap-c,6,1048576,65536,1,47673000,17728104047323021419
normal-o3,1,256,reserved,16,swap-take-c,6,1048576,65536,1,49760000,17728104047323021419
normal-o3,1,256,reserved,16,direct-c,6,1048576,65536,1,46327000,17728104047323021419
normal-o3,1,256,reserved,16,reverse-c,6,1048576,65536,1,52146000,17728104047323021419
normal-o3,1,256,reserved,256,cpp-std-vector,0,1048576,4096,1,42010000,5774473182449584229
normal-o3,1,256,reserved,256,rust-vec,0,1048576,4096,1,39507000,5774473182449584229
normal-o3,1,256,reserved,256,take-swap-c,0,1048576,4096,1,43250000,5774473182449584229
normal-o3,1,256,reserved,256,swap-take-c,0,1048576,4096,1,44380000,5774473182449584229
normal-o3,1,256,reserved,256,direct-c,0,1048576,4096,1,41393000,5774473182449584229
normal-o3,1,256,reserved,256,reverse-c,0,1048576,4096,1,47681000,5774473182449584229
normal-o3,1,256,reserved,256,whitefoot,0,1048576,4096,1,39729000,5774473182449584229
normal-o3,1,256,reserved,256,rust-vec,1,1048576,4096,1,40137000,730816566922926182
normal-o3,1,256,reserved,256,take-swap-c,1,1048576,4096,1,42498000,730816566922926182
normal-o3,1,256,reserved,256,swap-take-c,1,1048576,4096,1,43827000,730816566922926182
normal-o3,1,256,reserved,256,direct-c,1,1048576,4096,1,41084000,730816566922926182
normal-o3,1,256,reserved,256,reverse-c,1,1048576,4096,1,46706000,730816566922926182
normal-o3,1,256,reserved,256,whitefoot,1,1048576,4096,1,39207000,730816566922926182
normal-o3,1,256,reserved,256,cpp-std-vector,1,1048576,4096,1,41939000,730816566922926182
normal-o3,1,256,reserved,256,take-swap-c,2,1048576,4096,1,41575000,3951699326411303015
normal-o3,1,256,reserved,256,swap-take-c,2,1048576,4096,1,43631000,3951699326411303015
normal-o3,1,256,reserved,256,direct-c,2,1048576,4096,1,41027000,3951699326411303015
normal-o3,1,256,reserved,256,reverse-c,2,1048576,4096,1,46774000,3951699326411303015
normal-o3,1,256,reserved,256,whitefoot,2,1048576,4096,1,39368000,3951699326411303015
normal-o3,1,256,reserved,256,cpp-std-vector,2,1048576,4096,1,41994000,3951699326411303015
normal-o3,1,256,reserved,256,rust-vec,2,1048576,4096,1,39232000,3951699326411303015
normal-o3,1,256,reserved,256,swap-take-c,3,1048576,4096,1,43798000,4669976213855500392
normal-o3,1,256,reserved,256,direct-c,3,1048576,4096,1,41096000,4669976213855500392
normal-o3,1,256,reserved,256,reverse-c,3,1048576,4096,1,47146000,4669976213855500392
normal-o3,1,256,reserved,256,whitefoot,3,1048576,4096,1,39747000,4669976213855500392
normal-o3,1,256,reserved,256,cpp-std-vector,3,1048576,4096,1,42001000,4669976213855500392
normal-o3,1,256,reserved,256,rust-vec,3,1048576,4096,1,39118000,4669976213855500392
normal-o3,1,256,reserved,256,take-swap-c,3,1048576,4096,1,41759000,4669976213855500392
normal-o3,1,256,reserved,256,direct-c,4,1048576,4096,1,42122000,4748812814999455849
normal-o3,1,256,reserved,256,reverse-c,4,1048576,4096,1,50208000,4748812814999455849
normal-o3,1,256,reserved,256,whitefoot,4,1048576,4096,1,41707000,4748812814999455849
normal-o3,1,256,reserved,256,cpp-std-vector,4,1048576,4096,1,43001000,4748812814999455849
normal-o3,1,256,reserved,256,rust-vec,4,1048576,4096,1,39685000,4748812814999455849
normal-o3,1,256,reserved,256,take-swap-c,4,1048576,4096,1,42617000,4748812814999455849
normal-o3,1,256,reserved,256,swap-take-c,4,1048576,4096,1,45142000,4748812814999455849
normal-o3,1,256,reserved,256,reverse-c,5,1048576,4096,1,48073000,9617966251147630698
normal-o3,1,256,reserved,256,whitefoot,5,1048576,4096,1,39975000,9617966251147630698
normal-o3,1,256,reserved,256,cpp-std-vector,5,1048576,4096,1,43114000,9617966251147630698
normal-o3,1,256,reserved,256,rust-vec,5,1048576,4096,1,39803000,9617966251147630698
normal-o3,1,256,reserved,256,take-swap-c,5,1048576,4096,1,42108000,9617966251147630698
normal-o3,1,256,reserved,256,swap-take-c,5,1048576,4096,1,45909000,9617966251147630698
normal-o3,1,256,reserved,256,direct-c,5,1048576,4096,1,43352000,9617966251147630698
normal-o3,1,256,reserved,256,whitefoot,6,1048576,4096,1,40486000,14780350119149938795
normal-o3,1,256,reserved,256,cpp-std-vector,6,1048576,4096,1,42461000,14780350119149938795
normal-o3,1,256,reserved,256,rust-vec,6,1048576,4096,1,39939000,14780350119149938795
normal-o3,1,256,reserved,256,take-swap-c,6,1048576,4096,1,42137000,14780350119149938795
normal-o3,1,256,reserved,256,swap-take-c,6,1048576,4096,1,44188000,14780350119149938795
normal-o3,1,256,reserved,256,direct-c,6,1048576,4096,1,41593000,14780350119149938795
normal-o3,1,256,reserved,256,reverse-c,6,1048576,4096,1,46873000,14780350119149938795
normal-o3,1,256,reserved,4096,cpp-std-vector,0,1048576,256,1,45739000,7990118519889974501
normal-o3,1,256,reserved,4096,rust-vec,0,1048576,256,1,41379000,7990118519889974501
normal-o3,1,256,reserved,4096,take-swap-c,0,1048576,256,1,43427000,7990118519889974501
normal-o3,1,256,reserved,4096,swap-take-c,0,1048576,256,1,45375000,7990118519889974501
normal-o3,1,256,reserved,4096,direct-c,0,1048576,256,1,43040000,7990118519889974501
normal-o3,1,256,reserved,4096,reverse-c,0,1048576,256,1,49641000,7990118519889974501
normal-o3,1,256,reserved,4096,whitefoot,0,1048576,256,1,40829000,7990118519889974501
normal-o3,1,256,reserved,4096,rust-vec,1,1048576,256,1,41019000,10660244701728609766
normal-o3,1,256,reserved,4096,take-swap-c,1,1048576,256,1,43337000,10660244701728609766
normal-o3,1,256,reserved,4096,swap-take-c,1,1048576,256,1,45553000,10660244701728609766
normal-o3,1,256,reserved,4096,direct-c,1,1048576,256,1,43073000,10660244701728609766
normal-o3,1,256,reserved,4096,reverse-c,1,1048576,256,1,50041000,10660244701728609766
normal-o3,1,256,reserved,4096,whitefoot,1,1048576,256,1,41507000,10660244701728609766
normal-o3,1,256,reserved,4096,cpp-std-vector,1,1048576,256,1,43760000,10660244701728609766
normal-o3,1,256,reserved,4096,take-swap-c,2,1048576,256,1,43455000,3495536164771485415
normal-o3,1,256,reserved,4096,swap-take-c,2,1048576,256,1,45557000,3495536164771485415
normal-o3,1,256,reserved,4096,direct-c,2,1048576,256,1,43081000,3495536164771485415
normal-o3,1,256,reserved,4096,reverse-c,2,1048576,256,1,49632000,3495536164771485415
normal-o3,1,256,reserved,4096,whitefoot,2,1048576,256,1,40972000,3495536164771485415
normal-o3,1,256,reserved,4096,cpp-std-vector,2,1048576,256,1,43537000,3495536164771485415
normal-o3,1,256,reserved,4096,rust-vec,2,1048576,256,1,41055000,3495536164771485415
normal-o3,1,256,reserved,4096,swap-take-c,3,1048576,256,1,46615000,15148529761215748072
normal-o3,1,256,reserved,4096,direct-c,3,1048576,256,1,43602000,15148529761215748072
normal-o3,1,256,reserved,4096,reverse-c,3,1048576,256,1,49654000,15148529761215748072
normal-o3,1,256,reserved,4096,whitefoot,3,1048576,256,1,40852000,15148529761215748072
normal-o3,1,256,reserved,4096,cpp-std-vector,3,1048576,256,1,43669000,15148529761215748072
normal-o3,1,256,reserved,4096,rust-vec,3,1048576,256,1,41024000,15148529761215748072
normal-o3,1,256,reserved,4096,take-swap-c,3,1048576,256,1,43515000,15148529761215748072
normal-o3,1,256,reserved,4096,direct-c,4,1048576,256,1,43127000,9298652180223940841
normal-o3,1,256,reserved,4096,reverse-c,4,1048576,256,1,49670000,9298652180223940841
normal-o3,1,256,reserved,4096,whitefoot,4,1048576,256,1,40866000,9298652180223940841
normal-o3,1,256,reserved,4096,cpp-std-vector,4,1048576,256,1,43747000,9298652180223940841
normal-o3,1,256,reserved,4096,rust-vec,4,1048576,256,1,41046000,9298652180223940841
normal-o3,1,256,reserved,4096,take-swap-c,4,1048576,256,1,43422000,9298652180223940841
normal-o3,1,256,reserved,4096,swap-take-c,4,1048576,256,1,45467000,9298652180223940841
normal-o3,1,256,reserved,4096,reverse-c,5,1048576,256,1,49671000,8375064059273222634
normal-o3,1,256,reserved,4096,whitefoot,5,1048576,256,1,41064000,8375064059273222634
normal-o3,1,256,reserved,4096,cpp-std-vector,5,1048576,256,1,43678000,8375064059273222634
normal-o3,1,256,reserved,4096,rust-vec,5,1048576,256,1,40968000,8375064059273222634
normal-o3,1,256,reserved,4096,take-swap-c,5,1048576,256,1,43203000,8375064059273222634
normal-o3,1,256,reserved,4096,swap-take-c,5,1048576,256,1,45306000,8375064059273222634
normal-o3,1,256,reserved,4096,direct-c,5,1048576,256,1,44365000,8375064059273222634
normal-o3,1,256,reserved,4096,whitefoot,6,1048576,256,1,40951000,18409727464639388395
normal-o3,1,256,reserved,4096,cpp-std-vector,6,1048576,256,1,43705000,18409727464639388395
normal-o3,1,256,reserved,4096,rust-vec,6,1048576,256,1,41544000,18409727464639388395
normal-o3,1,256,reserved,4096,take-swap-c,6,1048576,256,1,43324000,18409727464639388395
normal-o3,1,256,reserved,4096,swap-take-c,6,1048576,256,1,45320000,18409727464639388395
normal-o3,1,256,reserved,4096,direct-c,6,1048576,256,1,42969000,18409727464639388395
normal-o3,1,256,reserved,4096,reverse-c,6,1048576,256,1,49753000,18409727464639388395
normal-o3,1,256,growth,16,cpp-std-vector,0,1048576,65536,1,59061000,16095999890136793189
normal-o3,1,256,growth,16,rust-vec,0,1048576,65536,1,56497000,16095999890136793189
normal-o3,1,256,growth,16,take-swap-c,0,1048576,65536,1,62613000,16095999890136793189
normal-o3,1,256,growth,16,swap-take-c,0,1048576,65536,1,66516000,16095999890136793189
normal-o3,1,256,growth,16,direct-c,0,1048576,65536,1,61840000,16095999890136793189
normal-o3,1,256,growth,16,reverse-c,0,1048576,65536,1,66636000,16095999890136793189
normal-o3,1,256,growth,16,whitefoot,0,1048576,65536,1,59529000,16095999890136793189
normal-o3,1,256,growth,16,rust-vec,1,1048576,65536,1,56488000,10905710204835692646
normal-o3,1,256,growth,16,take-swap-c,1,1048576,65536,1,64230000,10905710204835692646
normal-o3,1,256,growth,16,swap-take-c,1,1048576,65536,1,67325000,10905710204835692646
normal-o3,1,256,growth,16,direct-c,1,1048576,65536,1,61976000,10905710204835692646
normal-o3,1,256,growth,16,reverse-c,1,1048576,65536,1,67067000,10905710204835692646
normal-o3,1,256,growth,16,whitefoot,1,1048576,65536,1,59850000,10905710204835692646
normal-o3,1,256,growth,16,cpp-std-vector,1,1048576,65536,1,58755000,10905710204835692646
normal-o3,1,256,growth,16,take-swap-c,2,1048576,65536,1,62861000,1136678281099509863
normal-o3,1,256,growth,16,swap-take-c,2,1048576,65536,1,66799000,1136678281099509863
normal-o3,1,256,growth,16,direct-c,2,1048576,65536,1,61807000,1136678281099509863
normal-o3,1,256,growth,16,reverse-c,2,1048576,65536,1,66883000,1136678281099509863
normal-o3,1,256,growth,16,whitefoot,2,1048576,65536,1,59820000,1136678281099509863
normal-o3,1,256,growth,16,cpp-std-vector,2,1048576,65536,1,59269000,1136678281099509863
normal-o3,1,256,growth,16,rust-vec,2,1048576,65536,1,56394000,1136678281099509863
normal-o3,1,256,growth,16,swap-take-c,3,1048576,65536,1,66335000,1916000061831479400
normal-o3,1,256,growth,16,direct-c,3,1048576,65536,1,61973000,1916000061831479400
normal-o3,1,256,growth,16,reverse-c,3,1048576,65536,1,68411000,1916000061831479400
normal-o3,1,256,growth,16,whitefoot,3,1048576,65536,1,60180000,1916000061831479400
normal-o3,1,256,growth,16,cpp-std-vector,3,1048576,65536,1,59060000,1916000061831479400
normal-o3,1,256,growth,16,rust-vec,3,1048576,65536,1,56279000,1916000061831479400
normal-o3,1,256,growth,16,take-swap-c,3,1048576,65536,1,63331000,1916000061831479400
normal-o3,1,256,growth,16,direct-c,4,1048576,65536,1,62092000,317124334665105513
normal-o3,1,256,growth,16,reverse-c,4,1048576,65536,1,66972000,317124334665105513
normal-o3,1,256,growth,16,whitefoot,4,1048576,65536,1,59456000,317124334665105513
normal-o3,1,256,growth,16,cpp-std-vector,4,1048576,65536,1,59072000,317124334665105513
normal-o3,1,256,growth,16,rust-vec,4,1048576,65536,1,57841000,317124334665105513
normal-o3,1,256,growth,16,take-swap-c,4,1048576,65536,1,63318000,317124334665105513
normal-o3,1,256,growth,16,swap-take-c,4,1048576,65536,1,66541000,317124334665105513
normal-o3,1,256,growth,16,reverse-c,5,1048576,65536,1,66598000,16344508304658628714
normal-o3,1,256,growth,16,whitefoot,5,1048576,65536,1,60978000,16344508304658628714
normal-o3,1,256,growth,16,cpp-std-vector,5,1048576,65536,1,60486000,16344508304658628714
normal-o3,1,256,growth,16,rust-vec,5,1048576,65536,1,57842000,16344508304658628714
normal-o3,1,256,growth,16,take-swap-c,5,1048576,65536,1,64275000,16344508304658628714
normal-o3,1,256,growth,16,swap-take-c,5,1048576,65536,1,67189000,16344508304658628714
normal-o3,1,256,growth,16,direct-c,5,1048576,65536,1,62328000,16344508304658628714
normal-o3,1,256,growth,16,whitefoot,6,1048576,65536,1,60009000,17728104047323021419
normal-o3,1,256,growth,16,cpp-std-vector,6,1048576,65536,1,59126000,17728104047323021419
normal-o3,1,256,growth,16,rust-vec,6,1048576,65536,1,55914000,17728104047323021419
normal-o3,1,256,growth,16,take-swap-c,6,1048576,65536,1,62387000,17728104047323021419
normal-o3,1,256,growth,16,swap-take-c,6,1048576,65536,1,66536000,17728104047323021419
normal-o3,1,256,growth,16,direct-c,6,1048576,65536,1,62172000,17728104047323021419
normal-o3,1,256,growth,16,reverse-c,6,1048576,65536,1,66779000,17728104047323021419
normal-o3,1,256,growth,256,cpp-std-vector,0,1048576,4096,1,55599000,5774473182449584229
normal-o3,1,256,growth,256,rust-vec,0,1048576,4096,1,45742000,5774473182449584229
normal-o3,1,256,growth,256,take-swap-c,0,1048576,4096,1,54835000,5774473182449584229
normal-o3,1,256,growth,256,swap-take-c,0,1048576,4096,1,57774000,5774473182449584229
normal-o3,1,256,growth,256,direct-c,0,1048576,4096,1,57105000,5774473182449584229
normal-o3,1,256,growth,256,reverse-c,0,1048576,4096,1,61951000,5774473182449584229
normal-o3,1,256,growth,256,whitefoot,0,1048576,4096,1,52107000,5774473182449584229
normal-o3,1,256,growth,256,rust-vec,1,1048576,4096,1,45548000,730816566922926182
normal-o3,1,256,growth,256,take-swap-c,1,1048576,4096,1,55285000,730816566922926182
normal-o3,1,256,growth,256,swap-take-c,1,1048576,4096,1,57136000,730816566922926182
normal-o3,1,256,growth,256,direct-c,1,1048576,4096,1,54598000,730816566922926182
normal-o3,1,256,growth,256,reverse-c,1,1048576,4096,1,60437000,730816566922926182
normal-o3,1,256,growth,256,whitefoot,1,1048576,4096,1,51938000,730816566922926182
normal-o3,1,256,growth,256,cpp-std-vector,1,1048576,4096,1,55901000,730816566922926182
normal-o3,1,256,growth,256,take-swap-c,2,1048576,4096,1,55070000,3951699326411303015
normal-o3,1,256,growth,256,swap-take-c,2,1048576,4096,1,57115000,3951699326411303015
normal-o3,1,256,growth,256,direct-c,2,1048576,4096,1,54221000,3951699326411303015
normal-o3,1,256,growth,256,reverse-c,2,1048576,4096,1,60476000,3951699326411303015
normal-o3,1,256,growth,256,whitefoot,2,1048576,4096,1,51761000,3951699326411303015
normal-o3,1,256,growth,256,cpp-std-vector,2,1048576,4096,1,55698000,3951699326411303015
normal-o3,1,256,growth,256,rust-vec,2,1048576,4096,1,45724000,3951699326411303015
normal-o3,1,256,growth,256,swap-take-c,3,1048576,4096,1,58951000,4669976213855500392
normal-o3,1,256,growth,256,direct-c,3,1048576,4096,1,54852000,4669976213855500392
normal-o3,1,256,growth,256,reverse-c,3,1048576,4096,1,60706000,4669976213855500392
normal-o3,1,256,growth,256,whitefoot,3,1048576,4096,1,52088000,4669976213855500392
normal-o3,1,256,growth,256,cpp-std-vector,3,1048576,4096,1,56368000,4669976213855500392
normal-o3,1,256,growth,256,rust-vec,3,1048576,4096,1,45569000,4669976213855500392
normal-o3,1,256,growth,256,take-swap-c,3,1048576,4096,1,54514000,4669976213855500392
normal-o3,1,256,growth,256,direct-c,4,1048576,4096,1,55084000,4748812814999455849
normal-o3,1,256,growth,256,reverse-c,4,1048576,4096,1,60697000,4748812814999455849
normal-o3,1,256,growth,256,whitefoot,4,1048576,4096,1,52156000,4748812814999455849
normal-o3,1,256,growth,256,cpp-std-vector,4,1048576,4096,1,55904000,4748812814999455849
normal-o3,1,256,growth,256,rust-vec,4,1048576,4096,1,45481000,4748812814999455849
normal-o3,1,256,growth,256,take-swap-c,4,1048576,4096,1,54687000,4748812814999455849
normal-o3,1,256,growth,256,swap-take-c,4,1048576,4096,1,57214000,4748812814999455849
normal-o3,1,256,growth,256,reverse-c,5,1048576,4096,1,60411000,9617966251147630698
normal-o3,1,256,growth,256,whitefoot,5,1048576,4096,1,51968000,9617966251147630698
normal-o3,1,256,growth,256,cpp-std-vector,5,1048576,4096,1,56088000,9617966251147630698
normal-o3,1,256,growth,256,rust-vec,5,1048576,4096,1,47413000,9617966251147630698
normal-o3,1,256,growth,256,take-swap-c,5,1048576,4096,1,55924000,9617966251147630698
normal-o3,1,256,growth,256,swap-take-c,5,1048576,4096,1,57247000,9617966251147630698
normal-o3,1,256,growth,256,direct-c,5,1048576,4096,1,54122000,9617966251147630698
normal-o3,1,256,growth,256,whitefoot,6,1048576,4096,1,52089000,14780350119149938795
normal-o3,1,256,growth,256,cpp-std-vector,6,1048576,4096,1,55599000,14780350119149938795
normal-o3,1,256,growth,256,rust-vec,6,1048576,4096,1,45477000,14780350119149938795
normal-o3,1,256,growth,256,take-swap-c,6,1048576,4096,1,54878000,14780350119149938795
normal-o3,1,256,growth,256,swap-take-c,6,1048576,4096,1,57980000,14780350119149938795
normal-o3,1,256,growth,256,direct-c,6,1048576,4096,1,54461000,14780350119149938795
normal-o3,1,256,growth,256,reverse-c,6,1048576,4096,1,60750000,14780350119149938795
normal-o3,1,256,growth,4096,cpp-std-vector,0,1048576,256,1,52677000,7990118519889974501
normal-o3,1,256,growth,4096,rust-vec,0,1048576,256,1,41772000,7990118519889974501
normal-o3,1,256,growth,4096,take-swap-c,0,1048576,256,1,55753000,7990118519889974501
normal-o3,1,256,growth,4096,swap-take-c,0,1048576,256,1,58049000,7990118519889974501
normal-o3,1,256,growth,4096,direct-c,0,1048576,256,1,55088000,7990118519889974501
normal-o3,1,256,growth,4096,reverse-c,0,1048576,256,1,62825000,7990118519889974501
normal-o3,1,256,growth,4096,whitefoot,0,1048576,256,1,55167000,7990118519889974501
normal-o3,1,256,growth,4096,rust-vec,1,1048576,256,1,41639000,10660244701728609766
normal-o3,1,256,growth,4096,take-swap-c,1,1048576,256,1,55298000,10660244701728609766
normal-o3,1,256,growth,4096,swap-take-c,1,1048576,256,1,58027000,10660244701728609766
normal-o3,1,256,growth,4096,direct-c,1,1048576,256,1,55372000,10660244701728609766
normal-o3,1,256,growth,4096,reverse-c,1,1048576,256,1,61997000,10660244701728609766
normal-o3,1,256,growth,4096,whitefoot,1,1048576,256,1,53415000,10660244701728609766
normal-o3,1,256,growth,4096,cpp-std-vector,1,1048576,256,1,52145000,10660244701728609766
normal-o3,1,256,growth,4096,take-swap-c,2,1048576,256,1,55900000,3495536164771485415
normal-o3,1,256,growth,4096,swap-take-c,2,1048576,256,1,58145000,3495536164771485415
normal-o3,1,256,growth,4096,direct-c,2,1048576,256,1,55214000,3495536164771485415
normal-o3,1,256,growth,4096,reverse-c,2,1048576,256,1,62310000,3495536164771485415
normal-o3,1,256,growth,4096,whitefoot,2,1048576,256,1,53329000,3495536164771485415
normal-o3,1,256,growth,4096,cpp-std-vector,2,1048576,256,1,52274000,3495536164771485415
normal-o3,1,256,growth,4096,rust-vec,2,1048576,256,1,41711000,3495536164771485415
normal-o3,1,256,growth,4096,swap-take-c,3,1048576,256,1,58222000,15148529761215748072
normal-o3,1,256,growth,4096,direct-c,3,1048576,256,1,57316000,15148529761215748072
normal-o3,1,256,growth,4096,reverse-c,3,1048576,256,1,63743000,15148529761215748072
normal-o3,1,256,growth,4096,whitefoot,3,1048576,256,1,54304000,15148529761215748072
normal-o3,1,256,growth,4096,cpp-std-vector,3,1048576,256,1,52443000,15148529761215748072
normal-o3,1,256,growth,4096,rust-vec,3,1048576,256,1,42260000,15148529761215748072
normal-o3,1,256,growth,4096,take-swap-c,3,1048576,256,1,55499000,15148529761215748072
normal-o3,1,256,growth,4096,direct-c,4,1048576,256,1,55366000,9298652180223940841
normal-o3,1,256,growth,4096,reverse-c,4,1048576,256,1,62067000,9298652180223940841
normal-o3,1,256,growth,4096,whitefoot,4,1048576,256,1,53399000,9298652180223940841
normal-o3,1,256,growth,4096,cpp-std-vector,4,1048576,256,1,52463000,9298652180223940841
normal-o3,1,256,growth,4096,rust-vec,4,1048576,256,1,42060000,9298652180223940841
normal-o3,1,256,growth,4096,take-swap-c,4,1048576,256,1,56198000,9298652180223940841
normal-o3,1,256,growth,4096,swap-take-c,4,1048576,256,1,58335000,9298652180223940841
normal-o3,1,256,growth,4096,reverse-c,5,1048576,256,1,62318000,8375064059273222634
normal-o3,1,256,growth,4096,whitefoot,5,1048576,256,1,53593000,8375064059273222634
normal-o3,1,256,growth,4096,cpp-std-vector,5,1048576,256,1,51986000,8375064059273222634
normal-o3,1,256,growth,4096,rust-vec,5,1048576,256,1,41619000,8375064059273222634
normal-o3,1,256,growth,4096,take-swap-c,5,1048576,256,1,56867000,8375064059273222634
normal-o3,1,256,growth,4096,swap-take-c,5,1048576,256,1,59274000,8375064059273222634
normal-o3,1,256,growth,4096,direct-c,5,1048576,256,1,55359000,8375064059273222634
normal-o3,1,256,growth,4096,whitefoot,6,1048576,256,1,53596000,18409727464639388395
normal-o3,1,256,growth,4096,cpp-std-vector,6,1048576,256,1,52095000,18409727464639388395
normal-o3,1,256,growth,4096,rust-vec,6,1048576,256,1,41693000,18409727464639388395
normal-o3,1,256,growth,4096,take-swap-c,6,1048576,256,1,55352000,18409727464639388395
normal-o3,1,256,growth,4096,swap-take-c,6,1048576,256,1,57884000,18409727464639388395
normal-o3,1,256,growth,4096,direct-c,6,1048576,256,1,54994000,18409727464639388395
normal-o3,1,256,growth,4096,reverse-c,6,1048576,256,1,61910000,18409727464639388395
normal-o3,1,256,reuse,16,cpp-std-vector,0,1048576,65536,1,43329000,16095999890136793189
normal-o3,1,256,reuse,16,rust-vec,0,1048576,65536,1,41269000,16095999890136793189
normal-o3,1,256,reuse,16,take-swap-c,0,1048576,65536,1,43465000,16095999890136793189
normal-o3,1,256,reuse,16,swap-take-c,0,1048576,65536,1,46756000,16095999890136793189
normal-o3,1,256,reuse,16,direct-c,0,1048576,65536,1,43334000,16095999890136793189
normal-o3,1,256,reuse,16,reverse-c,0,1048576,65536,1,47947000,16095999890136793189
normal-o3,1,256,reuse,16,whitefoot,0,1048576,65536,1,41595000,16095999890136793189
normal-o3,1,256,reuse,16,rust-vec,1,1048576,65536,1,40659000,10905710204835692646
normal-o3,1,256,reuse,16,take-swap-c,1,1048576,65536,1,44649000,10905710204835692646
normal-o3,1,256,reuse,16,swap-take-c,1,1048576,65536,1,47477000,10905710204835692646
normal-o3,1,256,reuse,16,direct-c,1,1048576,65536,1,43278000,10905710204835692646
normal-o3,1,256,reuse,16,reverse-c,1,1048576,65536,1,48187000,10905710204835692646
normal-o3,1,256,reuse,16,whitefoot,1,1048576,65536,1,41008000,10905710204835692646
normal-o3,1,256,reuse,16,cpp-std-vector,1,1048576,65536,1,43147000,10905710204835692646
normal-o3,1,256,reuse,16,take-swap-c,2,1048576,65536,1,43556000,1136678281099509863
normal-o3,1,256,reuse,16,swap-take-c,2,1048576,65536,1,46794000,1136678281099509863
normal-o3,1,256,reuse,16,direct-c,2,1048576,65536,1,43149000,1136678281099509863
normal-o3,1,256,reuse,16,reverse-c,2,1048576,65536,1,52522000,1136678281099509863
normal-o3,1,256,reuse,16,whitefoot,2,1048576,65536,1,41046000,1136678281099509863
normal-o3,1,256,reuse,16,cpp-std-vector,2,1048576,65536,1,43347000,1136678281099509863
normal-o3,1,256,reuse,16,rust-vec,2,1048576,65536,1,40587000,1136678281099509863
normal-o3,1,256,reuse,16,swap-take-c,3,1048576,65536,1,46833000,1916000061831479400
normal-o3,1,256,reuse,16,direct-c,3,1048576,65536,1,43760000,1916000061831479400
normal-o3,1,256,reuse,16,reverse-c,3,1048576,65536,1,48199000,1916000061831479400
normal-o3,1,256,reuse,16,whitefoot,3,1048576,65536,1,41019000,1916000061831479400
normal-o3,1,256,reuse,16,cpp-std-vector,3,1048576,65536,1,43244000,1916000061831479400
normal-o3,1,256,reuse,16,rust-vec,3,1048576,65536,1,40434000,1916000061831479400
normal-o3,1,256,reuse,16,take-swap-c,3,1048576,65536,1,43532000,1916000061831479400
normal-o3,1,256,reuse,16,direct-c,4,1048576,65536,1,44514000,317124334665105513
normal-o3,1,256,reuse,16,reverse-c,4,1048576,65536,1,49416000,317124334665105513
normal-o3,1,256,reuse,16,whitefoot,4,1048576,65536,1,41045000,317124334665105513
normal-o3,1,256,reuse,16,cpp-std-vector,4,1048576,65536,1,43356000,317124334665105513
normal-o3,1,256,reuse,16,rust-vec,4,1048576,65536,1,40450000,317124334665105513
normal-o3,1,256,reuse,16,take-swap-c,4,1048576,65536,1,43637000,317124334665105513
normal-o3,1,256,reuse,16,swap-take-c,4,1048576,65536,1,46737000,317124334665105513
normal-o3,1,256,reuse,16,reverse-c,5,1048576,65536,1,48045000,16344508304658628714
normal-o3,1,256,reuse,16,whitefoot,5,1048576,65536,1,41067000,16344508304658628714
normal-o3,1,256,reuse,16,cpp-std-vector,5,1048576,65536,1,43157000,16344508304658628714
normal-o3,1,256,reuse,16,rust-vec,5,1048576,65536,1,40420000,16344508304658628714
normal-o3,1,256,reuse,16,take-swap-c,5,1048576,65536,1,43789000,16344508304658628714
normal-o3,1,256,reuse,16,swap-take-c,5,1048576,65536,1,46921000,16344508304658628714
normal-o3,1,256,reuse,16,direct-c,5,1048576,65536,1,43323000,16344508304658628714
normal-o3,1,256,reuse,16,whitefoot,6,1048576,65536,1,41874000,17728104047323021419
normal-o3,1,256,reuse,16,cpp-std-vector,6,1048576,65536,1,44435000,17728104047323021419
normal-o3,1,256,reuse,16,rust-vec,6,1048576,65536,1,40967000,17728104047323021419
normal-o3,1,256,reuse,16,take-swap-c,6,1048576,65536,1,43860000,17728104047323021419
normal-o3,1,256,reuse,16,swap-take-c,6,1048576,65536,1,46705000,17728104047323021419
normal-o3,1,256,reuse,16,direct-c,6,1048576,65536,1,44123000,17728104047323021419
normal-o3,1,256,reuse,16,reverse-c,6,1048576,65536,1,49905000,17728104047323021419
normal-o3,1,256,reuse,256,cpp-std-vector,0,1048576,4096,1,42254000,5774473182449584229
normal-o3,1,256,reuse,256,rust-vec,0,1048576,4096,1,38895000,5774473182449584229
normal-o3,1,256,reuse,256,take-swap-c,0,1048576,4096,1,41578000,5774473182449584229
normal-o3,1,256,reuse,256,swap-take-c,0,1048576,4096,1,43701000,5774473182449584229
normal-o3,1,256,reuse,256,direct-c,0,1048576,4096,1,41055000,5774473182449584229
normal-o3,1,256,reuse,256,reverse-c,0,1048576,4096,1,46846000,5774473182449584229
normal-o3,1,256,reuse,256,whitefoot,0,1048576,4096,1,38711000,5774473182449584229
normal-o3,1,256,reuse,256,rust-vec,1,1048576,4096,1,38713000,730816566922926182
normal-o3,1,256,reuse,256,take-swap-c,1,1048576,4096,1,41314000,730816566922926182
normal-o3,1,256,reuse,256,swap-take-c,1,1048576,4096,1,43818000,730816566922926182
normal-o3,1,256,reuse,256,direct-c,1,1048576,4096,1,40856000,730816566922926182
normal-o3,1,256,reuse,256,reverse-c,1,1048576,4096,1,47224000,730816566922926182
normal-o3,1,256,reuse,256,whitefoot,1,1048576,4096,1,38874000,730816566922926182
normal-o3,1,256,reuse,256,cpp-std-vector,1,1048576,4096,1,41515000,730816566922926182
normal-o3,1,256,reuse,256,take-swap-c,2,1048576,4096,1,41147000,3951699326411303015
normal-o3,1,256,reuse,256,swap-take-c,2,1048576,4096,1,43188000,3951699326411303015
normal-o3,1,256,reuse,256,direct-c,2,1048576,4096,1,40825000,3951699326411303015
normal-o3,1,256,reuse,256,reverse-c,2,1048576,4096,1,47414000,3951699326411303015
normal-o3,1,256,reuse,256,whitefoot,2,1048576,4096,1,38673000,3951699326411303015
normal-o3,1,256,reuse,256,cpp-std-vector,2,1048576,4096,1,41396000,3951699326411303015
normal-o3,1,256,reuse,256,rust-vec,2,1048576,4096,1,38594000,3951699326411303015
normal-o3,1,256,reuse,256,swap-take-c,3,1048576,4096,1,44473000,4669976213855500392
normal-o3,1,256,reuse,256,direct-c,3,1048576,4096,1,41005000,4669976213855500392
normal-o3,1,256,reuse,256,reverse-c,3,1048576,4096,1,46622000,4669976213855500392
normal-o3,1,256,reuse,256,whitefoot,3,1048576,4096,1,38712000,4669976213855500392
normal-o3,1,256,reuse,256,cpp-std-vector,3,1048576,4096,1,41448000,4669976213855500392
normal-o3,1,256,reuse,256,rust-vec,3,1048576,4096,1,38627000,4669976213855500392
normal-o3,1,256,reuse,256,take-swap-c,3,1048576,4096,1,41230000,4669976213855500392
normal-o3,1,256,reuse,256,direct-c,4,1048576,4096,1,41262000,4748812814999455849
normal-o3,1,256,reuse,256,reverse-c,4,1048576,4096,1,47985000,4748812814999455849
normal-o3,1,256,reuse,256,whitefoot,4,1048576,4096,1,39086000,4748812814999455849
normal-o3,1,256,reuse,256,cpp-std-vector,4,1048576,4096,1,41612000,4748812814999455849
normal-o3,1,256,reuse,256,rust-vec,4,1048576,4096,1,39042000,4748812814999455849
normal-o3,1,256,reuse,256,take-swap-c,4,1048576,4096,1,41491000,4748812814999455849
normal-o3,1,256,reuse,256,swap-take-c,4,1048576,4096,1,43261000,4748812814999455849
normal-o3,1,256,reuse,256,reverse-c,5,1048576,4096,1,46597000,9617966251147630698
normal-o3,1,256,reuse,256,whitefoot,5,1048576,4096,1,38722000,9617966251147630698
normal-o3,1,256,reuse,256,cpp-std-vector,5,1048576,4096,1,41392000,9617966251147630698
normal-o3,1,256,reuse,256,rust-vec,5,1048576,4096,1,38606000,9617966251147630698
normal-o3,1,256,reuse,256,take-swap-c,5,1048576,4096,1,41247000,9617966251147630698
normal-o3,1,256,reuse,256,swap-take-c,5,1048576,4096,1,44100000,9617966251147630698
normal-o3,1,256,reuse,256,direct-c,5,1048576,4096,1,40831000,9617966251147630698
normal-o3,1,256,reuse,256,whitefoot,6,1048576,4096,1,39999000,14780350119149938795
normal-o3,1,256,reuse,256,cpp-std-vector,6,1048576,4096,1,42296000,14780350119149938795
normal-o3,1,256,reuse,256,rust-vec,6,1048576,4096,1,38804000,14780350119149938795
normal-o3,1,256,reuse,256,take-swap-c,6,1048576,4096,1,41225000,14780350119149938795
normal-o3,1,256,reuse,256,swap-take-c,6,1048576,4096,1,43291000,14780350119149938795
normal-o3,1,256,reuse,256,direct-c,6,1048576,4096,1,41747000,14780350119149938795
normal-o3,1,256,reuse,256,reverse-c,6,1048576,4096,1,49474000,14780350119149938795
normal-o3,1,256,reuse,4096,cpp-std-vector,0,1048576,256,1,44293000,7990118519889974501
normal-o3,1,256,reuse,4096,rust-vec,0,1048576,256,1,41050000,7990118519889974501
normal-o3,1,256,reuse,4096,take-swap-c,0,1048576,256,1,43290000,7990118519889974501
normal-o3,1,256,reuse,4096,swap-take-c,0,1048576,256,1,45425000,7990118519889974501
normal-o3,1,256,reuse,4096,direct-c,0,1048576,256,1,43401000,7990118519889974501
normal-o3,1,256,reuse,4096,reverse-c,0,1048576,256,1,50530000,7990118519889974501
normal-o3,1,256,reuse,4096,whitefoot,0,1048576,256,1,40730000,7990118519889974501
normal-o3,1,256,reuse,4096,rust-vec,1,1048576,256,1,40907000,10660244701728609766
normal-o3,1,256,reuse,4096,take-swap-c,1,1048576,256,1,43350000,10660244701728609766
normal-o3,1,256,reuse,4096,swap-take-c,1,1048576,256,1,45624000,10660244701728609766
normal-o3,1,256,reuse,4096,direct-c,1,1048576,256,1,43044000,10660244701728609766
normal-o3,1,256,reuse,4096,reverse-c,1,1048576,256,1,49705000,10660244701728609766
normal-o3,1,256,reuse,4096,whitefoot,1,1048576,256,1,41079000,10660244701728609766
normal-o3,1,256,reuse,4096,cpp-std-vector,1,1048576,256,1,44510000,10660244701728609766
normal-o3,1,256,reuse,4096,take-swap-c,2,1048576,256,1,43834000,3495536164771485415
normal-o3,1,256,reuse,4096,swap-take-c,2,1048576,256,1,45388000,3495536164771485415
normal-o3,1,256,reuse,4096,direct-c,2,1048576,256,1,43087000,3495536164771485415
normal-o3,1,256,reuse,4096,reverse-c,2,1048576,256,1,49853000,3495536164771485415
normal-o3,1,256,reuse,4096,whitefoot,2,1048576,256,1,40726000,3495536164771485415
normal-o3,1,256,reuse,4096,cpp-std-vector,2,1048576,256,1,43808000,3495536164771485415
normal-o3,1,256,reuse,4096,rust-vec,2,1048576,256,1,40922000,3495536164771485415
normal-o3,1,256,reuse,4096,swap-take-c,3,1048576,256,1,45271000,15148529761215748072
normal-o3,1,256,reuse,4096,direct-c,3,1048576,256,1,43018000,15148529761215748072
normal-o3,1,256,reuse,4096,reverse-c,3,1048576,256,1,49812000,15148529761215748072
normal-o3,1,256,reuse,4096,whitefoot,3,1048576,256,1,41103000,15148529761215748072
normal-o3,1,256,reuse,4096,cpp-std-vector,3,1048576,256,1,43877000,15148529761215748072
normal-o3,1,256,reuse,4096,rust-vec,3,1048576,256,1,40983000,15148529761215748072
normal-o3,1,256,reuse,4096,take-swap-c,3,1048576,256,1,43375000,15148529761215748072
normal-o3,1,256,reuse,4096,direct-c,4,1048576,256,1,43037000,9298652180223940841
normal-o3,1,256,reuse,4096,reverse-c,4,1048576,256,1,49644000,9298652180223940841
normal-o3,1,256,reuse,4096,whitefoot,4,1048576,256,1,40805000,9298652180223940841
normal-o3,1,256,reuse,4096,cpp-std-vector,4,1048576,256,1,43645000,9298652180223940841
normal-o3,1,256,reuse,4096,rust-vec,4,1048576,256,1,40907000,9298652180223940841
normal-o3,1,256,reuse,4096,take-swap-c,4,1048576,256,1,43526000,9298652180223940841
normal-o3,1,256,reuse,4096,swap-take-c,4,1048576,256,1,47411000,9298652180223940841
normal-o3,1,256,reuse,4096,reverse-c,5,1048576,256,1,49937000,8375064059273222634
normal-o3,1,256,reuse,4096,whitefoot,5,1048576,256,1,40822000,8375064059273222634
normal-o3,1,256,reuse,4096,cpp-std-vector,5,1048576,256,1,43668000,8375064059273222634
normal-o3,1,256,reuse,4096,rust-vec,5,1048576,256,1,41056000,8375064059273222634
normal-o3,1,256,reuse,4096,take-swap-c,5,1048576,256,1,43372000,8375064059273222634
normal-o3,1,256,reuse,4096,swap-take-c,5,1048576,256,1,45381000,8375064059273222634
normal-o3,1,256,reuse,4096,direct-c,5,1048576,256,1,43219000,8375064059273222634
normal-o3,1,256,reuse,4096,whitefoot,6,1048576,256,1,40962000,18409727464639388395
normal-o3,1,256,reuse,4096,cpp-std-vector,6,1048576,256,1,43842000,18409727464639388395
normal-o3,1,256,reuse,4096,rust-vec,6,1048576,256,1,41682000,18409727464639388395
normal-o3,1,256,reuse,4096,take-swap-c,6,1048576,256,1,44043000,18409727464639388395
normal-o3,1,256,reuse,4096,swap-take-c,6,1048576,256,1,45750000,18409727464639388395
normal-o3,1,256,reuse,4096,direct-c,6,1048576,256,1,43188000,18409727464639388395
normal-o3,1,256,reuse,4096,reverse-c,6,1048576,256,1,49797000,18409727464639388395
normal-o3,1,256,suffix-0,16,cpp-std-vector,0,1048576,1048576,1,2802000,6607130204449329354
normal-o3,1,256,suffix-0,16,rust-vec,0,1048576,1048576,1,1060000,6607130204449329354
normal-o3,1,256,suffix-0,16,take-swap-c,0,1048576,1048576,1,4097000,6607130204449329354
normal-o3,1,256,suffix-0,16,swap-take-c,0,1048576,1048576,1,2915000,6607130204449329354
normal-o3,1,256,suffix-0,16,direct-c,0,1048576,1048576,1,2805000,6607130204449329354
normal-o3,1,256,suffix-0,16,reverse-c,0,1048576,1048576,1,2827000,6607130204449329354
normal-o3,1,256,suffix-0,16,whitefoot,0,1048576,1048576,1,1954000,6607130204449329354
normal-o3,1,256,suffix-0,16,rust-vec,1,1048576,1048576,1,1032000,16952766600949476812
normal-o3,1,256,suffix-0,16,take-swap-c,1,1048576,1048576,1,3142000,16952766600949476812
normal-o3,1,256,suffix-0,16,swap-take-c,1,1048576,1048576,1,2883000,16952766600949476812
normal-o3,1,256,suffix-0,16,direct-c,1,1048576,1048576,1,2795000,16952766600949476812
normal-o3,1,256,suffix-0,16,reverse-c,1,1048576,1048576,1,2812000,16952766600949476812
normal-o3,1,256,suffix-0,16,whitefoot,1,1048576,1048576,1,1958000,16952766600949476812
normal-o3,1,256,suffix-0,16,cpp-std-vector,1,1048576,1048576,1,2787000,16952766600949476812
normal-o3,1,256,suffix-0,16,take-swap-c,2,1048576,1048576,1,3945000,8851658923740072654
normal-o3,1,256,suffix-0,16,swap-take-c,2,1048576,1048576,1,2868000,8851658923740072654
normal-o3,1,256,suffix-0,16,direct-c,2,1048576,1048576,1,2779000,8851658923740072654
normal-o3,1,256,suffix-0,16,reverse-c,2,1048576,1048576,1,2879000,8851658923740072654
normal-o3,1,256,suffix-0,16,whitefoot,2,1048576,1048576,1,1951000,8851658923740072654
normal-o3,1,256,suffix-0,16,cpp-std-vector,2,1048576,1048576,1,2770000,8851658923740072654
normal-o3,1,256,suffix-0,16,rust-vec,2,1048576,1048576,1,1015000,8851658923740072654
normal-o3,1,256,suffix-0,16,swap-take-c,3,1048576,1048576,1,2976000,750551246530668496
normal-o3,1,256,suffix-0,16,direct-c,3,1048576,1048576,1,2946000,750551246530668496
normal-o3,1,256,suffix-0,16,reverse-c,3,1048576,1048576,1,2834000,750551246530668496
normal-o3,1,256,suffix-0,16,whitefoot,3,1048576,1048576,1,1952000,750551246530668496
normal-o3,1,256,suffix-0,16,cpp-std-vector,3,1048576,1048576,1,2767000,750551246530668496
normal-o3,1,256,suffix-0,16,rust-vec,3,1048576,1048576,1,1030000,750551246530668496
normal-o3,1,256,suffix-0,16,take-swap-c,3,1048576,1048576,1,3213000,750551246530668496
normal-o3,1,256,suffix-0,16,direct-c,4,1048576,1048576,1,2824000,11096187643030815954
normal-o3,1,256,suffix-0,16,reverse-c,4,1048576,1048576,1,2849000,11096187643030815954
normal-o3,1,256,suffix-0,16,whitefoot,4,1048576,1048576,1,2000000,11096187643030815954
normal-o3,1,256,suffix-0,16,cpp-std-vector,4,1048576,1048576,1,2782000,11096187643030815954
normal-o3,1,256,suffix-0,16,rust-vec,4,1048576,1048576,1,990000,11096187643030815954
normal-o3,1,256,suffix-0,16,take-swap-c,4,1048576,1048576,1,4109000,11096187643030815954
normal-o3,1,256,suffix-0,16,swap-take-c,4,1048576,1048576,1,2878000,11096187643030815954
normal-o3,1,256,suffix-0,16,reverse-c,5,1048576,1048576,1,2853000,2995079965821411796
normal-o3,1,256,suffix-0,16,whitefoot,5,1048576,1048576,1,1964000,2995079965821411796
normal-o3,1,256,suffix-0,16,cpp-std-vector,5,1048576,1048576,1,2780000,2995079965821411796
normal-o3,1,256,suffix-0,16,rust-vec,5,1048576,1048576,1,992000,2995079965821411796
normal-o3,1,256,suffix-0,16,take-swap-c,5,1048576,1048576,1,3268000,2995079965821411796
normal-o3,1,256,suffix-0,16,swap-take-c,5,1048576,1048576,1,2903000,2995079965821411796
normal-o3,1,256,suffix-0,16,direct-c,5,1048576,1048576,1,2809000,2995079965821411796
normal-o3,1,256,suffix-0,16,whitefoot,6,1048576,1048576,1,1950000,13340716362321559254
normal-o3,1,256,suffix-0,16,cpp-std-vector,6,1048576,1048576,1,2782000,13340716362321559254
normal-o3,1,256,suffix-0,16,rust-vec,6,1048576,1048576,1,993000,13340716362321559254
normal-o3,1,256,suffix-0,16,take-swap-c,6,1048576,1048576,1,4092000,13340716362321559254
normal-o3,1,256,suffix-0,16,swap-take-c,6,1048576,1048576,1,2887000,13340716362321559254
normal-o3,1,256,suffix-0,16,direct-c,6,1048576,1048576,1,2781000,13340716362321559254
normal-o3,1,256,suffix-0,16,reverse-c,6,1048576,1048576,1,2843000,13340716362321559254
normal-o3,1,256,suffix-0,256,cpp-std-vector,0,1048576,1048576,1,2816000,16711255245857297866
normal-o3,1,256,suffix-0,256,rust-vec,0,1048576,1048576,1,994000,16711255245857297866
normal-o3,1,256,suffix-0,256,take-swap-c,0,1048576,1048576,1,4175000,16711255245857297866
normal-o3,1,256,suffix-0,256,swap-take-c,0,1048576,1048576,1,2912000,16711255245857297866
normal-o3,1,256,suffix-0,256,direct-c,0,1048576,1048576,1,2803000,16711255245857297866
normal-o3,1,256,suffix-0,256,reverse-c,0,1048576,1048576,1,2829000,16711255245857297866
normal-o3,1,256,suffix-0,256,whitefoot,0,1048576,1048576,1,1963000,16711255245857297866
normal-o3,1,256,suffix-0,256,rust-vec,1,1048576,1048576,1,998000,17222991059918444236
normal-o3,1,256,suffix-0,256,take-swap-c,1,1048576,1048576,1,3153000,17222991059918444236
normal-o3,1,256,suffix-0,256,swap-take-c,1,1048576,1048576,1,2903000,17222991059918444236
normal-o3,1,256,suffix-0,256,direct-c,1,1048576,1048576,1,2785000,17222991059918444236
normal-o3,1,256,suffix-0,256,reverse-c,1,1048576,1048576,1,2825000,17222991059918444236
normal-o3,1,256,suffix-0,256,whitefoot,1,1048576,1048576,1,1960000,17222991059918444236
normal-o3,1,256,suffix-0,256,cpp-std-vector,1,1048576,1048576,1,2800000,17222991059918444236
normal-o3,1,256,suffix-0,256,take-swap-c,2,1048576,1048576,1,3225000,17734726873979590606
normal-o3,1,256,suffix-0,256,swap-take-c,2,1048576,1048576,1,2884000,17734726873979590606
normal-o3,1,256,suffix-0,256,direct-c,2,1048576,1048576,1,2841000,17734726873979590606
normal-o3,1,256,suffix-0,256,reverse-c,2,1048576,1048576,1,2828000,17734726873979590606
normal-o3,1,256,suffix-0,256,whitefoot,2,1048576,1048576,1,1958000,17734726873979590606
normal-o3,1,256,suffix-0,256,cpp-std-vector,2,1048576,1048576,1,2768000,17734726873979590606
normal-o3,1,256,suffix-0,256,rust-vec,2,1048576,1048576,1,994000,17734726873979590606
normal-o3,1,256,suffix-0,256,swap-take-c,3,1048576,1048576,1,2891000,18246462688040736976
normal-o3,1,256,suffix-0,256,direct-c,3,1048576,1048576,1,2784000,18246462688040736976
normal-o3,1,256,suffix-0,256,reverse-c,3,1048576,1048576,1,3193000,18246462688040736976
normal-o3,1,256,suffix-0,256,whitefoot,3,1048576,1048576,1,1972000,18246462688040736976
normal-o3,1,256,suffix-0,256,cpp-std-vector,3,1048576,1048576,1,2772000,18246462688040736976
normal-o3,1,256,suffix-0,256,rust-vec,3,1048576,1048576,1,997000,18246462688040736976
normal-o3,1,256,suffix-0,256,take-swap-c,3,1048576,1048576,1,4187000,18246462688040736976
normal-o3,1,256,suffix-0,256,direct-c,4,1048576,1048576,1,2865000,311454428392331730
normal-o3,1,256,suffix-0,256,reverse-c,4,1048576,1048576,1,2858000,311454428392331730
normal-o3,1,256,suffix-0,256,whitefoot,4,1048576,1048576,1,1970000,311454428392331730
normal-o3,1,256,suffix-0,256,cpp-std-vector,4,1048576,1048576,1,2772000,311454428392331730
normal-o3,1,256,suffix-0,256,rust-vec,4,1048576,1048576,1,998000,311454428392331730
normal-o3,1,256,suffix-0,256,take-swap-c,4,1048576,1048576,1,4094000,311454428392331730
normal-o3,1,256,suffix-0,256,swap-take-c,4,1048576,1048576,1,2886000,311454428392331730
normal-o3,1,256,suffix-0,256,reverse-c,5,1048576,1048576,1,2824000,823190242453478100
normal-o3,1,256,suffix-0,256,whitefoot,5,1048576,1048576,1,1958000,823190242453478100
normal-o3,1,256,suffix-0,256,cpp-std-vector,5,1048576,1048576,1,2799000,823190242453478100
normal-o3,1,256,suffix-0,256,rust-vec,5,1048576,1048576,1,997000,823190242453478100
normal-o3,1,256,suffix-0,256,take-swap-c,5,1048576,1048576,1,4177000,823190242453478100
normal-o3,1,256,suffix-0,256,swap-take-c,5,1048576,1048576,1,2908000,823190242453478100
normal-o3,1,256,suffix-0,256,direct-c,5,1048576,1048576,1,2816000,823190242453478100
normal-o3,1,256,suffix-0,256,whitefoot,6,1048576,1048576,1,1963000,1334926056514624470
normal-o3,1,256,suffix-0,256,cpp-std-vector,6,1048576,1048576,1,2781000,1334926056514624470
normal-o3,1,256,suffix-0,256,rust-vec,6,1048576,1048576,1,996000,1334926056514624470
normal-o3,1,256,suffix-0,256,take-swap-c,6,1048576,1048576,1,3146000,1334926056514624470
normal-o3,1,256,suffix-0,256,swap-take-c,6,1048576,1048576,1,2890000,1334926056514624470
normal-o3,1,256,suffix-0,256,direct-c,6,1048576,1048576,1,2795000,1334926056514624470
normal-o3,1,256,suffix-0,256,reverse-c,6,1048576,1048576,1,2825000,1334926056514624470
normal-o3,1,256,suffix-0,4096,cpp-std-vector,0,1048576,1048576,1,2931000,7001658466579473866
normal-o3,1,256,suffix-0,4096,rust-vec,0,1048576,1048576,1,1156000,7001658466579473866
normal-o3,1,256,suffix-0,4096,take-swap-c,0,1048576,1048576,1,4275000,7001658466579473866
normal-o3,1,256,suffix-0,4096,swap-take-c,0,1048576,1048576,1,3081000,7001658466579473866
normal-o3,1,256,suffix-0,4096,direct-c,0,1048576,1048576,1,3084000,7001658466579473866
normal-o3,1,256,suffix-0,4096,reverse-c,0,1048576,1048576,1,3132000,7001658466579473866
normal-o3,1,256,suffix-0,4096,whitefoot,0,1048576,1048576,1,2222000,7001658466579473866
normal-o3,1,256,suffix-0,4096,rust-vec,1,1048576,1048576,1,1188000,100047013315307212
normal-o3,1,256,suffix-0,4096,take-swap-c,1,1048576,1048576,1,4533000,100047013315307212
normal-o3,1,256,suffix-0,4096,swap-take-c,1,1048576,1048576,1,3245000,100047013315307212
normal-o3,1,256,suffix-0,4096,direct-c,1,1048576,1048576,1,3039000,100047013315307212
normal-o3,1,256,suffix-0,4096,reverse-c,1,1048576,1048576,1,3127000,100047013315307212
normal-o3,1,256,suffix-0,4096,whitefoot,1,1048576,1048576,1,2176000,100047013315307212
normal-o3,1,256,suffix-0,4096,cpp-std-vector,1,1048576,1048576,1,3123000,100047013315307212
normal-o3,1,256,suffix-0,4096,take-swap-c,2,1048576,1048576,1,4357000,11645179633760692174
normal-o3,1,256,suffix-0,4096,swap-take-c,2,1048576,1048576,1,3020000,11645179633760692174
normal-o3,1,256,suffix-0,4096,direct-c,2,1048576,1048576,1,3018000,11645179633760692174
normal-o3,1,256,suffix-0,4096,reverse-c,2,1048576,1048576,1,2987000,11645179633760692174
normal-o3,1,256,suffix-0,4096,whitefoot,2,1048576,1048576,1,2109000,11645179633760692174
normal-o3,1,256,suffix-0,4096,cpp-std-vector,2,1048576,1048576,1,2989000,11645179633760692174
normal-o3,1,256,suffix-0,4096,rust-vec,2,1048576,1048576,1,1165000,11645179633760692174
normal-o3,1,256,suffix-0,4096,swap-take-c,3,1048576,1048576,1,3162000,4743568180496525520
normal-o3,1,256,suffix-0,4096,direct-c,3,1048576,1048576,1,3054000,4743568180496525520
normal-o3,1,256,suffix-0,4096,reverse-c,3,1048576,1048576,1,3015000,4743568180496525520
normal-o3,1,256,suffix-0,4096,whitefoot,3,1048576,1048576,1,2178000,4743568180496525520
normal-o3,1,256,suffix-0,4096,cpp-std-vector,3,1048576,1048576,1,2941000,4743568180496525520
normal-o3,1,256,suffix-0,4096,rust-vec,3,1048576,1048576,1,1128000,4743568180496525520
normal-o3,1,256,suffix-0,4096,take-swap-c,3,1048576,1048576,1,4364000,4743568180496525520
normal-o3,1,256,suffix-0,4096,direct-c,4,1048576,1048576,1,3056000,16288700800941910482
normal-o3,1,256,suffix-0,4096,reverse-c,4,1048576,1048576,1,3070000,16288700800941910482
normal-o3,1,256,suffix-0,4096,whitefoot,4,1048576,1048576,1,2160000,16288700800941910482
normal-o3,1,256,suffix-0,4096,cpp-std-vector,4,1048576,1048576,1,3011000,16288700800941910482
normal-o3,1,256,suffix-0,4096,rust-vec,4,1048576,1048576,1,1165000,16288700800941910482
normal-o3,1,256,suffix-0,4096,take-swap-c,4,1048576,1048576,1,4354000,16288700800941910482
normal-o3,1,256,suffix-0,4096,swap-take-c,4,1048576,1048576,1,3140000,16288700800941910482
normal-o3,1,256,suffix-0,4096,reverse-c,5,1048576,1048576,1,3057000,9387089347677743828
normal-o3,1,256,suffix-0,4096,whitefoot,5,1048576,1048576,1,2124000,9387089347677743828
normal-o3,1,256,suffix-0,4096,cpp-std-vector,5,1048576,1048576,1,2947000,9387089347677743828
normal-o3,1,256,suffix-0,4096,rust-vec,5,1048576,1048576,1,1145000,9387089347677743828
normal-o3,1,256,suffix-0,4096,take-swap-c,5,1048576,1048576,1,4225000,9387089347677743828
normal-o3,1,256,suffix-0,4096,swap-take-c,5,1048576,1048576,1,3017000,9387089347677743828
normal-o3,1,256,suffix-0,4096,direct-c,5,1048576,1048576,1,2936000,9387089347677743828
normal-o3,1,256,suffix-0,4096,whitefoot,6,1048576,1048576,1,2095000,2485477894413577174
normal-o3,1,256,suffix-0,4096,cpp-std-vector,6,1048576,1048576,1,2916000,2485477894413577174
normal-o3,1,256,suffix-0,4096,rust-vec,6,1048576,1048576,1,1128000,2485477894413577174
normal-o3,1,256,suffix-0,4096,take-swap-c,6,1048576,1048576,1,4266000,2485477894413577174
normal-o3,1,256,suffix-0,4096,swap-take-c,6,1048576,1048576,1,3086000,2485477894413577174
normal-o3,1,256,suffix-0,4096,direct-c,6,1048576,1048576,1,2919000,2485477894413577174
normal-o3,1,256,suffix-0,4096,reverse-c,6,1048576,1048576,1,3060000,2485477894413577174
normal-o3,1,256,suffix-1,16,cpp-std-vector,0,1048576,1048576,1,16507000,10077132583444572090
normal-o3,1,256,suffix-1,16,rust-vec,0,1048576,1048576,1,15764000,10077132583444572090
normal-o3,1,256,suffix-1,16,take-swap-c,0,1048576,1048576,1,17624000,10077132583444572090
normal-o3,1,256,suffix-1,16,swap-take-c,0,1048576,1048576,1,34516000,10077132583444572090
normal-o3,1,256,suffix-1,16,direct-c,0,1048576,1048576,1,15729000,10077132583444572090
normal-o3,1,256,suffix-1,16,reverse-c,0,1048576,1048576,1,34378000,10077132583444572090
normal-o3,1,256,suffix-1,16,whitefoot,0,1048576,1048576,1,22670000,10077132583444572090
normal-o3,1,256,suffix-1,16,rust-vec,1,1048576,1048576,1,16025000,18010505805122801404
normal-o3,1,256,suffix-1,16,take-swap-c,1,1048576,1048576,1,17663000,18010505805122801404
normal-o3,1,256,suffix-1,16,swap-take-c,1,1048576,1048576,1,34746000,18010505805122801404
normal-o3,1,256,suffix-1,16,direct-c,1,1048576,1048576,1,15590000,18010505805122801404
normal-o3,1,256,suffix-1,16,reverse-c,1,1048576,1048576,1,34318000,18010505805122801404
normal-o3,1,256,suffix-1,16,whitefoot,1,1048576,1048576,1,22755000,18010505805122801404
normal-o3,1,256,suffix-1,16,cpp-std-vector,1,1048576,1048576,1,16579000,18010505805122801404
normal-o3,1,256,suffix-1,16,take-swap-c,2,1048576,1048576,1,17542000,7497134953091479102
normal-o3,1,256,suffix-1,16,swap-take-c,2,1048576,1048576,1,35355000,7497134953091479102
normal-o3,1,256,suffix-1,16,direct-c,2,1048576,1048576,1,15790000,7497134953091479102
normal-o3,1,256,suffix-1,16,reverse-c,2,1048576,1048576,1,34576000,7497134953091479102
normal-o3,1,256,suffix-1,16,whitefoot,2,1048576,1048576,1,22653000,7497134953091479102
normal-o3,1,256,suffix-1,16,cpp-std-vector,2,1048576,1048576,1,16750000,7497134953091479102
normal-o3,1,256,suffix-1,16,rust-vec,2,1048576,1048576,1,15857000,7497134953091479102
normal-o3,1,256,suffix-1,16,swap-take-c,3,1048576,1048576,1,34509000,15430508174769708416
normal-o3,1,256,suffix-1,16,direct-c,3,1048576,1048576,1,15611000,15430508174769708416
normal-o3,1,256,suffix-1,16,reverse-c,3,1048576,1048576,1,34278000,15430508174769708416
normal-o3,1,256,suffix-1,16,whitefoot,3,1048576,1048576,1,22622000,15430508174769708416
normal-o3,1,256,suffix-1,16,cpp-std-vector,3,1048576,1048576,1,16566000,15430508174769708416
normal-o3,1,256,suffix-1,16,rust-vec,3,1048576,1048576,1,15713000,15430508174769708416
normal-o3,1,256,suffix-1,16,take-swap-c,3,1048576,1048576,1,17882000,15430508174769708416
normal-o3,1,256,suffix-1,16,direct-c,4,1048576,1048576,1,15607000,4917137322738386114
normal-o3,1,256,suffix-1,16,reverse-c,4,1048576,1048576,1,34275000,4917137322738386114
normal-o3,1,256,suffix-1,16,whitefoot,4,1048576,1048576,1,22612000,4917137322738386114
normal-o3,1,256,suffix-1,16,cpp-std-vector,4,1048576,1048576,1,16579000,4917137322738386114
normal-o3,1,256,suffix-1,16,rust-vec,4,1048576,1048576,1,15737000,4917137322738386114
normal-o3,1,256,suffix-1,16,take-swap-c,4,1048576,1048576,1,17616000,4917137322738386114
normal-o3,1,256,suffix-1,16,swap-take-c,4,1048576,1048576,1,36205000,4917137322738386114
normal-o3,1,256,suffix-1,16,reverse-c,5,1048576,1048576,1,34832000,12850510544416615428
normal-o3,1,256,suffix-1,16,whitefoot,5,1048576,1048576,1,22736000,12850510544416615428
normal-o3,1,256,suffix-1,16,cpp-std-vector,5,1048576,1048576,1,16536000,12850510544416615428
normal-o3,1,256,suffix-1,16,rust-vec,5,1048576,1048576,1,16075000,12850510544416615428
normal-o3,1,256,suffix-1,16,take-swap-c,5,1048576,1048576,1,17764000,12850510544416615428
normal-o3,1,256,suffix-1,16,swap-take-c,5,1048576,1048576,1,34576000,12850510544416615428
normal-o3,1,256,suffix-1,16,direct-c,5,1048576,1048576,1,15793000,12850510544416615428
normal-o3,1,256,suffix-1,16,whitefoot,6,1048576,1048576,1,22561000,2337139692385293126
normal-o3,1,256,suffix-1,16,cpp-std-vector,6,1048576,1048576,1,16479000,2337139692385293126
normal-o3,1,256,suffix-1,16,rust-vec,6,1048576,1048576,1,15798000,2337139692385293126
normal-o3,1,256,suffix-1,16,take-swap-c,6,1048576,1048576,1,17581000,2337139692385293126
normal-o3,1,256,suffix-1,16,swap-take-c,6,1048576,1048576,1,34564000,2337139692385293126
normal-o3,1,256,suffix-1,16,direct-c,6,1048576,1048576,1,15653000,2337139692385293126
normal-o3,1,256,suffix-1,16,reverse-c,6,1048576,1048576,1,34373000,2337139692385293126
normal-o3,1,256,suffix-1,256,cpp-std-vector,0,1048576,1048576,1,16526000,16136919648563323066
normal-o3,1,256,suffix-1,256,rust-vec,0,1048576,1048576,1,15892000,16136919648563323066
normal-o3,1,256,suffix-1,256,take-swap-c,0,1048576,1048576,1,17508000,16136919648563323066
normal-o3,1,256,suffix-1,256,swap-take-c,0,1048576,1048576,1,34458000,16136919648563323066
normal-o3,1,256,suffix-1,256,direct-c,0,1048576,1048576,1,15765000,16136919648563323066
normal-o3,1,256,suffix-1,256,reverse-c,0,1048576,1048576,1,34652000,16136919648563323066
normal-o3,1,256,suffix-1,256,whitefoot,0,1048576,1048576,1,22583000,16136919648563323066
normal-o3,1,256,suffix-1,256,rust-vec,1,1048576,1048576,1,15974000,7049943648979053564
normal-o3,1,256,suffix-1,256,take-swap-c,1,1048576,1048576,1,17824000,7049943648979053564
normal-o3,1,256,suffix-1,256,swap-take-c,1,1048576,1048576,1,35399000,7049943648979053564
normal-o3,1,256,suffix-1,256,direct-c,1,1048576,1048576,1,16148000,7049943648979053564
normal-o3,1,256,suffix-1,256,reverse-c,1,1048576,1048576,1,35399000,7049943648979053564
normal-o3,1,256,suffix-1,256,whitefoot,1,1048576,1048576,1,22946000,7049943648979053564
normal-o3,1,256,suffix-1,256,cpp-std-vector,1,1048576,1048576,1,16629000,7049943648979053564
normal-o3,1,256,suffix-1,256,take-swap-c,2,1048576,1048576,1,17732000,16409711723104335678
normal-o3,1,256,suffix-1,256,swap-take-c,2,1048576,1048576,1,35043000,16409711723104335678
normal-o3,1,256,suffix-1,256,direct-c,2,1048576,1048576,1,16160000,16409711723104335678
normal-o3,1,256,suffix-1,256,reverse-c,2,1048576,1048576,1,35315000,16409711723104335678
normal-o3,1,256,suffix-1,256,whitefoot,2,1048576,1048576,1,23171000,16409711723104335678
normal-o3,1,256,suffix-1,256,cpp-std-vector,2,1048576,1048576,1,16945000,16409711723104335678
normal-o3,1,256,suffix-1,256,rust-vec,2,1048576,1048576,1,16200000,16409711723104335678
normal-o3,1,256,suffix-1,256,swap-take-c,3,1048576,1048576,1,35009000,7322735723520066176
normal-o3,1,256,suffix-1,256,direct-c,3,1048576,1048576,1,16126000,7322735723520066176
normal-o3,1,256,suffix-1,256,reverse-c,3,1048576,1048576,1,35694000,7322735723520066176
normal-o3,1,256,suffix-1,256,whitefoot,3,1048576,1048576,1,22971000,7322735723520066176
normal-o3,1,256,suffix-1,256,cpp-std-vector,3,1048576,1048576,1,16574000,7322735723520066176
normal-o3,1,256,suffix-1,256,rust-vec,3,1048576,1048576,1,16061000,7322735723520066176
normal-o3,1,256,suffix-1,256,take-swap-c,3,1048576,1048576,1,18374000,7322735723520066176
normal-o3,1,256,suffix-1,256,direct-c,4,1048576,1048576,1,16645000,16682503797645348290
normal-o3,1,256,suffix-1,256,reverse-c,4,1048576,1048576,1,34577000,16682503797645348290
normal-o3,1,256,suffix-1,256,whitefoot,4,1048576,1048576,1,23057000,16682503797645348290
normal-o3,1,256,suffix-1,256,cpp-std-vector,4,1048576,1048576,1,16745000,16682503797645348290
normal-o3,1,256,suffix-1,256,rust-vec,4,1048576,1048576,1,15765000,16682503797645348290
normal-o3,1,256,suffix-1,256,take-swap-c,4,1048576,1048576,1,17571000,16682503797645348290
normal-o3,1,256,suffix-1,256,swap-take-c,4,1048576,1048576,1,34448000,16682503797645348290
normal-o3,1,256,suffix-1,256,reverse-c,5,1048576,1048576,1,34347000,7595527798061078788
normal-o3,1,256,suffix-1,256,whitefoot,5,1048576,1048576,1,22512000,7595527798061078788
normal-o3,1,256,suffix-1,256,cpp-std-vector,5,1048576,1048576,1,16607000,7595527798061078788
normal-o3,1,256,suffix-1,256,rust-vec,5,1048576,1048576,1,15710000,7595527798061078788
normal-o3,1,256,suffix-1,256,take-swap-c,5,1048576,1048576,1,17738000,7595527798061078788
normal-o3,1,256,suffix-1,256,swap-take-c,5,1048576,1048576,1,34543000,7595527798061078788
normal-o3,1,256,suffix-1,256,direct-c,5,1048576,1048576,1,15573000,7595527798061078788
normal-o3,1,256,suffix-1,256,whitefoot,6,1048576,1048576,1,22468000,16955295872186360902
normal-o3,1,256,suffix-1,256,cpp-std-vector,6,1048576,1048576,1,16685000,16955295872186360902
normal-o3,1,256,suffix-1,256,rust-vec,6,1048576,1048576,1,15809000,16955295872186360902
normal-o3,1,256,suffix-1,256,take-swap-c,6,1048576,1048576,1,17799000,16955295872186360902
normal-o3,1,256,suffix-1,256,swap-take-c,6,1048576,1048576,1,34828000,16955295872186360902
normal-o3,1,256,suffix-1,256,direct-c,6,1048576,1048576,1,15769000,16955295872186360902
normal-o3,1,256,suffix-1,256,reverse-c,6,1048576,1048576,1,34506000,16955295872186360902
normal-o3,1,256,suffix-1,4096,cpp-std-vector,0,1048576,1048576,1,16770000,11423154033847496890
normal-o3,1,256,suffix-1,4096,rust-vec,0,1048576,1048576,1,15822000,11423154033847496890
normal-o3,1,256,suffix-1,4096,take-swap-c,0,1048576,1048576,1,17741000,11423154033847496890
normal-o3,1,256,suffix-1,4096,swap-take-c,0,1048576,1048576,1,34571000,11423154033847496890
normal-o3,1,256,suffix-1,4096,direct-c,0,1048576,1048576,1,15960000,11423154033847496890
normal-o3,1,256,suffix-1,4096,reverse-c,0,1048576,1048576,1,34517000,11423154033847496890
normal-o3,1,256,suffix-1,4096,whitefoot,0,1048576,1048576,1,22732000,11423154033847496890
normal-o3,1,256,suffix-1,4096,rust-vec,1,1048576,1048576,1,15912000,18279605564934372348
normal-o3,1,256,suffix-1,4096,take-swap-c,1,1048576,1048576,1,17693000,18279605564934372348
normal-o3,1,256,suffix-1,4096,swap-take-c,1,1048576,1048576,1,34724000,18279605564934372348
normal-o3,1,256,suffix-1,4096,direct-c,1,1048576,1048576,1,15793000,18279605564934372348
normal-o3,1,256,suffix-1,4096,reverse-c,1,1048576,1048576,1,34498000,18279605564934372348
normal-o3,1,256,suffix-1,4096,whitefoot,1,1048576,1048576,1,22810000,18279605564934372348
normal-o3,1,256,suffix-1,4096,cpp-std-vector,1,1048576,1048576,1,17637000,18279605564934372348
normal-o3,1,256,suffix-1,4096,take-swap-c,2,1048576,1048576,1,17822000,6689313022311696190
normal-o3,1,256,suffix-1,4096,swap-take-c,2,1048576,1048576,1,34862000,6689313022311696190
normal-o3,1,256,suffix-1,4096,direct-c,2,1048576,1048576,1,15910000,6689313022311696190
normal-o3,1,256,suffix-1,4096,reverse-c,2,1048576,1048576,1,34604000,6689313022311696190
normal-o3,1,256,suffix-1,4096,whitefoot,2,1048576,1048576,1,22667000,6689313022311696190
normal-o3,1,256,suffix-1,4096,cpp-std-vector,2,1048576,1048576,1,16758000,6689313022311696190
normal-o3,1,256,suffix-1,4096,rust-vec,2,1048576,1048576,1,15852000,6689313022311696190
normal-o3,1,256,suffix-1,4096,swap-take-c,3,1048576,1048576,1,34954000,13545764553398571648
normal-o3,1,256,suffix-1,4096,direct-c,3,1048576,1048576,1,16181000,13545764553398571648
normal-o3,1,256,suffix-1,4096,reverse-c,3,1048576,1048576,1,34740000,13545764553398571648
normal-o3,1,256,suffix-1,4096,whitefoot,3,1048576,1048576,1,22756000,13545764553398571648
normal-o3,1,256,suffix-1,4096,cpp-std-vector,3,1048576,1048576,1,16640000,13545764553398571648
normal-o3,1,256,suffix-1,4096,rust-vec,3,1048576,1048576,1,15954000,13545764553398571648
normal-o3,1,256,suffix-1,4096,take-swap-c,3,1048576,1048576,1,17714000,13545764553398571648
normal-o3,1,256,suffix-1,4096,direct-c,4,1048576,1048576,1,15714000,1955472010775895490
normal-o3,1,256,suffix-1,4096,reverse-c,4,1048576,1048576,1,34542000,1955472010775895490
normal-o3,1,256,suffix-1,4096,whitefoot,4,1048576,1048576,1,22759000,1955472010775895490
normal-o3,1,256,suffix-1,4096,cpp-std-vector,4,1048576,1048576,1,16638000,1955472010775895490
normal-o3,1,256,suffix-1,4096,rust-vec,4,1048576,1048576,1,15919000,1955472010775895490
normal-o3,1,256,suffix-1,4096,take-swap-c,4,1048576,1048576,1,17803000,1955472010775895490
normal-o3,1,256,suffix-1,4096,swap-take-c,4,1048576,1048576,1,36281000,1955472010775895490
normal-o3,1,256,suffix-1,4096,reverse-c,5,1048576,1048576,1,34651000,8811923541862770948
normal-o3,1,256,suffix-1,4096,whitefoot,5,1048576,1048576,1,22879000,8811923541862770948
normal-o3,1,256,suffix-1,4096,cpp-std-vector,5,1048576,1048576,1,16776000,8811923541862770948
normal-o3,1,256,suffix-1,4096,rust-vec,5,1048576,1048576,1,15994000,8811923541862770948
normal-o3,1,256,suffix-1,4096,take-swap-c,5,1048576,1048576,1,17784000,8811923541862770948
normal-o3,1,256,suffix-1,4096,swap-take-c,5,1048576,1048576,1,34670000,8811923541862770948
normal-o3,1,256,suffix-1,4096,direct-c,5,1048576,1048576,1,15855000,8811923541862770948
normal-o3,1,256,suffix-1,4096,whitefoot,6,1048576,1048576,1,22970000,15668375072949646406
normal-o3,1,256,suffix-1,4096,cpp-std-vector,6,1048576,1048576,1,16638000,15668375072949646406
normal-o3,1,256,suffix-1,4096,rust-vec,6,1048576,1048576,1,15916000,15668375072949646406
normal-o3,1,256,suffix-1,4096,take-swap-c,6,1048576,1048576,1,17842000,15668375072949646406
normal-o3,1,256,suffix-1,4096,swap-take-c,6,1048576,1048576,1,34970000,15668375072949646406
normal-o3,1,256,suffix-1,4096,direct-c,6,1048576,1048576,1,15844000,15668375072949646406
normal-o3,1,256,suffix-1,4096,reverse-c,6,1048576,1048576,1,34584000,15668375072949646406
normal-o3,1,256,suffix-2,16,cpp-std-vector,0,1048576,524288,1,21693000,7440959976666623466
normal-o3,1,256,suffix-2,16,rust-vec,0,1048576,524288,1,21565000,7440959976666623466
normal-o3,1,256,suffix-2,16,take-swap-c,0,1048576,524288,1,22901000,7440959976666623466
normal-o3,1,256,suffix-2,16,swap-take-c,0,1048576,524288,1,37064000,7440959976666623466
normal-o3,1,256,suffix-2,16,direct-c,0,1048576,524288,1,21939000,7440959976666623466
normal-o3,1,256,suffix-2,16,reverse-c,0,1048576,524288,1,35765000,7440959976666623466
normal-o3,1,256,suffix-2,16,whitefoot,0,1048576,524288,1,22372000,7440959976666623466
normal-o3,1,256,suffix-2,16,rust-vec,1,1048576,524288,1,21739000,5917089180867772268
normal-o3,1,256,suffix-2,16,take-swap-c,1,1048576,524288,1,21879000,5917089180867772268
normal-o3,1,256,suffix-2,16,swap-take-c,1,1048576,524288,1,35698000,5917089180867772268
normal-o3,1,256,suffix-2,16,direct-c,1,1048576,524288,1,21748000,5917089180867772268
normal-o3,1,256,suffix-2,16,reverse-c,1,1048576,524288,1,35639000,5917089180867772268
normal-o3,1,256,suffix-2,16,whitefoot,1,1048576,524288,1,23644000,5917089180867772268
normal-o3,1,256,suffix-2,16,cpp-std-vector,1,1048576,524288,1,21911000,5917089180867772268
normal-o3,1,256,suffix-2,16,take-swap-c,2,1048576,524288,1,22022000,4393218385068921070
normal-o3,1,256,suffix-2,16,swap-take-c,2,1048576,524288,1,35653000,4393218385068921070
normal-o3,1,256,suffix-2,16,direct-c,2,1048576,524288,1,21772000,4393218385068921070
normal-o3,1,256,suffix-2,16,reverse-c,2,1048576,524288,1,35886000,4393218385068921070
normal-o3,1,256,suffix-2,16,whitefoot,2,1048576,524288,1,22777000,4393218385068921070
normal-o3,1,256,suffix-2,16,cpp-std-vector,2,1048576,524288,1,21675000,4393218385068921070
normal-o3,1,256,suffix-2,16,rust-vec,2,1048576,524288,1,21766000,4393218385068921070
normal-o3,1,256,suffix-2,16,swap-take-c,3,1048576,524288,1,35747000,2869347589270069872
normal-o3,1,256,suffix-2,16,direct-c,3,1048576,524288,1,21801000,2869347589270069872
normal-o3,1,256,suffix-2,16,reverse-c,3,1048576,524288,1,35994000,2869347589270069872
normal-o3,1,256,suffix-2,16,whitefoot,3,1048576,524288,1,22569000,2869347589270069872
normal-o3,1,256,suffix-2,16,cpp-std-vector,3,1048576,524288,1,21731000,2869347589270069872
normal-o3,1,256,suffix-2,16,rust-vec,3,1048576,524288,1,21837000,2869347589270069872
normal-o3,1,256,suffix-2,16,take-swap-c,3,1048576,524288,1,22127000,2869347589270069872
normal-o3,1,256,suffix-2,16,direct-c,4,1048576,524288,1,21728000,1345476793471218674
normal-o3,1,256,suffix-2,16,reverse-c,4,1048576,524288,1,35993000,1345476793471218674
normal-o3,1,256,suffix-2,16,whitefoot,4,1048576,524288,1,22654000,1345476793471218674
normal-o3,1,256,suffix-2,16,cpp-std-vector,4,1048576,524288,1,21760000,1345476793471218674
normal-o3,1,256,suffix-2,16,rust-vec,4,1048576,524288,1,21677000,1345476793471218674
normal-o3,1,256,suffix-2,16,take-swap-c,4,1048576,524288,1,22000000,1345476793471218674
normal-o3,1,256,suffix-2,16,swap-take-c,4,1048576,524288,1,35669000,1345476793471218674
normal-o3,1,256,suffix-2,16,reverse-c,5,1048576,524288,1,36530000,18268350071381919092
normal-o3,1,256,suffix-2,16,whitefoot,5,1048576,524288,1,23710000,18268350071381919092
normal-o3,1,256,suffix-2,16,cpp-std-vector,5,1048576,524288,1,22492000,18268350071381919092
normal-o3,1,256,suffix-2,16,rust-vec,5,1048576,524288,1,21706000,18268350071381919092
normal-o3,1,256,suffix-2,16,take-swap-c,5,1048576,524288,1,22126000,18268350071381919092
normal-o3,1,256,suffix-2,16,swap-take-c,5,1048576,524288,1,35672000,18268350071381919092
normal-o3,1,256,suffix-2,16,direct-c,5,1048576,524288,1,21633000,18268350071381919092
normal-o3,1,256,suffix-2,16,whitefoot,6,1048576,524288,1,22248000,16744479275583067894
normal-o3,1,256,suffix-2,16,cpp-std-vector,6,1048576,524288,1,21657000,16744479275583067894
normal-o3,1,256,suffix-2,16,rust-vec,6,1048576,524288,1,21673000,16744479275583067894
normal-o3,1,256,suffix-2,16,take-swap-c,6,1048576,524288,1,22083000,16744479275583067894
normal-o3,1,256,suffix-2,16,swap-take-c,6,1048576,524288,1,35702000,16744479275583067894
normal-o3,1,256,suffix-2,16,direct-c,6,1048576,524288,1,21713000,16744479275583067894
normal-o3,1,256,suffix-2,16,reverse-c,6,1048576,524288,1,36104000,16744479275583067894
normal-o3,1,256,suffix-2,256,cpp-std-vector,0,1048576,524288,1,21573000,2462342821806119658
normal-o3,1,256,suffix-2,256,rust-vec,0,1048576,524288,1,21715000,2462342821806119658
normal-o3,1,256,suffix-2,256,take-swap-c,0,1048576,524288,1,22037000,2462342821806119658
normal-o3,1,256,suffix-2,256,swap-take-c,0,1048576,524288,1,35750000,2462342821806119658
normal-o3,1,256,suffix-2,256,direct-c,0,1048576,524288,1,21686000,2462342821806119658
normal-o3,1,256,suffix-2,256,reverse-c,0,1048576,524288,1,35848000,2462342821806119658
normal-o3,1,256,suffix-2,256,whitefoot,0,1048576,524288,1,22525000,2462342821806119658
normal-o3,1,256,suffix-2,256,rust-vec,1,1048576,524288,1,21937000,15413974867576442988
normal-o3,1,256,suffix-2,256,take-swap-c,1,1048576,524288,1,22215000,15413974867576442988
normal-o3,1,256,suffix-2,256,swap-take-c,1,1048576,524288,1,35631000,15413974867576442988
normal-o3,1,256,suffix-2,256,direct-c,1,1048576,524288,1,21745000,15413974867576442988
normal-o3,1,256,suffix-2,256,reverse-c,1,1048576,524288,1,35960000,15413974867576442988
normal-o3,1,256,suffix-2,256,whitefoot,1,1048576,524288,1,22608000,15413974867576442988
normal-o3,1,256,suffix-2,256,cpp-std-vector,1,1048576,524288,1,21820000,15413974867576442988
normal-o3,1,256,suffix-2,256,take-swap-c,2,1048576,524288,1,21979000,9918862839637214702
normal-o3,1,256,suffix-2,256,swap-take-c,2,1048576,524288,1,36324000,9918862839637214702
normal-o3,1,256,suffix-2,256,direct-c,2,1048576,524288,1,22600000,9918862839637214702
normal-o3,1,256,suffix-2,256,reverse-c,2,1048576,524288,1,36600000,9918862839637214702
normal-o3,1,256,suffix-2,256,whitefoot,2,1048576,524288,1,23459000,9918862839637214702
normal-o3,1,256,suffix-2,256,cpp-std-vector,2,1048576,524288,1,21540000,9918862839637214702
normal-o3,1,256,suffix-2,256,rust-vec,2,1048576,524288,1,22126000,9918862839637214702
normal-o3,1,256,suffix-2,256,swap-take-c,3,1048576,524288,1,36973000,4423750811697986416
normal-o3,1,256,suffix-2,256,direct-c,3,1048576,524288,1,21686000,4423750811697986416
normal-o3,1,256,suffix-2,256,reverse-c,3,1048576,524288,1,35769000,4423750811697986416
normal-o3,1,256,suffix-2,256,whitefoot,3,1048576,524288,1,23113000,4423750811697986416
normal-o3,1,256,suffix-2,256,cpp-std-vector,3,1048576,524288,1,21707000,4423750811697986416
normal-o3,1,256,suffix-2,256,rust-vec,3,1048576,524288,1,21548000,4423750811697986416
normal-o3,1,256,suffix-2,256,take-swap-c,3,1048576,524288,1,22054000,4423750811697986416
normal-o3,1,256,suffix-2,256,direct-c,4,1048576,524288,1,21664000,17375382857468309746
normal-o3,1,256,suffix-2,256,reverse-c,4,1048576,524288,1,35658000,17375382857468309746
normal-o3,1,256,suffix-2,256,whitefoot,4,1048576,524288,1,23524000,17375382857468309746
normal-o3,1,256,suffix-2,256,cpp-std-vector,4,1048576,524288,1,21617000,17375382857468309746
normal-o3,1,256,suffix-2,256,rust-vec,4,1048576,524288,1,21736000,17375382857468309746
normal-o3,1,256,suffix-2,256,take-swap-c,4,1048576,524288,1,22030000,17375382857468309746
normal-o3,1,256,suffix-2,256,swap-take-c,4,1048576,524288,1,35703000,17375382857468309746
normal-o3,1,256,suffix-2,256,reverse-c,5,1048576,524288,1,35739000,11880270829529081460
normal-o3,1,256,suffix-2,256,whitefoot,5,1048576,524288,1,22339000,11880270829529081460
normal-o3,1,256,suffix-2,256,cpp-std-vector,5,1048576,524288,1,21645000,11880270829529081460
normal-o3,1,256,suffix-2,256,rust-vec,5,1048576,524288,1,21627000,11880270829529081460
normal-o3,1,256,suffix-2,256,take-swap-c,5,1048576,524288,1,22226000,11880270829529081460
normal-o3,1,256,suffix-2,256,swap-take-c,5,1048576,524288,1,35992000,11880270829529081460
normal-o3,1,256,suffix-2,256,direct-c,5,1048576,524288,1,21877000,11880270829529081460
normal-o3,1,256,suffix-2,256,whitefoot,6,1048576,524288,1,23530000,6385158801589853174
normal-o3,1,256,suffix-2,256,cpp-std-vector,6,1048576,524288,1,21654000,6385158801589853174
normal-o3,1,256,suffix-2,256,rust-vec,6,1048576,524288,1,21566000,6385158801589853174
normal-o3,1,256,suffix-2,256,take-swap-c,6,1048576,524288,1,22197000,6385158801589853174
normal-o3,1,256,suffix-2,256,swap-take-c,6,1048576,524288,1,35646000,6385158801589853174
normal-o3,1,256,suffix-2,256,direct-c,6,1048576,524288,1,21688000,6385158801589853174
normal-o3,1,256,suffix-2,256,reverse-c,6,1048576,524288,1,35693000,6385158801589853174
normal-o3,1,256,suffix-2,4096,cpp-std-vector,0,1048576,524288,1,21814000,9641278357841734378
normal-o3,1,256,suffix-2,4096,rust-vec,0,1048576,524288,1,22345000,9641278357841734378
normal-o3,1,256,suffix-2,4096,take-swap-c,0,1048576,524288,1,23255000,9641278357841734378
normal-o3,1,256,suffix-2,4096,swap-take-c,0,1048576,524288,1,36984000,9641278357841734378
normal-o3,1,256,suffix-2,4096,direct-c,0,1048576,524288,1,22550000,9641278357841734378
normal-o3,1,256,suffix-2,4096,reverse-c,0,1048576,524288,1,37289000,9641278357841734378
normal-o3,1,256,suffix-2,4096,whitefoot,0,1048576,524288,1,23704000,9641278357841734378
normal-o3,1,256,suffix-2,4096,rust-vec,1,1048576,524288,1,21948000,1379187259122409580
normal-o3,1,256,suffix-2,4096,take-swap-c,1,1048576,524288,1,22285000,1379187259122409580
normal-o3,1,256,suffix-2,4096,swap-take-c,1,1048576,524288,1,35954000,1379187259122409580
normal-o3,1,256,suffix-2,4096,direct-c,1,1048576,524288,1,21867000,1379187259122409580
normal-o3,1,256,suffix-2,4096,reverse-c,1,1048576,524288,1,35891000,1379187259122409580
normal-o3,1,256,suffix-2,4096,whitefoot,1,1048576,524288,1,22467000,1379187259122409580
normal-o3,1,256,suffix-2,4096,cpp-std-vector,1,1048576,524288,1,22061000,1379187259122409580
normal-o3,1,256,suffix-2,4096,take-swap-c,2,1048576,524288,1,22183000,11563840234112636398
normal-o3,1,256,suffix-2,4096,swap-take-c,2,1048576,524288,1,35798000,11563840234112636398
normal-o3,1,256,suffix-2,4096,direct-c,2,1048576,524288,1,21807000,11563840234112636398
normal-o3,1,256,suffix-2,4096,reverse-c,2,1048576,524288,1,35849000,11563840234112636398
normal-o3,1,256,suffix-2,4096,whitefoot,2,1048576,524288,1,23388000,11563840234112636398
normal-o3,1,256,suffix-2,4096,cpp-std-vector,2,1048576,524288,1,21961000,11563840234112636398
normal-o3,1,256,suffix-2,4096,rust-vec,2,1048576,524288,1,21795000,11563840234112636398
normal-o3,1,256,suffix-2,4096,swap-take-c,3,1048576,524288,1,35929000,3301749135393311600
normal-o3,1,256,suffix-2,4096,direct-c,3,1048576,524288,1,22066000,3301749135393311600
normal-o3,1,256,suffix-2,4096,reverse-c,3,1048576,524288,1,35877000,3301749135393311600
normal-o3,1,256,suffix-2,4096,whitefoot,3,1048576,524288,1,23911000,3301749135393311600
normal-o3,1,256,suffix-2,4096,cpp-std-vector,3,1048576,524288,1,21945000,3301749135393311600
normal-o3,1,256,suffix-2,4096,rust-vec,3,1048576,524288,1,21851000,3301749135393311600
normal-o3,1,256,suffix-2,4096,take-swap-c,3,1048576,524288,1,22257000,3301749135393311600
normal-o3,1,256,suffix-2,4096,direct-c,4,1048576,524288,1,21857000,13486402110383538418
normal-o3,1,256,suffix-2,4096,reverse-c,4,1048576,524288,1,35843000,13486402110383538418
normal-o3,1,256,suffix-2,4096,whitefoot,4,1048576,524288,1,22598000,13486402110383538418
normal-o3,1,256,suffix-2,4096,cpp-std-vector,4,1048576,524288,1,21690000,13486402110383538418
normal-o3,1,256,suffix-2,4096,rust-vec,4,1048576,524288,1,21876000,13486402110383538418
normal-o3,1,256,suffix-2,4096,take-swap-c,4,1048576,524288,1,22120000,13486402110383538418
normal-o3,1,256,suffix-2,4096,swap-take-c,4,1048576,524288,1,35886000,13486402110383538418
normal-o3,1,256,suffix-2,4096,reverse-c,5,1048576,524288,1,35801000,5224311011664213620
normal-o3,1,256,suffix-2,4096,whitefoot,5,1048576,524288,1,23536000,5224311011664213620
normal-o3,1,256,suffix-2,4096,cpp-std-vector,5,1048576,524288,1,22070000,5224311011664213620
normal-o3,1,256,suffix-2,4096,rust-vec,5,1048576,524288,1,22508000,5224311011664213620
normal-o3,1,256,suffix-2,4096,take-swap-c,5,1048576,524288,1,23127000,5224311011664213620
normal-o3,1,256,suffix-2,4096,swap-take-c,5,1048576,524288,1,36377000,5224311011664213620
normal-o3,1,256,suffix-2,4096,direct-c,5,1048576,524288,1,21935000,5224311011664213620
normal-o3,1,256,suffix-2,4096,whitefoot,6,1048576,524288,1,23313000,15408963986654440438
normal-o3,1,256,suffix-2,4096,cpp-std-vector,6,1048576,524288,1,21879000,15408963986654440438
normal-o3,1,256,suffix-2,4096,rust-vec,6,1048576,524288,1,21734000,15408963986654440438
normal-o3,1,256,suffix-2,4096,take-swap-c,6,1048576,524288,1,22208000,15408963986654440438
normal-o3,1,256,suffix-2,4096,swap-take-c,6,1048576,524288,1,35933000,15408963986654440438
normal-o3,1,256,suffix-2,4096,direct-c,6,1048576,524288,1,21939000,15408963986654440438
normal-o3,1,256,suffix-2,4096,reverse-c,6,1048576,524288,1,35830000,15408963986654440438
normal-o3,1,256,suffix-3,16,cpp-std-vector,0,1048576,349525,1,26163000,1054367555497166597
normal-o3,1,256,suffix-3,16,rust-vec,0,1048576,349525,1,25101000,1054367555497166597
normal-o3,1,256,suffix-3,16,take-swap-c,0,1048576,349525,1,31174000,1054367555497166597
normal-o3,1,256,suffix-3,16,swap-take-c,0,1048576,349525,1,35489000,1054367555497166597
normal-o3,1,256,suffix-3,16,direct-c,0,1048576,349525,1,25113000,1054367555497166597
normal-o3,1,256,suffix-3,16,reverse-c,0,1048576,349525,1,35489000,1054367555497166597
normal-o3,1,256,suffix-3,16,whitefoot,0,1048576,349525,1,26509000,1054367555497166597
normal-o3,1,256,suffix-3,16,rust-vec,1,1048576,349525,1,25165000,5794397202544729692
normal-o3,1,256,suffix-3,16,take-swap-c,1,1048576,349525,1,31162000,5794397202544729692
normal-o3,1,256,suffix-3,16,swap-take-c,1,1048576,349525,1,35509000,5794397202544729692
normal-o3,1,256,suffix-3,16,direct-c,1,1048576,349525,1,24982000,5794397202544729692
normal-o3,1,256,suffix-3,16,reverse-c,1,1048576,349525,1,35463000,5794397202544729692
normal-o3,1,256,suffix-3,16,whitefoot,1,1048576,349525,1,26442000,5794397202544729692
normal-o3,1,256,suffix-3,16,cpp-std-vector,1,1048576,349525,1,26127000,5794397202544729692
normal-o3,1,256,suffix-3,16,take-swap-c,2,1048576,349525,1,31062000,10534426849592292787
normal-o3,1,256,suffix-3,16,swap-take-c,2,1048576,349525,1,35697000,10534426849592292787
normal-o3,1,256,suffix-3,16,direct-c,2,1048576,349525,1,24997000,10534426849592292787
normal-o3,1,256,suffix-3,16,reverse-c,2,1048576,349525,1,35390000,10534426849592292787
normal-o3,1,256,suffix-3,16,whitefoot,2,1048576,349525,1,26417000,10534426849592292787
normal-o3,1,256,suffix-3,16,cpp-std-vector,2,1048576,349525,1,26535000,10534426849592292787
normal-o3,1,256,suffix-3,16,rust-vec,2,1048576,349525,1,25433000,10534426849592292787
normal-o3,1,256,suffix-3,16,swap-take-c,3,1048576,349525,1,36364000,15274456496639855882
normal-o3,1,256,suffix-3,16,direct-c,3,1048576,349525,1,25180000,15274456496639855882
normal-o3,1,256,suffix-3,16,reverse-c,3,1048576,349525,1,35439000,15274456496639855882
normal-o3,1,256,suffix-3,16,whitefoot,3,1048576,349525,1,26436000,15274456496639855882
normal-o3,1,256,suffix-3,16,cpp-std-vector,3,1048576,349525,1,26093000,15274456496639855882
normal-o3,1,256,suffix-3,16,rust-vec,3,1048576,349525,1,25015000,15274456496639855882
normal-o3,1,256,suffix-3,16,take-swap-c,3,1048576,349525,1,31186000,15274456496639855882
normal-o3,1,256,suffix-3,16,direct-c,4,1048576,349525,1,25105000,1567742069977867361
normal-o3,1,256,suffix-3,16,reverse-c,4,1048576,349525,1,35387000,1567742069977867361
normal-o3,1,256,suffix-3,16,whitefoot,4,1048576,349525,1,26409000,1567742069977867361
normal-o3,1,256,suffix-3,16,cpp-std-vector,4,1048576,349525,1,26046000,1567742069977867361
normal-o3,1,256,suffix-3,16,rust-vec,4,1048576,349525,1,25103000,1567742069977867361
normal-o3,1,256,suffix-3,16,take-swap-c,4,1048576,349525,1,31231000,1567742069977867361
normal-o3,1,256,suffix-3,16,swap-take-c,4,1048576,349525,1,35609000,1567742069977867361
normal-o3,1,256,suffix-3,16,reverse-c,5,1048576,349525,1,35586000,6307771717025430456
normal-o3,1,256,suffix-3,16,whitefoot,5,1048576,349525,1,26499000,6307771717025430456
normal-o3,1,256,suffix-3,16,cpp-std-vector,5,1048576,349525,1,26027000,6307771717025430456
normal-o3,1,256,suffix-3,16,rust-vec,5,1048576,349525,1,25535000,6307771717025430456
normal-o3,1,256,suffix-3,16,take-swap-c,5,1048576,349525,1,31600000,6307771717025430456
normal-o3,1,256,suffix-3,16,swap-take-c,5,1048576,349525,1,35448000,6307771717025430456
normal-o3,1,256,suffix-3,16,direct-c,5,1048576,349525,1,25182000,6307771717025430456
normal-o3,1,256,suffix-3,16,whitefoot,6,1048576,349525,1,26438000,11047801364072993551
normal-o3,1,256,suffix-3,16,cpp-std-vector,6,1048576,349525,1,26044000,11047801364072993551
normal-o3,1,256,suffix-3,16,rust-vec,6,1048576,349525,1,25276000,11047801364072993551
normal-o3,1,256,suffix-3,16,take-swap-c,6,1048576,349525,1,31085000,11047801364072993551
normal-o3,1,256,suffix-3,16,swap-take-c,6,1048576,349525,1,35555000,11047801364072993551
normal-o3,1,256,suffix-3,16,direct-c,6,1048576,349525,1,25830000,11047801364072993551
normal-o3,1,256,suffix-3,16,reverse-c,6,1048576,349525,1,36078000,11047801364072993551
normal-o3,1,256,suffix-3,256,cpp-std-vector,0,1048576,349525,1,79579000,15528439189922159621
normal-o3,1,256,suffix-3,256,rust-vec,0,1048576,349525,1,34079000,15528439189922159621
normal-o3,1,256,suffix-3,256,take-swap-c,0,1048576,349525,1,31519000,15528439189922159621
normal-o3,1,256,suffix-3,256,swap-take-c,0,1048576,349525,1,35722000,15528439189922159621
normal-o3,1,256,suffix-3,256,direct-c,0,1048576,349525,1,25093000,15528439189922159621
normal-o3,1,256,suffix-3,256,reverse-c,0,1048576,349525,1,35513000,15528439189922159621
normal-o3,1,256,suffix-3,256,whitefoot,0,1048576,349525,1,26395000,15528439189922159621
normal-o3,1,256,suffix-3,256,rust-vec,1,1048576,349525,1,25075000,6728350532028667740
normal-o3,1,256,suffix-3,256,take-swap-c,1,1048576,349525,1,31160000,6728350532028667740
normal-o3,1,256,suffix-3,256,swap-take-c,1,1048576,349525,1,35425000,6728350532028667740
normal-o3,1,256,suffix-3,256,direct-c,1,1048576,349525,1,25059000,6728350532028667740
normal-o3,1,256,suffix-3,256,reverse-c,1,1048576,349525,1,35412000,6728350532028667740
normal-o3,1,256,suffix-3,256,whitefoot,1,1048576,349525,1,26448000,6728350532028667740
normal-o3,1,256,suffix-3,256,cpp-std-vector,1,1048576,349525,1,26699000,6728350532028667740
normal-o3,1,256,suffix-3,256,take-swap-c,2,1048576,349525,1,31758000,16375005947844727475
normal-o3,1,256,suffix-3,256,swap-take-c,2,1048576,349525,1,35452000,16375005947844727475
normal-o3,1,256,suffix-3,256,direct-c,2,1048576,349525,1,25135000,16375005947844727475
normal-o3,1,256,suffix-3,256,reverse-c,2,1048576,349525,1,35463000,16375005947844727475
normal-o3,1,256,suffix-3,256,whitefoot,2,1048576,349525,1,27641000,16375005947844727475
normal-o3,1,256,suffix-3,256,cpp-std-vector,2,1048576,349525,1,26820000,16375005947844727475
normal-o3,1,256,suffix-3,256,rust-vec,2,1048576,349525,1,25987000,16375005947844727475
normal-o3,1,256,suffix-3,256,swap-take-c,3,1048576,349525,1,35504000,7574917289951235594
normal-o3,1,256,suffix-3,256,direct-c,3,1048576,349525,1,25019000,7574917289951235594
normal-o3,1,256,suffix-3,256,reverse-c,3,1048576,349525,1,36233000,7574917289951235594
normal-o3,1,256,suffix-3,256,whitefoot,3,1048576,349525,1,26593000,7574917289951235594
normal-o3,1,256,suffix-3,256,cpp-std-vector,3,1048576,349525,1,25989000,7574917289951235594
normal-o3,1,256,suffix-3,256,rust-vec,3,1048576,349525,1,25163000,7574917289951235594
normal-o3,1,256,suffix-3,256,take-swap-c,3,1048576,349525,1,31722000,7574917289951235594
normal-o3,1,256,suffix-3,256,direct-c,4,1048576,349525,1,26369000,17221572705767295329
normal-o3,1,256,suffix-3,256,reverse-c,4,1048576,349525,1,36210000,17221572705767295329
normal-o3,1,256,suffix-3,256,whitefoot,4,1048576,349525,1,26448000,17221572705767295329
normal-o3,1,256,suffix-3,256,cpp-std-vector,4,1048576,349525,1,26371000,17221572705767295329
normal-o3,1,256,suffix-3,256,rust-vec,4,1048576,349525,1,25187000,17221572705767295329
normal-o3,1,256,suffix-3,256,take-swap-c,4,1048576,349525,1,31252000,17221572705767295329
normal-o3,1,256,suffix-3,256,swap-take-c,4,1048576,349525,1,36410000,17221572705767295329
normal-o3,1,256,suffix-3,256,reverse-c,5,1048576,349525,1,35521000,8421484047873803448
normal-o3,1,256,suffix-3,256,whitefoot,5,1048576,349525,1,26438000,8421484047873803448
normal-o3,1,256,suffix-3,256,cpp-std-vector,5,1048576,349525,1,26175000,8421484047873803448
normal-o3,1,256,suffix-3,256,rust-vec,5,1048576,349525,1,25012000,8421484047873803448
normal-o3,1,256,suffix-3,256,take-swap-c,5,1048576,349525,1,31246000,8421484047873803448
normal-o3,1,256,suffix-3,256,swap-take-c,5,1048576,349525,1,36124000,8421484047873803448
normal-o3,1,256,suffix-3,256,direct-c,5,1048576,349525,1,26069000,8421484047873803448
normal-o3,1,256,suffix-3,256,whitefoot,6,1048576,349525,1,26972000,18068139463689863183
normal-o3,1,256,suffix-3,256,cpp-std-vector,6,1048576,349525,1,26550000,18068139463689863183
normal-o3,1,256,suffix-3,256,rust-vec,6,1048576,349525,1,25571000,18068139463689863183
normal-o3,1,256,suffix-3,256,take-swap-c,6,1048576,349525,1,31382000,18068139463689863183
normal-o3,1,256,suffix-3,256,swap-take-c,6,1048576,349525,1,36902000,18068139463689863183
normal-o3,1,256,suffix-3,256,direct-c,6,1048576,349525,1,25256000,18068139463689863183
normal-o3,1,256,suffix-3,256,reverse-c,6,1048576,349525,1,35384000,18068139463689863183
normal-o3,1,256,suffix-3,4096,cpp-std-vector,0,1048576,349525,1,26746000,15626320741824457733
normal-o3,1,256,suffix-3,4096,rust-vec,0,1048576,349525,1,25339000,15626320741824457733
normal-o3,1,256,suffix-3,4096,take-swap-c,0,1048576,349525,1,31251000,15626320741824457733
normal-o3,1,256,suffix-3,4096,swap-take-c,0,1048576,349525,1,35624000,15626320741824457733
normal-o3,1,256,suffix-3,4096,direct-c,0,1048576,349525,1,25268000,15626320741824457733
normal-o3,1,256,suffix-3,4096,reverse-c,0,1048576,349525,1,35538000,15626320741824457733
normal-o3,1,256,suffix-3,4096,whitefoot,0,1048576,349525,1,26497000,15626320741824457733
normal-o3,1,256,suffix-3,4096,rust-vec,1,1048576,349525,1,25257000,11900565124691961692
normal-o3,1,256,suffix-3,4096,take-swap-c,1,1048576,349525,1,32773000,11900565124691961692
normal-o3,1,256,suffix-3,4096,swap-take-c,1,1048576,349525,1,36834000,11900565124691961692
normal-o3,1,256,suffix-3,4096,direct-c,1,1048576,349525,1,25307000,11900565124691961692
normal-o3,1,256,suffix-3,4096,reverse-c,1,1048576,349525,1,35646000,11900565124691961692
normal-o3,1,256,suffix-3,4096,whitefoot,1,1048576,349525,1,26482000,11900565124691961692
normal-o3,1,256,suffix-3,4096,cpp-std-vector,1,1048576,349525,1,26179000,11900565124691961692
normal-o3,1,256,suffix-3,4096,take-swap-c,2,1048576,349525,1,31287000,8174809507559465651
normal-o3,1,256,suffix-3,4096,swap-take-c,2,1048576,349525,1,36704000,8174809507559465651
normal-o3,1,256,suffix-3,4096,direct-c,2,1048576,349525,1,26049000,8174809507559465651
normal-o3,1,256,suffix-3,4096,reverse-c,2,1048576,349525,1,36217000,8174809507559465651
normal-o3,1,256,suffix-3,4096,whitefoot,2,1048576,349525,1,26684000,8174809507559465651
normal-o3,1,256,suffix-3,4096,cpp-std-vector,2,1048576,349525,1,26408000,8174809507559465651
normal-o3,1,256,suffix-3,4096,rust-vec,2,1048576,349525,1,25372000,8174809507559465651
normal-o3,1,256,suffix-3,4096,swap-take-c,3,1048576,349525,1,35584000,4449053890426969610
normal-o3,1,256,suffix-3,4096,direct-c,3,1048576,349525,1,25255000,4449053890426969610
normal-o3,1,256,suffix-3,4096,reverse-c,3,1048576,349525,1,35670000,4449053890426969610
normal-o3,1,256,suffix-3,4096,whitefoot,3,1048576,349525,1,26838000,4449053890426969610
normal-o3,1,256,suffix-3,4096,cpp-std-vector,3,1048576,349525,1,26169000,4449053890426969610
normal-o3,1,256,suffix-3,4096,rust-vec,3,1048576,349525,1,25365000,4449053890426969610
normal-o3,1,256,suffix-3,4096,take-swap-c,3,1048576,349525,1,31352000,4449053890426969610
normal-o3,1,256,suffix-3,4096,direct-c,4,1048576,349525,1,25206000,723298273294473569
normal-o3,1,256,suffix-3,4096,reverse-c,4,1048576,349525,1,35605000,723298273294473569
normal-o3,1,256,suffix-3,4096,whitefoot,4,1048576,349525,1,26610000,723298273294473569
normal-o3,1,256,suffix-3,4096,cpp-std-vector,4,1048576,349525,1,26238000,723298273294473569
normal-o3,1,256,suffix-3,4096,rust-vec,4,1048576,349525,1,25972000,723298273294473569
normal-o3,1,256,suffix-3,4096,take-swap-c,4,1048576,349525,1,31339000,723298273294473569
normal-o3,1,256,suffix-3,4096,swap-take-c,4,1048576,349525,1,35602000,723298273294473569
normal-o3,1,256,suffix-3,4096,reverse-c,5,1048576,349525,1,35532000,15444286729871529144
normal-o3,1,256,suffix-3,4096,whitefoot,5,1048576,349525,1,26489000,15444286729871529144
normal-o3,1,256,suffix-3,4096,cpp-std-vector,5,1048576,349525,1,26303000,15444286729871529144
normal-o3,1,256,suffix-3,4096,rust-vec,5,1048576,349525,1,25710000,15444286729871529144
normal-o3,1,256,suffix-3,4096,take-swap-c,5,1048576,349525,1,32200000,15444286729871529144
normal-o3,1,256,suffix-3,4096,swap-take-c,5,1048576,349525,1,36567000,15444286729871529144
normal-o3,1,256,suffix-3,4096,direct-c,5,1048576,349525,1,25240000,15444286729871529144
normal-o3,1,256,suffix-3,4096,whitefoot,6,1048576,349525,1,26573000,11718531112739033103
normal-o3,1,256,suffix-3,4096,cpp-std-vector,6,1048576,349525,1,26366000,11718531112739033103
normal-o3,1,256,suffix-3,4096,rust-vec,6,1048576,349525,1,25169000,11718531112739033103
normal-o3,1,256,suffix-3,4096,take-swap-c,6,1048576,349525,1,31291000,11718531112739033103
normal-o3,1,256,suffix-3,4096,swap-take-c,6,1048576,349525,1,35647000,11718531112739033103
normal-o3,1,256,suffix-3,4096,direct-c,6,1048576,349525,1,25229000,11718531112739033103
normal-o3,1,256,suffix-3,4096,reverse-c,6,1048576,349525,1,35555000,11718531112739033103
