contract,cohort,element_bytes,path,count,variant,sample,work,rounds,traces,elapsed_ns,checksum
normal-o3,0,8,reserved,16,whitefoot,0,1048576,65536,1,3659000,1613149332516896869
normal-o3,0,8,reserved,16,reverse-c,0,1048576,65536,1,3966000,1613149332516896869
normal-o3,0,8,reserved,16,direct-c,0,1048576,65536,1,3505000,1613149332516896869
normal-o3,0,8,reserved,16,swap-take-c,0,1048576,65536,1,3814000,1613149332516896869
normal-o3,0,8,reserved,16,take-swap-c,0,1048576,65536,1,3991000,1613149332516896869
normal-o3,0,8,reserved,16,rust-vec,0,1048576,65536,1,2403000,1613149332516896869
normal-o3,0,8,reserved,16,cpp-std-vector,0,1048576,65536,1,3382000,1613149332516896869
normal-o3,0,8,reserved,16,reverse-c,1,1048576,65536,1,4054000,15534383740606742630
normal-o3,0,8,reserved,16,direct-c,1,1048576,65536,1,3337000,15534383740606742630
normal-o3,0,8,reserved,16,swap-take-c,1,1048576,65536,1,3910000,15534383740606742630
normal-o3,0,8,reserved,16,take-swap-c,1,1048576,65536,1,3752000,15534383740606742630
normal-o3,0,8,reserved,16,rust-vec,1,1048576,65536,1,2385000,15534383740606742630
normal-o3,0,8,reserved,16,cpp-std-vector,1,1048576,65536,1,3236000,15534383740606742630
normal-o3,0,8,reserved,16,whitefoot,1,1048576,65536,1,3729000,15534383740606742630
normal-o3,0,8,reserved,16,direct-c,2,1048576,65536,1,3259000,11203551505675976807
normal-o3,0,8,reserved,16,swap-take-c,2,1048576,65536,1,3899000,11203551505675976807
normal-o3,0,8,reserved,16,take-swap-c,2,1048576,65536,1,3793000,11203551505675976807
normal-o3,0,8,reserved,16,rust-vec,2,1048576,65536,1,2463000,11203551505675976807
normal-o3,0,8,reserved,16,cpp-std-vector,2,1048576,65536,1,3241000,11203551505675976807
normal-o3,0,8,reserved,16,whitefoot,2,1048576,65536,1,3812000,11203551505675976807
normal-o3,0,8,reserved,16,reverse-c,2,1048576,65536,1,4162000,11203551505675976807
normal-o3,0,8,reserved,16,swap-take-c,3,1048576,65536,1,3968000,598448321840808040
normal-o3,0,8,reserved,16,take-swap-c,3,1048576,65536,1,3888000,598448321840808040
normal-o3,0,8,reserved,16,rust-vec,3,1048576,65536,1,2494000,598448321840808040
normal-o3,0,8,reserved,16,cpp-std-vector,3,1048576,65536,1,3267000,598448321840808040
normal-o3,0,8,reserved,16,whitefoot,3,1048576,65536,1,3710000,598448321840808040
normal-o3,0,8,reserved,16,reverse-c,3,1048576,65536,1,4075000,598448321840808040
normal-o3,0,8,reserved,16,direct-c,3,1048576,65536,1,3346000,598448321840808040
normal-o3,0,8,reserved,16,take-swap-c,4,1048576,65536,1,3799000,3717605000514633833
normal-o3,0,8,reserved,16,rust-vec,4,1048576,65536,1,2457000,3717605000514633833
normal-o3,0,8,reserved,16,cpp-std-vector,4,1048576,65536,1,3200000,3717605000514633833
normal-o3,0,8,reserved,16,whitefoot,4,1048576,65536,1,3652000,3717605000514633833
normal-o3,0,8,reserved,16,reverse-c,4,1048576,65536,1,4038000,3717605000514633833
normal-o3,0,8,reserved,16,direct-c,4,1048576,65536,1,3243000,3717605000514633833
normal-o3,0,8,reserved,16,swap-take-c,4,1048576,65536,1,3784000,3717605000514633833
normal-o3,0,8,reserved,16,rust-vec,5,1048576,65536,1,2386000,7745013020975693930
normal-o3,0,8,reserved,16,cpp-std-vector,5,1048576,65536,1,3131000,7745013020975693930
normal-o3,0,8,reserved,16,whitefoot,5,1048576,65536,1,3591000,7745013020975693930
normal-o3,0,8,reserved,16,reverse-c,5,1048576,65536,1,3935000,7745013020975693930
normal-o3,0,8,reserved,16,direct-c,5,1048576,65536,1,3236000,7745013020975693930
normal-o3,0,8,reserved,16,swap-take-c,5,1048576,65536,1,4019000,7745013020975693930
normal-o3,0,8,reserved,16,take-swap-c,5,1048576,65536,1,3680000,7745013020975693930
normal-o3,0,8,reserved,16,cpp-std-vector,6,1048576,65536,1,3135000,6351481337365135467
normal-o3,0,8,reserved,16,whitefoot,6,1048576,65536,1,3602000,6351481337365135467
normal-o3,0,8,reserved,16,reverse-c,6,1048576,65536,1,3941000,6351481337365135467
normal-o3,0,8,reserved,16,direct-c,6,1048576,65536,1,3240000,6351481337365135467
normal-o3,0,8,reserved,16,swap-take-c,6,1048576,65536,1,3837000,6351481337365135467
normal-o3,0,8,reserved,16,take-swap-c,6,1048576,65536,1,3809000,6351481337365135467
normal-o3,0,8,reserved,16,rust-vec,6,1048576,65536,1,2428000,6351481337365135467
normal-o3,0,8,reserved,256,whitefoot,0,1048576,4096,1,1784000,1498897996573024357
normal-o3,0,8,reserved,256,reverse-c,0,1048576,4096,1,3335000,1498897996573024357
normal-o3,0,8,reserved,256,direct-c,0,1048576,4096,1,1756000,1498897996573024357
normal-o3,0,8,reserved,256,swap-take-c,0,1048576,4096,1,2257000,1498897996573024357
normal-o3,0,8,reserved,256,take-swap-c,0,1048576,4096,1,2213000,1498897996573024357
normal-o3,0,8,reserved,256,rust-vec,0,1048576,4096,1,1580000,1498897996573024357
normal-o3,0,8,reserved,256,cpp-std-vector,0,1048576,4096,1,2153000,1498897996573024357
normal-o3,0,8,reserved,256,reverse-c,1,1048576,4096,1,3319000,7707534785925595238
normal-o3,0,8,reserved,256,direct-c,1,1048576,4096,1,1738000,7707534785925595238
normal-o3,0,8,reserved,256,swap-take-c,1,1048576,4096,1,2201000,7707534785925595238
normal-o3,0,8,reserved,256,take-swap-c,1,1048576,4096,1,2226000,7707534785925595238
normal-o3,0,8,reserved,256,rust-vec,1,1048576,4096,1,1588000,7707534785925595238
normal-o3,0,8,reserved,256,cpp-std-vector,1,1048576,4096,1,2203000,7707534785925595238
normal-o3,0,8,reserved,256,whitefoot,1,1048576,4096,1,1788000,7707534785925595238
normal-o3,0,8,reserved,256,direct-c,2,1048576,4096,1,1761000,5506079726878842983
normal-o3,0,8,reserved,256,swap-take-c,2,1048576,4096,1,2226000,5506079726878842983
normal-o3,0,8,reserved,256,take-swap-c,2,1048576,4096,1,2168000,5506079726878842983
normal-o3,0,8,reserved,256,rust-vec,2,1048576,4096,1,1538000,5506079726878842983
normal-o3,0,8,reserved,256,cpp-std-vector,2,1048576,4096,1,2131000,5506079726878842983
normal-o3,0,8,reserved,256,whitefoot,2,1048576,4096,1,1733000,5506079726878842983
normal-o3,0,8,reserved,256,reverse-c,2,1048576,4096,1,3208000,5506079726878842983
normal-o3,0,8,reserved,256,swap-take-c,3,1048576,4096,1,2148000,5888291873035911272
normal-o3,0,8,reserved,256,take-swap-c,3,1048576,4096,1,2150000,5888291873035911272
normal-o3,0,8,reserved,256,rust-vec,3,1048576,4096,1,1537000,5888291873035911272
normal-o3,0,8,reserved,256,cpp-std-vector,3,1048576,4096,1,2129000,5888291873035911272
normal-o3,0,8,reserved,256,whitefoot,3,1048576,4096,1,1727000,5888291873035911272
normal-o3,0,8,reserved,256,reverse-c,3,1048576,4096,1,3202000,5888291873035911272
normal-o3,0,8,reserved,256,direct-c,3,1048576,4096,1,1699000,5888291873035911272
normal-o3,0,8,reserved,256,take-swap-c,4,1048576,4096,1,2153000,7512286317303570537
normal-o3,0,8,reserved,256,rust-vec,4,1048576,4096,1,1537000,7512286317303570537
normal-o3,0,8,reserved,256,cpp-std-vector,4,1048576,4096,1,2198000,7512286317303570537
normal-o3,0,8,reserved,256,whitefoot,4,1048576,4096,1,1762000,7512286317303570537
normal-o3,0,8,reserved,256,reverse-c,4,1048576,4096,1,3213000,7512286317303570537
normal-o3,0,8,reserved,256,direct-c,4,1048576,4096,1,1700000,7512286317303570537
normal-o3,0,8,reserved,256,swap-take-c,4,1048576,4096,1,2126000,7512286317303570537
normal-o3,0,8,reserved,256,rust-vec,5,1048576,4096,1,1545000,13357584908658163818
normal-o3,0,8,reserved,256,cpp-std-vector,5,1048576,4096,1,2138000,13357584908658163818
normal-o3,0,8,reserved,256,whitefoot,5,1048576,4096,1,1733000,13357584908658163818
normal-o3,0,8,reserved,256,reverse-c,5,1048576,4096,1,3219000,13357584908658163818
normal-o3,0,8,reserved,256,direct-c,5,1048576,4096,1,1701000,13357584908658163818
normal-o3,0,8,reserved,256,swap-take-c,5,1048576,4096,1,2118000,13357584908658163818
normal-o3,0,8,reserved,256,take-swap-c,5,1048576,4096,1,2153000,13357584908658163818
normal-o3,0,8,reserved,256,cpp-std-vector,6,1048576,4096,1,2085000,10011933332678926443
normal-o3,0,8,reserved,256,whitefoot,6,1048576,4096,1,1733000,10011933332678926443
normal-o3,0,8,reserved,256,reverse-c,6,1048576,4096,1,3216000,10011933332678926443
normal-o3,0,8,reserved,256,direct-c,6,1048576,4096,1,1745000,10011933332678926443
normal-o3,0,8,reserved,256,swap-take-c,6,1048576,4096,1,2240000,10011933332678926443
normal-o3,0,8,reserved,256,take-swap-c,6,1048576,4096,1,2177000,10011933332678926443
normal-o3,0,8,reserved,256,rust-vec,6,1048576,4096,1,1538000,10011933332678926443
normal-o3,0,8,reserved,4096,whitefoot,0,1048576,256,1,1680000,2256710881311081573
normal-o3,0,8,reserved,4096,reverse-c,0,1048576,256,1,2862000,2256710881311081573
normal-o3,0,8,reserved,4096,direct-c,0,1048576,256,1,1643000,2256710881311081573
normal-o3,0,8,reserved,4096,swap-take-c,0,1048576,256,1,2145000,2256710881311081573
normal-o3,0,8,reserved,4096,take-swap-c,0,1048576,256,1,2056000,2256710881311081573
normal-o3,0,8,reserved,4096,rust-vec,0,1048576,256,1,1528000,2256710881311081573
normal-o3,0,8,reserved,4096,cpp-std-vector,0,1048576,256,1,2030000,2256710881311081573
normal-o3,0,8,reserved,4096,reverse-c,1,1048576,256,1,2974000,6904654748820097126
normal-o3,0,8,reserved,4096,direct-c,1,1048576,256,1,1658000,6904654748820097126
normal-o3,0,8,reserved,4096,swap-take-c,1,1048576,256,1,2145000,6904654748820097126
normal-o3,0,8,reserved,4096,take-swap-c,1,1048576,256,1,2135000,6904654748820097126
normal-o3,0,8,reserved,4096,rust-vec,1,1048576,256,1,1546000,6904654748820097126
normal-o3,0,8,reserved,4096,cpp-std-vector,1,1048576,256,1,2147000,6904654748820097126
normal-o3,0,8,reserved,4096,whitefoot,1,1048576,256,1,1730000,6904654748820097126
normal-o3,0,8,reserved,4096,direct-c,2,1048576,256,1,1696000,16426223538089053287
normal-o3,0,8,reserved,4096,swap-take-c,2,1048576,256,1,2233000,16426223538089053287
normal-o3,0,8,reserved,4096,take-swap-c,2,1048576,256,1,2117000,16426223538089053287
normal-o3,0,8,reserved,4096,rust-vec,2,1048576,256,1,1594000,16426223538089053287
normal-o3,0,8,reserved,4096,cpp-std-vector,2,1048576,256,1,2233000,16426223538089053287
normal-o3,0,8,reserved,4096,whitefoot,2,1048576,256,1,1712000,16426223538089053287
normal-o3,0,8,reserved,4096,reverse-c,2,1048576,256,1,2940000,16426223538089053287
normal-o3,0,8,reserved,4096,swap-take-c,3,1048576,256,1,2193000,9531859752620511336
normal-o3,0,8,reserved,4096,take-swap-c,3,1048576,256,1,2052000,9531859752620511336
normal-o3,0,8,reserved,4096,rust-vec,3,1048576,256,1,1546000,9531859752620511336
normal-o3,0,8,reserved,4096,cpp-std-vector,3,1048576,256,1,2182000,9531859752620511336
normal-o3,0,8,reserved,4096,whitefoot,3,1048576,256,1,1731000,9531859752620511336
normal-o3,0,8,reserved,4096,reverse-c,3,1048576,256,1,3022000,9531859752620511336
normal-o3,0,8,reserved,4096,direct-c,3,1048576,256,1,1704000,9531859752620511336
normal-o3,0,8,reserved,4096,take-swap-c,4,1048576,256,1,2146000,14830550356061344873
normal-o3,0,8,reserved,4096,rust-vec,4,1048576,256,1,1595000,14830550356061344873
normal-o3,0,8,reserved,4096,cpp-std-vector,4,1048576,256,1,2109000,14830550356061344873
normal-o3,0,8,reserved,4096,whitefoot,4,1048576,256,1,1713000,14830550356061344873
normal-o3,0,8,reserved,4096,reverse-c,4,1048576,256,1,2874000,14830550356061344873
normal-o3,0,8,reserved,4096,direct-c,4,1048576,256,1,1663000,14830550356061344873
normal-o3,0,8,reserved,4096,swap-take-c,4,1048576,256,1,2178000,14830550356061344873
normal-o3,0,8,reserved,4096,rust-vec,5,1048576,256,1,1525000,11014393161628833898
normal-o3,0,8,reserved,4096,cpp-std-vector,5,1048576,256,1,2200000,11014393161628833898
normal-o3,0,8,reserved,4096,whitefoot,5,1048576,256,1,1748000,11014393161628833898
normal-o3,0,8,reserved,4096,reverse-c,5,1048576,256,1,2896000,11014393161628833898
normal-o3,0,8,reserved,4096,direct-c,5,1048576,256,1,1649000,11014393161628833898
normal-o3,0,8,reserved,4096,swap-take-c,5,1048576,256,1,2212000,11014393161628833898
normal-o3,0,8,reserved,4096,take-swap-c,5,1048576,256,1,2124000,11014393161628833898
normal-o3,0,8,reserved,4096,cpp-std-vector,6,1048576,256,1,2169000,3531045655943011435
normal-o3,0,8,reserved,4096,whitefoot,6,1048576,256,1,1753000,3531045655943011435
normal-o3,0,8,reserved,4096,reverse-c,6,1048576,256,1,2880000,3531045655943011435
normal-o3,0,8,reserved,4096,direct-c,6,1048576,256,1,1655000,3531045655943011435
normal-o3,0,8,reserved,4096,swap-take-c,6,1048576,256,1,2276000,3531045655943011435
normal-o3,0,8,reserved,4096,take-swap-c,6,1048576,256,1,2179000,3531045655943011435
normal-o3,0,8,reserved,4096,rust-vec,6,1048576,256,1,1607000,3531045655943011435
normal-o3,0,8,growth,16,whitefoot,0,1048576,65536,1,10963000,1613149332516896869
normal-o3,0,8,growth,16,reverse-c,0,1048576,65536,1,10991000,1613149332516896869
normal-o3,0,8,growth,16,direct-c,0,1048576,65536,1,10709000,1613149332516896869
normal-o3,0,8,growth,16,swap-take-c,0,1048576,65536,1,11161000,1613149332516896869
normal-o3,0,8,growth,16,take-swap-c,0,1048576,65536,1,10935000,1613149332516896869
normal-o3,0,8,growth,16,rust-vec,0,1048576,65536,1,10158000,1613149332516896869
normal-o3,0,8,growth,16,cpp-std-vector,0,1048576,65536,1,9945000,1613149332516896869
normal-o3,0,8,growth,16,reverse-c,1,1048576,65536,1,11465000,15534383740606742630
normal-o3,0,8,growth,16,direct-c,1,1048576,65536,1,10922000,15534383740606742630
normal-o3,0,8,growth,16,swap-take-c,1,1048576,65536,1,10998000,15534383740606742630
normal-o3,0,8,growth,16,take-swap-c,1,1048576,65536,1,11073000,15534383740606742630
normal-o3,0,8,growth,16,rust-vec,1,1048576,65536,1,10063000,15534383740606742630
normal-o3,0,8,growth,16,cpp-std-vector,1,1048576,65536,1,9945000,15534383740606742630
normal-o3,0,8,growth,16,whitefoot,1,1048576,65536,1,10932000,15534383740606742630
normal-o3,0,8,growth,16,direct-c,2,1048576,65536,1,10160000,11203551505675976807
normal-o3,0,8,growth,16,swap-take-c,2,1048576,65536,1,10642000,11203551505675976807
normal-o3,0,8,growth,16,take-swap-c,2,1048576,65536,1,10513000,11203551505675976807
normal-o3,0,8,growth,16,rust-vec,2,1048576,65536,1,9721000,11203551505675976807
normal-o3,0,8,growth,16,cpp-std-vector,2,1048576,65536,1,9898000,11203551505675976807
normal-o3,0,8,growth,16,whitefoot,2,1048576,65536,1,11122000,11203551505675976807
normal-o3,0,8,growth,16,reverse-c,2,1048576,65536,1,11079000,11203551505675976807
normal-o3,0,8,growth,16,swap-take-c,3,1048576,65536,1,10817000,598448321840808040
normal-o3,0,8,growth,16,take-swap-c,3,1048576,65536,1,10496000,598448321840808040
normal-o3,0,8,growth,16,rust-vec,3,1048576,65536,1,9614000,598448321840808040
normal-o3,0,8,growth,16,cpp-std-vector,3,1048576,65536,1,9537000,598448321840808040
normal-o3,0,8,growth,16,whitefoot,3,1048576,65536,1,10777000,598448321840808040
normal-o3,0,8,growth,16,reverse-c,3,1048576,65536,1,10948000,598448321840808040
normal-o3,0,8,growth,16,direct-c,3,1048576,65536,1,10475000,598448321840808040
normal-o3,0,8,growth,16,take-swap-c,4,1048576,65536,1,10753000,3717605000514633833
normal-o3,0,8,growth,16,rust-vec,4,1048576,65536,1,9892000,3717605000514633833
normal-o3,0,8,growth,16,cpp-std-vector,4,1048576,65536,1,9816000,3717605000514633833
normal-o3,0,8,growth,16,whitefoot,4,1048576,65536,1,11025000,3717605000514633833
normal-o3,0,8,growth,16,reverse-c,4,1048576,65536,1,11131000,3717605000514633833
normal-o3,0,8,growth,16,direct-c,4,1048576,65536,1,10446000,3717605000514633833
normal-o3,0,8,growth,16,swap-take-c,4,1048576,65536,1,10852000,3717605000514633833
normal-o3,0,8,growth,16,rust-vec,5,1048576,65536,1,9679000,7745013020975693930
normal-o3,0,8,growth,16,cpp-std-vector,5,1048576,65536,1,9595000,7745013020975693930
normal-o3,0,8,growth,16,whitefoot,5,1048576,65536,1,10811000,7745013020975693930
normal-o3,0,8,growth,16,reverse-c,5,1048576,65536,1,10810000,7745013020975693930
normal-o3,0,8,growth,16,direct-c,5,1048576,65536,1,10203000,7745013020975693930
normal-o3,0,8,growth,16,swap-take-c,5,1048576,65536,1,10804000,7745013020975693930
normal-o3,0,8,growth,16,take-swap-c,5,1048576,65536,1,10767000,7745013020975693930
normal-o3,0,8,growth,16,cpp-std-vector,6,1048576,65536,1,9735000,6351481337365135467
normal-o3,0,8,growth,16,whitefoot,6,1048576,65536,1,11092000,6351481337365135467
normal-o3,0,8,growth,16,reverse-c,6,1048576,65536,1,11064000,6351481337365135467
normal-o3,0,8,growth,16,direct-c,6,1048576,65536,1,10204000,6351481337365135467
normal-o3,0,8,growth,16,swap-take-c,6,1048576,65536,1,10607000,6351481337365135467
normal-o3,0,8,growth,16,take-swap-c,6,1048576,65536,1,10469000,6351481337365135467
normal-o3,0,8,growth,16,rust-vec,6,1048576,65536,1,9537000,6351481337365135467
normal-o3,0,8,growth,256,whitefoot,0,1048576,4096,1,2996000,1498897996573024357
normal-o3,0,8,growth,256,reverse-c,0,1048576,4096,1,4698000,1498897996573024357
normal-o3,0,8,growth,256,direct-c,0,1048576,4096,1,2989000,1498897996573024357
normal-o3,0,8,growth,256,swap-take-c,0,1048576,4096,1,3417000,1498897996573024357
normal-o3,0,8,growth,256,take-swap-c,0,1048576,4096,1,3503000,1498897996573024357
normal-o3,0,8,growth,256,rust-vec,0,1048576,4096,1,3076000,1498897996573024357
normal-o3,0,8,growth,256,cpp-std-vector,0,1048576,4096,1,3324000,1498897996573024357
normal-o3,0,8,growth,256,reverse-c,1,1048576,4096,1,4477000,7707534785925595238
normal-o3,0,8,growth,256,direct-c,1,1048576,4096,1,2932000,7707534785925595238
normal-o3,0,8,growth,256,swap-take-c,1,1048576,4096,1,3446000,7707534785925595238
normal-o3,0,8,growth,256,take-swap-c,1,1048576,4096,1,3482000,7707534785925595238
normal-o3,0,8,growth,256,rust-vec,1,1048576,4096,1,3051000,7707534785925595238
normal-o3,0,8,growth,256,cpp-std-vector,1,1048576,4096,1,3370000,7707534785925595238
normal-o3,0,8,growth,256,whitefoot,1,1048576,4096,1,3018000,7707534785925595238
normal-o3,0,8,growth,256,direct-c,2,1048576,4096,1,2859000,5506079726878842983
normal-o3,0,8,growth,256,swap-take-c,2,1048576,4096,1,3355000,5506079726878842983
normal-o3,0,8,growth,256,take-swap-c,2,1048576,4096,1,3440000,5506079726878842983
normal-o3,0,8,growth,256,rust-vec,2,1048576,4096,1,2960000,5506079726878842983
normal-o3,0,8,growth,256,cpp-std-vector,2,1048576,4096,1,3224000,5506079726878842983
normal-o3,0,8,growth,256,whitefoot,2,1048576,4096,1,2977000,5506079726878842983
normal-o3,0,8,growth,256,reverse-c,2,1048576,4096,1,4442000,5506079726878842983
normal-o3,0,8,growth,256,swap-take-c,3,1048576,4096,1,3281000,5888291873035911272
normal-o3,0,8,growth,256,take-swap-c,3,1048576,4096,1,3421000,5888291873035911272
normal-o3,0,8,growth,256,rust-vec,3,1048576,4096,1,2986000,5888291873035911272
normal-o3,0,8,growth,256,cpp-std-vector,3,1048576,4096,1,3269000,5888291873035911272
normal-o3,0,8,growth,256,whitefoot,3,1048576,4096,1,2940000,5888291873035911272
normal-o3,0,8,growth,256,reverse-c,3,1048576,4096,1,4465000,5888291873035911272
normal-o3,0,8,growth,256,direct-c,3,1048576,4096,1,2911000,5888291873035911272
normal-o3,0,8,growth,256,take-swap-c,4,1048576,4096,1,3425000,7512286317303570537
normal-o3,0,8,growth,256,rust-vec,4,1048576,4096,1,3058000,7512286317303570537
normal-o3,0,8,growth,256,cpp-std-vector,4,1048576,4096,1,3338000,7512286317303570537
normal-o3,0,8,growth,256,whitefoot,4,1048576,4096,1,2973000,7512286317303570537
normal-o3,0,8,growth,256,reverse-c,4,1048576,4096,1,4548000,7512286317303570537
normal-o3,0,8,growth,256,direct-c,4,1048576,4096,1,2942000,7512286317303570537
normal-o3,0,8,growth,256,swap-take-c,4,1048576,4096,1,3473000,7512286317303570537
normal-o3,0,8,growth,256,rust-vec,5,1048576,4096,1,3054000,13357584908658163818
normal-o3,0,8,growth,256,cpp-std-vector,5,1048576,4096,1,3297000,13357584908658163818
normal-o3,0,8,growth,256,whitefoot,5,1048576,4096,1,2983000,13357584908658163818
normal-o3,0,8,growth,256,reverse-c,5,1048576,4096,1,4554000,13357584908658163818
normal-o3,0,8,growth,256,direct-c,5,1048576,4096,1,2934000,13357584908658163818
normal-o3,0,8,growth,256,swap-take-c,5,1048576,4096,1,3301000,13357584908658163818
normal-o3,0,8,growth,256,take-swap-c,5,1048576,4096,1,3414000,13357584908658163818
normal-o3,0,8,growth,256,cpp-std-vector,6,1048576,4096,1,3251000,10011933332678926443
normal-o3,0,8,growth,256,whitefoot,6,1048576,4096,1,2925000,10011933332678926443
normal-o3,0,8,growth,256,reverse-c,6,1048576,4096,1,4421000,10011933332678926443
normal-o3,0,8,growth,256,direct-c,6,1048576,4096,1,2848000,10011933332678926443
normal-o3,0,8,growth,256,swap-take-c,6,1048576,4096,1,3274000,10011933332678926443
normal-o3,0,8,growth,256,take-swap-c,6,1048576,4096,1,3428000,10011933332678926443
normal-o3,0,8,growth,256,rust-vec,6,1048576,4096,1,2973000,10011933332678926443
normal-o3,0,8,growth,4096,whitefoot,0,1048576,256,1,2073000,2256710881311081573
normal-o3,0,8,growth,4096,reverse-c,0,1048576,256,1,3257000,2256710881311081573
normal-o3,0,8,growth,4096,direct-c,0,1048576,256,1,2051000,2256710881311081573
normal-o3,0,8,growth,4096,swap-take-c,0,1048576,256,1,2541000,2256710881311081573
normal-o3,0,8,growth,4096,take-swap-c,0,1048576,256,1,2457000,2256710881311081573
normal-o3,0,8,growth,4096,rust-vec,0,1048576,256,1,1921000,2256710881311081573
normal-o3,0,8,growth,4096,cpp-std-vector,0,1048576,256,1,2354000,2256710881311081573
normal-o3,0,8,growth,4096,reverse-c,1,1048576,256,1,3348000,6904654748820097126
normal-o3,0,8,growth,4096,direct-c,1,1048576,256,1,2112000,6904654748820097126
normal-o3,0,8,growth,4096,swap-take-c,1,1048576,256,1,2668000,6904654748820097126
normal-o3,0,8,growth,4096,take-swap-c,1,1048576,256,1,2517000,6904654748820097126
normal-o3,0,8,growth,4096,rust-vec,1,1048576,256,1,1938000,6904654748820097126
normal-o3,0,8,growth,4096,cpp-std-vector,1,1048576,256,1,2423000,6904654748820097126
normal-o3,0,8,growth,4096,whitefoot,1,1048576,256,1,2080000,6904654748820097126
normal-o3,0,8,growth,4096,direct-c,2,1048576,256,1,2137000,16426223538089053287
normal-o3,0,8,growth,4096,swap-take-c,2,1048576,256,1,2624000,16426223538089053287
normal-o3,0,8,growth,4096,take-swap-c,2,1048576,256,1,2531000,16426223538089053287
normal-o3,0,8,growth,4096,rust-vec,2,1048576,256,1,1957000,16426223538089053287
normal-o3,0,8,growth,4096,cpp-std-vector,2,1048576,256,1,2443000,16426223538089053287
normal-o3,0,8,growth,4096,whitefoot,2,1048576,256,1,2140000,16426223538089053287
normal-o3,0,8,growth,4096,reverse-c,2,1048576,256,1,3370000,16426223538089053287
normal-o3,0,8,growth,4096,swap-take-c,3,1048576,256,1,2643000,9531859752620511336
normal-o3,0,8,growth,4096,take-swap-c,3,1048576,256,1,2515000,9531859752620511336
normal-o3,0,8,growth,4096,rust-vec,3,1048576,256,1,1972000,9531859752620511336
normal-o3,0,8,growth,4096,cpp-std-vector,3,1048576,256,1,2524000,9531859752620511336
normal-o3,0,8,growth,4096,whitefoot,3,1048576,256,1,2138000,9531859752620511336
normal-o3,0,8,growth,4096,reverse-c,3,1048576,256,1,3342000,9531859752620511336
normal-o3,0,8,growth,4096,direct-c,3,1048576,256,1,2116000,9531859752620511336
normal-o3,0,8,growth,4096,take-swap-c,4,1048576,256,1,2529000,14830550356061344873
normal-o3,0,8,growth,4096,rust-vec,4,1048576,256,1,1992000,14830550356061344873
normal-o3,0,8,growth,4096,cpp-std-vector,4,1048576,256,1,2509000,14830550356061344873
normal-o3,0,8,growth,4096,whitefoot,4,1048576,256,1,2155000,14830550356061344873
normal-o3,0,8,growth,4096,reverse-c,4,1048576,256,1,3357000,14830550356061344873
normal-o3,0,8,growth,4096,direct-c,4,1048576,256,1,2141000,14830550356061344873
normal-o3,0,8,growth,4096,swap-take-c,4,1048576,256,1,2633000,14830550356061344873
normal-o3,0,8,growth,4096,rust-vec,5,1048576,256,1,2008000,11014393161628833898
normal-o3,0,8,growth,4096,cpp-std-vector,5,1048576,256,1,2521000,11014393161628833898
normal-o3,0,8,growth,4096,whitefoot,5,1048576,256,1,2152000,11014393161628833898
normal-o3,0,8,growth,4096,reverse-c,5,1048576,256,1,3347000,11014393161628833898
normal-o3,0,8,growth,4096,direct-c,5,1048576,256,1,2113000,11014393161628833898
normal-o3,0,8,growth,4096,swap-take-c,5,1048576,256,1,2634000,11014393161628833898
normal-o3,0,8,growth,4096,take-swap-c,5,1048576,256,1,2536000,11014393161628833898
normal-o3,0,8,growth,4096,cpp-std-vector,6,1048576,256,1,2471000,3531045655943011435
normal-o3,0,8,growth,4096,whitefoot,6,1048576,256,1,2078000,3531045655943011435
normal-o3,0,8,growth,4096,reverse-c,6,1048576,256,1,3239000,3531045655943011435
normal-o3,0,8,growth,4096,direct-c,6,1048576,256,1,2047000,3531045655943011435
normal-o3,0,8,growth,4096,swap-take-c,6,1048576,256,1,2544000,3531045655943011435
normal-o3,0,8,growth,4096,take-swap-c,6,1048576,256,1,2534000,3531045655943011435
normal-o3,0,8,growth,4096,rust-vec,6,1048576,256,1,2000000,3531045655943011435
normal-o3,0,8,reuse,16,whitefoot,0,1048576,65536,1,1634000,1613149332516896869
normal-o3,0,8,reuse,16,reverse-c,0,1048576,65536,1,2269000,1613149332516896869
normal-o3,0,8,reuse,16,direct-c,0,1048576,65536,1,1760000,1613149332516896869
normal-o3,0,8,reuse,16,swap-take-c,0,1048576,65536,1,1927000,1613149332516896869
normal-o3,0,8,reuse,16,take-swap-c,0,1048576,65536,1,1985000,1613149332516896869
normal-o3,0,8,reuse,16,rust-vec,0,1048576,65536,1,1232000,1613149332516896869
normal-o3,0,8,reuse,16,cpp-std-vector,0,1048576,65536,1,2277000,1613149332516896869
normal-o3,0,8,reuse,16,reverse-c,1,1048576,65536,1,2265000,15534383740606742630
normal-o3,0,8,reuse,16,direct-c,1,1048576,65536,1,1757000,15534383740606742630
normal-o3,0,8,reuse,16,swap-take-c,1,1048576,65536,1,1921000,15534383740606742630
normal-o3,0,8,reuse,16,take-swap-c,1,1048576,65536,1,1982000,15534383740606742630
normal-o3,0,8,reuse,16,rust-vec,1,1048576,65536,1,1298000,15534383740606742630
normal-o3,0,8,reuse,16,cpp-std-vector,1,1048576,65536,1,2279000,15534383740606742630
normal-o3,0,8,reuse,16,whitefoot,1,1048576,65536,1,1645000,15534383740606742630
normal-o3,0,8,reuse,16,direct-c,2,1048576,65536,1,1756000,11203551505675976807
normal-o3,0,8,reuse,16,swap-take-c,2,1048576,65536,1,1920000,11203551505675976807
normal-o3,0,8,reuse,16,take-swap-c,2,1048576,65536,1,1983000,11203551505675976807
normal-o3,0,8,reuse,16,rust-vec,2,1048576,65536,1,1237000,11203551505675976807
normal-o3,0,8,reuse,16,cpp-std-vector,2,1048576,65536,1,2150000,11203551505675976807
normal-o3,0,8,reuse,16,whitefoot,2,1048576,65536,1,1660000,11203551505675976807
normal-o3,0,8,reuse,16,reverse-c,2,1048576,65536,1,2276000,11203551505675976807
normal-o3,0,8,reuse,16,swap-take-c,3,1048576,65536,1,1925000,598448321840808040
normal-o3,0,8,reuse,16,take-swap-c,3,1048576,65536,1,1993000,598448321840808040
normal-o3,0,8,reuse,16,rust-vec,3,1048576,65536,1,1233000,598448321840808040
normal-o3,0,8,reuse,16,cpp-std-vector,3,1048576,65536,1,2283000,598448321840808040
normal-o3,0,8,reuse,16,whitefoot,3,1048576,65536,1,1635000,598448321840808040
normal-o3,0,8,reuse,16,reverse-c,3,1048576,65536,1,2272000,598448321840808040
normal-o3,0,8,reuse,16,direct-c,3,1048576,65536,1,1770000,598448321840808040
normal-o3,0,8,reuse,16,take-swap-c,4,1048576,65536,1,1986000,3717605000514633833
normal-o3,0,8,reuse,16,rust-vec,4,1048576,65536,1,1233000,3717605000514633833
normal-o3,0,8,reuse,16,cpp-std-vector,4,1048576,65536,1,2302000,3717605000514633833
normal-o3,0,8,reuse,16,whitefoot,4,1048576,65536,1,1668000,3717605000514633833
normal-o3,0,8,reuse,16,reverse-c,4,1048576,65536,1,2268000,3717605000514633833
normal-o3,0,8,reuse,16,direct-c,4,1048576,65536,1,1759000,3717605000514633833
normal-o3,0,8,reuse,16,swap-take-c,4,1048576,65536,1,1933000,3717605000514633833
normal-o3,0,8,reuse,16,rust-vec,5,1048576,65536,1,1236000,7745013020975693930
normal-o3,0,8,reuse,16,cpp-std-vector,5,1048576,65536,1,2327000,7745013020975693930
normal-o3,0,8,reuse,16,whitefoot,5,1048576,65536,1,1711000,7745013020975693930
normal-o3,0,8,reuse,16,reverse-c,5,1048576,65536,1,2348000,7745013020975693930
normal-o3,0,8,reuse,16,direct-c,5,1048576,65536,1,1844000,7745013020975693930
normal-o3,0,8,reuse,16,swap-take-c,5,1048576,65536,1,2105000,7745013020975693930
normal-o3,0,8,reuse,16,take-swap-c,5,1048576,65536,1,2194000,7745013020975693930
normal-o3,0,8,reuse,16,cpp-std-vector,6,1048576,65536,1,2474000,6351481337365135467
normal-o3,0,8,reuse,16,whitefoot,6,1048576,65536,1,1769000,6351481337365135467
normal-o3,0,8,reuse,16,reverse-c,6,1048576,65536,1,2437000,6351481337365135467
normal-o3,0,8,reuse,16,direct-c,6,1048576,65536,1,1886000,6351481337365135467
normal-o3,0,8,reuse,16,swap-take-c,6,1048576,65536,1,2067000,6351481337365135467
normal-o3,0,8,reuse,16,take-swap-c,6,1048576,65536,1,2082000,6351481337365135467
normal-o3,0,8,reuse,16,rust-vec,6,1048576,65536,1,1281000,6351481337365135467
normal-o3,0,8,reuse,256,whitefoot,0,1048576,4096,1,1652000,1498897996573024357
normal-o3,0,8,reuse,256,reverse-c,0,1048576,4096,1,3334000,1498897996573024357
normal-o3,0,8,reuse,256,direct-c,0,1048576,4096,1,1638000,1498897996573024357
normal-o3,0,8,reuse,256,swap-take-c,0,1048576,4096,1,2078000,1498897996573024357
normal-o3,0,8,reuse,256,take-swap-c,0,1048576,4096,1,2154000,1498897996573024357
normal-o3,0,8,reuse,256,rust-vec,0,1048576,4096,1,1558000,1498897996573024357
normal-o3,0,8,reuse,256,cpp-std-vector,0,1048576,4096,1,2245000,1498897996573024357
normal-o3,0,8,reuse,256,reverse-c,1,1048576,4096,1,3371000,7707534785925595238
normal-o3,0,8,reuse,256,direct-c,1,1048576,4096,1,1680000,7707534785925595238
normal-o3,0,8,reuse,256,swap-take-c,1,1048576,4096,1,2057000,7707534785925595238
normal-o3,0,8,reuse,256,take-swap-c,1,1048576,4096,1,2181000,7707534785925595238
normal-o3,0,8,reuse,256,rust-vec,1,1048576,4096,1,1538000,7707534785925595238
normal-o3,0,8,reuse,256,cpp-std-vector,1,1048576,4096,1,2137000,7707534785925595238
normal-o3,0,8,reuse,256,whitefoot,1,1048576,4096,1,1663000,7707534785925595238
normal-o3,0,8,reuse,256,direct-c,2,1048576,4096,1,1661000,5506079726878842983
normal-o3,0,8,reuse,256,swap-take-c,2,1048576,4096,1,2087000,5506079726878842983
normal-o3,0,8,reuse,256,take-swap-c,2,1048576,4096,1,2165000,5506079726878842983
normal-o3,0,8,reuse,256,rust-vec,2,1048576,4096,1,1570000,5506079726878842983
normal-o3,0,8,reuse,256,cpp-std-vector,2,1048576,4096,1,2162000,5506079726878842983
normal-o3,0,8,reuse,256,whitefoot,2,1048576,4096,1,1645000,5506079726878842983
normal-o3,0,8,reuse,256,reverse-c,2,1048576,4096,1,3263000,5506079726878842983
normal-o3,0,8,reuse,256,swap-take-c,3,1048576,4096,1,2091000,5888291873035911272
normal-o3,0,8,reuse,256,take-swap-c,3,1048576,4096,1,2102000,5888291873035911272
normal-o3,0,8,reuse,256,rust-vec,3,1048576,4096,1,1555000,5888291873035911272
normal-o3,0,8,reuse,256,cpp-std-vector,3,1048576,4096,1,2099000,5888291873035911272
normal-o3,0,8,reuse,256,whitefoot,3,1048576,4096,1,1561000,5888291873035911272
normal-o3,0,8,reuse,256,reverse-c,3,1048576,4096,1,3211000,5888291873035911272
normal-o3,0,8,reuse,256,direct-c,3,1048576,4096,1,1594000,5888291873035911272
normal-o3,0,8,reuse,256,take-swap-c,4,1048576,4096,1,2040000,7512286317303570537
normal-o3,0,8,reuse,256,rust-vec,4,1048576,4096,1,1551000,7512286317303570537
normal-o3,0,8,reuse,256,cpp-std-vector,4,1048576,4096,1,2062000,7512286317303570537
normal-o3,0,8,reuse,256,whitefoot,4,1048576,4096,1,1690000,7512286317303570537
normal-o3,0,8,reuse,256,reverse-c,4,1048576,4096,1,3387000,7512286317303570537
normal-o3,0,8,reuse,256,direct-c,4,1048576,4096,1,1635000,7512286317303570537
normal-o3,0,8,reuse,256,swap-take-c,4,1048576,4096,1,1966000,7512286317303570537
normal-o3,0,8,reuse,256,rust-vec,5,1048576,4096,1,1475000,13357584908658163818
normal-o3,0,8,reuse,256,cpp-std-vector,5,1048576,4096,1,2070000,13357584908658163818
normal-o3,0,8,reuse,256,whitefoot,5,1048576,4096,1,1573000,13357584908658163818
normal-o3,0,8,reuse,256,reverse-c,5,1048576,4096,1,3139000,13357584908658163818
normal-o3,0,8,reuse,256,direct-c,5,1048576,4096,1,1536000,13357584908658163818
normal-o3,0,8,reuse,256,swap-take-c,5,1048576,4096,1,2055000,13357584908658163818
normal-o3,0,8,reuse,256,take-swap-c,5,1048576,4096,1,2014000,13357584908658163818
normal-o3,0,8,reuse,256,cpp-std-vector,6,1048576,4096,1,2078000,10011933332678926443
normal-o3,0,8,reuse,256,whitefoot,6,1048576,4096,1,1591000,10011933332678926443
normal-o3,0,8,reuse,256,reverse-c,6,1048576,4096,1,3197000,10011933332678926443
normal-o3,0,8,reuse,256,direct-c,6,1048576,4096,1,1536000,10011933332678926443
normal-o3,0,8,reuse,256,swap-take-c,6,1048576,4096,1,2045000,10011933332678926443
normal-o3,0,8,reuse,256,take-swap-c,6,1048576,4096,1,2017000,10011933332678926443
normal-o3,0,8,reuse,256,rust-vec,6,1048576,4096,1,1481000,10011933332678926443
normal-o3,0,8,reuse,4096,whitefoot,0,1048576,256,1,1718000,2256710881311081573
normal-o3,0,8,reuse,4096,reverse-c,0,1048576,256,1,2803000,2256710881311081573
normal-o3,0,8,reuse,4096,direct-c,0,1048576,256,1,1617000,2256710881311081573
normal-o3,0,8,reuse,4096,swap-take-c,0,1048576,256,1,2111000,2256710881311081573
normal-o3,0,8,reuse,4096,take-swap-c,0,1048576,256,1,2051000,2256710881311081573
normal-o3,0,8,reuse,4096,rust-vec,0,1048576,256,1,1499000,2256710881311081573
normal-o3,0,8,reuse,4096,cpp-std-vector,0,1048576,256,1,2000000,2256710881311081573
normal-o3,0,8,reuse,4096,reverse-c,1,1048576,256,1,2798000,6904654748820097126
normal-o3,0,8,reuse,4096,direct-c,1,1048576,256,1,1623000,6904654748820097126
normal-o3,0,8,reuse,4096,swap-take-c,1,1048576,256,1,2110000,6904654748820097126
normal-o3,0,8,reuse,4096,take-swap-c,1,1048576,256,1,2142000,6904654748820097126
normal-o3,0,8,reuse,4096,rust-vec,1,1048576,256,1,1516000,6904654748820097126
normal-o3,0,8,reuse,4096,cpp-std-vector,1,1048576,256,1,1998000,6904654748820097126
normal-o3,0,8,reuse,4096,whitefoot,1,1048576,256,1,1648000,6904654748820097126
normal-o3,0,8,reuse,4096,direct-c,2,1048576,256,1,1616000,16426223538089053287
normal-o3,0,8,reuse,4096,swap-take-c,2,1048576,256,1,2114000,16426223538089053287
normal-o3,0,8,reuse,4096,take-swap-c,2,1048576,256,1,2024000,16426223538089053287
normal-o3,0,8,reuse,4096,rust-vec,2,1048576,256,1,1501000,16426223538089053287
normal-o3,0,8,reuse,4096,cpp-std-vector,2,1048576,256,1,2075000,16426223538089053287
normal-o3,0,8,reuse,4096,whitefoot,2,1048576,256,1,1646000,16426223538089053287
normal-o3,0,8,reuse,4096,reverse-c,2,1048576,256,1,2781000,16426223538089053287
normal-o3,0,8,reuse,4096,swap-take-c,3,1048576,256,1,2103000,9531859752620511336
normal-o3,0,8,reuse,4096,take-swap-c,3,1048576,256,1,2026000,9531859752620511336
normal-o3,0,8,reuse,4096,rust-vec,3,1048576,256,1,1499000,9531859752620511336
normal-o3,0,8,reuse,4096,cpp-std-vector,3,1048576,256,1,2021000,9531859752620511336
normal-o3,0,8,reuse,4096,whitefoot,3,1048576,256,1,1646000,9531859752620511336
normal-o3,0,8,reuse,4096,reverse-c,3,1048576,256,1,2891000,9531859752620511336
normal-o3,0,8,reuse,4096,direct-c,3,1048576,256,1,1657000,9531859752620511336
normal-o3,0,8,reuse,4096,take-swap-c,4,1048576,256,1,2092000,14830550356061344873
normal-o3,0,8,reuse,4096,rust-vec,4,1048576,256,1,1574000,14830550356061344873
normal-o3,0,8,reuse,4096,cpp-std-vector,4,1048576,256,1,2149000,14830550356061344873
normal-o3,0,8,reuse,4096,whitefoot,4,1048576,256,1,1712000,14830550356061344873
normal-o3,0,8,reuse,4096,reverse-c,4,1048576,256,1,2884000,14830550356061344873
normal-o3,0,8,reuse,4096,direct-c,4,1048576,256,1,1669000,14830550356061344873
normal-o3,0,8,reuse,4096,swap-take-c,4,1048576,256,1,2182000,14830550356061344873
normal-o3,0,8,reuse,4096,rust-vec,5,1048576,256,1,1548000,11014393161628833898
normal-o3,0,8,reuse,4096,cpp-std-vector,5,1048576,256,1,2058000,11014393161628833898
normal-o3,0,8,reuse,4096,whitefoot,5,1048576,256,1,1700000,11014393161628833898
normal-o3,0,8,reuse,4096,reverse-c,5,1048576,256,1,2884000,11014393161628833898
normal-o3,0,8,reuse,4096,direct-c,5,1048576,256,1,1668000,11014393161628833898
normal-o3,0,8,reuse,4096,swap-take-c,5,1048576,256,1,2169000,11014393161628833898
normal-o3,0,8,reuse,4096,take-swap-c,5,1048576,256,1,2062000,11014393161628833898
normal-o3,0,8,reuse,4096,cpp-std-vector,6,1048576,256,1,2045000,3531045655943011435
normal-o3,0,8,reuse,4096,whitefoot,6,1048576,256,1,1689000,3531045655943011435
normal-o3,0,8,reuse,4096,reverse-c,6,1048576,256,1,2892000,3531045655943011435
normal-o3,0,8,reuse,4096,direct-c,6,1048576,256,1,1667000,3531045655943011435
normal-o3,0,8,reuse,4096,swap-take-c,6,1048576,256,1,2138000,3531045655943011435
normal-o3,0,8,reuse,4096,take-swap-c,6,1048576,256,1,2020000,3531045655943011435
normal-o3,0,8,reuse,4096,rust-vec,6,1048576,256,1,1506000,3531045655943011435
normal-o3,0,8,suffix-0,16,whitefoot,0,1048576,1048576,1,978000,1953714321357298
normal-o3,0,8,suffix-0,16,reverse-c,0,1048576,1048576,1,983000,1953714321357298
normal-o3,0,8,suffix-0,16,direct-c,0,1048576,1048576,1,2764000,1953714321357298
normal-o3,0,8,suffix-0,16,swap-take-c,0,1048576,1048576,1,2758000,1953714321357298
normal-o3,0,8,suffix-0,16,take-swap-c,0,1048576,1048576,1,977000,1953714321357298
normal-o3,0,8,suffix-0,16,rust-vec,0,1048576,1048576,1,999000,1953714321357298
normal-o3,0,8,suffix-0,16,cpp-std-vector,0,1048576,1048576,1,980000,1953714321357298
normal-o3,0,8,suffix-0,16,reverse-c,1,1048576,1048576,1,980000,7188693379551418836
normal-o3,0,8,suffix-0,16,direct-c,1,1048576,1048576,1,2861000,7188693379551418836
normal-o3,0,8,suffix-0,16,swap-take-c,1,1048576,1048576,1,2943000,7188693379551418836
normal-o3,0,8,suffix-0,16,take-swap-c,1,1048576,1048576,1,1034000,7188693379551418836
normal-o3,0,8,suffix-0,16,rust-vec,1,1048576,1048576,1,1065000,7188693379551418836
normal-o3,0,8,suffix-0,16,cpp-std-vector,1,1048576,1048576,1,1054000,7188693379551418836
normal-o3,0,8,suffix-0,16,whitefoot,1,1048576,1048576,1,1047000,7188693379551418836
normal-o3,0,8,suffix-0,16,direct-c,2,1048576,1048576,1,2908000,14375433044781480374
normal-o3,0,8,suffix-0,16,swap-take-c,2,1048576,1048576,1,2968000,14375433044781480374
normal-o3,0,8,suffix-0,16,take-swap-c,2,1048576,1048576,1,1049000,14375433044781480374
normal-o3,0,8,suffix-0,16,rust-vec,2,1048576,1048576,1,1067000,14375433044781480374
normal-o3,0,8,suffix-0,16,cpp-std-vector,2,1048576,1048576,1,1061000,14375433044781480374
normal-o3,0,8,suffix-0,16,whitefoot,2,1048576,1048576,1,1048000,14375433044781480374
normal-o3,0,8,suffix-0,16,reverse-c,2,1048576,1048576,1,1015000,14375433044781480374
normal-o3,0,8,suffix-0,16,swap-take-c,3,1048576,1048576,1,2927000,3115428636301990296
normal-o3,0,8,suffix-0,16,take-swap-c,3,1048576,1048576,1,1009000,3115428636301990296
normal-o3,0,8,suffix-0,16,rust-vec,3,1048576,1048576,1,1029000,3115428636301990296
normal-o3,0,8,suffix-0,16,cpp-std-vector,3,1048576,1048576,1,1024000,3115428636301990296
normal-o3,0,8,suffix-0,16,whitefoot,3,1048576,1048576,1,1032000,3115428636301990296
normal-o3,0,8,suffix-0,16,reverse-c,3,1048576,1048576,1,1034000,3115428636301990296
normal-o3,0,8,suffix-0,16,direct-c,3,1048576,1048576,1,2975000,3115428636301990296
normal-o3,0,8,suffix-0,16,take-swap-c,4,1048576,1048576,1,1075000,10302168301532051834
normal-o3,0,8,suffix-0,16,rust-vec,4,1048576,1048576,1,1021000,10302168301532051834
normal-o3,0,8,suffix-0,16,cpp-std-vector,4,1048576,1048576,1,1010000,10302168301532051834
normal-o3,0,8,suffix-0,16,whitefoot,4,1048576,1048576,1,1028000,10302168301532051834
normal-o3,0,8,suffix-0,16,reverse-c,4,1048576,1048576,1,1041000,10302168301532051834
normal-o3,0,8,suffix-0,16,direct-c,4,1048576,1048576,1,2904000,10302168301532051834
normal-o3,0,8,suffix-0,16,swap-take-c,4,1048576,1048576,1,2966000,10302168301532051834
normal-o3,0,8,suffix-0,16,rust-vec,5,1048576,1048576,1,1067000,17488907966762113372
normal-o3,0,8,suffix-0,16,cpp-std-vector,5,1048576,1048576,1,1040000,17488907966762113372
normal-o3,0,8,suffix-0,16,whitefoot,5,1048576,1048576,1,1041000,17488907966762113372
normal-o3,0,8,suffix-0,16,reverse-c,5,1048576,1048576,1,1042000,17488907966762113372
normal-o3,0,8,suffix-0,16,direct-c,5,1048576,1048576,1,2988000,17488907966762113372
normal-o3,0,8,suffix-0,16,swap-take-c,5,1048576,1048576,1,2978000,17488907966762113372
normal-o3,0,8,suffix-0,16,take-swap-c,5,1048576,1048576,1,1050000,17488907966762113372
normal-o3,0,8,suffix-0,16,cpp-std-vector,6,1048576,1048576,1,1048000,6228903558282623294
normal-o3,0,8,suffix-0,16,whitefoot,6,1048576,1048576,1,997000,6228903558282623294
normal-o3,0,8,suffix-0,16,reverse-c,6,1048576,1048576,1,1022000,6228903558282623294
normal-o3,0,8,suffix-0,16,direct-c,6,1048576,1048576,1,2894000,6228903558282623294
normal-o3,0,8,suffix-0,16,swap-take-c,6,1048576,1048576,1,2917000,6228903558282623294
normal-o3,0,8,suffix-0,16,take-swap-c,6,1048576,1048576,1,1038000,6228903558282623294
normal-o3,0,8,suffix-0,16,rust-vec,6,1048576,1048576,1,1056000,6228903558282623294
normal-o3,0,8,suffix-0,256,whitefoot,0,1048576,1048576,1,1067000,17116383760326379594
normal-o3,0,8,suffix-0,256,reverse-c,0,1048576,1048576,1,1014000,17116383760326379594
normal-o3,0,8,suffix-0,256,direct-c,0,1048576,1048576,1,2816000,17116383760326379594
normal-o3,0,8,suffix-0,256,swap-take-c,0,1048576,1048576,1,2815000,17116383760326379594
normal-o3,0,8,suffix-0,256,take-swap-c,0,1048576,1048576,1,1028000,17116383760326379594
normal-o3,0,8,suffix-0,256,rust-vec,0,1048576,1048576,1,1033000,17116383760326379594
normal-o3,0,8,suffix-0,256,cpp-std-vector,0,1048576,1048576,1,1097000,17116383760326379594
normal-o3,0,8,suffix-0,256,reverse-c,1,1048576,1048576,1,1067000,18422461136700962636
normal-o3,0,8,suffix-0,256,direct-c,1,1048576,1048576,1,2933000,18422461136700962636
normal-o3,0,8,suffix-0,256,swap-take-c,1,1048576,1048576,1,2980000,18422461136700962636
normal-o3,0,8,suffix-0,256,take-swap-c,1,1048576,1048576,1,1148000,18422461136700962636
normal-o3,0,8,suffix-0,256,rust-vec,1,1048576,1048576,1,1084000,18422461136700962636
normal-o3,0,8,suffix-0,256,cpp-std-vector,1,1048576,1048576,1,1060000,18422461136700962636
normal-o3,0,8,suffix-0,256,whitefoot,1,1048576,1048576,1,1013000,18422461136700962636
normal-o3,0,8,suffix-0,256,direct-c,2,1048576,1048576,1,2982000,1281794439365994062
normal-o3,0,8,suffix-0,256,swap-take-c,2,1048576,1048576,1,3009000,1281794439365994062
normal-o3,0,8,suffix-0,256,take-swap-c,2,1048576,1048576,1,1074000,1281794439365994062
normal-o3,0,8,suffix-0,256,rust-vec,2,1048576,1048576,1,1060000,1281794439365994062
normal-o3,0,8,suffix-0,256,cpp-std-vector,2,1048576,1048576,1,1040000,1281794439365994062
normal-o3,0,8,suffix-0,256,whitefoot,2,1048576,1048576,1,1173000,1281794439365994062
normal-o3,0,8,suffix-0,256,reverse-c,2,1048576,1048576,1,1048000,1281794439365994062
normal-o3,0,8,suffix-0,256,swap-take-c,3,1048576,1048576,1,2955000,2587871815740577104
normal-o3,0,8,suffix-0,256,take-swap-c,3,1048576,1048576,1,1043000,2587871815740577104
normal-o3,0,8,suffix-0,256,rust-vec,3,1048576,1048576,1,1047000,2587871815740577104
normal-o3,0,8,suffix-0,256,cpp-std-vector,3,1048576,1048576,1,1043000,2587871815740577104
normal-o3,0,8,suffix-0,256,whitefoot,3,1048576,1048576,1,1037000,2587871815740577104
normal-o3,0,8,suffix-0,256,reverse-c,3,1048576,1048576,1,2861000,2587871815740577104
normal-o3,0,8,suffix-0,256,direct-c,3,1048576,1048576,1,2971000,2587871815740577104
normal-o3,0,8,suffix-0,256,take-swap-c,4,1048576,1048576,1,1067000,3893949192115160146
normal-o3,0,8,suffix-0,256,rust-vec,4,1048576,1048576,1,1023000,3893949192115160146
normal-o3,0,8,suffix-0,256,cpp-std-vector,4,1048576,1048576,1,1025000,3893949192115160146
normal-o3,0,8,suffix-0,256,whitefoot,4,1048576,1048576,1,1076000,3893949192115160146
normal-o3,0,8,suffix-0,256,reverse-c,4,1048576,1048576,1,1067000,3893949192115160146
normal-o3,0,8,suffix-0,256,direct-c,4,1048576,1048576,1,3019000,3893949192115160146
normal-o3,0,8,suffix-0,256,swap-take-c,4,1048576,1048576,1,2922000,3893949192115160146
normal-o3,0,8,suffix-0,256,rust-vec,5,1048576,1048576,1,1072000,5200026568489743188
normal-o3,0,8,suffix-0,256,cpp-std-vector,5,1048576,1048576,1,1051000,5200026568489743188
normal-o3,0,8,suffix-0,256,whitefoot,5,1048576,1048576,1,1045000,5200026568489743188
normal-o3,0,8,suffix-0,256,reverse-c,5,1048576,1048576,1,1031000,5200026568489743188
normal-o3,0,8,suffix-0,256,direct-c,5,1048576,1048576,1,3726000,5200026568489743188
normal-o3,0,8,suffix-0,256,swap-take-c,5,1048576,1048576,1,3832000,5200026568489743188
normal-o3,0,8,suffix-0,256,take-swap-c,5,1048576,1048576,1,1211000,5200026568489743188
normal-o3,0,8,suffix-0,256,cpp-std-vector,6,1048576,1048576,1,1061000,6506103944864326230
normal-o3,0,8,suffix-0,256,whitefoot,6,1048576,1048576,1,1263000,6506103944864326230
normal-o3,0,8,suffix-0,256,reverse-c,6,1048576,1048576,1,1182000,6506103944864326230
normal-o3,0,8,suffix-0,256,direct-c,6,1048576,1048576,1,3163000,6506103944864326230
normal-o3,0,8,suffix-0,256,swap-take-c,6,1048576,1048576,1,3232000,6506103944864326230
normal-o3,0,8,suffix-0,256,take-swap-c,6,1048576,1048576,1,1337000,6506103944864326230
normal-o3,0,8,suffix-0,256,rust-vec,6,1048576,1048576,1,1048000,6506103944864326230
normal-o3,0,8,suffix-0,4096,whitefoot,0,1048576,1048576,1,1785000,4677669742816693706
normal-o3,0,8,suffix-0,4096,reverse-c,0,1048576,1048576,1,1050000,4677669742816693706
normal-o3,0,8,suffix-0,4096,direct-c,0,1048576,1048576,1,2943000,4677669742816693706
normal-o3,0,8,suffix-0,4096,swap-take-c,0,1048576,1048576,1,3769000,4677669742816693706
normal-o3,0,8,suffix-0,4096,take-swap-c,0,1048576,1048576,1,1237000,4677669742816693706
normal-o3,0,8,suffix-0,4096,rust-vec,0,1048576,1048576,1,1059000,4677669742816693706
normal-o3,0,8,suffix-0,4096,cpp-std-vector,0,1048576,1048576,1,1101000,4677669742816693706
normal-o3,0,8,suffix-0,4096,reverse-c,1,1048576,1048576,1,1211000,3271637737093033676
normal-o3,0,8,suffix-0,4096,direct-c,1,1048576,1048576,1,3027000,3271637737093033676
normal-o3,0,8,suffix-0,4096,swap-take-c,1,1048576,1048576,1,3810000,3271637737093033676
normal-o3,0,8,suffix-0,4096,take-swap-c,1,1048576,1048576,1,1268000,3271637737093033676
normal-o3,0,8,suffix-0,4096,rust-vec,1,1048576,1048576,1,1278000,3271637737093033676
normal-o3,0,8,suffix-0,4096,cpp-std-vector,1,1048576,1048576,1,1071000,3271637737093033676
normal-o3,0,8,suffix-0,4096,whitefoot,1,1048576,1048576,1,1669000,3271637737093033676
normal-o3,0,8,suffix-0,4096,direct-c,2,1048576,1048576,1,3227000,1865605731369373646
normal-o3,0,8,suffix-0,4096,swap-take-c,2,1048576,1048576,1,3876000,1865605731369373646
normal-o3,0,8,suffix-0,4096,take-swap-c,2,1048576,1048576,1,2465000,1865605731369373646
normal-o3,0,8,suffix-0,4096,rust-vec,2,1048576,1048576,1,1282000,1865605731369373646
normal-o3,0,8,suffix-0,4096,cpp-std-vector,2,1048576,1048576,1,1069000,1865605731369373646
normal-o3,0,8,suffix-0,4096,whitefoot,2,1048576,1048576,1,1046000,1865605731369373646
normal-o3,0,8,suffix-0,4096,reverse-c,2,1048576,1048576,1,1107000,1865605731369373646
normal-o3,0,8,suffix-0,4096,swap-take-c,3,1048576,1048576,1,3626000,459573725645713616
normal-o3,0,8,suffix-0,4096,take-swap-c,3,1048576,1048576,1,1472000,459573725645713616
normal-o3,0,8,suffix-0,4096,rust-vec,3,1048576,1048576,1,1213000,459573725645713616
normal-o3,0,8,suffix-0,4096,cpp-std-vector,3,1048576,1048576,1,1443000,459573725645713616
normal-o3,0,8,suffix-0,4096,whitefoot,3,1048576,1048576,1,1864000,459573725645713616
normal-o3,0,8,suffix-0,4096,reverse-c,3,1048576,1048576,1,1124000,459573725645713616
normal-o3,0,8,suffix-0,4096,direct-c,3,1048576,1048576,1,3236000,459573725645713616
normal-o3,0,8,suffix-0,4096,take-swap-c,4,1048576,1048576,1,1054000,17500285793631605202
normal-o3,0,8,suffix-0,4096,rust-vec,4,1048576,1048576,1,1057000,17500285793631605202
normal-o3,0,8,suffix-0,4096,cpp-std-vector,4,1048576,1048576,1,1078000,17500285793631605202
normal-o3,0,8,suffix-0,4096,whitefoot,4,1048576,1048576,1,1309000,17500285793631605202
normal-o3,0,8,suffix-0,4096,reverse-c,4,1048576,1048576,1,1068000,17500285793631605202
normal-o3,0,8,suffix-0,4096,direct-c,4,1048576,1048576,1,3475000,17500285793631605202
normal-o3,0,8,suffix-0,4096,swap-take-c,4,1048576,1048576,1,3480000,17500285793631605202
normal-o3,0,8,suffix-0,4096,rust-vec,5,1048576,1048576,1,1053000,16094253787907945172
normal-o3,0,8,suffix-0,4096,cpp-std-vector,5,1048576,1048576,1,1092000,16094253787907945172
normal-o3,0,8,suffix-0,4096,whitefoot,5,1048576,1048576,1,1294000,16094253787907945172
normal-o3,0,8,suffix-0,4096,reverse-c,5,1048576,1048576,1,2050000,16094253787907945172
normal-o3,0,8,suffix-0,4096,direct-c,5,1048576,1048576,1,3337000,16094253787907945172
normal-o3,0,8,suffix-0,4096,swap-take-c,5,1048576,1048576,1,2984000,16094253787907945172
normal-o3,0,8,suffix-0,4096,take-swap-c,5,1048576,1048576,1,1160000,16094253787907945172
normal-o3,0,8,suffix-0,4096,cpp-std-vector,6,1048576,1048576,1,1356000,14688221782184285142
normal-o3,0,8,suffix-0,4096,whitefoot,6,1048576,1048576,1,1047000,14688221782184285142
normal-o3,0,8,suffix-0,4096,reverse-c,6,1048576,1048576,1,1044000,14688221782184285142
normal-o3,0,8,suffix-0,4096,direct-c,6,1048576,1048576,1,3629000,14688221782184285142
normal-o3,0,8,suffix-0,4096,swap-take-c,6,1048576,1048576,1,4126000,14688221782184285142
normal-o3,0,8,suffix-0,4096,take-swap-c,6,1048576,1048576,1,1335000,14688221782184285142
normal-o3,0,8,suffix-0,4096,rust-vec,6,1048576,1048576,1,1367000,14688221782184285142
normal-o3,0,8,suffix-1,16,whitefoot,0,1048576,1048576,1,3464000,929898191272797080
normal-o3,0,8,suffix-1,16,reverse-c,0,1048576,1048576,1,4000000,929898191272797080
normal-o3,0,8,suffix-1,16,direct-c,0,1048576,1048576,1,3883000,929898191272797080
normal-o3,0,8,suffix-1,16,swap-take-c,0,1048576,1048576,1,4479000,929898191272797080
normal-o3,0,8,suffix-1,16,take-swap-c,0,1048576,1048576,1,4850000,929898191272797080
normal-o3,0,8,suffix-1,16,rust-vec,0,1048576,1048576,1,1885000,929898191272797080
normal-o3,0,8,suffix-1,16,cpp-std-vector,0,1048576,1048576,1,3411000,929898191272797080
normal-o3,0,8,suffix-1,16,reverse-c,1,1048576,1048576,1,4692000,4026886324240061497
normal-o3,0,8,suffix-1,16,direct-c,1,1048576,1048576,1,3653000,4026886324240061497
normal-o3,0,8,suffix-1,16,swap-take-c,1,1048576,1048576,1,4470000,4026886324240061497
normal-o3,0,8,suffix-1,16,take-swap-c,1,1048576,1048576,1,3848000,4026886324240061497
normal-o3,0,8,suffix-1,16,rust-vec,1,1048576,1048576,1,1699000,4026886324240061497
normal-o3,0,8,suffix-1,16,cpp-std-vector,1,1048576,1048576,1,3458000,4026886324240061497
normal-o3,0,8,suffix-1,16,whitefoot,1,1048576,1048576,1,3697000,4026886324240061497
normal-o3,0,8,suffix-1,16,direct-c,2,1048576,1048576,1,3435000,7123874457207325914
normal-o3,0,8,suffix-1,16,swap-take-c,2,1048576,1048576,1,3780000,7123874457207325914
normal-o3,0,8,suffix-1,16,take-swap-c,2,1048576,1048576,1,4039000,7123874457207325914
normal-o3,0,8,suffix-1,16,rust-vec,2,1048576,1048576,1,2098000,7123874457207325914
normal-o3,0,8,suffix-1,16,cpp-std-vector,2,1048576,1048576,1,3837000,7123874457207325914
normal-o3,0,8,suffix-1,16,whitefoot,2,1048576,1048576,1,3399000,7123874457207325914
normal-o3,0,8,suffix-1,16,reverse-c,2,1048576,1048576,1,3531000,7123874457207325914
normal-o3,0,8,suffix-1,16,swap-take-c,3,1048576,1048576,1,4944000,10220862590174590331
normal-o3,0,8,suffix-1,16,take-swap-c,3,1048576,1048576,1,3896000,10220862590174590331
normal-o3,0,8,suffix-1,16,rust-vec,3,1048576,1048576,1,1868000,10220862590174590331
normal-o3,0,8,suffix-1,16,cpp-std-vector,3,1048576,1048576,1,5859000,10220862590174590331
normal-o3,0,8,suffix-1,16,whitefoot,3,1048576,1048576,1,3134000,10220862590174590331
normal-o3,0,8,suffix-1,16,reverse-c,3,1048576,1048576,1,3573000,10220862590174590331
normal-o3,0,8,suffix-1,16,direct-c,3,1048576,1048576,1,3015000,10220862590174590331
normal-o3,0,8,suffix-1,16,take-swap-c,4,1048576,1048576,1,3504000,13317850723141854748
normal-o3,0,8,suffix-1,16,rust-vec,4,1048576,1048576,1,1644000,13317850723141854748
normal-o3,0,8,suffix-1,16,cpp-std-vector,4,1048576,1048576,1,4204000,13317850723141854748
normal-o3,0,8,suffix-1,16,whitefoot,4,1048576,1048576,1,5221000,13317850723141854748
normal-o3,0,8,suffix-1,16,reverse-c,4,1048576,1048576,1,3624000,13317850723141854748
normal-o3,0,8,suffix-1,16,direct-c,4,1048576,1048576,1,4447000,13317850723141854748
normal-o3,0,8,suffix-1,16,swap-take-c,4,1048576,1048576,1,3597000,13317850723141854748
normal-o3,0,8,suffix-1,16,rust-vec,5,1048576,1048576,1,1643000,16414838856109119165
normal-o3,0,8,suffix-1,16,cpp-std-vector,5,1048576,1048576,1,3292000,16414838856109119165
normal-o3,0,8,suffix-1,16,whitefoot,5,1048576,1048576,1,3443000,16414838856109119165
normal-o3,0,8,suffix-1,16,reverse-c,5,1048576,1048576,1,4413000,16414838856109119165
normal-o3,0,8,suffix-1,16,direct-c,5,1048576,1048576,1,3279000,16414838856109119165
normal-o3,0,8,suffix-1,16,swap-take-c,5,1048576,1048576,1,4497000,16414838856109119165
normal-o3,0,8,suffix-1,16,take-swap-c,5,1048576,1048576,1,4023000,16414838856109119165
normal-o3,0,8,suffix-1,16,cpp-std-vector,6,1048576,1048576,1,3114000,1065082915366831966
normal-o3,0,8,suffix-1,16,whitefoot,6,1048576,1048576,1,4325000,1065082915366831966
normal-o3,0,8,suffix-1,16,reverse-c,6,1048576,1048576,1,3499000,1065082915366831966
normal-o3,0,8,suffix-1,16,direct-c,6,1048576,1048576,1,4030000,1065082915366831966
normal-o3,0,8,suffix-1,16,swap-take-c,6,1048576,1048576,1,3600000,1065082915366831966
normal-o3,0,8,suffix-1,16,take-swap-c,6,1048576,1048576,1,5142000,1065082915366831966
normal-o3,0,8,suffix-1,16,rust-vec,6,1048576,1048576,1,1642000,1065082915366831966
normal-o3,0,8,suffix-1,256,whitefoot,0,1048576,1048576,1,3124000,14065998348325884944
normal-o3,0,8,suffix-1,256,reverse-c,0,1048576,1048576,1,4226000,14065998348325884944
normal-o3,0,8,suffix-1,256,direct-c,0,1048576,1048576,1,3852000,14065998348325884944
normal-o3,0,8,suffix-1,256,swap-take-c,0,1048576,1048576,1,12381000,14065998348325884944
normal-o3,0,8,suffix-1,256,take-swap-c,0,1048576,1048576,1,11204000,14065998348325884944
normal-o3,0,8,suffix-1,256,rust-vec,0,1048576,1048576,1,1645000,14065998348325884944
normal-o3,0,8,suffix-1,256,cpp-std-vector,0,1048576,1048576,1,5807000,14065998348325884944
normal-o3,0,8,suffix-1,256,reverse-c,1,1048576,1048576,1,3919000,5008019667339890449
normal-o3,0,8,suffix-1,256,direct-c,1,1048576,1048576,1,3148000,5008019667339890449
normal-o3,0,8,suffix-1,256,swap-take-c,1,1048576,1048576,1,6660000,5008019667339890449
normal-o3,0,8,suffix-1,256,take-swap-c,1,1048576,1048576,1,4830000,5008019667339890449
normal-o3,0,8,suffix-1,256,rust-vec,1,1048576,1048576,1,1642000,5008019667339890449
normal-o3,0,8,suffix-1,256,cpp-std-vector,1,1048576,1048576,1,6403000,5008019667339890449
normal-o3,0,8,suffix-1,256,whitefoot,1,1048576,1048576,1,5407000,5008019667339890449
normal-o3,0,8,suffix-1,256,direct-c,2,1048576,1048576,1,2968000,14396785060063447570
normal-o3,0,8,suffix-1,256,swap-take-c,2,1048576,1048576,1,3581000,14396785060063447570
normal-o3,0,8,suffix-1,256,take-swap-c,2,1048576,1048576,1,3434000,14396785060063447570
normal-o3,0,8,suffix-1,256,rust-vec,2,1048576,1048576,1,1929000,14396785060063447570
normal-o3,0,8,suffix-1,256,cpp-std-vector,2,1048576,1048576,1,9867000,14396785060063447570
normal-o3,0,8,suffix-1,256,whitefoot,2,1048576,1048576,1,3847000,14396785060063447570
normal-o3,0,8,suffix-1,256,reverse-c,2,1048576,1048576,1,4843000,14396785060063447570
normal-o3,0,8,suffix-1,256,swap-take-c,3,1048576,1048576,1,5052000,5338806379077453075
normal-o3,0,8,suffix-1,256,take-swap-c,3,1048576,1048576,1,4543000,5338806379077453075
normal-o3,0,8,suffix-1,256,rust-vec,3,1048576,1048576,1,1789000,5338806379077453075
normal-o3,0,8,suffix-1,256,cpp-std-vector,3,1048576,1048576,1,4043000,5338806379077453075
normal-o3,0,8,suffix-1,256,whitefoot,3,1048576,1048576,1,4905000,5338806379077453075
normal-o3,0,8,suffix-1,256,reverse-c,3,1048576,1048576,1,6288000,5338806379077453075
normal-o3,0,8,suffix-1,256,direct-c,3,1048576,1048576,1,7384000,5338806379077453075
normal-o3,0,8,suffix-1,256,take-swap-c,4,1048576,1048576,1,4702000,14727571771801010196
normal-o3,0,8,suffix-1,256,rust-vec,4,1048576,1048576,1,2046000,14727571771801010196
normal-o3,0,8,suffix-1,256,cpp-std-vector,4,1048576,1048576,1,3689000,14727571771801010196
normal-o3,0,8,suffix-1,256,whitefoot,4,1048576,1048576,1,5750000,14727571771801010196
normal-o3,0,8,suffix-1,256,reverse-c,4,1048576,1048576,1,5558000,14727571771801010196
normal-o3,0,8,suffix-1,256,direct-c,4,1048576,1048576,1,4241000,14727571771801010196
normal-o3,0,8,suffix-1,256,swap-take-c,4,1048576,1048576,1,3570000,14727571771801010196
normal-o3,0,8,suffix-1,256,rust-vec,5,1048576,1048576,1,1597000,5669593090815015701
normal-o3,0,8,suffix-1,256,cpp-std-vector,5,1048576,1048576,1,3829000,5669593090815015701
normal-o3,0,8,suffix-1,256,whitefoot,5,1048576,1048576,1,3623000,5669593090815015701
normal-o3,0,8,suffix-1,256,reverse-c,5,1048576,1048576,1,4664000,5669593090815015701
normal-o3,0,8,suffix-1,256,direct-c,5,1048576,1048576,1,3798000,5669593090815015701
normal-o3,0,8,suffix-1,256,swap-take-c,5,1048576,1048576,1,4348000,5669593090815015701
normal-o3,0,8,suffix-1,256,take-swap-c,5,1048576,1048576,1,4464000,5669593090815015701
normal-o3,0,8,suffix-1,256,cpp-std-vector,6,1048576,1048576,1,3684000,15058358483538572822
normal-o3,0,8,suffix-1,256,whitefoot,6,1048576,1048576,1,3628000,15058358483538572822
normal-o3,0,8,suffix-1,256,reverse-c,6,1048576,1048576,1,3768000,15058358483538572822
normal-o3,0,8,suffix-1,256,direct-c,6,1048576,1048576,1,3431000,15058358483538572822
normal-o3,0,8,suffix-1,256,swap-take-c,6,1048576,1048576,1,3791000,15058358483538572822
normal-o3,0,8,suffix-1,256,take-swap-c,6,1048576,1048576,1,3754000,15058358483538572822
normal-o3,0,8,suffix-1,256,rust-vec,6,1048576,1048576,1,1859000,15058358483538572822
normal-o3,0,8,suffix-1,4096,whitefoot,0,1048576,1048576,1,3718000,7456520226923789200
normal-o3,0,8,suffix-1,4096,reverse-c,0,1048576,1048576,1,4087000,7456520226923789200
normal-o3,0,8,suffix-1,4096,direct-c,0,1048576,1048576,1,3263000,7456520226923789200
normal-o3,0,8,suffix-1,4096,swap-take-c,0,1048576,1048576,1,4630000,7456520226923789200
normal-o3,0,8,suffix-1,4096,take-swap-c,0,1048576,1048576,1,4224000,7456520226923789200
normal-o3,0,8,suffix-1,4096,rust-vec,0,1048576,1048576,1,2021000,7456520226923789200
normal-o3,0,8,suffix-1,4096,cpp-std-vector,0,1048576,1048576,1,3213000,7456520226923789200
normal-o3,0,8,suffix-1,4096,reverse-c,1,1048576,1048576,1,4231000,12459322446616091793
normal-o3,0,8,suffix-1,4096,direct-c,1,1048576,1048576,1,3968000,12459322446616091793
normal-o3,0,8,suffix-1,4096,swap-take-c,1,1048576,1048576,1,4459000,12459322446616091793
normal-o3,0,8,suffix-1,4096,take-swap-c,1,1048576,1048576,1,4219000,12459322446616091793
normal-o3,0,8,suffix-1,4096,rust-vec,1,1048576,1048576,1,1955000,12459322446616091793
normal-o3,0,8,suffix-1,4096,cpp-std-vector,1,1048576,1048576,1,4186000,12459322446616091793
normal-o3,0,8,suffix-1,4096,whitefoot,1,1048576,1048576,1,3641000,12459322446616091793
normal-o3,0,8,suffix-1,4096,direct-c,2,1048576,1048576,1,3703000,17462124666308394386
normal-o3,0,8,suffix-1,4096,swap-take-c,2,1048576,1048576,1,4255000,17462124666308394386
normal-o3,0,8,suffix-1,4096,take-swap-c,2,1048576,1048576,1,5051000,17462124666308394386
normal-o3,0,8,suffix-1,4096,rust-vec,2,1048576,1048576,1,2095000,17462124666308394386
normal-o3,0,8,suffix-1,4096,cpp-std-vector,2,1048576,1048576,1,3117000,17462124666308394386
normal-o3,0,8,suffix-1,4096,whitefoot,2,1048576,1048576,1,2968000,17462124666308394386
normal-o3,0,8,suffix-1,4096,reverse-c,2,1048576,1048576,1,3255000,17462124666308394386
normal-o3,0,8,suffix-1,4096,swap-take-c,3,1048576,1048576,1,3430000,4018182812291145363
normal-o3,0,8,suffix-1,4096,take-swap-c,3,1048576,1048576,1,4475000,4018182812291145363
normal-o3,0,8,suffix-1,4096,rust-vec,3,1048576,1048576,1,1762000,4018182812291145363
normal-o3,0,8,suffix-1,4096,cpp-std-vector,3,1048576,1048576,1,3835000,4018182812291145363
normal-o3,0,8,suffix-1,4096,whitefoot,3,1048576,1048576,1,3748000,4018182812291145363
normal-o3,0,8,suffix-1,4096,reverse-c,3,1048576,1048576,1,4346000,4018182812291145363
normal-o3,0,8,suffix-1,4096,direct-c,3,1048576,1048576,1,3195000,4018182812291145363
normal-o3,0,8,suffix-1,4096,take-swap-c,4,1048576,1048576,1,3841000,9020985031983447956
normal-o3,0,8,suffix-1,4096,rust-vec,4,1048576,1048576,1,1862000,9020985031983447956
normal-o3,0,8,suffix-1,4096,cpp-std-vector,4,1048576,1048576,1,3557000,9020985031983447956
normal-o3,0,8,suffix-1,4096,whitefoot,4,1048576,1048576,1,3353000,9020985031983447956
normal-o3,0,8,suffix-1,4096,reverse-c,4,1048576,1048576,1,4233000,9020985031983447956
normal-o3,0,8,suffix-1,4096,direct-c,4,1048576,1048576,1,3731000,9020985031983447956
normal-o3,0,8,suffix-1,4096,swap-take-c,4,1048576,1048576,1,4214000,9020985031983447956
normal-o3,0,8,suffix-1,4096,rust-vec,5,1048576,1048576,1,2123000,14023787251675750549
normal-o3,0,8,suffix-1,4096,cpp-std-vector,5,1048576,1048576,1,3667000,14023787251675750549
normal-o3,0,8,suffix-1,4096,whitefoot,5,1048576,1048576,1,3585000,14023787251675750549
normal-o3,0,8,suffix-1,4096,reverse-c,5,1048576,1048576,1,4879000,14023787251675750549
normal-o3,0,8,suffix-1,4096,direct-c,5,1048576,1048576,1,4545000,14023787251675750549
normal-o3,0,8,suffix-1,4096,swap-take-c,5,1048576,1048576,1,4217000,14023787251675750549
normal-o3,0,8,suffix-1,4096,take-swap-c,5,1048576,1048576,1,4120000,14023787251675750549
normal-o3,0,8,suffix-1,4096,cpp-std-vector,6,1048576,1048576,1,3376000,579845397658501526
normal-o3,0,8,suffix-1,4096,whitefoot,6,1048576,1048576,1,4923000,579845397658501526
normal-o3,0,8,suffix-1,4096,reverse-c,6,1048576,1048576,1,22636000,579845397658501526
normal-o3,0,8,suffix-1,4096,direct-c,6,1048576,1048576,1,9448000,579845397658501526
normal-o3,0,8,suffix-1,4096,swap-take-c,6,1048576,1048576,1,18296000,579845397658501526
normal-o3,0,8,suffix-1,4096,take-swap-c,6,1048576,1048576,1,7809000,579845397658501526
normal-o3,0,8,suffix-1,4096,rust-vec,6,1048576,1048576,1,2024000,579845397658501526
normal-o3,0,8,suffix-2,16,whitefoot,0,1048576,524288,1,2417000,1685092048726590629
normal-o3,0,8,suffix-2,16,reverse-c,0,1048576,524288,1,3451000,1685092048726590629
normal-o3,0,8,suffix-2,16,direct-c,0,1048576,524288,1,1581000,1685092048726590629
normal-o3,0,8,suffix-2,16,swap-take-c,0,1048576,524288,1,2886000,1685092048726590629
normal-o3,0,8,suffix-2,16,take-swap-c,0,1048576,524288,1,5132000,1685092048726590629
normal-o3,0,8,suffix-2,16,rust-vec,0,1048576,524288,1,4049000,1685092048726590629
normal-o3,0,8,suffix-2,16,cpp-std-vector,0,1048576,524288,1,9846000,1685092048726590629
normal-o3,0,8,suffix-2,16,reverse-c,1,1048576,524288,1,3440000,5769615109122455387
normal-o3,0,8,suffix-2,16,direct-c,1,1048576,524288,1,1580000,5769615109122455387
normal-o3,0,8,suffix-2,16,swap-take-c,1,1048576,524288,1,3015000,5769615109122455387
normal-o3,0,8,suffix-2,16,take-swap-c,1,1048576,524288,1,3228000,5769615109122455387
normal-o3,0,8,suffix-2,16,rust-vec,1,1048576,524288,1,1365000,5769615109122455387
normal-o3,0,8,suffix-2,16,cpp-std-vector,1,1048576,524288,1,1729000,5769615109122455387
normal-o3,0,8,suffix-2,16,whitefoot,1,1048576,524288,1,2507000,5769615109122455387
normal-o3,0,8,suffix-2,16,direct-c,2,1048576,524288,1,1538000,9854138169518320145
normal-o3,0,8,suffix-2,16,swap-take-c,2,1048576,524288,1,2913000,9854138169518320145
normal-o3,0,8,suffix-2,16,take-swap-c,2,1048576,524288,1,3283000,9854138169518320145
normal-o3,0,8,suffix-2,16,rust-vec,2,1048576,524288,1,1340000,9854138169518320145
normal-o3,0,8,suffix-2,16,cpp-std-vector,2,1048576,524288,1,1680000,9854138169518320145
normal-o3,0,8,suffix-2,16,whitefoot,2,1048576,524288,1,2406000,9854138169518320145
normal-o3,0,8,suffix-2,16,reverse-c,2,1048576,524288,1,3355000,9854138169518320145
normal-o3,0,8,suffix-2,16,swap-take-c,3,1048576,524288,1,2948000,13938661229914184903
normal-o3,0,8,suffix-2,16,take-swap-c,3,1048576,524288,1,3181000,13938661229914184903
normal-o3,0,8,suffix-2,16,rust-vec,3,1048576,524288,1,1329000,13938661229914184903
normal-o3,0,8,suffix-2,16,cpp-std-vector,3,1048576,524288,1,1675000,13938661229914184903
normal-o3,0,8,suffix-2,16,whitefoot,3,1048576,524288,1,2383000,13938661229914184903
normal-o3,0,8,suffix-2,16,reverse-c,3,1048576,524288,1,3204000,13938661229914184903
normal-o3,0,8,suffix-2,16,direct-c,3,1048576,524288,1,1517000,13938661229914184903
normal-o3,0,8,suffix-2,16,take-swap-c,4,1048576,524288,1,3273000,18023184290310049661
normal-o3,0,8,suffix-2,16,rust-vec,4,1048576,524288,1,1304000,18023184290310049661
normal-o3,0,8,suffix-2,16,cpp-std-vector,4,1048576,524288,1,1647000,18023184290310049661
normal-o3,0,8,suffix-2,16,whitefoot,4,1048576,524288,1,2390000,18023184290310049661
normal-o3,0,8,suffix-2,16,reverse-c,4,1048576,524288,1,3350000,18023184290310049661
normal-o3,0,8,suffix-2,16,direct-c,4,1048576,524288,1,1502000,18023184290310049661
normal-o3,0,8,suffix-2,16,swap-take-c,4,1048576,524288,1,2886000,18023184290310049661
normal-o3,0,8,suffix-2,16,rust-vec,5,1048576,524288,1,1350000,3660963276996362803
normal-o3,0,8,suffix-2,16,cpp-std-vector,5,1048576,524288,1,1662000,3660963276996362803
normal-o3,0,8,suffix-2,16,whitefoot,5,1048576,524288,1,2371000,3660963276996362803
normal-o3,0,8,suffix-2,16,reverse-c,5,1048576,524288,1,3345000,3660963276996362803
normal-o3,0,8,suffix-2,16,direct-c,5,1048576,524288,1,1458000,3660963276996362803
normal-o3,0,8,suffix-2,16,swap-take-c,5,1048576,524288,1,2866000,3660963276996362803
normal-o3,0,8,suffix-2,16,take-swap-c,5,1048576,524288,1,3300000,3660963276996362803
normal-o3,0,8,suffix-2,16,cpp-std-vector,6,1048576,524288,1,1670000,7745486337392227561
normal-o3,0,8,suffix-2,16,whitefoot,6,1048576,524288,1,2441000,7745486337392227561
normal-o3,0,8,suffix-2,16,reverse-c,6,1048576,524288,1,3274000,7745486337392227561
normal-o3,0,8,suffix-2,16,direct-c,6,1048576,524288,1,1545000,7745486337392227561
normal-o3,0,8,suffix-2,16,swap-take-c,6,1048576,524288,1,2873000,7745486337392227561
normal-o3,0,8,suffix-2,16,take-swap-c,6,1048576,524288,1,3168000,7745486337392227561
normal-o3,0,8,suffix-2,16,rust-vec,6,1048576,524288,1,1383000,7745486337392227561
normal-o3,0,8,suffix-2,256,whitefoot,0,1048576,524288,1,2441000,4355278901963944061
normal-o3,0,8,suffix-2,256,reverse-c,0,1048576,524288,1,3298000,4355278901963944061
normal-o3,0,8,suffix-2,256,direct-c,0,1048576,524288,1,2748000,4355278901963944061
normal-o3,0,8,suffix-2,256,swap-take-c,0,1048576,524288,1,2815000,4355278901963944061
normal-o3,0,8,suffix-2,256,take-swap-c,0,1048576,524288,1,3231000,4355278901963944061
normal-o3,0,8,suffix-2,256,rust-vec,0,1048576,524288,1,1323000,4355278901963944061
normal-o3,0,8,suffix-2,256,cpp-std-vector,0,1048576,524288,1,1635000,4355278901963944061
normal-o3,0,8,suffix-2,256,reverse-c,1,1048576,524288,1,3268000,15106128288498016595
normal-o3,0,8,suffix-2,256,direct-c,1,1048576,524288,1,3262000,15106128288498016595
normal-o3,0,8,suffix-2,256,swap-take-c,1,1048576,524288,1,2810000,15106128288498016595
normal-o3,0,8,suffix-2,256,take-swap-c,1,1048576,524288,1,3243000,15106128288498016595
normal-o3,0,8,suffix-2,256,rust-vec,1,1048576,524288,1,1347000,15106128288498016595
normal-o3,0,8,suffix-2,256,cpp-std-vector,1,1048576,524288,1,1649000,15106128288498016595
normal-o3,0,8,suffix-2,256,whitefoot,1,1048576,524288,1,2378000,15106128288498016595
normal-o3,0,8,suffix-2,256,direct-c,2,1048576,524288,1,2835000,7410233601322537513
normal-o3,0,8,suffix-2,256,swap-take-c,2,1048576,524288,1,2835000,7410233601322537513
normal-o3,0,8,suffix-2,256,take-swap-c,2,1048576,524288,1,3407000,7410233601322537513
normal-o3,0,8,suffix-2,256,rust-vec,2,1048576,524288,1,1304000,7410233601322537513
normal-o3,0,8,suffix-2,256,cpp-std-vector,2,1048576,524288,1,1640000,7410233601322537513
normal-o3,0,8,suffix-2,256,whitefoot,2,1048576,524288,1,2390000,7410233601322537513
normal-o3,0,8,suffix-2,256,reverse-c,2,1048576,524288,1,3226000,7410233601322537513
normal-o3,0,8,suffix-2,256,swap-take-c,3,1048576,524288,1,2815000,18161082987856610047
normal-o3,0,8,suffix-2,256,take-swap-c,3,1048576,524288,1,3349000,18161082987856610047
normal-o3,0,8,suffix-2,256,rust-vec,3,1048576,524288,1,1342000,18161082987856610047
normal-o3,0,8,suffix-2,256,cpp-std-vector,3,1048576,524288,1,1709000,18161082987856610047
normal-o3,0,8,suffix-2,256,whitefoot,3,1048576,524288,1,2375000,18161082987856610047
normal-o3,0,8,suffix-2,256,reverse-c,3,1048576,524288,1,3332000,18161082987856610047
normal-o3,0,8,suffix-2,256,direct-c,3,1048576,524288,1,2979000,18161082987856610047
normal-o3,0,8,suffix-2,256,take-swap-c,4,1048576,524288,1,3375000,10465188300681130965
normal-o3,0,8,suffix-2,256,rust-vec,4,1048576,524288,1,1343000,10465188300681130965
normal-o3,0,8,suffix-2,256,cpp-std-vector,4,1048576,524288,1,1678000,10465188300681130965
normal-o3,0,8,suffix-2,256,whitefoot,4,1048576,524288,1,2481000,10465188300681130965
normal-o3,0,8,suffix-2,256,reverse-c,4,1048576,524288,1,3290000,10465188300681130965
normal-o3,0,8,suffix-2,256,direct-c,4,1048576,524288,1,3655000,10465188300681130965
normal-o3,0,8,suffix-2,256,swap-take-c,4,1048576,524288,1,2851000,10465188300681130965
normal-o3,0,8,suffix-2,256,rust-vec,5,1048576,524288,1,1300000,2769293613505651883
normal-o3,0,8,suffix-2,256,cpp-std-vector,5,1048576,524288,1,1626000,2769293613505651883
normal-o3,0,8,suffix-2,256,whitefoot,5,1048576,524288,1,2420000,2769293613505651883
normal-o3,0,8,suffix-2,256,reverse-c,5,1048576,524288,1,3229000,2769293613505651883
normal-o3,0,8,suffix-2,256,direct-c,5,1048576,524288,1,3206000,2769293613505651883
normal-o3,0,8,suffix-2,256,swap-take-c,5,1048576,524288,1,2806000,2769293613505651883
normal-o3,0,8,suffix-2,256,take-swap-c,5,1048576,524288,1,3381000,2769293613505651883
normal-o3,0,8,suffix-2,256,cpp-std-vector,6,1048576,524288,1,1629000,13520143000039724417
normal-o3,0,8,suffix-2,256,whitefoot,6,1048576,524288,1,2400000,13520143000039724417
normal-o3,0,8,suffix-2,256,reverse-c,6,1048576,524288,1,3275000,13520143000039724417
normal-o3,0,8,suffix-2,256,direct-c,6,1048576,524288,1,4013000,13520143000039724417
normal-o3,0,8,suffix-2,256,swap-take-c,6,1048576,524288,1,2796000,13520143000039724417
normal-o3,0,8,suffix-2,256,take-swap-c,6,1048576,524288,1,3237000,13520143000039724417
normal-o3,0,8,suffix-2,256,rust-vec,6,1048576,524288,1,1327000,13520143000039724417
normal-o3,0,8,suffix-2,4096,whitefoot,0,1048576,524288,1,2374000,16133918569289551357
normal-o3,0,8,suffix-2,4096,reverse-c,0,1048576,524288,1,3243000,16133918569289551357
normal-o3,0,8,suffix-2,4096,direct-c,0,1048576,524288,1,3738000,16133918569289551357
normal-o3,0,8,suffix-2,4096,swap-take-c,0,1048576,524288,1,2802000,16133918569289551357
normal-o3,0,8,suffix-2,4096,take-swap-c,0,1048576,524288,1,3383000,16133918569289551357
normal-o3,0,8,suffix-2,4096,rust-vec,0,1048576,524288,1,1318000,16133918569289551357
normal-o3,0,8,suffix-2,4096,cpp-std-vector,0,1048576,524288,1,1646000,16133918569289551357
normal-o3,0,8,suffix-2,4096,reverse-c,1,1048576,524288,1,3318000,17698322704188874963
normal-o3,0,8,suffix-2,4096,direct-c,1,1048576,524288,1,3449000,17698322704188874963
normal-o3,0,8,suffix-2,4096,swap-take-c,1,1048576,524288,1,2925000,17698322704188874963
normal-o3,0,8,suffix-2,4096,take-swap-c,1,1048576,524288,1,3377000,17698322704188874963
normal-o3,0,8,suffix-2,4096,rust-vec,1,1048576,524288,1,1385000,17698322704188874963
normal-o3,0,8,suffix-2,4096,cpp-std-vector,1,1048576,524288,1,1635000,17698322704188874963
normal-o3,0,8,suffix-2,4096,whitefoot,1,1048576,524288,1,2418000,17698322704188874963
normal-o3,0,8,suffix-2,4096,direct-c,2,1048576,524288,1,2056000,815982765378646953
normal-o3,0,8,suffix-2,4096,swap-take-c,2,1048576,524288,1,2894000,815982765378646953
normal-o3,0,8,suffix-2,4096,take-swap-c,2,1048576,524288,1,3373000,815982765378646953
normal-o3,0,8,suffix-2,4096,rust-vec,2,1048576,524288,1,1362000,815982765378646953
normal-o3,0,8,suffix-2,4096,cpp-std-vector,2,1048576,524288,1,1635000,815982765378646953
normal-o3,0,8,suffix-2,4096,whitefoot,2,1048576,524288,1,2430000,815982765378646953
normal-o3,0,8,suffix-2,4096,reverse-c,2,1048576,524288,1,3311000,815982765378646953
normal-o3,0,8,suffix-2,4096,swap-take-c,3,1048576,524288,1,2863000,2380386900277970559
normal-o3,0,8,suffix-2,4096,take-swap-c,3,1048576,524288,1,3408000,2380386900277970559
normal-o3,0,8,suffix-2,4096,rust-vec,3,1048576,524288,1,1345000,2380386900277970559
normal-o3,0,8,suffix-2,4096,cpp-std-vector,3,1048576,524288,1,1733000,2380386900277970559
normal-o3,0,8,suffix-2,4096,whitefoot,3,1048576,524288,1,2454000,2380386900277970559
normal-o3,0,8,suffix-2,4096,reverse-c,3,1048576,524288,1,3314000,2380386900277970559
normal-o3,0,8,suffix-2,4096,direct-c,3,1048576,524288,1,4016000,2380386900277970559
normal-o3,0,8,suffix-2,4096,take-swap-c,4,1048576,524288,1,3353000,3944791035177294165
normal-o3,0,8,suffix-2,4096,rust-vec,4,1048576,524288,1,1319000,3944791035177294165
normal-o3,0,8,suffix-2,4096,cpp-std-vector,4,1048576,524288,1,1635000,3944791035177294165
normal-o3,0,8,suffix-2,4096,whitefoot,4,1048576,524288,1,2425000,3944791035177294165
normal-o3,0,8,suffix-2,4096,reverse-c,4,1048576,524288,1,3385000,3944791035177294165
normal-o3,0,8,suffix-2,4096,direct-c,4,1048576,524288,1,3509000,3944791035177294165
normal-o3,0,8,suffix-2,4096,swap-take-c,4,1048576,524288,1,2921000,3944791035177294165
normal-o3,0,8,suffix-2,4096,rust-vec,5,1048576,524288,1,1328000,5509195170076617771
normal-o3,0,8,suffix-2,4096,cpp-std-vector,5,1048576,524288,1,1685000,5509195170076617771
normal-o3,0,8,suffix-2,4096,whitefoot,5,1048576,524288,1,2472000,5509195170076617771
normal-o3,0,8,suffix-2,4096,reverse-c,5,1048576,524288,1,3296000,5509195170076617771
normal-o3,0,8,suffix-2,4096,direct-c,5,1048576,524288,1,4175000,5509195170076617771
normal-o3,0,8,suffix-2,4096,swap-take-c,5,1048576,524288,1,2815000,5509195170076617771
normal-o3,0,8,suffix-2,4096,take-swap-c,5,1048576,524288,1,3359000,5509195170076617771
normal-o3,0,8,suffix-2,4096,cpp-std-vector,6,1048576,524288,1,1633000,7073599304975941377
normal-o3,0,8,suffix-2,4096,whitefoot,6,1048576,524288,1,2376000,7073599304975941377
normal-o3,0,8,suffix-2,4096,reverse-c,6,1048576,524288,1,3304000,7073599304975941377
normal-o3,0,8,suffix-2,4096,direct-c,6,1048576,524288,1,2506000,7073599304975941377
normal-o3,0,8,suffix-2,4096,swap-take-c,6,1048576,524288,1,2880000,7073599304975941377
normal-o3,0,8,suffix-2,4096,take-swap-c,6,1048576,524288,1,3236000,7073599304975941377
normal-o3,0,8,suffix-2,4096,rust-vec,6,1048576,524288,1,1306000,7073599304975941377
normal-o3,0,8,suffix-3,16,whitefoot,0,1048576,349525,1,1921000,3578158727730397437
normal-o3,0,8,suffix-3,16,reverse-c,0,1048576,349525,1,2502000,3578158727730397437
normal-o3,0,8,suffix-3,16,direct-c,0,1048576,349525,1,1320000,3578158727730397437
normal-o3,0,8,suffix-3,16,swap-take-c,0,1048576,349525,1,2244000,3578158727730397437
normal-o3,0,8,suffix-3,16,take-swap-c,0,1048576,349525,1,2271000,3578158727730397437
normal-o3,0,8,suffix-3,16,rust-vec,0,1048576,349525,1,1306000,3578158727730397437
normal-o3,0,8,suffix-3,16,cpp-std-vector,0,1048576,349525,1,1758000,3578158727730397437
normal-o3,0,8,suffix-3,16,reverse-c,1,1048576,349525,1,2485000,10503294698975091330
normal-o3,0,8,suffix-3,16,direct-c,1,1048576,349525,1,1360000,10503294698975091330
normal-o3,0,8,suffix-3,16,swap-take-c,1,1048576,349525,1,2302000,10503294698975091330
normal-o3,0,8,suffix-3,16,take-swap-c,1,1048576,349525,1,2340000,10503294698975091330
normal-o3,0,8,suffix-3,16,rust-vec,1,1048576,349525,1,1343000,10503294698975091330
normal-o3,0,8,suffix-3,16,cpp-std-vector,1,1048576,349525,1,1793000,10503294698975091330
normal-o3,0,8,suffix-3,16,whitefoot,1,1048576,349525,1,1906000,10503294698975091330
normal-o3,0,8,suffix-3,16,direct-c,2,1048576,349525,1,1370000,17428430670219785223
normal-o3,0,8,suffix-3,16,swap-take-c,2,1048576,349525,1,2321000,17428430670219785223
normal-o3,0,8,suffix-3,16,take-swap-c,2,1048576,349525,1,2340000,17428430670219785223
normal-o3,0,8,suffix-3,16,rust-vec,2,1048576,349525,1,1343000,17428430670219785223
normal-o3,0,8,suffix-3,16,cpp-std-vector,2,1048576,349525,1,1786000,17428430670219785223
normal-o3,0,8,suffix-3,16,whitefoot,2,1048576,349525,1,1976000,17428430670219785223
normal-o3,0,8,suffix-3,16,reverse-c,2,1048576,349525,1,2548000,17428430670219785223
normal-o3,0,8,suffix-3,16,swap-take-c,3,1048576,349525,1,2272000,5906822567754927500
normal-o3,0,8,suffix-3,16,take-swap-c,3,1048576,349525,1,2397000,5906822567754927500
normal-o3,0,8,suffix-3,16,rust-vec,3,1048576,349525,1,1359000,5906822567754927500
normal-o3,0,8,suffix-3,16,cpp-std-vector,3,1048576,349525,1,1807000,5906822567754927500
normal-o3,0,8,suffix-3,16,whitefoot,3,1048576,349525,1,2006000,5906822567754927500
normal-o3,0,8,suffix-3,16,reverse-c,3,1048576,349525,1,2617000,5906822567754927500
normal-o3,0,8,suffix-3,16,direct-c,3,1048576,349525,1,1403000,5906822567754927500
normal-o3,0,8,suffix-3,16,take-swap-c,4,1048576,349525,1,2362000,12831958538999621393
normal-o3,0,8,suffix-3,16,rust-vec,4,1048576,349525,1,1349000,12831958538999621393
normal-o3,0,8,suffix-3,16,cpp-std-vector,4,1048576,349525,1,1840000,12831958538999621393
normal-o3,0,8,suffix-3,16,whitefoot,4,1048576,349525,1,1967000,12831958538999621393
normal-o3,0,8,suffix-3,16,reverse-c,4,1048576,349525,1,2622000,12831958538999621393
normal-o3,0,8,suffix-3,16,direct-c,4,1048576,349525,1,1413000,12831958538999621393
normal-o3,0,8,suffix-3,16,swap-take-c,4,1048576,349525,1,2373000,12831958538999621393
normal-o3,0,8,suffix-3,16,rust-vec,5,1048576,349525,1,1382000,1310350436534763670
normal-o3,0,8,suffix-3,16,cpp-std-vector,5,1048576,349525,1,1850000,1310350436534763670
normal-o3,0,8,suffix-3,16,whitefoot,5,1048576,349525,1,1978000,1310350436534763670
normal-o3,0,8,suffix-3,16,reverse-c,5,1048576,349525,1,2580000,1310350436534763670
normal-o3,0,8,suffix-3,16,direct-c,5,1048576,349525,1,1352000,1310350436534763670
normal-o3,0,8,suffix-3,16,swap-take-c,5,1048576,349525,1,2287000,1310350436534763670
normal-o3,0,8,suffix-3,16,take-swap-c,5,1048576,349525,1,2376000,1310350436534763670
normal-o3,0,8,suffix-3,16,cpp-std-vector,6,1048576,349525,1,1847000,8235486407779457563
normal-o3,0,8,suffix-3,16,whitefoot,6,1048576,349525,1,2026000,8235486407779457563
normal-o3,0,8,suffix-3,16,reverse-c,6,1048576,349525,1,2662000,8235486407779457563
normal-o3,0,8,suffix-3,16,direct-c,6,1048576,349525,1,1409000,8235486407779457563
normal-o3,0,8,suffix-3,16,swap-take-c,6,1048576,349525,1,2407000,8235486407779457563
normal-o3,0,8,suffix-3,16,take-swap-c,6,1048576,349525,1,2415000,8235486407779457563
normal-o3,0,8,suffix-3,16,rust-vec,6,1048576,349525,1,1389000,8235486407779457563
normal-o3,0,8,suffix-3,256,whitefoot,0,1048576,349525,1,1980000,17932052123014486501
normal-o3,0,8,suffix-3,256,reverse-c,0,1048576,349525,1,2686000,17932052123014486501
normal-o3,0,8,suffix-3,256,direct-c,0,1048576,349525,1,1419000,17932052123014486501
normal-o3,0,8,suffix-3,256,swap-take-c,0,1048576,349525,1,2510000,17932052123014486501
normal-o3,0,8,suffix-3,256,take-swap-c,0,1048576,349525,1,2329000,17932052123014486501
normal-o3,0,8,suffix-3,256,rust-vec,0,1048576,349525,1,1300000,17932052123014486501
normal-o3,0,8,suffix-3,256,cpp-std-vector,0,1048576,349525,1,1734000,17932052123014486501
normal-o3,0,8,suffix-3,256,reverse-c,1,1048576,349525,1,2556000,6179702327257408202
normal-o3,0,8,suffix-3,256,direct-c,1,1048576,349525,1,1375000,6179702327257408202
normal-o3,0,8,suffix-3,256,swap-take-c,1,1048576,349525,1,2280000,6179702327257408202
normal-o3,0,8,suffix-3,256,take-swap-c,1,1048576,349525,1,2443000,6179702327257408202
normal-o3,0,8,suffix-3,256,rust-vec,1,1048576,349525,1,1300000,6179702327257408202
normal-o3,0,8,suffix-3,256,cpp-std-vector,1,1048576,349525,1,1734000,6179702327257408202
normal-o3,0,8,suffix-3,256,whitefoot,1,1048576,349525,1,1919000,6179702327257408202
normal-o3,0,8,suffix-3,256,direct-c,2,1048576,349525,1,1379000,12874096605209881519
normal-o3,0,8,suffix-3,256,swap-take-c,2,1048576,349525,1,2547000,12874096605209881519
normal-o3,0,8,suffix-3,256,take-swap-c,2,1048576,349525,1,2310000,12874096605209881519
normal-o3,0,8,suffix-3,256,rust-vec,2,1048576,349525,1,1299000,12874096605209881519
normal-o3,0,8,suffix-3,256,cpp-std-vector,2,1048576,349525,1,1738000,12874096605209881519
normal-o3,0,8,suffix-3,256,whitefoot,2,1048576,349525,1,1923000,12874096605209881519
normal-o3,0,8,suffix-3,256,reverse-c,2,1048576,349525,1,2557000,12874096605209881519
normal-o3,0,8,suffix-3,256,swap-take-c,3,1048576,349525,1,2203000,1121746809452803220
normal-o3,0,8,suffix-3,256,take-swap-c,3,1048576,349525,1,2330000,1121746809452803220
normal-o3,0,8,suffix-3,256,rust-vec,3,1048576,349525,1,1300000,1121746809452803220
normal-o3,0,8,suffix-3,256,cpp-std-vector,3,1048576,349525,1,1736000,1121746809452803220
normal-o3,0,8,suffix-3,256,whitefoot,3,1048576,349525,1,1921000,1121746809452803220
normal-o3,0,8,suffix-3,256,reverse-c,3,1048576,349525,1,2597000,1121746809452803220
normal-o3,0,8,suffix-3,256,direct-c,3,1048576,349525,1,1375000,1121746809452803220
normal-o3,0,8,suffix-3,256,take-swap-c,4,1048576,349525,1,2291000,7816141087405276537
normal-o3,0,8,suffix-3,256,rust-vec,4,1048576,349525,1,1300000,7816141087405276537
normal-o3,0,8,suffix-3,256,cpp-std-vector,4,1048576,349525,1,1733000,7816141087405276537
normal-o3,0,8,suffix-3,256,whitefoot,4,1048576,349525,1,1928000,7816141087405276537
normal-o3,0,8,suffix-3,256,reverse-c,4,1048576,349525,1,2552000,7816141087405276537
normal-o3,0,8,suffix-3,256,direct-c,4,1048576,349525,1,1371000,7816141087405276537
normal-o3,0,8,suffix-3,256,swap-take-c,4,1048576,349525,1,2417000,7816141087405276537
normal-o3,0,8,suffix-3,256,rust-vec,5,1048576,349525,1,1305000,14510535365357749854
normal-o3,0,8,suffix-3,256,cpp-std-vector,5,1048576,349525,1,1735000,14510535365357749854
normal-o3,0,8,suffix-3,256,whitefoot,5,1048576,349525,1,1957000,14510535365357749854
normal-o3,0,8,suffix-3,256,reverse-c,5,1048576,349525,1,2557000,14510535365357749854
normal-o3,0,8,suffix-3,256,direct-c,5,1048576,349525,1,1396000,14510535365357749854
normal-o3,0,8,suffix-3,256,swap-take-c,5,1048576,349525,1,2614000,14510535365357749854
normal-o3,0,8,suffix-3,256,take-swap-c,5,1048576,349525,1,2314000,14510535365357749854
normal-o3,0,8,suffix-3,256,cpp-std-vector,6,1048576,349525,1,1784000,2758185569600671555
normal-o3,0,8,suffix-3,256,whitefoot,6,1048576,349525,1,1922000,2758185569600671555
normal-o3,0,8,suffix-3,256,reverse-c,6,1048576,349525,1,2552000,2758185569600671555
normal-o3,0,8,suffix-3,256,direct-c,6,1048576,349525,1,1377000,2758185569600671555
normal-o3,0,8,suffix-3,256,swap-take-c,6,1048576,349525,1,2255000,2758185569600671555
normal-o3,0,8,suffix-3,256,take-swap-c,6,1048576,349525,1,2317000,2758185569600671555
normal-o3,0,8,suffix-3,256,rust-vec,6,1048576,349525,1,1310000,2758185569600671555
normal-o3,0,8,suffix-3,4096,whitefoot,0,1048576,349525,1,1925000,13042235847276202085
normal-o3,0,8,suffix-3,4096,reverse-c,0,1048576,349525,1,2552000,13042235847276202085
normal-o3,0,8,suffix-3,4096,direct-c,0,1048576,349525,1,1394000,13042235847276202085
normal-o3,0,8,suffix-3,4096,swap-take-c,0,1048576,349525,1,2207000,13042235847276202085
normal-o3,0,8,suffix-3,4096,take-swap-c,0,1048576,349525,1,2437000,13042235847276202085
normal-o3,0,8,suffix-3,4096,rust-vec,0,1048576,349525,1,1305000,13042235847276202085
normal-o3,0,8,suffix-3,4096,cpp-std-vector,0,1048576,349525,1,1741000,13042235847276202085
normal-o3,0,8,suffix-3,4096,reverse-c,1,1048576,349525,1,2559000,12907392256605062986
normal-o3,0,8,suffix-3,4096,direct-c,1,1048576,349525,1,1385000,12907392256605062986
normal-o3,0,8,suffix-3,4096,swap-take-c,1,1048576,349525,1,2287000,12907392256605062986
normal-o3,0,8,suffix-3,4096,take-swap-c,1,1048576,349525,1,2392000,12907392256605062986
normal-o3,0,8,suffix-3,4096,rust-vec,1,1048576,349525,1,1308000,12907392256605062986
normal-o3,0,8,suffix-3,4096,cpp-std-vector,1,1048576,349525,1,1741000,12907392256605062986
normal-o3,0,8,suffix-3,4096,whitefoot,1,1048576,349525,1,1922000,12907392256605062986
normal-o3,0,8,suffix-3,4096,direct-c,2,1048576,349525,1,1384000,12772548665933923887
normal-o3,0,8,suffix-3,4096,swap-take-c,2,1048576,349525,1,2316000,12772548665933923887
normal-o3,0,8,suffix-3,4096,take-swap-c,2,1048576,349525,1,2468000,12772548665933923887
normal-o3,0,8,suffix-3,4096,rust-vec,2,1048576,349525,1,1305000,12772548665933923887
normal-o3,0,8,suffix-3,4096,cpp-std-vector,2,1048576,349525,1,1744000,12772548665933923887
normal-o3,0,8,suffix-3,4096,whitefoot,2,1048576,349525,1,1921000,12772548665933923887
normal-o3,0,8,suffix-3,4096,reverse-c,2,1048576,349525,1,2661000,12772548665933923887
normal-o3,0,8,suffix-3,4096,swap-take-c,3,1048576,349525,1,2284000,12637705075262784788
normal-o3,0,8,suffix-3,4096,take-swap-c,3,1048576,349525,1,2497000,12637705075262784788
normal-o3,0,8,suffix-3,4096,rust-vec,3,1048576,349525,1,1367000,12637705075262784788
normal-o3,0,8,suffix-3,4096,cpp-std-vector,3,1048576,349525,1,1803000,12637705075262784788
normal-o3,0,8,suffix-3,4096,whitefoot,3,1048576,349525,1,1947000,12637705075262784788
normal-o3,0,8,suffix-3,4096,reverse-c,3,1048576,349525,1,2637000,12637705075262784788
normal-o3,0,8,suffix-3,4096,direct-c,3,1048576,349525,1,1442000,12637705075262784788
normal-o3,0,8,suffix-3,4096,take-swap-c,4,1048576,349525,1,2407000,12502861484591645689
normal-o3,0,8,suffix-3,4096,rust-vec,4,1048576,349525,1,1346000,12502861484591645689
normal-o3,0,8,suffix-3,4096,cpp-std-vector,4,1048576,349525,1,1798000,12502861484591645689
normal-o3,0,8,suffix-3,4096,whitefoot,4,1048576,349525,1,1981000,12502861484591645689
normal-o3,0,8,suffix-3,4096,reverse-c,4,1048576,349525,1,2681000,12502861484591645689
normal-o3,0,8,suffix-3,4096,direct-c,4,1048576,349525,1,1429000,12502861484591645689
normal-o3,0,8,suffix-3,4096,swap-take-c,4,1048576,349525,1,2327000,12502861484591645689
normal-o3,0,8,suffix-3,4096,rust-vec,5,1048576,349525,1,1354000,12368017893920506590
normal-o3,0,8,suffix-3,4096,cpp-std-vector,5,1048576,349525,1,1772000,12368017893920506590
normal-o3,0,8,suffix-3,4096,whitefoot,5,1048576,349525,1,1929000,12368017893920506590
normal-o3,0,8,suffix-3,4096,reverse-c,5,1048576,349525,1,2624000,12368017893920506590
normal-o3,0,8,suffix-3,4096,direct-c,5,1048576,349525,1,1425000,12368017893920506590
normal-o3,0,8,suffix-3,4096,swap-take-c,5,1048576,349525,1,2353000,12368017893920506590
normal-o3,0,8,suffix-3,4096,take-swap-c,5,1048576,349525,1,2410000,12368017893920506590
normal-o3,0,8,suffix-3,4096,cpp-std-vector,6,1048576,349525,1,1745000,12233174303249367491
normal-o3,0,8,suffix-3,4096,whitefoot,6,1048576,349525,1,1929000,12233174303249367491
normal-o3,0,8,suffix-3,4096,reverse-c,6,1048576,349525,1,2605000,12233174303249367491
normal-o3,0,8,suffix-3,4096,direct-c,6,1048576,349525,1,1515000,12233174303249367491
normal-o3,0,8,suffix-3,4096,swap-take-c,6,1048576,349525,1,2415000,12233174303249367491
normal-o3,0,8,suffix-3,4096,take-swap-c,6,1048576,349525,1,2515000,12233174303249367491
normal-o3,0,8,suffix-3,4096,rust-vec,6,1048576,349525,1,1345000,12233174303249367491
normal-o3,0,256,reserved,16,whitefoot,0,1048576,65536,1,43321000,16095999890136793189
normal-o3,0,256,reserved,16,reverse-c,0,1048576,65536,1,50925000,16095999890136793189
normal-o3,0,256,reserved,16,direct-c,0,1048576,65536,1,47342000,16095999890136793189
normal-o3,0,256,reserved,16,swap-take-c,0,1048576,65536,1,50917000,16095999890136793189
normal-o3,0,256,reserved,16,take-swap-c,0,1048576,65536,1,46814000,16095999890136793189
normal-o3,0,256,reserved,16,rust-vec,0,1048576,65536,1,42592000,16095999890136793189
normal-o3,0,256,reserved,16,cpp-std-vector,0,1048576,65536,1,44539000,16095999890136793189
normal-o3,0,256,reserved,16,reverse-c,1,1048576,65536,1,51179000,10905710204835692646
normal-o3,0,256,reserved,16,direct-c,1,1048576,65536,1,46075000,10905710204835692646
normal-o3,0,256,reserved,16,swap-take-c,1,1048576,65536,1,50888000,10905710204835692646
normal-o3,0,256,reserved,16,take-swap-c,1,1048576,65536,1,47078000,10905710204835692646
normal-o3,0,256,reserved,16,rust-vec,1,1048576,65536,1,41497000,10905710204835692646
normal-o3,0,256,reserved,16,cpp-std-vector,1,1048576,65536,1,44385000,10905710204835692646
normal-o3,0,256,reserved,16,whitefoot,1,1048576,65536,1,44679000,10905710204835692646
normal-o3,0,256,reserved,16,direct-c,2,1048576,65536,1,46650000,1136678281099509863
normal-o3,0,256,reserved,16,swap-take-c,2,1048576,65536,1,49532000,1136678281099509863
normal-o3,0,256,reserved,16,take-swap-c,2,1048576,65536,1,46742000,1136678281099509863
normal-o3,0,256,reserved,16,rust-vec,2,1048576,65536,1,42056000,1136678281099509863
normal-o3,0,256,reserved,16,cpp-std-vector,2,1048576,65536,1,44768000,1136678281099509863
normal-o3,0,256,reserved,16,whitefoot,2,1048576,65536,1,44553000,1136678281099509863
normal-o3,0,256,reserved,16,reverse-c,2,1048576,65536,1,50979000,1136678281099509863
normal-o3,0,256,reserved,16,swap-take-c,3,1048576,65536,1,50945000,1916000061831479400
normal-o3,0,256,reserved,16,take-swap-c,3,1048576,65536,1,46113000,1916000061831479400
normal-o3,0,256,reserved,16,rust-vec,3,1048576,65536,1,42259000,1916000061831479400
normal-o3,0,256,reserved,16,cpp-std-vector,3,1048576,65536,1,46579000,1916000061831479400
normal-o3,0,256,reserved,16,whitefoot,3,1048576,65536,1,44324000,1916000061831479400
normal-o3,0,256,reserved,16,reverse-c,3,1048576,65536,1,50301000,1916000061831479400
normal-o3,0,256,reserved,16,direct-c,3,1048576,65536,1,46686000,1916000061831479400
normal-o3,0,256,reserved,16,take-swap-c,4,1048576,65536,1,46792000,317124334665105513
normal-o3,0,256,reserved,16,rust-vec,4,1048576,65536,1,42180000,317124334665105513
normal-o3,0,256,reserved,16,cpp-std-vector,4,1048576,65536,1,44665000,317124334665105513
normal-o3,0,256,reserved,16,whitefoot,4,1048576,65536,1,44400000,317124334665105513
normal-o3,0,256,reserved,16,reverse-c,4,1048576,65536,1,51383000,317124334665105513
normal-o3,0,256,reserved,16,direct-c,4,1048576,65536,1,46531000,317124334665105513
normal-o3,0,256,reserved,16,swap-take-c,4,1048576,65536,1,50413000,317124334665105513
normal-o3,0,256,reserved,16,rust-vec,5,1048576,65536,1,43059000,16344508304658628714
normal-o3,0,256,reserved,16,cpp-std-vector,5,1048576,65536,1,44629000,16344508304658628714
normal-o3,0,256,reserved,16,whitefoot,5,1048576,65536,1,43287000,16344508304658628714
normal-o3,0,256,reserved,16,reverse-c,5,1048576,65536,1,50208000,16344508304658628714
normal-o3,0,256,reserved,16,direct-c,5,1048576,65536,1,46444000,16344508304658628714
normal-o3,0,256,reserved,16,swap-take-c,5,1048576,65536,1,49966000,16344508304658628714
normal-o3,0,256,reserved,16,take-swap-c,5,1048576,65536,1,47413000,16344508304658628714
normal-o3,0,256,reserved,16,cpp-std-vector,6,1048576,65536,1,45334000,17728104047323021419
normal-o3,0,256,reserved,16,whitefoot,6,1048576,65536,1,44082000,17728104047323021419
normal-o3,0,256,reserved,16,reverse-c,6,1048576,65536,1,52303000,17728104047323021419
normal-o3,0,256,reserved,16,direct-c,6,1048576,65536,1,46628000,17728104047323021419
normal-o3,0,256,reserved,16,swap-take-c,6,1048576,65536,1,49739000,17728104047323021419
normal-o3,0,256,reserved,16,take-swap-c,6,1048576,65536,1,46939000,17728104047323021419
normal-o3,0,256,reserved,16,rust-vec,6,1048576,65536,1,41413000,17728104047323021419
normal-o3,0,256,reserved,256,whitefoot,0,1048576,4096,1,39330000,5774473182449584229
normal-o3,0,256,reserved,256,reverse-c,0,1048576,4096,1,46603000,5774473182449584229
normal-o3,0,256,reserved,256,direct-c,0,1048576,4096,1,41021000,5774473182449584229
normal-o3,0,256,reserved,256,swap-take-c,0,1048576,4096,1,43696000,5774473182449584229
normal-o3,0,256,reserved,256,take-swap-c,0,1048576,4096,1,41437000,5774473182449584229
normal-o3,0,256,reserved,256,rust-vec,0,1048576,4096,1,39114000,5774473182449584229
normal-o3,0,256,reserved,256,cpp-std-vector,0,1048576,4096,1,41777000,5774473182449584229
normal-o3,0,256,reserved,256,reverse-c,1,1048576,4096,1,47414000,730816566922926182
normal-o3,0,256,reserved,256,direct-c,1,1048576,4096,1,41115000,730816566922926182
normal-o3,0,256,reserved,256,swap-take-c,1,1048576,4096,1,43707000,730816566922926182
normal-o3,0,256,reserved,256,take-swap-c,1,1048576,4096,1,41641000,730816566922926182
normal-o3,0,256,reserved,256,rust-vec,1,1048576,4096,1,39374000,730816566922926182
normal-o3,0,256,reserved,256,cpp-std-vector,1,1048576,4096,1,42974000,730816566922926182
normal-o3,0,256,reserved,256,whitefoot,1,1048576,4096,1,40390000,730816566922926182
normal-o3,0,256,reserved,256,direct-c,2,1048576,4096,1,41074000,3951699326411303015
normal-o3,0,256,reserved,256,swap-take-c,2,1048576,4096,1,43628000,3951699326411303015
normal-o3,0,256,reserved,256,take-swap-c,2,1048576,4096,1,41465000,3951699326411303015
normal-o3,0,256,reserved,256,rust-vec,2,1048576,4096,1,39196000,3951699326411303015
normal-o3,0,256,reserved,256,cpp-std-vector,2,1048576,4096,1,41911000,3951699326411303015
normal-o3,0,256,reserved,256,whitefoot,2,1048576,4096,1,39285000,3951699326411303015
normal-o3,0,256,reserved,256,reverse-c,2,1048576,4096,1,46626000,3951699326411303015
normal-o3,0,256,reserved,256,swap-take-c,3,1048576,4096,1,43644000,4669976213855500392
normal-o3,0,256,reserved,256,take-swap-c,3,1048576,4096,1,41435000,4669976213855500392
normal-o3,0,256,reserved,256,rust-vec,3,1048576,4096,1,39106000,4669976213855500392
normal-o3,0,256,reserved,256,cpp-std-vector,3,1048576,4096,1,41787000,4669976213855500392
normal-o3,0,256,reserved,256,whitefoot,3,1048576,4096,1,39300000,4669976213855500392
normal-o3,0,256,reserved,256,reverse-c,3,1048576,4096,1,46779000,4669976213855500392
normal-o3,0,256,reserved,256,direct-c,3,1048576,4096,1,41164000,4669976213855500392
normal-o3,0,256,reserved,256,take-swap-c,4,1048576,4096,1,41425000,4748812814999455849
normal-o3,0,256,reserved,256,rust-vec,4,1048576,4096,1,39293000,4748812814999455849
normal-o3,0,256,reserved,256,cpp-std-vector,4,1048576,4096,1,43022000,4748812814999455849
normal-o3,0,256,reserved,256,whitefoot,4,1048576,4096,1,39250000,4748812814999455849
normal-o3,0,256,reserved,256,reverse-c,4,1048576,4096,1,46572000,4748812814999455849
normal-o3,0,256,reserved,256,direct-c,4,1048576,4096,1,41224000,4748812814999455849
normal-o3,0,256,reserved,256,swap-take-c,4,1048576,4096,1,45737000,4748812814999455849
normal-o3,0,256,reserved,256,rust-vec,5,1048576,4096,1,39012000,9617966251147630698
normal-o3,0,256,reserved,256,cpp-std-vector,5,1048576,4096,1,41796000,9617966251147630698
normal-o3,0,256,reserved,256,whitefoot,5,1048576,4096,1,39416000,9617966251147630698
normal-o3,0,256,reserved,256,reverse-c,5,1048576,4096,1,46686000,9617966251147630698
normal-o3,0,256,reserved,256,direct-c,5,1048576,4096,1,41018000,9617966251147630698
normal-o3,0,256,reserved,256,swap-take-c,5,1048576,4096,1,43624000,9617966251147630698
normal-o3,0,256,reserved,256,take-swap-c,5,1048576,4096,1,41431000,9617966251147630698
normal-o3,0,256,reserved,256,cpp-std-vector,6,1048576,4096,1,41724000,14780350119149938795
normal-o3,0,256,reserved,256,whitefoot,6,1048576,4096,1,39228000,14780350119149938795
normal-o3,0,256,reserved,256,reverse-c,6,1048576,4096,1,46645000,14780350119149938795
normal-o3,0,256,reserved,256,direct-c,6,1048576,4096,1,40983000,14780350119149938795
normal-o3,0,256,reserved,256,swap-take-c,6,1048576,4096,1,43551000,14780350119149938795
normal-o3,0,256,reserved,256,take-swap-c,6,1048576,4096,1,41409000,14780350119149938795
normal-o3,0,256,reserved,256,rust-vec,6,1048576,4096,1,39292000,14780350119149938795
normal-o3,0,256,reserved,4096,whitefoot,0,1048576,256,1,40842000,7990118519889974501
normal-o3,0,256,reserved,4096,reverse-c,0,1048576,256,1,49471000,7990118519889974501
normal-o3,0,256,reserved,4096,direct-c,0,1048576,256,1,42831000,7990118519889974501
normal-o3,0,256,reserved,4096,swap-take-c,0,1048576,256,1,46281000,7990118519889974501
normal-o3,0,256,reserved,4096,take-swap-c,0,1048576,256,1,43104000,7990118519889974501
normal-o3,0,256,reserved,4096,rust-vec,0,1048576,256,1,41835000,7990118519889974501
normal-o3,0,256,reserved,4096,cpp-std-vector,0,1048576,256,1,44657000,7990118519889974501
normal-o3,0,256,reserved,4096,reverse-c,1,1048576,256,1,49482000,10660244701728609766
normal-o3,0,256,reserved,4096,direct-c,1,1048576,256,1,42828000,10660244701728609766
normal-o3,0,256,reserved,4096,swap-take-c,1,1048576,256,1,45203000,10660244701728609766
normal-o3,0,256,reserved,4096,take-swap-c,1,1048576,256,1,43345000,10660244701728609766
normal-o3,0,256,reserved,4096,rust-vec,1,1048576,256,1,40868000,10660244701728609766
normal-o3,0,256,reserved,4096,cpp-std-vector,1,1048576,256,1,43476000,10660244701728609766
normal-o3,0,256,reserved,4096,whitefoot,1,1048576,256,1,40786000,10660244701728609766
normal-o3,0,256,reserved,4096,direct-c,2,1048576,256,1,42843000,3495536164771485415
normal-o3,0,256,reserved,4096,swap-take-c,2,1048576,256,1,45160000,3495536164771485415
normal-o3,0,256,reserved,4096,take-swap-c,2,1048576,256,1,43715000,3495536164771485415
normal-o3,0,256,reserved,4096,rust-vec,2,1048576,256,1,40842000,3495536164771485415
normal-o3,0,256,reserved,4096,cpp-std-vector,2,1048576,256,1,43471000,3495536164771485415
normal-o3,0,256,reserved,4096,whitefoot,2,1048576,256,1,40763000,3495536164771485415
normal-o3,0,256,reserved,4096,reverse-c,2,1048576,256,1,49475000,3495536164771485415
normal-o3,0,256,reserved,4096,swap-take-c,3,1048576,256,1,45240000,15148529761215748072
normal-o3,0,256,reserved,4096,take-swap-c,3,1048576,256,1,43096000,15148529761215748072
normal-o3,0,256,reserved,4096,rust-vec,3,1048576,256,1,40879000,15148529761215748072
normal-o3,0,256,reserved,4096,cpp-std-vector,3,1048576,256,1,43531000,15148529761215748072
normal-o3,0,256,reserved,4096,whitefoot,3,1048576,256,1,41572000,15148529761215748072
normal-o3,0,256,reserved,4096,reverse-c,3,1048576,256,1,50963000,15148529761215748072
normal-o3,0,256,reserved,4096,direct-c,3,1048576,256,1,42844000,15148529761215748072
normal-o3,0,256,reserved,4096,take-swap-c,4,1048576,256,1,43230000,9298652180223940841
normal-o3,0,256,reserved,4096,rust-vec,4,1048576,256,1,41112000,9298652180223940841
normal-o3,0,256,reserved,4096,cpp-std-vector,4,1048576,256,1,43450000,9298652180223940841
normal-o3,0,256,reserved,4096,whitefoot,4,1048576,256,1,40659000,9298652180223940841
normal-o3,0,256,reserved,4096,reverse-c,4,1048576,256,1,49539000,9298652180223940841
normal-o3,0,256,reserved,4096,direct-c,4,1048576,256,1,42873000,9298652180223940841
normal-o3,0,256,reserved,4096,swap-take-c,4,1048576,256,1,45148000,9298652180223940841
normal-o3,0,256,reserved,4096,rust-vec,5,1048576,256,1,40871000,8375064059273222634
normal-o3,0,256,reserved,4096,cpp-std-vector,5,1048576,256,1,43558000,8375064059273222634
normal-o3,0,256,reserved,4096,whitefoot,5,1048576,256,1,41398000,8375064059273222634
normal-o3,0,256,reserved,4096,reverse-c,5,1048576,256,1,49571000,8375064059273222634
normal-o3,0,256,reserved,4096,direct-c,5,1048576,256,1,43029000,8375064059273222634
normal-o3,0,256,reserved,4096,swap-take-c,5,1048576,256,1,45256000,8375064059273222634
normal-o3,0,256,reserved,4096,take-swap-c,5,1048576,256,1,43086000,8375064059273222634
normal-o3,0,256,reserved,4096,cpp-std-vector,6,1048576,256,1,43655000,18409727464639388395
normal-o3,0,256,reserved,4096,whitefoot,6,1048576,256,1,40684000,18409727464639388395
normal-o3,0,256,reserved,4096,reverse-c,6,1048576,256,1,49491000,18409727464639388395
normal-o3,0,256,reserved,4096,direct-c,6,1048576,256,1,42928000,18409727464639388395
normal-o3,0,256,reserved,4096,swap-take-c,6,1048576,256,1,45704000,18409727464639388395
normal-o3,0,256,reserved,4096,take-swap-c,6,1048576,256,1,45489000,18409727464639388395
normal-o3,0,256,reserved,4096,rust-vec,6,1048576,256,1,41197000,18409727464639388395
normal-o3,0,256,growth,16,whitefoot,0,1048576,65536,1,59830000,16095999890136793189
normal-o3,0,256,growth,16,reverse-c,0,1048576,65536,1,66942000,16095999890136793189
normal-o3,0,256,growth,16,direct-c,0,1048576,65536,1,61861000,16095999890136793189
normal-o3,0,256,growth,16,swap-take-c,0,1048576,65536,1,67104000,16095999890136793189
normal-o3,0,256,growth,16,take-swap-c,0,1048576,65536,1,64103000,16095999890136793189
normal-o3,0,256,growth,16,rust-vec,0,1048576,65536,1,56060000,16095999890136793189
normal-o3,0,256,growth,16,cpp-std-vector,0,1048576,65536,1,59580000,16095999890136793189
normal-o3,0,256,growth,16,reverse-c,1,1048576,65536,1,66712000,10905710204835692646
normal-o3,0,256,growth,16,direct-c,1,1048576,65536,1,62438000,10905710204835692646
normal-o3,0,256,growth,16,swap-take-c,1,1048576,65536,1,66071000,10905710204835692646
normal-o3,0,256,growth,16,take-swap-c,1,1048576,65536,1,62555000,10905710204835692646
normal-o3,0,256,growth,16,rust-vec,1,1048576,65536,1,56327000,10905710204835692646
normal-o3,0,256,growth,16,cpp-std-vector,1,1048576,65536,1,62031000,10905710204835692646
normal-o3,0,256,growth,16,whitefoot,1,1048576,65536,1,61248000,10905710204835692646
normal-o3,0,256,growth,16,direct-c,2,1048576,65536,1,61862000,1136678281099509863
normal-o3,0,256,growth,16,swap-take-c,2,1048576,65536,1,66208000,1136678281099509863
normal-o3,0,256,growth,16,take-swap-c,2,1048576,65536,1,62603000,1136678281099509863
normal-o3,0,256,growth,16,rust-vec,2,1048576,65536,1,55935000,1136678281099509863
normal-o3,0,256,growth,16,cpp-std-vector,2,1048576,65536,1,59512000,1136678281099509863
normal-o3,0,256,growth,16,whitefoot,2,1048576,65536,1,59935000,1136678281099509863
normal-o3,0,256,growth,16,reverse-c,2,1048576,65536,1,66938000,1136678281099509863
normal-o3,0,256,growth,16,swap-take-c,3,1048576,65536,1,66278000,1916000061831479400
normal-o3,0,256,growth,16,take-swap-c,3,1048576,65536,1,63183000,1916000061831479400
normal-o3,0,256,growth,16,rust-vec,3,1048576,65536,1,56267000,1916000061831479400
normal-o3,0,256,growth,16,cpp-std-vector,3,1048576,65536,1,59436000,1916000061831479400
normal-o3,0,256,growth,16,whitefoot,3,1048576,65536,1,59691000,1916000061831479400
normal-o3,0,256,growth,16,reverse-c,3,1048576,65536,1,66652000,1916000061831479400
normal-o3,0,256,growth,16,direct-c,3,1048576,65536,1,62428000,1916000061831479400
normal-o3,0,256,growth,16,take-swap-c,4,1048576,65536,1,64592000,317124334665105513
normal-o3,0,256,growth,16,rust-vec,4,1048576,65536,1,57029000,317124334665105513
normal-o3,0,256,growth,16,cpp-std-vector,4,1048576,65536,1,59620000,317124334665105513
normal-o3,0,256,growth,16,whitefoot,4,1048576,65536,1,59739000,317124334665105513
normal-o3,0,256,growth,16,reverse-c,4,1048576,65536,1,66651000,317124334665105513
normal-o3,0,256,growth,16,direct-c,4,1048576,65536,1,61762000,317124334665105513
normal-o3,0,256,growth,16,swap-take-c,4,1048576,65536,1,66361000,317124334665105513
normal-o3,0,256,growth,16,rust-vec,5,1048576,65536,1,56595000,16344508304658628714
normal-o3,0,256,growth,16,cpp-std-vector,5,1048576,65536,1,59525000,16344508304658628714
normal-o3,0,256,growth,16,whitefoot,5,1048576,65536,1,59643000,16344508304658628714
normal-o3,0,256,growth,16,reverse-c,5,1048576,65536,1,67157000,16344508304658628714
normal-o3,0,256,growth,16,direct-c,5,1048576,65536,1,61858000,16344508304658628714
normal-o3,0,256,growth,16,swap-take-c,5,1048576,65536,1,66799000,16344508304658628714
normal-o3,0,256,growth,16,take-swap-c,5,1048576,65536,1,62763000,16344508304658628714
normal-o3,0,256,growth,16,cpp-std-vector,6,1048576,65536,1,59387000,17728104047323021419
normal-o3,0,256,growth,16,whitefoot,6,1048576,65536,1,61111000,17728104047323021419
normal-o3,0,256,growth,16,reverse-c,6,1048576,65536,1,68025000,17728104047323021419
normal-o3,0,256,growth,16,direct-c,6,1048576,65536,1,62731000,17728104047323021419
normal-o3,0,256,growth,16,swap-take-c,6,1048576,65536,1,66424000,17728104047323021419
normal-o3,0,256,growth,16,take-swap-c,6,1048576,65536,1,62674000,17728104047323021419
normal-o3,0,256,growth,16,rust-vec,6,1048576,65536,1,56450000,17728104047323021419
normal-o3,0,256,growth,256,whitefoot,0,1048576,4096,1,52674000,5774473182449584229
normal-o3,0,256,growth,256,reverse-c,0,1048576,4096,1,61673000,5774473182449584229
normal-o3,0,256,growth,256,direct-c,0,1048576,4096,1,54119000,5774473182449584229
normal-o3,0,256,growth,256,swap-take-c,0,1048576,4096,1,57116000,5774473182449584229
normal-o3,0,256,growth,256,take-swap-c,0,1048576,4096,1,54497000,5774473182449584229
normal-o3,0,256,growth,256,rust-vec,0,1048576,4096,1,45413000,5774473182449584229
normal-o3,0,256,growth,256,cpp-std-vector,0,1048576,4096,1,55170000,5774473182449584229
normal-o3,0,256,growth,256,reverse-c,1,1048576,4096,1,60296000,730816566922926182
normal-o3,0,256,growth,256,direct-c,1,1048576,4096,1,55876000,730816566922926182
normal-o3,0,256,growth,256,swap-take-c,1,1048576,4096,1,58128000,730816566922926182
normal-o3,0,256,growth,256,take-swap-c,1,1048576,4096,1,54454000,730816566922926182
normal-o3,0,256,growth,256,rust-vec,1,1048576,4096,1,45393000,730816566922926182
normal-o3,0,256,growth,256,cpp-std-vector,1,1048576,4096,1,55258000,730816566922926182
normal-o3,0,256,growth,256,whitefoot,1,1048576,4096,1,52719000,730816566922926182
normal-o3,0,256,growth,256,direct-c,2,1048576,4096,1,54295000,3951699326411303015
normal-o3,0,256,growth,256,swap-take-c,2,1048576,4096,1,56986000,3951699326411303015
normal-o3,0,256,growth,256,take-swap-c,2,1048576,4096,1,54455000,3951699326411303015
normal-o3,0,256,growth,256,rust-vec,2,1048576,4096,1,45531000,3951699326411303015
normal-o3,0,256,growth,256,cpp-std-vector,2,1048576,4096,1,55455000,3951699326411303015
normal-o3,0,256,growth,256,whitefoot,2,1048576,4096,1,51911000,3951699326411303015
normal-o3,0,256,growth,256,reverse-c,2,1048576,4096,1,60258000,3951699326411303015
normal-o3,0,256,growth,256,swap-take-c,3,1048576,4096,1,57045000,4669976213855500392
normal-o3,0,256,growth,256,take-swap-c,3,1048576,4096,1,54432000,4669976213855500392
normal-o3,0,256,growth,256,rust-vec,3,1048576,4096,1,45410000,4669976213855500392
normal-o3,0,256,growth,256,cpp-std-vector,3,1048576,4096,1,55334000,4669976213855500392
normal-o3,0,256,growth,256,whitefoot,3,1048576,4096,1,52613000,4669976213855500392
normal-o3,0,256,growth,256,reverse-c,3,1048576,4096,1,62063000,4669976213855500392
normal-o3,0,256,growth,256,direct-c,3,1048576,4096,1,54160000,4669976213855500392
normal-o3,0,256,growth,256,take-swap-c,4,1048576,4096,1,54661000,4748812814999455849
normal-o3,0,256,growth,256,rust-vec,4,1048576,4096,1,45667000,4748812814999455849
normal-o3,0,256,growth,256,cpp-std-vector,4,1048576,4096,1,55366000,4748812814999455849
normal-o3,0,256,growth,256,whitefoot,4,1048576,4096,1,52758000,4748812814999455849
normal-o3,0,256,growth,256,reverse-c,4,1048576,4096,1,60504000,4748812814999455849
normal-o3,0,256,growth,256,direct-c,4,1048576,4096,1,56214000,4748812814999455849
normal-o3,0,256,growth,256,swap-take-c,4,1048576,4096,1,57852000,4748812814999455849
normal-o3,0,256,growth,256,rust-vec,5,1048576,4096,1,45714000,9617966251147630698
normal-o3,0,256,growth,256,cpp-std-vector,5,1048576,4096,1,57602000,9617966251147630698
normal-o3,0,256,growth,256,whitefoot,5,1048576,4096,1,54602000,9617966251147630698
normal-o3,0,256,growth,256,reverse-c,5,1048576,4096,1,62820000,9617966251147630698
normal-o3,0,256,growth,256,direct-c,5,1048576,4096,1,54165000,9617966251147630698
normal-o3,0,256,growth,256,swap-take-c,5,1048576,4096,1,57712000,9617966251147630698
normal-o3,0,256,growth,256,take-swap-c,5,1048576,4096,1,54930000,9617966251147630698
normal-o3,0,256,growth,256,cpp-std-vector,6,1048576,4096,1,55834000,14780350119149938795
normal-o3,0,256,growth,256,whitefoot,6,1048576,4096,1,52924000,14780350119149938795
normal-o3,0,256,growth,256,reverse-c,6,1048576,4096,1,62761000,14780350119149938795
normal-o3,0,256,growth,256,direct-c,6,1048576,4096,1,54237000,14780350119149938795
normal-o3,0,256,growth,256,swap-take-c,6,1048576,4096,1,57025000,14780350119149938795
normal-o3,0,256,growth,256,take-swap-c,6,1048576,4096,1,54310000,14780350119149938795
normal-o3,0,256,growth,256,rust-vec,6,1048576,4096,1,45422000,14780350119149938795
normal-o3,0,256,growth,4096,whitefoot,0,1048576,256,1,52637000,7990118519889974501
normal-o3,0,256,growth,4096,reverse-c,0,1048576,256,1,61756000,7990118519889974501
normal-o3,0,256,growth,4096,direct-c,0,1048576,256,1,54273000,7990118519889974501
normal-o3,0,256,growth,4096,swap-take-c,0,1048576,256,1,57010000,7990118519889974501
normal-o3,0,256,growth,4096,take-swap-c,0,1048576,256,1,55128000,7990118519889974501
normal-o3,0,256,growth,4096,rust-vec,0,1048576,256,1,41396000,7990118519889974501
normal-o3,0,256,growth,4096,cpp-std-vector,0,1048576,256,1,51274000,7990118519889974501
normal-o3,0,256,growth,4096,reverse-c,1,1048576,256,1,61661000,10660244701728609766
normal-o3,0,256,growth,4096,direct-c,1,1048576,256,1,54787000,10660244701728609766
normal-o3,0,256,growth,4096,swap-take-c,1,1048576,256,1,58975000,10660244701728609766
normal-o3,0,256,growth,4096,take-swap-c,1,1048576,256,1,56743000,10660244701728609766
normal-o3,0,256,growth,4096,rust-vec,1,1048576,256,1,41492000,10660244701728609766
normal-o3,0,256,growth,4096,cpp-std-vector,1,1048576,256,1,52180000,10660244701728609766
normal-o3,0,256,growth,4096,whitefoot,1,1048576,256,1,52292000,10660244701728609766
normal-o3,0,256,growth,4096,direct-c,2,1048576,256,1,54733000,3495536164771485415
normal-o3,0,256,growth,4096,swap-take-c,2,1048576,256,1,57387000,3495536164771485415
normal-o3,0,256,growth,4096,take-swap-c,2,1048576,256,1,54932000,3495536164771485415
normal-o3,0,256,growth,4096,rust-vec,2,1048576,256,1,42184000,3495536164771485415
normal-o3,0,256,growth,4096,cpp-std-vector,2,1048576,256,1,52018000,3495536164771485415
normal-o3,0,256,growth,4096,whitefoot,2,1048576,256,1,52130000,3495536164771485415
normal-o3,0,256,growth,4096,reverse-c,2,1048576,256,1,61304000,3495536164771485415
normal-o3,0,256,growth,4096,swap-take-c,3,1048576,256,1,57417000,15148529761215748072
normal-o3,0,256,growth,4096,take-swap-c,3,1048576,256,1,55423000,15148529761215748072
normal-o3,0,256,growth,4096,rust-vec,3,1048576,256,1,41412000,15148529761215748072
normal-o3,0,256,growth,4096,cpp-std-vector,3,1048576,256,1,51741000,15148529761215748072
normal-o3,0,256,growth,4096,whitefoot,3,1048576,256,1,52137000,15148529761215748072
normal-o3,0,256,growth,4096,reverse-c,3,1048576,256,1,61112000,15148529761215748072
normal-o3,0,256,growth,4096,direct-c,3,1048576,256,1,56739000,15148529761215748072
normal-o3,0,256,growth,4096,take-swap-c,4,1048576,256,1,54647000,9298652180223940841
normal-o3,0,256,growth,4096,rust-vec,4,1048576,256,1,41474000,9298652180223940841
normal-o3,0,256,growth,4096,cpp-std-vector,4,1048576,256,1,52506000,9298652180223940841
normal-o3,0,256,growth,4096,whitefoot,4,1048576,256,1,52601000,9298652180223940841
normal-o3,0,256,growth,4096,reverse-c,4,1048576,256,1,62765000,9298652180223940841
normal-o3,0,256,growth,4096,direct-c,4,1048576,256,1,55207000,9298652180223940841
normal-o3,0,256,growth,4096,swap-take-c,4,1048576,256,1,57040000,9298652180223940841
normal-o3,0,256,growth,4096,rust-vec,5,1048576,256,1,42296000,8375064059273222634
normal-o3,0,256,growth,4096,cpp-std-vector,5,1048576,256,1,52435000,8375064059273222634
normal-o3,0,256,growth,4096,whitefoot,5,1048576,256,1,52717000,8375064059273222634
normal-o3,0,256,growth,4096,reverse-c,5,1048576,256,1,61825000,8375064059273222634
normal-o3,0,256,growth,4096,direct-c,5,1048576,256,1,54561000,8375064059273222634
normal-o3,0,256,growth,4096,swap-take-c,5,1048576,256,1,57531000,8375064059273222634
normal-o3,0,256,growth,4096,take-swap-c,5,1048576,256,1,54671000,8375064059273222634
normal-o3,0,256,growth,4096,cpp-std-vector,6,1048576,256,1,51959000,18409727464639388395
normal-o3,0,256,growth,4096,whitefoot,6,1048576,256,1,52381000,18409727464639388395
normal-o3,0,256,growth,4096,reverse-c,6,1048576,256,1,64610000,18409727464639388395
normal-o3,0,256,growth,4096,direct-c,6,1048576,256,1,55123000,18409727464639388395
normal-o3,0,256,growth,4096,swap-take-c,6,1048576,256,1,57608000,18409727464639388395
normal-o3,0,256,growth,4096,take-swap-c,6,1048576,256,1,54834000,18409727464639388395
normal-o3,0,256,growth,4096,rust-vec,6,1048576,256,1,41674000,18409727464639388395
normal-o3,0,256,reuse,16,whitefoot,0,1048576,65536,1,41612000,16095999890136793189
normal-o3,0,256,reuse,16,reverse-c,0,1048576,65536,1,47879000,16095999890136793189
normal-o3,0,256,reuse,16,direct-c,0,1048576,65536,1,43070000,16095999890136793189
normal-o3,0,256,reuse,16,swap-take-c,0,1048576,65536,1,46709000,16095999890136793189
normal-o3,0,256,reuse,16,take-swap-c,0,1048576,65536,1,43701000,16095999890136793189
normal-o3,0,256,reuse,16,rust-vec,0,1048576,65536,1,41302000,16095999890136793189
normal-o3,0,256,reuse,16,cpp-std-vector,0,1048576,65536,1,43160000,16095999890136793189
normal-o3,0,256,reuse,16,reverse-c,1,1048576,65536,1,47976000,10905710204835692646
normal-o3,0,256,reuse,16,direct-c,1,1048576,65536,1,43063000,10905710204835692646
normal-o3,0,256,reuse,16,swap-take-c,1,1048576,65536,1,46749000,10905710204835692646
normal-o3,0,256,reuse,16,take-swap-c,1,1048576,65536,1,43640000,10905710204835692646
normal-o3,0,256,reuse,16,rust-vec,1,1048576,65536,1,40312000,10905710204835692646
normal-o3,0,256,reuse,16,cpp-std-vector,1,1048576,65536,1,43180000,10905710204835692646
normal-o3,0,256,reuse,16,whitefoot,1,1048576,65536,1,41611000,10905710204835692646
normal-o3,0,256,reuse,16,direct-c,2,1048576,65536,1,44488000,1136678281099509863
normal-o3,0,256,reuse,16,swap-take-c,2,1048576,65536,1,46755000,1136678281099509863
normal-o3,0,256,reuse,16,take-swap-c,2,1048576,65536,1,43515000,1136678281099509863
normal-o3,0,256,reuse,16,rust-vec,2,1048576,65536,1,40456000,1136678281099509863
normal-o3,0,256,reuse,16,cpp-std-vector,2,1048576,65536,1,43355000,1136678281099509863
normal-o3,0,256,reuse,16,whitefoot,2,1048576,65536,1,41616000,1136678281099509863
normal-o3,0,256,reuse,16,reverse-c,2,1048576,65536,1,48268000,1136678281099509863
normal-o3,0,256,reuse,16,swap-take-c,3,1048576,65536,1,46872000,1916000061831479400
normal-o3,0,256,reuse,16,take-swap-c,3,1048576,65536,1,43646000,1916000061831479400
normal-o3,0,256,reuse,16,rust-vec,3,1048576,65536,1,40400000,1916000061831479400
normal-o3,0,256,reuse,16,cpp-std-vector,3,1048576,65536,1,43184000,1916000061831479400
normal-o3,0,256,reuse,16,whitefoot,3,1048576,65536,1,41635000,1916000061831479400
normal-o3,0,256,reuse,16,reverse-c,3,1048576,65536,1,47939000,1916000061831479400
normal-o3,0,256,reuse,16,direct-c,3,1048576,65536,1,44184000,1916000061831479400
normal-o3,0,256,reuse,16,take-swap-c,4,1048576,65536,1,43541000,317124334665105513
normal-o3,0,256,reuse,16,rust-vec,4,1048576,65536,1,40429000,317124334665105513
normal-o3,0,256,reuse,16,cpp-std-vector,4,1048576,65536,1,43101000,317124334665105513
normal-o3,0,256,reuse,16,whitefoot,4,1048576,65536,1,41491000,317124334665105513
normal-o3,0,256,reuse,16,reverse-c,4,1048576,65536,1,47953000,317124334665105513
normal-o3,0,256,reuse,16,direct-c,4,1048576,65536,1,43530000,317124334665105513
normal-o3,0,256,reuse,16,swap-take-c,4,1048576,65536,1,48266000,317124334665105513
normal-o3,0,256,reuse,16,rust-vec,5,1048576,65536,1,41202000,16344508304658628714
normal-o3,0,256,reuse,16,cpp-std-vector,5,1048576,65536,1,43063000,16344508304658628714
normal-o3,0,256,reuse,16,whitefoot,5,1048576,65536,1,41518000,16344508304658628714
normal-o3,0,256,reuse,16,reverse-c,5,1048576,65536,1,47969000,16344508304658628714
normal-o3,0,256,reuse,16,direct-c,5,1048576,65536,1,43106000,16344508304658628714
normal-o3,0,256,reuse,16,swap-take-c,5,1048576,65536,1,46662000,16344508304658628714
normal-o3,0,256,reuse,16,take-swap-c,5,1048576,65536,1,43554000,16344508304658628714
normal-o3,0,256,reuse,16,cpp-std-vector,6,1048576,65536,1,43153000,17728104047323021419
normal-o3,0,256,reuse,16,whitefoot,6,1048576,65536,1,41557000,17728104047323021419
normal-o3,0,256,reuse,16,reverse-c,6,1048576,65536,1,47888000,17728104047323021419
normal-o3,0,256,reuse,16,direct-c,6,1048576,65536,1,43213000,17728104047323021419
normal-o3,0,256,reuse,16,swap-take-c,6,1048576,65536,1,47808000,17728104047323021419
normal-o3,0,256,reuse,16,take-swap-c,6,1048576,65536,1,44705000,17728104047323021419
normal-o3,0,256,reuse,16,rust-vec,6,1048576,65536,1,40729000,17728104047323021419
normal-o3,0,256,reuse,256,whitefoot,0,1048576,4096,1,39499000,5774473182449584229
normal-o3,0,256,reuse,256,reverse-c,0,1048576,4096,1,47042000,5774473182449584229
normal-o3,0,256,reuse,256,direct-c,0,1048576,4096,1,41607000,5774473182449584229
normal-o3,0,256,reuse,256,swap-take-c,0,1048576,4096,1,43214000,5774473182449584229
normal-o3,0,256,reuse,256,take-swap-c,0,1048576,4096,1,41552000,5774473182449584229
normal-o3,0,256,reuse,256,rust-vec,0,1048576,4096,1,39809000,5774473182449584229
normal-o3,0,256,reuse,256,cpp-std-vector,0,1048576,4096,1,42786000,5774473182449584229
normal-o3,0,256,reuse,256,reverse-c,1,1048576,4096,1,47892000,730816566922926182
normal-o3,0,256,reuse,256,direct-c,1,1048576,4096,1,44821000,730816566922926182
normal-o3,0,256,reuse,256,swap-take-c,1,1048576,4096,1,44276000,730816566922926182
normal-o3,0,256,reuse,256,take-swap-c,1,1048576,4096,1,42137000,730816566922926182
normal-o3,0,256,reuse,256,rust-vec,1,1048576,4096,1,38807000,730816566922926182
normal-o3,0,256,reuse,256,cpp-std-vector,1,1048576,4096,1,41432000,730816566922926182
normal-o3,0,256,reuse,256,whitefoot,1,1048576,4096,1,39068000,730816566922926182
normal-o3,0,256,reuse,256,direct-c,2,1048576,4096,1,40798000,3951699326411303015
normal-o3,0,256,reuse,256,swap-take-c,2,1048576,4096,1,43260000,3951699326411303015
normal-o3,0,256,reuse,256,take-swap-c,2,1048576,4096,1,41269000,3951699326411303015
normal-o3,0,256,reuse,256,rust-vec,2,1048576,4096,1,38613000,3951699326411303015
normal-o3,0,256,reuse,256,cpp-std-vector,2,1048576,4096,1,41297000,3951699326411303015
normal-o3,0,256,reuse,256,whitefoot,2,1048576,4096,1,38768000,3951699326411303015
normal-o3,0,256,reuse,256,reverse-c,2,1048576,4096,1,46417000,3951699326411303015
normal-o3,0,256,reuse,256,swap-take-c,3,1048576,4096,1,44084000,4669976213855500392
normal-o3,0,256,reuse,256,take-swap-c,3,1048576,4096,1,41286000,4669976213855500392
normal-o3,0,256,reuse,256,rust-vec,3,1048576,4096,1,38589000,4669976213855500392
normal-o3,0,256,reuse,256,cpp-std-vector,3,1048576,4096,1,41355000,4669976213855500392
normal-o3,0,256,reuse,256,whitefoot,3,1048576,4096,1,38714000,4669976213855500392
normal-o3,0,256,reuse,256,reverse-c,3,1048576,4096,1,46492000,4669976213855500392
normal-o3,0,256,reuse,256,direct-c,3,1048576,4096,1,40868000,4669976213855500392
normal-o3,0,256,reuse,256,take-swap-c,4,1048576,4096,1,42696000,4748812814999455849
normal-o3,0,256,reuse,256,rust-vec,4,1048576,4096,1,39809000,4748812814999455849
normal-o3,0,256,reuse,256,cpp-std-vector,4,1048576,4096,1,41495000,4748812814999455849
normal-o3,0,256,reuse,256,whitefoot,4,1048576,4096,1,38770000,4748812814999455849
normal-o3,0,256,reuse,256,reverse-c,4,1048576,4096,1,46416000,4748812814999455849
normal-o3,0,256,reuse,256,direct-c,4,1048576,4096,1,40827000,4748812814999455849
normal-o3,0,256,reuse,256,swap-take-c,4,1048576,4096,1,43306000,4748812814999455849
normal-o3,0,256,reuse,256,rust-vec,5,1048576,4096,1,38691000,9617966251147630698
normal-o3,0,256,reuse,256,cpp-std-vector,5,1048576,4096,1,41325000,9617966251147630698
normal-o3,0,256,reuse,256,whitefoot,5,1048576,4096,1,38800000,9617966251147630698
normal-o3,0,256,reuse,256,reverse-c,5,1048576,4096,1,46999000,9617966251147630698
normal-o3,0,256,reuse,256,direct-c,5,1048576,4096,1,40703000,9617966251147630698
normal-o3,0,256,reuse,256,swap-take-c,5,1048576,4096,1,43431000,9617966251147630698
normal-o3,0,256,reuse,256,take-swap-c,5,1048576,4096,1,41260000,9617966251147630698
normal-o3,0,256,reuse,256,cpp-std-vector,6,1048576,4096,1,41319000,14780350119149938795
normal-o3,0,256,reuse,256,whitefoot,6,1048576,4096,1,38705000,14780350119149938795
normal-o3,0,256,reuse,256,reverse-c,6,1048576,4096,1,47324000,14780350119149938795
normal-o3,0,256,reuse,256,direct-c,6,1048576,4096,1,40900000,14780350119149938795
normal-o3,0,256,reuse,256,swap-take-c,6,1048576,4096,1,43278000,14780350119149938795
normal-o3,0,256,reuse,256,take-swap-c,6,1048576,4096,1,41276000,14780350119149938795
normal-o3,0,256,reuse,256,rust-vec,6,1048576,4096,1,39526000,14780350119149938795
normal-o3,0,256,reuse,4096,whitefoot,0,1048576,256,1,40593000,7990118519889974501
normal-o3,0,256,reuse,4096,reverse-c,0,1048576,256,1,49666000,7990118519889974501
normal-o3,0,256,reuse,4096,direct-c,0,1048576,256,1,42968000,7990118519889974501
normal-o3,0,256,reuse,4096,swap-take-c,0,1048576,256,1,45212000,7990118519889974501
normal-o3,0,256,reuse,4096,take-swap-c,0,1048576,256,1,43224000,7990118519889974501
normal-o3,0,256,reuse,4096,rust-vec,0,1048576,256,1,40847000,7990118519889974501
normal-o3,0,256,reuse,4096,cpp-std-vector,0,1048576,256,1,43406000,7990118519889974501
normal-o3,0,256,reuse,4096,reverse-c,1,1048576,256,1,49546000,10660244701728609766
normal-o3,0,256,reuse,4096,direct-c,1,1048576,256,1,42954000,10660244701728609766
normal-o3,0,256,reuse,4096,swap-take-c,1,1048576,256,1,45292000,10660244701728609766
normal-o3,0,256,reuse,4096,take-swap-c,1,1048576,256,1,43152000,10660244701728609766
normal-o3,0,256,reuse,4096,rust-vec,1,1048576,256,1,40713000,10660244701728609766
normal-o3,0,256,reuse,4096,cpp-std-vector,1,1048576,256,1,43395000,10660244701728609766
normal-o3,0,256,reuse,4096,whitefoot,1,1048576,256,1,41003000,10660244701728609766
normal-o3,0,256,reuse,4096,direct-c,2,1048576,256,1,43169000,3495536164771485415
normal-o3,0,256,reuse,4096,swap-take-c,2,1048576,256,1,45239000,3495536164771485415
normal-o3,0,256,reuse,4096,take-swap-c,2,1048576,256,1,43411000,3495536164771485415
normal-o3,0,256,reuse,4096,rust-vec,2,1048576,256,1,41525000,3495536164771485415
normal-o3,0,256,reuse,4096,cpp-std-vector,2,1048576,256,1,43372000,3495536164771485415
normal-o3,0,256,reuse,4096,whitefoot,2,1048576,256,1,40882000,3495536164771485415
normal-o3,0,256,reuse,4096,reverse-c,2,1048576,256,1,49636000,3495536164771485415
normal-o3,0,256,reuse,4096,swap-take-c,3,1048576,256,1,47093000,15148529761215748072
normal-o3,0,256,reuse,4096,take-swap-c,3,1048576,256,1,43229000,15148529761215748072
normal-o3,0,256,reuse,4096,rust-vec,3,1048576,256,1,40781000,15148529761215748072
normal-o3,0,256,reuse,4096,cpp-std-vector,3,1048576,256,1,43423000,15148529761215748072
normal-o3,0,256,reuse,4096,whitefoot,3,1048576,256,1,40641000,15148529761215748072
normal-o3,0,256,reuse,4096,reverse-c,3,1048576,256,1,49520000,15148529761215748072
normal-o3,0,256,reuse,4096,direct-c,3,1048576,256,1,42929000,15148529761215748072
normal-o3,0,256,reuse,4096,take-swap-c,4,1048576,256,1,43216000,9298652180223940841
normal-o3,0,256,reuse,4096,rust-vec,4,1048576,256,1,40767000,9298652180223940841
normal-o3,0,256,reuse,4096,cpp-std-vector,4,1048576,256,1,43421000,9298652180223940841
normal-o3,0,256,reuse,4096,whitefoot,4,1048576,256,1,40600000,9298652180223940841
normal-o3,0,256,reuse,4096,reverse-c,4,1048576,256,1,49524000,9298652180223940841
normal-o3,0,256,reuse,4096,direct-c,4,1048576,256,1,42938000,9298652180223940841
normal-o3,0,256,reuse,4096,swap-take-c,4,1048576,256,1,45259000,9298652180223940841
normal-o3,0,256,reuse,4096,rust-vec,5,1048576,256,1,40924000,8375064059273222634
normal-o3,0,256,reuse,4096,cpp-std-vector,5,1048576,256,1,43414000,8375064059273222634
normal-o3,0,256,reuse,4096,whitefoot,5,1048576,256,1,40596000,8375064059273222634
normal-o3,0,256,reuse,4096,reverse-c,5,1048576,256,1,49503000,8375064059273222634
normal-o3,0,256,reuse,4096,direct-c,5,1048576,256,1,43713000,8375064059273222634
normal-o3,0,256,reuse,4096,swap-take-c,5,1048576,256,1,46704000,8375064059273222634
normal-o3,0,256,reuse,4096,take-swap-c,5,1048576,256,1,43830000,8375064059273222634
normal-o3,0,256,reuse,4096,cpp-std-vector,6,1048576,256,1,43472000,18409727464639388395
normal-o3,0,256,reuse,4096,whitefoot,6,1048576,256,1,40939000,18409727464639388395
normal-o3,0,256,reuse,4096,reverse-c,6,1048576,256,1,51240000,18409727464639388395
normal-o3,0,256,reuse,4096,direct-c,6,1048576,256,1,43368000,18409727464639388395
normal-o3,0,256,reuse,4096,swap-take-c,6,1048576,256,1,45259000,18409727464639388395
normal-o3,0,256,reuse,4096,take-swap-c,6,1048576,256,1,43167000,18409727464639388395
normal-o3,0,256,reuse,4096,rust-vec,6,1048576,256,1,40679000,18409727464639388395
normal-o3,0,256,suffix-0,16,whitefoot,0,1048576,1048576,1,1625000,6607130204449329354
normal-o3,0,256,suffix-0,16,reverse-c,0,1048576,1048576,1,2820000,6607130204449329354
normal-o3,0,256,suffix-0,16,direct-c,0,1048576,1048576,1,2778000,6607130204449329354
normal-o3,0,256,suffix-0,16,swap-take-c,0,1048576,1048576,1,2922000,6607130204449329354
normal-o3,0,256,suffix-0,16,take-swap-c,0,1048576,1048576,1,4076000,6607130204449329354
normal-o3,0,256,suffix-0,16,rust-vec,0,1048576,1048576,1,998000,6607130204449329354
normal-o3,0,256,suffix-0,16,cpp-std-vector,0,1048576,1048576,1,2760000,6607130204449329354
normal-o3,0,256,suffix-0,16,reverse-c,1,1048576,1048576,1,2827000,16952766600949476812
normal-o3,0,256,suffix-0,16,direct-c,1,1048576,1048576,1,2807000,16952766600949476812
normal-o3,0,256,suffix-0,16,swap-take-c,1,1048576,1048576,1,2909000,16952766600949476812
normal-o3,0,256,suffix-0,16,take-swap-c,1,1048576,1048576,1,3173000,16952766600949476812
normal-o3,0,256,suffix-0,16,rust-vec,1,1048576,1048576,1,1015000,16952766600949476812
normal-o3,0,256,suffix-0,16,cpp-std-vector,1,1048576,1048576,1,2794000,16952766600949476812
normal-o3,0,256,suffix-0,16,whitefoot,1,1048576,1048576,1,1653000,16952766600949476812
normal-o3,0,256,suffix-0,16,direct-c,2,1048576,1048576,1,2792000,8851658923740072654
normal-o3,0,256,suffix-0,16,swap-take-c,2,1048576,1048576,1,2940000,8851658923740072654
normal-o3,0,256,suffix-0,16,take-swap-c,2,1048576,1048576,1,3171000,8851658923740072654
normal-o3,0,256,suffix-0,16,rust-vec,2,1048576,1048576,1,987000,8851658923740072654
normal-o3,0,256,suffix-0,16,cpp-std-vector,2,1048576,1048576,1,2794000,8851658923740072654
normal-o3,0,256,suffix-0,16,whitefoot,2,1048576,1048576,1,1658000,8851658923740072654
normal-o3,0,256,suffix-0,16,reverse-c,2,1048576,1048576,1,2855000,8851658923740072654
normal-o3,0,256,suffix-0,16,swap-take-c,3,1048576,1048576,1,2901000,750551246530668496
normal-o3,0,256,suffix-0,16,take-swap-c,3,1048576,1048576,1,3210000,750551246530668496
normal-o3,0,256,suffix-0,16,rust-vec,3,1048576,1048576,1,1006000,750551246530668496
normal-o3,0,256,suffix-0,16,cpp-std-vector,3,1048576,1048576,1,2829000,750551246530668496
normal-o3,0,256,suffix-0,16,whitefoot,3,1048576,1048576,1,1657000,750551246530668496
normal-o3,0,256,suffix-0,16,reverse-c,3,1048576,1048576,1,2853000,750551246530668496
normal-o3,0,256,suffix-0,16,direct-c,3,1048576,1048576,1,2823000,750551246530668496
normal-o3,0,256,suffix-0,16,take-swap-c,4,1048576,1048576,1,3138000,11096187643030815954
normal-o3,0,256,suffix-0,16,rust-vec,4,1048576,1048576,1,993000,11096187643030815954
normal-o3,0,256,suffix-0,16,cpp-std-vector,4,1048576,1048576,1,2816000,11096187643030815954
normal-o3,0,256,suffix-0,16,whitefoot,4,1048576,1048576,1,1658000,11096187643030815954
normal-o3,0,256,suffix-0,16,reverse-c,4,1048576,1048576,1,2860000,11096187643030815954
normal-o3,0,256,suffix-0,16,direct-c,4,1048576,1048576,1,2822000,11096187643030815954
normal-o3,0,256,suffix-0,16,swap-take-c,4,1048576,1048576,1,2907000,11096187643030815954
normal-o3,0,256,suffix-0,16,rust-vec,5,1048576,1048576,1,993000,2995079965821411796
normal-o3,0,256,suffix-0,16,cpp-std-vector,5,1048576,1048576,1,2788000,2995079965821411796
normal-o3,0,256,suffix-0,16,whitefoot,5,1048576,1048576,1,1655000,2995079965821411796
normal-o3,0,256,suffix-0,16,reverse-c,5,1048576,1048576,1,2839000,2995079965821411796
normal-o3,0,256,suffix-0,16,direct-c,5,1048576,1048576,1,2813000,2995079965821411796
normal-o3,0,256,suffix-0,16,swap-take-c,5,1048576,1048576,1,2880000,2995079965821411796
normal-o3,0,256,suffix-0,16,take-swap-c,5,1048576,1048576,1,3171000,2995079965821411796
normal-o3,0,256,suffix-0,16,cpp-std-vector,6,1048576,1048576,1,2798000,13340716362321559254
normal-o3,0,256,suffix-0,16,whitefoot,6,1048576,1048576,1,1665000,13340716362321559254
normal-o3,0,256,suffix-0,16,reverse-c,6,1048576,1048576,1,2850000,13340716362321559254
normal-o3,0,256,suffix-0,16,direct-c,6,1048576,1048576,1,2808000,13340716362321559254
normal-o3,0,256,suffix-0,16,swap-take-c,6,1048576,1048576,1,2893000,13340716362321559254
normal-o3,0,256,suffix-0,16,take-swap-c,6,1048576,1048576,1,4187000,13340716362321559254
normal-o3,0,256,suffix-0,16,rust-vec,6,1048576,1048576,1,1021000,13340716362321559254
normal-o3,0,256,suffix-0,256,whitefoot,0,1048576,1048576,1,1671000,16711255245857297866
normal-o3,0,256,suffix-0,256,reverse-c,0,1048576,1048576,1,2855000,16711255245857297866
normal-o3,0,256,suffix-0,256,direct-c,0,1048576,1048576,1,2796000,16711255245857297866
normal-o3,0,256,suffix-0,256,swap-take-c,0,1048576,1048576,1,2906000,16711255245857297866
normal-o3,0,256,suffix-0,256,take-swap-c,0,1048576,1048576,1,3196000,16711255245857297866
normal-o3,0,256,suffix-0,256,rust-vec,0,1048576,1048576,1,1035000,16711255245857297866
normal-o3,0,256,suffix-0,256,cpp-std-vector,0,1048576,1048576,1,2831000,16711255245857297866
normal-o3,0,256,suffix-0,256,reverse-c,1,1048576,1048576,1,2849000,17222991059918444236
normal-o3,0,256,suffix-0,256,direct-c,1,1048576,1048576,1,2819000,17222991059918444236
normal-o3,0,256,suffix-0,256,swap-take-c,1,1048576,1048576,1,2897000,17222991059918444236
normal-o3,0,256,suffix-0,256,take-swap-c,1,1048576,1048576,1,4117000,17222991059918444236
normal-o3,0,256,suffix-0,256,rust-vec,1,1048576,1048576,1,994000,17222991059918444236
normal-o3,0,256,suffix-0,256,cpp-std-vector,1,1048576,1048576,1,2832000,17222991059918444236
normal-o3,0,256,suffix-0,256,whitefoot,1,1048576,1048576,1,1656000,17222991059918444236
normal-o3,0,256,suffix-0,256,direct-c,2,1048576,1048576,1,2799000,17734726873979590606
normal-o3,0,256,suffix-0,256,swap-take-c,2,1048576,1048576,1,2906000,17734726873979590606
normal-o3,0,256,suffix-0,256,take-swap-c,2,1048576,1048576,1,3195000,17734726873979590606
normal-o3,0,256,suffix-0,256,rust-vec,2,1048576,1048576,1,1044000,17734726873979590606
normal-o3,0,256,suffix-0,256,cpp-std-vector,2,1048576,1048576,1,2846000,17734726873979590606
normal-o3,0,256,suffix-0,256,whitefoot,2,1048576,1048576,1,1674000,17734726873979590606
normal-o3,0,256,suffix-0,256,reverse-c,2,1048576,1048576,1,2951000,17734726873979590606
normal-o3,0,256,suffix-0,256,swap-take-c,3,1048576,1048576,1,3028000,18246462688040736976
normal-o3,0,256,suffix-0,256,take-swap-c,3,1048576,1048576,1,3342000,18246462688040736976
normal-o3,0,256,suffix-0,256,rust-vec,3,1048576,1048576,1,1097000,18246462688040736976
normal-o3,0,256,suffix-0,256,cpp-std-vector,3,1048576,1048576,1,2899000,18246462688040736976
normal-o3,0,256,suffix-0,256,whitefoot,3,1048576,1048576,1,1723000,18246462688040736976
normal-o3,0,256,suffix-0,256,reverse-c,3,1048576,1048576,1,3058000,18246462688040736976
normal-o3,0,256,suffix-0,256,direct-c,3,1048576,1048576,1,2895000,18246462688040736976
normal-o3,0,256,suffix-0,256,take-swap-c,4,1048576,1048576,1,3320000,311454428392331730
normal-o3,0,256,suffix-0,256,rust-vec,4,1048576,1048576,1,1092000,311454428392331730
normal-o3,0,256,suffix-0,256,cpp-std-vector,4,1048576,1048576,1,2953000,311454428392331730
normal-o3,0,256,suffix-0,256,whitefoot,4,1048576,1048576,1,1723000,311454428392331730
normal-o3,0,256,suffix-0,256,reverse-c,4,1048576,1048576,1,3055000,311454428392331730
normal-o3,0,256,suffix-0,256,direct-c,4,1048576,1048576,1,2949000,311454428392331730
normal-o3,0,256,suffix-0,256,swap-take-c,4,1048576,1048576,1,3067000,311454428392331730
normal-o3,0,256,suffix-0,256,rust-vec,5,1048576,1048576,1,1058000,823190242453478100
normal-o3,0,256,suffix-0,256,cpp-std-vector,5,1048576,1048576,1,2926000,823190242453478100
normal-o3,0,256,suffix-0,256,whitefoot,5,1048576,1048576,1,1761000,823190242453478100
normal-o3,0,256,suffix-0,256,reverse-c,5,1048576,1048576,1,3001000,823190242453478100
normal-o3,0,256,suffix-0,256,direct-c,5,1048576,1048576,1,2863000,823190242453478100
normal-o3,0,256,suffix-0,256,swap-take-c,5,1048576,1048576,1,2890000,823190242453478100
normal-o3,0,256,suffix-0,256,take-swap-c,5,1048576,1048576,1,4090000,823190242453478100
normal-o3,0,256,suffix-0,256,cpp-std-vector,6,1048576,1048576,1,2783000,1334926056514624470
normal-o3,0,256,suffix-0,256,whitefoot,6,1048576,1048576,1,1647000,1334926056514624470
normal-o3,0,256,suffix-0,256,reverse-c,6,1048576,1048576,1,2887000,1334926056514624470
normal-o3,0,256,suffix-0,256,direct-c,6,1048576,1048576,1,2808000,1334926056514624470
normal-o3,0,256,suffix-0,256,swap-take-c,6,1048576,1048576,1,2883000,1334926056514624470
normal-o3,0,256,suffix-0,256,take-swap-c,6,1048576,1048576,1,4119000,1334926056514624470
normal-o3,0,256,suffix-0,256,rust-vec,6,1048576,1048576,1,996000,1334926056514624470
normal-o3,0,256,suffix-0,4096,whitefoot,0,1048576,1048576,1,1766000,7001658466579473866
normal-o3,0,256,suffix-0,4096,reverse-c,0,1048576,1048576,1,3022000,7001658466579473866
normal-o3,0,256,suffix-0,4096,direct-c,0,1048576,1048576,1,2935000,7001658466579473866
normal-o3,0,256,suffix-0,4096,swap-take-c,0,1048576,1048576,1,3016000,7001658466579473866
normal-o3,0,256,suffix-0,4096,take-swap-c,0,1048576,1048576,1,4234000,7001658466579473866
normal-o3,0,256,suffix-0,4096,rust-vec,0,1048576,1048576,1,1126000,7001658466579473866
normal-o3,0,256,suffix-0,4096,cpp-std-vector,0,1048576,1048576,1,2975000,7001658466579473866
normal-o3,0,256,suffix-0,4096,reverse-c,1,1048576,1048576,1,3219000,100047013315307212
normal-o3,0,256,suffix-0,4096,direct-c,1,1048576,1048576,1,3155000,100047013315307212
normal-o3,0,256,suffix-0,4096,swap-take-c,1,1048576,1048576,1,3279000,100047013315307212
normal-o3,0,256,suffix-0,4096,take-swap-c,1,1048576,1048576,1,4282000,100047013315307212
normal-o3,0,256,suffix-0,4096,rust-vec,1,1048576,1048576,1,1128000,100047013315307212
normal-o3,0,256,suffix-0,4096,cpp-std-vector,1,1048576,1048576,1,2935000,100047013315307212
normal-o3,0,256,suffix-0,4096,whitefoot,1,1048576,1048576,1,1801000,100047013315307212
normal-o3,0,256,suffix-0,4096,direct-c,2,1048576,1048576,1,2937000,11645179633760692174
normal-o3,0,256,suffix-0,4096,swap-take-c,2,1048576,1048576,1,3039000,11645179633760692174
normal-o3,0,256,suffix-0,4096,take-swap-c,2,1048576,1048576,1,3337000,11645179633760692174
normal-o3,0,256,suffix-0,4096,rust-vec,2,1048576,1048576,1,1148000,11645179633760692174
normal-o3,0,256,suffix-0,4096,cpp-std-vector,2,1048576,1048576,1,3005000,11645179633760692174
normal-o3,0,256,suffix-0,4096,whitefoot,2,1048576,1048576,1,1784000,11645179633760692174
normal-o3,0,256,suffix-0,4096,reverse-c,2,1048576,1048576,1,2977000,11645179633760692174
normal-o3,0,256,suffix-0,4096,swap-take-c,3,1048576,1048576,1,3068000,4743568180496525520
normal-o3,0,256,suffix-0,4096,take-swap-c,3,1048576,1048576,1,4229000,4743568180496525520
normal-o3,0,256,suffix-0,4096,rust-vec,3,1048576,1048576,1,1127000,4743568180496525520
normal-o3,0,256,suffix-0,4096,cpp-std-vector,3,1048576,1048576,1,2966000,4743568180496525520
normal-o3,0,256,suffix-0,4096,whitefoot,3,1048576,1048576,1,1787000,4743568180496525520
normal-o3,0,256,suffix-0,4096,reverse-c,3,1048576,1048576,1,3019000,4743568180496525520
normal-o3,0,256,suffix-0,4096,direct-c,3,1048576,1048576,1,2951000,4743568180496525520
normal-o3,0,256,suffix-0,4096,take-swap-c,4,1048576,1048576,1,3328000,16288700800941910482
normal-o3,0,256,suffix-0,4096,rust-vec,4,1048576,1048576,1,1127000,16288700800941910482
normal-o3,0,256,suffix-0,4096,cpp-std-vector,4,1048576,1048576,1,2946000,16288700800941910482
normal-o3,0,256,suffix-0,4096,whitefoot,4,1048576,1048576,1,1801000,16288700800941910482
normal-o3,0,256,suffix-0,4096,reverse-c,4,1048576,1048576,1,3136000,16288700800941910482
normal-o3,0,256,suffix-0,4096,direct-c,4,1048576,1048576,1,3030000,16288700800941910482
normal-o3,0,256,suffix-0,4096,swap-take-c,4,1048576,1048576,1,3104000,16288700800941910482
normal-o3,0,256,suffix-0,4096,rust-vec,5,1048576,1048576,1,1225000,9387089347677743828
normal-o3,0,256,suffix-0,4096,cpp-std-vector,5,1048576,1048576,1,3021000,9387089347677743828
normal-o3,0,256,suffix-0,4096,whitefoot,5,1048576,1048576,1,1859000,9387089347677743828
normal-o3,0,256,suffix-0,4096,reverse-c,5,1048576,1048576,1,3043000,9387089347677743828
normal-o3,0,256,suffix-0,4096,direct-c,5,1048576,1048576,1,2923000,9387089347677743828
normal-o3,0,256,suffix-0,4096,swap-take-c,5,1048576,1048576,1,3024000,9387089347677743828
normal-o3,0,256,suffix-0,4096,take-swap-c,5,1048576,1048576,1,4294000,9387089347677743828
normal-o3,0,256,suffix-0,4096,cpp-std-vector,6,1048576,1048576,1,2996000,2485477894413577174
normal-o3,0,256,suffix-0,4096,whitefoot,6,1048576,1048576,1,1843000,2485477894413577174
normal-o3,0,256,suffix-0,4096,reverse-c,6,1048576,1048576,1,3050000,2485477894413577174
normal-o3,0,256,suffix-0,4096,direct-c,6,1048576,1048576,1,3004000,2485477894413577174
normal-o3,0,256,suffix-0,4096,swap-take-c,6,1048576,1048576,1,3119000,2485477894413577174
normal-o3,0,256,suffix-0,4096,take-swap-c,6,1048576,1048576,1,3311000,2485477894413577174
normal-o3,0,256,suffix-0,4096,rust-vec,6,1048576,1048576,1,1198000,2485477894413577174
normal-o3,0,256,suffix-1,16,whitefoot,0,1048576,1048576,1,17281000,10077132583444572090
normal-o3,0,256,suffix-1,16,reverse-c,0,1048576,1048576,1,34644000,10077132583444572090
normal-o3,0,256,suffix-1,16,direct-c,0,1048576,1048576,1,16275000,10077132583444572090
normal-o3,0,256,suffix-1,16,swap-take-c,0,1048576,1048576,1,36228000,10077132583444572090
normal-o3,0,256,suffix-1,16,take-swap-c,0,1048576,1048576,1,19094000,10077132583444572090
normal-o3,0,256,suffix-1,16,rust-vec,0,1048576,1048576,1,18563000,10077132583444572090
normal-o3,0,256,suffix-1,16,cpp-std-vector,0,1048576,1048576,1,19894000,10077132583444572090
normal-o3,0,256,suffix-1,16,reverse-c,1,1048576,1048576,1,35293000,18010505805122801404
normal-o3,0,256,suffix-1,16,direct-c,1,1048576,1048576,1,16227000,18010505805122801404
normal-o3,0,256,suffix-1,16,swap-take-c,1,1048576,1048576,1,35199000,18010505805122801404
normal-o3,0,256,suffix-1,16,take-swap-c,1,1048576,1048576,1,18108000,18010505805122801404
normal-o3,0,256,suffix-1,16,rust-vec,1,1048576,1048576,1,16162000,18010505805122801404
normal-o3,0,256,suffix-1,16,cpp-std-vector,1,1048576,1048576,1,16909000,18010505805122801404
normal-o3,0,256,suffix-1,16,whitefoot,1,1048576,1048576,1,17281000,18010505805122801404
normal-o3,0,256,suffix-1,16,direct-c,2,1048576,1048576,1,15913000,7497134953091479102
normal-o3,0,256,suffix-1,16,swap-take-c,2,1048576,1048576,1,36225000,7497134953091479102
normal-o3,0,256,suffix-1,16,take-swap-c,2,1048576,1048576,1,18504000,7497134953091479102
normal-o3,0,256,suffix-1,16,rust-vec,2,1048576,1048576,1,16444000,7497134953091479102
normal-o3,0,256,suffix-1,16,cpp-std-vector,2,1048576,1048576,1,17403000,7497134953091479102
normal-o3,0,256,suffix-1,16,whitefoot,2,1048576,1048576,1,17724000,7497134953091479102
normal-o3,0,256,suffix-1,16,reverse-c,2,1048576,1048576,1,34424000,7497134953091479102
normal-o3,0,256,suffix-1,16,swap-take-c,3,1048576,1048576,1,34359000,15430508174769708416
normal-o3,0,256,suffix-1,16,take-swap-c,3,1048576,1048576,1,17616000,15430508174769708416
normal-o3,0,256,suffix-1,16,rust-vec,3,1048576,1048576,1,16139000,15430508174769708416
normal-o3,0,256,suffix-1,16,cpp-std-vector,3,1048576,1048576,1,16542000,15430508174769708416
normal-o3,0,256,suffix-1,16,whitefoot,3,1048576,1048576,1,16885000,15430508174769708416
normal-o3,0,256,suffix-1,16,reverse-c,3,1048576,1048576,1,34461000,15430508174769708416
normal-o3,0,256,suffix-1,16,direct-c,3,1048576,1048576,1,15611000,15430508174769708416
normal-o3,0,256,suffix-1,16,take-swap-c,4,1048576,1048576,1,17618000,4917137322738386114
normal-o3,0,256,suffix-1,16,rust-vec,4,1048576,1048576,1,15653000,4917137322738386114
normal-o3,0,256,suffix-1,16,cpp-std-vector,4,1048576,1048576,1,16710000,4917137322738386114
normal-o3,0,256,suffix-1,16,whitefoot,4,1048576,1048576,1,17088000,4917137322738386114
normal-o3,0,256,suffix-1,16,reverse-c,4,1048576,1048576,1,34448000,4917137322738386114
normal-o3,0,256,suffix-1,16,direct-c,4,1048576,1048576,1,15657000,4917137322738386114
normal-o3,0,256,suffix-1,16,swap-take-c,4,1048576,1048576,1,34497000,4917137322738386114
normal-o3,0,256,suffix-1,16,rust-vec,5,1048576,1048576,1,15749000,12850510544416615428
normal-o3,0,256,suffix-1,16,cpp-std-vector,5,1048576,1048576,1,16457000,12850510544416615428
normal-o3,0,256,suffix-1,16,whitefoot,5,1048576,1048576,1,16995000,12850510544416615428
normal-o3,0,256,suffix-1,16,reverse-c,5,1048576,1048576,1,34219000,12850510544416615428
normal-o3,0,256,suffix-1,16,direct-c,5,1048576,1048576,1,15545000,12850510544416615428
normal-o3,0,256,suffix-1,16,swap-take-c,5,1048576,1048576,1,34315000,12850510544416615428
normal-o3,0,256,suffix-1,16,take-swap-c,5,1048576,1048576,1,17585000,12850510544416615428
normal-o3,0,256,suffix-1,16,cpp-std-vector,6,1048576,1048576,1,16544000,2337139692385293126
normal-o3,0,256,suffix-1,16,whitefoot,6,1048576,1048576,1,16852000,2337139692385293126
normal-o3,0,256,suffix-1,16,reverse-c,6,1048576,1048576,1,34228000,2337139692385293126
normal-o3,0,256,suffix-1,16,direct-c,6,1048576,1048576,1,15621000,2337139692385293126
normal-o3,0,256,suffix-1,16,swap-take-c,6,1048576,1048576,1,34453000,2337139692385293126
normal-o3,0,256,suffix-1,16,take-swap-c,6,1048576,1048576,1,17478000,2337139692385293126
normal-o3,0,256,suffix-1,16,rust-vec,6,1048576,1048576,1,15795000,2337139692385293126
normal-o3,0,256,suffix-1,256,whitefoot,0,1048576,1048576,1,18012000,16136919648563323066
normal-o3,0,256,suffix-1,256,reverse-c,0,1048576,1048576,1,35441000,16136919648563323066
normal-o3,0,256,suffix-1,256,direct-c,0,1048576,1048576,1,15872000,16136919648563323066
normal-o3,0,256,suffix-1,256,swap-take-c,0,1048576,1048576,1,34286000,16136919648563323066
normal-o3,0,256,suffix-1,256,take-swap-c,0,1048576,1048576,1,17560000,16136919648563323066
normal-o3,0,256,suffix-1,256,rust-vec,0,1048576,1048576,1,15661000,16136919648563323066
normal-o3,0,256,suffix-1,256,cpp-std-vector,0,1048576,1048576,1,16564000,16136919648563323066
normal-o3,0,256,suffix-1,256,reverse-c,1,1048576,1048576,1,34277000,7049943648979053564
normal-o3,0,256,suffix-1,256,direct-c,1,1048576,1048576,1,15684000,7049943648979053564
normal-o3,0,256,suffix-1,256,swap-take-c,1,1048576,1048576,1,34464000,7049943648979053564
normal-o3,0,256,suffix-1,256,take-swap-c,1,1048576,1048576,1,17594000,7049943648979053564
normal-o3,0,256,suffix-1,256,rust-vec,1,1048576,1048576,1,15742000,7049943648979053564
normal-o3,0,256,suffix-1,256,cpp-std-vector,1,1048576,1048576,1,16471000,7049943648979053564
normal-o3,0,256,suffix-1,256,whitefoot,1,1048576,1048576,1,16933000,7049943648979053564
normal-o3,0,256,suffix-1,256,direct-c,2,1048576,1048576,1,15631000,16409711723104335678
normal-o3,0,256,suffix-1,256,swap-take-c,2,1048576,1048576,1,34326000,16409711723104335678
normal-o3,0,256,suffix-1,256,take-swap-c,2,1048576,1048576,1,17755000,16409711723104335678
normal-o3,0,256,suffix-1,256,rust-vec,2,1048576,1048576,1,15748000,16409711723104335678
normal-o3,0,256,suffix-1,256,cpp-std-vector,2,1048576,1048576,1,16450000,16409711723104335678
normal-o3,0,256,suffix-1,256,whitefoot,2,1048576,1048576,1,16904000,16409711723104335678
normal-o3,0,256,suffix-1,256,reverse-c,2,1048576,1048576,1,34992000,16409711723104335678
normal-o3,0,256,suffix-1,256,swap-take-c,3,1048576,1048576,1,34385000,7322735723520066176
normal-o3,0,256,suffix-1,256,take-swap-c,3,1048576,1048576,1,17561000,7322735723520066176
normal-o3,0,256,suffix-1,256,rust-vec,3,1048576,1048576,1,15686000,7322735723520066176
normal-o3,0,256,suffix-1,256,cpp-std-vector,3,1048576,1048576,1,16535000,7322735723520066176
normal-o3,0,256,suffix-1,256,whitefoot,3,1048576,1048576,1,16941000,7322735723520066176
normal-o3,0,256,suffix-1,256,reverse-c,3,1048576,1048576,1,34245000,7322735723520066176
normal-o3,0,256,suffix-1,256,direct-c,3,1048576,1048576,1,15555000,7322735723520066176
normal-o3,0,256,suffix-1,256,take-swap-c,4,1048576,1048576,1,17501000,16682503797645348290
normal-o3,0,256,suffix-1,256,rust-vec,4,1048576,1048576,1,15799000,16682503797645348290
normal-o3,0,256,suffix-1,256,cpp-std-vector,4,1048576,1048576,1,16515000,16682503797645348290
normal-o3,0,256,suffix-1,256,whitefoot,4,1048576,1048576,1,16913000,16682503797645348290
normal-o3,0,256,suffix-1,256,reverse-c,4,1048576,1048576,1,34245000,16682503797645348290
normal-o3,0,256,suffix-1,256,direct-c,4,1048576,1048576,1,15662000,16682503797645348290
normal-o3,0,256,suffix-1,256,swap-take-c,4,1048576,1048576,1,34404000,16682503797645348290
normal-o3,0,256,suffix-1,256,rust-vec,5,1048576,1048576,1,15668000,7595527798061078788
normal-o3,0,256,suffix-1,256,cpp-std-vector,5,1048576,1048576,1,16579000,7595527798061078788
normal-o3,0,256,suffix-1,256,whitefoot,5,1048576,1048576,1,16868000,7595527798061078788
normal-o3,0,256,suffix-1,256,reverse-c,5,1048576,1048576,1,35050000,7595527798061078788
normal-o3,0,256,suffix-1,256,direct-c,5,1048576,1048576,1,16217000,7595527798061078788
normal-o3,0,256,suffix-1,256,swap-take-c,5,1048576,1048576,1,35485000,7595527798061078788
normal-o3,0,256,suffix-1,256,take-swap-c,5,1048576,1048576,1,17582000,7595527798061078788
normal-o3,0,256,suffix-1,256,cpp-std-vector,6,1048576,1048576,1,16449000,16955295872186360902
normal-o3,0,256,suffix-1,256,whitefoot,6,1048576,1048576,1,16985000,16955295872186360902
normal-o3,0,256,suffix-1,256,reverse-c,6,1048576,1048576,1,34955000,16955295872186360902
normal-o3,0,256,suffix-1,256,direct-c,6,1048576,1048576,1,15619000,16955295872186360902
normal-o3,0,256,suffix-1,256,swap-take-c,6,1048576,1048576,1,34516000,16955295872186360902
normal-o3,0,256,suffix-1,256,take-swap-c,6,1048576,1048576,1,17595000,16955295872186360902
normal-o3,0,256,suffix-1,256,rust-vec,6,1048576,1048576,1,15674000,16955295872186360902
normal-o3,0,256,suffix-1,4096,whitefoot,0,1048576,1048576,1,17188000,11423154033847496890
normal-o3,0,256,suffix-1,4096,reverse-c,0,1048576,1048576,1,34511000,11423154033847496890
normal-o3,0,256,suffix-1,4096,direct-c,0,1048576,1048576,1,15692000,11423154033847496890
normal-o3,0,256,suffix-1,4096,swap-take-c,0,1048576,1048576,1,34589000,11423154033847496890
normal-o3,0,256,suffix-1,4096,take-swap-c,0,1048576,1048576,1,17723000,11423154033847496890
normal-o3,0,256,suffix-1,4096,rust-vec,0,1048576,1048576,1,15805000,11423154033847496890
normal-o3,0,256,suffix-1,4096,cpp-std-vector,0,1048576,1048576,1,16682000,11423154033847496890
normal-o3,0,256,suffix-1,4096,reverse-c,1,1048576,1048576,1,34434000,18279605564934372348
normal-o3,0,256,suffix-1,4096,direct-c,1,1048576,1048576,1,15798000,18279605564934372348
normal-o3,0,256,suffix-1,4096,swap-take-c,1,1048576,1048576,1,34527000,18279605564934372348
normal-o3,0,256,suffix-1,4096,take-swap-c,1,1048576,1048576,1,17764000,18279605564934372348
normal-o3,0,256,suffix-1,4096,rust-vec,1,1048576,1048576,1,16356000,18279605564934372348
normal-o3,0,256,suffix-1,4096,cpp-std-vector,1,1048576,1048576,1,16766000,18279605564934372348
normal-o3,0,256,suffix-1,4096,whitefoot,1,1048576,1048576,1,17052000,18279605564934372348
normal-o3,0,256,suffix-1,4096,direct-c,2,1048576,1048576,1,15747000,6689313022311696190
normal-o3,0,256,suffix-1,4096,swap-take-c,2,1048576,1048576,1,34793000,6689313022311696190
normal-o3,0,256,suffix-1,4096,take-swap-c,2,1048576,1048576,1,17709000,6689313022311696190
normal-o3,0,256,suffix-1,4096,rust-vec,2,1048576,1048576,1,15875000,6689313022311696190
normal-o3,0,256,suffix-1,4096,cpp-std-vector,2,1048576,1048576,1,16698000,6689313022311696190
normal-o3,0,256,suffix-1,4096,whitefoot,2,1048576,1048576,1,17092000,6689313022311696190
normal-o3,0,256,suffix-1,4096,reverse-c,2,1048576,1048576,1,34466000,6689313022311696190
normal-o3,0,256,suffix-1,4096,swap-take-c,3,1048576,1048576,1,34573000,13545764553398571648
normal-o3,0,256,suffix-1,4096,take-swap-c,3,1048576,1048576,1,17739000,13545764553398571648
normal-o3,0,256,suffix-1,4096,rust-vec,3,1048576,1048576,1,15832000,13545764553398571648
normal-o3,0,256,suffix-1,4096,cpp-std-vector,3,1048576,1048576,1,16662000,13545764553398571648
normal-o3,0,256,suffix-1,4096,whitefoot,3,1048576,1048576,1,17067000,13545764553398571648
normal-o3,0,256,suffix-1,4096,reverse-c,3,1048576,1048576,1,34428000,13545764553398571648
normal-o3,0,256,suffix-1,4096,direct-c,3,1048576,1048576,1,15741000,13545764553398571648
normal-o3,0,256,suffix-1,4096,take-swap-c,4,1048576,1048576,1,17871000,1955472010775895490
normal-o3,0,256,suffix-1,4096,rust-vec,4,1048576,1048576,1,16662000,1955472010775895490
normal-o3,0,256,suffix-1,4096,cpp-std-vector,4,1048576,1048576,1,17469000,1955472010775895490
normal-o3,0,256,suffix-1,4096,whitefoot,4,1048576,1048576,1,17852000,1955472010775895490
normal-o3,0,256,suffix-1,4096,reverse-c,4,1048576,1048576,1,34594000,1955472010775895490
normal-o3,0,256,suffix-1,4096,direct-c,4,1048576,1048576,1,15734000,1955472010775895490
normal-o3,0,256,suffix-1,4096,swap-take-c,4,1048576,1048576,1,34581000,1955472010775895490
normal-o3,0,256,suffix-1,4096,rust-vec,5,1048576,1048576,1,15887000,8811923541862770948
normal-o3,0,256,suffix-1,4096,cpp-std-vector,5,1048576,1048576,1,16635000,8811923541862770948
normal-o3,0,256,suffix-1,4096,whitefoot,5,1048576,1048576,1,17039000,8811923541862770948
normal-o3,0,256,suffix-1,4096,reverse-c,5,1048576,1048576,1,35195000,8811923541862770948
normal-o3,0,256,suffix-1,4096,direct-c,5,1048576,1048576,1,15754000,8811923541862770948
normal-o3,0,256,suffix-1,4096,swap-take-c,5,1048576,1048576,1,34520000,8811923541862770948
normal-o3,0,256,suffix-1,4096,take-swap-c,5,1048576,1048576,1,17707000,8811923541862770948
normal-o3,0,256,suffix-1,4096,cpp-std-vector,6,1048576,1048576,1,16618000,15668375072949646406
normal-o3,0,256,suffix-1,4096,whitefoot,6,1048576,1048576,1,17111000,15668375072949646406
normal-o3,0,256,suffix-1,4096,reverse-c,6,1048576,1048576,1,34500000,15668375072949646406
normal-o3,0,256,suffix-1,4096,direct-c,6,1048576,1048576,1,15756000,15668375072949646406
normal-o3,0,256,suffix-1,4096,swap-take-c,6,1048576,1048576,1,34530000,15668375072949646406
normal-o3,0,256,suffix-1,4096,take-swap-c,6,1048576,1048576,1,17703000,15668375072949646406
normal-o3,0,256,suffix-1,4096,rust-vec,6,1048576,1048576,1,15839000,15668375072949646406
normal-o3,0,256,suffix-2,16,whitefoot,0,1048576,524288,1,23320000,7440959976666623466
normal-o3,0,256,suffix-2,16,reverse-c,0,1048576,524288,1,35622000,7440959976666623466
normal-o3,0,256,suffix-2,16,direct-c,0,1048576,524288,1,21659000,7440959976666623466
normal-o3,0,256,suffix-2,16,swap-take-c,0,1048576,524288,1,35674000,7440959976666623466
normal-o3,0,256,suffix-2,16,take-swap-c,0,1048576,524288,1,22019000,7440959976666623466
normal-o3,0,256,suffix-2,16,rust-vec,0,1048576,524288,1,21597000,7440959976666623466
normal-o3,0,256,suffix-2,16,cpp-std-vector,0,1048576,524288,1,21699000,7440959976666623466
normal-o3,0,256,suffix-2,16,reverse-c,1,1048576,524288,1,35622000,5917089180867772268
normal-o3,0,256,suffix-2,16,direct-c,1,1048576,524288,1,21642000,5917089180867772268
normal-o3,0,256,suffix-2,16,swap-take-c,1,1048576,524288,1,35690000,5917089180867772268
normal-o3,0,256,suffix-2,16,take-swap-c,1,1048576,524288,1,22046000,5917089180867772268
normal-o3,0,256,suffix-2,16,rust-vec,1,1048576,524288,1,21650000,5917089180867772268
normal-o3,0,256,suffix-2,16,cpp-std-vector,1,1048576,524288,1,21546000,5917089180867772268
normal-o3,0,256,suffix-2,16,whitefoot,1,1048576,524288,1,23153000,5917089180867772268
normal-o3,0,256,suffix-2,16,direct-c,2,1048576,524288,1,21652000,4393218385068921070
normal-o3,0,256,suffix-2,16,swap-take-c,2,1048576,524288,1,35623000,4393218385068921070
normal-o3,0,256,suffix-2,16,take-swap-c,2,1048576,524288,1,22840000,4393218385068921070
normal-o3,0,256,suffix-2,16,rust-vec,2,1048576,524288,1,22765000,4393218385068921070
normal-o3,0,256,suffix-2,16,cpp-std-vector,2,1048576,524288,1,22306000,4393218385068921070
normal-o3,0,256,suffix-2,16,whitefoot,2,1048576,524288,1,23174000,4393218385068921070
normal-o3,0,256,suffix-2,16,reverse-c,2,1048576,524288,1,35757000,4393218385068921070
normal-o3,0,256,suffix-2,16,swap-take-c,3,1048576,524288,1,35791000,2869347589270069872
normal-o3,0,256,suffix-2,16,take-swap-c,3,1048576,524288,1,21991000,2869347589270069872
normal-o3,0,256,suffix-2,16,rust-vec,3,1048576,524288,1,21623000,2869347589270069872
normal-o3,0,256,suffix-2,16,cpp-std-vector,3,1048576,524288,1,21727000,2869347589270069872
normal-o3,0,256,suffix-2,16,whitefoot,3,1048576,524288,1,23324000,2869347589270069872
normal-o3,0,256,suffix-2,16,reverse-c,3,1048576,524288,1,36266000,2869347589270069872
normal-o3,0,256,suffix-2,16,direct-c,3,1048576,524288,1,21777000,2869347589270069872
normal-o3,0,256,suffix-2,16,take-swap-c,4,1048576,524288,1,22009000,1345476793471218674
normal-o3,0,256,suffix-2,16,rust-vec,4,1048576,524288,1,21677000,1345476793471218674
normal-o3,0,256,suffix-2,16,cpp-std-vector,4,1048576,524288,1,21640000,1345476793471218674
normal-o3,0,256,suffix-2,16,whitefoot,4,1048576,524288,1,23428000,1345476793471218674
normal-o3,0,256,suffix-2,16,reverse-c,4,1048576,524288,1,35603000,1345476793471218674
normal-o3,0,256,suffix-2,16,direct-c,4,1048576,524288,1,22195000,1345476793471218674
normal-o3,0,256,suffix-2,16,swap-take-c,4,1048576,524288,1,36785000,1345476793471218674
normal-o3,0,256,suffix-2,16,rust-vec,5,1048576,524288,1,21576000,18268350071381919092
normal-o3,0,256,suffix-2,16,cpp-std-vector,5,1048576,524288,1,21634000,18268350071381919092
normal-o3,0,256,suffix-2,16,whitefoot,5,1048576,524288,1,23216000,18268350071381919092
normal-o3,0,256,suffix-2,16,reverse-c,5,1048576,524288,1,35667000,18268350071381919092
normal-o3,0,256,suffix-2,16,direct-c,5,1048576,524288,1,21579000,18268350071381919092
normal-o3,0,256,suffix-2,16,swap-take-c,5,1048576,524288,1,35626000,18268350071381919092
normal-o3,0,256,suffix-2,16,take-swap-c,5,1048576,524288,1,22005000,18268350071381919092
normal-o3,0,256,suffix-2,16,cpp-std-vector,6,1048576,524288,1,21593000,16744479275583067894
normal-o3,0,256,suffix-2,16,whitefoot,6,1048576,524288,1,23168000,16744479275583067894
normal-o3,0,256,suffix-2,16,reverse-c,6,1048576,524288,1,35651000,16744479275583067894
normal-o3,0,256,suffix-2,16,direct-c,6,1048576,524288,1,22020000,16744479275583067894
normal-o3,0,256,suffix-2,16,swap-take-c,6,1048576,524288,1,35618000,16744479275583067894
normal-o3,0,256,suffix-2,16,take-swap-c,6,1048576,524288,1,21935000,16744479275583067894
normal-o3,0,256,suffix-2,16,rust-vec,6,1048576,524288,1,21684000,16744479275583067894
normal-o3,0,256,suffix-2,256,whitefoot,0,1048576,524288,1,23176000,2462342821806119658
normal-o3,0,256,suffix-2,256,reverse-c,0,1048576,524288,1,35664000,2462342821806119658
normal-o3,0,256,suffix-2,256,direct-c,0,1048576,524288,1,21719000,2462342821806119658
normal-o3,0,256,suffix-2,256,swap-take-c,0,1048576,524288,1,36158000,2462342821806119658
normal-o3,0,256,suffix-2,256,take-swap-c,0,1048576,524288,1,23391000,2462342821806119658
normal-o3,0,256,suffix-2,256,rust-vec,0,1048576,524288,1,22476000,2462342821806119658
normal-o3,0,256,suffix-2,256,cpp-std-vector,0,1048576,524288,1,21708000,2462342821806119658
normal-o3,0,256,suffix-2,256,reverse-c,1,1048576,524288,1,35964000,15413974867576442988
normal-o3,0,256,suffix-2,256,direct-c,1,1048576,524288,1,23332000,15413974867576442988
normal-o3,0,256,suffix-2,256,swap-take-c,1,1048576,524288,1,35768000,15413974867576442988
normal-o3,0,256,suffix-2,256,take-swap-c,1,1048576,524288,1,22056000,15413974867576442988
normal-o3,0,256,suffix-2,256,rust-vec,1,1048576,524288,1,21779000,15413974867576442988
normal-o3,0,256,suffix-2,256,cpp-std-vector,1,1048576,524288,1,22359000,15413974867576442988
normal-o3,0,256,suffix-2,256,whitefoot,1,1048576,524288,1,23403000,15413974867576442988
normal-o3,0,256,suffix-2,256,direct-c,2,1048576,524288,1,21667000,9918862839637214702
normal-o3,0,256,suffix-2,256,swap-take-c,2,1048576,524288,1,35914000,9918862839637214702
normal-o3,0,256,suffix-2,256,take-swap-c,2,1048576,524288,1,22016000,9918862839637214702
normal-o3,0,256,suffix-2,256,rust-vec,2,1048576,524288,1,21561000,9918862839637214702
normal-o3,0,256,suffix-2,256,cpp-std-vector,2,1048576,524288,1,21702000,9918862839637214702
normal-o3,0,256,suffix-2,256,whitefoot,2,1048576,524288,1,23265000,9918862839637214702
normal-o3,0,256,suffix-2,256,reverse-c,2,1048576,524288,1,35643000,9918862839637214702
normal-o3,0,256,suffix-2,256,swap-take-c,3,1048576,524288,1,35599000,4423750811697986416
normal-o3,0,256,suffix-2,256,take-swap-c,3,1048576,524288,1,22087000,4423750811697986416
normal-o3,0,256,suffix-2,256,rust-vec,3,1048576,524288,1,21671000,4423750811697986416
normal-o3,0,256,suffix-2,256,cpp-std-vector,3,1048576,524288,1,21611000,4423750811697986416
normal-o3,0,256,suffix-2,256,whitefoot,3,1048576,524288,1,23241000,4423750811697986416
normal-o3,0,256,suffix-2,256,reverse-c,3,1048576,524288,1,35707000,4423750811697986416
normal-o3,0,256,suffix-2,256,direct-c,3,1048576,524288,1,21681000,4423750811697986416
normal-o3,0,256,suffix-2,256,take-swap-c,4,1048576,524288,1,22070000,17375382857468309746
normal-o3,0,256,suffix-2,256,rust-vec,4,1048576,524288,1,21679000,17375382857468309746
normal-o3,0,256,suffix-2,256,cpp-std-vector,4,1048576,524288,1,21585000,17375382857468309746
normal-o3,0,256,suffix-2,256,whitefoot,4,1048576,524288,1,23303000,17375382857468309746
normal-o3,0,256,suffix-2,256,reverse-c,4,1048576,524288,1,35660000,17375382857468309746
normal-o3,0,256,suffix-2,256,direct-c,4,1048576,524288,1,21670000,17375382857468309746
normal-o3,0,256,suffix-2,256,swap-take-c,4,1048576,524288,1,35649000,17375382857468309746
normal-o3,0,256,suffix-2,256,rust-vec,5,1048576,524288,1,22266000,11880270829529081460
normal-o3,0,256,suffix-2,256,cpp-std-vector,5,1048576,524288,1,22568000,11880270829529081460
normal-o3,0,256,suffix-2,256,whitefoot,5,1048576,524288,1,23272000,11880270829529081460
normal-o3,0,256,suffix-2,256,reverse-c,5,1048576,524288,1,35716000,11880270829529081460
normal-o3,0,256,suffix-2,256,direct-c,5,1048576,524288,1,21661000,11880270829529081460
normal-o3,0,256,suffix-2,256,swap-take-c,5,1048576,524288,1,35623000,11880270829529081460
normal-o3,0,256,suffix-2,256,take-swap-c,5,1048576,524288,1,22040000,11880270829529081460
normal-o3,0,256,suffix-2,256,cpp-std-vector,6,1048576,524288,1,21643000,6385158801589853174
normal-o3,0,256,suffix-2,256,whitefoot,6,1048576,524288,1,23452000,6385158801589853174
normal-o3,0,256,suffix-2,256,reverse-c,6,1048576,524288,1,35688000,6385158801589853174
normal-o3,0,256,suffix-2,256,direct-c,6,1048576,524288,1,21655000,6385158801589853174
normal-o3,0,256,suffix-2,256,swap-take-c,6,1048576,524288,1,35554000,6385158801589853174
normal-o3,0,256,suffix-2,256,take-swap-c,6,1048576,524288,1,22037000,6385158801589853174
normal-o3,0,256,suffix-2,256,rust-vec,6,1048576,524288,1,21862000,6385158801589853174
normal-o3,0,256,suffix-2,4096,whitefoot,0,1048576,524288,1,23421000,9641278357841734378
normal-o3,0,256,suffix-2,4096,reverse-c,0,1048576,524288,1,35898000,9641278357841734378
normal-o3,0,256,suffix-2,4096,direct-c,0,1048576,524288,1,21782000,9641278357841734378
normal-o3,0,256,suffix-2,4096,swap-take-c,0,1048576,524288,1,36377000,9641278357841734378
normal-o3,0,256,suffix-2,4096,take-swap-c,0,1048576,524288,1,22126000,9641278357841734378
normal-o3,0,256,suffix-2,4096,rust-vec,0,1048576,524288,1,21813000,9641278357841734378
normal-o3,0,256,suffix-2,4096,cpp-std-vector,0,1048576,524288,1,21779000,9641278357841734378
normal-o3,0,256,suffix-2,4096,reverse-c,1,1048576,524288,1,35813000,1379187259122409580
normal-o3,0,256,suffix-2,4096,direct-c,1,1048576,524288,1,21844000,1379187259122409580
normal-o3,0,256,suffix-2,4096,swap-take-c,1,1048576,524288,1,36483000,1379187259122409580
normal-o3,0,256,suffix-2,4096,take-swap-c,1,1048576,524288,1,22374000,1379187259122409580
normal-o3,0,256,suffix-2,4096,rust-vec,1,1048576,524288,1,21795000,1379187259122409580
normal-o3,0,256,suffix-2,4096,cpp-std-vector,1,1048576,524288,1,21904000,1379187259122409580
normal-o3,0,256,suffix-2,4096,whitefoot,1,1048576,524288,1,23266000,1379187259122409580
normal-o3,0,256,suffix-2,4096,direct-c,2,1048576,524288,1,21833000,11563840234112636398
normal-o3,0,256,suffix-2,4096,swap-take-c,2,1048576,524288,1,35749000,11563840234112636398
normal-o3,0,256,suffix-2,4096,take-swap-c,2,1048576,524288,1,22113000,11563840234112636398
normal-o3,0,256,suffix-2,4096,rust-vec,2,1048576,524288,1,22093000,11563840234112636398
normal-o3,0,256,suffix-2,4096,cpp-std-vector,2,1048576,524288,1,22324000,11563840234112636398
normal-o3,0,256,suffix-2,4096,whitefoot,2,1048576,524288,1,24084000,11563840234112636398
normal-o3,0,256,suffix-2,4096,reverse-c,2,1048576,524288,1,37665000,11563840234112636398
normal-o3,0,256,suffix-2,4096,swap-take-c,3,1048576,524288,1,36588000,3301749135393311600
normal-o3,0,256,suffix-2,4096,take-swap-c,3,1048576,524288,1,22512000,3301749135393311600
normal-o3,0,256,suffix-2,4096,rust-vec,3,1048576,524288,1,22356000,3301749135393311600
normal-o3,0,256,suffix-2,4096,cpp-std-vector,3,1048576,524288,1,22351000,3301749135393311600
normal-o3,0,256,suffix-2,4096,whitefoot,3,1048576,524288,1,24282000,3301749135393311600
normal-o3,0,256,suffix-2,4096,reverse-c,3,1048576,524288,1,37189000,3301749135393311600
normal-o3,0,256,suffix-2,4096,direct-c,3,1048576,524288,1,22463000,3301749135393311600
normal-o3,0,256,suffix-2,4096,take-swap-c,4,1048576,524288,1,22839000,13486402110383538418
normal-o3,0,256,suffix-2,4096,rust-vec,4,1048576,524288,1,22324000,13486402110383538418
normal-o3,0,256,suffix-2,4096,cpp-std-vector,4,1048576,524288,1,22299000,13486402110383538418
normal-o3,0,256,suffix-2,4096,whitefoot,4,1048576,524288,1,24308000,13486402110383538418
normal-o3,0,256,suffix-2,4096,reverse-c,4,1048576,524288,1,36723000,13486402110383538418
normal-o3,0,256,suffix-2,4096,direct-c,4,1048576,524288,1,22338000,13486402110383538418
normal-o3,0,256,suffix-2,4096,swap-take-c,4,1048576,524288,1,36956000,13486402110383538418
normal-o3,0,256,suffix-2,4096,rust-vec,5,1048576,524288,1,22371000,5224311011664213620
normal-o3,0,256,suffix-2,4096,cpp-std-vector,5,1048576,524288,1,22480000,5224311011664213620
normal-o3,0,256,suffix-2,4096,whitefoot,5,1048576,524288,1,24043000,5224311011664213620
normal-o3,0,256,suffix-2,4096,reverse-c,5,1048576,524288,1,36614000,5224311011664213620
normal-o3,0,256,suffix-2,4096,direct-c,5,1048576,524288,1,22589000,5224311011664213620
normal-o3,0,256,suffix-2,4096,swap-take-c,5,1048576,524288,1,36941000,5224311011664213620
normal-o3,0,256,suffix-2,4096,take-swap-c,5,1048576,524288,1,22527000,5224311011664213620
normal-o3,0,256,suffix-2,4096,cpp-std-vector,6,1048576,524288,1,21782000,15408963986654440438
normal-o3,0,256,suffix-2,4096,whitefoot,6,1048576,524288,1,23335000,15408963986654440438
normal-o3,0,256,suffix-2,4096,reverse-c,6,1048576,524288,1,35796000,15408963986654440438
normal-o3,0,256,suffix-2,4096,direct-c,6,1048576,524288,1,21781000,15408963986654440438
normal-o3,0,256,suffix-2,4096,swap-take-c,6,1048576,524288,1,36629000,15408963986654440438
normal-o3,0,256,suffix-2,4096,take-swap-c,6,1048576,524288,1,22745000,15408963986654440438
normal-o3,0,256,suffix-2,4096,rust-vec,6,1048576,524288,1,21791000,15408963986654440438
normal-o3,0,256,suffix-3,16,whitefoot,0,1048576,349525,1,35400000,1054367555497166597
normal-o3,0,256,suffix-3,16,reverse-c,0,1048576,349525,1,36715000,1054367555497166597
normal-o3,0,256,suffix-3,16,direct-c,0,1048576,349525,1,26150000,1054367555497166597
normal-o3,0,256,suffix-3,16,swap-take-c,0,1048576,349525,1,36166000,1054367555497166597
normal-o3,0,256,suffix-3,16,take-swap-c,0,1048576,349525,1,31078000,1054367555497166597
normal-o3,0,256,suffix-3,16,rust-vec,0,1048576,349525,1,25776000,1054367555497166597
normal-o3,0,256,suffix-3,16,cpp-std-vector,0,1048576,349525,1,26528000,1054367555497166597
normal-o3,0,256,suffix-3,16,reverse-c,1,1048576,349525,1,35888000,5794397202544729692
normal-o3,0,256,suffix-3,16,direct-c,1,1048576,349525,1,25809000,5794397202544729692
normal-o3,0,256,suffix-3,16,swap-take-c,1,1048576,349525,1,35503000,5794397202544729692
normal-o3,0,256,suffix-3,16,take-swap-c,1,1048576,349525,1,31478000,5794397202544729692
normal-o3,0,256,suffix-3,16,rust-vec,1,1048576,349525,1,25962000,5794397202544729692
normal-o3,0,256,suffix-3,16,cpp-std-vector,1,1048576,349525,1,26192000,5794397202544729692
normal-o3,0,256,suffix-3,16,whitefoot,1,1048576,349525,1,34824000,5794397202544729692
normal-o3,0,256,suffix-3,16,direct-c,2,1048576,349525,1,25828000,10534426849592292787
normal-o3,0,256,suffix-3,16,swap-take-c,2,1048576,349525,1,35467000,10534426849592292787
normal-o3,0,256,suffix-3,16,take-swap-c,2,1048576,349525,1,32042000,10534426849592292787
normal-o3,0,256,suffix-3,16,rust-vec,2,1048576,349525,1,26462000,10534426849592292787
normal-o3,0,256,suffix-3,16,cpp-std-vector,2,1048576,349525,1,26181000,10534426849592292787
normal-o3,0,256,suffix-3,16,whitefoot,2,1048576,349525,1,34836000,10534426849592292787
normal-o3,0,256,suffix-3,16,reverse-c,2,1048576,349525,1,35364000,10534426849592292787
normal-o3,0,256,suffix-3,16,swap-take-c,3,1048576,349525,1,35479000,15274456496639855882
normal-o3,0,256,suffix-3,16,take-swap-c,3,1048576,349525,1,31079000,15274456496639855882
normal-o3,0,256,suffix-3,16,rust-vec,3,1048576,349525,1,25055000,15274456496639855882
normal-o3,0,256,suffix-3,16,cpp-std-vector,3,1048576,349525,1,25992000,15274456496639855882
normal-o3,0,256,suffix-3,16,whitefoot,3,1048576,349525,1,34869000,15274456496639855882
normal-o3,0,256,suffix-3,16,reverse-c,3,1048576,349525,1,35388000,15274456496639855882
normal-o3,0,256,suffix-3,16,direct-c,3,1048576,349525,1,25113000,15274456496639855882
normal-o3,0,256,suffix-3,16,take-swap-c,4,1048576,349525,1,31088000,1567742069977867361
normal-o3,0,256,suffix-3,16,rust-vec,4,1048576,349525,1,25138000,1567742069977867361
normal-o3,0,256,suffix-3,16,cpp-std-vector,4,1048576,349525,1,26713000,1567742069977867361
normal-o3,0,256,suffix-3,16,whitefoot,4,1048576,349525,1,36048000,1567742069977867361
normal-o3,0,256,suffix-3,16,reverse-c,4,1048576,349525,1,36721000,1567742069977867361
normal-o3,0,256,suffix-3,16,direct-c,4,1048576,349525,1,25143000,1567742069977867361
normal-o3,0,256,suffix-3,16,swap-take-c,4,1048576,349525,1,35241000,1567742069977867361
normal-o3,0,256,suffix-3,16,rust-vec,5,1048576,349525,1,24985000,6307771717025430456
normal-o3,0,256,suffix-3,16,cpp-std-vector,5,1048576,349525,1,26064000,6307771717025430456
normal-o3,0,256,suffix-3,16,whitefoot,5,1048576,349525,1,34871000,6307771717025430456
normal-o3,0,256,suffix-3,16,reverse-c,5,1048576,349525,1,35514000,6307771717025430456
normal-o3,0,256,suffix-3,16,direct-c,5,1048576,349525,1,25138000,6307771717025430456
normal-o3,0,256,suffix-3,16,swap-take-c,5,1048576,349525,1,35306000,6307771717025430456
normal-o3,0,256,suffix-3,16,take-swap-c,5,1048576,349525,1,31134000,6307771717025430456
normal-o3,0,256,suffix-3,16,cpp-std-vector,6,1048576,349525,1,25958000,11047801364072993551
normal-o3,0,256,suffix-3,16,whitefoot,6,1048576,349525,1,34737000,11047801364072993551
normal-o3,0,256,suffix-3,16,reverse-c,6,1048576,349525,1,35520000,11047801364072993551
normal-o3,0,256,suffix-3,16,direct-c,6,1048576,349525,1,25103000,11047801364072993551
normal-o3,0,256,suffix-3,16,swap-take-c,6,1048576,349525,1,35413000,11047801364072993551
normal-o3,0,256,suffix-3,16,take-swap-c,6,1048576,349525,1,31121000,11047801364072993551
normal-o3,0,256,suffix-3,16,rust-vec,6,1048576,349525,1,25615000,11047801364072993551
normal-o3,0,256,suffix-3,256,whitefoot,0,1048576,349525,1,34713000,15528439189922159621
normal-o3,0,256,suffix-3,256,reverse-c,0,1048576,349525,1,35469000,15528439189922159621
normal-o3,0,256,suffix-3,256,direct-c,0,1048576,349525,1,25048000,15528439189922159621
normal-o3,0,256,suffix-3,256,swap-take-c,0,1048576,349525,1,36279000,15528439189922159621
normal-o3,0,256,suffix-3,256,take-swap-c,0,1048576,349525,1,32106000,15528439189922159621
normal-o3,0,256,suffix-3,256,rust-vec,0,1048576,349525,1,25429000,15528439189922159621
normal-o3,0,256,suffix-3,256,cpp-std-vector,0,1048576,349525,1,26010000,15528439189922159621
normal-o3,0,256,suffix-3,256,reverse-c,1,1048576,349525,1,35473000,6728350532028667740
normal-o3,0,256,suffix-3,256,direct-c,1,1048576,349525,1,25113000,6728350532028667740
normal-o3,0,256,suffix-3,256,swap-take-c,1,1048576,349525,1,35481000,6728350532028667740
normal-o3,0,256,suffix-3,256,take-swap-c,1,1048576,349525,1,31149000,6728350532028667740
normal-o3,0,256,suffix-3,256,rust-vec,1,1048576,349525,1,25231000,6728350532028667740
normal-o3,0,256,suffix-3,256,cpp-std-vector,1,1048576,349525,1,26014000,6728350532028667740
normal-o3,0,256,suffix-3,256,whitefoot,1,1048576,349525,1,36155000,6728350532028667740
normal-o3,0,256,suffix-3,256,direct-c,2,1048576,349525,1,25254000,16375005947844727475
normal-o3,0,256,suffix-3,256,swap-take-c,2,1048576,349525,1,35567000,16375005947844727475
normal-o3,0,256,suffix-3,256,take-swap-c,2,1048576,349525,1,31091000,16375005947844727475
normal-o3,0,256,suffix-3,256,rust-vec,2,1048576,349525,1,25065000,16375005947844727475
normal-o3,0,256,suffix-3,256,cpp-std-vector,2,1048576,349525,1,26025000,16375005947844727475
normal-o3,0,256,suffix-3,256,whitefoot,2,1048576,349525,1,34892000,16375005947844727475
normal-o3,0,256,suffix-3,256,reverse-c,2,1048576,349525,1,35466000,16375005947844727475
normal-o3,0,256,suffix-3,256,swap-take-c,3,1048576,349525,1,35444000,7574917289951235594
normal-o3,0,256,suffix-3,256,take-swap-c,3,1048576,349525,1,31165000,7574917289951235594
normal-o3,0,256,suffix-3,256,rust-vec,3,1048576,349525,1,25089000,7574917289951235594
normal-o3,0,256,suffix-3,256,cpp-std-vector,3,1048576,349525,1,26117000,7574917289951235594
normal-o3,0,256,suffix-3,256,whitefoot,3,1048576,349525,1,35759000,7574917289951235594
normal-o3,0,256,suffix-3,256,reverse-c,3,1048576,349525,1,35927000,7574917289951235594
normal-o3,0,256,suffix-3,256,direct-c,3,1048576,349525,1,25094000,7574917289951235594
normal-o3,0,256,suffix-3,256,take-swap-c,4,1048576,349525,1,31107000,17221572705767295329
normal-o3,0,256,suffix-3,256,rust-vec,4,1048576,349525,1,25749000,17221572705767295329
normal-o3,0,256,suffix-3,256,cpp-std-vector,4,1048576,349525,1,26142000,17221572705767295329
normal-o3,0,256,suffix-3,256,whitefoot,4,1048576,349525,1,34901000,17221572705767295329
normal-o3,0,256,suffix-3,256,reverse-c,4,1048576,349525,1,35657000,17221572705767295329
normal-o3,0,256,suffix-3,256,direct-c,4,1048576,349525,1,25055000,17221572705767295329
normal-o3,0,256,suffix-3,256,swap-take-c,4,1048576,349525,1,35404000,17221572705767295329
normal-o3,0,256,suffix-3,256,rust-vec,5,1048576,349525,1,25106000,8421484047873803448
normal-o3,0,256,suffix-3,256,cpp-std-vector,5,1048576,349525,1,26231000,8421484047873803448
normal-o3,0,256,suffix-3,256,whitefoot,5,1048576,349525,1,34810000,8421484047873803448
normal-o3,0,256,suffix-3,256,reverse-c,5,1048576,349525,1,35552000,8421484047873803448
normal-o3,0,256,suffix-3,256,direct-c,5,1048576,349525,1,25500000,8421484047873803448
normal-o3,0,256,suffix-3,256,swap-take-c,5,1048576,349525,1,36337000,8421484047873803448
normal-o3,0,256,suffix-3,256,take-swap-c,5,1048576,349525,1,31462000,8421484047873803448
normal-o3,0,256,suffix-3,256,cpp-std-vector,6,1048576,349525,1,26133000,18068139463689863183
normal-o3,0,256,suffix-3,256,whitefoot,6,1048576,349525,1,34705000,18068139463689863183
normal-o3,0,256,suffix-3,256,reverse-c,6,1048576,349525,1,35438000,18068139463689863183
normal-o3,0,256,suffix-3,256,direct-c,6,1048576,349525,1,25056000,18068139463689863183
normal-o3,0,256,suffix-3,256,swap-take-c,6,1048576,349525,1,35280000,18068139463689863183
normal-o3,0,256,suffix-3,256,take-swap-c,6,1048576,349525,1,31197000,18068139463689863183
normal-o3,0,256,suffix-3,256,rust-vec,6,1048576,349525,1,25042000,18068139463689863183
normal-o3,0,256,suffix-3,4096,whitefoot,0,1048576,349525,1,34910000,15626320741824457733
normal-o3,0,256,suffix-3,4096,reverse-c,0,1048576,349525,1,35623000,15626320741824457733
normal-o3,0,256,suffix-3,4096,direct-c,0,1048576,349525,1,25143000,15626320741824457733
normal-o3,0,256,suffix-3,4096,swap-take-c,0,1048576,349525,1,35514000,15626320741824457733
normal-o3,0,256,suffix-3,4096,take-swap-c,0,1048576,349525,1,31213000,15626320741824457733
normal-o3,0,256,suffix-3,4096,rust-vec,0,1048576,349525,1,25905000,15626320741824457733
normal-o3,0,256,suffix-3,4096,cpp-std-vector,0,1048576,349525,1,26293000,15626320741824457733
normal-o3,0,256,suffix-3,4096,reverse-c,1,1048576,349525,1,35559000,11900565124691961692
normal-o3,0,256,suffix-3,4096,direct-c,1,1048576,349525,1,25236000,11900565124691961692
normal-o3,0,256,suffix-3,4096,swap-take-c,1,1048576,349525,1,35977000,11900565124691961692
normal-o3,0,256,suffix-3,4096,take-swap-c,1,1048576,349525,1,31974000,11900565124691961692
normal-o3,0,256,suffix-3,4096,rust-vec,1,1048576,349525,1,25172000,11900565124691961692
normal-o3,0,256,suffix-3,4096,cpp-std-vector,1,1048576,349525,1,26320000,11900565124691961692
normal-o3,0,256,suffix-3,4096,whitefoot,1,1048576,349525,1,35709000,11900565124691961692
normal-o3,0,256,suffix-3,4096,direct-c,2,1048576,349525,1,25195000,8174809507559465651
normal-o3,0,256,suffix-3,4096,swap-take-c,2,1048576,349525,1,35471000,8174809507559465651
normal-o3,0,256,suffix-3,4096,take-swap-c,2,1048576,349525,1,31279000,8174809507559465651
normal-o3,0,256,suffix-3,4096,rust-vec,2,1048576,349525,1,25256000,8174809507559465651
normal-o3,0,256,suffix-3,4096,cpp-std-vector,2,1048576,349525,1,26467000,8174809507559465651
normal-o3,0,256,suffix-3,4096,whitefoot,2,1048576,349525,1,36729000,8174809507559465651
normal-o3,0,256,suffix-3,4096,reverse-c,2,1048576,349525,1,36287000,8174809507559465651
normal-o3,0,256,suffix-3,4096,swap-take-c,3,1048576,349525,1,36975000,4449053890426969610
normal-o3,0,256,suffix-3,4096,take-swap-c,3,1048576,349525,1,32037000,4449053890426969610
normal-o3,0,256,suffix-3,4096,rust-vec,3,1048576,349525,1,26000000,4449053890426969610
normal-o3,0,256,suffix-3,4096,cpp-std-vector,3,1048576,349525,1,27040000,4449053890426969610
normal-o3,0,256,suffix-3,4096,whitefoot,3,1048576,349525,1,35069000,4449053890426969610
normal-o3,0,256,suffix-3,4096,reverse-c,3,1048576,349525,1,35599000,4449053890426969610
normal-o3,0,256,suffix-3,4096,direct-c,3,1048576,349525,1,25288000,4449053890426969610
normal-o3,0,256,suffix-3,4096,take-swap-c,4,1048576,349525,1,31285000,723298273294473569
normal-o3,0,256,suffix-3,4096,rust-vec,4,1048576,349525,1,25195000,723298273294473569
normal-o3,0,256,suffix-3,4096,cpp-std-vector,4,1048576,349525,1,26175000,723298273294473569
normal-o3,0,256,suffix-3,4096,whitefoot,4,1048576,349525,1,34901000,723298273294473569
normal-o3,0,256,suffix-3,4096,reverse-c,4,1048576,349525,1,35505000,723298273294473569
normal-o3,0,256,suffix-3,4096,direct-c,4,1048576,349525,1,25208000,723298273294473569
normal-o3,0,256,suffix-3,4096,swap-take-c,4,1048576,349525,1,35577000,723298273294473569
normal-o3,0,256,suffix-3,4096,rust-vec,5,1048576,349525,1,26719000,15444286729871529144
normal-o3,0,256,suffix-3,4096,cpp-std-vector,5,1048576,349525,1,26085000,15444286729871529144
normal-o3,0,256,suffix-3,4096,whitefoot,5,1048576,349525,1,34865000,15444286729871529144
normal-o3,0,256,suffix-3,4096,reverse-c,5,1048576,349525,1,35560000,15444286729871529144
normal-o3,0,256,suffix-3,4096,direct-c,5,1048576,349525,1,25139000,15444286729871529144
normal-o3,0,256,suffix-3,4096,swap-take-c,5,1048576,349525,1,35427000,15444286729871529144
normal-o3,0,256,suffix-3,4096,take-swap-c,5,1048576,349525,1,31872000,15444286729871529144
normal-o3,0,256,suffix-3,4096,cpp-std-vector,6,1048576,349525,1,26168000,11718531112739033103
normal-o3,0,256,suffix-3,4096,whitefoot,6,1048576,349525,1,34966000,11718531112739033103
normal-o3,0,256,suffix-3,4096,reverse-c,6,1048576,349525,1,35809000,11718531112739033103
normal-o3,0,256,suffix-3,4096,direct-c,6,1048576,349525,1,25236000,11718531112739033103
normal-o3,0,256,suffix-3,4096,swap-take-c,6,1048576,349525,1,35865000,11718531112739033103
normal-o3,0,256,suffix-3,4096,take-swap-c,6,1048576,349525,1,32634000,11718531112739033103
normal-o3,0,256,suffix-3,4096,rust-vec,6,1048576,349525,1,26109000,11718531112739033103
normal-o3,1,8,reserved,16,cpp-std-vector,0,1048576,65536,1,3263000,1613149332516896869
normal-o3,1,8,reserved,16,rust-vec,0,1048576,65536,1,2378000,1613149332516896869
normal-o3,1,8,reserved,16,take-swap-c,0,1048576,65536,1,3687000,1613149332516896869
normal-o3,1,8,reserved,16,swap-take-c,0,1048576,65536,1,3802000,1613149332516896869
normal-o3,1,8,reserved,16,direct-c,0,1048576,65536,1,3279000,1613149332516896869
normal-o3,1,8,reserved,16,reverse-c,0,1048576,65536,1,3947000,1613149332516896869
normal-o3,1,8,reserved,16,whitefoot,0,1048576,65536,1,3603000,1613149332516896869
normal-o3,1,8,reserved,16,rust-vec,1,1048576,65536,1,2377000,15534383740606742630
normal-o3,1,8,reserved,16,take-swap-c,1,1048576,65536,1,3682000,15534383740606742630
normal-o3,1,8,reserved,16,swap-take-c,1,1048576,65536,1,3785000,15534383740606742630
normal-o3,1,8,reserved,16,direct-c,1,1048576,65536,1,3302000,15534383740606742630
normal-o3,1,8,reserved,16,reverse-c,1,1048576,65536,1,3935000,15534383740606742630
normal-o3,1,8,reserved,16,whitefoot,1,1048576,65536,1,3658000,15534383740606742630
normal-o3,1,8,reserved,16,cpp-std-vector,1,1048576,65536,1,3167000,15534383740606742630
normal-o3,1,8,reserved,16,take-swap-c,2,1048576,65536,1,3697000,11203551505675976807
normal-o3,1,8,reserved,16,swap-take-c,2,1048576,65536,1,3787000,11203551505675976807
normal-o3,1,8,reserved,16,direct-c,2,1048576,65536,1,3244000,11203551505675976807
normal-o3,1,8,reserved,16,reverse-c,2,1048576,65536,1,3939000,11203551505675976807
normal-o3,1,8,reserved,16,whitefoot,2,1048576,65536,1,3601000,11203551505675976807
normal-o3,1,8,reserved,16,cpp-std-vector,2,1048576,65536,1,3184000,11203551505675976807
normal-o3,1,8,reserved,16,rust-vec,2,1048576,65536,1,2390000,11203551505675976807
normal-o3,1,8,reserved,16,swap-take-c,3,1048576,65536,1,3790000,598448321840808040
normal-o3,1,8,reserved,16,direct-c,3,1048576,65536,1,3243000,598448321840808040
normal-o3,1,8,reserved,16,reverse-c,3,1048576,65536,1,3960000,598448321840808040
normal-o3,1,8,reserved,16,whitefoot,3,1048576,65536,1,3600000,598448321840808040
normal-o3,1,8,reserved,16,cpp-std-vector,3,1048576,65536,1,3132000,598448321840808040
normal-o3,1,8,reserved,16,rust-vec,3,1048576,65536,1,2385000,598448321840808040
normal-o3,1,8,reserved,16,take-swap-c,3,1048576,65536,1,3691000,598448321840808040
normal-o3,1,8,reserved,16,direct-c,4,1048576,65536,1,3239000,3717605000514633833
normal-o3,1,8,reserved,16,reverse-c,4,1048576,65536,1,3968000,3717605000514633833
normal-o3,1,8,reserved,16,whitefoot,4,1048576,65536,1,3596000,3717605000514633833
normal-o3,1,8,reserved,16,cpp-std-vector,4,1048576,65536,1,3133000,3717605000514633833
normal-o3,1,8,reserved,16,rust-vec,4,1048576,65536,1,2383000,3717605000514633833
normal-o3,1,8,reserved,16,take-swap-c,4,1048576,65536,1,3739000,3717605000514633833
normal-o3,1,8,reserved,16,swap-take-c,4,1048576,65536,1,3783000,3717605000514633833
normal-o3,1,8,reserved,16,reverse-c,5,1048576,65536,1,3929000,7745013020975693930
normal-o3,1,8,reserved,16,whitefoot,5,1048576,65536,1,3599000,7745013020975693930
normal-o3,1,8,reserved,16,cpp-std-vector,5,1048576,65536,1,3152000,7745013020975693930
normal-o3,1,8,reserved,16,rust-vec,5,1048576,65536,1,2382000,7745013020975693930
normal-o3,1,8,reserved,16,take-swap-c,5,1048576,65536,1,3717000,7745013020975693930
normal-o3,1,8,reserved,16,swap-take-c,5,1048576,65536,1,3789000,7745013020975693930
normal-o3,1,8,reserved,16,direct-c,5,1048576,65536,1,3239000,7745013020975693930
normal-o3,1,8,reserved,16,whitefoot,6,1048576,65536,1,3644000,6351481337365135467
normal-o3,1,8,reserved,16,cpp-std-vector,6,1048576,65536,1,3133000,6351481337365135467
normal-o3,1,8,reserved,16,rust-vec,6,1048576,65536,1,2377000,6351481337365135467
normal-o3,1,8,reserved,16,take-swap-c,6,1048576,65536,1,3675000,6351481337365135467
normal-o3,1,8,reserved,16,swap-take-c,6,1048576,65536,1,3798000,6351481337365135467
normal-o3,1,8,reserved,16,direct-c,6,1048576,65536,1,3240000,6351481337365135467
normal-o3,1,8,reserved,16,reverse-c,6,1048576,65536,1,4004000,6351481337365135467
normal-o3,1,8,reserved,256,cpp-std-vector,0,1048576,4096,1,2096000,1498897996573024357
normal-o3,1,8,reserved,256,rust-vec,0,1048576,4096,1,1558000,1498897996573024357
normal-o3,1,8,reserved,256,take-swap-c,0,1048576,4096,1,2186000,1498897996573024357
normal-o3,1,8,reserved,256,swap-take-c,0,1048576,4096,1,2229000,1498897996573024357
normal-o3,1,8,reserved,256,direct-c,0,1048576,4096,1,1709000,1498897996573024357
normal-o3,1,8,reserved,256,reverse-c,0,1048576,4096,1,3238000,1498897996573024357
normal-o3,1,8,reserved,256,whitefoot,0,1048576,4096,1,1730000,1498897996573024357
normal-o3,1,8,reserved,256,rust-vec,1,1048576,4096,1,1541000,7707534785925595238
normal-o3,1,8,reserved,256,take-swap-c,1,1048576,4096,1,2160000,7707534785925595238
normal-o3,1,8,reserved,256,swap-take-c,1,1048576,4096,1,2216000,7707534785925595238
normal-o3,1,8,reserved,256,direct-c,1,1048576,4096,1,1705000,7707534785925595238
normal-o3,1,8,reserved,256,reverse-c,1,1048576,4096,1,3225000,7707534785925595238
normal-o3,1,8,reserved,256,whitefoot,1,1048576,4096,1,1808000,7707534785925595238
normal-o3,1,8,reserved,256,cpp-std-vector,1,1048576,4096,1,2137000,7707534785925595238
normal-o3,1,8,reserved,256,take-swap-c,2,1048576,4096,1,2204000,5506079726878842983
normal-o3,1,8,reserved,256,swap-take-c,2,1048576,4096,1,2217000,5506079726878842983
normal-o3,1,8,reserved,256,direct-c,2,1048576,4096,1,1706000,5506079726878842983
normal-o3,1,8,reserved,256,reverse-c,2,1048576,4096,1,3223000,5506079726878842983
normal-o3,1,8,reserved,256,whitefoot,2,1048576,4096,1,1728000,5506079726878842983
normal-o3,1,8,reserved,256,cpp-std-vector,2,1048576,4096,1,2148000,5506079726878842983
normal-o3,1,8,reserved,256,rust-vec,2,1048576,4096,1,1551000,5506079726878842983
normal-o3,1,8,reserved,256,swap-take-c,3,1048576,4096,1,2221000,5888291873035911272
normal-o3,1,8,reserved,256,direct-c,3,1048576,4096,1,1703000,5888291873035911272
normal-o3,1,8,reserved,256,reverse-c,3,1048576,4096,1,3212000,5888291873035911272
normal-o3,1,8,reserved,256,whitefoot,3,1048576,4096,1,1733000,5888291873035911272
normal-o3,1,8,reserved,256,cpp-std-vector,3,1048576,4096,1,2141000,5888291873035911272
normal-o3,1,8,reserved,256,rust-vec,3,1048576,4096,1,1571000,5888291873035911272
normal-o3,1,8,reserved,256,take-swap-c,3,1048576,4096,1,2234000,5888291873035911272
normal-o3,1,8,reserved,256,direct-c,4,1048576,4096,1,1699000,7512286317303570537
normal-o3,1,8,reserved,256,reverse-c,4,1048576,4096,1,3208000,7512286317303570537
normal-o3,1,8,reserved,256,whitefoot,4,1048576,4096,1,1776000,7512286317303570537
normal-o3,1,8,reserved,256,cpp-std-vector,4,1048576,4096,1,2083000,7512286317303570537
normal-o3,1,8,reserved,256,rust-vec,4,1048576,4096,1,1540000,7512286317303570537
normal-o3,1,8,reserved,256,take-swap-c,4,1048576,4096,1,2196000,7512286317303570537
normal-o3,1,8,reserved,256,swap-take-c,4,1048576,4096,1,2205000,7512286317303570537
normal-o3,1,8,reserved,256,reverse-c,5,1048576,4096,1,3213000,13357584908658163818
normal-o3,1,8,reserved,256,whitefoot,5,1048576,4096,1,1728000,13357584908658163818
normal-o3,1,8,reserved,256,cpp-std-vector,5,1048576,4096,1,2081000,13357584908658163818
normal-o3,1,8,reserved,256,rust-vec,5,1048576,4096,1,1537000,13357584908658163818
normal-o3,1,8,reserved,256,take-swap-c,5,1048576,4096,1,2207000,13357584908658163818
normal-o3,1,8,reserved,256,swap-take-c,5,1048576,4096,1,2240000,13357584908658163818
normal-o3,1,8,reserved,256,direct-c,5,1048576,4096,1,1773000,13357584908658163818
normal-o3,1,8,reserved,256,whitefoot,6,1048576,4096,1,1756000,10011933332678926443
normal-o3,1,8,reserved,256,cpp-std-vector,6,1048576,4096,1,2093000,10011933332678926443
normal-o3,1,8,reserved,256,rust-vec,6,1048576,4096,1,1566000,10011933332678926443
normal-o3,1,8,reserved,256,take-swap-c,6,1048576,4096,1,2218000,10011933332678926443
normal-o3,1,8,reserved,256,swap-take-c,6,1048576,4096,1,2217000,10011933332678926443
normal-o3,1,8,reserved,256,direct-c,6,1048576,4096,1,1712000,10011933332678926443
normal-o3,1,8,reserved,256,reverse-c,6,1048576,4096,1,3214000,10011933332678926443
normal-o3,1,8,reserved,4096,cpp-std-vector,0,1048576,256,1,2069000,2256710881311081573
normal-o3,1,8,reserved,4096,rust-vec,0,1048576,256,1,1533000,2256710881311081573
normal-o3,1,8,reserved,4096,take-swap-c,0,1048576,256,1,2112000,2256710881311081573
normal-o3,1,8,reserved,4096,swap-take-c,0,1048576,256,1,2197000,2256710881311081573
normal-o3,1,8,reserved,4096,direct-c,0,1048576,256,1,1652000,2256710881311081573
normal-o3,1,8,reserved,4096,reverse-c,0,1048576,256,1,2850000,2256710881311081573
normal-o3,1,8,reserved,4096,whitefoot,0,1048576,256,1,1682000,2256710881311081573
normal-o3,1,8,reserved,4096,rust-vec,1,1048576,256,1,1579000,6904654748820097126
normal-o3,1,8,reserved,4096,take-swap-c,1,1048576,256,1,2070000,6904654748820097126
normal-o3,1,8,reserved,4096,swap-take-c,1,1048576,256,1,2186000,6904654748820097126
normal-o3,1,8,reserved,4096,direct-c,1,1048576,256,1,1637000,6904654748820097126
normal-o3,1,8,reserved,4096,reverse-c,1,1048576,256,1,2888000,6904654748820097126
normal-o3,1,8,reserved,4096,whitefoot,1,1048576,256,1,1681000,6904654748820097126
normal-o3,1,8,reserved,4096,cpp-std-vector,1,1048576,256,1,2036000,6904654748820097126
normal-o3,1,8,reserved,4096,take-swap-c,2,1048576,256,1,2057000,16426223538089053287
normal-o3,1,8,reserved,4096,swap-take-c,2,1048576,256,1,2154000,16426223538089053287
normal-o3,1,8,reserved,4096,direct-c,2,1048576,256,1,1737000,16426223538089053287
normal-o3,1,8,reserved,4096,reverse-c,2,1048576,256,1,2868000,16426223538089053287
normal-o3,1,8,reserved,4096,whitefoot,2,1048576,256,1,1692000,16426223538089053287
normal-o3,1,8,reserved,4096,cpp-std-vector,2,1048576,256,1,2037000,16426223538089053287
normal-o3,1,8,reserved,4096,rust-vec,2,1048576,256,1,1539000,16426223538089053287
normal-o3,1,8,reserved,4096,swap-take-c,3,1048576,256,1,2158000,9531859752620511336
normal-o3,1,8,reserved,4096,direct-c,3,1048576,256,1,1660000,9531859752620511336
normal-o3,1,8,reserved,4096,reverse-c,3,1048576,256,1,2861000,9531859752620511336
normal-o3,1,8,reserved,4096,whitefoot,3,1048576,256,1,1688000,9531859752620511336
normal-o3,1,8,reserved,4096,cpp-std-vector,3,1048576,256,1,2094000,9531859752620511336
normal-o3,1,8,reserved,4096,rust-vec,3,1048576,256,1,1526000,9531859752620511336
normal-o3,1,8,reserved,4096,take-swap-c,3,1048576,256,1,2052000,9531859752620511336
normal-o3,1,8,reserved,4096,direct-c,4,1048576,256,1,1646000,14830550356061344873
normal-o3,1,8,reserved,4096,reverse-c,4,1048576,256,1,2869000,14830550356061344873
normal-o3,1,8,reserved,4096,whitefoot,4,1048576,256,1,1678000,14830550356061344873
normal-o3,1,8,reserved,4096,cpp-std-vector,4,1048576,256,1,2052000,14830550356061344873
normal-o3,1,8,reserved,4096,rust-vec,4,1048576,256,1,1524000,14830550356061344873
normal-o3,1,8,reserved,4096,take-swap-c,4,1048576,256,1,2052000,14830550356061344873
normal-o3,1,8,reserved,4096,swap-take-c,4,1048576,256,1,2154000,14830550356061344873
normal-o3,1,8,reserved,4096,reverse-c,5,1048576,256,1,2831000,11014393161628833898
normal-o3,1,8,reserved,4096,whitefoot,5,1048576,256,1,1684000,11014393161628833898
normal-o3,1,8,reserved,4096,cpp-std-vector,5,1048576,256,1,2113000,11014393161628833898
normal-o3,1,8,reserved,4096,rust-vec,5,1048576,256,1,1559000,11014393161628833898
normal-o3,1,8,reserved,4096,take-swap-c,5,1048576,256,1,2061000,11014393161628833898
normal-o3,1,8,reserved,4096,swap-take-c,5,1048576,256,1,2151000,11014393161628833898
normal-o3,1,8,reserved,4096,direct-c,5,1048576,256,1,1642000,11014393161628833898
normal-o3,1,8,reserved,4096,whitefoot,6,1048576,256,1,1678000,3531045655943011435
normal-o3,1,8,reserved,4096,cpp-std-vector,6,1048576,256,1,2042000,3531045655943011435
normal-o3,1,8,reserved,4096,rust-vec,6,1048576,256,1,1529000,3531045655943011435
normal-o3,1,8,reserved,4096,take-swap-c,6,1048576,256,1,2051000,3531045655943011435
normal-o3,1,8,reserved,4096,swap-take-c,6,1048576,256,1,2148000,3531045655943011435
normal-o3,1,8,reserved,4096,direct-c,6,1048576,256,1,1645000,3531045655943011435
normal-o3,1,8,reserved,4096,reverse-c,6,1048576,256,1,2857000,3531045655943011435
normal-o3,1,8,growth,16,cpp-std-vector,0,1048576,65536,1,9623000,1613149332516896869
normal-o3,1,8,growth,16,rust-vec,0,1048576,65536,1,9566000,1613149332516896869
normal-o3,1,8,growth,16,take-swap-c,0,1048576,65536,1,10570000,1613149332516896869
normal-o3,1,8,growth,16,swap-take-c,0,1048576,65536,1,10811000,1613149332516896869
normal-o3,1,8,growth,16,direct-c,0,1048576,65536,1,10216000,1613149332516896869
normal-o3,1,8,growth,16,reverse-c,0,1048576,65536,1,10751000,1613149332516896869
normal-o3,1,8,growth,16,whitefoot,0,1048576,65536,1,10805000,1613149332516896869
normal-o3,1,8,growth,16,rust-vec,1,1048576,65536,1,9635000,15534383740606742630
normal-o3,1,8,growth,16,take-swap-c,1,1048576,65536,1,10406000,15534383740606742630
normal-o3,1,8,growth,16,swap-take-c,1,1048576,65536,1,10653000,15534383740606742630
normal-o3,1,8,growth,16,direct-c,1,1048576,65536,1,10254000,15534383740606742630
normal-o3,1,8,growth,16,reverse-c,1,1048576,65536,1,10809000,15534383740606742630
normal-o3,1,8,growth,16,whitefoot,1,1048576,65536,1,10758000,15534383740606742630
normal-o3,1,8,growth,16,cpp-std-vector,1,1048576,65536,1,9556000,15534383740606742630
normal-o3,1,8,growth,16,take-swap-c,2,1048576,65536,1,10483000,11203551505675976807
normal-o3,1,8,growth,16,swap-take-c,2,1048576,65536,1,10631000,11203551505675976807
normal-o3,1,8,growth,16,direct-c,2,1048576,65536,1,10132000,11203551505675976807
normal-o3,1,8,growth,16,reverse-c,2,1048576,65536,1,10875000,11203551505675976807
normal-o3,1,8,growth,16,whitefoot,2,1048576,65536,1,10857000,11203551505675976807
normal-o3,1,8,growth,16,cpp-std-vector,2,1048576,65536,1,9547000,11203551505675976807
normal-o3,1,8,growth,16,rust-vec,2,1048576,65536,1,9588000,11203551505675976807
normal-o3,1,8,growth,16,swap-take-c,3,1048576,65536,1,10637000,598448321840808040
normal-o3,1,8,growth,16,direct-c,3,1048576,65536,1,10148000,598448321840808040
normal-o3,1,8,growth,16,reverse-c,3,1048576,65536,1,10860000,598448321840808040
normal-o3,1,8,growth,16,whitefoot,3,1048576,65536,1,10806000,598448321840808040
normal-o3,1,8,growth,16,cpp-std-vector,3,1048576,65536,1,9568000,598448321840808040
normal-o3,1,8,growth,16,rust-vec,3,1048576,65536,1,9595000,598448321840808040
normal-o3,1,8,growth,16,take-swap-c,3,1048576,65536,1,10520000,598448321840808040
normal-o3,1,8,growth,16,direct-c,4,1048576,65536,1,10213000,3717605000514633833
normal-o3,1,8,growth,16,reverse-c,4,1048576,65536,1,10750000,3717605000514633833
normal-o3,1,8,growth,16,whitefoot,4,1048576,65536,1,10860000,3717605000514633833
normal-o3,1,8,growth,16,cpp-std-vector,4,1048576,65536,1,9583000,3717605000514633833
normal-o3,1,8,growth,16,rust-vec,4,1048576,65536,1,9575000,3717605000514633833
normal-o3,1,8,growth,16,take-swap-c,4,1048576,65536,1,10519000,3717605000514633833
normal-o3,1,8,growth,16,swap-take-c,4,1048576,65536,1,10632000,3717605000514633833
normal-o3,1,8,growth,16,reverse-c,5,1048576,65536,1,10766000,7745013020975693930
normal-o3,1,8,growth,16,whitefoot,5,1048576,65536,1,11089000,7745013020975693930
normal-o3,1,8,growth,16,cpp-std-vector,5,1048576,65536,1,9588000,7745013020975693930
normal-o3,1,8,growth,16,rust-vec,5,1048576,65536,1,9891000,7745013020975693930
normal-o3,1,8,growth,16,take-swap-c,5,1048576,65536,1,10878000,7745013020975693930
normal-o3,1,8,growth,16,swap-take-c,5,1048576,65536,1,10844000,7745013020975693930
normal-o3,1,8,growth,16,direct-c,5,1048576,65536,1,10208000,7745013020975693930
normal-o3,1,8,growth,16,whitefoot,6,1048576,65536,1,10756000,6351481337365135467
normal-o3,1,8,growth,16,cpp-std-vector,6,1048576,65536,1,9589000,6351481337365135467
normal-o3,1,8,growth,16,rust-vec,6,1048576,65536,1,9607000,6351481337365135467
normal-o3,1,8,growth,16,take-swap-c,6,1048576,65536,1,10544000,6351481337365135467
normal-o3,1,8,growth,16,swap-take-c,6,1048576,65536,1,10703000,6351481337365135467
normal-o3,1,8,growth,16,direct-c,6,1048576,65536,1,10163000,6351481337365135467
normal-o3,1,8,growth,16,reverse-c,6,1048576,65536,1,10788000,6351481337365135467
normal-o3,1,8,growth,256,cpp-std-vector,0,1048576,4096,1,3244000,1498897996573024357
normal-o3,1,8,growth,256,rust-vec,0,1048576,4096,1,3001000,1498897996573024357
normal-o3,1,8,growth,256,take-swap-c,0,1048576,4096,1,3364000,1498897996573024357
normal-o3,1,8,growth,256,swap-take-c,0,1048576,4096,1,3341000,1498897996573024357
normal-o3,1,8,growth,256,direct-c,0,1048576,4096,1,2853000,1498897996573024357
normal-o3,1,8,growth,256,reverse-c,0,1048576,4096,1,4583000,1498897996573024357
normal-o3,1,8,growth,256,whitefoot,0,1048576,4096,1,3075000,1498897996573024357
normal-o3,1,8,growth,256,rust-vec,1,1048576,4096,1,3111000,7707534785925595238
normal-o3,1,8,growth,256,take-swap-c,1,1048576,4096,1,3429000,7707534785925595238
normal-o3,1,8,growth,256,swap-take-c,1,1048576,4096,1,3311000,7707534785925595238
normal-o3,1,8,growth,256,direct-c,1,1048576,4096,1,3022000,7707534785925595238
normal-o3,1,8,growth,256,reverse-c,1,1048576,4096,1,4649000,7707534785925595238
normal-o3,1,8,growth,256,whitefoot,1,1048576,4096,1,3019000,7707534785925595238
normal-o3,1,8,growth,256,cpp-std-vector,1,1048576,4096,1,3501000,7707534785925595238
normal-o3,1,8,growth,256,take-swap-c,2,1048576,4096,1,3616000,5506079726878842983
normal-o3,1,8,growth,256,swap-take-c,2,1048576,4096,1,3524000,5506079726878842983
normal-o3,1,8,growth,256,direct-c,2,1048576,4096,1,3026000,5506079726878842983
normal-o3,1,8,growth,256,reverse-c,2,1048576,4096,1,4632000,5506079726878842983
normal-o3,1,8,growth,256,whitefoot,2,1048576,4096,1,3059000,5506079726878842983
normal-o3,1,8,growth,256,cpp-std-vector,2,1048576,4096,1,3433000,5506079726878842983
normal-o3,1,8,growth,256,rust-vec,2,1048576,4096,1,3088000,5506079726878842983
normal-o3,1,8,growth,256,swap-take-c,3,1048576,4096,1,3376000,5888291873035911272
normal-o3,1,8,growth,256,direct-c,3,1048576,4096,1,2854000,5888291873035911272
normal-o3,1,8,growth,256,reverse-c,3,1048576,4096,1,4424000,5888291873035911272
normal-o3,1,8,growth,256,whitefoot,3,1048576,4096,1,3069000,5888291873035911272
normal-o3,1,8,growth,256,cpp-std-vector,3,1048576,4096,1,3256000,5888291873035911272
normal-o3,1,8,growth,256,rust-vec,3,1048576,4096,1,2975000,5888291873035911272
normal-o3,1,8,growth,256,take-swap-c,3,1048576,4096,1,3339000,5888291873035911272
normal-o3,1,8,growth,256,direct-c,4,1048576,4096,1,2852000,7512286317303570537
normal-o3,1,8,growth,256,reverse-c,4,1048576,4096,1,4424000,7512286317303570537
normal-o3,1,8,growth,256,whitefoot,4,1048576,4096,1,3003000,7512286317303570537
normal-o3,1,8,growth,256,cpp-std-vector,4,1048576,4096,1,3252000,7512286317303570537
normal-o3,1,8,growth,256,rust-vec,4,1048576,4096,1,3005000,7512286317303570537
normal-o3,1,8,growth,256,take-swap-c,4,1048576,4096,1,3373000,7512286317303570537
normal-o3,1,8,growth,256,swap-take-c,4,1048576,4096,1,3406000,7512286317303570537
normal-o3,1,8,growth,256,reverse-c,5,1048576,4096,1,4421000,13357584908658163818
normal-o3,1,8,growth,256,whitefoot,5,1048576,4096,1,2936000,13357584908658163818
normal-o3,1,8,growth,256,cpp-std-vector,5,1048576,4096,1,3261000,13357584908658163818
normal-o3,1,8,growth,256,rust-vec,5,1048576,4096,1,2976000,13357584908658163818
normal-o3,1,8,growth,256,take-swap-c,5,1048576,4096,1,3392000,13357584908658163818
normal-o3,1,8,growth,256,swap-take-c,5,1048576,4096,1,3427000,13357584908658163818
normal-o3,1,8,growth,256,direct-c,5,1048576,4096,1,2848000,13357584908658163818
normal-o3,1,8,growth,256,whitefoot,6,1048576,4096,1,2924000,10011933332678926443
normal-o3,1,8,growth,256,cpp-std-vector,6,1048576,4096,1,3220000,10011933332678926443
normal-o3,1,8,growth,256,rust-vec,6,1048576,4096,1,2994000,10011933332678926443
normal-o3,1,8,growth,256,take-swap-c,6,1048576,4096,1,3416000,10011933332678926443
normal-o3,1,8,growth,256,swap-take-c,6,1048576,4096,1,3353000,10011933332678926443
normal-o3,1,8,growth,256,direct-c,6,1048576,4096,1,2849000,10011933332678926443
normal-o3,1,8,growth,256,reverse-c,6,1048576,4096,1,4464000,10011933332678926443
normal-o3,1,8,growth,4096,cpp-std-vector,0,1048576,256,1,2405000,2256710881311081573
normal-o3,1,8,growth,4096,rust-vec,0,1048576,256,1,1925000,2256710881311081573
normal-o3,1,8,growth,4096,take-swap-c,0,1048576,256,1,2456000,2256710881311081573
normal-o3,1,8,growth,4096,swap-take-c,0,1048576,256,1,2538000,2256710881311081573
normal-o3,1,8,growth,4096,direct-c,0,1048576,256,1,2048000,2256710881311081573
normal-o3,1,8,growth,4096,reverse-c,0,1048576,256,1,3270000,2256710881311081573
normal-o3,1,8,growth,4096,whitefoot,0,1048576,256,1,2112000,2256710881311081573
normal-o3,1,8,growth,4096,rust-vec,1,1048576,256,1,1947000,6904654748820097126
normal-o3,1,8,growth,4096,take-swap-c,1,1048576,256,1,2467000,6904654748820097126
normal-o3,1,8,growth,4096,swap-take-c,1,1048576,256,1,2553000,6904654748820097126
normal-o3,1,8,growth,4096,direct-c,1,1048576,256,1,2059000,6904654748820097126
normal-o3,1,8,growth,4096,reverse-c,1,1048576,256,1,3396000,6904654748820097126
normal-o3,1,8,growth,4096,whitefoot,1,1048576,256,1,2072000,6904654748820097126
normal-o3,1,8,growth,4096,cpp-std-vector,1,1048576,256,1,2434000,6904654748820097126
normal-o3,1,8,growth,4096,take-swap-c,2,1048576,256,1,2490000,16426223538089053287
normal-o3,1,8,growth,4096,swap-take-c,2,1048576,256,1,2549000,16426223538089053287
normal-o3,1,8,growth,4096,direct-c,2,1048576,256,1,2051000,16426223538089053287
normal-o3,1,8,growth,4096,reverse-c,2,1048576,256,1,3236000,16426223538089053287
normal-o3,1,8,growth,4096,whitefoot,2,1048576,256,1,2081000,16426223538089053287
normal-o3,1,8,growth,4096,cpp-std-vector,2,1048576,256,1,2475000,16426223538089053287
normal-o3,1,8,growth,4096,rust-vec,2,1048576,256,1,1932000,16426223538089053287
normal-o3,1,8,growth,4096,swap-take-c,3,1048576,256,1,2550000,9531859752620511336
normal-o3,1,8,growth,4096,direct-c,3,1048576,256,1,2092000,9531859752620511336
normal-o3,1,8,growth,4096,reverse-c,3,1048576,256,1,3272000,9531859752620511336
normal-o3,1,8,growth,4096,whitefoot,3,1048576,256,1,2075000,9531859752620511336
normal-o3,1,8,growth,4096,cpp-std-vector,3,1048576,256,1,2388000,9531859752620511336
normal-o3,1,8,growth,4096,rust-vec,3,1048576,256,1,1920000,9531859752620511336
normal-o3,1,8,growth,4096,take-swap-c,3,1048576,256,1,2516000,9531859752620511336
normal-o3,1,8,growth,4096,direct-c,4,1048576,256,1,2047000,14830550356061344873
normal-o3,1,8,growth,4096,reverse-c,4,1048576,256,1,3258000,14830550356061344873
normal-o3,1,8,growth,4096,whitefoot,4,1048576,256,1,2074000,14830550356061344873
normal-o3,1,8,growth,4096,cpp-std-vector,4,1048576,256,1,2402000,14830550356061344873
normal-o3,1,8,growth,4096,rust-vec,4,1048576,256,1,1919000,14830550356061344873
normal-o3,1,8,growth,4096,take-swap-c,4,1048576,256,1,2482000,14830550356061344873
normal-o3,1,8,growth,4096,swap-take-c,4,1048576,256,1,2551000,14830550356061344873
normal-o3,1,8,growth,4096,reverse-c,5,1048576,256,1,3251000,11014393161628833898
normal-o3,1,8,growth,4096,whitefoot,5,1048576,256,1,2067000,11014393161628833898
normal-o3,1,8,growth,4096,cpp-std-vector,5,1048576,256,1,2427000,11014393161628833898
normal-o3,1,8,growth,4096,rust-vec,5,1048576,256,1,1932000,11014393161628833898
normal-o3,1,8,growth,4096,take-swap-c,5,1048576,256,1,2456000,11014393161628833898
normal-o3,1,8,growth,4096,swap-take-c,5,1048576,256,1,2593000,11014393161628833898
normal-o3,1,8,growth,4096,direct-c,5,1048576,256,1,2069000,11014393161628833898
normal-o3,1,8,growth,4096,whitefoot,6,1048576,256,1,2070000,3531045655943011435
normal-o3,1,8,growth,4096,cpp-std-vector,6,1048576,256,1,2357000,3531045655943011435
normal-o3,1,8,growth,4096,rust-vec,6,1048576,256,1,1923000,3531045655943011435
normal-o3,1,8,growth,4096,take-swap-c,6,1048576,256,1,2462000,3531045655943011435
normal-o3,1,8,growth,4096,swap-take-c,6,1048576,256,1,2563000,3531045655943011435
normal-o3,1,8,growth,4096,direct-c,6,1048576,256,1,2058000,3531045655943011435
normal-o3,1,8,growth,4096,reverse-c,6,1048576,256,1,3259000,3531045655943011435
normal-o3,1,8,reuse,16,cpp-std-vector,0,1048576,65536,1,2159000,1613149332516896869
normal-o3,1,8,reuse,16,rust-vec,0,1048576,65536,1,1244000,1613149332516896869
normal-o3,1,8,reuse,16,take-swap-c,0,1048576,65536,1,1988000,1613149332516896869
normal-o3,1,8,reuse,16,swap-take-c,0,1048576,65536,1,1921000,1613149332516896869
normal-o3,1,8,reuse,16,direct-c,0,1048576,65536,1,1760000,1613149332516896869
normal-o3,1,8,reuse,16,reverse-c,0,1048576,65536,1,2269000,1613149332516896869
normal-o3,1,8,reuse,16,whitefoot,0,1048576,65536,1,1676000,1613149332516896869
normal-o3,1,8,reuse,16,rust-vec,1,1048576,65536,1,1235000,15534383740606742630
normal-o3,1,8,reuse,16,take-swap-c,1,1048576,65536,1,1983000,15534383740606742630
normal-o3,1,8,reuse,16,swap-take-c,1,1048576,65536,1,1922000,15534383740606742630
normal-o3,1,8,reuse,16,direct-c,1,1048576,65536,1,1755000,15534383740606742630
normal-o3,1,8,reuse,16,reverse-c,1,1048576,65536,1,2275000,15534383740606742630
normal-o3,1,8,reuse,16,whitefoot,1,1048576,65536,1,1634000,15534383740606742630
normal-o3,1,8,reuse,16,cpp-std-vector,1,1048576,65536,1,2157000,15534383740606742630
normal-o3,1,8,reuse,16,take-swap-c,2,1048576,65536,1,1989000,11203551505675976807
normal-o3,1,8,reuse,16,swap-take-c,2,1048576,65536,1,1915000,11203551505675976807
normal-o3,1,8,reuse,16,direct-c,2,1048576,65536,1,1770000,11203551505675976807
normal-o3,1,8,reuse,16,reverse-c,2,1048576,65536,1,2276000,11203551505675976807
normal-o3,1,8,reuse,16,whitefoot,2,1048576,65536,1,1634000,11203551505675976807
normal-o3,1,8,reuse,16,cpp-std-vector,2,1048576,65536,1,2152000,11203551505675976807
normal-o3,1,8,reuse,16,rust-vec,2,1048576,65536,1,1237000,11203551505675976807
normal-o3,1,8,reuse,16,swap-take-c,3,1048576,65536,1,1930000,598448321840808040
normal-o3,1,8,reuse,16,direct-c,3,1048576,65536,1,1755000,598448321840808040
normal-o3,1,8,reuse,16,reverse-c,3,1048576,65536,1,2352000,598448321840808040
normal-o3,1,8,reuse,16,whitefoot,3,1048576,65536,1,1637000,598448321840808040
normal-o3,1,8,reuse,16,cpp-std-vector,3,1048576,65536,1,2152000,598448321840808040
normal-o3,1,8,reuse,16,rust-vec,3,1048576,65536,1,1234000,598448321840808040
normal-o3,1,8,reuse,16,take-swap-c,3,1048576,65536,1,1992000,598448321840808040
normal-o3,1,8,reuse,16,direct-c,4,1048576,65536,1,1774000,3717605000514633833
normal-o3,1,8,reuse,16,reverse-c,4,1048576,65536,1,2270000,3717605000514633833
normal-o3,1,8,reuse,16,whitefoot,4,1048576,65536,1,1635000,3717605000514633833
normal-o3,1,8,reuse,16,cpp-std-vector,4,1048576,65536,1,2176000,3717605000514633833
normal-o3,1,8,reuse,16,rust-vec,4,1048576,65536,1,1235000,3717605000514633833
normal-o3,1,8,reuse,16,take-swap-c,4,1048576,65536,1,1989000,3717605000514633833
normal-o3,1,8,reuse,16,swap-take-c,4,1048576,65536,1,1922000,3717605000514633833
normal-o3,1,8,reuse,16,reverse-c,5,1048576,65536,1,2269000,7745013020975693930
normal-o3,1,8,reuse,16,whitefoot,5,1048576,65536,1,1639000,7745013020975693930
normal-o3,1,8,reuse,16,cpp-std-vector,5,1048576,65536,1,2160000,7745013020975693930
normal-o3,1,8,reuse,16,rust-vec,5,1048576,65536,1,1244000,7745013020975693930
normal-o3,1,8,reuse,16,take-swap-c,5,1048576,65536,1,2005000,7745013020975693930
normal-o3,1,8,reuse,16,swap-take-c,5,1048576,65536,1,1934000,7745013020975693930
normal-o3,1,8,reuse,16,direct-c,5,1048576,65536,1,1762000,7745013020975693930
normal-o3,1,8,reuse,16,whitefoot,6,1048576,65536,1,1635000,6351481337365135467
normal-o3,1,8,reuse,16,cpp-std-vector,6,1048576,65536,1,2285000,6351481337365135467
normal-o3,1,8,reuse,16,rust-vec,6,1048576,65536,1,1246000,6351481337365135467
normal-o3,1,8,reuse,16,take-swap-c,6,1048576,65536,1,1993000,6351481337365135467
normal-o3,1,8,reuse,16,swap-take-c,6,1048576,65536,1,1925000,6351481337365135467
normal-o3,1,8,reuse,16,direct-c,6,1048576,65536,1,1763000,6351481337365135467
normal-o3,1,8,reuse,16,reverse-c,6,1048576,65536,1,2273000,6351481337365135467
normal-o3,1,8,reuse,256,cpp-std-vector,0,1048576,4096,1,2008000,1498897996573024357
normal-o3,1,8,reuse,256,rust-vec,0,1048576,4096,1,1470000,1498897996573024357
normal-o3,1,8,reuse,256,take-swap-c,0,1048576,4096,1,2017000,1498897996573024357
normal-o3,1,8,reuse,256,swap-take-c,0,1048576,4096,1,2044000,1498897996573024357
normal-o3,1,8,reuse,256,direct-c,0,1048576,4096,1,1538000,1498897996573024357
normal-o3,1,8,reuse,256,reverse-c,0,1048576,4096,1,3158000,1498897996573024357
normal-o3,1,8,reuse,256,whitefoot,0,1048576,4096,1,1605000,1498897996573024357
normal-o3,1,8,reuse,256,rust-vec,1,1048576,4096,1,1471000,7707534785925595238
normal-o3,1,8,reuse,256,take-swap-c,1,1048576,4096,1,1977000,7707534785925595238
normal-o3,1,8,reuse,256,swap-take-c,1,1048576,4096,1,2018000,7707534785925595238
normal-o3,1,8,reuse,256,direct-c,1,1048576,4096,1,1540000,7707534785925595238
normal-o3,1,8,reuse,256,reverse-c,1,1048576,4096,1,3131000,7707534785925595238
normal-o3,1,8,reuse,256,whitefoot,1,1048576,4096,1,1559000,7707534785925595238
normal-o3,1,8,reuse,256,cpp-std-vector,1,1048576,4096,1,2006000,7707534785925595238
normal-o3,1,8,reuse,256,take-swap-c,2,1048576,4096,1,1984000,5506079726878842983
normal-o3,1,8,reuse,256,swap-take-c,2,1048576,4096,1,1981000,5506079726878842983
normal-o3,1,8,reuse,256,direct-c,2,1048576,4096,1,1537000,5506079726878842983
normal-o3,1,8,reuse,256,reverse-c,2,1048576,4096,1,3094000,5506079726878842983
normal-o3,1,8,reuse,256,whitefoot,2,1048576,4096,1,1568000,5506079726878842983
normal-o3,1,8,reuse,256,cpp-std-vector,2,1048576,4096,1,2024000,5506079726878842983
normal-o3,1,8,reuse,256,rust-vec,2,1048576,4096,1,1470000,5506079726878842983
normal-o3,1,8,reuse,256,swap-take-c,3,1048576,4096,1,1981000,5888291873035911272
normal-o3,1,8,reuse,256,direct-c,3,1048576,4096,1,1542000,5888291873035911272
normal-o3,1,8,reuse,256,reverse-c,3,1048576,4096,1,3089000,5888291873035911272
normal-o3,1,8,reuse,256,whitefoot,3,1048576,4096,1,1557000,5888291873035911272
normal-o3,1,8,reuse,256,cpp-std-vector,3,1048576,4096,1,2013000,5888291873035911272
normal-o3,1,8,reuse,256,rust-vec,3,1048576,4096,1,1471000,5888291873035911272
normal-o3,1,8,reuse,256,take-swap-c,3,1048576,4096,1,1996000,5888291873035911272
normal-o3,1,8,reuse,256,direct-c,4,1048576,4096,1,1537000,7512286317303570537
normal-o3,1,8,reuse,256,reverse-c,4,1048576,4096,1,3086000,7512286317303570537
normal-o3,1,8,reuse,256,whitefoot,4,1048576,4096,1,1561000,7512286317303570537
normal-o3,1,8,reuse,256,cpp-std-vector,4,1048576,4096,1,2097000,7512286317303570537
normal-o3,1,8,reuse,256,rust-vec,4,1048576,4096,1,1468000,7512286317303570537
normal-o3,1,8,reuse,256,take-swap-c,4,1048576,4096,1,2040000,7512286317303570537
normal-o3,1,8,reuse,256,swap-take-c,4,1048576,4096,1,2044000,7512286317303570537
normal-o3,1,8,reuse,256,reverse-c,5,1048576,4096,1,3123000,13357584908658163818
normal-o3,1,8,reuse,256,whitefoot,5,1048576,4096,1,1574000,13357584908658163818
normal-o3,1,8,reuse,256,cpp-std-vector,5,1048576,4096,1,2072000,13357584908658163818
normal-o3,1,8,reuse,256,rust-vec,5,1048576,4096,1,1471000,13357584908658163818
normal-o3,1,8,reuse,256,take-swap-c,5,1048576,4096,1,2019000,13357584908658163818
normal-o3,1,8,reuse,256,swap-take-c,5,1048576,4096,1,2061000,13357584908658163818
normal-o3,1,8,reuse,256,direct-c,5,1048576,4096,1,1536000,13357584908658163818
normal-o3,1,8,reuse,256,whitefoot,6,1048576,4096,1,1564000,10011933332678926443
normal-o3,1,8,reuse,256,cpp-std-vector,6,1048576,4096,1,2008000,10011933332678926443
normal-o3,1,8,reuse,256,rust-vec,6,1048576,4096,1,1471000,10011933332678926443
normal-o3,1,8,reuse,256,take-swap-c,6,1048576,4096,1,1976000,10011933332678926443
normal-o3,1,8,reuse,256,swap-take-c,6,1048576,4096,1,2047000,10011933332678926443
normal-o3,1,8,reuse,256,direct-c,6,1048576,4096,1,1571000,10011933332678926443
normal-o3,1,8,reuse,256,reverse-c,6,1048576,4096,1,3101000,10011933332678926443
normal-o3,1,8,reuse,4096,cpp-std-vector,0,1048576,256,1,2092000,2256710881311081573
normal-o3,1,8,reuse,4096,rust-vec,0,1048576,256,1,1505000,2256710881311081573
normal-o3,1,8,reuse,4096,take-swap-c,0,1048576,256,1,2021000,2256710881311081573
normal-o3,1,8,reuse,4096,swap-take-c,0,1048576,256,1,2160000,2256710881311081573
normal-o3,1,8,reuse,4096,direct-c,0,1048576,256,1,1617000,2256710881311081573
normal-o3,1,8,reuse,4096,reverse-c,0,1048576,256,1,2784000,2256710881311081573
normal-o3,1,8,reuse,4096,whitefoot,0,1048576,256,1,1653000,2256710881311081573
normal-o3,1,8,reuse,4096,rust-vec,1,1048576,256,1,1511000,6904654748820097126
normal-o3,1,8,reuse,4096,take-swap-c,1,1048576,256,1,2029000,6904654748820097126
normal-o3,1,8,reuse,4096,swap-take-c,1,1048576,256,1,2112000,6904654748820097126
normal-o3,1,8,reuse,4096,direct-c,1,1048576,256,1,1629000,6904654748820097126
normal-o3,1,8,reuse,4096,reverse-c,1,1048576,256,1,2811000,6904654748820097126
normal-o3,1,8,reuse,4096,whitefoot,1,1048576,256,1,1658000,6904654748820097126
normal-o3,1,8,reuse,4096,cpp-std-vector,1,1048576,256,1,2034000,6904654748820097126
normal-o3,1,8,reuse,4096,take-swap-c,2,1048576,256,1,2032000,16426223538089053287
normal-o3,1,8,reuse,4096,swap-take-c,2,1048576,256,1,2120000,16426223538089053287
normal-o3,1,8,reuse,4096,direct-c,2,1048576,256,1,1617000,16426223538089053287
normal-o3,1,8,reuse,4096,reverse-c,2,1048576,256,1,2837000,16426223538089053287
normal-o3,1,8,reuse,4096,whitefoot,2,1048576,256,1,1712000,16426223538089053287
normal-o3,1,8,reuse,4096,cpp-std-vector,2,1048576,256,1,2014000,16426223538089053287
normal-o3,1,8,reuse,4096,rust-vec,2,1048576,256,1,1550000,16426223538089053287
normal-o3,1,8,reuse,4096,swap-take-c,3,1048576,256,1,2113000,9531859752620511336
normal-o3,1,8,reuse,4096,direct-c,3,1048576,256,1,1623000,9531859752620511336
normal-o3,1,8,reuse,4096,reverse-c,3,1048576,256,1,2811000,9531859752620511336
normal-o3,1,8,reuse,4096,whitefoot,3,1048576,256,1,1653000,9531859752620511336
normal-o3,1,8,reuse,4096,cpp-std-vector,3,1048576,256,1,1997000,9531859752620511336
normal-o3,1,8,reuse,4096,rust-vec,3,1048576,256,1,1507000,9531859752620511336
normal-o3,1,8,reuse,4096,take-swap-c,3,1048576,256,1,2030000,9531859752620511336
normal-o3,1,8,reuse,4096,direct-c,4,1048576,256,1,1622000,14830550356061344873
normal-o3,1,8,reuse,4096,reverse-c,4,1048576,256,1,2805000,14830550356061344873
normal-o3,1,8,reuse,4096,whitefoot,4,1048576,256,1,1646000,14830550356061344873
normal-o3,1,8,reuse,4096,cpp-std-vector,4,1048576,256,1,2080000,14830550356061344873
normal-o3,1,8,reuse,4096,rust-vec,4,1048576,256,1,1504000,14830550356061344873
normal-o3,1,8,reuse,4096,take-swap-c,4,1048576,256,1,2019000,14830550356061344873
normal-o3,1,8,reuse,4096,swap-take-c,4,1048576,256,1,2186000,14830550356061344873
normal-o3,1,8,reuse,4096,reverse-c,5,1048576,256,1,2795000,11014393161628833898
normal-o3,1,8,reuse,4096,whitefoot,5,1048576,256,1,1650000,11014393161628833898
normal-o3,1,8,reuse,4096,cpp-std-vector,5,1048576,256,1,2369000,11014393161628833898
normal-o3,1,8,reuse,4096,rust-vec,5,1048576,256,1,1522000,11014393161628833898
normal-o3,1,8,reuse,4096,take-swap-c,5,1048576,256,1,2023000,11014393161628833898
normal-o3,1,8,reuse,4096,swap-take-c,5,1048576,256,1,2108000,11014393161628833898
normal-o3,1,8,reuse,4096,direct-c,5,1048576,256,1,1617000,11014393161628833898
normal-o3,1,8,reuse,4096,whitefoot,6,1048576,256,1,1661000,3531045655943011435
normal-o3,1,8,reuse,4096,cpp-std-vector,6,1048576,256,1,1999000,3531045655943011435
normal-o3,1,8,reuse,4096,rust-vec,6,1048576,256,1,1499000,3531045655943011435
normal-o3,1,8,reuse,4096,take-swap-c,6,1048576,256,1,2071000,3531045655943011435
normal-o3,1,8,reuse,4096,swap-take-c,6,1048576,256,1,2110000,3531045655943011435
normal-o3,1,8,reuse,4096,direct-c,6,1048576,256,1,1625000,3531045655943011435
normal-o3,1,8,reuse,4096,reverse-c,6,1048576,256,1,2806000,3531045655943011435
normal-o3,1,8,suffix-0,16,cpp-std-vector,0,1048576,1048576,1,1024000,1953714321357298
normal-o3,1,8,suffix-0,16,rust-vec,0,1048576,1048576,1,1008000,1953714321357298
normal-o3,1,8,suffix-0,16,take-swap-c,0,1048576,1048576,1,977000,1953714321357298
normal-o3,1,8,suffix-0,16,swap-take-c,0,1048576,1048576,1,2789000,1953714321357298
normal-o3,1,8,suffix-0,16,direct-c,0,1048576,1048576,1,2764000,1953714321357298
normal-o3,1,8,suffix-0,16,reverse-c,0,1048576,1048576,1,983000,1953714321357298
normal-o3,1,8,suffix-0,16,whitefoot,0,1048576,1048576,1,982000,1953714321357298
normal-o3,1,8,suffix-0,16,rust-vec,1,1048576,1048576,1,1004000,7188693379551418836
normal-o3,1,8,suffix-0,16,take-swap-c,1,1048576,1048576,1,975000,7188693379551418836
normal-o3,1,8,suffix-0,16,swap-take-c,1,1048576,1048576,1,2799000,7188693379551418836
normal-o3,1,8,suffix-0,16,direct-c,1,1048576,1048576,1,2771000,7188693379551418836
normal-o3,1,8,suffix-0,16,reverse-c,1,1048576,1048576,1,974000,7188693379551418836
normal-o3,1,8,suffix-0,16,whitefoot,1,1048576,1048576,1,979000,7188693379551418836
normal-o3,1,8,suffix-0,16,cpp-std-vector,1,1048576,1048576,1,979000,7188693379551418836
normal-o3,1,8,suffix-0,16,take-swap-c,2,1048576,1048576,1,985000,14375433044781480374
normal-o3,1,8,suffix-0,16,swap-take-c,2,1048576,1048576,1,2809000,14375433044781480374
normal-o3,1,8,suffix-0,16,direct-c,2,1048576,1048576,1,2763000,14375433044781480374
normal-o3,1,8,suffix-0,16,reverse-c,2,1048576,1048576,1,982000,14375433044781480374
normal-o3,1,8,suffix-0,16,whitefoot,2,1048576,1048576,1,984000,14375433044781480374
normal-o3,1,8,suffix-0,16,cpp-std-vector,2,1048576,1048576,1,978000,14375433044781480374
normal-o3,1,8,suffix-0,16,rust-vec,2,1048576,1048576,1,999000,14375433044781480374
normal-o3,1,8,suffix-0,16,swap-take-c,3,1048576,1048576,1,2833000,3115428636301990296
normal-o3,1,8,suffix-0,16,direct-c,3,1048576,1048576,1,2775000,3115428636301990296
normal-o3,1,8,suffix-0,16,reverse-c,3,1048576,1048576,1,975000,3115428636301990296
normal-o3,1,8,suffix-0,16,whitefoot,3,1048576,1048576,1,991000,3115428636301990296
normal-o3,1,8,suffix-0,16,cpp-std-vector,3,1048576,1048576,1,982000,3115428636301990296
normal-o3,1,8,suffix-0,16,rust-vec,3,1048576,1048576,1,1009000,3115428636301990296
normal-o3,1,8,suffix-0,16,take-swap-c,3,1048576,1048576,1,984000,3115428636301990296
normal-o3,1,8,suffix-0,16,direct-c,4,1048576,1048576,1,2766000,10302168301532051834
normal-o3,1,8,suffix-0,16,reverse-c,4,1048576,1048576,1,978000,10302168301532051834
normal-o3,1,8,suffix-0,16,whitefoot,4,1048576,1048576,1,978000,10302168301532051834
normal-o3,1,8,suffix-0,16,cpp-std-vector,4,1048576,1048576,1,977000,10302168301532051834
normal-o3,1,8,suffix-0,16,rust-vec,4,1048576,1048576,1,996000,10302168301532051834
normal-o3,1,8,suffix-0,16,take-swap-c,4,1048576,1048576,1,976000,10302168301532051834
normal-o3,1,8,suffix-0,16,swap-take-c,4,1048576,1048576,1,2780000,10302168301532051834
normal-o3,1,8,suffix-0,16,reverse-c,5,1048576,1048576,1,982000,17488907966762113372
normal-o3,1,8,suffix-0,16,whitefoot,5,1048576,1048576,1,975000,17488907966762113372
normal-o3,1,8,suffix-0,16,cpp-std-vector,5,1048576,1048576,1,983000,17488907966762113372
normal-o3,1,8,suffix-0,16,rust-vec,5,1048576,1048576,1,1014000,17488907966762113372
normal-o3,1,8,suffix-0,16,take-swap-c,5,1048576,1048576,1,977000,17488907966762113372
normal-o3,1,8,suffix-0,16,swap-take-c,5,1048576,1048576,1,2785000,17488907966762113372
normal-o3,1,8,suffix-0,16,direct-c,5,1048576,1048576,1,2764000,17488907966762113372
normal-o3,1,8,suffix-0,16,whitefoot,6,1048576,1048576,1,1014000,6228903558282623294
normal-o3,1,8,suffix-0,16,cpp-std-vector,6,1048576,1048576,1,1002000,6228903558282623294
normal-o3,1,8,suffix-0,16,rust-vec,6,1048576,1048576,1,1000000,6228903558282623294
normal-o3,1,8,suffix-0,16,take-swap-c,6,1048576,1048576,1,986000,6228903558282623294
normal-o3,1,8,suffix-0,16,swap-take-c,6,1048576,1048576,1,2820000,6228903558282623294
normal-o3,1,8,suffix-0,16,direct-c,6,1048576,1048576,1,2769000,6228903558282623294
normal-o3,1,8,suffix-0,16,reverse-c,6,1048576,1048576,1,977000,6228903558282623294
normal-o3,1,8,suffix-0,256,cpp-std-vector,0,1048576,1048576,1,982000,17116383760326379594
normal-o3,1,8,suffix-0,256,rust-vec,0,1048576,1048576,1,984000,17116383760326379594
normal-o3,1,8,suffix-0,256,take-swap-c,0,1048576,1048576,1,995000,17116383760326379594
normal-o3,1,8,suffix-0,256,swap-take-c,0,1048576,1048576,1,2771000,17116383760326379594
normal-o3,1,8,suffix-0,256,direct-c,0,1048576,1048576,1,2767000,17116383760326379594
normal-o3,1,8,suffix-0,256,reverse-c,0,1048576,1048576,1,978000,17116383760326379594
normal-o3,1,8,suffix-0,256,whitefoot,0,1048576,1048576,1,975000,17116383760326379594
normal-o3,1,8,suffix-0,256,rust-vec,1,1048576,1048576,1,1002000,18422461136700962636
normal-o3,1,8,suffix-0,256,take-swap-c,1,1048576,1048576,1,1000000,18422461136700962636
normal-o3,1,8,suffix-0,256,swap-take-c,1,1048576,1048576,1,2764000,18422461136700962636
normal-o3,1,8,suffix-0,256,direct-c,1,1048576,1048576,1,2770000,18422461136700962636
normal-o3,1,8,suffix-0,256,reverse-c,1,1048576,1048576,1,979000,18422461136700962636
normal-o3,1,8,suffix-0,256,whitefoot,1,1048576,1048576,1,975000,18422461136700962636
normal-o3,1,8,suffix-0,256,cpp-std-vector,1,1048576,1048576,1,993000,18422461136700962636
normal-o3,1,8,suffix-0,256,take-swap-c,2,1048576,1048576,1,1005000,1281794439365994062
normal-o3,1,8,suffix-0,256,swap-take-c,2,1048576,1048576,1,2820000,1281794439365994062
normal-o3,1,8,suffix-0,256,direct-c,2,1048576,1048576,1,2764000,1281794439365994062
normal-o3,1,8,suffix-0,256,reverse-c,2,1048576,1048576,1,986000,1281794439365994062
normal-o3,1,8,suffix-0,256,whitefoot,2,1048576,1048576,1,975000,1281794439365994062
normal-o3,1,8,suffix-0,256,cpp-std-vector,2,1048576,1048576,1,990000,1281794439365994062
normal-o3,1,8,suffix-0,256,rust-vec,2,1048576,1048576,1,985000,1281794439365994062
normal-o3,1,8,suffix-0,256,swap-take-c,3,1048576,1048576,1,2821000,2587871815740577104
normal-o3,1,8,suffix-0,256,direct-c,3,1048576,1048576,1,2781000,2587871815740577104
normal-o3,1,8,suffix-0,256,reverse-c,3,1048576,1048576,1,983000,2587871815740577104
normal-o3,1,8,suffix-0,256,whitefoot,3,1048576,1048576,1,975000,2587871815740577104
normal-o3,1,8,suffix-0,256,cpp-std-vector,3,1048576,1048576,1,984000,2587871815740577104
normal-o3,1,8,suffix-0,256,rust-vec,3,1048576,1048576,1,985000,2587871815740577104
normal-o3,1,8,suffix-0,256,take-swap-c,3,1048576,1048576,1,994000,2587871815740577104
normal-o3,1,8,suffix-0,256,direct-c,4,1048576,1048576,1,2832000,3893949192115160146
normal-o3,1,8,suffix-0,256,reverse-c,4,1048576,1048576,1,978000,3893949192115160146
normal-o3,1,8,suffix-0,256,whitefoot,4,1048576,1048576,1,978000,3893949192115160146
normal-o3,1,8,suffix-0,256,cpp-std-vector,4,1048576,1048576,1,980000,3893949192115160146
normal-o3,1,8,suffix-0,256,rust-vec,4,1048576,1048576,1,999000,3893949192115160146
normal-o3,1,8,suffix-0,256,take-swap-c,4,1048576,1048576,1,985000,3893949192115160146
normal-o3,1,8,suffix-0,256,swap-take-c,4,1048576,1048576,1,2766000,3893949192115160146
normal-o3,1,8,suffix-0,256,reverse-c,5,1048576,1048576,1,1018000,5200026568489743188
normal-o3,1,8,suffix-0,256,whitefoot,5,1048576,1048576,1,981000,5200026568489743188
normal-o3,1,8,suffix-0,256,cpp-std-vector,5,1048576,1048576,1,980000,5200026568489743188
normal-o3,1,8,suffix-0,256,rust-vec,5,1048576,1048576,1,1001000,5200026568489743188
normal-o3,1,8,suffix-0,256,take-swap-c,5,1048576,1048576,1,978000,5200026568489743188
normal-o3,1,8,suffix-0,256,swap-take-c,5,1048576,1048576,1,2810000,5200026568489743188
normal-o3,1,8,suffix-0,256,direct-c,5,1048576,1048576,1,2776000,5200026568489743188
normal-o3,1,8,suffix-0,256,whitefoot,6,1048576,1048576,1,980000,6506103944864326230
normal-o3,1,8,suffix-0,256,cpp-std-vector,6,1048576,1048576,1,980000,6506103944864326230
normal-o3,1,8,suffix-0,256,rust-vec,6,1048576,1048576,1,985000,6506103944864326230
normal-o3,1,8,suffix-0,256,take-swap-c,6,1048576,1048576,1,978000,6506103944864326230
normal-o3,1,8,suffix-0,256,swap-take-c,6,1048576,1048576,1,2778000,6506103944864326230
normal-o3,1,8,suffix-0,256,direct-c,6,1048576,1048576,1,2772000,6506103944864326230
normal-o3,1,8,suffix-0,256,reverse-c,6,1048576,1048576,1,978000,6506103944864326230
normal-o3,1,8,suffix-0,4096,cpp-std-vector,0,1048576,1048576,1,990000,4677669742816693706
normal-o3,1,8,suffix-0,4096,rust-vec,0,1048576,1048576,1,1013000,4677669742816693706
normal-o3,1,8,suffix-0,4096,take-swap-c,0,1048576,1048576,1,992000,4677669742816693706
normal-o3,1,8,suffix-0,4096,swap-take-c,0,1048576,1048576,1,2797000,4677669742816693706
normal-o3,1,8,suffix-0,4096,direct-c,0,1048576,1048576,1,2776000,4677669742816693706
normal-o3,1,8,suffix-0,4096,reverse-c,0,1048576,1048576,1,984000,4677669742816693706
normal-o3,1,8,suffix-0,4096,whitefoot,0,1048576,1048576,1,995000,4677669742816693706
normal-o3,1,8,suffix-0,4096,rust-vec,1,1048576,1048576,1,1021000,3271637737093033676
normal-o3,1,8,suffix-0,4096,take-swap-c,1,1048576,1048576,1,1004000,3271637737093033676
normal-o3,1,8,suffix-0,4096,swap-take-c,1,1048576,1048576,1,2823000,3271637737093033676
normal-o3,1,8,suffix-0,4096,direct-c,1,1048576,1048576,1,2769000,3271637737093033676
normal-o3,1,8,suffix-0,4096,reverse-c,1,1048576,1048576,1,981000,3271637737093033676
normal-o3,1,8,suffix-0,4096,whitefoot,1,1048576,1048576,1,987000,3271637737093033676
normal-o3,1,8,suffix-0,4096,cpp-std-vector,1,1048576,1048576,1,987000,3271637737093033676
normal-o3,1,8,suffix-0,4096,take-swap-c,2,1048576,1048576,1,994000,1865605731369373646
normal-o3,1,8,suffix-0,4096,swap-take-c,2,1048576,1048576,1,2799000,1865605731369373646
normal-o3,1,8,suffix-0,4096,direct-c,2,1048576,1048576,1,2770000,1865605731369373646
normal-o3,1,8,suffix-0,4096,reverse-c,2,1048576,1048576,1,982000,1865605731369373646
normal-o3,1,8,suffix-0,4096,whitefoot,2,1048576,1048576,1,1034000,1865605731369373646
normal-o3,1,8,suffix-0,4096,cpp-std-vector,2,1048576,1048576,1,990000,1865605731369373646
normal-o3,1,8,suffix-0,4096,rust-vec,2,1048576,1048576,1,990000,1865605731369373646
normal-o3,1,8,suffix-0,4096,swap-take-c,3,1048576,1048576,1,2814000,459573725645713616
normal-o3,1,8,suffix-0,4096,direct-c,3,1048576,1048576,1,2772000,459573725645713616
normal-o3,1,8,suffix-0,4096,reverse-c,3,1048576,1048576,1,986000,459573725645713616
normal-o3,1,8,suffix-0,4096,whitefoot,3,1048576,1048576,1,981000,459573725645713616
normal-o3,1,8,suffix-0,4096,cpp-std-vector,3,1048576,1048576,1,990000,459573725645713616
normal-o3,1,8,suffix-0,4096,rust-vec,3,1048576,1048576,1,990000,459573725645713616
normal-o3,1,8,suffix-0,4096,take-swap-c,3,1048576,1048576,1,993000,459573725645713616
normal-o3,1,8,suffix-0,4096,direct-c,4,1048576,1048576,1,2842000,17500285793631605202
normal-o3,1,8,suffix-0,4096,reverse-c,4,1048576,1048576,1,989000,17500285793631605202
normal-o3,1,8,suffix-0,4096,whitefoot,4,1048576,1048576,1,997000,17500285793631605202
normal-o3,1,8,suffix-0,4096,cpp-std-vector,4,1048576,1048576,1,985000,17500285793631605202
normal-o3,1,8,suffix-0,4096,rust-vec,4,1048576,1048576,1,987000,17500285793631605202
normal-o3,1,8,suffix-0,4096,take-swap-c,4,1048576,1048576,1,985000,17500285793631605202
normal-o3,1,8,suffix-0,4096,swap-take-c,4,1048576,1048576,1,2813000,17500285793631605202
normal-o3,1,8,suffix-0,4096,reverse-c,5,1048576,1048576,1,990000,16094253787907945172
normal-o3,1,8,suffix-0,4096,whitefoot,5,1048576,1048576,1,986000,16094253787907945172
normal-o3,1,8,suffix-0,4096,cpp-std-vector,5,1048576,1048576,1,982000,16094253787907945172
normal-o3,1,8,suffix-0,4096,rust-vec,5,1048576,1048576,1,990000,16094253787907945172
normal-o3,1,8,suffix-0,4096,take-swap-c,5,1048576,1048576,1,984000,16094253787907945172
normal-o3,1,8,suffix-0,4096,swap-take-c,5,1048576,1048576,1,2830000,16094253787907945172
normal-o3,1,8,suffix-0,4096,direct-c,5,1048576,1048576,1,2775000,16094253787907945172
normal-o3,1,8,suffix-0,4096,whitefoot,6,1048576,1048576,1,981000,14688221782184285142
normal-o3,1,8,suffix-0,4096,cpp-std-vector,6,1048576,1048576,1,994000,14688221782184285142
normal-o3,1,8,suffix-0,4096,rust-vec,6,1048576,1048576,1,1007000,14688221782184285142
normal-o3,1,8,suffix-0,4096,take-swap-c,6,1048576,1048576,1,982000,14688221782184285142
normal-o3,1,8,suffix-0,4096,swap-take-c,6,1048576,1048576,1,2821000,14688221782184285142
normal-o3,1,8,suffix-0,4096,direct-c,6,1048576,1048576,1,2776000,14688221782184285142
normal-o3,1,8,suffix-0,4096,reverse-c,6,1048576,1048576,1,984000,14688221782184285142
normal-o3,1,8,suffix-1,16,cpp-std-vector,0,1048576,1048576,1,2924000,929898191272797080
normal-o3,1,8,suffix-1,16,rust-vec,0,1048576,1048576,1,1544000,929898191272797080
normal-o3,1,8,suffix-1,16,take-swap-c,0,1048576,1048576,1,3260000,929898191272797080
normal-o3,1,8,suffix-1,16,swap-take-c,0,1048576,1048576,1,3391000,929898191272797080
normal-o3,1,8,suffix-1,16,direct-c,0,1048576,1048576,1,2783000,929898191272797080
normal-o3,1,8,suffix-1,16,reverse-c,0,1048576,1048576,1,3242000,929898191272797080
normal-o3,1,8,suffix-1,16,whitefoot,0,1048576,1048576,1,2966000,929898191272797080
normal-o3,1,8,suffix-1,16,rust-vec,1,1048576,1048576,1,1550000,4026886324240061497
normal-o3,1,8,suffix-1,16,take-swap-c,1,1048576,1048576,1,3261000,4026886324240061497
normal-o3,1,8,suffix-1,16,swap-take-c,1,1048576,1048576,1,3416000,4026886324240061497
normal-o3,1,8,suffix-1,16,direct-c,1,1048576,1048576,1,2783000,4026886324240061497
normal-o3,1,8,suffix-1,16,reverse-c,1,1048576,1048576,1,3245000,4026886324240061497
normal-o3,1,8,suffix-1,16,whitefoot,1,1048576,1048576,1,2937000,4026886324240061497
normal-o3,1,8,suffix-1,16,cpp-std-vector,1,1048576,1048576,1,2927000,4026886324240061497
normal-o3,1,8,suffix-1,16,take-swap-c,2,1048576,1048576,1,3239000,7123874457207325914
normal-o3,1,8,suffix-1,16,swap-take-c,2,1048576,1048576,1,3370000,7123874457207325914
normal-o3,1,8,suffix-1,16,direct-c,2,1048576,1048576,1,2828000,7123874457207325914
normal-o3,1,8,suffix-1,16,reverse-c,2,1048576,1048576,1,3233000,7123874457207325914
normal-o3,1,8,suffix-1,16,whitefoot,2,1048576,1048576,1,2953000,7123874457207325914
normal-o3,1,8,suffix-1,16,cpp-std-vector,2,1048576,1048576,1,2973000,7123874457207325914
normal-o3,1,8,suffix-1,16,rust-vec,2,1048576,1048576,1,1547000,7123874457207325914
normal-o3,1,8,suffix-1,16,swap-take-c,3,1048576,1048576,1,3376000,10220862590174590331
normal-o3,1,8,suffix-1,16,direct-c,3,1048576,1048576,1,2800000,10220862590174590331
normal-o3,1,8,suffix-1,16,reverse-c,3,1048576,1048576,1,3235000,10220862590174590331
normal-o3,1,8,suffix-1,16,whitefoot,3,1048576,1048576,1,2920000,10220862590174590331
normal-o3,1,8,suffix-1,16,cpp-std-vector,3,1048576,1048576,1,2928000,10220862590174590331
normal-o3,1,8,suffix-1,16,rust-vec,3,1048576,1048576,1,1585000,10220862590174590331
normal-o3,1,8,suffix-1,16,take-swap-c,3,1048576,1048576,1,3391000,10220862590174590331
normal-o3,1,8,suffix-1,16,direct-c,4,1048576,1048576,1,2809000,13317850723141854748
normal-o3,1,8,suffix-1,16,reverse-c,4,1048576,1048576,1,3290000,13317850723141854748
normal-o3,1,8,suffix-1,16,whitefoot,4,1048576,1048576,1,2985000,13317850723141854748
normal-o3,1,8,suffix-1,16,cpp-std-vector,4,1048576,1048576,1,3023000,13317850723141854748
normal-o3,1,8,suffix-1,16,rust-vec,4,1048576,1048576,1,1602000,13317850723141854748
normal-o3,1,8,suffix-1,16,take-swap-c,4,1048576,1048576,1,3365000,13317850723141854748
normal-o3,1,8,suffix-1,16,swap-take-c,4,1048576,1048576,1,3476000,13317850723141854748
normal-o3,1,8,suffix-1,16,reverse-c,5,1048576,1048576,1,3363000,16414838856109119165
normal-o3,1,8,suffix-1,16,whitefoot,5,1048576,1048576,1,2983000,16414838856109119165
normal-o3,1,8,suffix-1,16,cpp-std-vector,5,1048576,1048576,1,2929000,16414838856109119165
normal-o3,1,8,suffix-1,16,rust-vec,5,1048576,1048576,1,1543000,16414838856109119165
normal-o3,1,8,suffix-1,16,take-swap-c,5,1048576,1048576,1,3305000,16414838856109119165
normal-o3,1,8,suffix-1,16,swap-take-c,5,1048576,1048576,1,3389000,16414838856109119165
normal-o3,1,8,suffix-1,16,direct-c,5,1048576,1048576,1,2781000,16414838856109119165
normal-o3,1,8,suffix-1,16,whitefoot,6,1048576,1048576,1,2943000,1065082915366831966
normal-o3,1,8,suffix-1,16,cpp-std-vector,6,1048576,1048576,1,2948000,1065082915366831966
normal-o3,1,8,suffix-1,16,rust-vec,6,1048576,1048576,1,1549000,1065082915366831966
normal-o3,1,8,suffix-1,16,take-swap-c,6,1048576,1048576,1,3269000,1065082915366831966
normal-o3,1,8,suffix-1,16,swap-take-c,6,1048576,1048576,1,3384000,1065082915366831966
normal-o3,1,8,suffix-1,16,direct-c,6,1048576,1048576,1,2796000,1065082915366831966
normal-o3,1,8,suffix-1,16,reverse-c,6,1048576,1048576,1,3925000,1065082915366831966
normal-o3,1,8,suffix-1,256,cpp-std-vector,0,1048576,1048576,1,3185000,14065998348325884944
normal-o3,1,8,suffix-1,256,rust-vec,0,1048576,1048576,1,1632000,14065998348325884944
normal-o3,1,8,suffix-1,256,take-swap-c,0,1048576,1048576,1,3395000,14065998348325884944
normal-o3,1,8,suffix-1,256,swap-take-c,0,1048576,1048576,1,3576000,14065998348325884944
normal-o3,1,8,suffix-1,256,direct-c,0,1048576,1048576,1,2980000,14065998348325884944
normal-o3,1,8,suffix-1,256,reverse-c,0,1048576,1048576,1,3489000,14065998348325884944
normal-o3,1,8,suffix-1,256,whitefoot,0,1048576,1048576,1,3148000,14065998348325884944
normal-o3,1,8,suffix-1,256,rust-vec,1,1048576,1048576,1,1664000,5008019667339890449
normal-o3,1,8,suffix-1,256,take-swap-c,1,1048576,1048576,1,3475000,5008019667339890449
normal-o3,1,8,suffix-1,256,swap-take-c,1,1048576,1048576,1,3602000,5008019667339890449
normal-o3,1,8,suffix-1,256,direct-c,1,1048576,1048576,1,2834000,5008019667339890449
normal-o3,1,8,suffix-1,256,reverse-c,1,1048576,1048576,1,3255000,5008019667339890449
normal-o3,1,8,suffix-1,256,whitefoot,1,1048576,1048576,1,2962000,5008019667339890449
normal-o3,1,8,suffix-1,256,cpp-std-vector,1,1048576,1048576,1,3102000,5008019667339890449
normal-o3,1,8,suffix-1,256,take-swap-c,2,1048576,1048576,1,3444000,14396785060063447570
normal-o3,1,8,suffix-1,256,swap-take-c,2,1048576,1048576,1,3588000,14396785060063447570
normal-o3,1,8,suffix-1,256,direct-c,2,1048576,1048576,1,2886000,14396785060063447570
normal-o3,1,8,suffix-1,256,reverse-c,2,1048576,1048576,1,3290000,14396785060063447570
normal-o3,1,8,suffix-1,256,whitefoot,2,1048576,1048576,1,3106000,14396785060063447570
normal-o3,1,8,suffix-1,256,cpp-std-vector,2,1048576,1048576,1,2963000,14396785060063447570
normal-o3,1,8,suffix-1,256,rust-vec,2,1048576,1048576,1,1546000,14396785060063447570
normal-o3,1,8,suffix-1,256,swap-take-c,3,1048576,1048576,1,3393000,5338806379077453075
normal-o3,1,8,suffix-1,256,direct-c,3,1048576,1048576,1,2789000,5338806379077453075
normal-o3,1,8,suffix-1,256,reverse-c,3,1048576,1048576,1,3256000,5338806379077453075
normal-o3,1,8,suffix-1,256,whitefoot,3,1048576,1048576,1,2951000,5338806379077453075
normal-o3,1,8,suffix-1,256,cpp-std-vector,3,1048576,1048576,1,2931000,5338806379077453075
normal-o3,1,8,suffix-1,256,rust-vec,3,1048576,1048576,1,1543000,5338806379077453075
normal-o3,1,8,suffix-1,256,take-swap-c,3,1048576,1048576,1,3237000,5338806379077453075
normal-o3,1,8,suffix-1,256,direct-c,4,1048576,1048576,1,2813000,14727571771801010196
normal-o3,1,8,suffix-1,256,reverse-c,4,1048576,1048576,1,3274000,14727571771801010196
normal-o3,1,8,suffix-1,256,whitefoot,4,1048576,1048576,1,2916000,14727571771801010196
normal-o3,1,8,suffix-1,256,cpp-std-vector,4,1048576,1048576,1,2929000,14727571771801010196
normal-o3,1,8,suffix-1,256,rust-vec,4,1048576,1048576,1,1555000,14727571771801010196
normal-o3,1,8,suffix-1,256,take-swap-c,4,1048576,1048576,1,3226000,14727571771801010196
normal-o3,1,8,suffix-1,256,swap-take-c,4,1048576,1048576,1,3376000,14727571771801010196
normal-o3,1,8,suffix-1,256,reverse-c,5,1048576,1048576,1,3235000,5669593090815015701
normal-o3,1,8,suffix-1,256,whitefoot,5,1048576,1048576,1,2936000,5669593090815015701
normal-o3,1,8,suffix-1,256,cpp-std-vector,5,1048576,1048576,1,2927000,5669593090815015701
normal-o3,1,8,suffix-1,256,rust-vec,5,1048576,1048576,1,1603000,5669593090815015701
normal-o3,1,8,suffix-1,256,take-swap-c,5,1048576,1048576,1,3271000,5669593090815015701
normal-o3,1,8,suffix-1,256,swap-take-c,5,1048576,1048576,1,3371000,5669593090815015701
normal-o3,1,8,suffix-1,256,direct-c,5,1048576,1048576,1,2816000,5669593090815015701
normal-o3,1,8,suffix-1,256,whitefoot,6,1048576,1048576,1,2941000,15058358483538572822
normal-o3,1,8,suffix-1,256,cpp-std-vector,6,1048576,1048576,1,2945000,15058358483538572822
normal-o3,1,8,suffix-1,256,rust-vec,6,1048576,1048576,1,1561000,15058358483538572822
normal-o3,1,8,suffix-1,256,take-swap-c,6,1048576,1048576,1,3275000,15058358483538572822
normal-o3,1,8,suffix-1,256,swap-take-c,6,1048576,1048576,1,3374000,15058358483538572822
normal-o3,1,8,suffix-1,256,direct-c,6,1048576,1048576,1,2799000,15058358483538572822
normal-o3,1,8,suffix-1,256,reverse-c,6,1048576,1048576,1,3240000,15058358483538572822
normal-o3,1,8,suffix-1,4096,cpp-std-vector,0,1048576,1048576,1,2935000,7456520226923789200
normal-o3,1,8,suffix-1,4096,rust-vec,0,1048576,1048576,1,1551000,7456520226923789200
normal-o3,1,8,suffix-1,4096,take-swap-c,0,1048576,1048576,1,3250000,7456520226923789200
normal-o3,1,8,suffix-1,4096,swap-take-c,0,1048576,1048576,1,3400000,7456520226923789200
normal-o3,1,8,suffix-1,4096,direct-c,0,1048576,1048576,1,2801000,7456520226923789200
normal-o3,1,8,suffix-1,4096,reverse-c,0,1048576,1048576,1,3249000,7456520226923789200
normal-o3,1,8,suffix-1,4096,whitefoot,0,1048576,1048576,1,2943000,7456520226923789200
normal-o3,1,8,suffix-1,4096,rust-vec,1,1048576,1048576,1,1556000,12459322446616091793
normal-o3,1,8,suffix-1,4096,take-swap-c,1,1048576,1048576,1,3226000,12459322446616091793
normal-o3,1,8,suffix-1,4096,swap-take-c,1,1048576,1048576,1,3414000,12459322446616091793
normal-o3,1,8,suffix-1,4096,direct-c,1,1048576,1048576,1,2795000,12459322446616091793
normal-o3,1,8,suffix-1,4096,reverse-c,1,1048576,1048576,1,3242000,12459322446616091793
normal-o3,1,8,suffix-1,4096,whitefoot,1,1048576,1048576,1,2954000,12459322446616091793
normal-o3,1,8,suffix-1,4096,cpp-std-vector,1,1048576,1048576,1,2942000,12459322446616091793
normal-o3,1,8,suffix-1,4096,take-swap-c,2,1048576,1048576,1,3293000,17462124666308394386
normal-o3,1,8,suffix-1,4096,swap-take-c,2,1048576,1048576,1,3391000,17462124666308394386
normal-o3,1,8,suffix-1,4096,direct-c,2,1048576,1048576,1,2809000,17462124666308394386
normal-o3,1,8,suffix-1,4096,reverse-c,2,1048576,1048576,1,3270000,17462124666308394386
normal-o3,1,8,suffix-1,4096,whitefoot,2,1048576,1048576,1,2979000,17462124666308394386
normal-o3,1,8,suffix-1,4096,cpp-std-vector,2,1048576,1048576,1,3024000,17462124666308394386
normal-o3,1,8,suffix-1,4096,rust-vec,2,1048576,1048576,1,1562000,17462124666308394386
normal-o3,1,8,suffix-1,4096,swap-take-c,3,1048576,1048576,1,3386000,4018182812291145363
normal-o3,1,8,suffix-1,4096,direct-c,3,1048576,1048576,1,2809000,4018182812291145363
normal-o3,1,8,suffix-1,4096,reverse-c,3,1048576,1048576,1,3244000,4018182812291145363
normal-o3,1,8,suffix-1,4096,whitefoot,3,1048576,1048576,1,2946000,4018182812291145363
normal-o3,1,8,suffix-1,4096,cpp-std-vector,3,1048576,1048576,1,2938000,4018182812291145363
normal-o3,1,8,suffix-1,4096,rust-vec,3,1048576,1048576,1,1549000,4018182812291145363
normal-o3,1,8,suffix-1,4096,take-swap-c,3,1048576,1048576,1,3279000,4018182812291145363
normal-o3,1,8,suffix-1,4096,direct-c,4,1048576,1048576,1,2890000,9020985031983447956
normal-o3,1,8,suffix-1,4096,reverse-c,4,1048576,1048576,1,3406000,9020985031983447956
normal-o3,1,8,suffix-1,4096,whitefoot,4,1048576,1048576,1,3013000,9020985031983447956
normal-o3,1,8,suffix-1,4096,cpp-std-vector,4,1048576,1048576,1,3026000,9020985031983447956
normal-o3,1,8,suffix-1,4096,rust-vec,4,1048576,1048576,1,1597000,9020985031983447956
normal-o3,1,8,suffix-1,4096,take-swap-c,4,1048576,1048576,1,3352000,9020985031983447956
normal-o3,1,8,suffix-1,4096,swap-take-c,4,1048576,1048576,1,3483000,9020985031983447956
normal-o3,1,8,suffix-1,4096,reverse-c,5,1048576,1048576,1,3483000,14023787251675750549
normal-o3,1,8,suffix-1,4096,whitefoot,5,1048576,1048576,1,3222000,14023787251675750549
normal-o3,1,8,suffix-1,4096,cpp-std-vector,5,1048576,1048576,1,3139000,14023787251675750549
normal-o3,1,8,suffix-1,4096,rust-vec,5,1048576,1048576,1,1654000,14023787251675750549
normal-o3,1,8,suffix-1,4096,take-swap-c,5,1048576,1048576,1,3483000,14023787251675750549
normal-o3,1,8,suffix-1,4096,swap-take-c,5,1048576,1048576,1,3596000,14023787251675750549
normal-o3,1,8,suffix-1,4096,direct-c,5,1048576,1048576,1,2891000,14023787251675750549
normal-o3,1,8,suffix-1,4096,whitefoot,6,1048576,1048576,1,2973000,579845397658501526
normal-o3,1,8,suffix-1,4096,cpp-std-vector,6,1048576,1048576,1,2939000,579845397658501526
normal-o3,1,8,suffix-1,4096,rust-vec,6,1048576,1048576,1,1551000,579845397658501526
normal-o3,1,8,suffix-1,4096,take-swap-c,6,1048576,1048576,1,3269000,579845397658501526
normal-o3,1,8,suffix-1,4096,swap-take-c,6,1048576,1048576,1,3386000,579845397658501526
normal-o3,1,8,suffix-1,4096,direct-c,6,1048576,1048576,1,2811000,579845397658501526
normal-o3,1,8,suffix-1,4096,reverse-c,6,1048576,1048576,1,3251000,579845397658501526
normal-o3,1,8,suffix-2,16,cpp-std-vector,0,1048576,524288,1,1661000,1685092048726590629
normal-o3,1,8,suffix-2,16,rust-vec,0,1048576,524288,1,1303000,1685092048726590629
normal-o3,1,8,suffix-2,16,take-swap-c,0,1048576,524288,1,3142000,1685092048726590629
normal-o3,1,8,suffix-2,16,swap-take-c,0,1048576,524288,1,2832000,1685092048726590629
normal-o3,1,8,suffix-2,16,direct-c,0,1048576,524288,1,1470000,1685092048726590629
normal-o3,1,8,suffix-2,16,reverse-c,0,1048576,524288,1,3254000,1685092048726590629
normal-o3,1,8,suffix-2,16,whitefoot,0,1048576,524288,1,2344000,1685092048726590629
normal-o3,1,8,suffix-2,16,rust-vec,1,1048576,524288,1,1300000,5769615109122455387
normal-o3,1,8,suffix-2,16,take-swap-c,1,1048576,524288,1,3220000,5769615109122455387
normal-o3,1,8,suffix-2,16,swap-take-c,1,1048576,524288,1,2804000,5769615109122455387
normal-o3,1,8,suffix-2,16,direct-c,1,1048576,524288,1,1474000,5769615109122455387
normal-o3,1,8,suffix-2,16,reverse-c,1,1048576,524288,1,3277000,5769615109122455387
normal-o3,1,8,suffix-2,16,whitefoot,1,1048576,524288,1,2316000,5769615109122455387
normal-o3,1,8,suffix-2,16,cpp-std-vector,1,1048576,524288,1,1634000,5769615109122455387
normal-o3,1,8,suffix-2,16,take-swap-c,2,1048576,524288,1,3284000,9854138169518320145
normal-o3,1,8,suffix-2,16,swap-take-c,2,1048576,524288,1,2789000,9854138169518320145
normal-o3,1,8,suffix-2,16,direct-c,2,1048576,524288,1,1470000,9854138169518320145
normal-o3,1,8,suffix-2,16,reverse-c,2,1048576,524288,1,3232000,9854138169518320145
normal-o3,1,8,suffix-2,16,whitefoot,2,1048576,524288,1,2333000,9854138169518320145
normal-o3,1,8,suffix-2,16,cpp-std-vector,2,1048576,524288,1,1627000,9854138169518320145
normal-o3,1,8,suffix-2,16,rust-vec,2,1048576,524288,1,1300000,9854138169518320145
normal-o3,1,8,suffix-2,16,swap-take-c,3,1048576,524288,1,2793000,13938661229914184903
normal-o3,1,8,suffix-2,16,direct-c,3,1048576,524288,1,1460000,13938661229914184903
normal-o3,1,8,suffix-2,16,reverse-c,3,1048576,524288,1,3290000,13938661229914184903
normal-o3,1,8,suffix-2,16,whitefoot,3,1048576,524288,1,2327000,13938661229914184903
normal-o3,1,8,suffix-2,16,cpp-std-vector,3,1048576,524288,1,1636000,13938661229914184903
normal-o3,1,8,suffix-2,16,rust-vec,3,1048576,524288,1,1300000,13938661229914184903
normal-o3,1,8,suffix-2,16,take-swap-c,3,1048576,524288,1,3187000,13938661229914184903
normal-o3,1,8,suffix-2,16,direct-c,4,1048576,524288,1,1526000,18023184290310049661
normal-o3,1,8,suffix-2,16,reverse-c,4,1048576,524288,1,3214000,18023184290310049661
normal-o3,1,8,suffix-2,16,whitefoot,4,1048576,524288,1,2314000,18023184290310049661
normal-o3,1,8,suffix-2,16,cpp-std-vector,4,1048576,524288,1,1673000,18023184290310049661
normal-o3,1,8,suffix-2,16,rust-vec,4,1048576,524288,1,1319000,18023184290310049661
normal-o3,1,8,suffix-2,16,take-swap-c,4,1048576,524288,1,3192000,18023184290310049661
normal-o3,1,8,suffix-2,16,swap-take-c,4,1048576,524288,1,2838000,18023184290310049661
normal-o3,1,8,suffix-2,16,reverse-c,5,1048576,524288,1,3154000,3660963276996362803
normal-o3,1,8,suffix-2,16,whitefoot,5,1048576,524288,1,2314000,3660963276996362803
normal-o3,1,8,suffix-2,16,cpp-std-vector,5,1048576,524288,1,1628000,3660963276996362803
normal-o3,1,8,suffix-2,16,rust-vec,5,1048576,524288,1,1302000,3660963276996362803
normal-o3,1,8,suffix-2,16,take-swap-c,5,1048576,524288,1,3192000,3660963276996362803
normal-o3,1,8,suffix-2,16,swap-take-c,5,1048576,524288,1,2949000,3660963276996362803
normal-o3,1,8,suffix-2,16,direct-c,5,1048576,524288,1,1512000,3660963276996362803
normal-o3,1,8,suffix-2,16,whitefoot,6,1048576,524288,1,2319000,7745486337392227561
normal-o3,1,8,suffix-2,16,cpp-std-vector,6,1048576,524288,1,1629000,7745486337392227561
normal-o3,1,8,suffix-2,16,rust-vec,6,1048576,524288,1,1310000,7745486337392227561
normal-o3,1,8,suffix-2,16,take-swap-c,6,1048576,524288,1,3183000,7745486337392227561
normal-o3,1,8,suffix-2,16,swap-take-c,6,1048576,524288,1,2806000,7745486337392227561
normal-o3,1,8,suffix-2,16,direct-c,6,1048576,524288,1,1466000,7745486337392227561
normal-o3,1,8,suffix-2,16,reverse-c,6,1048576,524288,1,3172000,7745486337392227561
normal-o3,1,8,suffix-2,256,cpp-std-vector,0,1048576,524288,1,1634000,4355278901963944061
normal-o3,1,8,suffix-2,256,rust-vec,0,1048576,524288,1,1309000,4355278901963944061
normal-o3,1,8,suffix-2,256,take-swap-c,0,1048576,524288,1,3387000,4355278901963944061
normal-o3,1,8,suffix-2,256,swap-take-c,0,1048576,524288,1,2831000,4355278901963944061
normal-o3,1,8,suffix-2,256,direct-c,0,1048576,524288,1,3139000,4355278901963944061
normal-o3,1,8,suffix-2,256,reverse-c,0,1048576,524288,1,3285000,4355278901963944061
normal-o3,1,8,suffix-2,256,whitefoot,0,1048576,524288,1,2374000,4355278901963944061
normal-o3,1,8,suffix-2,256,rust-vec,1,1048576,524288,1,1301000,15106128288498016595
normal-o3,1,8,suffix-2,256,take-swap-c,1,1048576,524288,1,3411000,15106128288498016595
normal-o3,1,8,suffix-2,256,swap-take-c,1,1048576,524288,1,2806000,15106128288498016595
normal-o3,1,8,suffix-2,256,direct-c,1,1048576,524288,1,2074000,15106128288498016595
normal-o3,1,8,suffix-2,256,reverse-c,1,1048576,524288,1,3238000,15106128288498016595
normal-o3,1,8,suffix-2,256,whitefoot,1,1048576,524288,1,2371000,15106128288498016595
normal-o3,1,8,suffix-2,256,cpp-std-vector,1,1048576,524288,1,1629000,15106128288498016595
normal-o3,1,8,suffix-2,256,take-swap-c,2,1048576,524288,1,3240000,7410233601322537513
normal-o3,1,8,suffix-2,256,swap-take-c,2,1048576,524288,1,2804000,7410233601322537513
normal-o3,1,8,suffix-2,256,direct-c,2,1048576,524288,1,2506000,7410233601322537513
normal-o3,1,8,suffix-2,256,reverse-c,2,1048576,524288,1,3218000,7410233601322537513
normal-o3,1,8,suffix-2,256,whitefoot,2,1048576,524288,1,2383000,7410233601322537513
normal-o3,1,8,suffix-2,256,cpp-std-vector,2,1048576,524288,1,1628000,7410233601322537513
normal-o3,1,8,suffix-2,256,rust-vec,2,1048576,524288,1,1304000,7410233601322537513
normal-o3,1,8,suffix-2,256,swap-take-c,3,1048576,524288,1,2807000,18161082987856610047
normal-o3,1,8,suffix-2,256,direct-c,3,1048576,524288,1,2488000,18161082987856610047
normal-o3,1,8,suffix-2,256,reverse-c,3,1048576,524288,1,3203000,18161082987856610047
normal-o3,1,8,suffix-2,256,whitefoot,3,1048576,524288,1,2374000,18161082987856610047
normal-o3,1,8,suffix-2,256,cpp-std-vector,3,1048576,524288,1,1625000,18161082987856610047
normal-o3,1,8,suffix-2,256,rust-vec,3,1048576,524288,1,1301000,18161082987856610047
normal-o3,1,8,suffix-2,256,take-swap-c,3,1048576,524288,1,3391000,18161082987856610047
normal-o3,1,8,suffix-2,256,direct-c,4,1048576,524288,1,2134000,10465188300681130965
normal-o3,1,8,suffix-2,256,reverse-c,4,1048576,524288,1,3410000,10465188300681130965
normal-o3,1,8,suffix-2,256,whitefoot,4,1048576,524288,1,2377000,10465188300681130965
normal-o3,1,8,suffix-2,256,cpp-std-vector,4,1048576,524288,1,1659000,10465188300681130965
normal-o3,1,8,suffix-2,256,rust-vec,4,1048576,524288,1,1324000,10465188300681130965
normal-o3,1,8,suffix-2,256,take-swap-c,4,1048576,524288,1,3372000,10465188300681130965
normal-o3,1,8,suffix-2,256,swap-take-c,4,1048576,524288,1,2892000,10465188300681130965
normal-o3,1,8,suffix-2,256,reverse-c,5,1048576,524288,1,3243000,2769293613505651883
normal-o3,1,8,suffix-2,256,whitefoot,5,1048576,524288,1,2373000,2769293613505651883
normal-o3,1,8,suffix-2,256,cpp-std-vector,5,1048576,524288,1,1638000,2769293613505651883
normal-o3,1,8,suffix-2,256,rust-vec,5,1048576,524288,1,1341000,2769293613505651883
normal-o3,1,8,suffix-2,256,take-swap-c,5,1048576,524288,1,3462000,2769293613505651883
normal-o3,1,8,suffix-2,256,swap-take-c,5,1048576,524288,1,2801000,2769293613505651883
normal-o3,1,8,suffix-2,256,direct-c,5,1048576,524288,1,2290000,2769293613505651883
normal-o3,1,8,suffix-2,256,whitefoot,6,1048576,524288,1,2431000,13520143000039724417
normal-o3,1,8,suffix-2,256,cpp-std-vector,6,1048576,524288,1,1625000,13520143000039724417
normal-o3,1,8,suffix-2,256,rust-vec,6,1048576,524288,1,1305000,13520143000039724417
normal-o3,1,8,suffix-2,256,take-swap-c,6,1048576,524288,1,3461000,13520143000039724417
normal-o3,1,8,suffix-2,256,swap-take-c,6,1048576,524288,1,2807000,13520143000039724417
normal-o3,1,8,suffix-2,256,direct-c,6,1048576,524288,1,3549000,13520143000039724417
normal-o3,1,8,suffix-2,256,reverse-c,6,1048576,524288,1,3400000,13520143000039724417
normal-o3,1,8,suffix-2,4096,cpp-std-vector,0,1048576,524288,1,1798000,16133918569289551357
normal-o3,1,8,suffix-2,4096,rust-vec,0,1048576,524288,1,1354000,16133918569289551357
normal-o3,1,8,suffix-2,4096,take-swap-c,0,1048576,524288,1,3481000,16133918569289551357
normal-o3,1,8,suffix-2,4096,swap-take-c,0,1048576,524288,1,2798000,16133918569289551357
normal-o3,1,8,suffix-2,4096,direct-c,0,1048576,524288,1,2602000,16133918569289551357
normal-o3,1,8,suffix-2,4096,reverse-c,0,1048576,524288,1,3435000,16133918569289551357
normal-o3,1,8,suffix-2,4096,whitefoot,0,1048576,524288,1,2420000,16133918569289551357
normal-o3,1,8,suffix-2,4096,rust-vec,1,1048576,524288,1,1308000,17698322704188874963
normal-o3,1,8,suffix-2,4096,take-swap-c,1,1048576,524288,1,3323000,17698322704188874963
normal-o3,1,8,suffix-2,4096,swap-take-c,1,1048576,524288,1,2989000,17698322704188874963
normal-o3,1,8,suffix-2,4096,direct-c,1,1048576,524288,1,2307000,17698322704188874963
normal-o3,1,8,suffix-2,4096,reverse-c,1,1048576,524288,1,3390000,17698322704188874963
normal-o3,1,8,suffix-2,4096,whitefoot,1,1048576,524288,1,2483000,17698322704188874963
normal-o3,1,8,suffix-2,4096,cpp-std-vector,1,1048576,524288,1,1685000,17698322704188874963
normal-o3,1,8,suffix-2,4096,take-swap-c,2,1048576,524288,1,3388000,815982765378646953
normal-o3,1,8,suffix-2,4096,swap-take-c,2,1048576,524288,1,2851000,815982765378646953
normal-o3,1,8,suffix-2,4096,direct-c,2,1048576,524288,1,1815000,815982765378646953
normal-o3,1,8,suffix-2,4096,reverse-c,2,1048576,524288,1,3337000,815982765378646953
normal-o3,1,8,suffix-2,4096,whitefoot,2,1048576,524288,1,2470000,815982765378646953
normal-o3,1,8,suffix-2,4096,cpp-std-vector,2,1048576,524288,1,1717000,815982765378646953
normal-o3,1,8,suffix-2,4096,rust-vec,2,1048576,524288,1,1344000,815982765378646953
normal-o3,1,8,suffix-2,4096,swap-take-c,3,1048576,524288,1,2900000,2380386900277970559
normal-o3,1,8,suffix-2,4096,direct-c,3,1048576,524288,1,2079000,2380386900277970559
normal-o3,1,8,suffix-2,4096,reverse-c,3,1048576,524288,1,3316000,2380386900277970559
normal-o3,1,8,suffix-2,4096,whitefoot,3,1048576,524288,1,2506000,2380386900277970559
normal-o3,1,8,suffix-2,4096,cpp-std-vector,3,1048576,524288,1,1705000,2380386900277970559
normal-o3,1,8,suffix-2,4096,rust-vec,3,1048576,524288,1,1347000,2380386900277970559
normal-o3,1,8,suffix-2,4096,take-swap-c,3,1048576,524288,1,3428000,2380386900277970559
normal-o3,1,8,suffix-2,4096,direct-c,4,1048576,524288,1,2215000,3944791035177294165
normal-o3,1,8,suffix-2,4096,reverse-c,4,1048576,524288,1,3343000,3944791035177294165
normal-o3,1,8,suffix-2,4096,whitefoot,4,1048576,524288,1,2382000,3944791035177294165
normal-o3,1,8,suffix-2,4096,cpp-std-vector,4,1048576,524288,1,1674000,3944791035177294165
normal-o3,1,8,suffix-2,4096,rust-vec,4,1048576,524288,1,1313000,3944791035177294165
normal-o3,1,8,suffix-2,4096,take-swap-c,4,1048576,524288,1,3236000,3944791035177294165
normal-o3,1,8,suffix-2,4096,swap-take-c,4,1048576,524288,1,2811000,3944791035177294165
normal-o3,1,8,suffix-2,4096,reverse-c,5,1048576,524288,1,3224000,5509195170076617771
normal-o3,1,8,suffix-2,4096,whitefoot,5,1048576,524288,1,2383000,5509195170076617771
normal-o3,1,8,suffix-2,4096,cpp-std-vector,5,1048576,524288,1,1635000,5509195170076617771
normal-o3,1,8,suffix-2,4096,rust-vec,5,1048576,524288,1,1321000,5509195170076617771
normal-o3,1,8,suffix-2,4096,take-swap-c,5,1048576,524288,1,3374000,5509195170076617771
normal-o3,1,8,suffix-2,4096,swap-take-c,5,1048576,524288,1,2812000,5509195170076617771
normal-o3,1,8,suffix-2,4096,direct-c,5,1048576,524288,1,1894000,5509195170076617771
normal-o3,1,8,suffix-2,4096,whitefoot,6,1048576,524288,1,2378000,7073599304975941377
normal-o3,1,8,suffix-2,4096,cpp-std-vector,6,1048576,524288,1,1686000,7073599304975941377
normal-o3,1,8,suffix-2,4096,rust-vec,6,1048576,524288,1,1308000,7073599304975941377
normal-o3,1,8,suffix-2,4096,take-swap-c,6,1048576,524288,1,3293000,7073599304975941377
normal-o3,1,8,suffix-2,4096,swap-take-c,6,1048576,524288,1,2799000,7073599304975941377
normal-o3,1,8,suffix-2,4096,direct-c,6,1048576,524288,1,3187000,7073599304975941377
normal-o3,1,8,suffix-2,4096,reverse-c,6,1048576,524288,1,3223000,7073599304975941377
normal-o3,1,8,suffix-3,16,cpp-std-vector,0,1048576,349525,1,1736000,3578158727730397437
normal-o3,1,8,suffix-3,16,rust-vec,0,1048576,349525,1,1311000,3578158727730397437
normal-o3,1,8,suffix-3,16,take-swap-c,0,1048576,349525,1,2303000,3578158727730397437
normal-o3,1,8,suffix-3,16,swap-take-c,0,1048576,349525,1,2251000,3578158727730397437
normal-o3,1,8,suffix-3,16,direct-c,0,1048576,349525,1,1310000,3578158727730397437
normal-o3,1,8,suffix-3,16,reverse-c,0,1048576,349525,1,2469000,3578158727730397437
normal-o3,1,8,suffix-3,16,whitefoot,0,1048576,349525,1,1907000,3578158727730397437
normal-o3,1,8,suffix-3,16,rust-vec,1,1048576,349525,1,1300000,10503294698975091330
normal-o3,1,8,suffix-3,16,take-swap-c,1,1048576,349525,1,2290000,10503294698975091330
normal-o3,1,8,suffix-3,16,swap-take-c,1,1048576,349525,1,2280000,10503294698975091330
normal-o3,1,8,suffix-3,16,direct-c,1,1048576,349525,1,1374000,10503294698975091330
normal-o3,1,8,suffix-3,16,reverse-c,1,1048576,349525,1,2479000,10503294698975091330
normal-o3,1,8,suffix-3,16,whitefoot,1,1048576,349525,1,1919000,10503294698975091330
normal-o3,1,8,suffix-3,16,cpp-std-vector,1,1048576,349525,1,1736000,10503294698975091330
normal-o3,1,8,suffix-3,16,take-swap-c,2,1048576,349525,1,2275000,17428430670219785223
normal-o3,1,8,suffix-3,16,swap-take-c,2,1048576,349525,1,2210000,17428430670219785223
normal-o3,1,8,suffix-3,16,direct-c,2,1048576,349525,1,1315000,17428430670219785223
normal-o3,1,8,suffix-3,16,reverse-c,2,1048576,349525,1,2477000,17428430670219785223
normal-o3,1,8,suffix-3,16,whitefoot,2,1048576,349525,1,1912000,17428430670219785223
normal-o3,1,8,suffix-3,16,cpp-std-vector,2,1048576,349525,1,1735000,17428430670219785223
normal-o3,1,8,suffix-3,16,rust-vec,2,1048576,349525,1,1300000,17428430670219785223
normal-o3,1,8,suffix-3,16,swap-take-c,3,1048576,349525,1,2405000,5906822567754927500
normal-o3,1,8,suffix-3,16,direct-c,3,1048576,349525,1,1324000,5906822567754927500
normal-o3,1,8,suffix-3,16,reverse-c,3,1048576,349525,1,2469000,5906822567754927500
normal-o3,1,8,suffix-3,16,whitefoot,3,1048576,349525,1,1907000,5906822567754927500
normal-o3,1,8,suffix-3,16,cpp-std-vector,3,1048576,349525,1,1800000,5906822567754927500
normal-o3,1,8,suffix-3,16,rust-vec,3,1048576,349525,1,1300000,5906822567754927500
normal-o3,1,8,suffix-3,16,take-swap-c,3,1048576,349525,1,2297000,5906822567754927500
normal-o3,1,8,suffix-3,16,direct-c,4,1048576,349525,1,1325000,12831958538999621393
normal-o3,1,8,suffix-3,16,reverse-c,4,1048576,349525,1,2462000,12831958538999621393
normal-o3,1,8,suffix-3,16,whitefoot,4,1048576,349525,1,1909000,12831958538999621393
normal-o3,1,8,suffix-3,16,cpp-std-vector,4,1048576,349525,1,1735000,12831958538999621393
normal-o3,1,8,suffix-3,16,rust-vec,4,1048576,349525,1,1302000,12831958538999621393
normal-o3,1,8,suffix-3,16,take-swap-c,4,1048576,349525,1,2284000,12831958538999621393
normal-o3,1,8,suffix-3,16,swap-take-c,4,1048576,349525,1,2219000,12831958538999621393
normal-o3,1,8,suffix-3,16,reverse-c,5,1048576,349525,1,2488000,1310350436534763670
normal-o3,1,8,suffix-3,16,whitefoot,5,1048576,349525,1,1952000,1310350436534763670
normal-o3,1,8,suffix-3,16,cpp-std-vector,5,1048576,349525,1,1733000,1310350436534763670
normal-o3,1,8,suffix-3,16,rust-vec,5,1048576,349525,1,1303000,1310350436534763670
normal-o3,1,8,suffix-3,16,take-swap-c,5,1048576,349525,1,2280000,1310350436534763670
normal-o3,1,8,suffix-3,16,swap-take-c,5,1048576,349525,1,2265000,1310350436534763670
normal-o3,1,8,suffix-3,16,direct-c,5,1048576,349525,1,1324000,1310350436534763670
normal-o3,1,8,suffix-3,16,whitefoot,6,1048576,349525,1,1908000,8235486407779457563
normal-o3,1,8,suffix-3,16,cpp-std-vector,6,1048576,349525,1,1733000,8235486407779457563
normal-o3,1,8,suffix-3,16,rust-vec,6,1048576,349525,1,1329000,8235486407779457563
normal-o3,1,8,suffix-3,16,take-swap-c,6,1048576,349525,1,2285000,8235486407779457563
normal-o3,1,8,suffix-3,16,swap-take-c,6,1048576,349525,1,2173000,8235486407779457563
normal-o3,1,8,suffix-3,16,direct-c,6,1048576,349525,1,1333000,8235486407779457563
normal-o3,1,8,suffix-3,16,reverse-c,6,1048576,349525,1,2477000,8235486407779457563
normal-o3,1,8,suffix-3,256,cpp-std-vector,0,1048576,349525,1,1736000,17932052123014486501
normal-o3,1,8,suffix-3,256,rust-vec,0,1048576,349525,1,1303000,17932052123014486501
normal-o3,1,8,suffix-3,256,take-swap-c,0,1048576,349525,1,2302000,17932052123014486501
normal-o3,1,8,suffix-3,256,swap-take-c,0,1048576,349525,1,2253000,17932052123014486501
normal-o3,1,8,suffix-3,256,direct-c,0,1048576,349525,1,1377000,17932052123014486501
normal-o3,1,8,suffix-3,256,reverse-c,0,1048576,349525,1,2569000,17932052123014486501
normal-o3,1,8,suffix-3,256,whitefoot,0,1048576,349525,1,1947000,17932052123014486501
normal-o3,1,8,suffix-3,256,rust-vec,1,1048576,349525,1,1317000,6179702327257408202
normal-o3,1,8,suffix-3,256,take-swap-c,1,1048576,349525,1,2370000,6179702327257408202
normal-o3,1,8,suffix-3,256,swap-take-c,1,1048576,349525,1,2235000,6179702327257408202
normal-o3,1,8,suffix-3,256,direct-c,1,1048576,349525,1,1387000,6179702327257408202
normal-o3,1,8,suffix-3,256,reverse-c,1,1048576,349525,1,2657000,6179702327257408202
normal-o3,1,8,suffix-3,256,whitefoot,1,1048576,349525,1,1936000,6179702327257408202
normal-o3,1,8,suffix-3,256,cpp-std-vector,1,1048576,349525,1,1749000,6179702327257408202
normal-o3,1,8,suffix-3,256,take-swap-c,2,1048576,349525,1,2317000,12874096605209881519
normal-o3,1,8,suffix-3,256,swap-take-c,2,1048576,349525,1,2617000,12874096605209881519
normal-o3,1,8,suffix-3,256,direct-c,2,1048576,349525,1,1376000,12874096605209881519
normal-o3,1,8,suffix-3,256,reverse-c,2,1048576,349525,1,2569000,12874096605209881519
normal-o3,1,8,suffix-3,256,whitefoot,2,1048576,349525,1,1924000,12874096605209881519
normal-o3,1,8,suffix-3,256,cpp-std-vector,2,1048576,349525,1,1745000,12874096605209881519
normal-o3,1,8,suffix-3,256,rust-vec,2,1048576,349525,1,1313000,12874096605209881519
normal-o3,1,8,suffix-3,256,swap-take-c,3,1048576,349525,1,2273000,1121746809452803220
normal-o3,1,8,suffix-3,256,direct-c,3,1048576,349525,1,1378000,1121746809452803220
normal-o3,1,8,suffix-3,256,reverse-c,3,1048576,349525,1,2597000,1121746809452803220
normal-o3,1,8,suffix-3,256,whitefoot,3,1048576,349525,1,1938000,1121746809452803220
normal-o3,1,8,suffix-3,256,cpp-std-vector,3,1048576,349525,1,1743000,1121746809452803220
normal-o3,1,8,suffix-3,256,rust-vec,3,1048576,349525,1,1303000,1121746809452803220
normal-o3,1,8,suffix-3,256,take-swap-c,3,1048576,349525,1,2320000,1121746809452803220
normal-o3,1,8,suffix-3,256,direct-c,4,1048576,349525,1,1402000,7816141087405276537
normal-o3,1,8,suffix-3,256,reverse-c,4,1048576,349525,1,2558000,7816141087405276537
normal-o3,1,8,suffix-3,256,whitefoot,4,1048576,349525,1,1921000,7816141087405276537
normal-o3,1,8,suffix-3,256,cpp-std-vector,4,1048576,349525,1,1745000,7816141087405276537
normal-o3,1,8,suffix-3,256,rust-vec,4,1048576,349525,1,1303000,7816141087405276537
normal-o3,1,8,suffix-3,256,take-swap-c,4,1048576,349525,1,2322000,7816141087405276537
normal-o3,1,8,suffix-3,256,swap-take-c,4,1048576,349525,1,2254000,7816141087405276537
normal-o3,1,8,suffix-3,256,reverse-c,5,1048576,349525,1,2557000,14510535365357749854
normal-o3,1,8,suffix-3,256,whitefoot,5,1048576,349525,1,1921000,14510535365357749854
normal-o3,1,8,suffix-3,256,cpp-std-vector,5,1048576,349525,1,1750000,14510535365357749854
normal-o3,1,8,suffix-3,256,rust-vec,5,1048576,349525,1,1314000,14510535365357749854
normal-o3,1,8,suffix-3,256,take-swap-c,5,1048576,349525,1,2455000,14510535365357749854
normal-o3,1,8,suffix-3,256,swap-take-c,5,1048576,349525,1,2273000,14510535365357749854
normal-o3,1,8,suffix-3,256,direct-c,5,1048576,349525,1,1369000,14510535365357749854
normal-o3,1,8,suffix-3,256,whitefoot,6,1048576,349525,1,1926000,2758185569600671555
normal-o3,1,8,suffix-3,256,cpp-std-vector,6,1048576,349525,1,1750000,2758185569600671555
normal-o3,1,8,suffix-3,256,rust-vec,6,1048576,349525,1,1319000,2758185569600671555
normal-o3,1,8,suffix-3,256,take-swap-c,6,1048576,349525,1,2421000,2758185569600671555
normal-o3,1,8,suffix-3,256,swap-take-c,6,1048576,349525,1,2205000,2758185569600671555
normal-o3,1,8,suffix-3,256,direct-c,6,1048576,349525,1,1375000,2758185569600671555
normal-o3,1,8,suffix-3,256,reverse-c,6,1048576,349525,1,2556000,2758185569600671555
normal-o3,1,8,suffix-3,4096,cpp-std-vector,0,1048576,349525,1,1751000,13042235847276202085
normal-o3,1,8,suffix-3,4096,rust-vec,0,1048576,349525,1,1308000,13042235847276202085
normal-o3,1,8,suffix-3,4096,take-swap-c,0,1048576,349525,1,2384000,13042235847276202085
normal-o3,1,8,suffix-3,4096,swap-take-c,0,1048576,349525,1,2240000,13042235847276202085
normal-o3,1,8,suffix-3,4096,direct-c,0,1048576,349525,1,1383000,13042235847276202085
normal-o3,1,8,suffix-3,4096,reverse-c,0,1048576,349525,1,2600000,13042235847276202085
normal-o3,1,8,suffix-3,4096,whitefoot,0,1048576,349525,1,1937000,13042235847276202085
normal-o3,1,8,suffix-3,4096,rust-vec,1,1048576,349525,1,1305000,12907392256605062986
normal-o3,1,8,suffix-3,4096,take-swap-c,1,1048576,349525,1,2428000,12907392256605062986
normal-o3,1,8,suffix-3,4096,swap-take-c,1,1048576,349525,1,2317000,12907392256605062986
normal-o3,1,8,suffix-3,4096,direct-c,1,1048576,349525,1,1390000,12907392256605062986
normal-o3,1,8,suffix-3,4096,reverse-c,1,1048576,349525,1,2566000,12907392256605062986
normal-o3,1,8,suffix-3,4096,whitefoot,1,1048576,349525,1,1933000,12907392256605062986
normal-o3,1,8,suffix-3,4096,cpp-std-vector,1,1048576,349525,1,1741000,12907392256605062986
normal-o3,1,8,suffix-3,4096,take-swap-c,2,1048576,349525,1,2450000,12772548665933923887
normal-o3,1,8,suffix-3,4096,swap-take-c,2,1048576,349525,1,2339000,12772548665933923887
normal-o3,1,8,suffix-3,4096,direct-c,2,1048576,349525,1,1429000,12772548665933923887
normal-o3,1,8,suffix-3,4096,reverse-c,2,1048576,349525,1,2646000,12772548665933923887
normal-o3,1,8,suffix-3,4096,whitefoot,2,1048576,349525,1,1976000,12772548665933923887
normal-o3,1,8,suffix-3,4096,cpp-std-vector,2,1048576,349525,1,1794000,12772548665933923887
normal-o3,1,8,suffix-3,4096,rust-vec,2,1048576,349525,1,1355000,12772548665933923887
normal-o3,1,8,suffix-3,4096,swap-take-c,3,1048576,349525,1,2356000,12637705075262784788
normal-o3,1,8,suffix-3,4096,direct-c,3,1048576,349525,1,1487000,12637705075262784788
normal-o3,1,8,suffix-3,4096,reverse-c,3,1048576,349525,1,2710000,12637705075262784788
normal-o3,1,8,suffix-3,4096,whitefoot,3,1048576,349525,1,2067000,12637705075262784788
normal-o3,1,8,suffix-3,4096,cpp-std-vector,3,1048576,349525,1,1892000,12637705075262784788
normal-o3,1,8,suffix-3,4096,rust-vec,3,1048576,349525,1,1367000,12637705075262784788
normal-o3,1,8,suffix-3,4096,take-swap-c,3,1048576,349525,1,2479000,12637705075262784788
normal-o3,1,8,suffix-3,4096,direct-c,4,1048576,349525,1,1438000,12502861484591645689
normal-o3,1,8,suffix-3,4096,reverse-c,4,1048576,349525,1,2686000,12502861484591645689
normal-o3,1,8,suffix-3,4096,whitefoot,4,1048576,349525,1,2080000,12502861484591645689
normal-o3,1,8,suffix-3,4096,cpp-std-vector,4,1048576,349525,1,1825000,12502861484591645689
normal-o3,1,8,suffix-3,4096,rust-vec,4,1048576,349525,1,1349000,12502861484591645689
normal-o3,1,8,suffix-3,4096,take-swap-c,4,1048576,349525,1,2535000,12502861484591645689
normal-o3,1,8,suffix-3,4096,swap-take-c,4,1048576,349525,1,2421000,12502861484591645689
normal-o3,1,8,suffix-3,4096,reverse-c,5,1048576,349525,1,2685000,12368017893920506590
normal-o3,1,8,suffix-3,4096,whitefoot,5,1048576,349525,1,2063000,12368017893920506590
normal-o3,1,8,suffix-3,4096,cpp-std-vector,5,1048576,349525,1,1834000,12368017893920506590
normal-o3,1,8,suffix-3,4096,rust-vec,5,1048576,349525,1,1350000,12368017893920506590
normal-o3,1,8,suffix-3,4096,take-swap-c,5,1048576,349525,1,2506000,12368017893920506590
normal-o3,1,8,suffix-3,4096,swap-take-c,5,1048576,349525,1,2447000,12368017893920506590
normal-o3,1,8,suffix-3,4096,direct-c,5,1048576,349525,1,1446000,12368017893920506590
normal-o3,1,8,suffix-3,4096,whitefoot,6,1048576,349525,1,2015000,12233174303249367491
normal-o3,1,8,suffix-3,4096,cpp-std-vector,6,1048576,349525,1,1850000,12233174303249367491
normal-o3,1,8,suffix-3,4096,rust-vec,6,1048576,349525,1,1319000,12233174303249367491
normal-o3,1,8,suffix-3,4096,take-swap-c,6,1048576,349525,1,2424000,12233174303249367491
normal-o3,1,8,suffix-3,4096,swap-take-c,6,1048576,349525,1,2295000,12233174303249367491
normal-o3,1,8,suffix-3,4096,direct-c,6,1048576,349525,1,1393000,12233174303249367491
normal-o3,1,8,suffix-3,4096,reverse-c,6,1048576,349525,1,2712000,12233174303249367491
normal-o3,1,256,reserved,16,cpp-std-vector,0,1048576,65536,1,44509000,16095999890136793189
normal-o3,1,256,reserved,16,rust-vec,0,1048576,65536,1,41493000,16095999890136793189
normal-o3,1,256,reserved,16,take-swap-c,0,1048576,65536,1,46077000,16095999890136793189
normal-o3,1,256,reserved,16,swap-take-c,0,1048576,65536,1,49675000,16095999890136793189
normal-o3,1,256,reserved,16,direct-c,0,1048576,65536,1,46378000,16095999890136793189
normal-o3,1,256,reserved,16,reverse-c,0,1048576,65536,1,50314000,16095999890136793189
normal-o3,1,256,reserved,16,whitefoot,0,1048576,65536,1,43316000,16095999890136793189
normal-o3,1,256,reserved,16,rust-vec,1,1048576,65536,1,41417000,10905710204835692646
normal-o3,1,256,reserved,16,take-swap-c,1,1048576,65536,1,46784000,10905710204835692646
normal-o3,1,256,reserved,16,swap-take-c,1,1048576,65536,1,49602000,10905710204835692646
normal-o3,1,256,reserved,16,direct-c,1,1048576,65536,1,45816000,10905710204835692646
normal-o3,1,256,reserved,16,reverse-c,1,1048576,65536,1,50264000,10905710204835692646
normal-o3,1,256,reserved,16,whitefoot,1,1048576,65536,1,43271000,10905710204835692646
normal-o3,1,256,reserved,16,cpp-std-vector,1,1048576,65536,1,44367000,10905710204835692646
normal-o3,1,256,reserved,16,take-swap-c,2,1048576,65536,1,46083000,1136678281099509863
normal-o3,1,256,reserved,16,swap-take-c,2,1048576,65536,1,51585000,1136678281099509863
normal-o3,1,256,reserved,16,direct-c,2,1048576,65536,1,46679000,1136678281099509863
normal-o3,1,256,reserved,16,reverse-c,2,1048576,65536,1,52537000,1136678281099509863
normal-o3,1,256,reserved,16,whitefoot,2,1048576,65536,1,44588000,1136678281099509863
normal-o3,1,256,reserved,16,cpp-std-vector,2,1048576,65536,1,44305000,1136678281099509863
normal-o3,1,256,reserved,16,rust-vec,2,1048576,65536,1,41453000,1136678281099509863
normal-o3,1,256,reserved,16,swap-take-c,3,1048576,65536,1,49516000,1916000061831479400
normal-o3,1,256,reserved,16,direct-c,3,1048576,65536,1,45846000,1916000061831479400
normal-o3,1,256,reserved,16,reverse-c,3,1048576,65536,1,50330000,1916000061831479400
normal-o3,1,256,reserved,16,whitefoot,3,1048576,65536,1,43430000,1916000061831479400
normal-o3,1,256,reserved,16,cpp-std-vector,3,1048576,65536,1,44219000,1916000061831479400
normal-o3,1,256,reserved,16,rust-vec,3,1048576,65536,1,41494000,1916000061831479400
normal-o3,1,256,reserved,16,take-swap-c,3,1048576,65536,1,46183000,1916000061831479400
normal-o3,1,256,reserved,16,direct-c,4,1048576,65536,1,45759000,317124334665105513
normal-o3,1,256,reserved,16,reverse-c,4,1048576,65536,1,50189000,317124334665105513
normal-o3,1,256,reserved,16,whitefoot,4,1048576,65536,1,43418000,317124334665105513
normal-o3,1,256,reserved,16,cpp-std-vector,4,1048576,65536,1,44436000,317124334665105513
normal-o3,1,256,reserved,16,rust-vec,4,1048576,65536,1,42000000,317124334665105513
normal-o3,1,256,reserved,16,take-swap-c,4,1048576,65536,1,46495000,317124334665105513
normal-o3,1,256,reserved,16,swap-take-c,4,1048576,65536,1,49706000,317124334665105513
normal-o3,1,256,reserved,16,reverse-c,5,1048576,65536,1,50670000,16344508304658628714
normal-o3,1,256,reserved,16,whitefoot,5,1048576,65536,1,45177000,16344508304658628714
normal-o3,1,256,reserved,16,cpp-std-vector,5,1048576,65536,1,46612000,16344508304658628714
normal-o3,1,256,reserved,16,rust-vec,5,1048576,65536,1,41766000,16344508304658628714
normal-o3,1,256,reserved,16,take-swap-c,5,1048576,65536,1,46617000,16344508304658628714
normal-o3,1,256,reserved,16,swap-take-c,5,1048576,65536,1,49831000,16344508304658628714
normal-o3,1,256,reserved,16,direct-c,5,1048576,65536,1,45757000,16344508304658628714
normal-o3,1,256,reserved,16,whitefoot,6,1048576,65536,1,43389000,17728104047323021419
normal-o3,1,256,reserved,16,cpp-std-vector,6,1048576,65536,1,44362000,17728104047323021419
normal-o3,1,256,reserved,16,rust-vec,6,1048576,65536,1,41483000,17728104047323021419
normal-o3,1,256,reserved,16,take-swap-c,6,1048576,65536,1,46063000,17728104047323021419
normal-o3,1,256,reserved,16,swap-take-c,6,1048576,65536,1,49633000,17728104047323021419
normal-o3,1,256,reserved,16,direct-c,6,1048576,65536,1,45839000,17728104047323021419
normal-o3,1,256,reserved,16,reverse-c,6,1048576,65536,1,50204000,17728104047323021419
normal-o3,1,256,reserved,256,cpp-std-vector,0,1048576,4096,1,41846000,5774473182449584229
normal-o3,1,256,reserved,256,rust-vec,0,1048576,4096,1,39038000,5774473182449584229
normal-o3,1,256,reserved,256,take-swap-c,0,1048576,4096,1,41768000,5774473182449584229
normal-o3,1,256,reserved,256,swap-take-c,0,1048576,4096,1,43620000,5774473182449584229
normal-o3,1,256,reserved,256,direct-c,0,1048576,4096,1,41113000,5774473182449584229
normal-o3,1,256,reserved,256,reverse-c,0,1048576,4096,1,46621000,5774473182449584229
normal-o3,1,256,reserved,256,whitefoot,0,1048576,4096,1,39319000,5774473182449584229
normal-o3,1,256,reserved,256,rust-vec,1,1048576,4096,1,40870000,730816566922926182
normal-o3,1,256,reserved,256,take-swap-c,1,1048576,4096,1,42404000,730816566922926182
normal-o3,1,256,reserved,256,swap-take-c,1,1048576,4096,1,43725000,730816566922926182
normal-o3,1,256,reserved,256,direct-c,1,1048576,4096,1,41346000,730816566922926182
normal-o3,1,256,reserved,256,reverse-c,1,1048576,4096,1,46845000,730816566922926182
normal-o3,1,256,reserved,256,whitefoot,1,1048576,4096,1,39744000,730816566922926182
normal-o3,1,256,reserved,256,cpp-std-vector,1,1048576,4096,1,41724000,730816566922926182
normal-o3,1,256,reserved,256,take-swap-c,2,1048576,4096,1,41410000,3951699326411303015
normal-o3,1,256,reserved,256,swap-take-c,2,1048576,4096,1,43863000,3951699326411303015
normal-o3,1,256,reserved,256,direct-c,2,1048576,4096,1,41143000,3951699326411303015
normal-o3,1,256,reserved,256,reverse-c,2,1048576,4096,1,46978000,3951699326411303015
normal-o3,1,256,reserved,256,whitefoot,2,1048576,4096,1,39305000,3951699326411303015
normal-o3,1,256,reserved,256,cpp-std-vector,2,1048576,4096,1,41851000,3951699326411303015
normal-o3,1,256,reserved,256,rust-vec,2,1048576,4096,1,39257000,3951699326411303015
normal-o3,1,256,reserved,256,swap-take-c,3,1048576,4096,1,43718000,4669976213855500392
normal-o3,1,256,reserved,256,direct-c,3,1048576,4096,1,41345000,4669976213855500392
normal-o3,1,256,reserved,256,reverse-c,3,1048576,4096,1,46805000,4669976213855500392
normal-o3,1,256,reserved,256,whitefoot,3,1048576,4096,1,39259000,4669976213855500392
normal-o3,1,256,reserved,256,cpp-std-vector,3,1048576,4096,1,41780000,4669976213855500392
normal-o3,1,256,reserved,256,rust-vec,3,1048576,4096,1,39108000,4669976213855500392
normal-o3,1,256,reserved,256,take-swap-c,3,1048576,4096,1,41513000,4669976213855500392
normal-o3,1,256,reserved,256,direct-c,4,1048576,4096,1,41955000,4748812814999455849
normal-o3,1,256,reserved,256,reverse-c,4,1048576,4096,1,48282000,4748812814999455849
normal-o3,1,256,reserved,256,whitefoot,4,1048576,4096,1,39226000,4748812814999455849
normal-o3,1,256,reserved,256,cpp-std-vector,4,1048576,4096,1,41801000,4748812814999455849
normal-o3,1,256,reserved,256,rust-vec,4,1048576,4096,1,39071000,4748812814999455849
normal-o3,1,256,reserved,256,take-swap-c,4,1048576,4096,1,41426000,4748812814999455849
normal-o3,1,256,reserved,256,swap-take-c,4,1048576,4096,1,44209000,4748812814999455849
normal-o3,1,256,reserved,256,reverse-c,5,1048576,4096,1,47472000,9617966251147630698
normal-o3,1,256,reserved,256,whitefoot,5,1048576,4096,1,39304000,9617966251147630698
normal-o3,1,256,reserved,256,cpp-std-vector,5,1048576,4096,1,41786000,9617966251147630698
normal-o3,1,256,reserved,256,rust-vec,5,1048576,4096,1,39002000,9617966251147630698
normal-o3,1,256,reserved,256,take-swap-c,5,1048576,4096,1,42256000,9617966251147630698
normal-o3,1,256,reserved,256,swap-take-c,5,1048576,4096,1,46040000,9617966251147630698
normal-o3,1,256,reserved,256,direct-c,5,1048576,4096,1,43648000,9617966251147630698
normal-o3,1,256,reserved,256,whitefoot,6,1048576,4096,1,39261000,14780350119149938795
normal-o3,1,256,reserved,256,cpp-std-vector,6,1048576,4096,1,41807000,14780350119149938795
normal-o3,1,256,reserved,256,rust-vec,6,1048576,4096,1,39070000,14780350119149938795
normal-o3,1,256,reserved,256,take-swap-c,6,1048576,4096,1,41574000,14780350119149938795
normal-o3,1,256,reserved,256,swap-take-c,6,1048576,4096,1,43630000,14780350119149938795
normal-o3,1,256,reserved,256,direct-c,6,1048576,4096,1,41157000,14780350119149938795
normal-o3,1,256,reserved,256,reverse-c,6,1048576,4096,1,46675000,14780350119149938795
normal-o3,1,256,reserved,4096,cpp-std-vector,0,1048576,256,1,44913000,7990118519889974501
normal-o3,1,256,reserved,4096,rust-vec,0,1048576,256,1,41795000,7990118519889974501
normal-o3,1,256,reserved,4096,take-swap-c,0,1048576,256,1,43104000,7990118519889974501
normal-o3,1,256,reserved,4096,swap-take-c,0,1048576,256,1,45164000,7990118519889974501
normal-o3,1,256,reserved,4096,direct-c,0,1048576,256,1,42922000,7990118519889974501
normal-o3,1,256,reserved,4096,reverse-c,0,1048576,256,1,49392000,7990118519889974501
normal-o3,1,256,reserved,4096,whitefoot,0,1048576,256,1,40728000,7990118519889974501
normal-o3,1,256,reserved,4096,rust-vec,1,1048576,256,1,41673000,10660244701728609766
normal-o3,1,256,reserved,4096,take-swap-c,1,1048576,256,1,43117000,10660244701728609766
normal-o3,1,256,reserved,4096,swap-take-c,1,1048576,256,1,45145000,10660244701728609766
normal-o3,1,256,reserved,4096,direct-c,1,1048576,256,1,42901000,10660244701728609766
normal-o3,1,256,reserved,4096,reverse-c,1,1048576,256,1,50014000,10660244701728609766
normal-o3,1,256,reserved,4096,whitefoot,1,1048576,256,1,40767000,10660244701728609766
normal-o3,1,256,reserved,4096,cpp-std-vector,1,1048576,256,1,43480000,10660244701728609766
normal-o3,1,256,reserved,4096,take-swap-c,2,1048576,256,1,43123000,3495536164771485415
normal-o3,1,256,reserved,4096,swap-take-c,2,1048576,256,1,45195000,3495536164771485415
normal-o3,1,256,reserved,4096,direct-c,2,1048576,256,1,42953000,3495536164771485415
normal-o3,1,256,reserved,4096,reverse-c,2,1048576,256,1,49545000,3495536164771485415
normal-o3,1,256,reserved,4096,whitefoot,2,1048576,256,1,40778000,3495536164771485415
normal-o3,1,256,reserved,4096,cpp-std-vector,2,1048576,256,1,43502000,3495536164771485415
normal-o3,1,256,reserved,4096,rust-vec,2,1048576,256,1,40796000,3495536164771485415
normal-o3,1,256,reserved,4096,swap-take-c,3,1048576,256,1,46412000,15148529761215748072
normal-o3,1,256,reserved,4096,direct-c,3,1048576,256,1,42949000,15148529761215748072
normal-o3,1,256,reserved,4096,reverse-c,3,1048576,256,1,49577000,15148529761215748072
normal-o3,1,256,reserved,4096,whitefoot,3,1048576,256,1,40728000,15148529761215748072
normal-o3,1,256,reserved,4096,cpp-std-vector,3,1048576,256,1,43723000,15148529761215748072
normal-o3,1,256,reserved,4096,rust-vec,3,1048576,256,1,40986000,15148529761215748072
normal-o3,1,256,reserved,4096,take-swap-c,3,1048576,256,1,43207000,15148529761215748072
normal-o3,1,256,reserved,4096,direct-c,4,1048576,256,1,42984000,9298652180223940841
normal-o3,1,256,reserved,4096,reverse-c,4,1048576,256,1,50352000,9298652180223940841
normal-o3,1,256,reserved,4096,whitefoot,4,1048576,256,1,40836000,9298652180223940841
normal-o3,1,256,reserved,4096,cpp-std-vector,4,1048576,256,1,43592000,9298652180223940841
normal-o3,1,256,reserved,4096,rust-vec,4,1048576,256,1,42091000,9298652180223940841
normal-o3,1,256,reserved,4096,take-swap-c,4,1048576,256,1,45180000,9298652180223940841
normal-o3,1,256,reserved,4096,swap-take-c,4,1048576,256,1,46577000,9298652180223940841
normal-o3,1,256,reserved,4096,reverse-c,5,1048576,256,1,49591000,8375064059273222634
normal-o3,1,256,reserved,4096,whitefoot,5,1048576,256,1,40699000,8375064059273222634
normal-o3,1,256,reserved,4096,cpp-std-vector,5,1048576,256,1,43903000,8375064059273222634
normal-o3,1,256,reserved,4096,rust-vec,5,1048576,256,1,40957000,8375064059273222634
normal-o3,1,256,reserved,4096,take-swap-c,5,1048576,256,1,43336000,8375064059273222634
normal-o3,1,256,reserved,4096,swap-take-c,5,1048576,256,1,45624000,8375064059273222634
normal-o3,1,256,reserved,4096,direct-c,5,1048576,256,1,43146000,8375064059273222634
normal-o3,1,256,reserved,4096,whitefoot,6,1048576,256,1,41545000,18409727464639388395
normal-o3,1,256,reserved,4096,cpp-std-vector,6,1048576,256,1,43685000,18409727464639388395
normal-o3,1,256,reserved,4096,rust-vec,6,1048576,256,1,40937000,18409727464639388395
normal-o3,1,256,reserved,4096,take-swap-c,6,1048576,256,1,43326000,18409727464639388395
normal-o3,1,256,reserved,4096,swap-take-c,6,1048576,256,1,45202000,18409727464639388395
normal-o3,1,256,reserved,4096,direct-c,6,1048576,256,1,42933000,18409727464639388395
normal-o3,1,256,reserved,4096,reverse-c,6,1048576,256,1,49580000,18409727464639388395
normal-o3,1,256,growth,16,cpp-std-vector,0,1048576,65536,1,60264000,16095999890136793189
normal-o3,1,256,growth,16,rust-vec,0,1048576,65536,1,56367000,16095999890136793189
normal-o3,1,256,growth,16,take-swap-c,0,1048576,65536,1,62728000,16095999890136793189
normal-o3,1,256,growth,16,swap-take-c,0,1048576,65536,1,66438000,16095999890136793189
normal-o3,1,256,growth,16,direct-c,0,1048576,65536,1,61931000,16095999890136793189
normal-o3,1,256,growth,16,reverse-c,0,1048576,65536,1,66632000,16095999890136793189
normal-o3,1,256,growth,16,whitefoot,0,1048576,65536,1,59863000,16095999890136793189
normal-o3,1,256,growth,16,rust-vec,1,1048576,65536,1,56021000,10905710204835692646
normal-o3,1,256,growth,16,take-swap-c,1,1048576,65536,1,62845000,10905710204835692646
normal-o3,1,256,growth,16,swap-take-c,1,1048576,65536,1,68513000,10905710204835692646
normal-o3,1,256,growth,16,direct-c,1,1048576,65536,1,62032000,10905710204835692646
normal-o3,1,256,growth,16,reverse-c,1,1048576,65536,1,66931000,10905710204835692646
normal-o3,1,256,growth,16,whitefoot,1,1048576,65536,1,60012000,10905710204835692646
normal-o3,1,256,growth,16,cpp-std-vector,1,1048576,65536,1,59421000,10905710204835692646
normal-o3,1,256,growth,16,take-swap-c,2,1048576,65536,1,62721000,1136678281099509863
normal-o3,1,256,growth,16,swap-take-c,2,1048576,65536,1,66790000,1136678281099509863
normal-o3,1,256,growth,16,direct-c,2,1048576,65536,1,62645000,1136678281099509863
normal-o3,1,256,growth,16,reverse-c,2,1048576,65536,1,66679000,1136678281099509863
normal-o3,1,256,growth,16,whitefoot,2,1048576,65536,1,59912000,1136678281099509863
normal-o3,1,256,growth,16,cpp-std-vector,2,1048576,65536,1,59439000,1136678281099509863
normal-o3,1,256,growth,16,rust-vec,2,1048576,65536,1,56132000,1136678281099509863
normal-o3,1,256,growth,16,swap-take-c,3,1048576,65536,1,66455000,1916000061831479400
normal-o3,1,256,growth,16,direct-c,3,1048576,65536,1,61853000,1916000061831479400
normal-o3,1,256,growth,16,reverse-c,3,1048576,65536,1,68294000,1916000061831479400
normal-o3,1,256,growth,16,whitefoot,3,1048576,65536,1,61604000,1916000061831479400
normal-o3,1,256,growth,16,cpp-std-vector,3,1048576,65536,1,59465000,1916000061831479400
normal-o3,1,256,growth,16,rust-vec,3,1048576,65536,1,56336000,1916000061831479400
normal-o3,1,256,growth,16,take-swap-c,3,1048576,65536,1,62675000,1916000061831479400
normal-o3,1,256,growth,16,direct-c,4,1048576,65536,1,61820000,317124334665105513
normal-o3,1,256,growth,16,reverse-c,4,1048576,65536,1,71540000,317124334665105513
normal-o3,1,256,growth,16,whitefoot,4,1048576,65536,1,60052000,317124334665105513
normal-o3,1,256,growth,16,cpp-std-vector,4,1048576,65536,1,60544000,317124334665105513
normal-o3,1,256,growth,16,rust-vec,4,1048576,65536,1,58326000,317124334665105513
normal-o3,1,256,growth,16,take-swap-c,4,1048576,65536,1,62551000,317124334665105513
normal-o3,1,256,growth,16,swap-take-c,4,1048576,65536,1,65992000,317124334665105513
normal-o3,1,256,growth,16,reverse-c,5,1048576,65536,1,66620000,16344508304658628714
normal-o3,1,256,growth,16,whitefoot,5,1048576,65536,1,59894000,16344508304658628714
normal-o3,1,256,growth,16,cpp-std-vector,5,1048576,65536,1,59434000,16344508304658628714
normal-o3,1,256,growth,16,rust-vec,5,1048576,65536,1,59023000,16344508304658628714
normal-o3,1,256,growth,16,take-swap-c,5,1048576,65536,1,64997000,16344508304658628714
normal-o3,1,256,growth,16,swap-take-c,5,1048576,65536,1,67551000,16344508304658628714
normal-o3,1,256,growth,16,direct-c,5,1048576,65536,1,62150000,16344508304658628714
normal-o3,1,256,growth,16,whitefoot,6,1048576,65536,1,59842000,17728104047323021419
normal-o3,1,256,growth,16,cpp-std-vector,6,1048576,65536,1,59465000,17728104047323021419
normal-o3,1,256,growth,16,rust-vec,6,1048576,65536,1,56131000,17728104047323021419
normal-o3,1,256,growth,16,take-swap-c,6,1048576,65536,1,62719000,17728104047323021419
normal-o3,1,256,growth,16,swap-take-c,6,1048576,65536,1,66389000,17728104047323021419
normal-o3,1,256,growth,16,direct-c,6,1048576,65536,1,62172000,17728104047323021419
normal-o3,1,256,growth,16,reverse-c,6,1048576,65536,1,67336000,17728104047323021419
normal-o3,1,256,growth,256,cpp-std-vector,0,1048576,4096,1,55676000,5774473182449584229
normal-o3,1,256,growth,256,rust-vec,0,1048576,4096,1,45293000,5774473182449584229
normal-o3,1,256,growth,256,take-swap-c,0,1048576,4096,1,54407000,5774473182449584229
normal-o3,1,256,growth,256,swap-take-c,0,1048576,4096,1,56880000,5774473182449584229
normal-o3,1,256,growth,256,direct-c,0,1048576,4096,1,54663000,5774473182449584229
normal-o3,1,256,growth,256,reverse-c,0,1048576,4096,1,61843000,5774473182449584229
normal-o3,1,256,growth,256,whitefoot,0,1048576,4096,1,52035000,5774473182449584229
normal-o3,1,256,growth,256,rust-vec,1,1048576,4096,1,45542000,730816566922926182
normal-o3,1,256,growth,256,take-swap-c,1,1048576,4096,1,54661000,730816566922926182
normal-o3,1,256,growth,256,swap-take-c,1,1048576,4096,1,56936000,730816566922926182
normal-o3,1,256,growth,256,direct-c,1,1048576,4096,1,54021000,730816566922926182
normal-o3,1,256,growth,256,reverse-c,1,1048576,4096,1,60385000,730816566922926182
normal-o3,1,256,growth,256,whitefoot,1,1048576,4096,1,51796000,730816566922926182
normal-o3,1,256,growth,256,cpp-std-vector,1,1048576,4096,1,56137000,730816566922926182
normal-o3,1,256,growth,256,take-swap-c,2,1048576,4096,1,55567000,3951699326411303015
normal-o3,1,256,growth,256,swap-take-c,2,1048576,4096,1,57986000,3951699326411303015
normal-o3,1,256,growth,256,direct-c,2,1048576,4096,1,55022000,3951699326411303015
normal-o3,1,256,growth,256,reverse-c,2,1048576,4096,1,60515000,3951699326411303015
normal-o3,1,256,growth,256,whitefoot,2,1048576,4096,1,52000000,3951699326411303015
normal-o3,1,256,growth,256,cpp-std-vector,2,1048576,4096,1,55434000,3951699326411303015
normal-o3,1,256,growth,256,rust-vec,2,1048576,4096,1,45515000,3951699326411303015
normal-o3,1,256,growth,256,swap-take-c,3,1048576,4096,1,57332000,4669976213855500392
normal-o3,1,256,growth,256,direct-c,3,1048576,4096,1,54633000,4669976213855500392
normal-o3,1,256,growth,256,reverse-c,3,1048576,4096,1,62238000,4669976213855500392
normal-o3,1,256,growth,256,whitefoot,3,1048576,4096,1,51957000,4669976213855500392
normal-o3,1,256,growth,256,cpp-std-vector,3,1048576,4096,1,55350000,4669976213855500392
normal-o3,1,256,growth,256,rust-vec,3,1048576,4096,1,45375000,4669976213855500392
normal-o3,1,256,growth,256,take-swap-c,3,1048576,4096,1,54480000,4669976213855500392
normal-o3,1,256,growth,256,direct-c,4,1048576,4096,1,54083000,4748812814999455849
normal-o3,1,256,growth,256,reverse-c,4,1048576,4096,1,60389000,4748812814999455849
normal-o3,1,256,growth,256,whitefoot,4,1048576,4096,1,51783000,4748812814999455849
normal-o3,1,256,growth,256,cpp-std-vector,4,1048576,4096,1,55292000,4748812814999455849
normal-o3,1,256,growth,256,rust-vec,4,1048576,4096,1,45362000,4748812814999455849
normal-o3,1,256,growth,256,take-swap-c,4,1048576,4096,1,54761000,4748812814999455849
normal-o3,1,256,growth,256,swap-take-c,4,1048576,4096,1,58343000,4748812814999455849
normal-o3,1,256,growth,256,reverse-c,5,1048576,4096,1,60472000,9617966251147630698
normal-o3,1,256,growth,256,whitefoot,5,1048576,4096,1,52057000,9617966251147630698
normal-o3,1,256,growth,256,cpp-std-vector,5,1048576,4096,1,55312000,9617966251147630698
normal-o3,1,256,growth,256,rust-vec,5,1048576,4096,1,47268000,9617966251147630698
normal-o3,1,256,growth,256,take-swap-c,5,1048576,4096,1,55456000,9617966251147630698
normal-o3,1,256,growth,256,swap-take-c,5,1048576,4096,1,57485000,9617966251147630698
normal-o3,1,256,growth,256,direct-c,5,1048576,4096,1,54368000,9617966251147630698
normal-o3,1,256,growth,256,whitefoot,6,1048576,4096,1,52016000,14780350119149938795
normal-o3,1,256,growth,256,cpp-std-vector,6,1048576,4096,1,55290000,14780350119149938795
normal-o3,1,256,growth,256,rust-vec,6,1048576,4096,1,45400000,14780350119149938795
normal-o3,1,256,growth,256,take-swap-c,6,1048576,4096,1,54369000,14780350119149938795
normal-o3,1,256,growth,256,swap-take-c,6,1048576,4096,1,57078000,14780350119149938795
normal-o3,1,256,growth,256,direct-c,6,1048576,4096,1,53982000,14780350119149938795
normal-o3,1,256,growth,256,reverse-c,6,1048576,4096,1,60240000,14780350119149938795
normal-o3,1,256,growth,4096,cpp-std-vector,0,1048576,256,1,51834000,7990118519889974501
normal-o3,1,256,growth,4096,rust-vec,0,1048576,256,1,41359000,7990118519889974501
normal-o3,1,256,growth,4096,take-swap-c,0,1048576,256,1,55595000,7990118519889974501
normal-o3,1,256,growth,4096,swap-take-c,0,1048576,256,1,57300000,7990118519889974501
normal-o3,1,256,growth,4096,direct-c,0,1048576,256,1,54256000,7990118519889974501
normal-o3,1,256,growth,4096,reverse-c,0,1048576,256,1,61498000,7990118519889974501
normal-o3,1,256,growth,4096,whitefoot,0,1048576,256,1,54630000,7990118519889974501
normal-o3,1,256,growth,4096,rust-vec,1,1048576,256,1,41430000,10660244701728609766
normal-o3,1,256,growth,4096,take-swap-c,1,1048576,256,1,54777000,10660244701728609766
normal-o3,1,256,growth,4096,swap-take-c,1,1048576,256,1,56741000,10660244701728609766
normal-o3,1,256,growth,4096,direct-c,1,1048576,256,1,54062000,10660244701728609766
normal-o3,1,256,growth,4096,reverse-c,1,1048576,256,1,61523000,10660244701728609766
normal-o3,1,256,growth,4096,whitefoot,1,1048576,256,1,52149000,10660244701728609766
normal-o3,1,256,growth,4096,cpp-std-vector,1,1048576,256,1,51644000,10660244701728609766
normal-o3,1,256,growth,4096,take-swap-c,2,1048576,256,1,54843000,3495536164771485415
normal-o3,1,256,growth,4096,swap-take-c,2,1048576,256,1,57398000,3495536164771485415
normal-o3,1,256,growth,4096,direct-c,2,1048576,256,1,54231000,3495536164771485415
normal-o3,1,256,growth,4096,reverse-c,2,1048576,256,1,61765000,3495536164771485415
normal-o3,1,256,growth,4096,whitefoot,2,1048576,256,1,52417000,3495536164771485415
normal-o3,1,256,growth,4096,cpp-std-vector,2,1048576,256,1,51713000,3495536164771485415
normal-o3,1,256,growth,4096,rust-vec,2,1048576,256,1,42884000,3495536164771485415
normal-o3,1,256,growth,4096,swap-take-c,3,1048576,256,1,57126000,15148529761215748072
normal-o3,1,256,growth,4096,direct-c,3,1048576,256,1,54543000,15148529761215748072
normal-o3,1,256,growth,4096,reverse-c,3,1048576,256,1,64393000,15148529761215748072
normal-o3,1,256,growth,4096,whitefoot,3,1048576,256,1,52287000,15148529761215748072
normal-o3,1,256,growth,4096,cpp-std-vector,3,1048576,256,1,51399000,15148529761215748072
normal-o3,1,256,growth,4096,rust-vec,3,1048576,256,1,41508000,15148529761215748072
normal-o3,1,256,growth,4096,take-swap-c,3,1048576,256,1,54350000,15148529761215748072
normal-o3,1,256,growth,4096,direct-c,4,1048576,256,1,54435000,9298652180223940841
normal-o3,1,256,growth,4096,reverse-c,4,1048576,256,1,61304000,9298652180223940841
normal-o3,1,256,growth,4096,whitefoot,4,1048576,256,1,52319000,9298652180223940841
normal-o3,1,256,growth,4096,cpp-std-vector,4,1048576,256,1,51318000,9298652180223940841
normal-o3,1,256,growth,4096,rust-vec,4,1048576,256,1,42264000,9298652180223940841
normal-o3,1,256,growth,4096,take-swap-c,4,1048576,256,1,54616000,9298652180223940841
normal-o3,1,256,growth,4096,swap-take-c,4,1048576,256,1,56702000,9298652180223940841
normal-o3,1,256,growth,4096,reverse-c,5,1048576,256,1,61234000,8375064059273222634
normal-o3,1,256,growth,4096,whitefoot,5,1048576,256,1,52111000,8375064059273222634
normal-o3,1,256,growth,4096,cpp-std-vector,5,1048576,256,1,51950000,8375064059273222634
normal-o3,1,256,growth,4096,rust-vec,5,1048576,256,1,41604000,8375064059273222634
normal-o3,1,256,growth,4096,take-swap-c,5,1048576,256,1,55792000,8375064059273222634
normal-o3,1,256,growth,4096,swap-take-c,5,1048576,256,1,58532000,8375064059273222634
normal-o3,1,256,growth,4096,direct-c,5,1048576,256,1,56504000,8375064059273222634
normal-o3,1,256,growth,4096,whitefoot,6,1048576,256,1,52637000,18409727464639388395
normal-o3,1,256,growth,4096,cpp-std-vector,6,1048576,256,1,51979000,18409727464639388395
normal-o3,1,256,growth,4096,rust-vec,6,1048576,256,1,41470000,18409727464639388395
normal-o3,1,256,growth,4096,take-swap-c,6,1048576,256,1,54741000,18409727464639388395
normal-o3,1,256,growth,4096,swap-take-c,6,1048576,256,1,57492000,18409727464639388395
normal-o3,1,256,growth,4096,direct-c,6,1048576,256,1,54603000,18409727464639388395
normal-o3,1,256,growth,4096,reverse-c,6,1048576,256,1,61610000,18409727464639388395
normal-o3,1,256,reuse,16,cpp-std-vector,0,1048576,65536,1,43565000,16095999890136793189
normal-o3,1,256,reuse,16,rust-vec,0,1048576,65536,1,40282000,16095999890136793189
normal-o3,1,256,reuse,16,take-swap-c,0,1048576,65536,1,43563000,16095999890136793189
normal-o3,1,256,reuse,16,swap-take-c,0,1048576,65536,1,46623000,16095999890136793189
normal-o3,1,256,reuse,16,direct-c,0,1048576,65536,1,43047000,16095999890136793189
normal-o3,1,256,reuse,16,reverse-c,0,1048576,65536,1,47865000,16095999890136793189
normal-o3,1,256,reuse,16,whitefoot,0,1048576,65536,1,41575000,16095999890136793189
normal-o3,1,256,reuse,16,rust-vec,1,1048576,65536,1,40338000,10905710204835692646
normal-o3,1,256,reuse,16,take-swap-c,1,1048576,65536,1,43529000,10905710204835692646
normal-o3,1,256,reuse,16,swap-take-c,1,1048576,65536,1,48887000,10905710204835692646
normal-o3,1,256,reuse,16,direct-c,1,1048576,65536,1,43883000,10905710204835692646
normal-o3,1,256,reuse,16,reverse-c,1,1048576,65536,1,47843000,10905710204835692646
normal-o3,1,256,reuse,16,whitefoot,1,1048576,65536,1,41530000,10905710204835692646
normal-o3,1,256,reuse,16,cpp-std-vector,1,1048576,65536,1,43121000,10905710204835692646
normal-o3,1,256,reuse,16,take-swap-c,2,1048576,65536,1,43481000,1136678281099509863
normal-o3,1,256,reuse,16,swap-take-c,2,1048576,65536,1,48326000,1136678281099509863
normal-o3,1,256,reuse,16,direct-c,2,1048576,65536,1,44255000,1136678281099509863
normal-o3,1,256,reuse,16,reverse-c,2,1048576,65536,1,48935000,1136678281099509863
normal-o3,1,256,reuse,16,whitefoot,2,1048576,65536,1,41691000,1136678281099509863
normal-o3,1,256,reuse,16,cpp-std-vector,2,1048576,65536,1,43094000,1136678281099509863
normal-o3,1,256,reuse,16,rust-vec,2,1048576,65536,1,40355000,1136678281099509863
normal-o3,1,256,reuse,16,swap-take-c,3,1048576,65536,1,46736000,1916000061831479400
normal-o3,1,256,reuse,16,direct-c,3,1048576,65536,1,43600000,1916000061831479400
normal-o3,1,256,reuse,16,reverse-c,3,1048576,65536,1,47873000,1916000061831479400
normal-o3,1,256,reuse,16,whitefoot,3,1048576,65536,1,41482000,1916000061831479400
normal-o3,1,256,reuse,16,cpp-std-vector,3,1048576,65536,1,43084000,1916000061831479400
normal-o3,1,256,reuse,16,rust-vec,3,1048576,65536,1,40309000,1916000061831479400
normal-o3,1,256,reuse,16,take-swap-c,3,1048576,65536,1,43538000,1916000061831479400
normal-o3,1,256,reuse,16,direct-c,4,1048576,65536,1,43153000,317124334665105513
normal-o3,1,256,reuse,16,reverse-c,4,1048576,65536,1,49069000,317124334665105513
normal-o3,1,256,reuse,16,whitefoot,4,1048576,65536,1,42844000,317124334665105513
normal-o3,1,256,reuse,16,cpp-std-vector,4,1048576,65536,1,43538000,317124334665105513
normal-o3,1,256,reuse,16,rust-vec,4,1048576,65536,1,40362000,317124334665105513
normal-o3,1,256,reuse,16,take-swap-c,4,1048576,65536,1,43489000,317124334665105513
normal-o3,1,256,reuse,16,swap-take-c,4,1048576,65536,1,46660000,317124334665105513
normal-o3,1,256,reuse,16,reverse-c,5,1048576,65536,1,47857000,16344508304658628714
normal-o3,1,256,reuse,16,whitefoot,5,1048576,65536,1,41476000,16344508304658628714
normal-o3,1,256,reuse,16,cpp-std-vector,5,1048576,65536,1,43111000,16344508304658628714
normal-o3,1,256,reuse,16,rust-vec,5,1048576,65536,1,40272000,16344508304658628714
normal-o3,1,256,reuse,16,take-swap-c,5,1048576,65536,1,43515000,16344508304658628714
normal-o3,1,256,reuse,16,swap-take-c,5,1048576,65536,1,46614000,16344508304658628714
normal-o3,1,256,reuse,16,direct-c,5,1048576,65536,1,43053000,16344508304658628714
normal-o3,1,256,reuse,16,whitefoot,6,1048576,65536,1,41520000,17728104047323021419
normal-o3,1,256,reuse,16,cpp-std-vector,6,1048576,65536,1,43057000,17728104047323021419
normal-o3,1,256,reuse,16,rust-vec,6,1048576,65536,1,40298000,17728104047323021419
normal-o3,1,256,reuse,16,take-swap-c,6,1048576,65536,1,43456000,17728104047323021419
normal-o3,1,256,reuse,16,swap-take-c,6,1048576,65536,1,46833000,17728104047323021419
normal-o3,1,256,reuse,16,direct-c,6,1048576,65536,1,43161000,17728104047323021419
normal-o3,1,256,reuse,16,reverse-c,6,1048576,65536,1,47988000,17728104047323021419
normal-o3,1,256,reuse,256,cpp-std-vector,0,1048576,4096,1,42446000,5774473182449584229
normal-o3,1,256,reuse,256,rust-vec,0,1048576,4096,1,40112000,5774473182449584229
normal-o3,1,256,reuse,256,take-swap-c,0,1048576,4096,1,41359000,5774473182449584229
normal-o3,1,256,reuse,256,swap-take-c,0,1048576,4096,1,43936000,5774473182449584229
normal-o3,1,256,reuse,256,direct-c,0,1048576,4096,1,40714000,5774473182449584229
normal-o3,1,256,reuse,256,reverse-c,0,1048576,4096,1,46238000,5774473182449584229
normal-o3,1,256,reuse,256,whitefoot,0,1048576,4096,1,38718000,5774473182449584229
normal-o3,1,256,reuse,256,rust-vec,1,1048576,4096,1,38559000,730816566922926182
normal-o3,1,256,reuse,256,take-swap-c,1,1048576,4096,1,41156000,730816566922926182
normal-o3,1,256,reuse,256,swap-take-c,1,1048576,4096,1,43189000,730816566922926182
normal-o3,1,256,reuse,256,direct-c,1,1048576,4096,1,42118000,730816566922926182
normal-o3,1,256,reuse,256,reverse-c,1,1048576,4096,1,47342000,730816566922926182
normal-o3,1,256,reuse,256,whitefoot,1,1048576,4096,1,38763000,730816566922926182
normal-o3,1,256,reuse,256,cpp-std-vector,1,1048576,4096,1,41379000,730816566922926182
normal-o3,1,256,reuse,256,take-swap-c,2,1048576,4096,1,41196000,3951699326411303015
normal-o3,1,256,reuse,256,swap-take-c,2,1048576,4096,1,43193000,3951699326411303015
normal-o3,1,256,reuse,256,direct-c,2,1048576,4096,1,40680000,3951699326411303015
normal-o3,1,256,reuse,256,reverse-c,2,1048576,4096,1,46311000,3951699326411303015
normal-o3,1,256,reuse,256,whitefoot,2,1048576,4096,1,38668000,3951699326411303015
normal-o3,1,256,reuse,256,cpp-std-vector,2,1048576,4096,1,41291000,3951699326411303015
normal-o3,1,256,reuse,256,rust-vec,2,1048576,4096,1,38589000,3951699326411303015
normal-o3,1,256,reuse,256,swap-take-c,3,1048576,4096,1,43179000,4669976213855500392
normal-o3,1,256,reuse,256,direct-c,3,1048576,4096,1,42108000,4669976213855500392
normal-o3,1,256,reuse,256,reverse-c,3,1048576,4096,1,47654000,4669976213855500392
normal-o3,1,256,reuse,256,whitefoot,3,1048576,4096,1,39062000,4669976213855500392
normal-o3,1,256,reuse,256,cpp-std-vector,3,1048576,4096,1,42622000,4669976213855500392
normal-o3,1,256,reuse,256,rust-vec,3,1048576,4096,1,39299000,4669976213855500392
normal-o3,1,256,reuse,256,take-swap-c,3,1048576,4096,1,41281000,4669976213855500392
normal-o3,1,256,reuse,256,direct-c,4,1048576,4096,1,40783000,4748812814999455849
normal-o3,1,256,reuse,256,reverse-c,4,1048576,4096,1,46302000,4748812814999455849
normal-o3,1,256,reuse,256,whitefoot,4,1048576,4096,1,38666000,4748812814999455849
normal-o3,1,256,reuse,256,cpp-std-vector,4,1048576,4096,1,41420000,4748812814999455849
normal-o3,1,256,reuse,256,rust-vec,4,1048576,4096,1,38527000,4748812814999455849
normal-o3,1,256,reuse,256,take-swap-c,4,1048576,4096,1,41143000,4748812814999455849
normal-o3,1,256,reuse,256,swap-take-c,4,1048576,4096,1,43933000,4748812814999455849
normal-o3,1,256,reuse,256,reverse-c,5,1048576,4096,1,46332000,9617966251147630698
normal-o3,1,256,reuse,256,whitefoot,5,1048576,4096,1,38962000,9617966251147630698
normal-o3,1,256,reuse,256,cpp-std-vector,5,1048576,4096,1,41497000,9617966251147630698
normal-o3,1,256,reuse,256,rust-vec,5,1048576,4096,1,38516000,9617966251147630698
normal-o3,1,256,reuse,256,take-swap-c,5,1048576,4096,1,41245000,9617966251147630698
normal-o3,1,256,reuse,256,swap-take-c,5,1048576,4096,1,43200000,9617966251147630698
normal-o3,1,256,reuse,256,direct-c,5,1048576,4096,1,40705000,9617966251147630698
normal-o3,1,256,reuse,256,whitefoot,6,1048576,4096,1,38661000,14780350119149938795
normal-o3,1,256,reuse,256,cpp-std-vector,6,1048576,4096,1,41287000,14780350119149938795
normal-o3,1,256,reuse,256,rust-vec,6,1048576,4096,1,38556000,14780350119149938795
normal-o3,1,256,reuse,256,take-swap-c,6,1048576,4096,1,41254000,14780350119149938795
normal-o3,1,256,reuse,256,swap-take-c,6,1048576,4096,1,44979000,14780350119149938795
normal-o3,1,256,reuse,256,direct-c,6,1048576,4096,1,41749000,14780350119149938795
normal-o3,1,256,reuse,256,reverse-c,6,1048576,4096,1,46249000,14780350119149938795
normal-o3,1,256,reuse,4096,cpp-std-vector,0,1048576,256,1,43532000,7990118519889974501
normal-o3,1,256,reuse,4096,rust-vec,0,1048576,256,1,40729000,7990118519889974501
normal-o3,1,256,reuse,4096,take-swap-c,0,1048576,256,1,43178000,7990118519889974501
normal-o3,1,256,reuse,4096,swap-take-c,0,1048576,256,1,45721000,7990118519889974501
normal-o3,1,256,reuse,4096,direct-c,0,1048576,256,1,42925000,7990118519889974501
normal-o3,1,256,reuse,4096,reverse-c,0,1048576,256,1,49730000,7990118519889974501
normal-o3,1,256,reuse,4096,whitefoot,0,1048576,256,1,41179000,7990118519889974501
normal-o3,1,256,reuse,4096,rust-vec,1,1048576,256,1,40791000,10660244701728609766
normal-o3,1,256,reuse,4096,take-swap-c,1,1048576,256,1,43192000,10660244701728609766
normal-o3,1,256,reuse,4096,swap-take-c,1,1048576,256,1,45194000,10660244701728609766
normal-o3,1,256,reuse,4096,direct-c,1,1048576,256,1,43017000,10660244701728609766
normal-o3,1,256,reuse,4096,reverse-c,1,1048576,256,1,49478000,10660244701728609766
normal-o3,1,256,reuse,4096,whitefoot,1,1048576,256,1,40629000,10660244701728609766
normal-o3,1,256,reuse,4096,cpp-std-vector,1,1048576,256,1,43321000,10660244701728609766
normal-o3,1,256,reuse,4096,take-swap-c,2,1048576,256,1,43476000,3495536164771485415
normal-o3,1,256,reuse,4096,swap-take-c,2,1048576,256,1,47283000,3495536164771485415
normal-o3,1,256,reuse,4096,direct-c,2,1048576,256,1,43364000,3495536164771485415
normal-o3,1,256,reuse,4096,reverse-c,2,1048576,256,1,49718000,3495536164771485415
normal-o3,1,256,reuse,4096,whitefoot,2,1048576,256,1,40796000,3495536164771485415
normal-o3,1,256,reuse,4096,cpp-std-vector,2,1048576,256,1,43378000,3495536164771485415
normal-o3,1,256,reuse,4096,rust-vec,2,1048576,256,1,40724000,3495536164771485415
normal-o3,1,256,reuse,4096,swap-take-c,3,1048576,256,1,45894000,15148529761215748072
normal-o3,1,256,reuse,4096,direct-c,3,1048576,256,1,42990000,15148529761215748072
normal-o3,1,256,reuse,4096,reverse-c,3,1048576,256,1,49729000,15148529761215748072
normal-o3,1,256,reuse,4096,whitefoot,3,1048576,256,1,40988000,15148529761215748072
normal-o3,1,256,reuse,4096,cpp-std-vector,3,1048576,256,1,43340000,15148529761215748072
normal-o3,1,256,reuse,4096,rust-vec,3,1048576,256,1,40744000,15148529761215748072
normal-o3,1,256,reuse,4096,take-swap-c,3,1048576,256,1,43225000,15148529761215748072
normal-o3,1,256,reuse,4096,direct-c,4,1048576,256,1,42948000,9298652180223940841
normal-o3,1,256,reuse,4096,reverse-c,4,1048576,256,1,49549000,9298652180223940841
normal-o3,1,256,reuse,4096,whitefoot,4,1048576,256,1,40610000,9298652180223940841
normal-o3,1,256,reuse,4096,cpp-std-vector,4,1048576,256,1,43320000,9298652180223940841
normal-o3,1,256,reuse,4096,rust-vec,4,1048576,256,1,40706000,9298652180223940841
normal-o3,1,256,reuse,4096,take-swap-c,4,1048576,256,1,43214000,9298652180223940841
normal-o3,1,256,reuse,4096,swap-take-c,4,1048576,256,1,45180000,9298652180223940841
normal-o3,1,256,reuse,4096,reverse-c,5,1048576,256,1,51035000,8375064059273222634
normal-o3,1,256,reuse,4096,whitefoot,5,1048576,256,1,41640000,8375064059273222634
normal-o3,1,256,reuse,4096,cpp-std-vector,5,1048576,256,1,43412000,8375064059273222634
normal-o3,1,256,reuse,4096,rust-vec,5,1048576,256,1,40962000,8375064059273222634
normal-o3,1,256,reuse,4096,take-swap-c,5,1048576,256,1,43308000,8375064059273222634
normal-o3,1,256,reuse,4096,swap-take-c,5,1048576,256,1,45154000,8375064059273222634
normal-o3,1,256,reuse,4096,direct-c,5,1048576,256,1,42923000,8375064059273222634
normal-o3,1,256,reuse,4096,whitefoot,6,1048576,256,1,40752000,18409727464639388395
normal-o3,1,256,reuse,4096,cpp-std-vector,6,1048576,256,1,44068000,18409727464639388395
normal-o3,1,256,reuse,4096,rust-vec,6,1048576,256,1,40849000,18409727464639388395
normal-o3,1,256,reuse,4096,take-swap-c,6,1048576,256,1,43201000,18409727464639388395
normal-o3,1,256,reuse,4096,swap-take-c,6,1048576,256,1,45177000,18409727464639388395
normal-o3,1,256,reuse,4096,direct-c,6,1048576,256,1,42981000,18409727464639388395
normal-o3,1,256,reuse,4096,reverse-c,6,1048576,256,1,49536000,18409727464639388395
normal-o3,1,256,suffix-0,16,cpp-std-vector,0,1048576,1048576,1,2771000,6607130204449329354
normal-o3,1,256,suffix-0,16,rust-vec,0,1048576,1048576,1,1087000,6607130204449329354
normal-o3,1,256,suffix-0,16,take-swap-c,0,1048576,1048576,1,3395000,6607130204449329354
normal-o3,1,256,suffix-0,16,swap-take-c,0,1048576,1048576,1,3045000,6607130204449329354
normal-o3,1,256,suffix-0,16,direct-c,0,1048576,1048576,1,2871000,6607130204449329354
normal-o3,1,256,suffix-0,16,reverse-c,0,1048576,1048576,1,2966000,6607130204449329354
normal-o3,1,256,suffix-0,16,whitefoot,0,1048576,1048576,1,1684000,6607130204449329354
normal-o3,1,256,suffix-0,16,rust-vec,1,1048576,1048576,1,1017000,16952766600949476812
normal-o3,1,256,suffix-0,16,take-swap-c,1,1048576,1048576,1,3234000,16952766600949476812
normal-o3,1,256,suffix-0,16,swap-take-c,1,1048576,1048576,1,2983000,16952766600949476812
normal-o3,1,256,suffix-0,16,direct-c,1,1048576,1048576,1,2898000,16952766600949476812
normal-o3,1,256,suffix-0,16,reverse-c,1,1048576,1048576,1,2910000,16952766600949476812
normal-o3,1,256,suffix-0,16,whitefoot,1,1048576,1048576,1,1695000,16952766600949476812
normal-o3,1,256,suffix-0,16,cpp-std-vector,1,1048576,1048576,1,2889000,16952766600949476812
normal-o3,1,256,suffix-0,16,take-swap-c,2,1048576,1048576,1,4258000,8851658923740072654
normal-o3,1,256,suffix-0,16,swap-take-c,2,1048576,1048576,1,2939000,8851658923740072654
normal-o3,1,256,suffix-0,16,direct-c,2,1048576,1048576,1,2895000,8851658923740072654
normal-o3,1,256,suffix-0,16,reverse-c,2,1048576,1048576,1,2921000,8851658923740072654
normal-o3,1,256,suffix-0,16,whitefoot,2,1048576,1048576,1,1689000,8851658923740072654
normal-o3,1,256,suffix-0,16,cpp-std-vector,2,1048576,1048576,1,2888000,8851658923740072654
normal-o3,1,256,suffix-0,16,rust-vec,2,1048576,1048576,1,1027000,8851658923740072654
normal-o3,1,256,suffix-0,16,swap-take-c,3,1048576,1048576,1,2989000,750551246530668496
normal-o3,1,256,suffix-0,16,direct-c,3,1048576,1048576,1,2913000,750551246530668496
normal-o3,1,256,suffix-0,16,reverse-c,3,1048576,1048576,1,2915000,750551246530668496
normal-o3,1,256,suffix-0,16,whitefoot,3,1048576,1048576,1,1698000,750551246530668496
normal-o3,1,256,suffix-0,16,cpp-std-vector,3,1048576,1048576,1,2878000,750551246530668496
normal-o3,1,256,suffix-0,16,rust-vec,3,1048576,1048576,1,1031000,750551246530668496
normal-o3,1,256,suffix-0,16,take-swap-c,3,1048576,1048576,1,4247000,750551246530668496
normal-o3,1,256,suffix-0,16,direct-c,4,1048576,1048576,1,2903000,11096187643030815954
normal-o3,1,256,suffix-0,16,reverse-c,4,1048576,1048576,1,2946000,11096187643030815954
normal-o3,1,256,suffix-0,16,whitefoot,4,1048576,1048576,1,1694000,11096187643030815954
normal-o3,1,256,suffix-0,16,cpp-std-vector,4,1048576,1048576,1,2872000,11096187643030815954
normal-o3,1,256,suffix-0,16,rust-vec,4,1048576,1048576,1,1028000,11096187643030815954
normal-o3,1,256,suffix-0,16,take-swap-c,4,1048576,1048576,1,4229000,11096187643030815954
normal-o3,1,256,suffix-0,16,swap-take-c,4,1048576,1048576,1,2963000,11096187643030815954
normal-o3,1,256,suffix-0,16,reverse-c,5,1048576,1048576,1,2933000,2995079965821411796
normal-o3,1,256,suffix-0,16,whitefoot,5,1048576,1048576,1,1680000,2995079965821411796
normal-o3,1,256,suffix-0,16,cpp-std-vector,5,1048576,1048576,1,2849000,2995079965821411796
normal-o3,1,256,suffix-0,16,rust-vec,5,1048576,1048576,1,1018000,2995079965821411796
normal-o3,1,256,suffix-0,16,take-swap-c,5,1048576,1048576,1,4213000,2995079965821411796
normal-o3,1,256,suffix-0,16,swap-take-c,5,1048576,1048576,1,2955000,2995079965821411796
normal-o3,1,256,suffix-0,16,direct-c,5,1048576,1048576,1,2861000,2995079965821411796
normal-o3,1,256,suffix-0,16,whitefoot,6,1048576,1048576,1,1677000,13340716362321559254
normal-o3,1,256,suffix-0,16,cpp-std-vector,6,1048576,1048576,1,2847000,13340716362321559254
normal-o3,1,256,suffix-0,16,rust-vec,6,1048576,1048576,1,1018000,13340716362321559254
normal-o3,1,256,suffix-0,16,take-swap-c,6,1048576,1048576,1,3248000,13340716362321559254
normal-o3,1,256,suffix-0,16,swap-take-c,6,1048576,1048576,1,2965000,13340716362321559254
normal-o3,1,256,suffix-0,16,direct-c,6,1048576,1048576,1,2861000,13340716362321559254
normal-o3,1,256,suffix-0,16,reverse-c,6,1048576,1048576,1,2945000,13340716362321559254
normal-o3,1,256,suffix-0,256,cpp-std-vector,0,1048576,1048576,1,2853000,16711255245857297866
normal-o3,1,256,suffix-0,256,rust-vec,0,1048576,1048576,1,1027000,16711255245857297866
normal-o3,1,256,suffix-0,256,take-swap-c,0,1048576,1048576,1,3247000,16711255245857297866
normal-o3,1,256,suffix-0,256,swap-take-c,0,1048576,1048576,1,2964000,16711255245857297866
normal-o3,1,256,suffix-0,256,direct-c,0,1048576,1048576,1,2869000,16711255245857297866
normal-o3,1,256,suffix-0,256,reverse-c,0,1048576,1048576,1,2910000,16711255245857297866
normal-o3,1,256,suffix-0,256,whitefoot,0,1048576,1048576,1,1683000,16711255245857297866
normal-o3,1,256,suffix-0,256,rust-vec,1,1048576,1048576,1,997000,17222991059918444236
normal-o3,1,256,suffix-0,256,take-swap-c,1,1048576,1048576,1,4156000,17222991059918444236
normal-o3,1,256,suffix-0,256,swap-take-c,1,1048576,1048576,1,2884000,17222991059918444236
normal-o3,1,256,suffix-0,256,direct-c,1,1048576,1048576,1,2784000,17222991059918444236
normal-o3,1,256,suffix-0,256,reverse-c,1,1048576,1048576,1,2876000,17222991059918444236
normal-o3,1,256,suffix-0,256,whitefoot,1,1048576,1048576,1,1636000,17222991059918444236
normal-o3,1,256,suffix-0,256,cpp-std-vector,1,1048576,1048576,1,2776000,17222991059918444236
normal-o3,1,256,suffix-0,256,take-swap-c,2,1048576,1048576,1,4101000,17734726873979590606
normal-o3,1,256,suffix-0,256,swap-take-c,2,1048576,1048576,1,2881000,17734726873979590606
normal-o3,1,256,suffix-0,256,direct-c,2,1048576,1048576,1,2813000,17734726873979590606
normal-o3,1,256,suffix-0,256,reverse-c,2,1048576,1048576,1,2822000,17734726873979590606
normal-o3,1,256,suffix-0,256,whitefoot,2,1048576,1048576,1,1636000,17734726873979590606
normal-o3,1,256,suffix-0,256,cpp-std-vector,2,1048576,1048576,1,2770000,17734726873979590606
normal-o3,1,256,suffix-0,256,rust-vec,2,1048576,1048576,1,996000,17734726873979590606
normal-o3,1,256,suffix-0,256,swap-take-c,3,1048576,1048576,1,2924000,18246462688040736976
normal-o3,1,256,suffix-0,256,direct-c,3,1048576,1048576,1,2786000,18246462688040736976
normal-o3,1,256,suffix-0,256,reverse-c,3,1048576,1048576,1,2870000,18246462688040736976
normal-o3,1,256,suffix-0,256,whitefoot,3,1048576,1048576,1,1663000,18246462688040736976
normal-o3,1,256,suffix-0,256,cpp-std-vector,3,1048576,1048576,1,2806000,18246462688040736976
normal-o3,1,256,suffix-0,256,rust-vec,3,1048576,1048576,1,1033000,18246462688040736976
normal-o3,1,256,suffix-0,256,take-swap-c,3,1048576,1048576,1,3188000,18246462688040736976
normal-o3,1,256,suffix-0,256,direct-c,4,1048576,1048576,1,2798000,311454428392331730
normal-o3,1,256,suffix-0,256,reverse-c,4,1048576,1048576,1,2828000,311454428392331730
normal-o3,1,256,suffix-0,256,whitefoot,4,1048576,1048576,1,1643000,311454428392331730
normal-o3,1,256,suffix-0,256,cpp-std-vector,4,1048576,1048576,1,2786000,311454428392331730
normal-o3,1,256,suffix-0,256,rust-vec,4,1048576,1048576,1,1027000,311454428392331730
normal-o3,1,256,suffix-0,256,take-swap-c,4,1048576,1048576,1,4097000,311454428392331730
normal-o3,1,256,suffix-0,256,swap-take-c,4,1048576,1048576,1,2903000,311454428392331730
normal-o3,1,256,suffix-0,256,reverse-c,5,1048576,1048576,1,2843000,823190242453478100
normal-o3,1,256,suffix-0,256,whitefoot,5,1048576,1048576,1,1643000,823190242453478100
normal-o3,1,256,suffix-0,256,cpp-std-vector,5,1048576,1048576,1,2824000,823190242453478100
normal-o3,1,256,suffix-0,256,rust-vec,5,1048576,1048576,1,997000,823190242453478100
normal-o3,1,256,suffix-0,256,take-swap-c,5,1048576,1048576,1,4101000,823190242453478100
normal-o3,1,256,suffix-0,256,swap-take-c,5,1048576,1048576,1,2922000,823190242453478100
normal-o3,1,256,suffix-0,256,direct-c,5,1048576,1048576,1,2795000,823190242453478100
normal-o3,1,256,suffix-0,256,whitefoot,6,1048576,1048576,1,1636000,1334926056514624470
normal-o3,1,256,suffix-0,256,cpp-std-vector,6,1048576,1048576,1,2799000,1334926056514624470
normal-o3,1,256,suffix-0,256,rust-vec,6,1048576,1048576,1,998000,1334926056514624470
normal-o3,1,256,suffix-0,256,take-swap-c,6,1048576,1048576,1,3148000,1334926056514624470
normal-o3,1,256,suffix-0,256,swap-take-c,6,1048576,1048576,1,2886000,1334926056514624470
normal-o3,1,256,suffix-0,256,direct-c,6,1048576,1048576,1,2793000,1334926056514624470
normal-o3,1,256,suffix-0,256,reverse-c,6,1048576,1048576,1,2860000,1334926056514624470
normal-o3,1,256,suffix-0,4096,cpp-std-vector,0,1048576,1048576,1,2942000,7001658466579473866
normal-o3,1,256,suffix-0,4096,rust-vec,0,1048576,1048576,1,1138000,7001658466579473866
normal-o3,1,256,suffix-0,4096,take-swap-c,0,1048576,1048576,1,4220000,7001658466579473866
normal-o3,1,256,suffix-0,4096,swap-take-c,0,1048576,1048576,1,3023000,7001658466579473866
normal-o3,1,256,suffix-0,4096,direct-c,0,1048576,1048576,1,2922000,7001658466579473866
normal-o3,1,256,suffix-0,4096,reverse-c,0,1048576,1048576,1,2977000,7001658466579473866
normal-o3,1,256,suffix-0,4096,whitefoot,0,1048576,1048576,1,1765000,7001658466579473866
normal-o3,1,256,suffix-0,4096,rust-vec,1,1048576,1048576,1,1127000,100047013315307212
normal-o3,1,256,suffix-0,4096,take-swap-c,1,1048576,1048576,1,4241000,100047013315307212
normal-o3,1,256,suffix-0,4096,swap-take-c,1,1048576,1048576,1,3041000,100047013315307212
normal-o3,1,256,suffix-0,4096,direct-c,1,1048576,1048576,1,2924000,100047013315307212
normal-o3,1,256,suffix-0,4096,reverse-c,1,1048576,1048576,1,2976000,100047013315307212
normal-o3,1,256,suffix-0,4096,whitefoot,1,1048576,1048576,1,1816000,100047013315307212
normal-o3,1,256,suffix-0,4096,cpp-std-vector,1,1048576,1048576,1,2922000,100047013315307212
normal-o3,1,256,suffix-0,4096,take-swap-c,2,1048576,1048576,1,4233000,11645179633760692174
normal-o3,1,256,suffix-0,4096,swap-take-c,2,1048576,1048576,1,3055000,11645179633760692174
normal-o3,1,256,suffix-0,4096,direct-c,2,1048576,1048576,1,2920000,11645179633760692174
normal-o3,1,256,suffix-0,4096,reverse-c,2,1048576,1048576,1,2978000,11645179633760692174
normal-o3,1,256,suffix-0,4096,whitefoot,2,1048576,1048576,1,1770000,11645179633760692174
normal-o3,1,256,suffix-0,4096,cpp-std-vector,2,1048576,1048576,1,2927000,11645179633760692174
normal-o3,1,256,suffix-0,4096,rust-vec,2,1048576,1048576,1,1127000,11645179633760692174
normal-o3,1,256,suffix-0,4096,swap-take-c,3,1048576,1048576,1,3047000,4743568180496525520
normal-o3,1,256,suffix-0,4096,direct-c,3,1048576,1048576,1,2920000,4743568180496525520
normal-o3,1,256,suffix-0,4096,reverse-c,3,1048576,1048576,1,2979000,4743568180496525520
normal-o3,1,256,suffix-0,4096,whitefoot,3,1048576,1048576,1,1798000,4743568180496525520
normal-o3,1,256,suffix-0,4096,cpp-std-vector,3,1048576,1048576,1,2976000,4743568180496525520
normal-o3,1,256,suffix-0,4096,rust-vec,3,1048576,1048576,1,1164000,4743568180496525520
normal-o3,1,256,suffix-0,4096,take-swap-c,3,1048576,1048576,1,3306000,4743568180496525520
normal-o3,1,256,suffix-0,4096,direct-c,4,1048576,1048576,1,2923000,16288700800941910482
normal-o3,1,256,suffix-0,4096,reverse-c,4,1048576,1048576,1,2983000,16288700800941910482
normal-o3,1,256,suffix-0,4096,whitefoot,4,1048576,1048576,1,1768000,16288700800941910482
normal-o3,1,256,suffix-0,4096,cpp-std-vector,4,1048576,1048576,1,2943000,16288700800941910482
normal-o3,1,256,suffix-0,4096,rust-vec,4,1048576,1048576,1,1126000,16288700800941910482
normal-o3,1,256,suffix-0,4096,take-swap-c,4,1048576,1048576,1,4224000,16288700800941910482
normal-o3,1,256,suffix-0,4096,swap-take-c,4,1048576,1048576,1,3056000,16288700800941910482
normal-o3,1,256,suffix-0,4096,reverse-c,5,1048576,1048576,1,3154000,9387089347677743828
normal-o3,1,256,suffix-0,4096,whitefoot,5,1048576,1048576,1,1846000,9387089347677743828
normal-o3,1,256,suffix-0,4096,cpp-std-vector,5,1048576,1048576,1,3127000,9387089347677743828
normal-o3,1,256,suffix-0,4096,rust-vec,5,1048576,1048576,1,1312000,9387089347677743828
normal-o3,1,256,suffix-0,4096,take-swap-c,5,1048576,1048576,1,4262000,9387089347677743828
normal-o3,1,256,suffix-0,4096,swap-take-c,5,1048576,1048576,1,3078000,9387089347677743828
normal-o3,1,256,suffix-0,4096,direct-c,5,1048576,1048576,1,3106000,9387089347677743828
normal-o3,1,256,suffix-0,4096,whitefoot,6,1048576,1048576,1,1878000,2485477894413577174
normal-o3,1,256,suffix-0,4096,cpp-std-vector,6,1048576,1048576,1,3005000,2485477894413577174
normal-o3,1,256,suffix-0,4096,rust-vec,6,1048576,1048576,1,1185000,2485477894413577174
normal-o3,1,256,suffix-0,4096,take-swap-c,6,1048576,1048576,1,4424000,2485477894413577174
normal-o3,1,256,suffix-0,4096,swap-take-c,6,1048576,1048576,1,3181000,2485477894413577174
normal-o3,1,256,suffix-0,4096,direct-c,6,1048576,1048576,1,3023000,2485477894413577174
normal-o3,1,256,suffix-0,4096,reverse-c,6,1048576,1048576,1,3159000,2485477894413577174
normal-o3,1,256,suffix-1,16,cpp-std-vector,0,1048576,1048576,1,16495000,10077132583444572090
normal-o3,1,256,suffix-1,16,rust-vec,0,1048576,1048576,1,15761000,10077132583444572090
normal-o3,1,256,suffix-1,16,take-swap-c,0,1048576,1048576,1,17536000,10077132583444572090
normal-o3,1,256,suffix-1,16,swap-take-c,0,1048576,1048576,1,34708000,10077132583444572090
normal-o3,1,256,suffix-1,16,direct-c,0,1048576,1048576,1,15933000,10077132583444572090
normal-o3,1,256,suffix-1,16,reverse-c,0,1048576,1048576,1,34258000,10077132583444572090
normal-o3,1,256,suffix-1,16,whitefoot,0,1048576,1048576,1,16876000,10077132583444572090
normal-o3,1,256,suffix-1,16,rust-vec,1,1048576,1048576,1,15778000,18010505805122801404
normal-o3,1,256,suffix-1,16,take-swap-c,1,1048576,1048576,1,17608000,18010505805122801404
normal-o3,1,256,suffix-1,16,swap-take-c,1,1048576,1048576,1,34375000,18010505805122801404
normal-o3,1,256,suffix-1,16,direct-c,1,1048576,1048576,1,15631000,18010505805122801404
normal-o3,1,256,suffix-1,16,reverse-c,1,1048576,1048576,1,34238000,18010505805122801404
normal-o3,1,256,suffix-1,16,whitefoot,1,1048576,1048576,1,16858000,18010505805122801404
normal-o3,1,256,suffix-1,16,cpp-std-vector,1,1048576,1048576,1,16538000,18010505805122801404
normal-o3,1,256,suffix-1,16,take-swap-c,2,1048576,1048576,1,18024000,7497134953091479102
normal-o3,1,256,suffix-1,16,swap-take-c,2,1048576,1048576,1,34754000,7497134953091479102
normal-o3,1,256,suffix-1,16,direct-c,2,1048576,1048576,1,15573000,7497134953091479102
normal-o3,1,256,suffix-1,16,reverse-c,2,1048576,1048576,1,34187000,7497134953091479102
normal-o3,1,256,suffix-1,16,whitefoot,2,1048576,1048576,1,16898000,7497134953091479102
normal-o3,1,256,suffix-1,16,cpp-std-vector,2,1048576,1048576,1,16428000,7497134953091479102
normal-o3,1,256,suffix-1,16,rust-vec,2,1048576,1048576,1,15690000,7497134953091479102
normal-o3,1,256,suffix-1,16,swap-take-c,3,1048576,1048576,1,34847000,15430508174769708416
normal-o3,1,256,suffix-1,16,direct-c,3,1048576,1048576,1,16175000,15430508174769708416
normal-o3,1,256,suffix-1,16,reverse-c,3,1048576,1048576,1,35403000,15430508174769708416
normal-o3,1,256,suffix-1,16,whitefoot,3,1048576,1048576,1,17565000,15430508174769708416
normal-o3,1,256,suffix-1,16,cpp-std-vector,3,1048576,1048576,1,16741000,15430508174769708416
normal-o3,1,256,suffix-1,16,rust-vec,3,1048576,1048576,1,16123000,15430508174769708416
normal-o3,1,256,suffix-1,16,take-swap-c,3,1048576,1048576,1,17902000,15430508174769708416
normal-o3,1,256,suffix-1,16,direct-c,4,1048576,1048576,1,15635000,4917137322738386114
normal-o3,1,256,suffix-1,16,reverse-c,4,1048576,1048576,1,34284000,4917137322738386114
normal-o3,1,256,suffix-1,16,whitefoot,4,1048576,1048576,1,16840000,4917137322738386114
normal-o3,1,256,suffix-1,16,cpp-std-vector,4,1048576,1048576,1,16488000,4917137322738386114
normal-o3,1,256,suffix-1,16,rust-vec,4,1048576,1048576,1,15689000,4917137322738386114
normal-o3,1,256,suffix-1,16,take-swap-c,4,1048576,1048576,1,17575000,4917137322738386114
normal-o3,1,256,suffix-1,16,swap-take-c,4,1048576,1048576,1,34321000,4917137322738386114
normal-o3,1,256,suffix-1,16,reverse-c,5,1048576,1048576,1,34259000,12850510544416615428
normal-o3,1,256,suffix-1,16,whitefoot,5,1048576,1048576,1,16855000,12850510544416615428
normal-o3,1,256,suffix-1,16,cpp-std-vector,5,1048576,1048576,1,16626000,12850510544416615428
normal-o3,1,256,suffix-1,16,rust-vec,5,1048576,1048576,1,15649000,12850510544416615428
normal-o3,1,256,suffix-1,16,take-swap-c,5,1048576,1048576,1,18253000,12850510544416615428
normal-o3,1,256,suffix-1,16,swap-take-c,5,1048576,1048576,1,36180000,12850510544416615428
normal-o3,1,256,suffix-1,16,direct-c,5,1048576,1048576,1,16027000,12850510544416615428
normal-o3,1,256,suffix-1,16,whitefoot,6,1048576,1048576,1,16879000,2337139692385293126
normal-o3,1,256,suffix-1,16,cpp-std-vector,6,1048576,1048576,1,16495000,2337139692385293126
normal-o3,1,256,suffix-1,16,rust-vec,6,1048576,1048576,1,15655000,2337139692385293126
normal-o3,1,256,suffix-1,16,take-swap-c,6,1048576,1048576,1,17528000,2337139692385293126
normal-o3,1,256,suffix-1,16,swap-take-c,6,1048576,1048576,1,34428000,2337139692385293126
normal-o3,1,256,suffix-1,16,direct-c,6,1048576,1048576,1,15633000,2337139692385293126
normal-o3,1,256,suffix-1,16,reverse-c,6,1048576,1048576,1,34230000,2337139692385293126
normal-o3,1,256,suffix-1,256,cpp-std-vector,0,1048576,1048576,1,16605000,16136919648563323066
normal-o3,1,256,suffix-1,256,rust-vec,0,1048576,1048576,1,15688000,16136919648563323066
normal-o3,1,256,suffix-1,256,take-swap-c,0,1048576,1048576,1,17588000,16136919648563323066
normal-o3,1,256,suffix-1,256,swap-take-c,0,1048576,1048576,1,34471000,16136919648563323066
normal-o3,1,256,suffix-1,256,direct-c,0,1048576,1048576,1,16062000,16136919648563323066
normal-o3,1,256,suffix-1,256,reverse-c,0,1048576,1048576,1,35450000,16136919648563323066
normal-o3,1,256,suffix-1,256,whitefoot,0,1048576,1048576,1,17455000,16136919648563323066
normal-o3,1,256,suffix-1,256,rust-vec,1,1048576,1048576,1,15716000,7049943648979053564
normal-o3,1,256,suffix-1,256,take-swap-c,1,1048576,1048576,1,17723000,7049943648979053564
normal-o3,1,256,suffix-1,256,swap-take-c,1,1048576,1048576,1,35048000,7049943648979053564
normal-o3,1,256,suffix-1,256,direct-c,1,1048576,1048576,1,16321000,7049943648979053564
normal-o3,1,256,suffix-1,256,reverse-c,1,1048576,1048576,1,34171000,7049943648979053564
normal-o3,1,256,suffix-1,256,whitefoot,1,1048576,1048576,1,16897000,7049943648979053564
normal-o3,1,256,suffix-1,256,cpp-std-vector,1,1048576,1048576,1,16554000,7049943648979053564
normal-o3,1,256,suffix-1,256,take-swap-c,2,1048576,1048576,1,17556000,16409711723104335678
normal-o3,1,256,suffix-1,256,swap-take-c,2,1048576,1048576,1,34414000,16409711723104335678
normal-o3,1,256,suffix-1,256,direct-c,2,1048576,1048576,1,15592000,16409711723104335678
normal-o3,1,256,suffix-1,256,reverse-c,2,1048576,1048576,1,34191000,16409711723104335678
normal-o3,1,256,suffix-1,256,whitefoot,2,1048576,1048576,1,16894000,16409711723104335678
normal-o3,1,256,suffix-1,256,cpp-std-vector,2,1048576,1048576,1,16491000,16409711723104335678
normal-o3,1,256,suffix-1,256,rust-vec,2,1048576,1048576,1,15703000,16409711723104335678
normal-o3,1,256,suffix-1,256,swap-take-c,3,1048576,1048576,1,34441000,7322735723520066176
normal-o3,1,256,suffix-1,256,direct-c,3,1048576,1048576,1,15552000,7322735723520066176
normal-o3,1,256,suffix-1,256,reverse-c,3,1048576,1048576,1,34278000,7322735723520066176
normal-o3,1,256,suffix-1,256,whitefoot,3,1048576,1048576,1,16933000,7322735723520066176
normal-o3,1,256,suffix-1,256,cpp-std-vector,3,1048576,1048576,1,16464000,7322735723520066176
normal-o3,1,256,suffix-1,256,rust-vec,3,1048576,1048576,1,15739000,7322735723520066176
normal-o3,1,256,suffix-1,256,take-swap-c,3,1048576,1048576,1,17611000,7322735723520066176
normal-o3,1,256,suffix-1,256,direct-c,4,1048576,1048576,1,15577000,16682503797645348290
normal-o3,1,256,suffix-1,256,reverse-c,4,1048576,1048576,1,34851000,16682503797645348290
normal-o3,1,256,suffix-1,256,whitefoot,4,1048576,1048576,1,17468000,16682503797645348290
normal-o3,1,256,suffix-1,256,cpp-std-vector,4,1048576,1048576,1,17184000,16682503797645348290
normal-o3,1,256,suffix-1,256,rust-vec,4,1048576,1048576,1,15967000,16682503797645348290
normal-o3,1,256,suffix-1,256,take-swap-c,4,1048576,1048576,1,17541000,16682503797645348290
normal-o3,1,256,suffix-1,256,swap-take-c,4,1048576,1048576,1,34452000,16682503797645348290
normal-o3,1,256,suffix-1,256,reverse-c,5,1048576,1048576,1,34221000,7595527798061078788
normal-o3,1,256,suffix-1,256,whitefoot,5,1048576,1048576,1,16910000,7595527798061078788
normal-o3,1,256,suffix-1,256,cpp-std-vector,5,1048576,1048576,1,16553000,7595527798061078788
normal-o3,1,256,suffix-1,256,rust-vec,5,1048576,1048576,1,15715000,7595527798061078788
normal-o3,1,256,suffix-1,256,take-swap-c,5,1048576,1048576,1,17731000,7595527798061078788
normal-o3,1,256,suffix-1,256,swap-take-c,5,1048576,1048576,1,34474000,7595527798061078788
normal-o3,1,256,suffix-1,256,direct-c,5,1048576,1048576,1,15589000,7595527798061078788
normal-o3,1,256,suffix-1,256,whitefoot,6,1048576,1048576,1,16911000,16955295872186360902
normal-o3,1,256,suffix-1,256,cpp-std-vector,6,1048576,1048576,1,16441000,16955295872186360902
normal-o3,1,256,suffix-1,256,rust-vec,6,1048576,1048576,1,15764000,16955295872186360902
normal-o3,1,256,suffix-1,256,take-swap-c,6,1048576,1048576,1,17499000,16955295872186360902
normal-o3,1,256,suffix-1,256,swap-take-c,6,1048576,1048576,1,34400000,16955295872186360902
normal-o3,1,256,suffix-1,256,direct-c,6,1048576,1048576,1,15631000,16955295872186360902
normal-o3,1,256,suffix-1,256,reverse-c,6,1048576,1048576,1,34317000,16955295872186360902
normal-o3,1,256,suffix-1,4096,cpp-std-vector,0,1048576,1048576,1,16601000,11423154033847496890
normal-o3,1,256,suffix-1,4096,rust-vec,0,1048576,1048576,1,15902000,11423154033847496890
normal-o3,1,256,suffix-1,4096,take-swap-c,0,1048576,1048576,1,17629000,11423154033847496890
normal-o3,1,256,suffix-1,4096,swap-take-c,0,1048576,1048576,1,35519000,11423154033847496890
normal-o3,1,256,suffix-1,4096,direct-c,0,1048576,1048576,1,16022000,11423154033847496890
normal-o3,1,256,suffix-1,4096,reverse-c,0,1048576,1048576,1,34355000,11423154033847496890
normal-o3,1,256,suffix-1,4096,whitefoot,0,1048576,1048576,1,16996000,11423154033847496890
normal-o3,1,256,suffix-1,4096,rust-vec,1,1048576,1048576,1,15791000,18279605564934372348
normal-o3,1,256,suffix-1,4096,take-swap-c,1,1048576,1048576,1,17715000,18279605564934372348
normal-o3,1,256,suffix-1,4096,swap-take-c,1,1048576,1048576,1,34546000,18279605564934372348
normal-o3,1,256,suffix-1,4096,direct-c,1,1048576,1048576,1,15681000,18279605564934372348
normal-o3,1,256,suffix-1,4096,reverse-c,1,1048576,1048576,1,34411000,18279605564934372348
normal-o3,1,256,suffix-1,4096,whitefoot,1,1048576,1048576,1,17043000,18279605564934372348
normal-o3,1,256,suffix-1,4096,cpp-std-vector,1,1048576,1048576,1,17341000,18279605564934372348
normal-o3,1,256,suffix-1,4096,take-swap-c,2,1048576,1048576,1,17680000,6689313022311696190
normal-o3,1,256,suffix-1,4096,swap-take-c,2,1048576,1048576,1,34548000,6689313022311696190
normal-o3,1,256,suffix-1,4096,direct-c,2,1048576,1048576,1,15715000,6689313022311696190
normal-o3,1,256,suffix-1,4096,reverse-c,2,1048576,1048576,1,34443000,6689313022311696190
normal-o3,1,256,suffix-1,4096,whitefoot,2,1048576,1048576,1,17057000,6689313022311696190
normal-o3,1,256,suffix-1,4096,cpp-std-vector,2,1048576,1048576,1,16653000,6689313022311696190
normal-o3,1,256,suffix-1,4096,rust-vec,2,1048576,1048576,1,15895000,6689313022311696190
normal-o3,1,256,suffix-1,4096,swap-take-c,3,1048576,1048576,1,36024000,13545764553398571648
normal-o3,1,256,suffix-1,4096,direct-c,3,1048576,1048576,1,16309000,13545764553398571648
normal-o3,1,256,suffix-1,4096,reverse-c,3,1048576,1048576,1,34530000,13545764553398571648
normal-o3,1,256,suffix-1,4096,whitefoot,3,1048576,1048576,1,17028000,13545764553398571648
normal-o3,1,256,suffix-1,4096,cpp-std-vector,3,1048576,1048576,1,16639000,13545764553398571648
normal-o3,1,256,suffix-1,4096,rust-vec,3,1048576,1048576,1,15893000,13545764553398571648
normal-o3,1,256,suffix-1,4096,take-swap-c,3,1048576,1048576,1,17765000,13545764553398571648
normal-o3,1,256,suffix-1,4096,direct-c,4,1048576,1048576,1,15720000,1955472010775895490
normal-o3,1,256,suffix-1,4096,reverse-c,4,1048576,1048576,1,34462000,1955472010775895490
normal-o3,1,256,suffix-1,4096,whitefoot,4,1048576,1048576,1,17049000,1955472010775895490
normal-o3,1,256,suffix-1,4096,cpp-std-vector,4,1048576,1048576,1,16635000,1955472010775895490
normal-o3,1,256,suffix-1,4096,rust-vec,4,1048576,1048576,1,15854000,1955472010775895490
normal-o3,1,256,suffix-1,4096,take-swap-c,4,1048576,1048576,1,17697000,1955472010775895490
normal-o3,1,256,suffix-1,4096,swap-take-c,4,1048576,1048576,1,34619000,1955472010775895490
normal-o3,1,256,suffix-1,4096,reverse-c,5,1048576,1048576,1,34398000,8811923541862770948
normal-o3,1,256,suffix-1,4096,whitefoot,5,1048576,1048576,1,17029000,8811923541862770948
normal-o3,1,256,suffix-1,4096,cpp-std-vector,5,1048576,1048576,1,16674000,8811923541862770948
normal-o3,1,256,suffix-1,4096,rust-vec,5,1048576,1048576,1,15800000,8811923541862770948
normal-o3,1,256,suffix-1,4096,take-swap-c,5,1048576,1048576,1,17666000,8811923541862770948
normal-o3,1,256,suffix-1,4096,swap-take-c,5,1048576,1048576,1,34570000,8811923541862770948
normal-o3,1,256,suffix-1,4096,direct-c,5,1048576,1048576,1,15730000,8811923541862770948
normal-o3,1,256,suffix-1,4096,whitefoot,6,1048576,1048576,1,17063000,15668375072949646406
normal-o3,1,256,suffix-1,4096,cpp-std-vector,6,1048576,1048576,1,16698000,15668375072949646406
normal-o3,1,256,suffix-1,4096,rust-vec,6,1048576,1048576,1,15910000,15668375072949646406
normal-o3,1,256,suffix-1,4096,take-swap-c,6,1048576,1048576,1,17808000,15668375072949646406
normal-o3,1,256,suffix-1,4096,swap-take-c,6,1048576,1048576,1,34506000,15668375072949646406
normal-o3,1,256,suffix-1,4096,direct-c,6,1048576,1048576,1,15930000,15668375072949646406
normal-o3,1,256,suffix-1,4096,reverse-c,6,1048576,1048576,1,35154000,15668375072949646406
normal-o3,1,256,suffix-2,16,cpp-std-vector,0,1048576,524288,1,21651000,7440959976666623466
normal-o3,1,256,suffix-2,16,rust-vec,0,1048576,524288,1,21541000,7440959976666623466
normal-o3,1,256,suffix-2,16,take-swap-c,0,1048576,524288,1,21991000,7440959976666623466
normal-o3,1,256,suffix-2,16,swap-take-c,0,1048576,524288,1,35561000,7440959976666623466
normal-o3,1,256,suffix-2,16,direct-c,0,1048576,524288,1,21645000,7440959976666623466
normal-o3,1,256,suffix-2,16,reverse-c,0,1048576,524288,1,35719000,7440959976666623466
normal-o3,1,256,suffix-2,16,whitefoot,0,1048576,524288,1,23366000,7440959976666623466
normal-o3,1,256,suffix-2,16,rust-vec,1,1048576,524288,1,21670000,5917089180867772268
normal-o3,1,256,suffix-2,16,take-swap-c,1,1048576,524288,1,22034000,5917089180867772268
normal-o3,1,256,suffix-2,16,swap-take-c,1,1048576,524288,1,35570000,5917089180867772268
normal-o3,1,256,suffix-2,16,direct-c,1,1048576,524288,1,22646000,5917089180867772268
normal-o3,1,256,suffix-2,16,reverse-c,1,1048576,524288,1,38228000,5917089180867772268
normal-o3,1,256,suffix-2,16,whitefoot,1,1048576,524288,1,24326000,5917089180867772268
normal-o3,1,256,suffix-2,16,cpp-std-vector,1,1048576,524288,1,21698000,5917089180867772268
normal-o3,1,256,suffix-2,16,take-swap-c,2,1048576,524288,1,22120000,4393218385068921070
normal-o3,1,256,suffix-2,16,swap-take-c,2,1048576,524288,1,35645000,4393218385068921070
normal-o3,1,256,suffix-2,16,direct-c,2,1048576,524288,1,21652000,4393218385068921070
normal-o3,1,256,suffix-2,16,reverse-c,2,1048576,524288,1,35585000,4393218385068921070
normal-o3,1,256,suffix-2,16,whitefoot,2,1048576,524288,1,23247000,4393218385068921070
normal-o3,1,256,suffix-2,16,cpp-std-vector,2,1048576,524288,1,21554000,4393218385068921070
normal-o3,1,256,suffix-2,16,rust-vec,2,1048576,524288,1,21516000,4393218385068921070
normal-o3,1,256,suffix-2,16,swap-take-c,3,1048576,524288,1,35537000,2869347589270069872
normal-o3,1,256,suffix-2,16,direct-c,3,1048576,524288,1,21619000,2869347589270069872
normal-o3,1,256,suffix-2,16,reverse-c,3,1048576,524288,1,35646000,2869347589270069872
normal-o3,1,256,suffix-2,16,whitefoot,3,1048576,524288,1,23132000,2869347589270069872
normal-o3,1,256,suffix-2,16,cpp-std-vector,3,1048576,524288,1,21608000,2869347589270069872
normal-o3,1,256,suffix-2,16,rust-vec,3,1048576,524288,1,21573000,2869347589270069872
normal-o3,1,256,suffix-2,16,take-swap-c,3,1048576,524288,1,21953000,2869347589270069872
normal-o3,1,256,suffix-2,16,direct-c,4,1048576,524288,1,21615000,1345476793471218674
normal-o3,1,256,suffix-2,16,reverse-c,4,1048576,524288,1,35665000,1345476793471218674
normal-o3,1,256,suffix-2,16,whitefoot,4,1048576,524288,1,23220000,1345476793471218674
normal-o3,1,256,suffix-2,16,cpp-std-vector,4,1048576,524288,1,21659000,1345476793471218674
normal-o3,1,256,suffix-2,16,rust-vec,4,1048576,524288,1,21546000,1345476793471218674
normal-o3,1,256,suffix-2,16,take-swap-c,4,1048576,524288,1,22033000,1345476793471218674
normal-o3,1,256,suffix-2,16,swap-take-c,4,1048576,524288,1,36779000,1345476793471218674
normal-o3,1,256,suffix-2,16,reverse-c,5,1048576,524288,1,35594000,18268350071381919092
normal-o3,1,256,suffix-2,16,whitefoot,5,1048576,524288,1,23074000,18268350071381919092
normal-o3,1,256,suffix-2,16,cpp-std-vector,5,1048576,524288,1,21610000,18268350071381919092
normal-o3,1,256,suffix-2,16,rust-vec,5,1048576,524288,1,21657000,18268350071381919092
normal-o3,1,256,suffix-2,16,take-swap-c,5,1048576,524288,1,21861000,18268350071381919092
normal-o3,1,256,suffix-2,16,swap-take-c,5,1048576,524288,1,35653000,18268350071381919092
normal-o3,1,256,suffix-2,16,direct-c,5,1048576,524288,1,21727000,18268350071381919092
normal-o3,1,256,suffix-2,16,whitefoot,6,1048576,524288,1,23201000,16744479275583067894
normal-o3,1,256,suffix-2,16,cpp-std-vector,6,1048576,524288,1,21723000,16744479275583067894
normal-o3,1,256,suffix-2,16,rust-vec,6,1048576,524288,1,21971000,16744479275583067894
normal-o3,1,256,suffix-2,16,take-swap-c,6,1048576,524288,1,22820000,16744479275583067894
normal-o3,1,256,suffix-2,16,swap-take-c,6,1048576,524288,1,36800000,16744479275583067894
normal-o3,1,256,suffix-2,16,direct-c,6,1048576,524288,1,21770000,16744479275583067894
normal-o3,1,256,suffix-2,16,reverse-c,6,1048576,524288,1,35567000,16744479275583067894
normal-o3,1,256,suffix-2,256,cpp-std-vector,0,1048576,524288,1,21639000,2462342821806119658
normal-o3,1,256,suffix-2,256,rust-vec,0,1048576,524288,1,21671000,2462342821806119658
normal-o3,1,256,suffix-2,256,take-swap-c,0,1048576,524288,1,21900000,2462342821806119658
normal-o3,1,256,suffix-2,256,swap-take-c,0,1048576,524288,1,35542000,2462342821806119658
normal-o3,1,256,suffix-2,256,direct-c,0,1048576,524288,1,21705000,2462342821806119658
normal-o3,1,256,suffix-2,256,reverse-c,0,1048576,524288,1,35597000,2462342821806119658
normal-o3,1,256,suffix-2,256,whitefoot,0,1048576,524288,1,23440000,2462342821806119658
normal-o3,1,256,suffix-2,256,rust-vec,1,1048576,524288,1,21680000,15413974867576442988
normal-o3,1,256,suffix-2,256,take-swap-c,1,1048576,524288,1,21994000,15413974867576442988
normal-o3,1,256,suffix-2,256,swap-take-c,1,1048576,524288,1,35611000,15413974867576442988
normal-o3,1,256,suffix-2,256,direct-c,1,1048576,524288,1,21742000,15413974867576442988
normal-o3,1,256,suffix-2,256,reverse-c,1,1048576,524288,1,35635000,15413974867576442988
normal-o3,1,256,suffix-2,256,whitefoot,1,1048576,524288,1,23554000,15413974867576442988
normal-o3,1,256,suffix-2,256,cpp-std-vector,1,1048576,524288,1,22774000,15413974867576442988
normal-o3,1,256,suffix-2,256,take-swap-c,2,1048576,524288,1,22367000,9918862839637214702
normal-o3,1,256,suffix-2,256,swap-take-c,2,1048576,524288,1,35965000,9918862839637214702
normal-o3,1,256,suffix-2,256,direct-c,2,1048576,524288,1,21688000,9918862839637214702
normal-o3,1,256,suffix-2,256,reverse-c,2,1048576,524288,1,35719000,9918862839637214702
normal-o3,1,256,suffix-2,256,whitefoot,2,1048576,524288,1,23152000,9918862839637214702
normal-o3,1,256,suffix-2,256,cpp-std-vector,2,1048576,524288,1,21627000,9918862839637214702
normal-o3,1,256,suffix-2,256,rust-vec,2,1048576,524288,1,22394000,9918862839637214702
normal-o3,1,256,suffix-2,256,swap-take-c,3,1048576,524288,1,35610000,4423750811697986416
normal-o3,1,256,suffix-2,256,direct-c,3,1048576,524288,1,21678000,4423750811697986416
normal-o3,1,256,suffix-2,256,reverse-c,3,1048576,524288,1,35832000,4423750811697986416
normal-o3,1,256,suffix-2,256,whitefoot,3,1048576,524288,1,23435000,4423750811697986416
normal-o3,1,256,suffix-2,256,cpp-std-vector,3,1048576,524288,1,21575000,4423750811697986416
normal-o3,1,256,suffix-2,256,rust-vec,3,1048576,524288,1,21631000,4423750811697986416
normal-o3,1,256,suffix-2,256,take-swap-c,3,1048576,524288,1,21946000,4423750811697986416
normal-o3,1,256,suffix-2,256,direct-c,4,1048576,524288,1,22408000,17375382857468309746
normal-o3,1,256,suffix-2,256,reverse-c,4,1048576,524288,1,36901000,17375382857468309746
normal-o3,1,256,suffix-2,256,whitefoot,4,1048576,524288,1,23253000,17375382857468309746
normal-o3,1,256,suffix-2,256,cpp-std-vector,4,1048576,524288,1,21553000,17375382857468309746
normal-o3,1,256,suffix-2,256,rust-vec,4,1048576,524288,1,21546000,17375382857468309746
normal-o3,1,256,suffix-2,256,take-swap-c,4,1048576,524288,1,21945000,17375382857468309746
normal-o3,1,256,suffix-2,256,swap-take-c,4,1048576,524288,1,35665000,17375382857468309746
normal-o3,1,256,suffix-2,256,reverse-c,5,1048576,524288,1,35848000,11880270829529081460
normal-o3,1,256,suffix-2,256,whitefoot,5,1048576,524288,1,23257000,11880270829529081460
normal-o3,1,256,suffix-2,256,cpp-std-vector,5,1048576,524288,1,21591000,11880270829529081460
normal-o3,1,256,suffix-2,256,rust-vec,5,1048576,524288,1,21664000,11880270829529081460
normal-o3,1,256,suffix-2,256,take-swap-c,5,1048576,524288,1,21921000,11880270829529081460
normal-o3,1,256,suffix-2,256,swap-take-c,5,1048576,524288,1,35585000,11880270829529081460
normal-o3,1,256,suffix-2,256,direct-c,5,1048576,524288,1,21698000,11880270829529081460
normal-o3,1,256,suffix-2,256,whitefoot,6,1048576,524288,1,23104000,6385158801589853174
normal-o3,1,256,suffix-2,256,cpp-std-vector,6,1048576,524288,1,21680000,6385158801589853174
normal-o3,1,256,suffix-2,256,rust-vec,6,1048576,524288,1,21637000,6385158801589853174
normal-o3,1,256,suffix-2,256,take-swap-c,6,1048576,524288,1,21937000,6385158801589853174
normal-o3,1,256,suffix-2,256,swap-take-c,6,1048576,524288,1,35562000,6385158801589853174
normal-o3,1,256,suffix-2,256,direct-c,6,1048576,524288,1,22414000,6385158801589853174
normal-o3,1,256,suffix-2,256,reverse-c,6,1048576,524288,1,35574000,6385158801589853174
normal-o3,1,256,suffix-2,4096,cpp-std-vector,0,1048576,524288,1,22381000,9641278357841734378
normal-o3,1,256,suffix-2,4096,rust-vec,0,1048576,524288,1,22527000,9641278357841734378
normal-o3,1,256,suffix-2,4096,take-swap-c,0,1048576,524288,1,22866000,9641278357841734378
normal-o3,1,256,suffix-2,4096,swap-take-c,0,1048576,524288,1,35985000,9641278357841734378
normal-o3,1,256,suffix-2,4096,direct-c,0,1048576,524288,1,21758000,9641278357841734378
normal-o3,1,256,suffix-2,4096,reverse-c,0,1048576,524288,1,35807000,9641278357841734378
normal-o3,1,256,suffix-2,4096,whitefoot,0,1048576,524288,1,23558000,9641278357841734378
normal-o3,1,256,suffix-2,4096,rust-vec,1,1048576,524288,1,21801000,1379187259122409580
normal-o3,1,256,suffix-2,4096,take-swap-c,1,1048576,524288,1,22148000,1379187259122409580
normal-o3,1,256,suffix-2,4096,swap-take-c,1,1048576,524288,1,35743000,1379187259122409580
normal-o3,1,256,suffix-2,4096,direct-c,1,1048576,524288,1,21802000,1379187259122409580
normal-o3,1,256,suffix-2,4096,reverse-c,1,1048576,524288,1,35830000,1379187259122409580
normal-o3,1,256,suffix-2,4096,whitefoot,1,1048576,524288,1,24273000,1379187259122409580
normal-o3,1,256,suffix-2,4096,cpp-std-vector,1,1048576,524288,1,22423000,1379187259122409580
normal-o3,1,256,suffix-2,4096,take-swap-c,2,1048576,524288,1,22096000,11563840234112636398
normal-o3,1,256,suffix-2,4096,swap-take-c,2,1048576,524288,1,35720000,11563840234112636398
normal-o3,1,256,suffix-2,4096,direct-c,2,1048576,524288,1,21727000,11563840234112636398
normal-o3,1,256,suffix-2,4096,reverse-c,2,1048576,524288,1,36168000,11563840234112636398
normal-o3,1,256,suffix-2,4096,whitefoot,2,1048576,524288,1,23340000,11563840234112636398
normal-o3,1,256,suffix-2,4096,cpp-std-vector,2,1048576,524288,1,21792000,11563840234112636398
normal-o3,1,256,suffix-2,4096,rust-vec,2,1048576,524288,1,21738000,11563840234112636398
normal-o3,1,256,suffix-2,4096,swap-take-c,3,1048576,524288,1,35709000,3301749135393311600
normal-o3,1,256,suffix-2,4096,direct-c,3,1048576,524288,1,21834000,3301749135393311600
normal-o3,1,256,suffix-2,4096,reverse-c,3,1048576,524288,1,35783000,3301749135393311600
normal-o3,1,256,suffix-2,4096,whitefoot,3,1048576,524288,1,23263000,3301749135393311600
normal-o3,1,256,suffix-2,4096,cpp-std-vector,3,1048576,524288,1,21760000,3301749135393311600
normal-o3,1,256,suffix-2,4096,rust-vec,3,1048576,524288,1,21750000,3301749135393311600
normal-o3,1,256,suffix-2,4096,take-swap-c,3,1048576,524288,1,22107000,3301749135393311600
normal-o3,1,256,suffix-2,4096,direct-c,4,1048576,524288,1,21749000,13486402110383538418
normal-o3,1,256,suffix-2,4096,reverse-c,4,1048576,524288,1,35774000,13486402110383538418
normal-o3,1,256,suffix-2,4096,whitefoot,4,1048576,524288,1,23250000,13486402110383538418
normal-o3,1,256,suffix-2,4096,cpp-std-vector,4,1048576,524288,1,21737000,13486402110383538418
normal-o3,1,256,suffix-2,4096,rust-vec,4,1048576,524288,1,21698000,13486402110383538418
normal-o3,1,256,suffix-2,4096,take-swap-c,4,1048576,524288,1,22110000,13486402110383538418
normal-o3,1,256,suffix-2,4096,swap-take-c,4,1048576,524288,1,35714000,13486402110383538418
normal-o3,1,256,suffix-2,4096,reverse-c,5,1048576,524288,1,35772000,5224311011664213620
normal-o3,1,256,suffix-2,4096,whitefoot,5,1048576,524288,1,23438000,5224311011664213620
normal-o3,1,256,suffix-2,4096,cpp-std-vector,5,1048576,524288,1,21760000,5224311011664213620
normal-o3,1,256,suffix-2,4096,rust-vec,5,1048576,524288,1,21763000,5224311011664213620
normal-o3,1,256,suffix-2,4096,take-swap-c,5,1048576,524288,1,22026000,5224311011664213620
normal-o3,1,256,suffix-2,4096,swap-take-c,5,1048576,524288,1,35743000,5224311011664213620
normal-o3,1,256,suffix-2,4096,direct-c,5,1048576,524288,1,21930000,5224311011664213620
normal-o3,1,256,suffix-2,4096,whitefoot,6,1048576,524288,1,24208000,15408963986654440438
normal-o3,1,256,suffix-2,4096,cpp-std-vector,6,1048576,524288,1,22092000,15408963986654440438
normal-o3,1,256,suffix-2,4096,rust-vec,6,1048576,524288,1,21848000,15408963986654440438
normal-o3,1,256,suffix-2,4096,take-swap-c,6,1048576,524288,1,22550000,15408963986654440438
normal-o3,1,256,suffix-2,4096,swap-take-c,6,1048576,524288,1,36162000,15408963986654440438
normal-o3,1,256,suffix-2,4096,direct-c,6,1048576,524288,1,22624000,15408963986654440438
normal-o3,1,256,suffix-2,4096,reverse-c,6,1048576,524288,1,37140000,15408963986654440438
normal-o3,1,256,suffix-3,16,cpp-std-vector,0,1048576,349525,1,26024000,1054367555497166597
normal-o3,1,256,suffix-3,16,rust-vec,0,1048576,349525,1,24959000,1054367555497166597
normal-o3,1,256,suffix-3,16,take-swap-c,0,1048576,349525,1,31072000,1054367555497166597
normal-o3,1,256,suffix-3,16,swap-take-c,0,1048576,349525,1,35373000,1054367555497166597
normal-o3,1,256,suffix-3,16,direct-c,0,1048576,349525,1,25690000,1054367555497166597
normal-o3,1,256,suffix-3,16,reverse-c,0,1048576,349525,1,36326000,1054367555497166597
normal-o3,1,256,suffix-3,16,whitefoot,0,1048576,349525,1,34735000,1054367555497166597
normal-o3,1,256,suffix-3,16,rust-vec,1,1048576,349525,1,25030000,5794397202544729692
normal-o3,1,256,suffix-3,16,take-swap-c,1,1048576,349525,1,31065000,5794397202544729692
normal-o3,1,256,suffix-3,16,swap-take-c,1,1048576,349525,1,35304000,5794397202544729692
normal-o3,1,256,suffix-3,16,direct-c,1,1048576,349525,1,25058000,5794397202544729692
normal-o3,1,256,suffix-3,16,reverse-c,1,1048576,349525,1,35385000,5794397202544729692
normal-o3,1,256,suffix-3,16,whitefoot,1,1048576,349525,1,34718000,5794397202544729692
normal-o3,1,256,suffix-3,16,cpp-std-vector,1,1048576,349525,1,25858000,5794397202544729692
normal-o3,1,256,suffix-3,16,take-swap-c,2,1048576,349525,1,31022000,10534426849592292787
normal-o3,1,256,suffix-3,16,swap-take-c,2,1048576,349525,1,35245000,10534426849592292787
normal-o3,1,256,suffix-3,16,direct-c,2,1048576,349525,1,25752000,10534426849592292787
normal-o3,1,256,suffix-3,16,reverse-c,2,1048576,349525,1,36268000,10534426849592292787
normal-o3,1,256,suffix-3,16,whitefoot,2,1048576,349525,1,34749000,10534426849592292787
normal-o3,1,256,suffix-3,16,cpp-std-vector,2,1048576,349525,1,26020000,10534426849592292787
normal-o3,1,256,suffix-3,16,rust-vec,2,1048576,349525,1,25001000,10534426849592292787
normal-o3,1,256,suffix-3,16,swap-take-c,3,1048576,349525,1,35510000,15274456496639855882
normal-o3,1,256,suffix-3,16,direct-c,3,1048576,349525,1,25050000,15274456496639855882
normal-o3,1,256,suffix-3,16,reverse-c,3,1048576,349525,1,35400000,15274456496639855882
normal-o3,1,256,suffix-3,16,whitefoot,3,1048576,349525,1,35510000,15274456496639855882
normal-o3,1,256,suffix-3,16,cpp-std-vector,3,1048576,349525,1,26489000,15274456496639855882
normal-o3,1,256,suffix-3,16,rust-vec,3,1048576,349525,1,26306000,15274456496639855882
normal-o3,1,256,suffix-3,16,take-swap-c,3,1048576,349525,1,31964000,15274456496639855882
normal-o3,1,256,suffix-3,16,direct-c,4,1048576,349525,1,25068000,1567742069977867361
normal-o3,1,256,suffix-3,16,reverse-c,4,1048576,349525,1,35355000,1567742069977867361
normal-o3,1,256,suffix-3,16,whitefoot,4,1048576,349525,1,35018000,1567742069977867361
normal-o3,1,256,suffix-3,16,cpp-std-vector,4,1048576,349525,1,26090000,1567742069977867361
normal-o3,1,256,suffix-3,16,rust-vec,4,1048576,349525,1,24984000,1567742069977867361
normal-o3,1,256,suffix-3,16,take-swap-c,4,1048576,349525,1,31100000,1567742069977867361
normal-o3,1,256,suffix-3,16,swap-take-c,4,1048576,349525,1,35349000,1567742069977867361
normal-o3,1,256,suffix-3,16,reverse-c,5,1048576,349525,1,35395000,6307771717025430456
normal-o3,1,256,suffix-3,16,whitefoot,5,1048576,349525,1,34785000,6307771717025430456
normal-o3,1,256,suffix-3,16,cpp-std-vector,5,1048576,349525,1,26020000,6307771717025430456
normal-o3,1,256,suffix-3,16,rust-vec,5,1048576,349525,1,24984000,6307771717025430456
normal-o3,1,256,suffix-3,16,take-swap-c,5,1048576,349525,1,31118000,6307771717025430456
normal-o3,1,256,suffix-3,16,swap-take-c,5,1048576,349525,1,35300000,6307771717025430456
normal-o3,1,256,suffix-3,16,direct-c,5,1048576,349525,1,25091000,6307771717025430456
normal-o3,1,256,suffix-3,16,whitefoot,6,1048576,349525,1,34814000,11047801364072993551
normal-o3,1,256,suffix-3,16,cpp-std-vector,6,1048576,349525,1,26003000,11047801364072993551
normal-o3,1,256,suffix-3,16,rust-vec,6,1048576,349525,1,25062000,11047801364072993551
normal-o3,1,256,suffix-3,16,take-swap-c,6,1048576,349525,1,31062000,11047801364072993551
normal-o3,1,256,suffix-3,16,swap-take-c,6,1048576,349525,1,35371000,11047801364072993551
normal-o3,1,256,suffix-3,16,direct-c,6,1048576,349525,1,25057000,11047801364072993551
normal-o3,1,256,suffix-3,16,reverse-c,6,1048576,349525,1,35385000,11047801364072993551
normal-o3,1,256,suffix-3,256,cpp-std-vector,0,1048576,349525,1,26119000,15528439189922159621
normal-o3,1,256,suffix-3,256,rust-vec,0,1048576,349525,1,24999000,15528439189922159621
normal-o3,1,256,suffix-3,256,take-swap-c,0,1048576,349525,1,31109000,15528439189922159621
normal-o3,1,256,suffix-3,256,swap-take-c,0,1048576,349525,1,35301000,15528439189922159621
normal-o3,1,256,suffix-3,256,direct-c,0,1048576,349525,1,25050000,15528439189922159621
normal-o3,1,256,suffix-3,256,reverse-c,0,1048576,349525,1,35683000,15528439189922159621
normal-o3,1,256,suffix-3,256,whitefoot,0,1048576,349525,1,36166000,15528439189922159621
normal-o3,1,256,suffix-3,256,rust-vec,1,1048576,349525,1,25113000,6728350532028667740
normal-o3,1,256,suffix-3,256,take-swap-c,1,1048576,349525,1,31103000,6728350532028667740
normal-o3,1,256,suffix-3,256,swap-take-c,1,1048576,349525,1,35430000,6728350532028667740
normal-o3,1,256,suffix-3,256,direct-c,1,1048576,349525,1,25130000,6728350532028667740
normal-o3,1,256,suffix-3,256,reverse-c,1,1048576,349525,1,35510000,6728350532028667740
normal-o3,1,256,suffix-3,256,whitefoot,1,1048576,349525,1,34765000,6728350532028667740
normal-o3,1,256,suffix-3,256,cpp-std-vector,1,1048576,349525,1,26000000,6728350532028667740
normal-o3,1,256,suffix-3,256,take-swap-c,2,1048576,349525,1,31113000,16375005947844727475
normal-o3,1,256,suffix-3,256,swap-take-c,2,1048576,349525,1,35381000,16375005947844727475
normal-o3,1,256,suffix-3,256,direct-c,2,1048576,349525,1,25419000,16375005947844727475
normal-o3,1,256,suffix-3,256,reverse-c,2,1048576,349525,1,35374000,16375005947844727475
normal-o3,1,256,suffix-3,256,whitefoot,2,1048576,349525,1,34811000,16375005947844727475
normal-o3,1,256,suffix-3,256,cpp-std-vector,2,1048576,349525,1,26638000,16375005947844727475
normal-o3,1,256,suffix-3,256,rust-vec,2,1048576,349525,1,25216000,16375005947844727475
normal-o3,1,256,suffix-3,256,swap-take-c,3,1048576,349525,1,35359000,7574917289951235594
normal-o3,1,256,suffix-3,256,direct-c,3,1048576,349525,1,25071000,7574917289951235594
normal-o3,1,256,suffix-3,256,reverse-c,3,1048576,349525,1,35935000,7574917289951235594
normal-o3,1,256,suffix-3,256,whitefoot,3,1048576,349525,1,34870000,7574917289951235594
normal-o3,1,256,suffix-3,256,cpp-std-vector,3,1048576,349525,1,26081000,7574917289951235594
normal-o3,1,256,suffix-3,256,rust-vec,3,1048576,349525,1,25044000,7574917289951235594
normal-o3,1,256,suffix-3,256,take-swap-c,3,1048576,349525,1,31105000,7574917289951235594
normal-o3,1,256,suffix-3,256,direct-c,4,1048576,349525,1,25092000,17221572705767295329
normal-o3,1,256,suffix-3,256,reverse-c,4,1048576,349525,1,35437000,17221572705767295329
normal-o3,1,256,suffix-3,256,whitefoot,4,1048576,349525,1,34807000,17221572705767295329
normal-o3,1,256,suffix-3,256,cpp-std-vector,4,1048576,349525,1,26072000,17221572705767295329
normal-o3,1,256,suffix-3,256,rust-vec,4,1048576,349525,1,24994000,17221572705767295329
normal-o3,1,256,suffix-3,256,take-swap-c,4,1048576,349525,1,31109000,17221572705767295329
normal-o3,1,256,suffix-3,256,swap-take-c,4,1048576,349525,1,35492000,17221572705767295329
normal-o3,1,256,suffix-3,256,reverse-c,5,1048576,349525,1,36883000,8421484047873803448
normal-o3,1,256,suffix-3,256,whitefoot,5,1048576,349525,1,35256000,8421484047873803448
normal-o3,1,256,suffix-3,256,cpp-std-vector,5,1048576,349525,1,26205000,8421484047873803448
normal-o3,1,256,suffix-3,256,rust-vec,5,1048576,349525,1,25046000,8421484047873803448
normal-o3,1,256,suffix-3,256,take-swap-c,5,1048576,349525,1,31043000,8421484047873803448
normal-o3,1,256,suffix-3,256,swap-take-c,5,1048576,349525,1,35340000,8421484047873803448
normal-o3,1,256,suffix-3,256,direct-c,5,1048576,349525,1,25019000,8421484047873803448
normal-o3,1,256,suffix-3,256,whitefoot,6,1048576,349525,1,34879000,18068139463689863183
normal-o3,1,256,suffix-3,256,cpp-std-vector,6,1048576,349525,1,26051000,18068139463689863183
normal-o3,1,256,suffix-3,256,rust-vec,6,1048576,349525,1,25050000,18068139463689863183
normal-o3,1,256,suffix-3,256,take-swap-c,6,1048576,349525,1,31186000,18068139463689863183
normal-o3,1,256,suffix-3,256,swap-take-c,6,1048576,349525,1,35446000,18068139463689863183
normal-o3,1,256,suffix-3,256,direct-c,6,1048576,349525,1,25072000,18068139463689863183
normal-o3,1,256,suffix-3,256,reverse-c,6,1048576,349525,1,35514000,18068139463689863183
normal-o3,1,256,suffix-3,4096,cpp-std-vector,0,1048576,349525,1,26985000,15626320741824457733
normal-o3,1,256,suffix-3,4096,rust-vec,0,1048576,349525,1,25127000,15626320741824457733
normal-o3,1,256,suffix-3,4096,take-swap-c,0,1048576,349525,1,31313000,15626320741824457733
normal-o3,1,256,suffix-3,4096,swap-take-c,0,1048576,349525,1,35627000,15626320741824457733
normal-o3,1,256,suffix-3,4096,direct-c,0,1048576,349525,1,25270000,15626320741824457733
normal-o3,1,256,suffix-3,4096,reverse-c,0,1048576,349525,1,35652000,15626320741824457733
normal-o3,1,256,suffix-3,4096,whitefoot,0,1048576,349525,1,35012000,15626320741824457733
normal-o3,1,256,suffix-3,4096,rust-vec,1,1048576,349525,1,25186000,11900565124691961692
normal-o3,1,256,suffix-3,4096,take-swap-c,1,1048576,349525,1,32366000,11900565124691961692
normal-o3,1,256,suffix-3,4096,swap-take-c,1,1048576,349525,1,37517000,11900565124691961692
normal-o3,1,256,suffix-3,4096,direct-c,1,1048576,349525,1,25481000,11900565124691961692
normal-o3,1,256,suffix-3,4096,reverse-c,1,1048576,349525,1,36268000,11900565124691961692
normal-o3,1,256,suffix-3,4096,whitefoot,1,1048576,349525,1,36017000,11900565124691961692
normal-o3,1,256,suffix-3,4096,cpp-std-vector,1,1048576,349525,1,26795000,11900565124691961692
normal-o3,1,256,suffix-3,4096,take-swap-c,2,1048576,349525,1,32270000,8174809507559465651
normal-o3,1,256,suffix-3,4096,swap-take-c,2,1048576,349525,1,35811000,8174809507559465651
normal-o3,1,256,suffix-3,4096,direct-c,2,1048576,349525,1,25166000,8174809507559465651
normal-o3,1,256,suffix-3,4096,reverse-c,2,1048576,349525,1,36393000,8174809507559465651
normal-o3,1,256,suffix-3,4096,whitefoot,2,1048576,349525,1,34951000,8174809507559465651
normal-o3,1,256,suffix-3,4096,cpp-std-vector,2,1048576,349525,1,26125000,8174809507559465651
normal-o3,1,256,suffix-3,4096,rust-vec,2,1048576,349525,1,25187000,8174809507559465651
normal-o3,1,256,suffix-3,4096,swap-take-c,3,1048576,349525,1,35490000,4449053890426969610
normal-o3,1,256,suffix-3,4096,direct-c,3,1048576,349525,1,25243000,4449053890426969610
normal-o3,1,256,suffix-3,4096,reverse-c,3,1048576,349525,1,35605000,4449053890426969610
normal-o3,1,256,suffix-3,4096,whitefoot,3,1048576,349525,1,34999000,4449053890426969610
normal-o3,1,256,suffix-3,4096,cpp-std-vector,3,1048576,349525,1,26076000,4449053890426969610
normal-o3,1,256,suffix-3,4096,rust-vec,3,1048576,349525,1,25272000,4449053890426969610
normal-o3,1,256,suffix-3,4096,take-swap-c,3,1048576,349525,1,31296000,4449053890426969610
normal-o3,1,256,suffix-3,4096,direct-c,4,1048576,349525,1,25212000,723298273294473569
normal-o3,1,256,suffix-3,4096,reverse-c,4,1048576,349525,1,35750000,723298273294473569
normal-o3,1,256,suffix-3,4096,whitefoot,4,1048576,349525,1,36142000,723298273294473569
normal-o3,1,256,suffix-3,4096,cpp-std-vector,4,1048576,349525,1,26196000,723298273294473569
normal-o3,1,256,suffix-3,4096,rust-vec,4,1048576,349525,1,25171000,723298273294473569
normal-o3,1,256,suffix-3,4096,take-swap-c,4,1048576,349525,1,31246000,723298273294473569
normal-o3,1,256,suffix-3,4096,swap-take-c,4,1048576,349525,1,35407000,723298273294473569
normal-o3,1,256,suffix-3,4096,reverse-c,5,1048576,349525,1,35589000,15444286729871529144
normal-o3,1,256,suffix-3,4096,whitefoot,5,1048576,349525,1,35584000,15444286729871529144
normal-o3,1,256,suffix-3,4096,cpp-std-vector,5,1048576,349525,1,26171000,15444286729871529144
normal-o3,1,256,suffix-3,4096,rust-vec,5,1048576,349525,1,25056000,15444286729871529144
normal-o3,1,256,suffix-3,4096,take-swap-c,5,1048576,349525,1,31237000,15444286729871529144
normal-o3,1,256,suffix-3,4096,swap-take-c,5,1048576,349525,1,35381000,15444286729871529144
normal-o3,1,256,suffix-3,4096,direct-c,5,1048576,349525,1,25200000,15444286729871529144
normal-o3,1,256,suffix-3,4096,whitefoot,6,1048576,349525,1,34884000,11718531112739033103
normal-o3,1,256,suffix-3,4096,cpp-std-vector,6,1048576,349525,1,25966000,11718531112739033103
normal-o3,1,256,suffix-3,4096,rust-vec,6,1048576,349525,1,25272000,11718531112739033103
normal-o3,1,256,suffix-3,4096,take-swap-c,6,1048576,349525,1,31964000,11718531112739033103
normal-o3,1,256,suffix-3,4096,swap-take-c,6,1048576,349525,1,36859000,11718531112739033103
normal-o3,1,256,suffix-3,4096,direct-c,6,1048576,349525,1,25230000,11718531112739033103
normal-o3,1,256,suffix-3,4096,reverse-c,6,1048576,349525,1,36297000,11718531112739033103
