arm,contract,cohort,element_bytes,count,variant,sample,control,contexts,payload_bytes,descriptor_bytes,cycles,operations,elapsed_ns,initial_capacity,capacity,work_bytes,allowance_bytes
H,append-growth-o3,0,8,16,whitefoot,0,0,1024,131072,24576,171,175104,4027372,16,32,67108864,256
H,append-growth-snapshot-control-o3,0,8,16,whitefoot,0,1,1024,131072,24576,171,0,332951,16,16,67108864,256
H,append-growth-o3,0,8,16,rust-vec,0,0,1024,131072,24576,171,175104,6582498,16,32,67108864,256
H,append-growth-snapshot-control-o3,0,8,16,rust-vec,0,1,1024,131072,24576,171,0,332082,16,16,67108864,256
H,append-growth-o3,0,8,16,cpp-std-vector,0,0,1024,131072,24576,171,175104,4609666,16,32,67108864,256
H,append-growth-snapshot-control-o3,0,8,16,cpp-std-vector,0,1,1024,131072,24576,171,0,331457,16,16,67108864,256
H,append-growth-o3,0,8,16,rust-vec,1,0,1024,131072,24576,171,175104,6538664,16,32,67108864,256
H,append-growth-snapshot-control-o3,0,8,16,rust-vec,1,1,1024,131072,24576,171,0,332077,16,16,67108864,256
H,append-growth-o3,0,8,16,cpp-std-vector,1,0,1024,131072,24576,171,175104,4563716,16,32,67108864,256
H,append-growth-snapshot-control-o3,0,8,16,cpp-std-vector,1,1,1024,131072,24576,171,0,336081,16,16,67108864,256
H,append-growth-o3,0,8,16,whitefoot,1,0,1024,131072,24576,171,175104,3930882,16,32,67108864,256
H,append-growth-snapshot-control-o3,0,8,16,whitefoot,1,1,1024,131072,24576,171,0,337454,16,16,67108864,256
H,append-growth-o3,0,8,16,cpp-std-vector,2,0,1024,131072,24576,171,175104,4516042,16,32,67108864,256
H,append-growth-snapshot-control-o3,0,8,16,cpp-std-vector,2,1,1024,131072,24576,171,0,328800,16,16,67108864,256
H,append-growth-o3,0,8,16,whitefoot,2,0,1024,131072,24576,171,175104,3968172,16,32,67108864,256
H,append-growth-snapshot-control-o3,0,8,16,whitefoot,2,1,1024,131072,24576,171,0,330753,16,16,67108864,256
H,append-growth-o3,0,8,16,rust-vec,2,0,1024,131072,24576,171,175104,6633545,16,32,67108864,256
H,append-growth-snapshot-control-o3,0,8,16,rust-vec,2,1,1024,131072,24576,171,0,341328,16,16,67108864,256
H,append-growth-o3,0,8,16,whitefoot,3,0,1024,131072,24576,171,175104,3923876,16,32,67108864,256
H,append-growth-snapshot-control-o3,0,8,16,whitefoot,3,1,1024,131072,24576,171,0,327303,16,16,67108864,256
H,append-growth-o3,0,8,16,rust-vec,3,0,1024,131072,24576,171,175104,6671740,16,32,67108864,256
H,append-growth-snapshot-control-o3,0,8,16,rust-vec,3,1,1024,131072,24576,171,0,355338,16,16,67108864,256
H,append-growth-o3,0,8,16,cpp-std-vector,3,0,1024,131072,24576,171,175104,4716584,16,32,67108864,256
H,append-growth-snapshot-control-o3,0,8,16,cpp-std-vector,3,1,1024,131072,24576,171,0,363663,16,16,67108864,256
H,append-growth-o3,0,8,16,rust-vec,4,0,1024,131072,24576,171,175104,6628662,16,32,67108864,256
H,append-growth-snapshot-control-o3,0,8,16,rust-vec,4,1,1024,131072,24576,171,0,335499,16,16,67108864,256
H,append-growth-o3,0,8,16,cpp-std-vector,4,0,1024,131072,24576,171,175104,4522827,16,32,67108864,256
H,append-growth-snapshot-control-o3,0,8,16,cpp-std-vector,4,1,1024,131072,24576,171,0,348038,16,16,67108864,256
H,append-growth-o3,0,8,16,whitefoot,4,0,1024,131072,24576,171,175104,3941633,16,32,67108864,256
H,append-growth-snapshot-control-o3,0,8,16,whitefoot,4,1,1024,131072,24576,171,0,330124,16,16,67108864,256
H,append-growth-o3,0,8,16,cpp-std-vector,5,0,1024,131072,24576,171,175104,4514210,16,32,67108864,256
H,append-growth-snapshot-control-o3,0,8,16,cpp-std-vector,5,1,1024,131072,24576,171,0,331627,16,16,67108864,256
H,append-growth-o3,0,8,16,whitefoot,5,0,1024,131072,24576,171,175104,3939375,16,32,67108864,256
H,append-growth-snapshot-control-o3,0,8,16,whitefoot,5,1,1024,131072,24576,171,0,332204,16,16,67108864,256
H,append-growth-o3,0,8,16,rust-vec,5,0,1024,131072,24576,171,175104,6503252,16,32,67108864,256
H,append-growth-snapshot-control-o3,0,8,16,rust-vec,5,1,1024,131072,24576,171,0,328083,16,16,67108864,256
H,append-growth-o3,0,8,16,whitefoot,6,0,1024,131072,24576,171,175104,3957584,16,32,67108864,256
H,append-growth-snapshot-control-o3,0,8,16,whitefoot,6,1,1024,131072,24576,171,0,330804,16,16,67108864,256
H,append-growth-o3,0,8,16,rust-vec,6,0,1024,131072,24576,171,175104,6462170,16,32,67108864,256
H,append-growth-snapshot-control-o3,0,8,16,rust-vec,6,1,1024,131072,24576,171,0,334491,16,16,67108864,256
H,append-growth-o3,0,8,16,cpp-std-vector,6,0,1024,131072,24576,171,175104,5448505,16,32,67108864,256
H,append-growth-snapshot-control-o3,0,8,16,cpp-std-vector,6,1,1024,131072,24576,171,0,333553,16,16,67108864,256
H,append-growth-o3,0,8,16,rust-vec,7,0,1024,131072,24576,171,175104,6531917,16,32,67108864,256
H,append-growth-snapshot-control-o3,0,8,16,rust-vec,7,1,1024,131072,24576,171,0,327577,16,16,67108864,256
H,append-growth-o3,0,8,16,cpp-std-vector,7,0,1024,131072,24576,171,175104,4535536,16,32,67108864,256
H,append-growth-snapshot-control-o3,0,8,16,cpp-std-vector,7,1,1024,131072,24576,171,0,331840,16,16,67108864,256
H,append-growth-o3,0,8,16,whitefoot,7,0,1024,131072,24576,171,175104,3922074,16,32,67108864,256
H,append-growth-snapshot-control-o3,0,8,16,whitefoot,7,1,1024,131072,24576,171,0,332665,16,16,67108864,256
H,append-growth-o3,0,8,16,cpp-std-vector,8,0,1024,131072,24576,171,175104,4513459,16,32,67108864,256
H,append-growth-snapshot-control-o3,0,8,16,cpp-std-vector,8,1,1024,131072,24576,171,0,332709,16,16,67108864,256
H,append-growth-o3,0,8,16,whitefoot,8,0,1024,131072,24576,171,175104,3944701,16,32,67108864,256
H,append-growth-snapshot-control-o3,0,8,16,whitefoot,8,1,1024,131072,24576,171,0,329707,16,16,67108864,256
H,append-growth-o3,0,8,16,rust-vec,8,0,1024,131072,24576,171,175104,6620251,16,32,67108864,256
H,append-growth-snapshot-control-o3,0,8,16,rust-vec,8,1,1024,131072,24576,171,0,332749,16,16,67108864,256
H,append-growth-o3,1,8,16,cpp-std-vector,0,0,1024,131072,24576,171,175104,4525841,16,32,67108864,256
H,append-growth-snapshot-control-o3,1,8,16,cpp-std-vector,0,1,1024,131072,24576,171,0,333504,16,16,67108864,256
H,append-growth-o3,1,8,16,rust-vec,0,0,1024,131072,24576,171,175104,6445002,16,32,67108864,256
H,append-growth-snapshot-control-o3,1,8,16,rust-vec,0,1,1024,131072,24576,171,0,331332,16,16,67108864,256
H,append-growth-o3,1,8,16,whitefoot,0,0,1024,131072,24576,171,175104,3961499,16,32,67108864,256
H,append-growth-snapshot-control-o3,1,8,16,whitefoot,0,1,1024,131072,24576,171,0,327499,16,16,67108864,256
H,append-growth-o3,1,8,16,rust-vec,1,0,1024,131072,24576,171,175104,6422756,16,32,67108864,256
H,append-growth-snapshot-control-o3,1,8,16,rust-vec,1,1,1024,131072,24576,171,0,334164,16,16,67108864,256
H,append-growth-o3,1,8,16,whitefoot,1,0,1024,131072,24576,171,175104,3918997,16,32,67108864,256
H,append-growth-snapshot-control-o3,1,8,16,whitefoot,1,1,1024,131072,24576,171,0,329540,16,16,67108864,256
H,append-growth-o3,1,8,16,cpp-std-vector,1,0,1024,131072,24576,171,175104,4524252,16,32,67108864,256
H,append-growth-snapshot-control-o3,1,8,16,cpp-std-vector,1,1,1024,131072,24576,171,0,327752,16,16,67108864,256
H,append-growth-o3,1,8,16,whitefoot,2,0,1024,131072,24576,171,175104,3908823,16,32,67108864,256
H,append-growth-snapshot-control-o3,1,8,16,whitefoot,2,1,1024,131072,24576,171,0,332418,16,16,67108864,256
H,append-growth-o3,1,8,16,cpp-std-vector,2,0,1024,131072,24576,171,175104,4509500,16,32,67108864,256
H,append-growth-snapshot-control-o3,1,8,16,cpp-std-vector,2,1,1024,131072,24576,171,0,331670,16,16,67108864,256
H,append-growth-o3,1,8,16,rust-vec,2,0,1024,131072,24576,171,175104,6459663,16,32,67108864,256
H,append-growth-snapshot-control-o3,1,8,16,rust-vec,2,1,1024,131072,24576,171,0,333324,16,16,67108864,256
H,append-growth-o3,1,8,16,cpp-std-vector,3,0,1024,131072,24576,171,175104,4522872,16,32,67108864,256
H,append-growth-snapshot-control-o3,1,8,16,cpp-std-vector,3,1,1024,131072,24576,171,0,333244,16,16,67108864,256
H,append-growth-o3,1,8,16,rust-vec,3,0,1024,131072,24576,171,175104,6433623,16,32,67108864,256
H,append-growth-snapshot-control-o3,1,8,16,rust-vec,3,1,1024,131072,24576,171,0,346168,16,16,67108864,256
H,append-growth-o3,1,8,16,whitefoot,3,0,1024,131072,24576,171,175104,4053326,16,32,67108864,256
H,append-growth-snapshot-control-o3,1,8,16,whitefoot,3,1,1024,131072,24576,171,0,331584,16,16,67108864,256
H,append-growth-o3,1,8,16,rust-vec,4,0,1024,131072,24576,171,175104,6467165,16,32,67108864,256
H,append-growth-snapshot-control-o3,1,8,16,rust-vec,4,1,1024,131072,24576,171,0,327549,16,16,67108864,256
H,append-growth-o3,1,8,16,whitefoot,4,0,1024,131072,24576,171,175104,3898713,16,32,67108864,256
H,append-growth-snapshot-control-o3,1,8,16,whitefoot,4,1,1024,131072,24576,171,0,372587,16,16,67108864,256
H,append-growth-o3,1,8,16,cpp-std-vector,4,0,1024,131072,24576,171,175104,4543212,16,32,67108864,256
H,append-growth-snapshot-control-o3,1,8,16,cpp-std-vector,4,1,1024,131072,24576,171,0,335136,16,16,67108864,256
H,append-growth-o3,1,8,16,whitefoot,5,0,1024,131072,24576,171,175104,4044048,16,32,67108864,256
H,append-growth-snapshot-control-o3,1,8,16,whitefoot,5,1,1024,131072,24576,171,0,332542,16,16,67108864,256
H,append-growth-o3,1,8,16,cpp-std-vector,5,0,1024,131072,24576,171,175104,4567292,16,32,67108864,256
H,append-growth-snapshot-control-o3,1,8,16,cpp-std-vector,5,1,1024,131072,24576,171,0,329041,16,16,67108864,256
H,append-growth-o3,1,8,16,rust-vec,5,0,1024,131072,24576,171,175104,6433587,16,32,67108864,256
H,append-growth-snapshot-control-o3,1,8,16,rust-vec,5,1,1024,131072,24576,171,0,338497,16,16,67108864,256
H,append-growth-o3,1,8,16,cpp-std-vector,6,0,1024,131072,24576,171,175104,4506038,16,32,67108864,256
H,append-growth-snapshot-control-o3,1,8,16,cpp-std-vector,6,1,1024,131072,24576,171,0,336035,16,16,67108864,256
H,append-growth-o3,1,8,16,rust-vec,6,0,1024,131072,24576,171,175104,6424797,16,32,67108864,256
H,append-growth-snapshot-control-o3,1,8,16,rust-vec,6,1,1024,131072,24576,171,0,333046,16,16,67108864,256
H,append-growth-o3,1,8,16,whitefoot,6,0,1024,131072,24576,171,175104,3931919,16,32,67108864,256
H,append-growth-snapshot-control-o3,1,8,16,whitefoot,6,1,1024,131072,24576,171,0,331504,16,16,67108864,256
H,append-growth-o3,1,8,16,rust-vec,7,0,1024,131072,24576,171,175104,6457378,16,32,67108864,256
H,append-growth-snapshot-control-o3,1,8,16,rust-vec,7,1,1024,131072,24576,171,0,333175,16,16,67108864,256
H,append-growth-o3,1,8,16,whitefoot,7,0,1024,131072,24576,171,175104,3919663,16,32,67108864,256
H,append-growth-snapshot-control-o3,1,8,16,whitefoot,7,1,1024,131072,24576,171,0,331502,16,16,67108864,256
H,append-growth-o3,1,8,16,cpp-std-vector,7,0,1024,131072,24576,171,175104,4686040,16,32,67108864,256
H,append-growth-snapshot-control-o3,1,8,16,cpp-std-vector,7,1,1024,131072,24576,171,0,355796,16,16,67108864,256
H,append-growth-o3,1,8,16,whitefoot,8,0,1024,131072,24576,171,175104,4024538,16,32,67108864,256
H,append-growth-snapshot-control-o3,1,8,16,whitefoot,8,1,1024,131072,24576,171,0,370170,16,16,67108864,256
H,append-growth-o3,1,8,16,cpp-std-vector,8,0,1024,131072,24576,171,175104,4735373,16,32,67108864,256
H,append-growth-snapshot-control-o3,1,8,16,cpp-std-vector,8,1,1024,131072,24576,171,0,334659,16,16,67108864,256
H,append-growth-o3,1,8,16,rust-vec,8,0,1024,131072,24576,171,175104,6451214,16,32,67108864,256
H,append-growth-snapshot-control-o3,1,8,16,rust-vec,8,1,1024,131072,24576,171,0,335035,16,16,67108864,256
H,append-growth-o3,0,8,224,whitefoot,0,0,512,917504,12288,64,32768,2839044,224,448,67108864,256
H,append-growth-snapshot-control-o3,0,8,224,whitefoot,0,1,512,917504,12288,64,0,59207,224,224,67108864,256
H,append-growth-o3,0,8,224,rust-vec,0,0,512,917504,12288,64,32768,3329166,224,448,67108864,256
H,append-growth-snapshot-control-o3,0,8,224,rust-vec,0,1,512,917504,12288,64,0,63960,224,224,67108864,256
H,append-growth-o3,0,8,224,cpp-std-vector,0,0,512,917504,12288,64,32768,2993086,224,448,67108864,256
H,append-growth-snapshot-control-o3,0,8,224,cpp-std-vector,0,1,512,917504,12288,64,0,59786,224,224,67108864,256
H,append-growth-o3,0,8,224,rust-vec,1,0,512,917504,12288,64,32768,3229285,224,448,67108864,256
H,append-growth-snapshot-control-o3,0,8,224,rust-vec,1,1,512,917504,12288,64,0,60373,224,224,67108864,256
H,append-growth-o3,0,8,224,cpp-std-vector,1,0,512,917504,12288,64,32768,2984746,224,448,67108864,256
H,append-growth-snapshot-control-o3,0,8,224,cpp-std-vector,1,1,512,917504,12288,64,0,61623,224,224,67108864,256
H,append-growth-o3,0,8,224,whitefoot,1,0,512,917504,12288,64,32768,3311460,224,448,67108864,256
H,append-growth-snapshot-control-o3,0,8,224,whitefoot,1,1,512,917504,12288,64,0,66709,224,224,67108864,256
H,append-growth-o3,0,8,224,cpp-std-vector,2,0,512,917504,12288,64,32768,3432838,224,448,67108864,256
H,append-growth-snapshot-control-o3,0,8,224,cpp-std-vector,2,1,512,917504,12288,64,0,64749,224,224,67108864,256
H,append-growth-o3,0,8,224,whitefoot,2,0,512,917504,12288,64,32768,2995293,224,448,67108864,256
H,append-growth-snapshot-control-o3,0,8,224,whitefoot,2,1,512,917504,12288,64,0,61666,224,224,67108864,256
H,append-growth-o3,0,8,224,rust-vec,2,0,512,917504,12288,64,32768,8759954,224,448,67108864,256
H,append-growth-snapshot-control-o3,0,8,224,rust-vec,2,1,512,917504,12288,64,0,62253,224,224,67108864,256
H,append-growth-o3,0,8,224,whitefoot,3,0,512,917504,12288,64,32768,3175247,224,448,67108864,256
H,append-growth-snapshot-control-o3,0,8,224,whitefoot,3,1,512,917504,12288,64,0,61583,224,224,67108864,256
H,append-growth-o3,0,8,224,rust-vec,3,0,512,917504,12288,64,32768,3357416,224,448,67108864,256
H,append-growth-snapshot-control-o3,0,8,224,rust-vec,3,1,512,917504,12288,64,0,72500,224,224,67108864,256
H,append-growth-o3,0,8,224,cpp-std-vector,3,0,512,917504,12288,64,32768,3144502,224,448,67108864,256
H,append-growth-snapshot-control-o3,0,8,224,cpp-std-vector,3,1,512,917504,12288,64,0,62955,224,224,67108864,256
H,append-growth-o3,0,8,224,rust-vec,4,0,512,917504,12288,64,32768,3234713,224,448,67108864,256
H,append-growth-snapshot-control-o3,0,8,224,rust-vec,4,1,512,917504,12288,64,0,60672,224,224,67108864,256
H,append-growth-o3,0,8,224,cpp-std-vector,4,0,512,917504,12288,64,32768,3245413,224,448,67108864,256
H,append-growth-snapshot-control-o3,0,8,224,cpp-std-vector,4,1,512,917504,12288,64,0,65340,224,224,67108864,256
H,append-growth-o3,0,8,224,whitefoot,4,0,512,917504,12288,64,32768,3896292,224,448,67108864,256
H,append-growth-snapshot-control-o3,0,8,224,whitefoot,4,1,512,917504,12288,64,0,63125,224,224,67108864,256
H,append-growth-o3,0,8,224,cpp-std-vector,5,0,512,917504,12288,64,32768,3028667,224,448,67108864,256
H,append-growth-snapshot-control-o3,0,8,224,cpp-std-vector,5,1,512,917504,12288,64,0,59998,224,224,67108864,256
H,append-growth-o3,0,8,224,whitefoot,5,0,512,917504,12288,64,32768,2809582,224,448,67108864,256
H,append-growth-snapshot-control-o3,0,8,224,whitefoot,5,1,512,917504,12288,64,0,64540,224,224,67108864,256
H,append-growth-o3,0,8,224,rust-vec,5,0,512,917504,12288,64,32768,3444167,224,448,67108864,256
H,append-growth-snapshot-control-o3,0,8,224,rust-vec,5,1,512,917504,12288,64,0,61165,224,224,67108864,256
H,append-growth-o3,0,8,224,whitefoot,6,0,512,917504,12288,64,32768,2813000,224,448,67108864,256
H,append-growth-snapshot-control-o3,0,8,224,whitefoot,6,1,512,917504,12288,64,0,62879,224,224,67108864,256
H,append-growth-o3,0,8,224,rust-vec,6,0,512,917504,12288,64,32768,3367251,224,448,67108864,256
H,append-growth-snapshot-control-o3,0,8,224,rust-vec,6,1,512,917504,12288,64,0,60669,224,224,67108864,256
H,append-growth-o3,0,8,224,cpp-std-vector,6,0,512,917504,12288,64,32768,3056709,224,448,67108864,256
H,append-growth-snapshot-control-o3,0,8,224,cpp-std-vector,6,1,512,917504,12288,64,0,65127,224,224,67108864,256
H,append-growth-o3,0,8,224,rust-vec,7,0,512,917504,12288,64,32768,3451626,224,448,67108864,256
H,append-growth-snapshot-control-o3,0,8,224,rust-vec,7,1,512,917504,12288,64,0,65332,224,224,67108864,256
H,append-growth-o3,0,8,224,cpp-std-vector,7,0,512,917504,12288,64,32768,3207915,224,448,67108864,256
H,append-growth-snapshot-control-o3,0,8,224,cpp-std-vector,7,1,512,917504,12288,64,0,61622,224,224,67108864,256
H,append-growth-o3,0,8,224,whitefoot,7,0,512,917504,12288,64,32768,2818169,224,448,67108864,256
H,append-growth-snapshot-control-o3,0,8,224,whitefoot,7,1,512,917504,12288,64,0,108170,224,224,67108864,256
H,append-growth-o3,0,8,224,cpp-std-vector,8,0,512,917504,12288,64,32768,3114538,224,448,67108864,256
H,append-growth-snapshot-control-o3,0,8,224,cpp-std-vector,8,1,512,917504,12288,64,0,62327,224,224,67108864,256
H,append-growth-o3,0,8,224,whitefoot,8,0,512,917504,12288,64,32768,2727040,224,448,67108864,256
H,append-growth-snapshot-control-o3,0,8,224,whitefoot,8,1,512,917504,12288,64,0,59750,224,224,67108864,256
H,append-growth-o3,0,8,224,rust-vec,8,0,512,917504,12288,64,32768,3220582,224,448,67108864,256
H,append-growth-snapshot-control-o3,0,8,224,rust-vec,8,1,512,917504,12288,64,0,59966,224,224,67108864,256
H,append-growth-o3,1,8,224,cpp-std-vector,0,0,512,917504,12288,64,32768,2857297,224,448,67108864,256
H,append-growth-snapshot-control-o3,1,8,224,cpp-std-vector,0,1,512,917504,12288,64,0,60167,224,224,67108864,256
H,append-growth-o3,1,8,224,rust-vec,0,0,512,917504,12288,64,32768,3291204,224,448,67108864,256
H,append-growth-snapshot-control-o3,1,8,224,rust-vec,0,1,512,917504,12288,64,0,63040,224,224,67108864,256
H,append-growth-o3,1,8,224,whitefoot,0,0,512,917504,12288,64,32768,2749377,224,448,67108864,256
H,append-growth-snapshot-control-o3,1,8,224,whitefoot,0,1,512,917504,12288,64,0,59459,224,224,67108864,256
H,append-growth-o3,1,8,224,rust-vec,1,0,512,917504,12288,64,32768,3182169,224,448,67108864,256
H,append-growth-snapshot-control-o3,1,8,224,rust-vec,1,1,512,917504,12288,64,0,60041,224,224,67108864,256
H,append-growth-o3,1,8,224,whitefoot,1,0,512,917504,12288,64,32768,2684952,224,448,67108864,256
H,append-growth-snapshot-control-o3,1,8,224,whitefoot,1,1,512,917504,12288,64,0,59499,224,224,67108864,256
H,append-growth-o3,1,8,224,cpp-std-vector,1,0,512,917504,12288,64,32768,3062083,224,448,67108864,256
H,append-growth-snapshot-control-o3,1,8,224,cpp-std-vector,1,1,512,917504,12288,64,0,60457,224,224,67108864,256
H,append-growth-o3,1,8,224,whitefoot,2,0,512,917504,12288,64,32768,2804586,224,448,67108864,256
H,append-growth-snapshot-control-o3,1,8,224,whitefoot,2,1,512,917504,12288,64,0,61295,224,224,67108864,256
H,append-growth-o3,1,8,224,cpp-std-vector,2,0,512,917504,12288,64,32768,3112336,224,448,67108864,256
H,append-growth-snapshot-control-o3,1,8,224,cpp-std-vector,2,1,512,917504,12288,64,0,62958,224,224,67108864,256
H,append-growth-o3,1,8,224,rust-vec,2,0,512,917504,12288,64,32768,3227417,224,448,67108864,256
H,append-growth-snapshot-control-o3,1,8,224,rust-vec,2,1,512,917504,12288,64,0,59707,224,224,67108864,256
H,append-growth-o3,1,8,224,cpp-std-vector,3,0,512,917504,12288,64,32768,2838709,224,448,67108864,256
H,append-growth-snapshot-control-o3,1,8,224,cpp-std-vector,3,1,512,917504,12288,64,0,59753,224,224,67108864,256
H,append-growth-o3,1,8,224,rust-vec,3,0,512,917504,12288,64,32768,3170045,224,448,67108864,256
H,append-growth-snapshot-control-o3,1,8,224,rust-vec,3,1,512,917504,12288,64,0,59834,224,224,67108864,256
H,append-growth-o3,1,8,224,whitefoot,3,0,512,917504,12288,64,32768,2738170,224,448,67108864,256
H,append-growth-snapshot-control-o3,1,8,224,whitefoot,3,1,512,917504,12288,64,0,59834,224,224,67108864,256
H,append-growth-o3,1,8,224,rust-vec,4,0,512,917504,12288,64,32768,3173003,224,448,67108864,256
H,append-growth-snapshot-control-o3,1,8,224,rust-vec,4,1,512,917504,12288,64,0,60334,224,224,67108864,256
H,append-growth-o3,1,8,224,whitefoot,4,0,512,917504,12288,64,32768,2725958,224,448,67108864,256
H,append-growth-snapshot-control-o3,1,8,224,whitefoot,4,1,512,917504,12288,64,0,59961,224,224,67108864,256
H,append-growth-o3,1,8,224,cpp-std-vector,4,0,512,917504,12288,64,32768,2967672,224,448,67108864,256
H,append-growth-snapshot-control-o3,1,8,224,cpp-std-vector,4,1,512,917504,12288,64,0,65630,224,224,67108864,256
H,append-growth-o3,1,8,224,whitefoot,5,0,512,917504,12288,64,32768,2779793,224,448,67108864,256
H,append-growth-snapshot-control-o3,1,8,224,whitefoot,5,1,512,917504,12288,64,0,59205,224,224,67108864,256
H,append-growth-o3,1,8,224,cpp-std-vector,5,0,512,917504,12288,64,32768,2863252,224,448,67108864,256
H,append-growth-snapshot-control-o3,1,8,224,cpp-std-vector,5,1,512,917504,12288,64,0,59665,224,224,67108864,256
H,append-growth-o3,1,8,224,rust-vec,5,0,512,917504,12288,64,32768,3226001,224,448,67108864,256
H,append-growth-snapshot-control-o3,1,8,224,rust-vec,5,1,512,917504,12288,64,0,60078,224,224,67108864,256
H,append-growth-o3,1,8,224,cpp-std-vector,6,0,512,917504,12288,64,32768,2831793,224,448,67108864,256
H,append-growth-snapshot-control-o3,1,8,224,cpp-std-vector,6,1,512,917504,12288,64,0,60503,224,224,67108864,256
H,append-growth-o3,1,8,224,rust-vec,6,0,512,917504,12288,64,32768,3286794,224,448,67108864,256
H,append-growth-snapshot-control-o3,1,8,224,rust-vec,6,1,512,917504,12288,64,0,65914,224,224,67108864,256
H,append-growth-o3,1,8,224,whitefoot,6,0,512,917504,12288,64,32768,2913543,224,448,67108864,256
H,append-growth-snapshot-control-o3,1,8,224,whitefoot,6,1,512,917504,12288,64,0,64626,224,224,67108864,256
H,append-growth-o3,1,8,224,rust-vec,7,0,512,917504,12288,64,32768,3318752,224,448,67108864,256
H,append-growth-snapshot-control-o3,1,8,224,rust-vec,7,1,512,917504,12288,64,0,60501,224,224,67108864,256
H,append-growth-o3,1,8,224,whitefoot,7,0,512,917504,12288,64,32768,2820422,224,448,67108864,256
H,append-growth-snapshot-control-o3,1,8,224,whitefoot,7,1,512,917504,12288,64,0,62042,224,224,67108864,256
H,append-growth-o3,1,8,224,cpp-std-vector,7,0,512,917504,12288,64,32768,3040332,224,448,67108864,256
H,append-growth-snapshot-control-o3,1,8,224,cpp-std-vector,7,1,512,917504,12288,64,0,60119,224,224,67108864,256
H,append-growth-o3,1,8,224,whitefoot,8,0,512,917504,12288,64,32768,3088576,224,448,67108864,256
H,append-growth-snapshot-control-o3,1,8,224,whitefoot,8,1,512,917504,12288,64,0,59916,224,224,67108864,256
H,append-growth-o3,1,8,224,cpp-std-vector,8,0,512,917504,12288,64,32768,2889501,224,448,67108864,256
H,append-growth-snapshot-control-o3,1,8,224,cpp-std-vector,8,1,512,917504,12288,64,0,60253,224,224,67108864,256
H,append-growth-o3,1,8,224,rust-vec,8,0,512,917504,12288,64,32768,3233708,224,448,67108864,256
H,append-growth-snapshot-control-o3,1,8,224,rust-vec,8,1,512,917504,12288,64,0,60041,224,224,67108864,256
H,append-growth-o3,0,8,256,whitefoot,0,0,455,931840,10920,65,29575,2740668,256,512,67108864,256
H,append-growth-snapshot-control-o3,0,8,256,whitefoot,0,1,455,931840,10920,65,0,52745,256,256,67108864,256
H,append-growth-o3,0,8,256,rust-vec,0,0,455,931840,10920,65,29575,3171246,256,512,67108864,256
H,append-growth-snapshot-control-o3,0,8,256,rust-vec,0,1,455,931840,10920,65,0,53252,256,256,67108864,256
H,append-growth-o3,0,8,256,cpp-std-vector,0,0,455,931840,10920,65,29575,3018667,256,512,67108864,256
H,append-growth-snapshot-control-o3,0,8,256,cpp-std-vector,0,1,455,931840,10920,65,0,53213,256,256,67108864,256
H,append-growth-o3,0,8,256,rust-vec,1,0,455,931840,10920,65,29575,3144163,256,512,67108864,256
H,append-growth-snapshot-control-o3,0,8,256,rust-vec,1,1,455,931840,10920,65,0,53625,256,256,67108864,256
H,append-growth-o3,0,8,256,cpp-std-vector,1,0,455,931840,10920,65,29575,2757998,256,512,67108864,256
H,append-growth-snapshot-control-o3,0,8,256,cpp-std-vector,1,1,455,931840,10920,65,0,53121,256,256,67108864,256
H,append-growth-o3,0,8,256,whitefoot,1,0,455,931840,10920,65,29575,2742705,256,512,67108864,256
H,append-growth-snapshot-control-o3,0,8,256,whitefoot,1,1,455,931840,10920,65,0,52749,256,256,67108864,256
H,append-growth-o3,0,8,256,cpp-std-vector,2,0,455,931840,10920,65,29575,2803579,256,512,67108864,256
H,append-growth-snapshot-control-o3,0,8,256,cpp-std-vector,2,1,455,931840,10920,65,0,52788,256,256,67108864,256
H,append-growth-o3,0,8,256,whitefoot,2,0,455,931840,10920,65,29575,2593669,256,512,67108864,256
H,append-growth-snapshot-control-o3,0,8,256,whitefoot,2,1,455,931840,10920,65,0,53081,256,256,67108864,256
H,append-growth-o3,0,8,256,rust-vec,2,0,455,931840,10920,65,29575,3477628,256,512,67108864,256
H,append-growth-snapshot-control-o3,0,8,256,rust-vec,2,1,455,931840,10920,65,0,53718,256,256,67108864,256
H,append-growth-o3,0,8,256,whitefoot,3,0,455,931840,10920,65,29575,2885037,256,512,67108864,256
H,append-growth-snapshot-control-o3,0,8,256,whitefoot,3,1,455,931840,10920,65,0,53453,256,256,67108864,256
H,append-growth-o3,0,8,256,rust-vec,3,0,455,931840,10920,65,29575,3167800,256,512,67108864,256
H,append-growth-snapshot-control-o3,0,8,256,rust-vec,3,1,455,931840,10920,65,0,53379,256,256,67108864,256
H,append-growth-o3,0,8,256,cpp-std-vector,3,0,455,931840,10920,65,29575,2820379,256,512,67108864,256
H,append-growth-snapshot-control-o3,0,8,256,cpp-std-vector,3,1,455,931840,10920,65,0,53506,256,256,67108864,256
H,append-growth-o3,0,8,256,rust-vec,4,0,455,931840,10920,65,29575,3039751,256,512,67108864,256
H,append-growth-snapshot-control-o3,0,8,256,rust-vec,4,1,455,931840,10920,65,0,53326,256,256,67108864,256
H,append-growth-o3,0,8,256,cpp-std-vector,4,0,455,931840,10920,65,29575,2864922,256,512,67108864,256
H,append-growth-snapshot-control-o3,0,8,256,cpp-std-vector,4,1,455,931840,10920,65,0,55796,256,256,67108864,256
H,append-growth-o3,0,8,256,whitefoot,4,0,455,931840,10920,65,29575,2668670,256,512,67108864,256
H,append-growth-snapshot-control-o3,0,8,256,whitefoot,4,1,455,931840,10920,65,0,52703,256,256,67108864,256
H,append-growth-o3,0,8,256,cpp-std-vector,5,0,455,931840,10920,65,29575,2763912,256,512,67108864,256
H,append-growth-snapshot-control-o3,0,8,256,cpp-std-vector,5,1,455,931840,10920,65,0,53084,256,256,67108864,256
H,append-growth-o3,0,8,256,whitefoot,5,0,455,931840,10920,65,29575,2599709,256,512,67108864,256
H,append-growth-snapshot-control-o3,0,8,256,whitefoot,5,1,455,931840,10920,65,0,52663,256,256,67108864,256
H,append-growth-o3,0,8,256,rust-vec,5,0,455,931840,10920,65,29575,3370335,256,512,67108864,256
H,append-growth-snapshot-control-o3,0,8,256,rust-vec,5,1,455,931840,10920,65,0,57753,256,256,67108864,256
H,append-growth-o3,0,8,256,whitefoot,6,0,455,931840,10920,65,29575,2757711,256,512,67108864,256
H,append-growth-snapshot-control-o3,0,8,256,whitefoot,6,1,455,931840,10920,65,0,53336,256,256,67108864,256
H,append-growth-o3,0,8,256,rust-vec,6,0,455,931840,10920,65,29575,3124703,256,512,67108864,256
H,append-growth-snapshot-control-o3,0,8,256,rust-vec,6,1,455,931840,10920,65,0,56169,256,256,67108864,256
H,append-growth-o3,0,8,256,cpp-std-vector,6,0,455,931840,10920,65,29575,2892001,256,512,67108864,256
H,append-growth-snapshot-control-o3,0,8,256,cpp-std-vector,6,1,455,931840,10920,65,0,53245,256,256,67108864,256
H,append-growth-o3,0,8,256,rust-vec,7,0,455,931840,10920,65,29575,3043415,256,512,67108864,256
H,append-growth-snapshot-control-o3,0,8,256,rust-vec,7,1,455,931840,10920,65,0,53378,256,256,67108864,256
H,append-growth-o3,0,8,256,cpp-std-vector,7,0,455,931840,10920,65,29575,2788126,256,512,67108864,256
H,append-growth-snapshot-control-o3,0,8,256,cpp-std-vector,7,1,455,931840,10920,65,0,56706,256,256,67108864,256
H,append-growth-o3,0,8,256,whitefoot,7,0,455,931840,10920,65,29575,2625084,256,512,67108864,256
H,append-growth-snapshot-control-o3,0,8,256,whitefoot,7,1,455,931840,10920,65,0,52582,256,256,67108864,256
H,append-growth-o3,0,8,256,cpp-std-vector,8,0,455,931840,10920,65,29575,2732377,256,512,67108864,256
H,append-growth-snapshot-control-o3,0,8,256,cpp-std-vector,8,1,455,931840,10920,65,0,53370,256,256,67108864,256
H,append-growth-o3,0,8,256,whitefoot,8,0,455,931840,10920,65,29575,2614253,256,512,67108864,256
H,append-growth-snapshot-control-o3,0,8,256,whitefoot,8,1,455,931840,10920,65,0,57876,256,256,67108864,256
H,append-growth-o3,0,8,256,rust-vec,8,0,455,931840,10920,65,29575,3106959,256,512,67108864,256
H,append-growth-snapshot-control-o3,0,8,256,rust-vec,8,1,455,931840,10920,65,0,53289,256,256,67108864,256
H,append-growth-o3,1,8,256,cpp-std-vector,0,0,455,931840,10920,65,29575,2914831,256,512,67108864,256
H,append-growth-snapshot-control-o3,1,8,256,cpp-std-vector,0,1,455,931840,10920,65,0,52954,256,256,67108864,256
H,append-growth-o3,1,8,256,rust-vec,0,0,455,931840,10920,65,29575,3225586,256,512,67108864,256
H,append-growth-snapshot-control-o3,1,8,256,rust-vec,0,1,455,931840,10920,65,0,56082,256,256,67108864,256
H,append-growth-o3,1,8,256,whitefoot,0,0,455,931840,10920,65,29575,2735912,256,512,67108864,256
H,append-growth-snapshot-control-o3,1,8,256,whitefoot,0,1,455,931840,10920,65,0,54503,256,256,67108864,256
H,append-growth-o3,1,8,256,rust-vec,1,0,455,931840,10920,65,29575,3189835,256,512,67108864,256
H,append-growth-snapshot-control-o3,1,8,256,rust-vec,1,1,455,931840,10920,65,0,55501,256,256,67108864,256
H,append-growth-o3,1,8,256,whitefoot,1,0,455,931840,10920,65,29575,2656414,256,512,67108864,256
H,append-growth-snapshot-control-o3,1,8,256,whitefoot,1,1,455,931840,10920,65,0,56288,256,256,67108864,256
H,append-growth-o3,1,8,256,cpp-std-vector,1,0,455,931840,10920,65,29575,2789832,256,512,67108864,256
H,append-growth-snapshot-control-o3,1,8,256,cpp-std-vector,1,1,455,931840,10920,65,0,53290,256,256,67108864,256
H,append-growth-o3,1,8,256,whitefoot,2,0,455,931840,10920,65,29575,2653464,256,512,67108864,256
H,append-growth-snapshot-control-o3,1,8,256,whitefoot,2,1,455,931840,10920,65,0,52962,256,256,67108864,256
H,append-growth-o3,1,8,256,cpp-std-vector,2,0,455,931840,10920,65,29575,2736669,256,512,67108864,256
H,append-growth-snapshot-control-o3,1,8,256,cpp-std-vector,2,1,455,931840,10920,65,0,52960,256,256,67108864,256
H,append-growth-o3,1,8,256,rust-vec,2,0,455,931840,10920,65,29575,3074455,256,512,67108864,256
H,append-growth-snapshot-control-o3,1,8,256,rust-vec,2,1,455,931840,10920,65,0,53626,256,256,67108864,256
H,append-growth-o3,1,8,256,cpp-std-vector,3,0,455,931840,10920,65,29575,2749297,256,512,67108864,256
H,append-growth-snapshot-control-o3,1,8,256,cpp-std-vector,3,1,455,931840,10920,65,0,52754,256,256,67108864,256
H,append-growth-o3,1,8,256,rust-vec,3,0,455,931840,10920,65,29575,3056829,256,512,67108864,256
H,append-growth-snapshot-control-o3,1,8,256,rust-vec,3,1,455,931840,10920,65,0,53372,256,256,67108864,256
H,append-growth-o3,1,8,256,whitefoot,3,0,455,931840,10920,65,29575,2684540,256,512,67108864,256
H,append-growth-snapshot-control-o3,1,8,256,whitefoot,3,1,455,931840,10920,65,0,53039,256,256,67108864,256
H,append-growth-o3,1,8,256,rust-vec,4,0,455,931840,10920,65,29575,3119252,256,512,67108864,256
H,append-growth-snapshot-control-o3,1,8,256,rust-vec,4,1,455,931840,10920,65,0,58876,256,256,67108864,256
H,append-growth-o3,1,8,256,whitefoot,4,0,455,931840,10920,65,29575,2683420,256,512,67108864,256
H,append-growth-snapshot-control-o3,1,8,256,whitefoot,4,1,455,931840,10920,65,0,53214,256,256,67108864,256
H,append-growth-o3,1,8,256,cpp-std-vector,4,0,455,931840,10920,65,29575,2848459,256,512,67108864,256
H,append-growth-snapshot-control-o3,1,8,256,cpp-std-vector,4,1,455,931840,10920,65,0,57626,256,256,67108864,256
H,append-growth-o3,1,8,256,whitefoot,5,0,455,931840,10920,65,29575,2746625,256,512,67108864,256
H,append-growth-snapshot-control-o3,1,8,256,whitefoot,5,1,455,931840,10920,65,0,55498,256,256,67108864,256
H,append-growth-o3,1,8,256,cpp-std-vector,5,0,455,931840,10920,65,29575,2806120,256,512,67108864,256
H,append-growth-snapshot-control-o3,1,8,256,cpp-std-vector,5,1,455,931840,10920,65,0,54077,256,256,67108864,256
H,append-growth-o3,1,8,256,rust-vec,5,0,455,931840,10920,65,29575,3064413,256,512,67108864,256
H,append-growth-snapshot-control-o3,1,8,256,rust-vec,5,1,455,931840,10920,65,0,54003,256,256,67108864,256
H,append-growth-o3,1,8,256,cpp-std-vector,6,0,455,931840,10920,65,29575,2782999,256,512,67108864,256
H,append-growth-snapshot-control-o3,1,8,256,cpp-std-vector,6,1,455,931840,10920,65,0,53219,256,256,67108864,256
H,append-growth-o3,1,8,256,rust-vec,6,0,455,931840,10920,65,29575,3057837,256,512,67108864,256
H,append-growth-snapshot-control-o3,1,8,256,rust-vec,6,1,455,931840,10920,65,0,57666,256,256,67108864,256
H,append-growth-o3,1,8,256,whitefoot,6,0,455,931840,10920,65,29575,2639709,256,512,67108864,256
H,append-growth-snapshot-control-o3,1,8,256,whitefoot,6,1,455,931840,10920,65,0,54839,256,256,67108864,256
H,append-growth-o3,1,8,256,rust-vec,7,0,455,931840,10920,65,29575,3112751,256,512,67108864,256
H,append-growth-snapshot-control-o3,1,8,256,rust-vec,7,1,455,931840,10920,65,0,53622,256,256,67108864,256
H,append-growth-o3,1,8,256,whitefoot,7,0,455,931840,10920,65,29575,2623665,256,512,67108864,256
H,append-growth-snapshot-control-o3,1,8,256,whitefoot,7,1,455,931840,10920,65,0,52796,256,256,67108864,256
H,append-growth-o3,1,8,256,cpp-std-vector,7,0,455,931840,10920,65,29575,2794080,256,512,67108864,256
H,append-growth-snapshot-control-o3,1,8,256,cpp-std-vector,7,1,455,931840,10920,65,0,53420,256,256,67108864,256
H,append-growth-o3,1,8,256,whitefoot,8,0,455,931840,10920,65,29575,2584710,256,512,67108864,256
H,append-growth-snapshot-control-o3,1,8,256,whitefoot,8,1,455,931840,10920,65,0,53338,256,256,67108864,256
H,append-growth-o3,1,8,256,cpp-std-vector,8,0,455,931840,10920,65,29575,2751380,256,512,67108864,256
H,append-growth-snapshot-control-o3,1,8,256,cpp-std-vector,8,1,455,931840,10920,65,0,52789,256,256,67108864,256
H,append-growth-o3,1,8,256,rust-vec,8,0,455,931840,10920,65,29575,3076381,256,512,67108864,256
H,append-growth-snapshot-control-o3,1,8,256,rust-vec,8,1,455,931840,10920,65,0,53411,256,256,67108864,256
H,append-growth-o3,0,8,288,whitefoot,0,0,409,942336,9816,65,26585,3026665,288,576,67108864,256
H,append-growth-snapshot-control-o3,0,8,288,whitefoot,0,1,409,942336,9816,65,0,47707,288,288,67108864,256
H,append-growth-o3,0,8,288,rust-vec,0,0,409,942336,9816,65,26585,2856496,288,576,67108864,256
H,append-growth-snapshot-control-o3,0,8,288,rust-vec,0,1,409,942336,9816,65,0,47414,288,288,67108864,256
H,append-growth-o3,0,8,288,cpp-std-vector,0,0,409,942336,9816,65,26585,2766083,288,576,67108864,256
H,append-growth-snapshot-control-o3,0,8,288,cpp-std-vector,0,1,409,942336,9816,65,0,46709,288,288,67108864,256
H,append-growth-o3,0,8,288,rust-vec,1,0,409,942336,9816,65,26585,2878133,288,576,67108864,256
H,append-growth-snapshot-control-o3,0,8,288,rust-vec,1,1,409,942336,9816,65,0,47752,288,288,67108864,256
H,append-growth-o3,0,8,288,cpp-std-vector,1,0,409,942336,9816,65,26585,2533701,288,576,67108864,256
H,append-growth-snapshot-control-o3,0,8,288,cpp-std-vector,1,1,409,942336,9816,65,0,56589,288,288,67108864,256
H,append-growth-o3,0,8,288,whitefoot,1,0,409,942336,9816,65,26585,2812130,288,576,67108864,256
H,append-growth-snapshot-control-o3,0,8,288,whitefoot,1,1,409,942336,9816,65,0,46746,288,288,67108864,256
H,append-growth-o3,0,8,288,cpp-std-vector,2,0,409,942336,9816,65,26585,2529831,288,576,67108864,256
H,append-growth-snapshot-control-o3,0,8,288,cpp-std-vector,2,1,409,942336,9816,65,0,46916,288,288,67108864,256
H,append-growth-o3,0,8,288,whitefoot,2,0,409,942336,9816,65,26585,2825841,288,576,67108864,256
H,append-growth-snapshot-control-o3,0,8,288,whitefoot,2,1,409,942336,9816,65,0,46879,288,288,67108864,256
H,append-growth-o3,0,8,288,rust-vec,2,0,409,942336,9816,65,26585,2853877,288,576,67108864,256
H,append-growth-snapshot-control-o3,0,8,288,rust-vec,2,1,409,942336,9816,65,0,47211,288,288,67108864,256
H,append-growth-o3,0,8,288,whitefoot,3,0,409,942336,9816,65,26585,2824458,288,576,67108864,256
H,append-growth-snapshot-control-o3,0,8,288,whitefoot,3,1,409,942336,9816,65,0,46706,288,288,67108864,256
H,append-growth-o3,0,8,288,rust-vec,3,0,409,942336,9816,65,26585,2866747,288,576,67108864,256
H,append-growth-snapshot-control-o3,0,8,288,rust-vec,3,1,409,942336,9816,65,0,47629,288,288,67108864,256
H,append-growth-o3,0,8,288,cpp-std-vector,3,0,409,942336,9816,65,26585,2568788,288,576,67108864,256
H,append-growth-snapshot-control-o3,0,8,288,cpp-std-vector,3,1,409,942336,9816,65,0,49005,288,288,67108864,256
H,append-growth-o3,0,8,288,rust-vec,4,0,409,942336,9816,65,26585,3120708,288,576,67108864,256
H,append-growth-snapshot-control-o3,0,8,288,rust-vec,4,1,409,942336,9816,65,0,52248,288,288,67108864,256
H,append-growth-o3,0,8,288,cpp-std-vector,4,0,409,942336,9816,65,26585,2762458,288,576,67108864,256
H,append-growth-snapshot-control-o3,0,8,288,cpp-std-vector,4,1,409,942336,9816,65,0,47453,288,288,67108864,256
H,append-growth-o3,0,8,288,whitefoot,4,0,409,942336,9816,65,26585,2879288,288,576,67108864,256
H,append-growth-snapshot-control-o3,0,8,288,whitefoot,4,1,409,942336,9816,65,0,46836,288,288,67108864,256
H,append-growth-o3,0,8,288,cpp-std-vector,5,0,409,942336,9816,65,26585,2530045,288,576,67108864,256
H,append-growth-snapshot-control-o3,0,8,288,cpp-std-vector,5,1,409,942336,9816,65,0,47126,288,288,67108864,256
H,append-growth-o3,0,8,288,whitefoot,5,0,409,942336,9816,65,26585,2818831,288,576,67108864,256
H,append-growth-snapshot-control-o3,0,8,288,whitefoot,5,1,409,942336,9816,65,0,46920,288,288,67108864,256
H,append-growth-o3,0,8,288,rust-vec,5,0,409,942336,9816,65,26585,2851837,288,576,67108864,256
H,append-growth-snapshot-control-o3,0,8,288,rust-vec,5,1,409,942336,9816,65,0,47003,288,288,67108864,256
H,append-growth-o3,0,8,288,whitefoot,6,0,409,942336,9816,65,26585,2787581,288,576,67108864,256
H,append-growth-snapshot-control-o3,0,8,288,whitefoot,6,1,409,942336,9816,65,0,46829,288,288,67108864,256
H,append-growth-o3,0,8,288,rust-vec,6,0,409,942336,9816,65,26585,2919965,288,576,67108864,256
H,append-growth-snapshot-control-o3,0,8,288,rust-vec,6,1,409,942336,9816,65,0,47920,288,288,67108864,256
H,append-growth-o3,0,8,288,cpp-std-vector,6,0,409,942336,9816,65,26585,2595746,288,576,67108864,256
H,append-growth-snapshot-control-o3,0,8,288,cpp-std-vector,6,1,409,942336,9816,65,0,49585,288,288,67108864,256
H,append-growth-o3,0,8,288,rust-vec,7,0,409,942336,9816,65,26585,3101044,288,576,67108864,256
H,append-growth-snapshot-control-o3,0,8,288,rust-vec,7,1,409,942336,9816,65,0,47667,288,288,67108864,256
H,append-growth-o3,0,8,288,cpp-std-vector,7,0,409,942336,9816,65,26585,2553003,288,576,67108864,256
H,append-growth-snapshot-control-o3,0,8,288,cpp-std-vector,7,1,409,942336,9816,65,0,46747,288,288,67108864,256
H,append-growth-o3,0,8,288,whitefoot,7,0,409,942336,9816,65,26585,2834498,288,576,67108864,256
H,append-growth-snapshot-control-o3,0,8,288,whitefoot,7,1,409,942336,9816,65,0,46509,288,288,67108864,256
H,append-growth-o3,0,8,288,cpp-std-vector,8,0,409,942336,9816,65,26585,2608375,288,576,67108864,256
H,append-growth-snapshot-control-o3,0,8,288,cpp-std-vector,8,1,409,942336,9816,65,0,47337,288,288,67108864,256
H,append-growth-o3,0,8,288,whitefoot,8,0,409,942336,9816,65,26585,2813500,288,576,67108864,256
H,append-growth-snapshot-control-o3,0,8,288,whitefoot,8,1,409,942336,9816,65,0,47418,288,288,67108864,256
H,append-growth-o3,0,8,288,rust-vec,8,0,409,942336,9816,65,26585,2866665,288,576,67108864,256
H,append-growth-snapshot-control-o3,0,8,288,rust-vec,8,1,409,942336,9816,65,0,47708,288,288,67108864,256
H,append-growth-o3,1,8,288,cpp-std-vector,0,0,409,942336,9816,65,26585,2575043,288,576,67108864,256
H,append-growth-snapshot-control-o3,1,8,288,cpp-std-vector,0,1,409,942336,9816,65,0,50999,288,288,67108864,256
H,append-growth-o3,1,8,288,rust-vec,0,0,409,942336,9816,65,26585,3014206,288,576,67108864,256
H,append-growth-snapshot-control-o3,1,8,288,rust-vec,0,1,409,942336,9816,65,0,47250,288,288,67108864,256
H,append-growth-o3,1,8,288,whitefoot,0,0,409,942336,9816,65,26585,2795045,288,576,67108864,256
H,append-growth-snapshot-control-o3,1,8,288,whitefoot,0,1,409,942336,9816,65,0,46789,288,288,67108864,256
H,append-growth-o3,1,8,288,rust-vec,1,0,409,942336,9816,65,26585,2837753,288,576,67108864,256
H,append-growth-snapshot-control-o3,1,8,288,rust-vec,1,1,409,942336,9816,65,0,47460,288,288,67108864,256
H,append-growth-o3,1,8,288,whitefoot,1,0,409,942336,9816,65,26585,2793374,288,576,67108864,256
H,append-growth-snapshot-control-o3,1,8,288,whitefoot,1,1,409,942336,9816,65,0,46876,288,288,67108864,256
H,append-growth-o3,1,8,288,cpp-std-vector,1,0,409,942336,9816,65,26585,2578587,288,576,67108864,256
H,append-growth-snapshot-control-o3,1,8,288,cpp-std-vector,1,1,409,942336,9816,65,0,46830,288,288,67108864,256
H,append-growth-o3,1,8,288,whitefoot,2,0,409,942336,9816,65,26585,2824750,288,576,67108864,256
H,append-growth-snapshot-control-o3,1,8,288,whitefoot,2,1,409,942336,9816,65,0,46622,288,288,67108864,256
H,append-growth-o3,1,8,288,cpp-std-vector,2,0,409,942336,9816,65,26585,2542665,288,576,67108864,256
H,append-growth-snapshot-control-o3,1,8,288,cpp-std-vector,2,1,409,942336,9816,65,0,47087,288,288,67108864,256
H,append-growth-o3,1,8,288,rust-vec,2,0,409,942336,9816,65,26585,2875295,288,576,67108864,256
H,append-growth-snapshot-control-o3,1,8,288,rust-vec,2,1,409,942336,9816,65,0,47212,288,288,67108864,256
H,append-growth-o3,1,8,288,cpp-std-vector,3,0,409,942336,9816,65,26585,2523254,288,576,67108864,256
H,append-growth-snapshot-control-o3,1,8,288,cpp-std-vector,3,1,409,942336,9816,65,0,50000,288,288,67108864,256
H,append-growth-o3,1,8,288,rust-vec,3,0,409,942336,9816,65,26585,3047251,288,576,67108864,256
H,append-growth-snapshot-control-o3,1,8,288,rust-vec,3,1,409,942336,9816,65,0,50500,288,288,67108864,256
H,append-growth-o3,1,8,288,whitefoot,3,0,409,942336,9816,65,26585,2867334,288,576,67108864,256
H,append-growth-snapshot-control-o3,1,8,288,whitefoot,3,1,409,942336,9816,65,0,46790,288,288,67108864,256
H,append-growth-o3,1,8,288,rust-vec,4,0,409,942336,9816,65,26585,2856333,288,576,67108864,256
H,append-growth-snapshot-control-o3,1,8,288,rust-vec,4,1,409,942336,9816,65,0,47209,288,288,67108864,256
H,append-growth-o3,1,8,288,whitefoot,4,0,409,942336,9816,65,26585,2806668,288,576,67108864,256
H,append-growth-snapshot-control-o3,1,8,288,whitefoot,4,1,409,942336,9816,65,0,47082,288,288,67108864,256
H,append-growth-o3,1,8,288,cpp-std-vector,4,0,409,942336,9816,65,26585,2555541,288,576,67108864,256
H,append-growth-snapshot-control-o3,1,8,288,cpp-std-vector,4,1,409,942336,9816,65,0,47461,288,288,67108864,256
H,append-growth-o3,1,8,288,whitefoot,5,0,409,942336,9816,65,26585,2826584,288,576,67108864,256
H,append-growth-snapshot-control-o3,1,8,288,whitefoot,5,1,409,942336,9816,65,0,46753,288,288,67108864,256
H,append-growth-o3,1,8,288,cpp-std-vector,5,0,409,942336,9816,65,26585,2526128,288,576,67108864,256
H,append-growth-snapshot-control-o3,1,8,288,cpp-std-vector,5,1,409,942336,9816,65,0,46750,288,288,67108864,256
H,append-growth-o3,1,8,288,rust-vec,5,0,409,942336,9816,65,26585,2873461,288,576,67108864,256
H,append-growth-snapshot-control-o3,1,8,288,rust-vec,5,1,409,942336,9816,65,0,47422,288,288,67108864,256
H,append-growth-o3,1,8,288,cpp-std-vector,6,0,409,942336,9816,65,26585,2573711,288,576,67108864,256
H,append-growth-snapshot-control-o3,1,8,288,cpp-std-vector,6,1,409,942336,9816,65,0,48207,288,288,67108864,256
H,append-growth-o3,1,8,288,rust-vec,6,0,409,942336,9816,65,26585,2894996,288,576,67108864,256
H,append-growth-snapshot-control-o3,1,8,288,rust-vec,6,1,409,942336,9816,65,0,47416,288,288,67108864,256
H,append-growth-o3,1,8,288,whitefoot,6,0,409,942336,9816,65,26585,2798081,288,576,67108864,256
H,append-growth-snapshot-control-o3,1,8,288,whitefoot,6,1,409,942336,9816,65,0,46713,288,288,67108864,256
H,append-growth-o3,1,8,288,rust-vec,7,0,409,942336,9816,65,26585,2850001,288,576,67108864,256
H,append-growth-snapshot-control-o3,1,8,288,rust-vec,7,1,409,942336,9816,65,0,47166,288,288,67108864,256
H,append-growth-o3,1,8,288,whitefoot,7,0,409,942336,9816,65,26585,2814627,288,576,67108864,256
H,append-growth-snapshot-control-o3,1,8,288,whitefoot,7,1,409,942336,9816,65,0,46584,288,288,67108864,256
H,append-growth-o3,1,8,288,cpp-std-vector,7,0,409,942336,9816,65,26585,2570829,288,576,67108864,256
H,append-growth-snapshot-control-o3,1,8,288,cpp-std-vector,7,1,409,942336,9816,65,0,47750,288,288,67108864,256
H,append-growth-o3,1,8,288,whitefoot,8,0,409,942336,9816,65,26585,2830206,288,576,67108864,256
H,append-growth-snapshot-control-o3,1,8,288,whitefoot,8,1,409,942336,9816,65,0,46915,288,288,67108864,256
H,append-growth-o3,1,8,288,cpp-std-vector,8,0,409,942336,9816,65,26585,2569081,288,576,67108864,256
H,append-growth-snapshot-control-o3,1,8,288,cpp-std-vector,8,1,409,942336,9816,65,0,46962,288,288,67108864,256
H,append-growth-o3,1,8,288,rust-vec,8,0,409,942336,9816,65,26585,2909578,288,576,67108864,256
H,append-growth-snapshot-control-o3,1,8,288,rust-vec,8,1,409,942336,9816,65,0,47042,288,288,67108864,256
H,append-growth-o3,0,8,4096,whitefoot,0,0,31,1015808,744,66,2046,1506958,4096,8192,67108864,256
H,append-growth-snapshot-control-o3,0,8,4096,whitefoot,0,1,31,1015808,744,66,0,1829,4096,4096,67108864,256
H,append-growth-o3,0,8,4096,rust-vec,0,0,31,1015808,744,66,2046,1416326,4096,8192,67108864,256
H,append-growth-snapshot-control-o3,0,8,4096,rust-vec,0,1,31,1015808,744,66,0,2587,4096,4096,67108864,256
H,append-growth-o3,0,8,4096,cpp-std-vector,0,0,31,1015808,744,66,2046,1296789,4096,8192,67108864,256
H,append-growth-snapshot-control-o3,0,8,4096,cpp-std-vector,0,1,31,1015808,744,66,0,2415,4096,4096,67108864,256
H,append-growth-o3,0,8,4096,rust-vec,1,0,31,1015808,744,66,2046,1436707,4096,8192,67108864,256
H,append-growth-snapshot-control-o3,0,8,4096,rust-vec,1,1,31,1015808,744,66,0,2714,4096,4096,67108864,256
H,append-growth-o3,0,8,4096,cpp-std-vector,1,0,31,1015808,744,66,2046,1287417,4096,8192,67108864,256
H,append-growth-snapshot-control-o3,0,8,4096,cpp-std-vector,1,1,31,1015808,744,66,0,2710,4096,4096,67108864,256
H,append-growth-o3,0,8,4096,whitefoot,1,0,31,1015808,744,66,2046,1494250,4096,8192,67108864,256
H,append-growth-snapshot-control-o3,0,8,4096,whitefoot,1,1,31,1015808,744,66,0,1953,4096,4096,67108864,256
H,append-growth-o3,0,8,4096,cpp-std-vector,2,0,31,1015808,744,66,2046,1491955,4096,8192,67108864,256
H,append-growth-snapshot-control-o3,0,8,4096,cpp-std-vector,2,1,31,1015808,744,66,0,2706,4096,4096,67108864,256
H,append-growth-o3,0,8,4096,whitefoot,2,0,31,1015808,744,66,2046,1638665,4096,8192,67108864,256
H,append-growth-snapshot-control-o3,0,8,4096,whitefoot,2,1,31,1015808,744,66,0,1833,4096,4096,67108864,256
H,append-growth-o3,0,8,4096,rust-vec,2,0,31,1015808,744,66,2046,1494462,4096,8192,67108864,256
H,append-growth-snapshot-control-o3,0,8,4096,rust-vec,2,1,31,1015808,744,66,0,5246,4096,4096,67108864,256
H,append-growth-o3,0,8,4096,whitefoot,3,0,31,1015808,744,66,2046,1395172,4096,8192,67108864,256
H,append-growth-snapshot-control-o3,0,8,4096,whitefoot,3,1,31,1015808,744,66,0,1709,4096,4096,67108864,256
H,append-growth-o3,0,8,4096,rust-vec,3,0,31,1015808,744,66,2046,1429958,4096,8192,67108864,256
H,append-growth-snapshot-control-o3,0,8,4096,rust-vec,3,1,31,1015808,744,66,0,2710,4096,4096,67108864,256
H,append-growth-o3,0,8,4096,cpp-std-vector,3,0,31,1015808,744,66,2046,1278249,4096,8192,67108864,256
H,append-growth-snapshot-control-o3,0,8,4096,cpp-std-vector,3,1,31,1015808,744,66,0,2538,4096,4096,67108864,256
H,append-growth-o3,0,8,4096,rust-vec,4,0,31,1015808,744,66,2046,1412714,4096,8192,67108864,256
H,append-growth-snapshot-control-o3,0,8,4096,rust-vec,4,1,31,1015808,744,66,0,3009,4096,4096,67108864,256
H,append-growth-o3,0,8,4096,cpp-std-vector,4,0,31,1015808,744,66,2046,1284207,4096,8192,67108864,256
H,append-growth-snapshot-control-o3,0,8,4096,cpp-std-vector,4,1,31,1015808,744,66,0,2664,4096,4096,67108864,256
H,append-growth-o3,0,8,4096,whitefoot,4,0,31,1015808,744,66,2046,1475497,4096,8192,67108864,256
H,append-growth-snapshot-control-o3,0,8,4096,whitefoot,4,1,31,1015808,744,66,0,2341,4096,4096,67108864,256
H,append-growth-o3,0,8,4096,cpp-std-vector,5,0,31,1015808,744,66,2046,1297415,4096,8192,67108864,256
H,append-growth-snapshot-control-o3,0,8,4096,cpp-std-vector,5,1,31,1015808,744,66,0,2707,4096,4096,67108864,256
H,append-growth-o3,0,8,4096,whitefoot,5,0,31,1015808,744,66,2046,1461586,4096,8192,67108864,256
H,append-growth-snapshot-control-o3,0,8,4096,whitefoot,5,1,31,1015808,744,66,0,2416,4096,4096,67108864,256
H,append-growth-o3,0,8,4096,rust-vec,5,0,31,1015808,744,66,2046,1414171,4096,8192,67108864,256
H,append-growth-snapshot-control-o3,0,8,4096,rust-vec,5,1,31,1015808,744,66,0,3075,4096,4096,67108864,256
H,append-growth-o3,0,8,4096,whitefoot,6,0,31,1015808,744,66,2046,1381332,4096,8192,67108864,256
H,append-growth-snapshot-control-o3,0,8,4096,whitefoot,6,1,31,1015808,744,66,0,2292,4096,4096,67108864,256
H,append-growth-o3,0,8,4096,rust-vec,6,0,31,1015808,744,66,2046,1410918,4096,8192,67108864,256
H,append-growth-snapshot-control-o3,0,8,4096,rust-vec,6,1,31,1015808,744,66,0,3001,4096,4096,67108864,256
H,append-growth-o3,0,8,4096,cpp-std-vector,6,0,31,1015808,744,66,2046,1370915,4096,8192,67108864,256
H,append-growth-snapshot-control-o3,0,8,4096,cpp-std-vector,6,1,31,1015808,744,66,0,2716,4096,4096,67108864,256
H,append-growth-o3,0,8,4096,rust-vec,7,0,31,1015808,744,66,2046,1446333,4096,8192,67108864,256
H,append-growth-snapshot-control-o3,0,8,4096,rust-vec,7,1,31,1015808,744,66,0,2747,4096,4096,67108864,256
H,append-growth-o3,0,8,4096,cpp-std-vector,7,0,31,1015808,744,66,2046,1280956,4096,8192,67108864,256
H,append-growth-snapshot-control-o3,0,8,4096,cpp-std-vector,7,1,31,1015808,744,66,0,2129,4096,4096,67108864,256
H,append-growth-o3,0,8,4096,whitefoot,7,0,31,1015808,744,66,2046,1485458,4096,8192,67108864,256
H,append-growth-snapshot-control-o3,0,8,4096,whitefoot,7,1,31,1015808,744,66,0,2083,4096,4096,67108864,256
H,append-growth-o3,0,8,4096,cpp-std-vector,8,0,31,1015808,744,66,2046,1285125,4096,8192,67108864,256
H,append-growth-snapshot-control-o3,0,8,4096,cpp-std-vector,8,1,31,1015808,744,66,0,2913,4096,4096,67108864,256
H,append-growth-o3,0,8,4096,whitefoot,8,0,31,1015808,744,66,2046,1359874,4096,8192,67108864,256
H,append-growth-snapshot-control-o3,0,8,4096,whitefoot,8,1,31,1015808,744,66,0,1878,4096,4096,67108864,256
H,append-growth-o3,0,8,4096,rust-vec,8,0,31,1015808,744,66,2046,1411124,4096,8192,67108864,256
H,append-growth-snapshot-control-o3,0,8,4096,rust-vec,8,1,31,1015808,744,66,0,2910,4096,4096,67108864,256
H,append-growth-o3,1,8,4096,cpp-std-vector,0,0,31,1015808,744,66,2046,1317043,4096,8192,67108864,256
H,append-growth-snapshot-control-o3,1,8,4096,cpp-std-vector,0,1,31,1015808,744,66,0,1792,4096,4096,67108864,256
H,append-growth-o3,1,8,4096,rust-vec,0,0,31,1015808,744,66,2046,1661503,4096,8192,67108864,256
H,append-growth-snapshot-control-o3,1,8,4096,rust-vec,0,1,31,1015808,744,66,0,3415,4096,4096,67108864,256
H,append-growth-o3,1,8,4096,whitefoot,0,0,31,1015808,744,66,2046,1643668,4096,8192,67108864,256
H,append-growth-snapshot-control-o3,1,8,4096,whitefoot,0,1,31,1015808,744,66,0,3003,4096,4096,67108864,256
H,append-growth-o3,1,8,4096,rust-vec,1,0,31,1015808,744,66,2046,1468836,4096,8192,67108864,256
H,append-growth-snapshot-control-o3,1,8,4096,rust-vec,1,1,31,1015808,744,66,0,2499,4096,4096,67108864,256
H,append-growth-o3,1,8,4096,whitefoot,1,0,31,1015808,744,66,2046,1409000,4096,8192,67108864,256
H,append-growth-snapshot-control-o3,1,8,4096,whitefoot,1,1,31,1015808,744,66,0,2788,4096,4096,67108864,256
H,append-growth-o3,1,8,4096,cpp-std-vector,1,0,31,1015808,744,66,2046,1343291,4096,8192,67108864,256
H,append-growth-snapshot-control-o3,1,8,4096,cpp-std-vector,1,1,31,1015808,744,66,0,2545,4096,4096,67108864,256
H,append-growth-o3,1,8,4096,whitefoot,2,0,31,1015808,744,66,2046,1409246,4096,8192,67108864,256
H,append-growth-snapshot-control-o3,1,8,4096,whitefoot,2,1,31,1015808,744,66,0,1957,4096,4096,67108864,256
H,append-growth-o3,1,8,4096,cpp-std-vector,2,0,31,1015808,744,66,2046,1321165,4096,8192,67108864,256
H,append-growth-snapshot-control-o3,1,8,4096,cpp-std-vector,2,1,31,1015808,744,66,0,2827,4096,4096,67108864,256
H,append-growth-o3,1,8,4096,rust-vec,2,0,31,1015808,744,66,2046,1509415,4096,8192,67108864,256
H,append-growth-snapshot-control-o3,1,8,4096,rust-vec,2,1,31,1015808,744,66,0,5373,4096,4096,67108864,256
H,append-growth-o3,1,8,4096,cpp-std-vector,3,0,31,1015808,744,66,2046,1286927,4096,8192,67108864,256
H,append-growth-snapshot-control-o3,1,8,4096,cpp-std-vector,3,1,31,1015808,744,66,0,2502,4096,4096,67108864,256
H,append-growth-o3,1,8,4096,rust-vec,3,0,31,1015808,744,66,2046,1476130,4096,8192,67108864,256
H,append-growth-snapshot-control-o3,1,8,4096,rust-vec,3,1,31,1015808,744,66,0,5041,4096,4096,67108864,256
H,append-growth-o3,1,8,4096,whitefoot,3,0,31,1015808,744,66,2046,1421921,4096,8192,67108864,256
H,append-growth-snapshot-control-o3,1,8,4096,whitefoot,3,1,31,1015808,744,66,0,1879,4096,4096,67108864,256
H,append-growth-o3,1,8,4096,rust-vec,4,0,31,1015808,744,66,2046,1444002,4096,8192,67108864,256
H,append-growth-snapshot-control-o3,1,8,4096,rust-vec,4,1,31,1015808,744,66,0,2955,4096,4096,67108864,256
H,append-growth-o3,1,8,4096,whitefoot,4,0,31,1015808,744,66,2046,1377957,4096,8192,67108864,256
H,append-growth-snapshot-control-o3,1,8,4096,whitefoot,4,1,31,1015808,744,66,0,1792,4096,4096,67108864,256
H,append-growth-o3,1,8,4096,cpp-std-vector,4,0,31,1015808,744,66,2046,1290753,4096,8192,67108864,256
H,append-growth-snapshot-control-o3,1,8,4096,cpp-std-vector,4,1,31,1015808,744,66,0,2457,4096,4096,67108864,256
H,append-growth-o3,1,8,4096,whitefoot,5,0,31,1015808,744,66,2046,1408125,4096,8192,67108864,256
H,append-growth-snapshot-control-o3,1,8,4096,whitefoot,5,1,31,1015808,744,66,0,1788,4096,4096,67108864,256
H,append-growth-o3,1,8,4096,cpp-std-vector,5,0,31,1015808,744,66,2046,1317038,4096,8192,67108864,256
H,append-growth-snapshot-control-o3,1,8,4096,cpp-std-vector,5,1,31,1015808,744,66,0,2168,4096,4096,67108864,256
H,append-growth-o3,1,8,4096,rust-vec,5,0,31,1015808,744,66,2046,1429580,4096,8192,67108864,256
H,append-growth-snapshot-control-o3,1,8,4096,rust-vec,5,1,31,1015808,744,66,0,2504,4096,4096,67108864,256
H,append-growth-o3,1,8,4096,cpp-std-vector,6,0,31,1015808,744,66,2046,1382624,4096,8192,67108864,256
H,append-growth-snapshot-control-o3,1,8,4096,cpp-std-vector,6,1,31,1015808,744,66,0,2749,4096,4096,67108864,256
H,append-growth-o3,1,8,4096,rust-vec,6,0,31,1015808,744,66,2046,1448043,4096,8192,67108864,256
H,append-growth-snapshot-control-o3,1,8,4096,rust-vec,6,1,31,1015808,744,66,0,2666,4096,4096,67108864,256
H,append-growth-o3,1,8,4096,whitefoot,6,0,31,1015808,744,66,2046,1424665,4096,8192,67108864,256
H,append-growth-snapshot-control-o3,1,8,4096,whitefoot,6,1,31,1015808,744,66,0,2504,4096,4096,67108864,256
H,append-growth-o3,1,8,4096,rust-vec,7,0,31,1015808,744,66,2046,1412458,4096,8192,67108864,256
H,append-growth-snapshot-control-o3,1,8,4096,rust-vec,7,1,31,1015808,744,66,0,3002,4096,4096,67108864,256
H,append-growth-o3,1,8,4096,whitefoot,7,0,31,1015808,744,66,2046,1407582,4096,8192,67108864,256
H,append-growth-snapshot-control-o3,1,8,4096,whitefoot,7,1,31,1015808,744,66,0,2463,4096,4096,67108864,256
H,append-growth-o3,1,8,4096,cpp-std-vector,7,0,31,1015808,744,66,2046,1394583,4096,8192,67108864,256
H,append-growth-snapshot-control-o3,1,8,4096,cpp-std-vector,7,1,31,1015808,744,66,0,2626,4096,4096,67108864,256
H,append-growth-o3,1,8,4096,whitefoot,8,0,31,1015808,744,66,2046,1427253,4096,8192,67108864,256
H,append-growth-snapshot-control-o3,1,8,4096,whitefoot,8,1,31,1015808,744,66,0,2334,4096,4096,67108864,256
H,append-growth-o3,1,8,4096,cpp-std-vector,8,0,31,1015808,744,66,2046,1358543,4096,8192,67108864,256
H,append-growth-snapshot-control-o3,1,8,4096,cpp-std-vector,8,1,31,1015808,744,66,0,2545,4096,4096,67108864,256
H,append-growth-o3,1,8,4096,rust-vec,8,0,31,1015808,744,66,2046,1437954,4096,8192,67108864,256
H,append-growth-snapshot-control-o3,1,8,4096,rust-vec,8,1,31,1015808,744,66,0,5580,4096,4096,67108864,256
H,append-growth-o3,0,256,7,whitefoot,0,0,512,917504,12288,64,32768,3210461,7,14,67108864,256
H,append-growth-snapshot-control-o3,0,256,7,whitefoot,0,1,512,917504,12288,64,0,59963,7,7,67108864,256
H,append-growth-o3,0,256,7,rust-vec,0,0,512,917504,12288,64,32768,3611166,7,14,67108864,256
H,append-growth-snapshot-control-o3,0,256,7,rust-vec,0,1,512,917504,12288,64,0,60914,7,7,67108864,256
H,append-growth-o3,0,256,7,cpp-std-vector,0,0,512,917504,12288,64,32768,3148710,7,14,67108864,256
H,append-growth-snapshot-control-o3,0,256,7,cpp-std-vector,0,1,512,917504,12288,64,0,62628,7,7,67108864,256
H,append-growth-o3,0,256,7,rust-vec,1,0,512,917504,12288,64,32768,3441333,7,14,67108864,256
H,append-growth-snapshot-control-o3,0,256,7,rust-vec,1,1,512,917504,12288,64,0,60208,7,7,67108864,256
H,append-growth-o3,0,256,7,cpp-std-vector,1,0,512,917504,12288,64,32768,3319580,7,14,67108864,256
H,append-growth-snapshot-control-o3,0,256,7,cpp-std-vector,1,1,512,917504,12288,64,0,60247,7,7,67108864,256
H,append-growth-o3,0,256,7,whitefoot,1,0,512,917504,12288,64,32768,3051209,7,14,67108864,256
H,append-growth-snapshot-control-o3,0,256,7,whitefoot,1,1,512,917504,12288,64,0,62750,7,7,67108864,256
H,append-growth-o3,0,256,7,cpp-std-vector,2,0,512,917504,12288,64,32768,3148292,7,14,67108864,256
H,append-growth-snapshot-control-o3,0,256,7,cpp-std-vector,2,1,512,917504,12288,64,0,59746,7,7,67108864,256
H,append-growth-o3,0,256,7,whitefoot,2,0,512,917504,12288,64,32768,2966290,7,14,67108864,256
H,append-growth-snapshot-control-o3,0,256,7,whitefoot,2,1,512,917504,12288,64,0,74920,7,7,67108864,256
H,append-growth-o3,0,256,7,rust-vec,2,0,512,917504,12288,64,32768,3422667,7,14,67108864,256
H,append-growth-snapshot-control-o3,0,256,7,rust-vec,2,1,512,917504,12288,64,0,62039,7,7,67108864,256
H,append-growth-o3,0,256,7,whitefoot,3,0,512,917504,12288,64,32768,3174374,7,14,67108864,256
H,append-growth-snapshot-control-o3,0,256,7,whitefoot,3,1,512,917504,12288,64,0,61579,7,7,67108864,256
H,append-growth-o3,0,256,7,rust-vec,3,0,512,917504,12288,64,32768,3662708,7,14,67108864,256
H,append-growth-snapshot-control-o3,0,256,7,rust-vec,3,1,512,917504,12288,64,0,63792,7,7,67108864,256
H,append-growth-o3,0,256,7,cpp-std-vector,3,0,512,917504,12288,64,32768,3270335,7,14,67108864,256
H,append-growth-snapshot-control-o3,0,256,7,cpp-std-vector,3,1,512,917504,12288,64,0,59787,7,7,67108864,256
H,append-growth-o3,0,256,7,rust-vec,4,0,512,917504,12288,64,32768,3378000,7,14,67108864,256
H,append-growth-snapshot-control-o3,0,256,7,rust-vec,4,1,512,917504,12288,64,0,61252,7,7,67108864,256
H,append-growth-o3,0,256,7,cpp-std-vector,4,0,512,917504,12288,64,32768,3204046,7,14,67108864,256
H,append-growth-snapshot-control-o3,0,256,7,cpp-std-vector,4,1,512,917504,12288,64,0,60707,7,7,67108864,256
H,append-growth-o3,0,256,7,whitefoot,4,0,512,917504,12288,64,32768,2943376,7,14,67108864,256
H,append-growth-snapshot-control-o3,0,256,7,whitefoot,4,1,512,917504,12288,64,0,61876,7,7,67108864,256
H,append-growth-o3,0,256,7,cpp-std-vector,5,0,512,917504,12288,64,32768,3220874,7,14,67108864,256
H,append-growth-snapshot-control-o3,0,256,7,cpp-std-vector,5,1,512,917504,12288,64,0,60995,7,7,67108864,256
H,append-growth-o3,0,256,7,whitefoot,5,0,512,917504,12288,64,32768,3007128,7,14,67108864,256
H,append-growth-snapshot-control-o3,0,256,7,whitefoot,5,1,512,917504,12288,64,0,61203,7,7,67108864,256
H,append-growth-o3,0,256,7,rust-vec,5,0,512,917504,12288,64,32768,3345459,7,14,67108864,256
H,append-growth-snapshot-control-o3,0,256,7,rust-vec,5,1,512,917504,12288,64,0,62416,7,7,67108864,256
H,append-growth-o3,0,256,7,whitefoot,6,0,512,917504,12288,64,32768,3020876,7,14,67108864,256
H,append-growth-snapshot-control-o3,0,256,7,whitefoot,6,1,512,917504,12288,64,0,64416,7,7,67108864,256
H,append-growth-o3,0,256,7,rust-vec,6,0,512,917504,12288,64,32768,3400337,7,14,67108864,256
H,append-growth-snapshot-control-o3,0,256,7,rust-vec,6,1,512,917504,12288,64,0,62961,7,7,67108864,256
H,append-growth-o3,0,256,7,cpp-std-vector,6,0,512,917504,12288,64,32768,3133497,7,14,67108864,256
H,append-growth-snapshot-control-o3,0,256,7,cpp-std-vector,6,1,512,917504,12288,64,0,62413,7,7,67108864,256
H,append-growth-o3,0,256,7,rust-vec,7,0,512,917504,12288,64,32768,3448709,7,14,67108864,256
H,append-growth-snapshot-control-o3,0,256,7,rust-vec,7,1,512,917504,12288,64,0,63128,7,7,67108864,256
H,append-growth-o3,0,256,7,cpp-std-vector,7,0,512,917504,12288,64,32768,3083169,7,14,67108864,256
H,append-growth-snapshot-control-o3,0,256,7,cpp-std-vector,7,1,512,917504,12288,64,0,63382,7,7,67108864,256
H,append-growth-o3,0,256,7,whitefoot,7,0,512,917504,12288,64,32768,2963329,7,14,67108864,256
H,append-growth-snapshot-control-o3,0,256,7,whitefoot,7,1,512,917504,12288,64,0,61876,7,7,67108864,256
H,append-growth-o3,0,256,7,cpp-std-vector,8,0,512,917504,12288,64,32768,3033338,7,14,67108864,256
H,append-growth-snapshot-control-o3,0,256,7,cpp-std-vector,8,1,512,917504,12288,64,0,61541,7,7,67108864,256
H,append-growth-o3,0,256,7,whitefoot,8,0,512,917504,12288,64,32768,2927538,7,14,67108864,256
H,append-growth-snapshot-control-o3,0,256,7,whitefoot,8,1,512,917504,12288,64,0,62043,7,7,67108864,256
H,append-growth-o3,0,256,7,rust-vec,8,0,512,917504,12288,64,32768,3418919,7,14,67108864,256
H,append-growth-snapshot-control-o3,0,256,7,rust-vec,8,1,512,917504,12288,64,0,62674,7,7,67108864,256
H,append-growth-o3,1,256,7,cpp-std-vector,0,0,512,917504,12288,64,32768,3107253,7,14,67108864,256
H,append-growth-snapshot-control-o3,1,256,7,cpp-std-vector,0,1,512,917504,12288,64,0,63711,7,7,67108864,256
H,append-growth-o3,1,256,7,rust-vec,0,0,512,917504,12288,64,32768,3448337,7,14,67108864,256
H,append-growth-snapshot-control-o3,1,256,7,rust-vec,0,1,512,917504,12288,64,0,62002,7,7,67108864,256
H,append-growth-o3,1,256,7,whitefoot,0,0,512,917504,12288,64,32768,2924251,7,14,67108864,256
H,append-growth-snapshot-control-o3,1,256,7,whitefoot,0,1,512,917504,12288,64,0,63046,7,7,67108864,256
H,append-growth-o3,1,256,7,rust-vec,1,0,512,917504,12288,64,32768,3411995,7,14,67108864,256
H,append-growth-snapshot-control-o3,1,256,7,rust-vec,1,1,512,917504,12288,64,0,61379,7,7,67108864,256
H,append-growth-o3,1,256,7,whitefoot,1,0,512,917504,12288,64,32768,2922167,7,14,67108864,256
H,append-growth-snapshot-control-o3,1,256,7,whitefoot,1,1,512,917504,12288,64,0,61248,7,7,67108864,256
H,append-growth-o3,1,256,7,cpp-std-vector,1,0,512,917504,12288,64,32768,3038080,7,14,67108864,256
H,append-growth-snapshot-control-o3,1,256,7,cpp-std-vector,1,1,512,917504,12288,64,0,59459,7,7,67108864,256
H,append-growth-o3,1,256,7,whitefoot,2,0,512,917504,12288,64,32768,2815128,7,14,67108864,256
H,append-growth-snapshot-control-o3,1,256,7,whitefoot,2,1,512,917504,12288,64,0,59298,7,7,67108864,256
H,append-growth-o3,1,256,7,cpp-std-vector,2,0,512,917504,12288,64,32768,2942415,7,14,67108864,256
H,append-growth-snapshot-control-o3,1,256,7,cpp-std-vector,2,1,512,917504,12288,64,0,59294,7,7,67108864,256
H,append-growth-o3,1,256,7,rust-vec,2,0,512,917504,12288,64,32768,3293576,7,14,67108864,256
H,append-growth-snapshot-control-o3,1,256,7,rust-vec,2,1,512,917504,12288,64,0,64703,7,7,67108864,256
H,append-growth-o3,1,256,7,cpp-std-vector,3,0,512,917504,12288,64,32768,3151287,7,14,67108864,256
H,append-growth-snapshot-control-o3,1,256,7,cpp-std-vector,3,1,512,917504,12288,64,0,62917,7,7,67108864,256
H,append-growth-o3,1,256,7,rust-vec,3,0,512,917504,12288,64,32768,3452622,7,14,67108864,256
H,append-growth-snapshot-control-o3,1,256,7,rust-vec,3,1,512,917504,12288,64,0,64630,7,7,67108864,256
H,append-growth-o3,1,256,7,whitefoot,3,0,512,917504,12288,64,32768,2905543,7,14,67108864,256
H,append-growth-snapshot-control-o3,1,256,7,whitefoot,3,1,512,917504,12288,64,0,60002,7,7,67108864,256
H,append-growth-o3,1,256,7,rust-vec,4,0,512,917504,12288,64,32768,3404249,7,14,67108864,256
H,append-growth-snapshot-control-o3,1,256,7,rust-vec,4,1,512,917504,12288,64,0,59834,7,7,67108864,256
H,append-growth-o3,1,256,7,whitefoot,4,0,512,917504,12288,64,32768,2818835,7,14,67108864,256
H,append-growth-snapshot-control-o3,1,256,7,whitefoot,4,1,512,917504,12288,64,0,59368,7,7,67108864,256
H,append-growth-o3,1,256,7,cpp-std-vector,4,0,512,917504,12288,64,32768,2927706,7,14,67108864,256
H,append-growth-snapshot-control-o3,1,256,7,cpp-std-vector,4,1,512,917504,12288,64,0,59710,7,7,67108864,256
H,append-growth-o3,1,256,7,whitefoot,5,0,512,917504,12288,64,32768,2807084,7,14,67108864,256
H,append-growth-snapshot-control-o3,1,256,7,whitefoot,5,1,512,917504,12288,64,0,59412,7,7,67108864,256
H,append-growth-o3,1,256,7,cpp-std-vector,5,0,512,917504,12288,64,32768,2927917,7,14,67108864,256
H,append-growth-snapshot-control-o3,1,256,7,cpp-std-vector,5,1,512,917504,12288,64,0,59660,7,7,67108864,256
H,append-growth-o3,1,256,7,rust-vec,5,0,512,917504,12288,64,32768,3296374,7,14,67108864,256
H,append-growth-snapshot-control-o3,1,256,7,rust-vec,5,1,512,917504,12288,64,0,59923,7,7,67108864,256
H,append-growth-o3,1,256,7,cpp-std-vector,6,0,512,917504,12288,64,32768,2920252,7,14,67108864,256
H,append-growth-snapshot-control-o3,1,256,7,cpp-std-vector,6,1,512,917504,12288,64,0,58915,7,7,67108864,256
H,append-growth-o3,1,256,7,rust-vec,6,0,512,917504,12288,64,32768,3279703,7,14,67108864,256
H,append-growth-snapshot-control-o3,1,256,7,rust-vec,6,1,512,917504,12288,64,0,59506,7,7,67108864,256
H,append-growth-o3,1,256,7,whitefoot,6,0,512,917504,12288,64,32768,2811376,7,14,67108864,256
H,append-growth-snapshot-control-o3,1,256,7,whitefoot,6,1,512,917504,12288,64,0,59836,7,7,67108864,256
H,append-growth-o3,1,256,7,rust-vec,7,0,512,917504,12288,64,32768,3284752,7,14,67108864,256
H,append-growth-snapshot-control-o3,1,256,7,rust-vec,7,1,512,917504,12288,64,0,59837,7,7,67108864,256
H,append-growth-o3,1,256,7,whitefoot,7,0,512,917504,12288,64,32768,2812425,7,14,67108864,256
H,append-growth-snapshot-control-o3,1,256,7,whitefoot,7,1,512,917504,12288,64,0,59506,7,7,67108864,256
H,append-growth-o3,1,256,7,cpp-std-vector,7,0,512,917504,12288,64,32768,2914791,7,14,67108864,256
H,append-growth-snapshot-control-o3,1,256,7,cpp-std-vector,7,1,512,917504,12288,64,0,60705,7,7,67108864,256
H,append-growth-o3,1,256,7,whitefoot,8,0,512,917504,12288,64,32768,2886418,7,14,67108864,256
H,append-growth-snapshot-control-o3,1,256,7,whitefoot,8,1,512,917504,12288,64,0,59544,7,7,67108864,256
H,append-growth-o3,1,256,7,cpp-std-vector,8,0,512,917504,12288,64,32768,2915500,7,14,67108864,256
H,append-growth-snapshot-control-o3,1,256,7,cpp-std-vector,8,1,512,917504,12288,64,0,59907,7,7,67108864,256
H,append-growth-o3,1,256,7,rust-vec,8,0,512,917504,12288,64,32768,3272831,7,14,67108864,256
H,append-growth-snapshot-control-o3,1,256,7,rust-vec,8,1,512,917504,12288,64,0,59452,7,7,67108864,256
H,append-growth-o3,0,256,8,whitefoot,0,0,455,931840,10920,65,29575,2925668,8,16,67108864,256
H,append-growth-snapshot-control-o3,0,256,8,whitefoot,0,1,455,931840,10920,65,0,57379,8,8,67108864,256
H,append-growth-o3,0,256,8,rust-vec,0,0,455,931840,10920,65,29575,3210540,8,16,67108864,256
H,append-growth-snapshot-control-o3,0,256,8,rust-vec,0,1,455,931840,10920,65,0,54834,8,8,67108864,256
H,append-growth-o3,0,256,8,cpp-std-vector,0,0,455,931840,10920,65,29575,2961165,8,16,67108864,256
H,append-growth-snapshot-control-o3,0,256,8,cpp-std-vector,0,1,455,931840,10920,65,0,57585,8,8,67108864,256
H,append-growth-o3,0,256,8,rust-vec,1,0,455,931840,10920,65,29575,3341708,8,16,67108864,256
H,append-growth-snapshot-control-o3,0,256,8,rust-vec,1,1,455,931840,10920,65,0,53170,8,8,67108864,256
H,append-growth-o3,0,256,8,cpp-std-vector,1,0,455,931840,10920,65,29575,2920168,8,16,67108864,256
H,append-growth-snapshot-control-o3,0,256,8,cpp-std-vector,1,1,455,931840,10920,65,0,52921,8,8,67108864,256
H,append-growth-o3,0,256,8,whitefoot,1,0,455,931840,10920,65,29575,2784085,8,16,67108864,256
H,append-growth-snapshot-control-o3,0,256,8,whitefoot,1,1,455,931840,10920,65,0,55130,8,8,67108864,256
H,append-growth-o3,0,256,8,cpp-std-vector,2,0,455,931840,10920,65,29575,2843785,8,16,67108864,256
H,append-growth-snapshot-control-o3,0,256,8,cpp-std-vector,2,1,455,931840,10920,65,0,52506,8,8,67108864,256
H,append-growth-o3,0,256,8,whitefoot,2,0,455,931840,10920,65,29575,2758080,8,16,67108864,256
H,append-growth-snapshot-control-o3,0,256,8,whitefoot,2,1,455,931840,10920,65,0,53125,8,8,67108864,256
H,append-growth-o3,0,256,8,rust-vec,2,0,455,931840,10920,65,29575,3236125,8,16,67108864,256
H,append-growth-snapshot-control-o3,0,256,8,rust-vec,2,1,455,931840,10920,65,0,55128,8,8,67108864,256
H,append-growth-o3,0,256,8,whitefoot,3,0,455,931840,10920,65,29575,2801168,8,16,67108864,256
H,append-growth-snapshot-control-o3,0,256,8,whitefoot,3,1,455,931840,10920,65,0,55541,8,8,67108864,256
H,append-growth-o3,0,256,8,rust-vec,3,0,455,931840,10920,65,29575,3348045,8,16,67108864,256
H,append-growth-snapshot-control-o3,0,256,8,rust-vec,3,1,455,931840,10920,65,0,53130,8,8,67108864,256
H,append-growth-o3,0,256,8,cpp-std-vector,3,0,455,931840,10920,65,29575,2828668,8,16,67108864,256
H,append-growth-snapshot-control-o3,0,256,8,cpp-std-vector,3,1,455,931840,10920,65,0,53332,8,8,67108864,256
H,append-growth-o3,0,256,8,rust-vec,4,0,455,931840,10920,65,29575,3193793,8,16,67108864,256
H,append-growth-snapshot-control-o3,0,256,8,rust-vec,4,1,455,931840,10920,65,0,53248,8,8,67108864,256
H,append-growth-o3,0,256,8,cpp-std-vector,4,0,455,931840,10920,65,29575,2818213,8,16,67108864,256
H,append-growth-snapshot-control-o3,0,256,8,cpp-std-vector,4,1,455,931840,10920,65,0,52835,8,8,67108864,256
H,append-growth-o3,0,256,8,whitefoot,4,0,455,931840,10920,65,29575,2734253,8,16,67108864,256
H,append-growth-snapshot-control-o3,0,256,8,whitefoot,4,1,455,931840,10920,65,0,52667,8,8,67108864,256
H,append-growth-o3,0,256,8,cpp-std-vector,5,0,455,931840,10920,65,29575,2832539,8,16,67108864,256
H,append-growth-snapshot-control-o3,0,256,8,cpp-std-vector,5,1,455,931840,10920,65,0,52291,8,8,67108864,256
H,append-growth-o3,0,256,8,whitefoot,5,0,455,931840,10920,65,29575,2760212,8,16,67108864,256
H,append-growth-snapshot-control-o3,0,256,8,whitefoot,5,1,455,931840,10920,65,0,71124,8,8,67108864,256
H,append-growth-o3,0,256,8,rust-vec,5,0,455,931840,10920,65,29575,3147544,8,16,67108864,256
H,append-growth-snapshot-control-o3,0,256,8,rust-vec,5,1,455,931840,10920,65,0,60581,8,8,67108864,256
H,append-growth-o3,0,256,8,whitefoot,6,0,455,931840,10920,65,29575,2767331,8,16,67108864,256
H,append-growth-snapshot-control-o3,0,256,8,whitefoot,6,1,455,931840,10920,65,0,52373,8,8,67108864,256
H,append-growth-o3,0,256,8,rust-vec,6,0,455,931840,10920,65,29575,3142250,8,16,67108864,256
H,append-growth-snapshot-control-o3,0,256,8,rust-vec,6,1,455,931840,10920,65,0,53294,8,8,67108864,256
H,append-growth-o3,0,256,8,cpp-std-vector,6,0,455,931840,10920,65,29575,2827503,8,16,67108864,256
H,append-growth-snapshot-control-o3,0,256,8,cpp-std-vector,6,1,455,931840,10920,65,0,52250,8,8,67108864,256
H,append-growth-o3,0,256,8,rust-vec,7,0,455,931840,10920,65,29575,3151457,8,16,67108864,256
H,append-growth-snapshot-control-o3,0,256,8,rust-vec,7,1,455,931840,10920,65,0,53667,8,8,67108864,256
H,append-growth-o3,0,256,8,cpp-std-vector,7,0,455,931840,10920,65,29575,2829374,8,16,67108864,256
H,append-growth-snapshot-control-o3,0,256,8,cpp-std-vector,7,1,455,931840,10920,65,0,52667,8,8,67108864,256
H,append-growth-o3,0,256,8,whitefoot,7,0,455,931840,10920,65,29575,2747664,8,16,67108864,256
H,append-growth-snapshot-control-o3,0,256,8,whitefoot,7,1,455,931840,10920,65,0,52379,8,8,67108864,256
H,append-growth-o3,0,256,8,cpp-std-vector,8,0,455,931840,10920,65,29575,2931958,8,16,67108864,256
H,append-growth-snapshot-control-o3,0,256,8,cpp-std-vector,8,1,455,931840,10920,65,0,57881,8,8,67108864,256
H,append-growth-o3,0,256,8,whitefoot,8,0,455,931840,10920,65,29575,2945207,8,16,67108864,256
H,append-growth-snapshot-control-o3,0,256,8,whitefoot,8,1,455,931840,10920,65,0,54007,8,8,67108864,256
H,append-growth-o3,0,256,8,rust-vec,8,0,455,931840,10920,65,29575,3583416,8,16,67108864,256
H,append-growth-snapshot-control-o3,0,256,8,rust-vec,8,1,455,931840,10920,65,0,53920,8,8,67108864,256
H,append-growth-o3,1,256,8,cpp-std-vector,0,0,455,931840,10920,65,29575,2839712,8,16,67108864,256
H,append-growth-snapshot-control-o3,1,256,8,cpp-std-vector,0,1,455,931840,10920,65,0,52875,8,8,67108864,256
H,append-growth-o3,1,256,8,rust-vec,0,0,455,931840,10920,65,29575,3152586,8,16,67108864,256
H,append-growth-snapshot-control-o3,1,256,8,rust-vec,0,1,455,931840,10920,65,0,53704,8,8,67108864,256
H,append-growth-o3,1,256,8,whitefoot,0,0,455,931840,10920,65,29575,2741336,8,16,67108864,256
H,append-growth-snapshot-control-o3,1,256,8,whitefoot,0,1,455,931840,10920,65,0,52581,8,8,67108864,256
H,append-growth-o3,1,256,8,rust-vec,1,0,455,931840,10920,65,29575,3180410,8,16,67108864,256
H,append-growth-snapshot-control-o3,1,256,8,rust-vec,1,1,455,931840,10920,65,0,53499,8,8,67108864,256
H,append-growth-o3,1,256,8,whitefoot,1,0,455,931840,10920,65,29575,2763626,8,16,67108864,256
H,append-growth-snapshot-control-o3,1,256,8,whitefoot,1,1,455,931840,10920,65,0,53045,8,8,67108864,256
H,append-growth-o3,1,256,8,cpp-std-vector,1,0,455,931840,10920,65,29575,2864460,8,16,67108864,256
H,append-growth-snapshot-control-o3,1,256,8,cpp-std-vector,1,1,455,931840,10920,65,0,52374,8,8,67108864,256
H,append-growth-o3,1,256,8,whitefoot,2,0,455,931840,10920,65,29575,2773456,8,16,67108864,256
H,append-growth-snapshot-control-o3,1,256,8,whitefoot,2,1,455,931840,10920,65,0,52541,8,8,67108864,256
H,append-growth-o3,1,256,8,cpp-std-vector,2,0,455,931840,10920,65,29575,2821287,8,16,67108864,256
H,append-growth-snapshot-control-o3,1,256,8,cpp-std-vector,2,1,455,931840,10920,65,0,52625,8,8,67108864,256
H,append-growth-o3,1,256,8,rust-vec,2,0,455,931840,10920,65,29575,3151207,8,16,67108864,256
H,append-growth-snapshot-control-o3,1,256,8,rust-vec,2,1,455,931840,10920,65,0,52832,8,8,67108864,256
H,append-growth-o3,1,256,8,cpp-std-vector,3,0,455,931840,10920,65,29575,2863875,8,16,67108864,256
H,append-growth-snapshot-control-o3,1,256,8,cpp-std-vector,3,1,455,931840,10920,65,0,52664,8,8,67108864,256
H,append-growth-o3,1,256,8,rust-vec,3,0,455,931840,10920,65,29575,3226829,8,16,67108864,256
H,append-growth-snapshot-control-o3,1,256,8,rust-vec,3,1,455,931840,10920,65,0,53332,8,8,67108864,256
H,append-growth-o3,1,256,8,whitefoot,3,0,455,931840,10920,65,29575,2752251,8,16,67108864,256
H,append-growth-snapshot-control-o3,1,256,8,whitefoot,3,1,455,931840,10920,65,0,52374,8,8,67108864,256
H,append-growth-o3,1,256,8,rust-vec,4,0,455,931840,10920,65,29575,3249623,8,16,67108864,256
H,append-growth-snapshot-control-o3,1,256,8,rust-vec,4,1,455,931840,10920,65,0,55582,8,8,67108864,256
H,append-growth-o3,1,256,8,whitefoot,4,0,455,931840,10920,65,29575,2899789,8,16,67108864,256
H,append-growth-snapshot-control-o3,1,256,8,whitefoot,4,1,455,931840,10920,65,0,57705,8,8,67108864,256
H,append-growth-o3,1,256,8,cpp-std-vector,4,0,455,931840,10920,65,29575,2952080,8,16,67108864,256
H,append-growth-snapshot-control-o3,1,256,8,cpp-std-vector,4,1,455,931840,10920,65,0,54375,8,8,67108864,256
H,append-growth-o3,1,256,8,whitefoot,5,0,455,931840,10920,65,29575,2921794,8,16,67108864,256
H,append-growth-snapshot-control-o3,1,256,8,whitefoot,5,1,455,931840,10920,65,0,54666,8,8,67108864,256
H,append-growth-o3,1,256,8,cpp-std-vector,5,0,455,931840,10920,65,29575,3114707,8,16,67108864,256
H,append-growth-snapshot-control-o3,1,256,8,cpp-std-vector,5,1,455,931840,10920,65,0,54251,8,8,67108864,256
H,append-growth-o3,1,256,8,rust-vec,5,0,455,931840,10920,65,29575,3305333,8,16,67108864,256
H,append-growth-snapshot-control-o3,1,256,8,rust-vec,5,1,455,931840,10920,65,0,55708,8,8,67108864,256
H,append-growth-o3,1,256,8,cpp-std-vector,6,0,455,931840,10920,65,29575,2926750,8,16,67108864,256
H,append-growth-snapshot-control-o3,1,256,8,cpp-std-vector,6,1,455,931840,10920,65,0,54709,8,8,67108864,256
H,append-growth-o3,1,256,8,rust-vec,6,0,455,931840,10920,65,29575,3241002,8,16,67108864,256
H,append-growth-snapshot-control-o3,1,256,8,rust-vec,6,1,455,931840,10920,65,0,54498,8,8,67108864,256
H,append-growth-o3,1,256,8,whitefoot,6,0,455,931840,10920,65,29575,2837749,8,16,67108864,256
H,append-growth-snapshot-control-o3,1,256,8,whitefoot,6,1,455,931840,10920,65,0,54541,8,8,67108864,256
H,append-growth-o3,1,256,8,rust-vec,7,0,455,931840,10920,65,29575,3307833,8,16,67108864,256
H,append-growth-snapshot-control-o3,1,256,8,rust-vec,7,1,455,931840,10920,65,0,54579,8,8,67108864,256
H,append-growth-o3,1,256,8,whitefoot,7,0,455,931840,10920,65,29575,2936753,8,16,67108864,256
H,append-growth-snapshot-control-o3,1,256,8,whitefoot,7,1,455,931840,10920,65,0,57120,8,8,67108864,256
H,append-growth-o3,1,256,8,cpp-std-vector,7,0,455,931840,10920,65,29575,2913750,8,16,67108864,256
H,append-growth-snapshot-control-o3,1,256,8,cpp-std-vector,7,1,455,931840,10920,65,0,56045,8,8,67108864,256
H,append-growth-o3,1,256,8,whitefoot,8,0,455,931840,10920,65,29575,2822039,8,16,67108864,256
H,append-growth-snapshot-control-o3,1,256,8,whitefoot,8,1,455,931840,10920,65,0,54254,8,8,67108864,256
H,append-growth-o3,1,256,8,cpp-std-vector,8,0,455,931840,10920,65,29575,2926793,8,16,67108864,256
H,append-growth-snapshot-control-o3,1,256,8,cpp-std-vector,8,1,455,931840,10920,65,0,53789,8,8,67108864,256
H,append-growth-o3,1,256,8,rust-vec,8,0,455,931840,10920,65,29575,3317871,8,16,67108864,256
H,append-growth-snapshot-control-o3,1,256,8,rust-vec,8,1,455,931840,10920,65,0,56666,8,8,67108864,256
H,append-growth-o3,0,256,9,whitefoot,0,0,409,942336,9816,65,26585,3129584,9,18,67108864,256
H,append-growth-snapshot-control-o3,0,256,9,whitefoot,0,1,409,942336,9816,65,0,47544,9,9,67108864,256
H,append-growth-o3,0,256,9,rust-vec,0,0,409,942336,9816,65,26585,3107752,9,18,67108864,256
H,append-growth-snapshot-control-o3,0,256,9,rust-vec,0,1,409,942336,9816,65,0,48750,9,9,67108864,256
H,append-growth-o3,0,256,9,cpp-std-vector,0,0,409,942336,9816,65,26585,2738378,9,18,67108864,256
H,append-growth-snapshot-control-o3,0,256,9,cpp-std-vector,0,1,409,942336,9816,65,0,51790,9,9,67108864,256
H,append-growth-o3,0,256,9,rust-vec,1,0,409,942336,9816,65,26585,3058250,9,18,67108864,256
H,append-growth-snapshot-control-o3,0,256,9,rust-vec,1,1,409,942336,9816,65,0,47000,9,9,67108864,256
H,append-growth-o3,0,256,9,cpp-std-vector,1,0,409,942336,9816,65,26585,2589750,9,18,67108864,256
H,append-growth-snapshot-control-o3,0,256,9,cpp-std-vector,1,1,409,942336,9816,65,0,46337,9,9,67108864,256
H,append-growth-o3,0,256,9,whitefoot,1,0,409,942336,9816,65,26585,2868836,9,18,67108864,256
H,append-growth-snapshot-control-o3,0,256,9,whitefoot,1,1,409,942336,9816,65,0,46675,9,9,67108864,256
H,append-growth-o3,0,256,9,cpp-std-vector,2,0,409,942336,9816,65,26585,2581912,9,18,67108864,256
H,append-growth-snapshot-control-o3,0,256,9,cpp-std-vector,2,1,409,942336,9816,65,0,46711,9,9,67108864,256
H,append-growth-o3,0,256,9,whitefoot,2,0,409,942336,9816,65,26585,2870127,9,18,67108864,256
H,append-growth-snapshot-control-o3,0,256,9,whitefoot,2,1,409,942336,9816,65,0,46376,9,9,67108864,256
H,append-growth-o3,0,256,9,rust-vec,2,0,409,942336,9816,65,26585,2919623,9,18,67108864,256
H,append-growth-snapshot-control-o3,0,256,9,rust-vec,2,1,409,942336,9816,65,0,47000,9,9,67108864,256
H,append-growth-o3,0,256,9,whitefoot,3,0,409,942336,9816,65,26585,2863249,9,18,67108864,256
H,append-growth-snapshot-control-o3,0,256,9,whitefoot,3,1,409,942336,9816,65,0,46370,9,9,67108864,256
H,append-growth-o3,0,256,9,rust-vec,3,0,409,942336,9816,65,26585,2947043,9,18,67108864,256
H,append-growth-snapshot-control-o3,0,256,9,rust-vec,3,1,409,942336,9816,65,0,47502,9,9,67108864,256
H,append-growth-o3,0,256,9,cpp-std-vector,3,0,409,942336,9816,65,26585,2580253,9,18,67108864,256
H,append-growth-snapshot-control-o3,0,256,9,cpp-std-vector,3,1,409,942336,9816,65,0,46671,9,9,67108864,256
H,append-growth-o3,0,256,9,rust-vec,4,0,409,942336,9816,65,26585,2930166,9,18,67108864,256
H,append-growth-snapshot-control-o3,0,256,9,rust-vec,4,1,409,942336,9816,65,0,46584,9,9,67108864,256
H,append-growth-o3,0,256,9,cpp-std-vector,4,0,409,942336,9816,65,26585,2594372,9,18,67108864,256
H,append-growth-snapshot-control-o3,0,256,9,cpp-std-vector,4,1,409,942336,9816,65,0,46422,9,9,67108864,256
H,append-growth-o3,0,256,9,whitefoot,4,0,409,942336,9816,65,26585,2868122,9,18,67108864,256
H,append-growth-snapshot-control-o3,0,256,9,whitefoot,4,1,409,942336,9816,65,0,48546,9,9,67108864,256
H,append-growth-o3,0,256,9,cpp-std-vector,5,0,409,942336,9816,65,26585,2819706,9,18,67108864,256
H,append-growth-snapshot-control-o3,0,256,9,cpp-std-vector,5,1,409,942336,9816,65,0,49328,9,9,67108864,256
H,append-growth-o3,0,256,9,whitefoot,5,0,409,942336,9816,65,26585,3051503,9,18,67108864,256
H,append-growth-snapshot-control-o3,0,256,9,whitefoot,5,1,409,942336,9816,65,0,50042,9,9,67108864,256
H,append-growth-o3,0,256,9,rust-vec,5,0,409,942336,9816,65,26585,3100041,9,18,67108864,256
H,append-growth-snapshot-control-o3,0,256,9,rust-vec,5,1,409,942336,9816,65,0,49207,9,9,67108864,256
H,append-growth-o3,0,256,9,whitefoot,6,0,409,942336,9816,65,26585,2884333,9,18,67108864,256
H,append-growth-snapshot-control-o3,0,256,9,whitefoot,6,1,409,942336,9816,65,0,46248,9,9,67108864,256
H,append-growth-o3,0,256,9,rust-vec,6,0,409,942336,9816,65,26585,2968077,9,18,67108864,256
H,append-growth-snapshot-control-o3,0,256,9,rust-vec,6,1,409,942336,9816,65,0,46917,9,9,67108864,256
H,append-growth-o3,0,256,9,cpp-std-vector,6,0,409,942336,9816,65,26585,2588585,9,18,67108864,256
H,append-growth-snapshot-control-o3,0,256,9,cpp-std-vector,6,1,409,942336,9816,65,0,47040,9,9,67108864,256
H,append-growth-o3,0,256,9,rust-vec,7,0,409,942336,9816,65,26585,3058879,9,18,67108864,256
H,append-growth-snapshot-control-o3,0,256,9,rust-vec,7,1,409,942336,9816,65,0,49253,9,9,67108864,256
H,append-growth-o3,0,256,9,cpp-std-vector,7,0,409,942336,9816,65,26585,2596666,9,18,67108864,256
H,append-growth-snapshot-control-o3,0,256,9,cpp-std-vector,7,1,409,942336,9816,65,0,46415,9,9,67108864,256
H,append-growth-o3,0,256,9,whitefoot,7,0,409,942336,9816,65,26585,2867086,9,18,67108864,256
H,append-growth-snapshot-control-o3,0,256,9,whitefoot,7,1,409,942336,9816,65,0,46914,9,9,67108864,256
H,append-growth-o3,0,256,9,cpp-std-vector,8,0,409,942336,9816,65,26585,2591583,9,18,67108864,256
H,append-growth-snapshot-control-o3,0,256,9,cpp-std-vector,8,1,409,942336,9816,65,0,46712,9,9,67108864,256
H,append-growth-o3,0,256,9,whitefoot,8,0,409,942336,9816,65,26585,2871085,9,18,67108864,256
H,append-growth-snapshot-control-o3,0,256,9,whitefoot,8,1,409,942336,9816,65,0,46371,9,9,67108864,256
H,append-growth-o3,0,256,9,rust-vec,8,0,409,942336,9816,65,26585,2958794,9,18,67108864,256
H,append-growth-snapshot-control-o3,0,256,9,rust-vec,8,1,409,942336,9816,65,0,47582,9,9,67108864,256
H,append-growth-o3,1,256,9,cpp-std-vector,0,0,409,942336,9816,65,26585,2612506,9,18,67108864,256
H,append-growth-snapshot-control-o3,1,256,9,cpp-std-vector,0,1,409,942336,9816,65,0,46625,9,9,67108864,256
H,append-growth-o3,1,256,9,rust-vec,0,0,409,942336,9816,65,26585,2944706,9,18,67108864,256
H,append-growth-snapshot-control-o3,1,256,9,rust-vec,0,1,409,942336,9816,65,0,47044,9,9,67108864,256
H,append-growth-o3,1,256,9,whitefoot,0,0,409,942336,9816,65,26585,2879209,9,18,67108864,256
H,append-growth-snapshot-control-o3,1,256,9,whitefoot,0,1,409,942336,9816,65,0,46911,9,9,67108864,256
H,append-growth-o3,1,256,9,rust-vec,1,0,409,942336,9816,65,26585,2938832,9,18,67108864,256
H,append-growth-snapshot-control-o3,1,256,9,rust-vec,1,1,409,942336,9816,65,0,46459,9,9,67108864,256
H,append-growth-o3,1,256,9,whitefoot,1,0,409,942336,9816,65,26585,2877997,9,18,67108864,256
H,append-growth-snapshot-control-o3,1,256,9,whitefoot,1,1,409,942336,9816,65,0,46923,9,9,67108864,256
H,append-growth-o3,1,256,9,cpp-std-vector,1,0,409,942336,9816,65,26585,2660169,9,18,67108864,256
H,append-growth-snapshot-control-o3,1,256,9,cpp-std-vector,1,1,409,942336,9816,65,0,49290,9,9,67108864,256
H,append-growth-o3,1,256,9,whitefoot,2,0,409,942336,9816,65,26585,2870375,9,18,67108864,256
H,append-growth-snapshot-control-o3,1,256,9,whitefoot,2,1,409,942336,9816,65,0,46246,9,9,67108864,256
H,append-growth-o3,1,256,9,cpp-std-vector,2,0,409,942336,9816,65,26585,2590499,9,18,67108864,256
H,append-growth-snapshot-control-o3,1,256,9,cpp-std-vector,2,1,409,942336,9816,65,0,46624,9,9,67108864,256
H,append-growth-o3,1,256,9,rust-vec,2,0,409,942336,9816,65,26585,2927834,9,18,67108864,256
H,append-growth-snapshot-control-o3,1,256,9,rust-vec,2,1,409,942336,9816,65,0,47249,9,9,67108864,256
H,append-growth-o3,1,256,9,cpp-std-vector,3,0,409,942336,9816,65,26585,2579921,9,18,67108864,256
H,append-growth-snapshot-control-o3,1,256,9,cpp-std-vector,3,1,409,942336,9816,65,0,46423,9,9,67108864,256
H,append-growth-o3,1,256,9,rust-vec,3,0,409,942336,9816,65,26585,2934168,9,18,67108864,256
H,append-growth-snapshot-control-o3,1,256,9,rust-vec,3,1,409,942336,9816,65,0,46996,9,9,67108864,256
H,append-growth-o3,1,256,9,whitefoot,3,0,409,942336,9816,65,26585,2872378,9,18,67108864,256
H,append-growth-snapshot-control-o3,1,256,9,whitefoot,3,1,409,942336,9816,65,0,46377,9,9,67108864,256
H,append-growth-o3,1,256,9,rust-vec,4,0,409,942336,9816,65,26585,2926163,9,18,67108864,256
H,append-growth-snapshot-control-o3,1,256,9,rust-vec,4,1,409,942336,9816,65,0,46540,9,9,67108864,256
H,append-growth-o3,1,256,9,whitefoot,4,0,409,942336,9816,65,26585,2870583,9,18,67108864,256
H,append-growth-snapshot-control-o3,1,256,9,whitefoot,4,1,409,942336,9816,65,0,46327,9,9,67108864,256
H,append-growth-o3,1,256,9,cpp-std-vector,4,0,409,942336,9816,65,26585,2586000,9,18,67108864,256
H,append-growth-snapshot-control-o3,1,256,9,cpp-std-vector,4,1,409,942336,9816,65,0,46509,9,9,67108864,256
H,append-growth-o3,1,256,9,whitefoot,5,0,409,942336,9816,65,26585,2866874,9,18,67108864,256
H,append-growth-snapshot-control-o3,1,256,9,whitefoot,5,1,409,942336,9816,65,0,46832,9,9,67108864,256
H,append-growth-o3,1,256,9,cpp-std-vector,5,0,409,942336,9816,65,26585,2604125,9,18,67108864,256
H,append-growth-snapshot-control-o3,1,256,9,cpp-std-vector,5,1,409,942336,9816,65,0,46834,9,9,67108864,256
H,append-growth-o3,1,256,9,rust-vec,5,0,409,942336,9816,65,26585,2932211,9,18,67108864,256
H,append-growth-snapshot-control-o3,1,256,9,rust-vec,5,1,409,942336,9816,65,0,47247,9,9,67108864,256
H,append-growth-o3,1,256,9,cpp-std-vector,6,0,409,942336,9816,65,26585,2599868,9,18,67108864,256
H,append-growth-snapshot-control-o3,1,256,9,cpp-std-vector,6,1,409,942336,9816,65,0,46418,9,9,67108864,256
H,append-growth-o3,1,256,9,rust-vec,6,0,409,942336,9816,65,26585,2978794,9,18,67108864,256
H,append-growth-snapshot-control-o3,1,256,9,rust-vec,6,1,409,942336,9816,65,0,50249,9,9,67108864,256
H,append-growth-o3,1,256,9,whitefoot,6,0,409,942336,9816,65,26585,2987622,9,18,67108864,256
H,append-growth-snapshot-control-o3,1,256,9,whitefoot,6,1,409,942336,9816,65,0,48836,9,9,67108864,256
H,append-growth-o3,1,256,9,rust-vec,7,0,409,942336,9816,65,26585,2944582,9,18,67108864,256
H,append-growth-snapshot-control-o3,1,256,9,rust-vec,7,1,409,942336,9816,65,0,46710,9,9,67108864,256
H,append-growth-o3,1,256,9,whitefoot,7,0,409,942336,9816,65,26585,2887289,9,18,67108864,256
H,append-growth-snapshot-control-o3,1,256,9,whitefoot,7,1,409,942336,9816,65,0,46580,9,9,67108864,256
H,append-growth-o3,1,256,9,cpp-std-vector,7,0,409,942336,9816,65,26585,2587917,9,18,67108864,256
H,append-growth-snapshot-control-o3,1,256,9,cpp-std-vector,7,1,409,942336,9816,65,0,47582,9,9,67108864,256
H,append-growth-o3,1,256,9,whitefoot,8,0,409,942336,9816,65,26585,2876872,9,18,67108864,256
H,append-growth-snapshot-control-o3,1,256,9,whitefoot,8,1,409,942336,9816,65,0,46248,9,9,67108864,256
H,append-growth-o3,1,256,9,cpp-std-vector,8,0,409,942336,9816,65,26585,2587166,9,18,67108864,256
H,append-growth-snapshot-control-o3,1,256,9,cpp-std-vector,8,1,409,942336,9816,65,0,46667,9,9,67108864,256
H,append-growth-o3,1,256,9,rust-vec,8,0,409,942336,9816,65,26585,2920042,9,18,67108864,256
H,append-growth-snapshot-control-o3,1,256,9,rust-vec,8,1,409,942336,9816,65,0,46703,9,9,67108864,256
H,append-growth-o3,0,256,16,whitefoot,0,0,240,983040,5760,65,15600,2522707,16,32,67108864,256
H,append-growth-snapshot-control-o3,0,256,16,whitefoot,0,1,240,983040,5760,65,0,24043,16,16,67108864,256
H,append-growth-o3,0,256,16,rust-vec,0,0,240,983040,5760,65,15600,2377290,16,32,67108864,256
H,append-growth-snapshot-control-o3,0,256,16,rust-vec,0,1,240,983040,5760,65,0,24919,16,16,67108864,256
H,append-growth-o3,0,256,16,cpp-std-vector,0,0,240,983040,5760,65,15600,2215836,16,32,67108864,256
H,append-growth-snapshot-control-o3,0,256,16,cpp-std-vector,0,1,240,983040,5760,65,0,24584,16,16,67108864,256
H,append-growth-o3,0,256,16,rust-vec,1,0,240,983040,5760,65,15600,2343581,16,32,67108864,256
H,append-growth-snapshot-control-o3,0,256,16,rust-vec,1,1,240,983040,5760,65,0,24749,16,16,67108864,256
H,append-growth-o3,0,256,16,cpp-std-vector,1,0,240,983040,5760,65,15600,2203879,16,32,67108864,256
H,append-growth-snapshot-control-o3,0,256,16,cpp-std-vector,1,1,240,983040,5760,65,0,25250,16,16,67108864,256
H,append-growth-o3,0,256,16,whitefoot,1,0,240,983040,5760,65,15600,2511334,16,32,67108864,256
H,append-growth-snapshot-control-o3,0,256,16,whitefoot,1,1,240,983040,5760,65,0,24874,16,16,67108864,256
H,append-growth-o3,0,256,16,cpp-std-vector,2,0,240,983040,5760,65,15600,2346918,16,32,67108864,256
H,append-growth-snapshot-control-o3,0,256,16,cpp-std-vector,2,1,240,983040,5760,65,0,26000,16,16,67108864,256
H,append-growth-o3,0,256,16,whitefoot,2,0,240,983040,5760,65,15600,2384502,16,32,67108864,256
H,append-growth-snapshot-control-o3,0,256,16,whitefoot,2,1,240,983040,5760,65,0,24794,16,16,67108864,256
H,append-growth-o3,0,256,16,rust-vec,2,0,240,983040,5760,65,15600,2353875,16,32,67108864,256
H,append-growth-snapshot-control-o3,0,256,16,rust-vec,2,1,240,983040,5760,65,0,25419,16,16,67108864,256
H,append-growth-o3,0,256,16,whitefoot,3,0,240,983040,5760,65,15600,2491754,16,32,67108864,256
H,append-growth-snapshot-control-o3,0,256,16,whitefoot,3,1,240,983040,5760,65,0,24748,16,16,67108864,256
H,append-growth-o3,0,256,16,rust-vec,3,0,240,983040,5760,65,15600,2399085,16,32,67108864,256
H,append-growth-snapshot-control-o3,0,256,16,rust-vec,3,1,240,983040,5760,65,0,24998,16,16,67108864,256
H,append-growth-o3,0,256,16,cpp-std-vector,3,0,240,983040,5760,65,15600,2221337,16,32,67108864,256
H,append-growth-snapshot-control-o3,0,256,16,cpp-std-vector,3,1,240,983040,5760,65,0,24500,16,16,67108864,256
H,append-growth-o3,0,256,16,rust-vec,4,0,240,983040,5760,65,15600,2350795,16,32,67108864,256
H,append-growth-snapshot-control-o3,0,256,16,rust-vec,4,1,240,983040,5760,65,0,24836,16,16,67108864,256
H,append-growth-o3,0,256,16,cpp-std-vector,4,0,240,983040,5760,65,15600,2237789,16,32,67108864,256
H,append-growth-snapshot-control-o3,0,256,16,cpp-std-vector,4,1,240,983040,5760,65,0,24790,16,16,67108864,256
H,append-growth-o3,0,256,16,whitefoot,4,0,240,983040,5760,65,15600,2311662,16,32,67108864,256
H,append-growth-snapshot-control-o3,0,256,16,whitefoot,4,1,240,983040,5760,65,0,24667,16,16,67108864,256
H,append-growth-o3,0,256,16,cpp-std-vector,5,0,240,983040,5760,65,15600,2223539,16,32,67108864,256
H,append-growth-snapshot-control-o3,0,256,16,cpp-std-vector,5,1,240,983040,5760,65,0,24624,16,16,67108864,256
H,append-growth-o3,0,256,16,whitefoot,5,0,240,983040,5760,65,15600,2312126,16,32,67108864,256
H,append-growth-snapshot-control-o3,0,256,16,whitefoot,5,1,240,983040,5760,65,0,24791,16,16,67108864,256
H,append-growth-o3,0,256,16,rust-vec,5,0,240,983040,5760,65,15600,2345086,16,32,67108864,256
H,append-growth-snapshot-control-o3,0,256,16,rust-vec,5,1,240,983040,5760,65,0,25042,16,16,67108864,256
H,append-growth-o3,0,256,16,whitefoot,6,0,240,983040,5760,65,15600,2320455,16,32,67108864,256
H,append-growth-snapshot-control-o3,0,256,16,whitefoot,6,1,240,983040,5760,65,0,29086,16,16,67108864,256
H,append-growth-o3,0,256,16,rust-vec,6,0,240,983040,5760,65,15600,2366124,16,32,67108864,256
H,append-growth-snapshot-control-o3,0,256,16,rust-vec,6,1,240,983040,5760,65,0,25041,16,16,67108864,256
H,append-growth-o3,0,256,16,cpp-std-vector,6,0,240,983040,5760,65,15600,2305161,16,32,67108864,256
H,append-growth-snapshot-control-o3,0,256,16,cpp-std-vector,6,1,240,983040,5760,65,0,26835,16,16,67108864,256
H,append-growth-o3,0,256,16,rust-vec,7,0,240,983040,5760,65,15600,2377582,16,32,67108864,256
H,append-growth-snapshot-control-o3,0,256,16,rust-vec,7,1,240,983040,5760,65,0,28081,16,16,67108864,256
H,append-growth-o3,0,256,16,cpp-std-vector,7,0,240,983040,5760,65,15600,2244836,16,32,67108864,256
H,append-growth-snapshot-control-o3,0,256,16,cpp-std-vector,7,1,240,983040,5760,65,0,24252,16,16,67108864,256
H,append-growth-o3,0,256,16,whitefoot,7,0,240,983040,5760,65,15600,2312792,16,32,67108864,256
H,append-growth-snapshot-control-o3,0,256,16,whitefoot,7,1,240,983040,5760,65,0,24457,16,16,67108864,256
H,append-growth-o3,0,256,16,cpp-std-vector,8,0,240,983040,5760,65,15600,2250256,16,32,67108864,256
H,append-growth-snapshot-control-o3,0,256,16,cpp-std-vector,8,1,240,983040,5760,65,0,24875,16,16,67108864,256
H,append-growth-o3,0,256,16,whitefoot,8,0,240,983040,5760,65,15600,2343465,16,32,67108864,256
H,append-growth-snapshot-control-o3,0,256,16,whitefoot,8,1,240,983040,5760,65,0,24707,16,16,67108864,256
H,append-growth-o3,0,256,16,rust-vec,8,0,240,983040,5760,65,15600,2374961,16,32,67108864,256
H,append-growth-snapshot-control-o3,0,256,16,rust-vec,8,1,240,983040,5760,65,0,25000,16,16,67108864,256
H,append-growth-o3,1,256,16,cpp-std-vector,0,0,240,983040,5760,65,15600,2223001,16,32,67108864,256
H,append-growth-snapshot-control-o3,1,256,16,cpp-std-vector,0,1,240,983040,5760,65,0,24957,16,16,67108864,256
H,append-growth-o3,1,256,16,rust-vec,0,0,240,983040,5760,65,15600,2384708,16,32,67108864,256
H,append-growth-snapshot-control-o3,1,256,16,rust-vec,0,1,240,983040,5760,65,0,24750,16,16,67108864,256
H,append-growth-o3,1,256,16,whitefoot,0,0,240,983040,5760,65,15600,2368332,16,32,67108864,256
H,append-growth-snapshot-control-o3,1,256,16,whitefoot,0,1,240,983040,5760,65,0,25499,16,16,67108864,256
H,append-growth-o3,1,256,16,rust-vec,1,0,240,983040,5760,65,15600,2414417,16,32,67108864,256
H,append-growth-snapshot-control-o3,1,256,16,rust-vec,1,1,240,983040,5760,65,0,25081,16,16,67108864,256
H,append-growth-o3,1,256,16,whitefoot,1,0,240,983040,5760,65,15600,2320462,16,32,67108864,256
H,append-growth-snapshot-control-o3,1,256,16,whitefoot,1,1,240,983040,5760,65,0,24208,16,16,67108864,256
H,append-growth-o3,1,256,16,cpp-std-vector,1,0,240,983040,5760,65,15600,2308542,16,32,67108864,256
H,append-growth-snapshot-control-o3,1,256,16,cpp-std-vector,1,1,240,983040,5760,65,0,27956,16,16,67108864,256
H,append-growth-o3,1,256,16,whitefoot,2,0,240,983040,5760,65,15600,2349954,16,32,67108864,256
H,append-growth-snapshot-control-o3,1,256,16,whitefoot,2,1,240,983040,5760,65,0,24710,16,16,67108864,256
H,append-growth-o3,1,256,16,cpp-std-vector,2,0,240,983040,5760,65,15600,2228790,16,32,67108864,256
H,append-growth-snapshot-control-o3,1,256,16,cpp-std-vector,2,1,240,983040,5760,65,0,24208,16,16,67108864,256
H,append-growth-o3,1,256,16,rust-vec,2,0,240,983040,5760,65,15600,2348581,16,32,67108864,256
H,append-growth-snapshot-control-o3,1,256,16,rust-vec,2,1,240,983040,5760,65,0,24876,16,16,67108864,256
H,append-growth-o3,1,256,16,cpp-std-vector,3,0,240,983040,5760,65,15600,2205414,16,32,67108864,256
H,append-growth-snapshot-control-o3,1,256,16,cpp-std-vector,3,1,240,983040,5760,65,0,24540,16,16,67108864,256
H,append-growth-o3,1,256,16,rust-vec,3,0,240,983040,5760,65,15600,2344040,16,32,67108864,256
H,append-growth-snapshot-control-o3,1,256,16,rust-vec,3,1,240,983040,5760,65,0,24670,16,16,67108864,256
H,append-growth-o3,1,256,16,whitefoot,3,0,240,983040,5760,65,15600,2322717,16,32,67108864,256
H,append-growth-snapshot-control-o3,1,256,16,whitefoot,3,1,240,983040,5760,65,0,24962,16,16,67108864,256
H,append-growth-o3,1,256,16,rust-vec,4,0,240,983040,5760,65,15600,2338166,16,32,67108864,256
H,append-growth-snapshot-control-o3,1,256,16,rust-vec,4,1,240,983040,5760,65,0,25042,16,16,67108864,256
H,append-growth-o3,1,256,16,whitefoot,4,0,240,983040,5760,65,15600,2333870,16,32,67108864,256
H,append-growth-snapshot-control-o3,1,256,16,whitefoot,4,1,240,983040,5760,65,0,25333,16,16,67108864,256
H,append-growth-o3,1,256,16,cpp-std-vector,4,0,240,983040,5760,65,15600,2287170,16,32,67108864,256
H,append-growth-snapshot-control-o3,1,256,16,cpp-std-vector,4,1,240,983040,5760,65,0,24416,16,16,67108864,256
H,append-growth-o3,1,256,16,whitefoot,5,0,240,983040,5760,65,15600,2296998,16,32,67108864,256
H,append-growth-snapshot-control-o3,1,256,16,whitefoot,5,1,240,983040,5760,65,0,24332,16,16,67108864,256
H,append-growth-o3,1,256,16,cpp-std-vector,5,0,240,983040,5760,65,15600,2213289,16,32,67108864,256
H,append-growth-snapshot-control-o3,1,256,16,cpp-std-vector,5,1,240,983040,5760,65,0,24247,16,16,67108864,256
H,append-growth-o3,1,256,16,rust-vec,5,0,240,983040,5760,65,15600,2355085,16,32,67108864,256
H,append-growth-snapshot-control-o3,1,256,16,rust-vec,5,1,240,983040,5760,65,0,25414,16,16,67108864,256
H,append-growth-o3,1,256,16,cpp-std-vector,6,0,240,983040,5760,65,15600,2209750,16,32,67108864,256
H,append-growth-snapshot-control-o3,1,256,16,cpp-std-vector,6,1,240,983040,5760,65,0,24501,16,16,67108864,256
H,append-growth-o3,1,256,16,rust-vec,6,0,240,983040,5760,65,15600,2419334,16,32,67108864,256
H,append-growth-snapshot-control-o3,1,256,16,rust-vec,6,1,240,983040,5760,65,0,24752,16,16,67108864,256
H,append-growth-o3,1,256,16,whitefoot,6,0,240,983040,5760,65,15600,2361877,16,32,67108864,256
H,append-growth-snapshot-control-o3,1,256,16,whitefoot,6,1,240,983040,5760,65,0,24457,16,16,67108864,256
H,append-growth-o3,1,256,16,rust-vec,7,0,240,983040,5760,65,15600,2346502,16,32,67108864,256
H,append-growth-snapshot-control-o3,1,256,16,rust-vec,7,1,240,983040,5760,65,0,24751,16,16,67108864,256
H,append-growth-o3,1,256,16,whitefoot,7,0,240,983040,5760,65,15600,2503584,16,32,67108864,256
H,append-growth-snapshot-control-o3,1,256,16,whitefoot,7,1,240,983040,5760,65,0,26955,16,16,67108864,256
H,append-growth-o3,1,256,16,cpp-std-vector,7,0,240,983040,5760,65,15600,2335832,16,32,67108864,256
H,append-growth-snapshot-control-o3,1,256,16,cpp-std-vector,7,1,240,983040,5760,65,0,26293,16,16,67108864,256
H,append-growth-o3,1,256,16,whitefoot,8,0,240,983040,5760,65,15600,2482792,16,32,67108864,256
H,append-growth-snapshot-control-o3,1,256,16,whitefoot,8,1,240,983040,5760,65,0,26917,16,16,67108864,256
H,append-growth-o3,1,256,16,cpp-std-vector,8,0,240,983040,5760,65,15600,2388287,16,32,67108864,256
H,append-growth-snapshot-control-o3,1,256,16,cpp-std-vector,8,1,240,983040,5760,65,0,25876,16,16,67108864,256
H,append-growth-o3,1,256,16,rust-vec,8,0,240,983040,5760,65,15600,2464329,16,32,67108864,256
H,append-growth-snapshot-control-o3,1,256,16,rust-vec,8,1,240,983040,5760,65,0,26005,16,16,67108864,256
H,append-growth-o3,0,256,256,whitefoot,0,0,15,983040,360,69,1035,1432252,256,512,67108864,256
H,append-growth-snapshot-control-o3,0,256,256,whitefoot,0,1,15,983040,360,69,0,14127,256,256,67108864,256
H,append-growth-o3,0,256,256,rust-vec,0,0,15,983040,360,69,1035,1427455,256,512,67108864,256
H,append-growth-snapshot-control-o3,0,256,256,rust-vec,0,1,15,983040,360,69,0,1413,256,256,67108864,256
H,append-growth-o3,0,256,256,cpp-std-vector,0,0,15,983040,360,69,1035,1383749,256,512,67108864,256
H,append-growth-snapshot-control-o3,0,256,256,cpp-std-vector,0,1,15,983040,360,69,0,2040,256,256,67108864,256
H,append-growth-o3,0,256,256,rust-vec,1,0,15,983040,360,69,1035,1381875,256,512,67108864,256
H,append-growth-snapshot-control-o3,0,256,256,rust-vec,1,1,15,983040,360,69,0,1661,256,256,67108864,256
H,append-growth-o3,0,256,256,cpp-std-vector,1,0,15,983040,360,69,1035,1378087,256,512,67108864,256
H,append-growth-snapshot-control-o3,0,256,256,cpp-std-vector,1,1,15,983040,360,69,0,1667,256,256,67108864,256
H,append-growth-o3,0,256,256,whitefoot,1,0,15,983040,360,69,1035,1379877,256,512,67108864,256
H,append-growth-snapshot-control-o3,0,256,256,whitefoot,1,1,15,983040,360,69,0,1876,256,256,67108864,256
H,append-growth-o3,0,256,256,cpp-std-vector,2,0,15,983040,360,69,1035,1378374,256,512,67108864,256
H,append-growth-snapshot-control-o3,0,256,256,cpp-std-vector,2,1,15,983040,360,69,0,1917,256,256,67108864,256
H,append-growth-o3,0,256,256,whitefoot,2,0,15,983040,360,69,1035,1385585,256,512,67108864,256
H,append-growth-snapshot-control-o3,0,256,256,whitefoot,2,1,15,983040,360,69,0,2001,256,256,67108864,256
H,append-growth-o3,0,256,256,rust-vec,2,0,15,983040,360,69,1035,1371252,256,512,67108864,256
H,append-growth-snapshot-control-o3,0,256,256,rust-vec,2,1,15,983040,360,69,0,1920,256,256,67108864,256
H,append-growth-o3,0,256,256,whitefoot,3,0,15,983040,360,69,1035,1381755,256,512,67108864,256
H,append-growth-snapshot-control-o3,0,256,256,whitefoot,3,1,15,983040,360,69,0,1582,256,256,67108864,256
H,append-growth-o3,0,256,256,rust-vec,3,0,15,983040,360,69,1035,1386044,256,512,67108864,256
H,append-growth-snapshot-control-o3,0,256,256,rust-vec,3,1,15,983040,360,69,0,2213,256,256,67108864,256
H,append-growth-o3,0,256,256,cpp-std-vector,3,0,15,983040,360,69,1035,1440918,256,512,67108864,256
H,append-growth-snapshot-control-o3,0,256,256,cpp-std-vector,3,1,15,983040,360,69,0,1664,256,256,67108864,256
H,append-growth-o3,0,256,256,rust-vec,4,0,15,983040,360,69,1035,1399037,256,512,67108864,256
H,append-growth-snapshot-control-o3,0,256,256,rust-vec,4,1,15,983040,360,69,0,1535,256,256,67108864,256
H,append-growth-o3,0,256,256,cpp-std-vector,4,0,15,983040,360,69,1035,1374750,256,512,67108864,256
H,append-growth-snapshot-control-o3,0,256,256,cpp-std-vector,4,1,15,983040,360,69,0,1582,256,256,67108864,256
H,append-growth-o3,0,256,256,whitefoot,4,0,15,983040,360,69,1035,1411670,256,512,67108864,256
H,append-growth-snapshot-control-o3,0,256,256,whitefoot,4,1,15,983040,360,69,0,1547,256,256,67108864,256
H,append-growth-o3,0,256,256,cpp-std-vector,5,0,15,983040,360,69,1035,1375876,256,512,67108864,256
H,append-growth-snapshot-control-o3,0,256,256,cpp-std-vector,5,1,15,983040,360,69,0,2255,256,256,67108864,256
H,append-growth-o3,0,256,256,whitefoot,5,0,15,983040,360,69,1035,1364627,256,512,67108864,256
H,append-growth-snapshot-control-o3,0,256,256,whitefoot,5,1,15,983040,360,69,0,2417,256,256,67108864,256
H,append-growth-o3,0,256,256,rust-vec,5,0,15,983040,360,69,1035,1395546,256,512,67108864,256
H,append-growth-snapshot-control-o3,0,256,256,rust-vec,5,1,15,983040,360,69,0,1915,256,256,67108864,256
H,append-growth-o3,0,256,256,whitefoot,6,0,15,983040,360,69,1035,1370044,256,512,67108864,256
H,append-growth-snapshot-control-o3,0,256,256,whitefoot,6,1,15,983040,360,69,0,2123,256,256,67108864,256
H,append-growth-o3,0,256,256,rust-vec,6,0,15,983040,360,69,1035,1364797,256,512,67108864,256
H,append-growth-snapshot-control-o3,0,256,256,rust-vec,6,1,15,983040,360,69,0,1794,256,256,67108864,256
H,append-growth-o3,0,256,256,cpp-std-vector,6,0,15,983040,360,69,1035,1380332,256,512,67108864,256
H,append-growth-snapshot-control-o3,0,256,256,cpp-std-vector,6,1,15,983040,360,69,0,1627,256,256,67108864,256
H,append-growth-o3,0,256,256,rust-vec,7,0,15,983040,360,69,1035,1388162,256,512,67108864,256
H,append-growth-snapshot-control-o3,0,256,256,rust-vec,7,1,15,983040,360,69,0,1705,256,256,67108864,256
H,append-growth-o3,0,256,256,cpp-std-vector,7,0,15,983040,360,69,1035,1381121,256,512,67108864,256
H,append-growth-snapshot-control-o3,0,256,256,cpp-std-vector,7,1,15,983040,360,69,0,2292,256,256,67108864,256
H,append-growth-o3,0,256,256,whitefoot,7,0,15,983040,360,69,1035,1362796,256,512,67108864,256
H,append-growth-snapshot-control-o3,0,256,256,whitefoot,7,1,15,983040,360,69,0,2128,256,256,67108864,256
H,append-growth-o3,0,256,256,cpp-std-vector,8,0,15,983040,360,69,1035,1377626,256,512,67108864,256
H,append-growth-snapshot-control-o3,0,256,256,cpp-std-vector,8,1,15,983040,360,69,0,2124,256,256,67108864,256
H,append-growth-o3,0,256,256,whitefoot,8,0,15,983040,360,69,1035,1396252,256,512,67108864,256
H,append-growth-snapshot-control-o3,0,256,256,whitefoot,8,1,15,983040,360,69,0,2211,256,256,67108864,256
H,append-growth-o3,0,256,256,rust-vec,8,0,15,983040,360,69,1035,1392499,256,512,67108864,256
H,append-growth-snapshot-control-o3,0,256,256,rust-vec,8,1,15,983040,360,69,0,1586,256,256,67108864,256
H,append-growth-o3,1,256,256,cpp-std-vector,0,0,15,983040,360,69,1035,1375419,256,512,67108864,256
H,append-growth-snapshot-control-o3,1,256,256,cpp-std-vector,0,1,15,983040,360,69,0,1580,256,256,67108864,256
H,append-growth-o3,1,256,256,rust-vec,0,0,15,983040,360,69,1035,1368205,256,512,67108864,256
H,append-growth-snapshot-control-o3,1,256,256,rust-vec,0,1,15,983040,360,69,0,1873,256,256,67108864,256
H,append-growth-o3,1,256,256,whitefoot,0,0,15,983040,360,69,1035,1372243,256,512,67108864,256
H,append-growth-snapshot-control-o3,1,256,256,whitefoot,0,1,15,983040,360,69,0,1746,256,256,67108864,256
H,append-growth-o3,1,256,256,rust-vec,1,0,15,983040,360,69,1035,1381167,256,512,67108864,256
H,append-growth-snapshot-control-o3,1,256,256,rust-vec,1,1,15,983040,360,69,0,2374,256,256,67108864,256
H,append-growth-o3,1,256,256,whitefoot,1,0,15,983040,360,69,1035,1365035,256,512,67108864,256
H,append-growth-snapshot-control-o3,1,256,256,whitefoot,1,1,15,983040,360,69,0,2084,256,256,67108864,256
H,append-growth-o3,1,256,256,cpp-std-vector,1,0,15,983040,360,69,1035,1382084,256,512,67108864,256
H,append-growth-snapshot-control-o3,1,256,256,cpp-std-vector,1,1,15,983040,360,69,0,1958,256,256,67108864,256
H,append-growth-o3,1,256,256,whitefoot,2,0,15,983040,360,69,1035,1394207,256,512,67108864,256
H,append-growth-snapshot-control-o3,1,256,256,whitefoot,2,1,15,983040,360,69,0,2289,256,256,67108864,256
H,append-growth-o3,1,256,256,cpp-std-vector,2,0,15,983040,360,69,1035,1378795,256,512,67108864,256
H,append-growth-snapshot-control-o3,1,256,256,cpp-std-vector,2,1,15,983040,360,69,0,2126,256,256,67108864,256
H,append-growth-o3,1,256,256,rust-vec,2,0,15,983040,360,69,1035,1446049,256,512,67108864,256
H,append-growth-snapshot-control-o3,1,256,256,rust-vec,2,1,15,983040,360,69,0,1751,256,256,67108864,256
H,append-growth-o3,1,256,256,cpp-std-vector,3,0,15,983040,360,69,1035,1412085,256,512,67108864,256
H,append-growth-snapshot-control-o3,1,256,256,cpp-std-vector,3,1,15,983040,360,69,0,2132,256,256,67108864,256
H,append-growth-o3,1,256,256,rust-vec,3,0,15,983040,360,69,1035,1379503,256,512,67108864,256
H,append-growth-snapshot-control-o3,1,256,256,rust-vec,3,1,15,983040,360,69,0,2127,256,256,67108864,256
H,append-growth-o3,1,256,256,whitefoot,3,0,15,983040,360,69,1035,1403752,256,512,67108864,256
H,append-growth-snapshot-control-o3,1,256,256,whitefoot,3,1,15,983040,360,69,0,2169,256,256,67108864,256
H,append-growth-o3,1,256,256,rust-vec,4,0,15,983040,360,69,1035,1361625,256,512,67108864,256
H,append-growth-snapshot-control-o3,1,256,256,rust-vec,4,1,15,983040,360,69,0,1999,256,256,67108864,256
H,append-growth-o3,1,256,256,whitefoot,4,0,15,983040,360,69,1035,1389668,256,512,67108864,256
H,append-growth-snapshot-control-o3,1,256,256,whitefoot,4,1,15,983040,360,69,0,2086,256,256,67108864,256
H,append-growth-o3,1,256,256,cpp-std-vector,4,0,15,983040,360,69,1035,1419287,256,512,67108864,256
H,append-growth-snapshot-control-o3,1,256,256,cpp-std-vector,4,1,15,983040,360,69,0,1705,256,256,67108864,256
H,append-growth-o3,1,256,256,whitefoot,5,0,15,983040,360,69,1035,1419453,256,512,67108864,256
H,append-growth-snapshot-control-o3,1,256,256,whitefoot,5,1,15,983040,360,69,0,1832,256,256,67108864,256
H,append-growth-o3,1,256,256,cpp-std-vector,5,0,15,983040,360,69,1035,1462543,256,512,67108864,256
H,append-growth-snapshot-control-o3,1,256,256,cpp-std-vector,5,1,15,983040,360,69,0,2129,256,256,67108864,256
H,append-growth-o3,1,256,256,rust-vec,5,0,15,983040,360,69,1035,1388792,256,512,67108864,256
H,append-growth-snapshot-control-o3,1,256,256,rust-vec,5,1,15,983040,360,69,0,1672,256,256,67108864,256
H,append-growth-o3,1,256,256,cpp-std-vector,6,0,15,983040,360,69,1035,1379756,256,512,67108864,256
H,append-growth-snapshot-control-o3,1,256,256,cpp-std-vector,6,1,15,983040,360,69,0,1883,256,256,67108864,256
H,append-growth-o3,1,256,256,rust-vec,6,0,15,983040,360,69,1035,1399331,256,512,67108864,256
H,append-growth-snapshot-control-o3,1,256,256,rust-vec,6,1,15,983040,360,69,0,2206,256,256,67108864,256
H,append-growth-o3,1,256,256,whitefoot,6,0,15,983040,360,69,1035,1386955,256,512,67108864,256
H,append-growth-snapshot-control-o3,1,256,256,whitefoot,6,1,15,983040,360,69,0,1914,256,256,67108864,256
H,append-growth-o3,1,256,256,rust-vec,7,0,15,983040,360,69,1035,1373332,256,512,67108864,256
H,append-growth-snapshot-control-o3,1,256,256,rust-vec,7,1,15,983040,360,69,0,1627,256,256,67108864,256
H,append-growth-o3,1,256,256,whitefoot,7,0,15,983040,360,69,1035,1387752,256,512,67108864,256
H,append-growth-snapshot-control-o3,1,256,256,whitefoot,7,1,15,983040,360,69,0,2211,256,256,67108864,256
H,append-growth-o3,1,256,256,cpp-std-vector,7,0,15,983040,360,69,1035,1393833,256,512,67108864,256
H,append-growth-snapshot-control-o3,1,256,256,cpp-std-vector,7,1,15,983040,360,69,0,2330,256,256,67108864,256
H,append-growth-o3,1,256,256,whitefoot,8,0,15,983040,360,69,1035,1392499,256,512,67108864,256
H,append-growth-snapshot-control-o3,1,256,256,whitefoot,8,1,15,983040,360,69,0,1881,256,256,67108864,256
H,append-growth-o3,1,256,256,cpp-std-vector,8,0,15,983040,360,69,1035,1386749,256,512,67108864,256
H,append-growth-snapshot-control-o3,1,256,256,cpp-std-vector,8,1,15,983040,360,69,0,2087,256,256,67108864,256
H,append-growth-o3,1,256,256,rust-vec,8,0,15,983040,360,69,1035,1389624,256,512,67108864,256
H,append-growth-snapshot-control-o3,1,256,256,rust-vec,8,1,15,983040,360,69,0,2085,256,256,67108864,256
H,append-growth-o3,0,256,4096,whitefoot,0,0,1,1048576,24,8191,8191,1354372,4096,8192,8589934592,256
H,append-growth-snapshot-control-o3,0,256,4096,whitefoot,0,1,1,1048576,24,8191,0,139697,4096,4096,8589934592,256
H,append-growth-o3,0,256,4096,rust-vec,0,0,1,1048576,24,8191,8191,1362784,4096,8192,8589934592,256
H,append-growth-snapshot-control-o3,0,256,4096,rust-vec,0,1,1,1048576,24,8191,0,136660,4096,4096,8589934592,256
H,append-growth-o3,0,256,4096,cpp-std-vector,0,0,1,1048576,24,8191,8191,124555974,4096,8192,8589934592,256
H,append-growth-snapshot-control-o3,0,256,4096,cpp-std-vector,0,1,1,1048576,24,8191,0,129394,4096,4096,8589934592,256
H,append-growth-o3,0,256,4096,rust-vec,1,0,1,1048576,24,8191,8191,1486624,4096,8192,8589934592,256
H,append-growth-snapshot-control-o3,0,256,4096,rust-vec,1,1,1,1048576,24,8191,0,132167,4096,4096,8589934592,256
H,append-growth-o3,0,256,4096,cpp-std-vector,1,0,1,1048576,24,8191,8191,123792610,4096,8192,8589934592,256
H,append-growth-snapshot-control-o3,0,256,4096,cpp-std-vector,1,1,1,1048576,24,8191,0,134992,4096,4096,8589934592,256
H,append-growth-o3,0,256,4096,whitefoot,1,0,1,1048576,24,8191,8191,1341256,4096,8192,8589934592,256
H,append-growth-snapshot-control-o3,0,256,4096,whitefoot,1,1,1,1048576,24,8191,0,138360,4096,4096,8589934592,256
H,append-growth-o3,0,256,4096,cpp-std-vector,2,0,1,1048576,24,8191,8191,127739599,4096,8192,8589934592,256
H,append-growth-snapshot-control-o3,0,256,4096,cpp-std-vector,2,1,1,1048576,24,8191,0,135456,4096,4096,8589934592,256
H,append-growth-o3,0,256,4096,whitefoot,2,0,1,1048576,24,8191,8191,1901723,4096,8192,8589934592,256
H,append-growth-snapshot-control-o3,0,256,4096,whitefoot,2,1,1,1048576,24,8191,0,143514,4096,4096,8589934592,256
H,append-growth-o3,0,256,4096,rust-vec,2,0,1,1048576,24,8191,8191,1449472,4096,8192,8589934592,256
H,append-growth-snapshot-control-o3,0,256,4096,rust-vec,2,1,1,1048576,24,8191,0,137469,4096,4096,8589934592,256
H,append-growth-o3,0,256,4096,whitefoot,3,0,1,1048576,24,8191,8191,1394586,4096,8192,8589934592,256
H,append-growth-snapshot-control-o3,0,256,4096,whitefoot,3,1,1,1048576,24,8191,0,139841,4096,4096,8589934592,256
H,append-growth-o3,0,256,4096,rust-vec,3,0,1,1048576,24,8191,8191,1412273,4096,8192,8589934592,256
H,append-growth-snapshot-control-o3,0,256,4096,rust-vec,3,1,1,1048576,24,8191,0,132961,4096,4096,8589934592,256
H,append-growth-o3,0,256,4096,cpp-std-vector,3,0,1,1048576,24,8191,8191,124902028,4096,8192,8589934592,256
H,append-growth-snapshot-control-o3,0,256,4096,cpp-std-vector,3,1,1,1048576,24,8191,0,132391,4096,4096,8589934592,256
H,append-growth-o3,0,256,4096,rust-vec,4,0,1,1048576,24,8191,8191,1363785,4096,8192,8589934592,256
H,append-growth-snapshot-control-o3,0,256,4096,rust-vec,4,1,1,1048576,24,8191,0,132547,4096,4096,8589934592,256
H,append-growth-o3,0,256,4096,cpp-std-vector,4,0,1,1048576,24,8191,8191,124575637,4096,8192,8589934592,256
H,append-growth-snapshot-control-o3,0,256,4096,cpp-std-vector,4,1,1,1048576,24,8191,0,136902,4096,4096,8589934592,256
H,append-growth-o3,0,256,4096,whitefoot,4,0,1,1048576,24,8191,8191,1381902,4096,8192,8589934592,256
H,append-growth-snapshot-control-o3,0,256,4096,whitefoot,4,1,1,1048576,24,8191,0,139640,4096,4096,8589934592,256
H,append-growth-o3,0,256,4096,cpp-std-vector,5,0,1,1048576,24,8191,8191,124732485,4096,8192,8589934592,256
H,append-growth-snapshot-control-o3,0,256,4096,cpp-std-vector,5,1,1,1048576,24,8191,0,134401,4096,4096,8589934592,256
H,append-growth-o3,0,256,4096,whitefoot,5,0,1,1048576,24,8191,8191,1387558,4096,8192,8589934592,256
H,append-growth-snapshot-control-o3,0,256,4096,whitefoot,5,1,1,1048576,24,8191,0,139285,4096,4096,8589934592,256
H,append-growth-o3,0,256,4096,rust-vec,5,0,1,1048576,24,8191,8191,1491604,4096,8192,8589934592,256
H,append-growth-snapshot-control-o3,0,256,4096,rust-vec,5,1,1,1048576,24,8191,0,138370,4096,4096,8589934592,256
H,append-growth-o3,0,256,4096,whitefoot,6,0,1,1048576,24,8191,8191,1377177,4096,8192,8589934592,256
H,append-growth-snapshot-control-o3,0,256,4096,whitefoot,6,1,1,1048576,24,8191,0,141799,4096,4096,8589934592,256
H,append-growth-o3,0,256,4096,rust-vec,6,0,1,1048576,24,8191,8191,1633991,4096,8192,8589934592,256
H,append-growth-snapshot-control-o3,0,256,4096,rust-vec,6,1,1,1048576,24,8191,0,130023,4096,4096,8589934592,256
H,append-growth-o3,0,256,4096,cpp-std-vector,6,0,1,1048576,24,8191,8191,125502365,4096,8192,8589934592,256
H,append-growth-snapshot-control-o3,0,256,4096,cpp-std-vector,6,1,1,1048576,24,8191,0,137451,4096,4096,8589934592,256
H,append-growth-o3,0,256,4096,rust-vec,7,0,1,1048576,24,8191,8191,1375150,4096,8192,8589934592,256
H,append-growth-snapshot-control-o3,0,256,4096,rust-vec,7,1,1,1048576,24,8191,0,136163,4096,4096,8589934592,256
H,append-growth-o3,0,256,4096,cpp-std-vector,7,0,1,1048576,24,8191,8191,129079785,4096,8192,8589934592,256
H,append-growth-snapshot-control-o3,0,256,4096,cpp-std-vector,7,1,1,1048576,24,8191,0,132117,4096,4096,8589934592,256
H,append-growth-o3,0,256,4096,whitefoot,7,0,1,1048576,24,8191,8191,1264742,4096,8192,8589934592,256
H,append-growth-snapshot-control-o3,0,256,4096,whitefoot,7,1,1,1048576,24,8191,0,141589,4096,4096,8589934592,256
H,append-growth-o3,0,256,4096,cpp-std-vector,8,0,1,1048576,24,8191,8191,121405012,4096,8192,8589934592,256
H,append-growth-snapshot-control-o3,0,256,4096,cpp-std-vector,8,1,1,1048576,24,8191,0,134275,4096,4096,8589934592,256
H,append-growth-o3,0,256,4096,whitefoot,8,0,1,1048576,24,8191,8191,1437339,4096,8192,8589934592,256
H,append-growth-snapshot-control-o3,0,256,4096,whitefoot,8,1,1,1048576,24,8191,0,142265,4096,4096,8589934592,256
H,append-growth-o3,0,256,4096,rust-vec,8,0,1,1048576,24,8191,8191,1428851,4096,8192,8589934592,256
H,append-growth-snapshot-control-o3,0,256,4096,rust-vec,8,1,1,1048576,24,8191,0,136140,4096,4096,8589934592,256
H,append-growth-o3,1,256,4096,cpp-std-vector,0,0,1,1048576,24,8191,8191,125930940,4096,8192,8589934592,256
H,append-growth-snapshot-control-o3,1,256,4096,cpp-std-vector,0,1,1,1048576,24,8191,0,137838,4096,4096,8589934592,256
H,append-growth-o3,1,256,4096,rust-vec,0,0,1,1048576,24,8191,8191,1550446,4096,8192,8589934592,256
H,append-growth-snapshot-control-o3,1,256,4096,rust-vec,0,1,1,1048576,24,8191,0,135528,4096,4096,8589934592,256
H,append-growth-o3,1,256,4096,whitefoot,0,0,1,1048576,24,8191,8191,1410123,4096,8192,8589934592,256
H,append-growth-snapshot-control-o3,1,256,4096,whitefoot,0,1,1,1048576,24,8191,0,213819,4096,4096,8589934592,256
H,append-growth-o3,1,256,4096,rust-vec,1,0,1,1048576,24,8191,8191,1329980,4096,8192,8589934592,256
H,append-growth-snapshot-control-o3,1,256,4096,rust-vec,1,1,1,1048576,24,8191,0,129887,4096,4096,8589934592,256
H,append-growth-o3,1,256,4096,whitefoot,1,0,1,1048576,24,8191,8191,1462881,4096,8192,8589934592,256
H,append-growth-snapshot-control-o3,1,256,4096,whitefoot,1,1,1,1048576,24,8191,0,160785,4096,4096,8589934592,256
H,append-growth-o3,1,256,4096,cpp-std-vector,1,0,1,1048576,24,8191,8191,124422764,4096,8192,8589934592,256
H,append-growth-snapshot-control-o3,1,256,4096,cpp-std-vector,1,1,1,1048576,24,8191,0,134195,4096,4096,8589934592,256
H,append-growth-o3,1,256,4096,whitefoot,2,0,1,1048576,24,8191,8191,1400534,4096,8192,8589934592,256
H,append-growth-snapshot-control-o3,1,256,4096,whitefoot,2,1,1,1048576,24,8191,0,142503,4096,4096,8589934592,256
H,append-growth-o3,1,256,4096,cpp-std-vector,2,0,1,1048576,24,8191,8191,126422872,4096,8192,8589934592,256
H,append-growth-snapshot-control-o3,1,256,4096,cpp-std-vector,2,1,1,1048576,24,8191,0,133790,4096,4096,8589934592,256
H,append-growth-o3,1,256,4096,rust-vec,2,0,1,1048576,24,8191,8191,1321215,4096,8192,8589934592,256
H,append-growth-snapshot-control-o3,1,256,4096,rust-vec,2,1,1,1048576,24,8191,0,132338,4096,4096,8589934592,256
H,append-growth-o3,1,256,4096,cpp-std-vector,3,0,1,1048576,24,8191,8191,124674717,4096,8192,8589934592,256
H,append-growth-snapshot-control-o3,1,256,4096,cpp-std-vector,3,1,1,1048576,24,8191,0,133454,4096,4096,8589934592,256
H,append-growth-o3,1,256,4096,rust-vec,3,0,1,1048576,24,8191,8191,1354793,4096,8192,8589934592,256
H,append-growth-snapshot-control-o3,1,256,4096,rust-vec,3,1,1,1048576,24,8191,0,135730,4096,4096,8589934592,256
H,append-growth-o3,1,256,4096,whitefoot,3,0,1,1048576,24,8191,8191,1314427,4096,8192,8589934592,256
H,append-growth-snapshot-control-o3,1,256,4096,whitefoot,3,1,1,1048576,24,8191,0,140361,4096,4096,8589934592,256
H,append-growth-o3,1,256,4096,rust-vec,4,0,1,1048576,24,8191,8191,1403270,4096,8192,8589934592,256
H,append-growth-snapshot-control-o3,1,256,4096,rust-vec,4,1,1,1048576,24,8191,0,134861,4096,4096,8589934592,256
H,append-growth-o3,1,256,4096,whitefoot,4,0,1,1048576,24,8191,8191,1486022,4096,8192,8589934592,256
H,append-growth-snapshot-control-o3,1,256,4096,whitefoot,4,1,1,1048576,24,8191,0,140569,4096,4096,8589934592,256
H,append-growth-o3,1,256,4096,cpp-std-vector,4,0,1,1048576,24,8191,8191,127573372,4096,8192,8589934592,256
H,append-growth-snapshot-control-o3,1,256,4096,cpp-std-vector,4,1,1,1048576,24,8191,0,135118,4096,4096,8589934592,256
H,append-growth-o3,1,256,4096,whitefoot,5,0,1,1048576,24,8191,8191,1219071,4096,8192,8589934592,256
H,append-growth-snapshot-control-o3,1,256,4096,whitefoot,5,1,1,1048576,24,8191,0,138680,4096,4096,8589934592,256
H,append-growth-o3,1,256,4096,cpp-std-vector,5,0,1,1048576,24,8191,8191,130141458,4096,8192,8589934592,256
H,append-growth-snapshot-control-o3,1,256,4096,cpp-std-vector,5,1,1,1048576,24,8191,0,156255,4096,4096,8589934592,256
H,append-growth-o3,1,256,4096,rust-vec,5,0,1,1048576,24,8191,8191,1580132,4096,8192,8589934592,256
H,append-growth-snapshot-control-o3,1,256,4096,rust-vec,5,1,1,1048576,24,8191,0,139515,4096,4096,8589934592,256
H,append-growth-o3,1,256,4096,cpp-std-vector,6,0,1,1048576,24,8191,8191,125011306,4096,8192,8589934592,256
H,append-growth-snapshot-control-o3,1,256,4096,cpp-std-vector,6,1,1,1048576,24,8191,0,134830,4096,4096,8589934592,256
H,append-growth-o3,1,256,4096,rust-vec,6,0,1,1048576,24,8191,8191,1400378,4096,8192,8589934592,256
H,append-growth-snapshot-control-o3,1,256,4096,rust-vec,6,1,1,1048576,24,8191,0,134794,4096,4096,8589934592,256
H,append-growth-o3,1,256,4096,whitefoot,6,0,1,1048576,24,8191,8191,1314488,4096,8192,8589934592,256
H,append-growth-snapshot-control-o3,1,256,4096,whitefoot,6,1,1,1048576,24,8191,0,141208,4096,4096,8589934592,256
H,append-growth-o3,1,256,4096,rust-vec,7,0,1,1048576,24,8191,8191,1411525,4096,8192,8589934592,256
H,append-growth-snapshot-control-o3,1,256,4096,rust-vec,7,1,1,1048576,24,8191,0,149713,4096,4096,8589934592,256
H,append-growth-o3,1,256,4096,whitefoot,7,0,1,1048576,24,8191,8191,1387394,4096,8192,8589934592,256
H,append-growth-snapshot-control-o3,1,256,4096,whitefoot,7,1,1,1048576,24,8191,0,141630,4096,4096,8589934592,256
H,append-growth-o3,1,256,4096,cpp-std-vector,7,0,1,1048576,24,8191,8191,124644899,4096,8192,8589934592,256
H,append-growth-snapshot-control-o3,1,256,4096,cpp-std-vector,7,1,1,1048576,24,8191,0,132201,4096,4096,8589934592,256
H,append-growth-o3,1,256,4096,whitefoot,8,0,1,1048576,24,8191,8191,1401634,4096,8192,8589934592,256
H,append-growth-snapshot-control-o3,1,256,4096,whitefoot,8,1,1,1048576,24,8191,0,143406,4096,4096,8589934592,256
H,append-growth-o3,1,256,4096,cpp-std-vector,8,0,1,1048576,24,8191,8191,124704834,4096,8192,8589934592,256
H,append-growth-snapshot-control-o3,1,256,4096,cpp-std-vector,8,1,1,1048576,24,8191,0,133538,4096,4096,8589934592,256
H,append-growth-o3,1,256,4096,rust-vec,8,0,1,1048576,24,8191,8191,1376631,4096,8192,8589934592,256
H,append-growth-snapshot-control-o3,1,256,4096,rust-vec,8,1,1,1048576,24,8191,0,137563,4096,4096,8589934592,256
J,append-growth-o3,0,8,16,whitefoot,0,0,1024,131072,24576,171,175104,4151575,16,32,67108864,256
J,append-growth-snapshot-control-o3,0,8,16,whitefoot,0,1,1024,131072,24576,171,0,333285,16,16,67108864,256
J,append-growth-o3,0,8,16,rust-vec,0,0,1024,131072,24576,171,175104,6572329,16,32,67108864,256
J,append-growth-snapshot-control-o3,0,8,16,rust-vec,0,1,1024,131072,24576,171,0,332709,16,16,67108864,256
J,append-growth-o3,0,8,16,cpp-std-vector,0,0,1024,131072,24576,171,175104,4622377,16,32,67108864,256
J,append-growth-snapshot-control-o3,0,8,16,cpp-std-vector,0,1,1024,131072,24576,171,0,331615,16,16,67108864,256
J,append-growth-o3,0,8,16,rust-vec,1,0,1024,131072,24576,171,175104,6567426,16,32,67108864,256
J,append-growth-snapshot-control-o3,0,8,16,rust-vec,1,1,1024,131072,24576,171,0,339136,16,16,67108864,256
J,append-growth-o3,0,8,16,cpp-std-vector,1,0,1024,131072,24576,171,175104,4591326,16,32,67108864,256
J,append-growth-snapshot-control-o3,0,8,16,cpp-std-vector,1,1,1024,131072,24576,171,0,330625,16,16,67108864,256
J,append-growth-o3,0,8,16,whitefoot,1,0,1024,131072,24576,171,175104,4005541,16,32,67108864,256
J,append-growth-snapshot-control-o3,0,8,16,whitefoot,1,1,1024,131072,24576,171,0,335075,16,16,67108864,256
J,append-growth-o3,0,8,16,cpp-std-vector,2,0,1024,131072,24576,171,175104,4555051,16,32,67108864,256
J,append-growth-snapshot-control-o3,0,8,16,cpp-std-vector,2,1,1024,131072,24576,171,0,335662,16,16,67108864,256
J,append-growth-o3,0,8,16,whitefoot,2,0,1024,131072,24576,171,175104,4068654,16,32,67108864,256
J,append-growth-snapshot-control-o3,0,8,16,whitefoot,2,1,1024,131072,24576,171,0,339204,16,16,67108864,256
J,append-growth-o3,0,8,16,rust-vec,2,0,1024,131072,24576,171,175104,6658827,16,32,67108864,256
J,append-growth-snapshot-control-o3,0,8,16,rust-vec,2,1,1024,131072,24576,171,0,330208,16,16,67108864,256
J,append-growth-o3,0,8,16,whitefoot,3,0,1024,131072,24576,171,175104,4003077,16,32,67108864,256
J,append-growth-snapshot-control-o3,0,8,16,whitefoot,3,1,1024,131072,24576,171,0,331614,16,16,67108864,256
J,append-growth-o3,0,8,16,rust-vec,3,0,1024,131072,24576,171,175104,6550375,16,32,67108864,256
J,append-growth-snapshot-control-o3,0,8,16,rust-vec,3,1,1024,131072,24576,171,0,352125,16,16,67108864,256
J,append-growth-o3,0,8,16,cpp-std-vector,3,0,1024,131072,24576,171,175104,4625801,16,32,67108864,256
J,append-growth-snapshot-control-o3,0,8,16,cpp-std-vector,3,1,1024,131072,24576,171,0,345752,16,16,67108864,256
J,append-growth-o3,0,8,16,rust-vec,4,0,1024,131072,24576,171,175104,6495751,16,32,67108864,256
J,append-growth-snapshot-control-o3,0,8,16,rust-vec,4,1,1024,131072,24576,171,0,329911,16,16,67108864,256
J,append-growth-o3,0,8,16,cpp-std-vector,4,0,1024,131072,24576,171,175104,4513586,16,32,67108864,256
J,append-growth-snapshot-control-o3,0,8,16,cpp-std-vector,4,1,1024,131072,24576,171,0,332174,16,16,67108864,256
J,append-growth-o3,0,8,16,whitefoot,4,0,1024,131072,24576,171,175104,4016792,16,32,67108864,256
J,append-growth-snapshot-control-o3,0,8,16,whitefoot,4,1,1024,131072,24576,171,0,331506,16,16,67108864,256
J,append-growth-o3,0,8,16,cpp-std-vector,5,0,1024,131072,24576,171,175104,4554506,16,32,67108864,256
J,append-growth-snapshot-control-o3,0,8,16,cpp-std-vector,5,1,1024,131072,24576,171,0,333457,16,16,67108864,256
J,append-growth-o3,0,8,16,whitefoot,5,0,1024,131072,24576,171,175104,3989205,16,32,67108864,256
J,append-growth-snapshot-control-o3,0,8,16,whitefoot,5,1,1024,131072,24576,171,0,332673,16,16,67108864,256
J,append-growth-o3,0,8,16,rust-vec,5,0,1024,131072,24576,171,175104,6487866,16,32,67108864,256
J,append-growth-snapshot-control-o3,0,8,16,rust-vec,5,1,1024,131072,24576,171,0,330749,16,16,67108864,256
J,append-growth-o3,0,8,16,whitefoot,6,0,1024,131072,24576,171,175104,4095283,16,32,67108864,256
J,append-growth-snapshot-control-o3,0,8,16,whitefoot,6,1,1024,131072,24576,171,0,340335,16,16,67108864,256
J,append-growth-o3,0,8,16,rust-vec,6,0,1024,131072,24576,171,175104,6681005,16,32,67108864,256
J,append-growth-snapshot-control-o3,0,8,16,rust-vec,6,1,1024,131072,24576,171,0,348621,16,16,67108864,256
J,append-growth-o3,0,8,16,cpp-std-vector,6,0,1024,131072,24576,171,175104,4584695,16,32,67108864,256
J,append-growth-snapshot-control-o3,0,8,16,cpp-std-vector,6,1,1024,131072,24576,171,0,336298,16,16,67108864,256
J,append-growth-o3,0,8,16,rust-vec,7,0,1024,131072,24576,171,175104,6575198,16,32,67108864,256
J,append-growth-snapshot-control-o3,0,8,16,rust-vec,7,1,1024,131072,24576,171,0,331531,16,16,67108864,256
J,append-growth-o3,0,8,16,cpp-std-vector,7,0,1024,131072,24576,171,175104,4733125,16,32,67108864,256
J,append-growth-snapshot-control-o3,0,8,16,cpp-std-vector,7,1,1024,131072,24576,171,0,354921,16,16,67108864,256
J,append-growth-o3,0,8,16,whitefoot,7,0,1024,131072,24576,171,175104,4045378,16,32,67108864,256
J,append-growth-snapshot-control-o3,0,8,16,whitefoot,7,1,1024,131072,24576,171,0,330577,16,16,67108864,256
J,append-growth-o3,0,8,16,cpp-std-vector,8,0,1024,131072,24576,171,175104,4703413,16,32,67108864,256
J,append-growth-snapshot-control-o3,0,8,16,cpp-std-vector,8,1,1024,131072,24576,171,0,333629,16,16,67108864,256
J,append-growth-o3,0,8,16,whitefoot,8,0,1024,131072,24576,171,175104,4083744,16,32,67108864,256
J,append-growth-snapshot-control-o3,0,8,16,whitefoot,8,1,1024,131072,24576,171,0,351791,16,16,67108864,256
J,append-growth-o3,0,8,16,rust-vec,8,0,1024,131072,24576,171,175104,6647294,16,32,67108864,256
J,append-growth-snapshot-control-o3,0,8,16,rust-vec,8,1,1024,131072,24576,171,0,334083,16,16,67108864,256
J,append-growth-o3,1,8,16,cpp-std-vector,0,0,1024,131072,24576,171,175104,4699585,16,32,67108864,256
J,append-growth-snapshot-control-o3,1,8,16,cpp-std-vector,0,1,1024,131072,24576,171,0,335036,16,16,67108864,256
J,append-growth-o3,1,8,16,rust-vec,0,0,1024,131072,24576,171,175104,6693454,16,32,67108864,256
J,append-growth-snapshot-control-o3,1,8,16,rust-vec,0,1,1024,131072,24576,171,0,340915,16,16,67108864,256
J,append-growth-o3,1,8,16,whitefoot,0,0,1024,131072,24576,171,175104,4667087,16,32,67108864,256
J,append-growth-snapshot-control-o3,1,8,16,whitefoot,0,1,1024,131072,24576,171,0,357374,16,16,67108864,256
J,append-growth-o3,1,8,16,rust-vec,1,0,1024,131072,24576,171,175104,6845999,16,32,67108864,256
J,append-growth-snapshot-control-o3,1,8,16,rust-vec,1,1,1024,131072,24576,171,0,375833,16,16,67108864,256
J,append-growth-o3,1,8,16,whitefoot,1,0,1024,131072,24576,171,175104,4104119,16,32,67108864,256
J,append-growth-snapshot-control-o3,1,8,16,whitefoot,1,1,1024,131072,24576,171,0,352370,16,16,67108864,256
J,append-growth-o3,1,8,16,cpp-std-vector,1,0,1024,131072,24576,171,175104,4577165,16,32,67108864,256
J,append-growth-snapshot-control-o3,1,8,16,cpp-std-vector,1,1,1024,131072,24576,171,0,333828,16,16,67108864,256
J,append-growth-o3,1,8,16,whitefoot,2,0,1024,131072,24576,171,175104,4084327,16,32,67108864,256
J,append-growth-snapshot-control-o3,1,8,16,whitefoot,2,1,1024,131072,24576,171,0,365831,16,16,67108864,256
J,append-growth-o3,1,8,16,cpp-std-vector,2,0,1024,131072,24576,171,175104,4614243,16,32,67108864,256
J,append-growth-snapshot-control-o3,1,8,16,cpp-std-vector,2,1,1024,131072,24576,171,0,343088,16,16,67108864,256
J,append-growth-o3,1,8,16,rust-vec,2,0,1024,131072,24576,171,175104,6474955,16,32,67108864,256
J,append-growth-snapshot-control-o3,1,8,16,rust-vec,2,1,1024,131072,24576,171,0,332251,16,16,67108864,256
J,append-growth-o3,1,8,16,cpp-std-vector,3,0,1024,131072,24576,171,175104,4549710,16,32,67108864,256
J,append-growth-snapshot-control-o3,1,8,16,cpp-std-vector,3,1,1024,131072,24576,171,0,338835,16,16,67108864,256
J,append-growth-o3,1,8,16,rust-vec,3,0,1024,131072,24576,171,175104,6550293,16,32,67108864,256
J,append-growth-snapshot-control-o3,1,8,16,rust-vec,3,1,1024,131072,24576,171,0,336663,16,16,67108864,256
J,append-growth-o3,1,8,16,whitefoot,3,0,1024,131072,24576,171,175104,4046870,16,32,67108864,256
J,append-growth-snapshot-control-o3,1,8,16,whitefoot,3,1,1024,131072,24576,171,0,332797,16,16,67108864,256
J,append-growth-o3,1,8,16,rust-vec,4,0,1024,131072,24576,171,175104,6585678,16,32,67108864,256
J,append-growth-snapshot-control-o3,1,8,16,rust-vec,4,1,1024,131072,24576,171,0,331783,16,16,67108864,256
J,append-growth-o3,1,8,16,whitefoot,4,0,1024,131072,24576,171,175104,4169745,16,32,67108864,256
J,append-growth-snapshot-control-o3,1,8,16,whitefoot,4,1,1024,131072,24576,171,0,343661,16,16,67108864,256
J,append-growth-o3,1,8,16,cpp-std-vector,4,0,1024,131072,24576,171,175104,4668586,16,32,67108864,256
J,append-growth-snapshot-control-o3,1,8,16,cpp-std-vector,4,1,1024,131072,24576,171,0,340673,16,16,67108864,256
J,append-growth-o3,1,8,16,whitefoot,5,0,1024,131072,24576,171,175104,4012667,16,32,67108864,256
J,append-growth-snapshot-control-o3,1,8,16,whitefoot,5,1,1024,131072,24576,171,0,363701,16,16,67108864,256
J,append-growth-o3,1,8,16,cpp-std-vector,5,0,1024,131072,24576,171,175104,4531298,16,32,67108864,256
J,append-growth-snapshot-control-o3,1,8,16,cpp-std-vector,5,1,1024,131072,24576,171,0,335782,16,16,67108864,256
J,append-growth-o3,1,8,16,rust-vec,5,0,1024,131072,24576,171,175104,6539251,16,32,67108864,256
J,append-growth-snapshot-control-o3,1,8,16,rust-vec,5,1,1024,131072,24576,171,0,331911,16,16,67108864,256
J,append-growth-o3,1,8,16,cpp-std-vector,6,0,1024,131072,24576,171,175104,4536503,16,32,67108864,256
J,append-growth-snapshot-control-o3,1,8,16,cpp-std-vector,6,1,1024,131072,24576,171,0,332379,16,16,67108864,256
J,append-growth-o3,1,8,16,rust-vec,6,0,1024,131072,24576,171,175104,6542961,16,32,67108864,256
J,append-growth-snapshot-control-o3,1,8,16,rust-vec,6,1,1024,131072,24576,171,0,347128,16,16,67108864,256
J,append-growth-o3,1,8,16,whitefoot,6,0,1024,131072,24576,171,175104,4104795,16,32,67108864,256
J,append-growth-snapshot-control-o3,1,8,16,whitefoot,6,1,1024,131072,24576,171,0,363081,16,16,67108864,256
J,append-growth-o3,1,8,16,rust-vec,7,0,1024,131072,24576,171,175104,6595790,16,32,67108864,256
J,append-growth-snapshot-control-o3,1,8,16,rust-vec,7,1,1024,131072,24576,171,0,328496,16,16,67108864,256
J,append-growth-o3,1,8,16,whitefoot,7,0,1024,131072,24576,171,175104,4048499,16,32,67108864,256
J,append-growth-snapshot-control-o3,1,8,16,whitefoot,7,1,1024,131072,24576,171,0,333159,16,16,67108864,256
J,append-growth-o3,1,8,16,cpp-std-vector,7,0,1024,131072,24576,171,175104,4550251,16,32,67108864,256
J,append-growth-snapshot-control-o3,1,8,16,cpp-std-vector,7,1,1024,131072,24576,171,0,342955,16,16,67108864,256
J,append-growth-o3,1,8,16,whitefoot,8,0,1024,131072,24576,171,175104,4002041,16,32,67108864,256
J,append-growth-snapshot-control-o3,1,8,16,whitefoot,8,1,1024,131072,24576,171,0,334167,16,16,67108864,256
J,append-growth-o3,1,8,16,cpp-std-vector,8,0,1024,131072,24576,171,175104,4653866,16,32,67108864,256
J,append-growth-snapshot-control-o3,1,8,16,cpp-std-vector,8,1,1024,131072,24576,171,0,336791,16,16,67108864,256
J,append-growth-o3,1,8,16,rust-vec,8,0,1024,131072,24576,171,175104,6572833,16,32,67108864,256
J,append-growth-snapshot-control-o3,1,8,16,rust-vec,8,1,1024,131072,24576,171,0,329622,16,16,67108864,256
J,append-growth-o3,0,8,224,whitefoot,0,0,512,917504,12288,64,32768,3132128,224,448,67108864,256
J,append-growth-snapshot-control-o3,0,8,224,whitefoot,0,1,512,917504,12288,64,0,61007,224,224,67108864,256
J,append-growth-o3,0,8,224,rust-vec,0,0,512,917504,12288,64,32768,3454250,224,448,67108864,256
J,append-growth-snapshot-control-o3,0,8,224,rust-vec,0,1,512,917504,12288,64,0,63666,224,224,67108864,256
J,append-growth-o3,0,8,224,cpp-std-vector,0,0,512,917504,12288,64,32768,3356592,224,448,67108864,256
J,append-growth-snapshot-control-o3,0,8,224,cpp-std-vector,0,1,512,917504,12288,64,0,63043,224,224,67108864,256
J,append-growth-o3,0,8,224,rust-vec,1,0,512,917504,12288,64,32768,3363916,224,448,67108864,256
J,append-growth-snapshot-control-o3,0,8,224,rust-vec,1,1,512,917504,12288,64,0,65461,224,224,67108864,256
J,append-growth-o3,0,8,224,cpp-std-vector,1,0,512,917504,12288,64,32768,3143959,224,448,67108864,256
J,append-growth-snapshot-control-o3,0,8,224,cpp-std-vector,1,1,512,917504,12288,64,0,63504,224,224,67108864,256
J,append-growth-o3,0,8,224,whitefoot,1,0,512,917504,12288,64,32768,3319424,224,448,67108864,256
J,append-growth-snapshot-control-o3,0,8,224,whitefoot,1,1,512,917504,12288,64,0,59372,224,224,67108864,256
J,append-growth-o3,0,8,224,cpp-std-vector,2,0,512,917504,12288,64,32768,3208169,224,448,67108864,256
J,append-growth-snapshot-control-o3,0,8,224,cpp-std-vector,2,1,512,917504,12288,64,0,64038,224,224,67108864,256
J,append-growth-o3,0,8,224,whitefoot,2,0,512,917504,12288,64,32768,3005421,224,448,67108864,256
J,append-growth-snapshot-control-o3,0,8,224,whitefoot,2,1,512,917504,12288,64,0,65494,224,224,67108864,256
J,append-growth-o3,0,8,224,rust-vec,2,0,512,917504,12288,64,32768,3413165,224,448,67108864,256
J,append-growth-snapshot-control-o3,0,8,224,rust-vec,2,1,512,917504,12288,64,0,66543,224,224,67108864,256
J,append-growth-o3,0,8,224,whitefoot,3,0,512,917504,12288,64,32768,3084958,224,448,67108864,256
J,append-growth-snapshot-control-o3,0,8,224,whitefoot,3,1,512,917504,12288,64,0,63333,224,224,67108864,256
J,append-growth-o3,0,8,224,rust-vec,3,0,512,917504,12288,64,32768,3511043,224,448,67108864,256
J,append-growth-snapshot-control-o3,0,8,224,rust-vec,3,1,512,917504,12288,64,0,62543,224,224,67108864,256
J,append-growth-o3,0,8,224,cpp-std-vector,3,0,512,917504,12288,64,32768,3140916,224,448,67108864,256
J,append-growth-snapshot-control-o3,0,8,224,cpp-std-vector,3,1,512,917504,12288,64,0,63293,224,224,67108864,256
J,append-growth-o3,0,8,224,rust-vec,4,0,512,917504,12288,64,32768,3540211,224,448,67108864,256
J,append-growth-snapshot-control-o3,0,8,224,rust-vec,4,1,512,917504,12288,64,0,79215,224,224,67108864,256
J,append-growth-o3,0,8,224,cpp-std-vector,4,0,512,917504,12288,64,32768,2895417,224,448,67108864,256
J,append-growth-snapshot-control-o3,0,8,224,cpp-std-vector,4,1,512,917504,12288,64,0,60088,224,224,67108864,256
J,append-growth-o3,0,8,224,whitefoot,4,0,512,917504,12288,64,32768,2931043,224,448,67108864,256
J,append-growth-snapshot-control-o3,0,8,224,whitefoot,4,1,512,917504,12288,64,0,59373,224,224,67108864,256
J,append-growth-o3,0,8,224,cpp-std-vector,5,0,512,917504,12288,64,32768,3368875,224,448,67108864,256
J,append-growth-snapshot-control-o3,0,8,224,cpp-std-vector,5,1,512,917504,12288,64,0,62372,224,224,67108864,256
J,append-growth-o3,0,8,224,whitefoot,5,0,512,917504,12288,64,32768,2760502,224,448,67108864,256
J,append-growth-snapshot-control-o3,0,8,224,whitefoot,5,1,512,917504,12288,64,0,60162,224,224,67108864,256
J,append-growth-o3,0,8,224,rust-vec,5,0,512,917504,12288,64,32768,3233460,224,448,67108864,256
J,append-growth-snapshot-control-o3,0,8,224,rust-vec,5,1,512,917504,12288,64,0,61121,224,224,67108864,256
J,append-growth-o3,0,8,224,whitefoot,6,0,512,917504,12288,64,32768,2876877,224,448,67108864,256
J,append-growth-snapshot-control-o3,0,8,224,whitefoot,6,1,512,917504,12288,64,0,62046,224,224,67108864,256
J,append-growth-o3,0,8,224,rust-vec,6,0,512,917504,12288,64,32768,3218791,224,448,67108864,256
J,append-growth-snapshot-control-o3,0,8,224,rust-vec,6,1,512,917504,12288,64,0,72163,224,224,67108864,256
J,append-growth-o3,0,8,224,cpp-std-vector,6,0,512,917504,12288,64,32768,2917379,224,448,67108864,256
J,append-growth-snapshot-control-o3,0,8,224,cpp-std-vector,6,1,512,917504,12288,64,0,59996,224,224,67108864,256
J,append-growth-o3,0,8,224,rust-vec,7,0,512,917504,12288,64,32768,3189210,224,448,67108864,256
J,append-growth-snapshot-control-o3,0,8,224,rust-vec,7,1,512,917504,12288,64,0,60207,224,224,67108864,256
J,append-growth-o3,0,8,224,cpp-std-vector,7,0,512,917504,12288,64,32768,2871041,224,448,67108864,256
J,append-growth-snapshot-control-o3,0,8,224,cpp-std-vector,7,1,512,917504,12288,64,0,60338,224,224,67108864,256
J,append-growth-o3,0,8,224,whitefoot,7,0,512,917504,12288,64,32768,2765751,224,448,67108864,256
J,append-growth-snapshot-control-o3,0,8,224,whitefoot,7,1,512,917504,12288,64,0,59706,224,224,67108864,256
J,append-growth-o3,0,8,224,cpp-std-vector,8,0,512,917504,12288,64,32768,2872243,224,448,67108864,256
J,append-growth-snapshot-control-o3,0,8,224,cpp-std-vector,8,1,512,917504,12288,64,0,59796,224,224,67108864,256
J,append-growth-o3,0,8,224,whitefoot,8,0,512,917504,12288,64,32768,2749917,224,448,67108864,256
J,append-growth-snapshot-control-o3,0,8,224,whitefoot,8,1,512,917504,12288,64,0,65257,224,224,67108864,256
J,append-growth-o3,0,8,224,rust-vec,8,0,512,917504,12288,64,32768,3415794,224,448,67108864,256
J,append-growth-snapshot-control-o3,0,8,224,rust-vec,8,1,512,917504,12288,64,0,64247,224,224,67108864,256
J,append-growth-o3,1,8,224,cpp-std-vector,0,0,512,917504,12288,64,32768,3113001,224,448,67108864,256
J,append-growth-snapshot-control-o3,1,8,224,cpp-std-vector,0,1,512,917504,12288,64,0,69041,224,224,67108864,256
J,append-growth-o3,1,8,224,rust-vec,0,0,512,917504,12288,64,32768,3419999,224,448,67108864,256
J,append-growth-snapshot-control-o3,1,8,224,rust-vec,0,1,512,917504,12288,64,0,60911,224,224,67108864,256
J,append-growth-o3,1,8,224,whitefoot,0,0,512,917504,12288,64,32768,2938788,224,448,67108864,256
J,append-growth-snapshot-control-o3,1,8,224,whitefoot,0,1,512,917504,12288,64,0,62336,224,224,67108864,256
J,append-growth-o3,1,8,224,rust-vec,1,0,512,917504,12288,64,32768,3239671,224,448,67108864,256
J,append-growth-snapshot-control-o3,1,8,224,rust-vec,1,1,512,917504,12288,64,0,60088,224,224,67108864,256
J,append-growth-o3,1,8,224,whitefoot,1,0,512,917504,12288,64,32768,2821755,224,448,67108864,256
J,append-growth-snapshot-control-o3,1,8,224,whitefoot,1,1,512,917504,12288,64,0,59956,224,224,67108864,256
J,append-growth-o3,1,8,224,cpp-std-vector,1,0,512,917504,12288,64,32768,3015462,224,448,67108864,256
J,append-growth-snapshot-control-o3,1,8,224,cpp-std-vector,1,1,512,917504,12288,64,0,60166,224,224,67108864,256
J,append-growth-o3,1,8,224,whitefoot,2,0,512,917504,12288,64,32768,2893339,224,448,67108864,256
J,append-growth-snapshot-control-o3,1,8,224,whitefoot,2,1,512,917504,12288,64,0,59240,224,224,67108864,256
J,append-growth-o3,1,8,224,cpp-std-vector,2,0,512,917504,12288,64,32768,3181458,224,448,67108864,256
J,append-growth-snapshot-control-o3,1,8,224,cpp-std-vector,2,1,512,917504,12288,64,0,63042,224,224,67108864,256
J,append-growth-o3,1,8,224,rust-vec,2,0,512,917504,12288,64,32768,3535838,224,448,67108864,256
J,append-growth-snapshot-control-o3,1,8,224,rust-vec,2,1,512,917504,12288,64,0,65953,224,224,67108864,256
J,append-growth-o3,1,8,224,cpp-std-vector,3,0,512,917504,12288,64,32768,3161162,224,448,67108864,256
J,append-growth-snapshot-control-o3,1,8,224,cpp-std-vector,3,1,512,917504,12288,64,0,60090,224,224,67108864,256
J,append-growth-o3,1,8,224,rust-vec,3,0,512,917504,12288,64,32768,3428498,224,448,67108864,256
J,append-growth-snapshot-control-o3,1,8,224,rust-vec,3,1,512,917504,12288,64,0,61003,224,224,67108864,256
J,append-growth-o3,1,8,224,whitefoot,3,0,512,917504,12288,64,32768,2869499,224,448,67108864,256
J,append-growth-snapshot-control-o3,1,8,224,whitefoot,3,1,512,917504,12288,64,0,59964,224,224,67108864,256
J,append-growth-o3,1,8,224,rust-vec,4,0,512,917504,12288,64,32768,3249586,224,448,67108864,256
J,append-growth-snapshot-control-o3,1,8,224,rust-vec,4,1,512,917504,12288,64,0,61582,224,224,67108864,256
J,append-growth-o3,1,8,224,whitefoot,4,0,512,917504,12288,64,32768,2801999,224,448,67108864,256
J,append-growth-snapshot-control-o3,1,8,224,whitefoot,4,1,512,917504,12288,64,0,61966,224,224,67108864,256
J,append-growth-o3,1,8,224,cpp-std-vector,4,0,512,917504,12288,64,32768,3175750,224,448,67108864,256
J,append-growth-snapshot-control-o3,1,8,224,cpp-std-vector,4,1,512,917504,12288,64,0,61962,224,224,67108864,256
J,append-growth-o3,1,8,224,whitefoot,5,0,512,917504,12288,64,32768,2945629,224,448,67108864,256
J,append-growth-snapshot-control-o3,1,8,224,whitefoot,5,1,512,917504,12288,64,0,63913,224,224,67108864,256
J,append-growth-o3,1,8,224,cpp-std-vector,5,0,512,917504,12288,64,32768,3017039,224,448,67108864,256
J,append-growth-snapshot-control-o3,1,8,224,cpp-std-vector,5,1,512,917504,12288,64,0,63048,224,224,67108864,256
J,append-growth-o3,1,8,224,rust-vec,5,0,512,917504,12288,64,32768,3249455,224,448,67108864,256
J,append-growth-snapshot-control-o3,1,8,224,rust-vec,5,1,512,917504,12288,64,0,60208,224,224,67108864,256
J,append-growth-o3,1,8,224,cpp-std-vector,6,0,512,917504,12288,64,32768,2880253,224,448,67108864,256
J,append-growth-snapshot-control-o3,1,8,224,cpp-std-vector,6,1,512,917504,12288,64,0,63996,224,224,67108864,256
J,append-growth-o3,1,8,224,rust-vec,6,0,512,917504,12288,64,32768,3414918,224,448,67108864,256
J,append-growth-snapshot-control-o3,1,8,224,rust-vec,6,1,512,917504,12288,64,0,64044,224,224,67108864,256
J,append-growth-o3,1,8,224,whitefoot,6,0,512,917504,12288,64,32768,2918210,224,448,67108864,256
J,append-growth-snapshot-control-o3,1,8,224,whitefoot,6,1,512,917504,12288,64,0,60159,224,224,67108864,256
J,append-growth-o3,1,8,224,rust-vec,7,0,512,917504,12288,64,32768,3224704,224,448,67108864,256
J,append-growth-snapshot-control-o3,1,8,224,rust-vec,7,1,512,917504,12288,64,0,60915,224,224,67108864,256
J,append-growth-o3,1,8,224,whitefoot,7,0,512,917504,12288,64,32768,2884126,224,448,67108864,256
J,append-growth-snapshot-control-o3,1,8,224,whitefoot,7,1,512,917504,12288,64,0,59835,224,224,67108864,256
J,append-growth-o3,1,8,224,cpp-std-vector,7,0,512,917504,12288,64,32768,3072705,224,448,67108864,256
J,append-growth-snapshot-control-o3,1,8,224,cpp-std-vector,7,1,512,917504,12288,64,0,66205,224,224,67108864,256
J,append-growth-o3,1,8,224,whitefoot,8,0,512,917504,12288,64,32768,2917708,224,448,67108864,256
J,append-growth-snapshot-control-o3,1,8,224,whitefoot,8,1,512,917504,12288,64,0,60046,224,224,67108864,256
J,append-growth-o3,1,8,224,cpp-std-vector,8,0,512,917504,12288,64,32768,3042329,224,448,67108864,256
J,append-growth-snapshot-control-o3,1,8,224,cpp-std-vector,8,1,512,917504,12288,64,0,60505,224,224,67108864,256
J,append-growth-o3,1,8,224,rust-vec,8,0,512,917504,12288,64,32768,3273288,224,448,67108864,256
J,append-growth-snapshot-control-o3,1,8,224,rust-vec,8,1,512,917504,12288,64,0,63878,224,224,67108864,256
J,append-growth-o3,0,8,256,whitefoot,0,0,455,931840,10920,65,29575,2731880,256,512,67108864,256
J,append-growth-snapshot-control-o3,0,8,256,whitefoot,0,1,455,931840,10920,65,0,52750,256,256,67108864,256
J,append-growth-o3,0,8,256,rust-vec,0,0,455,931840,10920,65,29575,3149545,256,512,67108864,256
J,append-growth-snapshot-control-o3,0,8,256,rust-vec,0,1,455,931840,10920,65,0,53711,256,256,67108864,256
J,append-growth-o3,0,8,256,cpp-std-vector,0,0,455,931840,10920,65,29575,2889122,256,512,67108864,256
J,append-growth-snapshot-control-o3,0,8,256,cpp-std-vector,0,1,455,931840,10920,65,0,54626,256,256,67108864,256
J,append-growth-o3,0,8,256,rust-vec,1,0,455,931840,10920,65,29575,3330836,256,512,67108864,256
J,append-growth-snapshot-control-o3,0,8,256,rust-vec,1,1,455,931840,10920,65,0,55167,256,256,67108864,256
J,append-growth-o3,0,8,256,cpp-std-vector,1,0,455,931840,10920,65,29575,3108541,256,512,67108864,256
J,append-growth-snapshot-control-o3,0,8,256,cpp-std-vector,1,1,455,931840,10920,65,0,58088,256,256,67108864,256
J,append-growth-o3,0,8,256,whitefoot,1,0,455,931840,10920,65,29575,2739124,256,512,67108864,256
J,append-growth-snapshot-control-o3,0,8,256,whitefoot,1,1,455,931840,10920,65,0,55005,256,256,67108864,256
J,append-growth-o3,0,8,256,cpp-std-vector,2,0,455,931840,10920,65,29575,3728499,256,512,67108864,256
J,append-growth-snapshot-control-o3,0,8,256,cpp-std-vector,2,1,455,931840,10920,65,0,54046,256,256,67108864,256
J,append-growth-o3,0,8,256,whitefoot,2,0,455,931840,10920,65,29575,2817877,256,512,67108864,256
J,append-growth-snapshot-control-o3,0,8,256,whitefoot,2,1,455,931840,10920,65,0,56920,256,256,67108864,256
J,append-growth-o3,0,8,256,rust-vec,2,0,455,931840,10920,65,29575,3480664,256,512,67108864,256
J,append-growth-snapshot-control-o3,0,8,256,rust-vec,2,1,455,931840,10920,65,0,54953,256,256,67108864,256
J,append-growth-o3,0,8,256,whitefoot,3,0,455,931840,10920,65,29575,2671087,256,512,67108864,256
J,append-growth-snapshot-control-o3,0,8,256,whitefoot,3,1,455,931840,10920,65,0,55122,256,256,67108864,256
J,append-growth-o3,0,8,256,rust-vec,3,0,455,931840,10920,65,29575,3211953,256,512,67108864,256
J,append-growth-snapshot-control-o3,0,8,256,rust-vec,3,1,455,931840,10920,65,0,57041,256,256,67108864,256
J,append-growth-o3,0,8,256,cpp-std-vector,3,0,455,931840,10920,65,29575,2926378,256,512,67108864,256
J,append-growth-snapshot-control-o3,0,8,256,cpp-std-vector,3,1,455,931840,10920,65,0,55998,256,256,67108864,256
J,append-growth-o3,0,8,256,rust-vec,4,0,455,931840,10920,65,29575,3102042,256,512,67108864,256
J,append-growth-snapshot-control-o3,0,8,256,rust-vec,4,1,455,931840,10920,65,0,54081,256,256,67108864,256
J,append-growth-o3,0,8,256,cpp-std-vector,4,0,455,931840,10920,65,29575,2974667,256,512,67108864,256
J,append-growth-snapshot-control-o3,0,8,256,cpp-std-vector,4,1,455,931840,10920,65,0,53497,256,256,67108864,256
J,append-growth-o3,0,8,256,whitefoot,4,0,455,931840,10920,65,29575,2831127,256,512,67108864,256
J,append-growth-snapshot-control-o3,0,8,256,whitefoot,4,1,455,931840,10920,65,0,56001,256,256,67108864,256
J,append-growth-o3,0,8,256,cpp-std-vector,5,0,455,931840,10920,65,29575,2786461,256,512,67108864,256
J,append-growth-snapshot-control-o3,0,8,256,cpp-std-vector,5,1,455,931840,10920,65,0,52957,256,256,67108864,256
J,append-growth-o3,0,8,256,whitefoot,5,0,455,931840,10920,65,29575,2634002,256,512,67108864,256
J,append-growth-snapshot-control-o3,0,8,256,whitefoot,5,1,455,931840,10920,65,0,53005,256,256,67108864,256
J,append-growth-o3,0,8,256,rust-vec,5,0,455,931840,10920,65,29575,3192292,256,512,67108864,256
J,append-growth-snapshot-control-o3,0,8,256,rust-vec,5,1,455,931840,10920,65,0,90243,256,256,67108864,256
J,append-growth-o3,0,8,256,whitefoot,6,0,455,931840,10920,65,29575,2803582,256,512,67108864,256
J,append-growth-snapshot-control-o3,0,8,256,whitefoot,6,1,455,931840,10920,65,0,53961,256,256,67108864,256
J,append-growth-o3,0,8,256,rust-vec,6,0,455,931840,10920,65,29575,3105962,256,512,67108864,256
J,append-growth-snapshot-control-o3,0,8,256,rust-vec,6,1,455,931840,10920,65,0,56159,256,256,67108864,256
J,append-growth-o3,0,8,256,cpp-std-vector,6,0,455,931840,10920,65,29575,2813082,256,512,67108864,256
J,append-growth-snapshot-control-o3,0,8,256,cpp-std-vector,6,1,455,931840,10920,65,0,53211,256,256,67108864,256
J,append-growth-o3,0,8,256,rust-vec,7,0,455,931840,10920,65,29575,3013914,256,512,67108864,256
J,append-growth-snapshot-control-o3,0,8,256,rust-vec,7,1,455,931840,10920,65,0,53421,256,256,67108864,256
J,append-growth-o3,0,8,256,cpp-std-vector,7,0,455,931840,10920,65,29575,2768791,256,512,67108864,256
J,append-growth-snapshot-control-o3,0,8,256,cpp-std-vector,7,1,455,931840,10920,65,0,53419,256,256,67108864,256
J,append-growth-o3,0,8,256,whitefoot,7,0,455,931840,10920,65,29575,2715202,256,512,67108864,256
J,append-growth-snapshot-control-o3,0,8,256,whitefoot,7,1,455,931840,10920,65,0,57328,256,256,67108864,256
J,append-growth-o3,0,8,256,cpp-std-vector,8,0,455,931840,10920,65,29575,2850714,256,512,67108864,256
J,append-growth-snapshot-control-o3,0,8,256,cpp-std-vector,8,1,455,931840,10920,65,0,54374,256,256,67108864,256
J,append-growth-o3,0,8,256,whitefoot,8,0,455,931840,10920,65,29575,2783086,256,512,67108864,256
J,append-growth-snapshot-control-o3,0,8,256,whitefoot,8,1,455,931840,10920,65,0,53209,256,256,67108864,256
J,append-growth-o3,0,8,256,rust-vec,8,0,455,931840,10920,65,29575,3097045,256,512,67108864,256
J,append-growth-snapshot-control-o3,0,8,256,rust-vec,8,1,455,931840,10920,65,0,56127,256,256,67108864,256
J,append-growth-o3,1,8,256,cpp-std-vector,0,0,455,931840,10920,65,29575,2807254,256,512,67108864,256
J,append-growth-snapshot-control-o3,1,8,256,cpp-std-vector,0,1,455,931840,10920,65,0,53495,256,256,67108864,256
J,append-growth-o3,1,8,256,rust-vec,0,0,455,931840,10920,65,29575,3125039,256,512,67108864,256
J,append-growth-snapshot-control-o3,1,8,256,rust-vec,0,1,455,931840,10920,65,0,53789,256,256,67108864,256
J,append-growth-o3,1,8,256,whitefoot,0,0,455,931840,10920,65,29575,2701827,256,512,67108864,256
J,append-growth-snapshot-control-o3,1,8,256,whitefoot,0,1,455,931840,10920,65,0,55253,256,256,67108864,256
J,append-growth-o3,1,8,256,rust-vec,1,0,455,931840,10920,65,29575,3167707,256,512,67108864,256
J,append-growth-snapshot-control-o3,1,8,256,rust-vec,1,1,455,931840,10920,65,0,56706,256,256,67108864,256
J,append-growth-o3,1,8,256,whitefoot,1,0,455,931840,10920,65,29575,2721965,256,512,67108864,256
J,append-growth-snapshot-control-o3,1,8,256,whitefoot,1,1,455,931840,10920,65,0,52883,256,256,67108864,256
J,append-growth-o3,1,8,256,cpp-std-vector,1,0,455,931840,10920,65,29575,2790205,256,512,67108864,256
J,append-growth-snapshot-control-o3,1,8,256,cpp-std-vector,1,1,455,931840,10920,65,0,52876,256,256,67108864,256
J,append-growth-o3,1,8,256,whitefoot,2,0,455,931840,10920,65,29575,2644370,256,512,67108864,256
J,append-growth-snapshot-control-o3,1,8,256,whitefoot,2,1,455,931840,10920,65,0,54537,256,256,67108864,256
J,append-growth-o3,1,8,256,cpp-std-vector,2,0,455,931840,10920,65,29575,2934457,256,512,67108864,256
J,append-growth-snapshot-control-o3,1,8,256,cpp-std-vector,2,1,455,931840,10920,65,0,55382,256,256,67108864,256
J,append-growth-o3,1,8,256,rust-vec,2,0,455,931840,10920,65,29575,3133248,256,512,67108864,256
J,append-growth-snapshot-control-o3,1,8,256,rust-vec,2,1,455,931840,10920,65,0,55207,256,256,67108864,256
J,append-growth-o3,1,8,256,cpp-std-vector,3,0,455,931840,10920,65,29575,3133960,256,512,67108864,256
J,append-growth-snapshot-control-o3,1,8,256,cpp-std-vector,3,1,455,931840,10920,65,0,57375,256,256,67108864,256
J,append-growth-o3,1,8,256,rust-vec,3,0,455,931840,10920,65,29575,3295541,256,512,67108864,256
J,append-growth-snapshot-control-o3,1,8,256,rust-vec,3,1,455,931840,10920,65,0,57411,256,256,67108864,256
J,append-growth-o3,1,8,256,whitefoot,3,0,455,931840,10920,65,29575,2943376,256,512,67108864,256
J,append-growth-snapshot-control-o3,1,8,256,whitefoot,3,1,455,931840,10920,65,0,53542,256,256,67108864,256
J,append-growth-o3,1,8,256,rust-vec,4,0,455,931840,10920,65,29575,3216379,256,512,67108864,256
J,append-growth-snapshot-control-o3,1,8,256,rust-vec,4,1,455,931840,10920,65,0,54503,256,256,67108864,256
J,append-growth-o3,1,8,256,whitefoot,4,0,455,931840,10920,65,29575,2762963,256,512,67108864,256
J,append-growth-snapshot-control-o3,1,8,256,whitefoot,4,1,455,931840,10920,65,0,53133,256,256,67108864,256
J,append-growth-o3,1,8,256,cpp-std-vector,4,0,455,931840,10920,65,29575,2996881,256,512,67108864,256
J,append-growth-snapshot-control-o3,1,8,256,cpp-std-vector,4,1,455,931840,10920,65,0,54502,256,256,67108864,256
J,append-growth-o3,1,8,256,whitefoot,5,0,455,931840,10920,65,29575,2703118,256,512,67108864,256
J,append-growth-snapshot-control-o3,1,8,256,whitefoot,5,1,455,931840,10920,65,0,56582,256,256,67108864,256
J,append-growth-o3,1,8,256,cpp-std-vector,5,0,455,931840,10920,65,29575,3021831,256,512,67108864,256
J,append-growth-snapshot-control-o3,1,8,256,cpp-std-vector,5,1,455,931840,10920,65,0,56250,256,256,67108864,256
J,append-growth-o3,1,8,256,rust-vec,5,0,455,931840,10920,65,29575,3068375,256,512,67108864,256
J,append-growth-snapshot-control-o3,1,8,256,rust-vec,5,1,455,931840,10920,65,0,53545,256,256,67108864,256
J,append-growth-o3,1,8,256,cpp-std-vector,6,0,455,931840,10920,65,29575,2971541,256,512,67108864,256
J,append-growth-snapshot-control-o3,1,8,256,cpp-std-vector,6,1,455,931840,10920,65,0,53171,256,256,67108864,256
J,append-growth-o3,1,8,256,rust-vec,6,0,455,931840,10920,65,29575,3028164,256,512,67108864,256
J,append-growth-snapshot-control-o3,1,8,256,rust-vec,6,1,455,931840,10920,65,0,53372,256,256,67108864,256
J,append-growth-o3,1,8,256,whitefoot,6,0,455,931840,10920,65,29575,2683457,256,512,67108864,256
J,append-growth-snapshot-control-o3,1,8,256,whitefoot,6,1,455,931840,10920,65,0,53001,256,256,67108864,256
J,append-growth-o3,1,8,256,rust-vec,7,0,455,931840,10920,65,29575,3018039,256,512,67108864,256
J,append-growth-snapshot-control-o3,1,8,256,rust-vec,7,1,455,931840,10920,65,0,53790,256,256,67108864,256
J,append-growth-o3,1,8,256,whitefoot,7,0,455,931840,10920,65,29575,2621002,256,512,67108864,256
J,append-growth-snapshot-control-o3,1,8,256,whitefoot,7,1,455,931840,10920,65,0,53704,256,256,67108864,256
J,append-growth-o3,1,8,256,cpp-std-vector,7,0,455,931840,10920,65,29575,2951751,256,512,67108864,256
J,append-growth-snapshot-control-o3,1,8,256,cpp-std-vector,7,1,455,931840,10920,65,0,57331,256,256,67108864,256
J,append-growth-o3,1,8,256,whitefoot,8,0,455,931840,10920,65,29575,2750913,256,512,67108864,256
J,append-growth-snapshot-control-o3,1,8,256,whitefoot,8,1,455,931840,10920,65,0,52747,256,256,67108864,256
J,append-growth-o3,1,8,256,cpp-std-vector,8,0,455,931840,10920,65,29575,2803124,256,512,67108864,256
J,append-growth-snapshot-control-o3,1,8,256,cpp-std-vector,8,1,455,931840,10920,65,0,53211,256,256,67108864,256
J,append-growth-o3,1,8,256,rust-vec,8,0,455,931840,10920,65,29575,3101919,256,512,67108864,256
J,append-growth-snapshot-control-o3,1,8,256,rust-vec,8,1,455,931840,10920,65,0,58211,256,256,67108864,256
J,append-growth-o3,0,8,288,whitefoot,0,0,409,942336,9816,65,26585,3187578,288,576,67108864,256
J,append-growth-snapshot-control-o3,0,8,288,whitefoot,0,1,409,942336,9816,65,0,81709,288,288,67108864,256
J,append-growth-o3,0,8,288,rust-vec,0,0,409,942336,9816,65,26585,4435501,288,576,67108864,256
J,append-growth-snapshot-control-o3,0,8,288,rust-vec,0,1,409,942336,9816,65,0,55751,288,288,67108864,256
J,append-growth-o3,0,8,288,cpp-std-vector,0,0,409,942336,9816,65,26585,2720376,288,576,67108864,256
J,append-growth-snapshot-control-o3,0,8,288,cpp-std-vector,0,1,409,942336,9816,65,0,46710,288,288,67108864,256
J,append-growth-o3,0,8,288,rust-vec,1,0,409,942336,9816,65,26585,2926658,288,576,67108864,256
J,append-growth-snapshot-control-o3,0,8,288,rust-vec,1,1,409,942336,9816,65,0,48166,288,288,67108864,256
J,append-growth-o3,0,8,288,cpp-std-vector,1,0,409,942336,9816,65,26585,2630336,288,576,67108864,256
J,append-growth-snapshot-control-o3,0,8,288,cpp-std-vector,1,1,409,942336,9816,65,0,47539,288,288,67108864,256
J,append-growth-o3,0,8,288,whitefoot,1,0,409,942336,9816,65,26585,2886042,288,576,67108864,256
J,append-growth-snapshot-control-o3,0,8,288,whitefoot,1,1,409,942336,9816,65,0,50795,288,288,67108864,256
J,append-growth-o3,0,8,288,cpp-std-vector,2,0,409,942336,9816,65,26585,2681834,288,576,67108864,256
J,append-growth-snapshot-control-o3,0,8,288,cpp-std-vector,2,1,409,942336,9816,65,0,47832,288,288,67108864,256
J,append-growth-o3,0,8,288,whitefoot,2,0,409,942336,9816,65,26585,2909203,288,576,67108864,256
J,append-growth-snapshot-control-o3,0,8,288,whitefoot,2,1,409,942336,9816,65,0,48206,288,288,67108864,256
J,append-growth-o3,0,8,288,rust-vec,2,0,409,942336,9816,65,26585,2923417,288,576,67108864,256
J,append-growth-snapshot-control-o3,0,8,288,rust-vec,2,1,409,942336,9816,65,0,47042,288,288,67108864,256
J,append-growth-o3,0,8,288,whitefoot,3,0,409,942336,9816,65,26585,2885005,288,576,67108864,256
J,append-growth-snapshot-control-o3,0,8,288,whitefoot,3,1,409,942336,9816,65,0,48374,288,288,67108864,256
J,append-growth-o3,0,8,288,rust-vec,3,0,409,942336,9816,65,26585,2961582,288,576,67108864,256
J,append-growth-snapshot-control-o3,0,8,288,rust-vec,3,1,409,942336,9816,65,0,48002,288,288,67108864,256
J,append-growth-o3,0,8,288,cpp-std-vector,3,0,409,942336,9816,65,26585,2719796,288,576,67108864,256
J,append-growth-snapshot-control-o3,0,8,288,cpp-std-vector,3,1,409,942336,9816,65,0,50248,288,288,67108864,256
J,append-growth-o3,0,8,288,rust-vec,4,0,409,942336,9816,65,26585,2908248,288,576,67108864,256
J,append-growth-snapshot-control-o3,0,8,288,rust-vec,4,1,409,942336,9816,65,0,47462,288,288,67108864,256
J,append-growth-o3,0,8,288,cpp-std-vector,4,0,409,942336,9816,65,26585,2572749,288,576,67108864,256
J,append-growth-snapshot-control-o3,0,8,288,cpp-std-vector,4,1,409,942336,9816,65,0,46960,288,288,67108864,256
J,append-growth-o3,0,8,288,whitefoot,4,0,409,942336,9816,65,26585,2816665,288,576,67108864,256
J,append-growth-snapshot-control-o3,0,8,288,whitefoot,4,1,409,942336,9816,65,0,47295,288,288,67108864,256
J,append-growth-o3,0,8,288,cpp-std-vector,5,0,409,942336,9816,65,26585,2542165,288,576,67108864,256
J,append-growth-snapshot-control-o3,0,8,288,cpp-std-vector,5,1,409,942336,9816,65,0,47171,288,288,67108864,256
J,append-growth-o3,0,8,288,whitefoot,5,0,409,942336,9816,65,26585,2815457,288,576,67108864,256
J,append-growth-snapshot-control-o3,0,8,288,whitefoot,5,1,409,942336,9816,65,0,47291,288,288,67108864,256
J,append-growth-o3,0,8,288,rust-vec,5,0,409,942336,9816,65,26585,2955713,288,576,67108864,256
J,append-growth-snapshot-control-o3,0,8,288,rust-vec,5,1,409,942336,9816,65,0,47460,288,288,67108864,256
J,append-growth-o3,0,8,288,whitefoot,6,0,409,942336,9816,65,26585,2816293,288,576,67108864,256
J,append-growth-snapshot-control-o3,0,8,288,whitefoot,6,1,409,942336,9816,65,0,64039,288,288,67108864,256
J,append-growth-o3,0,8,288,rust-vec,6,0,409,942336,9816,65,26585,3038666,288,576,67108864,256
J,append-growth-snapshot-control-o3,0,8,288,rust-vec,6,1,409,942336,9816,65,0,47212,288,288,67108864,256
J,append-growth-o3,0,8,288,cpp-std-vector,6,0,409,942336,9816,65,26585,2588794,288,576,67108864,256
J,append-growth-snapshot-control-o3,0,8,288,cpp-std-vector,6,1,409,942336,9816,65,0,47081,288,288,67108864,256
J,append-growth-o3,0,8,288,rust-vec,7,0,409,942336,9816,65,26585,2899872,288,576,67108864,256
J,append-growth-snapshot-control-o3,0,8,288,rust-vec,7,1,409,942336,9816,65,0,47457,288,288,67108864,256
J,append-growth-o3,0,8,288,cpp-std-vector,7,0,409,942336,9816,65,26585,2604588,288,576,67108864,256
J,append-growth-snapshot-control-o3,0,8,288,cpp-std-vector,7,1,409,942336,9816,65,0,50879,288,288,67108864,256
J,append-growth-o3,0,8,288,whitefoot,7,0,409,942336,9816,65,26585,2946914,288,576,67108864,256
J,append-growth-snapshot-control-o3,0,8,288,whitefoot,7,1,409,942336,9816,65,0,50000,288,288,67108864,256
J,append-growth-o3,0,8,288,cpp-std-vector,8,0,409,942336,9816,65,26585,2809877,288,576,67108864,256
J,append-growth-snapshot-control-o3,0,8,288,cpp-std-vector,8,1,409,942336,9816,65,0,52541,288,288,67108864,256
J,append-growth-o3,0,8,288,whitefoot,8,0,409,942336,9816,65,26585,3058254,288,576,67108864,256
J,append-growth-snapshot-control-o3,0,8,288,whitefoot,8,1,409,942336,9816,65,0,47417,288,288,67108864,256
J,append-growth-o3,0,8,288,rust-vec,8,0,409,942336,9816,65,26585,2872874,288,576,67108864,256
J,append-growth-snapshot-control-o3,0,8,288,rust-vec,8,1,409,942336,9816,65,0,47210,288,288,67108864,256
J,append-growth-o3,1,8,288,cpp-std-vector,0,0,409,942336,9816,65,26585,2561504,288,576,67108864,256
J,append-growth-snapshot-control-o3,1,8,288,cpp-std-vector,0,1,409,942336,9816,65,0,47003,288,288,67108864,256
J,append-growth-o3,1,8,288,rust-vec,0,0,409,942336,9816,65,26585,2889837,288,576,67108864,256
J,append-growth-snapshot-control-o3,1,8,288,rust-vec,0,1,409,942336,9816,65,0,47248,288,288,67108864,256
J,append-growth-o3,1,8,288,whitefoot,0,0,409,942336,9816,65,26585,2787954,288,576,67108864,256
J,append-growth-snapshot-control-o3,1,8,288,whitefoot,0,1,409,942336,9816,65,0,46801,288,288,67108864,256
J,append-growth-o3,1,8,288,rust-vec,1,0,409,942336,9816,65,26585,2978580,288,576,67108864,256
J,append-growth-snapshot-control-o3,1,8,288,rust-vec,1,1,409,942336,9816,65,0,47921,288,288,67108864,256
J,append-growth-o3,1,8,288,whitefoot,1,0,409,942336,9816,65,26585,2823499,288,576,67108864,256
J,append-growth-snapshot-control-o3,1,8,288,whitefoot,1,1,409,942336,9816,65,0,46874,288,288,67108864,256
J,append-growth-o3,1,8,288,cpp-std-vector,1,0,409,942336,9816,65,26585,2572921,288,576,67108864,256
J,append-growth-snapshot-control-o3,1,8,288,cpp-std-vector,1,1,409,942336,9816,65,0,47497,288,288,67108864,256
J,append-growth-o3,1,8,288,whitefoot,2,0,409,942336,9816,65,26585,2933162,288,576,67108864,256
J,append-growth-snapshot-control-o3,1,8,288,whitefoot,2,1,409,942336,9816,65,0,47375,288,288,67108864,256
J,append-growth-o3,1,8,288,cpp-std-vector,2,0,409,942336,9816,65,26585,2557212,288,576,67108864,256
J,append-growth-snapshot-control-o3,1,8,288,cpp-std-vector,2,1,409,942336,9816,65,0,46837,288,288,67108864,256
J,append-growth-o3,1,8,288,rust-vec,2,0,409,942336,9816,65,26585,2900333,288,576,67108864,256
J,append-growth-snapshot-control-o3,1,8,288,rust-vec,2,1,409,942336,9816,65,0,51746,288,288,67108864,256
J,append-growth-o3,1,8,288,cpp-std-vector,3,0,409,942336,9816,65,26585,2574415,288,576,67108864,256
J,append-growth-snapshot-control-o3,1,8,288,cpp-std-vector,3,1,409,942336,9816,65,0,47122,288,288,67108864,256
J,append-growth-o3,1,8,288,rust-vec,3,0,409,942336,9816,65,26585,2915082,288,576,67108864,256
J,append-growth-snapshot-control-o3,1,8,288,rust-vec,3,1,409,942336,9816,65,0,47622,288,288,67108864,256
J,append-growth-o3,1,8,288,whitefoot,3,0,409,942336,9816,65,26585,2778874,288,576,67108864,256
J,append-growth-snapshot-control-o3,1,8,288,whitefoot,3,1,409,942336,9816,65,0,46792,288,288,67108864,256
J,append-growth-o3,1,8,288,rust-vec,4,0,409,942336,9816,65,26585,2871581,288,576,67108864,256
J,append-growth-snapshot-control-o3,1,8,288,rust-vec,4,1,409,942336,9816,65,0,47625,288,288,67108864,256
J,append-growth-o3,1,8,288,whitefoot,4,0,409,942336,9816,65,26585,2810505,288,576,67108864,256
J,append-growth-snapshot-control-o3,1,8,288,whitefoot,4,1,409,942336,9816,65,0,47171,288,288,67108864,256
J,append-growth-o3,1,8,288,cpp-std-vector,4,0,409,942336,9816,65,26585,2577089,288,576,67108864,256
J,append-growth-snapshot-control-o3,1,8,288,cpp-std-vector,4,1,409,942336,9816,65,0,47461,288,288,67108864,256
J,append-growth-o3,1,8,288,whitefoot,5,0,409,942336,9816,65,26585,3044499,288,576,67108864,256
J,append-growth-snapshot-control-o3,1,8,288,whitefoot,5,1,409,942336,9816,65,0,47749,288,288,67108864,256
J,append-growth-o3,1,8,288,cpp-std-vector,5,0,409,942336,9816,65,26585,2579210,288,576,67108864,256
J,append-growth-snapshot-control-o3,1,8,288,cpp-std-vector,5,1,409,942336,9816,65,0,47919,288,288,67108864,256
J,append-growth-o3,1,8,288,rust-vec,5,0,409,942336,9816,65,26585,2923668,288,576,67108864,256
J,append-growth-snapshot-control-o3,1,8,288,rust-vec,5,1,409,942336,9816,65,0,46917,288,288,67108864,256
J,append-growth-o3,1,8,288,cpp-std-vector,6,0,409,942336,9816,65,26585,2710373,288,576,67108864,256
J,append-growth-snapshot-control-o3,1,8,288,cpp-std-vector,6,1,409,942336,9816,65,0,51791,288,288,67108864,256
J,append-growth-o3,1,8,288,rust-vec,6,0,409,942336,9816,65,26585,3084497,288,576,67108864,256
J,append-growth-snapshot-control-o3,1,8,288,rust-vec,6,1,409,942336,9816,65,0,51629,288,288,67108864,256
J,append-growth-o3,1,8,288,whitefoot,6,0,409,942336,9816,65,26585,2984540,288,576,67108864,256
J,append-growth-snapshot-control-o3,1,8,288,whitefoot,6,1,409,942336,9816,65,0,49623,288,288,67108864,256
J,append-growth-o3,1,8,288,rust-vec,7,0,409,942336,9816,65,26585,3407379,288,576,67108864,256
J,append-growth-snapshot-control-o3,1,8,288,rust-vec,7,1,409,942336,9816,65,0,49797,288,288,67108864,256
J,append-growth-o3,1,8,288,whitefoot,7,0,409,942336,9816,65,26585,3189544,288,576,67108864,256
J,append-growth-snapshot-control-o3,1,8,288,whitefoot,7,1,409,942336,9816,65,0,47673,288,288,67108864,256
J,append-growth-o3,1,8,288,cpp-std-vector,7,0,409,942336,9816,65,26585,2747960,288,576,67108864,256
J,append-growth-snapshot-control-o3,1,8,288,cpp-std-vector,7,1,409,942336,9816,65,0,47291,288,288,67108864,256
J,append-growth-o3,1,8,288,whitefoot,8,0,409,942336,9816,65,26585,2845832,288,576,67108864,256
J,append-growth-snapshot-control-o3,1,8,288,whitefoot,8,1,409,942336,9816,65,0,46751,288,288,67108864,256
J,append-growth-o3,1,8,288,cpp-std-vector,8,0,409,942336,9816,65,26585,2595706,288,576,67108864,256
J,append-growth-snapshot-control-o3,1,8,288,cpp-std-vector,8,1,409,942336,9816,65,0,46627,288,288,67108864,256
J,append-growth-o3,1,8,288,rust-vec,8,0,409,942336,9816,65,26585,2923127,288,576,67108864,256
J,append-growth-snapshot-control-o3,1,8,288,rust-vec,8,1,409,942336,9816,65,0,47377,288,288,67108864,256
J,append-growth-o3,0,8,4096,whitefoot,0,0,31,1015808,744,66,2046,1787798,4096,8192,67108864,256
J,append-growth-snapshot-control-o3,0,8,4096,whitefoot,0,1,31,1015808,744,66,0,2002,4096,4096,67108864,256
J,append-growth-o3,0,8,4096,rust-vec,0,0,31,1015808,744,66,2046,1447245,4096,8192,67108864,256
J,append-growth-snapshot-control-o3,0,8,4096,rust-vec,0,1,31,1015808,744,66,0,2168,4096,4096,67108864,256
J,append-growth-o3,0,8,4096,cpp-std-vector,0,0,31,1015808,744,66,2046,1359247,4096,8192,67108864,256
J,append-growth-snapshot-control-o3,0,8,4096,cpp-std-vector,0,1,31,1015808,744,66,0,2253,4096,4096,67108864,256
J,append-growth-o3,0,8,4096,rust-vec,1,0,31,1015808,744,66,2046,1405334,4096,8192,67108864,256
J,append-growth-snapshot-control-o3,0,8,4096,rust-vec,1,1,31,1015808,744,66,0,2164,4096,4096,67108864,256
J,append-growth-o3,0,8,4096,cpp-std-vector,1,0,31,1015808,744,66,2046,1392374,4096,8192,67108864,256
J,append-growth-snapshot-control-o3,0,8,4096,cpp-std-vector,1,1,31,1015808,744,66,0,2371,4096,4096,67108864,256
J,append-growth-o3,0,8,4096,whitefoot,1,0,31,1015808,744,66,2046,1552793,4096,8192,67108864,256
J,append-growth-snapshot-control-o3,0,8,4096,whitefoot,1,1,31,1015808,744,66,0,2000,4096,4096,67108864,256
J,append-growth-o3,0,8,4096,cpp-std-vector,2,0,31,1015808,744,66,2046,1320625,4096,8192,67108864,256
J,append-growth-snapshot-control-o3,0,8,4096,cpp-std-vector,2,1,31,1015808,744,66,0,2370,4096,4096,67108864,256
J,append-growth-o3,0,8,4096,whitefoot,2,0,31,1015808,744,66,2046,1392206,4096,8192,67108864,256
J,append-growth-snapshot-control-o3,0,8,4096,whitefoot,2,1,31,1015808,744,66,0,2247,4096,4096,67108864,256
J,append-growth-o3,0,8,4096,rust-vec,2,0,31,1015808,744,66,2046,1440710,4096,8192,67108864,256
J,append-growth-snapshot-control-o3,0,8,4096,rust-vec,2,1,31,1015808,744,66,0,3369,4096,4096,67108864,256
J,append-growth-o3,0,8,4096,whitefoot,3,0,31,1015808,744,66,2046,1556542,4096,8192,67108864,256
J,append-growth-snapshot-control-o3,0,8,4096,whitefoot,3,1,31,1015808,744,66,0,2167,4096,4096,67108864,256
J,append-growth-o3,0,8,4096,rust-vec,3,0,31,1015808,744,66,2046,1579168,4096,8192,67108864,256
J,append-growth-snapshot-control-o3,0,8,4096,rust-vec,3,1,31,1015808,744,66,0,5119,4096,4096,67108864,256
J,append-growth-o3,0,8,4096,cpp-std-vector,3,0,31,1015808,744,66,2046,1354875,4096,8192,67108864,256
J,append-growth-snapshot-control-o3,0,8,4096,cpp-std-vector,3,1,31,1015808,744,66,0,2375,4096,4096,67108864,256
J,append-growth-o3,0,8,4096,rust-vec,4,0,31,1015808,744,66,2046,1372124,4096,8192,67108864,256
J,append-growth-snapshot-control-o3,0,8,4096,rust-vec,4,1,31,1015808,744,66,0,2501,4096,4096,67108864,256
J,append-growth-o3,0,8,4096,cpp-std-vector,4,0,31,1015808,744,66,2046,1337585,4096,8192,67108864,256
J,append-growth-snapshot-control-o3,0,8,4096,cpp-std-vector,4,1,31,1015808,744,66,0,2290,4096,4096,67108864,256
J,append-growth-o3,0,8,4096,whitefoot,4,0,31,1015808,744,66,2046,1457623,4096,8192,67108864,256
J,append-growth-snapshot-control-o3,0,8,4096,whitefoot,4,1,31,1015808,744,66,0,2255,4096,4096,67108864,256
J,append-growth-o3,0,8,4096,cpp-std-vector,5,0,31,1015808,744,66,2046,1319001,4096,8192,67108864,256
J,append-growth-snapshot-control-o3,0,8,4096,cpp-std-vector,5,1,31,1015808,744,66,0,2167,4096,4096,67108864,256
J,append-growth-o3,0,8,4096,whitefoot,5,0,31,1015808,744,66,2046,1476876,4096,8192,67108864,256
J,append-growth-snapshot-control-o3,0,8,4096,whitefoot,5,1,31,1015808,744,66,0,3297,4096,4096,67108864,256
J,append-growth-o3,0,8,4096,rust-vec,5,0,31,1015808,744,66,2046,1534831,4096,8192,67108864,256
J,append-growth-snapshot-control-o3,0,8,4096,rust-vec,5,1,31,1015808,744,66,0,2917,4096,4096,67108864,256
J,append-growth-o3,0,8,4096,whitefoot,6,0,31,1015808,744,66,2046,1638087,4096,8192,67108864,256
J,append-growth-snapshot-control-o3,0,8,4096,whitefoot,6,1,31,1015808,744,66,0,2998,4096,4096,67108864,256
J,append-growth-o3,0,8,4096,rust-vec,6,0,31,1015808,744,66,2046,1391375,4096,8192,67108864,256
J,append-growth-snapshot-control-o3,0,8,4096,rust-vec,6,1,31,1015808,744,66,0,2329,4096,4096,67108864,256
J,append-growth-o3,0,8,4096,cpp-std-vector,6,0,31,1015808,744,66,2046,1363709,4096,8192,67108864,256
J,append-growth-snapshot-control-o3,0,8,4096,cpp-std-vector,6,1,31,1015808,744,66,0,5247,4096,4096,67108864,256
J,append-growth-o3,0,8,4096,rust-vec,7,0,31,1015808,744,66,2046,1384958,4096,8192,67108864,256
J,append-growth-snapshot-control-o3,0,8,4096,rust-vec,7,1,31,1015808,744,66,0,2336,4096,4096,67108864,256
J,append-growth-o3,0,8,4096,cpp-std-vector,7,0,31,1015808,744,66,2046,1320458,4096,8192,67108864,256
J,append-growth-snapshot-control-o3,0,8,4096,cpp-std-vector,7,1,31,1015808,744,66,0,2204,4096,4096,67108864,256
J,append-growth-o3,0,8,4096,whitefoot,7,0,31,1015808,744,66,2046,1658543,4096,8192,67108864,256
J,append-growth-snapshot-control-o3,0,8,4096,whitefoot,7,1,31,1015808,744,66,0,2546,4096,4096,67108864,256
J,append-growth-o3,0,8,4096,cpp-std-vector,8,0,31,1015808,744,66,2046,1331331,4096,8192,67108864,256
J,append-growth-snapshot-control-o3,0,8,4096,cpp-std-vector,8,1,31,1015808,744,66,0,2293,4096,4096,67108864,256
J,append-growth-o3,0,8,4096,whitefoot,8,0,31,1015808,744,66,2046,1396291,4096,8192,67108864,256
J,append-growth-snapshot-control-o3,0,8,4096,whitefoot,8,1,31,1015808,744,66,0,2622,4096,4096,67108864,256
J,append-growth-o3,0,8,4096,rust-vec,8,0,31,1015808,744,66,2046,1432039,4096,8192,67108864,256
J,append-growth-snapshot-control-o3,0,8,4096,rust-vec,8,1,31,1015808,744,66,0,2376,4096,4096,67108864,256
J,append-growth-o3,1,8,4096,cpp-std-vector,0,0,31,1015808,744,66,2046,1344841,4096,8192,67108864,256
J,append-growth-snapshot-control-o3,1,8,4096,cpp-std-vector,0,1,31,1015808,744,66,0,2622,4096,4096,67108864,256
J,append-growth-o3,1,8,4096,rust-vec,0,0,31,1015808,744,66,2046,1394627,4096,8192,67108864,256
J,append-growth-snapshot-control-o3,1,8,4096,rust-vec,0,1,31,1015808,744,66,0,2504,4096,4096,67108864,256
J,append-growth-o3,1,8,4096,whitefoot,0,0,31,1015808,744,66,2046,1442253,4096,8192,67108864,256
J,append-growth-snapshot-control-o3,1,8,4096,whitefoot,0,1,31,1015808,744,66,0,2672,4096,4096,67108864,256
J,append-growth-o3,1,8,4096,rust-vec,1,0,31,1015808,744,66,2046,1515585,4096,8192,67108864,256
J,append-growth-snapshot-control-o3,1,8,4096,rust-vec,1,1,31,1015808,744,66,0,2541,4096,4096,67108864,256
J,append-growth-o3,1,8,4096,whitefoot,1,0,31,1015808,744,66,2046,1638957,4096,8192,67108864,256
J,append-growth-snapshot-control-o3,1,8,4096,whitefoot,1,1,31,1015808,744,66,0,2708,4096,4096,67108864,256
J,append-growth-o3,1,8,4096,cpp-std-vector,1,0,31,1015808,744,66,2046,1552423,4096,8192,67108864,256
J,append-growth-snapshot-control-o3,1,8,4096,cpp-std-vector,1,1,31,1015808,744,66,0,2457,4096,4096,67108864,256
J,append-growth-o3,1,8,4096,whitefoot,2,0,31,1015808,744,66,2046,1475287,4096,8192,67108864,256
J,append-growth-snapshot-control-o3,1,8,4096,whitefoot,2,1,31,1015808,744,66,0,3290,4096,4096,67108864,256
J,append-growth-o3,1,8,4096,cpp-std-vector,2,0,31,1015808,744,66,2046,1402998,4096,8192,67108864,256
J,append-growth-snapshot-control-o3,1,8,4096,cpp-std-vector,2,1,31,1015808,744,66,0,2160,4096,4096,67108864,256
J,append-growth-o3,1,8,4096,rust-vec,2,0,31,1015808,744,66,2046,1445253,4096,8192,67108864,256
J,append-growth-snapshot-control-o3,1,8,4096,rust-vec,2,1,31,1015808,744,66,0,2586,4096,4096,67108864,256
J,append-growth-o3,1,8,4096,cpp-std-vector,3,0,31,1015808,744,66,2046,1364332,4096,8192,67108864,256
J,append-growth-snapshot-control-o3,1,8,4096,cpp-std-vector,3,1,31,1015808,744,66,0,5300,4096,4096,67108864,256
J,append-growth-o3,1,8,4096,rust-vec,3,0,31,1015808,744,66,2046,1392000,4096,8192,67108864,256
J,append-growth-snapshot-control-o3,1,8,4096,rust-vec,3,1,31,1015808,744,66,0,2410,4096,4096,67108864,256
J,append-growth-o3,1,8,4096,whitefoot,3,0,31,1015808,744,66,2046,1558787,4096,8192,67108864,256
J,append-growth-snapshot-control-o3,1,8,4096,whitefoot,3,1,31,1015808,744,66,0,3373,4096,4096,67108864,256
J,append-growth-o3,1,8,4096,rust-vec,4,0,31,1015808,744,66,2046,1477377,4096,8192,67108864,256
J,append-growth-snapshot-control-o3,1,8,4096,rust-vec,4,1,31,1015808,744,66,0,2376,4096,4096,67108864,256
J,append-growth-o3,1,8,4096,whitefoot,4,0,31,1015808,744,66,2046,1439168,4096,8192,67108864,256
J,append-growth-snapshot-control-o3,1,8,4096,whitefoot,4,1,31,1015808,744,66,0,2922,4096,4096,67108864,256
J,append-growth-o3,1,8,4096,cpp-std-vector,4,0,31,1015808,744,66,2046,1340086,4096,8192,67108864,256
J,append-growth-snapshot-control-o3,1,8,4096,cpp-std-vector,4,1,31,1015808,744,66,0,5043,4096,4096,67108864,256
J,append-growth-o3,1,8,4096,whitefoot,5,0,31,1015808,744,66,2046,1458377,4096,8192,67108864,256
J,append-growth-snapshot-control-o3,1,8,4096,whitefoot,5,1,31,1015808,744,66,0,3122,4096,4096,67108864,256
J,append-growth-o3,1,8,4096,cpp-std-vector,5,0,31,1015808,744,66,2046,1344964,4096,8192,67108864,256
J,append-growth-snapshot-control-o3,1,8,4096,cpp-std-vector,5,1,31,1015808,744,66,0,5333,4096,4096,67108864,256
J,append-growth-o3,1,8,4096,rust-vec,5,0,31,1015808,744,66,2046,1409417,4096,8192,67108864,256
J,append-growth-snapshot-control-o3,1,8,4096,rust-vec,5,1,31,1015808,744,66,0,2378,4096,4096,67108864,256
J,append-growth-o3,1,8,4096,cpp-std-vector,6,0,31,1015808,744,66,2046,1358919,4096,8192,67108864,256
J,append-growth-snapshot-control-o3,1,8,4096,cpp-std-vector,6,1,31,1015808,744,66,0,5208,4096,4096,67108864,256
J,append-growth-o3,1,8,4096,rust-vec,6,0,31,1015808,744,66,2046,1458998,4096,8192,67108864,256
J,append-growth-snapshot-control-o3,1,8,4096,rust-vec,6,1,31,1015808,744,66,0,4664,4096,4096,67108864,256
J,append-growth-o3,1,8,4096,whitefoot,6,0,31,1015808,744,66,2046,1509123,4096,8192,67108864,256
J,append-growth-snapshot-control-o3,1,8,4096,whitefoot,6,1,31,1015808,744,66,0,3003,4096,4096,67108864,256
J,append-growth-o3,1,8,4096,rust-vec,7,0,31,1015808,744,66,2046,1446503,4096,8192,67108864,256
J,append-growth-snapshot-control-o3,1,8,4096,rust-vec,7,1,31,1015808,744,66,0,2747,4096,4096,67108864,256
J,append-growth-o3,1,8,4096,whitefoot,7,0,31,1015808,744,66,2046,1458043,4096,8192,67108864,256
J,append-growth-snapshot-control-o3,1,8,4096,whitefoot,7,1,31,1015808,744,66,0,3042,4096,4096,67108864,256
J,append-growth-o3,1,8,4096,cpp-std-vector,7,0,31,1015808,744,66,2046,1335922,4096,8192,67108864,256
J,append-growth-snapshot-control-o3,1,8,4096,cpp-std-vector,7,1,31,1015808,744,66,0,2333,4096,4096,67108864,256
J,append-growth-o3,1,8,4096,whitefoot,8,0,31,1015808,744,66,2046,1474336,4096,8192,67108864,256
J,append-growth-snapshot-control-o3,1,8,4096,whitefoot,8,1,31,1015808,744,66,0,2964,4096,4096,67108864,256
J,append-growth-o3,1,8,4096,cpp-std-vector,8,0,31,1015808,744,66,2046,1336748,4096,8192,67108864,256
J,append-growth-snapshot-control-o3,1,8,4096,cpp-std-vector,8,1,31,1015808,744,66,0,2331,4096,4096,67108864,256
J,append-growth-o3,1,8,4096,rust-vec,8,0,31,1015808,744,66,2046,1379164,4096,8192,67108864,256
J,append-growth-snapshot-control-o3,1,8,4096,rust-vec,8,1,31,1015808,744,66,0,2500,4096,4096,67108864,256
J,append-growth-o3,0,256,7,whitefoot,0,0,512,917504,12288,64,32768,3052912,7,14,67108864,256
J,append-growth-snapshot-control-o3,0,256,7,whitefoot,0,1,512,917504,12288,64,0,59628,7,7,67108864,256
J,append-growth-o3,0,256,7,rust-vec,0,0,512,917504,12288,64,32768,3493664,7,14,67108864,256
J,append-growth-snapshot-control-o3,0,256,7,rust-vec,0,1,512,917504,12288,64,0,59915,7,7,67108864,256
J,append-growth-o3,0,256,7,cpp-std-vector,0,0,512,917504,12288,64,32768,3123958,7,14,67108864,256
J,append-growth-snapshot-control-o3,0,256,7,cpp-std-vector,0,1,512,917504,12288,64,0,60166,7,7,67108864,256
J,append-growth-o3,0,256,7,rust-vec,1,0,512,917504,12288,64,32768,3303419,7,14,67108864,256
J,append-growth-snapshot-control-o3,0,256,7,rust-vec,1,1,512,917504,12288,64,0,60123,7,7,67108864,256
J,append-growth-o3,0,256,7,cpp-std-vector,1,0,512,917504,12288,64,32768,2978171,7,14,67108864,256
J,append-growth-snapshot-control-o3,0,256,7,cpp-std-vector,1,1,512,917504,12288,64,0,59870,7,7,67108864,256
J,append-growth-o3,0,256,7,whitefoot,1,0,512,917504,12288,64,32768,2894126,7,14,67108864,256
J,append-growth-snapshot-control-o3,0,256,7,whitefoot,1,1,512,917504,12288,64,0,59666,7,7,67108864,256
J,append-growth-o3,0,256,7,cpp-std-vector,2,0,512,917504,12288,64,32768,2959417,7,14,67108864,256
J,append-growth-snapshot-control-o3,0,256,7,cpp-std-vector,2,1,512,917504,12288,64,0,59331,7,7,67108864,256
J,append-growth-o3,0,256,7,whitefoot,2,0,512,917504,12288,64,32768,2900832,7,14,67108864,256
J,append-growth-snapshot-control-o3,0,256,7,whitefoot,2,1,512,917504,12288,64,0,59337,7,7,67108864,256
J,append-growth-o3,0,256,7,rust-vec,2,0,512,917504,12288,64,32768,3308877,7,14,67108864,256
J,append-growth-snapshot-control-o3,0,256,7,rust-vec,2,1,512,917504,12288,64,0,60757,7,7,67108864,256
J,append-growth-o3,0,256,7,whitefoot,3,0,512,917504,12288,64,32768,2878963,7,14,67108864,256
J,append-growth-snapshot-control-o3,0,256,7,whitefoot,3,1,512,917504,12288,64,0,58918,7,7,67108864,256
J,append-growth-o3,0,256,7,rust-vec,3,0,512,917504,12288,64,32768,3322290,7,14,67108864,256
J,append-growth-snapshot-control-o3,0,256,7,rust-vec,3,1,512,917504,12288,64,0,60042,7,7,67108864,256
J,append-growth-o3,0,256,7,cpp-std-vector,3,0,512,917504,12288,64,32768,3012335,7,14,67108864,256
J,append-growth-snapshot-control-o3,0,256,7,cpp-std-vector,3,1,512,917504,12288,64,0,60543,7,7,67108864,256
J,append-growth-o3,0,256,7,rust-vec,4,0,512,917504,12288,64,32768,3583375,7,14,67108864,256
J,append-growth-snapshot-control-o3,0,256,7,rust-vec,4,1,512,917504,12288,64,0,63006,7,7,67108864,256
J,append-growth-o3,0,256,7,cpp-std-vector,4,0,512,917504,12288,64,32768,3168584,7,14,67108864,256
J,append-growth-snapshot-control-o3,0,256,7,cpp-std-vector,4,1,512,917504,12288,64,0,62917,7,7,67108864,256
J,append-growth-o3,0,256,7,whitefoot,4,0,512,917504,12288,64,32768,2985919,7,14,67108864,256
J,append-growth-snapshot-control-o3,0,256,7,whitefoot,4,1,512,917504,12288,64,0,59917,7,7,67108864,256
J,append-growth-o3,0,256,7,cpp-std-vector,5,0,512,917504,12288,64,32768,3006789,7,14,67108864,256
J,append-growth-snapshot-control-o3,0,256,7,cpp-std-vector,5,1,512,917504,12288,64,0,59921,7,7,67108864,256
J,append-growth-o3,0,256,7,whitefoot,5,0,512,917504,12288,64,32768,2877961,7,14,67108864,256
J,append-growth-snapshot-control-o3,0,256,7,whitefoot,5,1,512,917504,12288,64,0,59254,7,7,67108864,256
J,append-growth-o3,0,256,7,rust-vec,5,0,512,917504,12288,64,32768,3329167,7,14,67108864,256
J,append-growth-snapshot-control-o3,0,256,7,rust-vec,5,1,512,917504,12288,64,0,60831,7,7,67108864,256
J,append-growth-o3,0,256,7,whitefoot,6,0,512,917504,12288,64,32768,3041251,7,14,67108864,256
J,append-growth-snapshot-control-o3,0,256,7,whitefoot,6,1,512,917504,12288,64,0,62834,7,7,67108864,256
J,append-growth-o3,0,256,7,rust-vec,6,0,512,917504,12288,64,32768,3608959,7,14,67108864,256
J,append-growth-snapshot-control-o3,0,256,7,rust-vec,6,1,512,917504,12288,64,0,120457,7,7,67108864,256
J,append-growth-o3,0,256,7,cpp-std-vector,6,0,512,917504,12288,64,32768,3095955,7,14,67108864,256
J,append-growth-snapshot-control-o3,0,256,7,cpp-std-vector,6,1,512,917504,12288,64,0,60131,7,7,67108864,256
J,append-growth-o3,0,256,7,rust-vec,7,0,512,917504,12288,64,32768,3296627,7,14,67108864,256
J,append-growth-snapshot-control-o3,0,256,7,rust-vec,7,1,512,917504,12288,64,0,59744,7,7,67108864,256
J,append-growth-o3,0,256,7,cpp-std-vector,7,0,512,917504,12288,64,32768,2967416,7,14,67108864,256
J,append-growth-snapshot-control-o3,0,256,7,cpp-std-vector,7,1,512,917504,12288,64,0,59704,7,7,67108864,256
J,append-growth-o3,0,256,7,whitefoot,7,0,512,917504,12288,64,32768,2900629,7,14,67108864,256
J,append-growth-snapshot-control-o3,0,256,7,whitefoot,7,1,512,917504,12288,64,0,59423,7,7,67108864,256
J,append-growth-o3,0,256,7,cpp-std-vector,8,0,512,917504,12288,64,32768,2930541,7,14,67108864,256
J,append-growth-snapshot-control-o3,0,256,7,cpp-std-vector,8,1,512,917504,12288,64,0,59626,7,7,67108864,256
J,append-growth-o3,0,256,7,whitefoot,8,0,512,917504,12288,64,32768,2902588,7,14,67108864,256
J,append-growth-snapshot-control-o3,0,256,7,whitefoot,8,1,512,917504,12288,64,0,59332,7,7,67108864,256
J,append-growth-o3,0,256,7,rust-vec,8,0,512,917504,12288,64,32768,3320622,7,14,67108864,256
J,append-growth-snapshot-control-o3,0,256,7,rust-vec,8,1,512,917504,12288,64,0,71003,7,7,67108864,256
J,append-growth-o3,1,256,7,cpp-std-vector,0,0,512,917504,12288,64,32768,2988250,7,14,67108864,256
J,append-growth-snapshot-control-o3,1,256,7,cpp-std-vector,0,1,512,917504,12288,64,0,59749,7,7,67108864,256
J,append-growth-o3,1,256,7,rust-vec,0,0,512,917504,12288,64,32768,3295416,7,14,67108864,256
J,append-growth-snapshot-control-o3,1,256,7,rust-vec,0,1,512,917504,12288,64,0,59960,7,7,67108864,256
J,append-growth-o3,1,256,7,whitefoot,0,0,512,917504,12288,64,32768,2875001,7,14,67108864,256
J,append-growth-snapshot-control-o3,1,256,7,whitefoot,0,1,512,917504,12288,64,0,59500,7,7,67108864,256
J,append-growth-o3,1,256,7,rust-vec,1,0,512,917504,12288,64,32768,3282708,7,14,67108864,256
J,append-growth-snapshot-control-o3,1,256,7,rust-vec,1,1,512,917504,12288,64,0,60246,7,7,67108864,256
J,append-growth-o3,1,256,7,whitefoot,1,0,512,917504,12288,64,32768,2867916,7,14,67108864,256
J,append-growth-snapshot-control-o3,1,256,7,whitefoot,1,1,512,917504,12288,64,0,59504,7,7,67108864,256
J,append-growth-o3,1,256,7,cpp-std-vector,1,0,512,917504,12288,64,32768,2959464,7,14,67108864,256
J,append-growth-snapshot-control-o3,1,256,7,cpp-std-vector,1,1,512,917504,12288,64,0,60373,7,7,67108864,256
J,append-growth-o3,1,256,7,whitefoot,2,0,512,917504,12288,64,32768,2862039,7,14,67108864,256
J,append-growth-snapshot-control-o3,1,256,7,whitefoot,2,1,512,917504,12288,64,0,59411,7,7,67108864,256
J,append-growth-o3,1,256,7,cpp-std-vector,2,0,512,917504,12288,64,32768,2956377,7,14,67108864,256
J,append-growth-snapshot-control-o3,1,256,7,cpp-std-vector,2,1,512,917504,12288,64,0,59507,7,7,67108864,256
J,append-growth-o3,1,256,7,rust-vec,2,0,512,917504,12288,64,32768,3315878,7,14,67108864,256
J,append-growth-snapshot-control-o3,1,256,7,rust-vec,2,1,512,917504,12288,64,0,59831,7,7,67108864,256
J,append-growth-o3,1,256,7,cpp-std-vector,3,0,512,917504,12288,64,32768,2929920,7,14,67108864,256
J,append-growth-snapshot-control-o3,1,256,7,cpp-std-vector,3,1,512,917504,12288,64,0,59541,7,7,67108864,256
J,append-growth-o3,1,256,7,rust-vec,3,0,512,917504,12288,64,32768,3326250,7,14,67108864,256
J,append-growth-snapshot-control-o3,1,256,7,rust-vec,3,1,512,917504,12288,64,0,64844,7,7,67108864,256
J,append-growth-o3,1,256,7,whitefoot,3,0,512,917504,12288,64,32768,2885459,7,14,67108864,256
J,append-growth-snapshot-control-o3,1,256,7,whitefoot,3,1,512,917504,12288,64,0,60082,7,7,67108864,256
J,append-growth-o3,1,256,7,rust-vec,4,0,512,917504,12288,64,32768,3289877,7,14,67108864,256
J,append-growth-snapshot-control-o3,1,256,7,rust-vec,4,1,512,917504,12288,64,0,61130,7,7,67108864,256
J,append-growth-o3,1,256,7,whitefoot,4,0,512,917504,12288,64,32768,2996087,7,14,67108864,256
J,append-growth-snapshot-control-o3,1,256,7,whitefoot,4,1,512,917504,12288,64,0,61540,7,7,67108864,256
J,append-growth-o3,1,256,7,cpp-std-vector,4,0,512,917504,12288,64,32768,2987415,7,14,67108864,256
J,append-growth-snapshot-control-o3,1,256,7,cpp-std-vector,4,1,512,917504,12288,64,0,59668,7,7,67108864,256
J,append-growth-o3,1,256,7,whitefoot,5,0,512,917504,12288,64,32768,2900753,7,14,67108864,256
J,append-growth-snapshot-control-o3,1,256,7,whitefoot,5,1,512,917504,12288,64,0,59421,7,7,67108864,256
J,append-growth-o3,1,256,7,cpp-std-vector,5,0,512,917504,12288,64,32768,2951333,7,14,67108864,256
J,append-growth-snapshot-control-o3,1,256,7,cpp-std-vector,5,1,512,917504,12288,64,0,59584,7,7,67108864,256
J,append-growth-o3,1,256,7,rust-vec,5,0,512,917504,12288,64,32768,3334464,7,14,67108864,256
J,append-growth-snapshot-control-o3,1,256,7,rust-vec,5,1,512,917504,12288,64,0,59707,7,7,67108864,256
J,append-growth-o3,1,256,7,cpp-std-vector,6,0,512,917504,12288,64,32768,2929752,7,14,67108864,256
J,append-growth-snapshot-control-o3,1,256,7,cpp-std-vector,6,1,512,917504,12288,64,0,59419,7,7,67108864,256
J,append-growth-o3,1,256,7,rust-vec,6,0,512,917504,12288,64,32768,3336208,7,14,67108864,256
J,append-growth-snapshot-control-o3,1,256,7,rust-vec,6,1,512,917504,12288,64,0,59917,7,7,67108864,256
J,append-growth-o3,1,256,7,whitefoot,6,0,512,917504,12288,64,32768,2908707,7,14,67108864,256
J,append-growth-snapshot-control-o3,1,256,7,whitefoot,6,1,512,917504,12288,64,0,58873,7,7,67108864,256
J,append-growth-o3,1,256,7,rust-vec,7,0,512,917504,12288,64,32768,3285376,7,14,67108864,256
J,append-growth-snapshot-control-o3,1,256,7,rust-vec,7,1,512,917504,12288,64,0,59666,7,7,67108864,256
J,append-growth-o3,1,256,7,whitefoot,7,0,512,917504,12288,64,32768,2912001,7,14,67108864,256
J,append-growth-snapshot-control-o3,1,256,7,whitefoot,7,1,512,917504,12288,64,0,59539,7,7,67108864,256
J,append-growth-o3,1,256,7,cpp-std-vector,7,0,512,917504,12288,64,32768,2980293,7,14,67108864,256
J,append-growth-snapshot-control-o3,1,256,7,cpp-std-vector,7,1,512,917504,12288,64,0,60005,7,7,67108864,256
J,append-growth-o3,1,256,7,whitefoot,8,0,512,917504,12288,64,32768,2883292,7,14,67108864,256
J,append-growth-snapshot-control-o3,1,256,7,whitefoot,8,1,512,917504,12288,64,0,59208,7,7,67108864,256
J,append-growth-o3,1,256,7,cpp-std-vector,8,0,512,917504,12288,64,32768,2929257,7,14,67108864,256
J,append-growth-snapshot-control-o3,1,256,7,cpp-std-vector,8,1,512,917504,12288,64,0,59878,7,7,67108864,256
J,append-growth-o3,1,256,7,rust-vec,8,0,512,917504,12288,64,32768,3334708,7,14,67108864,256
J,append-growth-snapshot-control-o3,1,256,7,rust-vec,8,1,512,917504,12288,64,0,60544,7,7,67108864,256
J,append-growth-o3,0,256,8,whitefoot,0,0,455,931840,10920,65,29575,2949082,8,16,67108864,256
J,append-growth-snapshot-control-o3,0,256,8,whitefoot,0,1,455,931840,10920,65,0,52496,8,8,67108864,256
J,append-growth-o3,0,256,8,rust-vec,0,0,455,931840,10920,65,29575,3279588,8,16,67108864,256
J,append-growth-snapshot-control-o3,0,256,8,rust-vec,0,1,455,931840,10920,65,0,56295,8,8,67108864,256
J,append-growth-o3,0,256,8,cpp-std-vector,0,0,455,931840,10920,65,29575,3135586,8,16,67108864,256
J,append-growth-snapshot-control-o3,0,256,8,cpp-std-vector,0,1,455,931840,10920,65,0,55582,8,8,67108864,256
J,append-growth-o3,0,256,8,rust-vec,1,0,455,931840,10920,65,29575,3322005,8,16,67108864,256
J,append-growth-snapshot-control-o3,0,256,8,rust-vec,1,1,455,931840,10920,65,0,56545,8,8,67108864,256
J,append-growth-o3,0,256,8,cpp-std-vector,1,0,455,931840,10920,65,29575,2980579,8,16,67108864,256
J,append-growth-snapshot-control-o3,0,256,8,cpp-std-vector,1,1,455,931840,10920,65,0,53504,8,8,67108864,256
J,append-growth-o3,0,256,8,whitefoot,1,0,455,931840,10920,65,29575,2768580,8,16,67108864,256
J,append-growth-snapshot-control-o3,0,256,8,whitefoot,1,1,455,931840,10920,65,0,52541,8,8,67108864,256
J,append-growth-o3,0,256,8,cpp-std-vector,2,0,455,931840,10920,65,29575,2864871,8,16,67108864,256
J,append-growth-snapshot-control-o3,0,256,8,cpp-std-vector,2,1,455,931840,10920,65,0,52880,8,8,67108864,256
J,append-growth-o3,0,256,8,whitefoot,2,0,455,931840,10920,65,29575,2744667,8,16,67108864,256
J,append-growth-snapshot-control-o3,0,256,8,whitefoot,2,1,455,931840,10920,65,0,52881,8,8,67108864,256
J,append-growth-o3,0,256,8,rust-vec,2,0,455,931840,10920,65,29575,3146625,8,16,67108864,256
J,append-growth-snapshot-control-o3,0,256,8,rust-vec,2,1,455,931840,10920,65,0,53207,8,8,67108864,256
J,append-growth-o3,0,256,8,whitefoot,3,0,455,931840,10920,65,29575,2734044,8,16,67108864,256
J,append-growth-snapshot-control-o3,0,256,8,whitefoot,3,1,455,931840,10920,65,0,52421,8,8,67108864,256
J,append-growth-o3,0,256,8,rust-vec,3,0,455,931840,10920,65,29575,3138416,8,16,67108864,256
J,append-growth-snapshot-control-o3,0,256,8,rust-vec,3,1,455,931840,10920,65,0,53120,8,8,67108864,256
J,append-growth-o3,0,256,8,cpp-std-vector,3,0,455,931840,10920,65,29575,2861623,8,16,67108864,256
J,append-growth-snapshot-control-o3,0,256,8,cpp-std-vector,3,1,455,931840,10920,65,0,52340,8,8,67108864,256
J,append-growth-o3,0,256,8,rust-vec,4,0,455,931840,10920,65,29575,3137746,8,16,67108864,256
J,append-growth-snapshot-control-o3,0,256,8,rust-vec,4,1,455,931840,10920,65,0,52795,8,8,67108864,256
J,append-growth-o3,0,256,8,cpp-std-vector,4,0,455,931840,10920,65,29575,2819080,8,16,67108864,256
J,append-growth-snapshot-control-o3,0,256,8,cpp-std-vector,4,1,455,931840,10920,65,0,53048,8,8,67108864,256
J,append-growth-o3,0,256,8,whitefoot,4,0,455,931840,10920,65,29575,2762834,8,16,67108864,256
J,append-growth-snapshot-control-o3,0,256,8,whitefoot,4,1,455,931840,10920,65,0,52380,8,8,67108864,256
J,append-growth-o3,0,256,8,cpp-std-vector,5,0,455,931840,10920,65,29575,2860875,8,16,67108864,256
J,append-growth-snapshot-control-o3,0,256,8,cpp-std-vector,5,1,455,931840,10920,65,0,52624,8,8,67108864,256
J,append-growth-o3,0,256,8,whitefoot,5,0,455,931840,10920,65,29575,2741083,8,16,67108864,256
J,append-growth-snapshot-control-o3,0,256,8,whitefoot,5,1,455,931840,10920,65,0,52754,8,8,67108864,256
J,append-growth-o3,0,256,8,rust-vec,5,0,455,931840,10920,65,29575,3154627,8,16,67108864,256
J,append-growth-snapshot-control-o3,0,256,8,rust-vec,5,1,455,931840,10920,65,0,52912,8,8,67108864,256
J,append-growth-o3,0,256,8,whitefoot,6,0,455,931840,10920,65,29575,2734459,8,16,67108864,256
J,append-growth-snapshot-control-o3,0,256,8,whitefoot,6,1,455,931840,10920,65,0,52333,8,8,67108864,256
J,append-growth-o3,0,256,8,rust-vec,6,0,455,931840,10920,65,29575,3113706,8,16,67108864,256
J,append-growth-snapshot-control-o3,0,256,8,rust-vec,6,1,455,931840,10920,65,0,53541,8,8,67108864,256
J,append-growth-o3,0,256,8,cpp-std-vector,6,0,455,931840,10920,65,29575,2877004,8,16,67108864,256
J,append-growth-snapshot-control-o3,0,256,8,cpp-std-vector,6,1,455,931840,10920,65,0,52582,8,8,67108864,256
J,append-growth-o3,0,256,8,rust-vec,7,0,455,931840,10920,65,29575,3178751,8,16,67108864,256
J,append-growth-snapshot-control-o3,0,256,8,rust-vec,7,1,455,931840,10920,65,0,52998,8,8,67108864,256
J,append-growth-o3,0,256,8,cpp-std-vector,7,0,455,931840,10920,65,29575,2826961,8,16,67108864,256
J,append-growth-snapshot-control-o3,0,256,8,cpp-std-vector,7,1,455,931840,10920,65,0,52828,8,8,67108864,256
J,append-growth-o3,0,256,8,whitefoot,7,0,455,931840,10920,65,29575,2759459,8,16,67108864,256
J,append-growth-snapshot-control-o3,0,256,8,whitefoot,7,1,455,931840,10920,65,0,52671,8,8,67108864,256
J,append-growth-o3,0,256,8,cpp-std-vector,8,0,455,931840,10920,65,29575,3252163,8,16,67108864,256
J,append-growth-snapshot-control-o3,0,256,8,cpp-std-vector,8,1,455,931840,10920,65,0,56334,8,8,67108864,256
J,append-growth-o3,0,256,8,whitefoot,8,0,455,931840,10920,65,29575,2786414,8,16,67108864,256
J,append-growth-snapshot-control-o3,0,256,8,whitefoot,8,1,455,931840,10920,65,0,52963,8,8,67108864,256
J,append-growth-o3,0,256,8,rust-vec,8,0,455,931840,10920,65,29575,3168377,8,16,67108864,256
J,append-growth-snapshot-control-o3,0,256,8,rust-vec,8,1,455,931840,10920,65,0,52621,8,8,67108864,256
J,append-growth-o3,1,256,8,cpp-std-vector,0,0,455,931840,10920,65,29575,2927378,8,16,67108864,256
J,append-growth-snapshot-control-o3,1,256,8,cpp-std-vector,0,1,455,931840,10920,65,0,53502,8,8,67108864,256
J,append-growth-o3,1,256,8,rust-vec,0,0,455,931840,10920,65,29575,3138872,8,16,67108864,256
J,append-growth-snapshot-control-o3,1,256,8,rust-vec,0,1,455,931840,10920,65,0,53707,8,8,67108864,256
J,append-growth-o3,1,256,8,whitefoot,0,0,455,931840,10920,65,29575,2775210,8,16,67108864,256
J,append-growth-snapshot-control-o3,1,256,8,whitefoot,0,1,455,931840,10920,65,0,52540,8,8,67108864,256
J,append-growth-o3,1,256,8,rust-vec,1,0,455,931840,10920,65,29575,3141792,8,16,67108864,256
J,append-growth-snapshot-control-o3,1,256,8,rust-vec,1,1,455,931840,10920,65,0,52747,8,8,67108864,256
J,append-growth-o3,1,256,8,whitefoot,1,0,455,931840,10920,65,29575,2737829,8,16,67108864,256
J,append-growth-snapshot-control-o3,1,256,8,whitefoot,1,1,455,931840,10920,65,0,52585,8,8,67108864,256
J,append-growth-o3,1,256,8,cpp-std-vector,1,0,455,931840,10920,65,29575,2946663,8,16,67108864,256
J,append-growth-snapshot-control-o3,1,256,8,cpp-std-vector,1,1,455,931840,10920,65,0,55126,8,8,67108864,256
J,append-growth-o3,1,256,8,whitefoot,2,0,455,931840,10920,65,29575,2895668,8,16,67108864,256
J,append-growth-snapshot-control-o3,1,256,8,whitefoot,2,1,455,931840,10920,65,0,65414,8,8,67108864,256
J,append-growth-o3,1,256,8,cpp-std-vector,2,0,455,931840,10920,65,29575,2946163,8,16,67108864,256
J,append-growth-snapshot-control-o3,1,256,8,cpp-std-vector,2,1,455,931840,10920,65,0,53169,8,8,67108864,256
J,append-growth-o3,1,256,8,rust-vec,2,0,455,931840,10920,65,29575,3158788,8,16,67108864,256
J,append-growth-snapshot-control-o3,1,256,8,rust-vec,2,1,455,931840,10920,65,0,52960,8,8,67108864,256
J,append-growth-o3,1,256,8,cpp-std-vector,3,0,455,931840,10920,65,29575,2892169,8,16,67108864,256
J,append-growth-snapshot-control-o3,1,256,8,cpp-std-vector,3,1,455,931840,10920,65,0,52667,8,8,67108864,256
J,append-growth-o3,1,256,8,rust-vec,3,0,455,931840,10920,65,29575,3146877,8,16,67108864,256
J,append-growth-snapshot-control-o3,1,256,8,rust-vec,3,1,455,931840,10920,65,0,53337,8,8,67108864,256
J,append-growth-o3,1,256,8,whitefoot,3,0,455,931840,10920,65,29575,2789950,8,16,67108864,256
J,append-growth-snapshot-control-o3,1,256,8,whitefoot,3,1,455,931840,10920,65,0,52038,8,8,67108864,256
J,append-growth-o3,1,256,8,rust-vec,4,0,455,931840,10920,65,29575,3134204,8,16,67108864,256
J,append-growth-snapshot-control-o3,1,256,8,rust-vec,4,1,455,931840,10920,65,0,53214,8,8,67108864,256
J,append-growth-o3,1,256,8,whitefoot,4,0,455,931840,10920,65,29575,2736089,8,16,67108864,256
J,append-growth-snapshot-control-o3,1,256,8,whitefoot,4,1,455,931840,10920,65,0,52911,8,8,67108864,256
J,append-growth-o3,1,256,8,cpp-std-vector,4,0,455,931840,10920,65,29575,2873920,8,16,67108864,256
J,append-growth-snapshot-control-o3,1,256,8,cpp-std-vector,4,1,455,931840,10920,65,0,52672,8,8,67108864,256
J,append-growth-o3,1,256,8,whitefoot,5,0,455,931840,10920,65,29575,2759040,8,16,67108864,256
J,append-growth-snapshot-control-o3,1,256,8,whitefoot,5,1,455,931840,10920,65,0,52621,8,8,67108864,256
J,append-growth-o3,1,256,8,cpp-std-vector,5,0,455,931840,10920,65,29575,2863081,8,16,67108864,256
J,append-growth-snapshot-control-o3,1,256,8,cpp-std-vector,5,1,455,931840,10920,65,0,53003,8,8,67108864,256
J,append-growth-o3,1,256,8,rust-vec,5,0,455,931840,10920,65,29575,3144666,8,16,67108864,256
J,append-growth-snapshot-control-o3,1,256,8,rust-vec,5,1,455,931840,10920,65,0,53043,8,8,67108864,256
J,append-growth-o3,1,256,8,cpp-std-vector,6,0,455,931840,10920,65,29575,3026751,8,16,67108864,256
J,append-growth-snapshot-control-o3,1,256,8,cpp-std-vector,6,1,455,931840,10920,65,0,54502,8,8,67108864,256
J,append-growth-o3,1,256,8,rust-vec,6,0,455,931840,10920,65,29575,3288668,8,16,67108864,256
J,append-growth-snapshot-control-o3,1,256,8,rust-vec,6,1,455,931840,10920,65,0,55294,8,8,67108864,256
J,append-growth-o3,1,256,8,whitefoot,6,0,455,931840,10920,65,29575,2892121,8,16,67108864,256
J,append-growth-snapshot-control-o3,1,256,8,whitefoot,6,1,455,931840,10920,65,0,53747,8,8,67108864,256
J,append-growth-o3,1,256,8,rust-vec,7,0,455,931840,10920,65,29575,3212164,8,16,67108864,256
J,append-growth-snapshot-control-o3,1,256,8,rust-vec,7,1,455,931840,10920,65,0,52836,8,8,67108864,256
J,append-growth-o3,1,256,8,whitefoot,7,0,455,931840,10920,65,29575,2769830,8,16,67108864,256
J,append-growth-snapshot-control-o3,1,256,8,whitefoot,7,1,455,931840,10920,65,0,52751,8,8,67108864,256
J,append-growth-o3,1,256,8,cpp-std-vector,7,0,455,931840,10920,65,29575,2884286,8,16,67108864,256
J,append-growth-snapshot-control-o3,1,256,8,cpp-std-vector,7,1,455,931840,10920,65,0,53287,8,8,67108864,256
J,append-growth-o3,1,256,8,whitefoot,8,0,455,931840,10920,65,29575,2779248,8,16,67108864,256
J,append-growth-snapshot-control-o3,1,256,8,whitefoot,8,1,455,931840,10920,65,0,52749,8,8,67108864,256
J,append-growth-o3,1,256,8,cpp-std-vector,8,0,455,931840,10920,65,29575,2832417,8,16,67108864,256
J,append-growth-snapshot-control-o3,1,256,8,cpp-std-vector,8,1,455,931840,10920,65,0,53129,8,8,67108864,256
J,append-growth-o3,1,256,8,rust-vec,8,0,455,931840,10920,65,29575,3140045,8,16,67108864,256
J,append-growth-snapshot-control-o3,1,256,8,rust-vec,8,1,455,931840,10920,65,0,53002,8,8,67108864,256
J,append-growth-o3,0,256,9,whitefoot,0,0,409,942336,9816,65,26585,2949416,9,18,67108864,256
J,append-growth-snapshot-control-o3,0,256,9,whitefoot,0,1,409,942336,9816,65,0,47043,9,9,67108864,256
J,append-growth-o3,0,256,9,rust-vec,0,0,409,942336,9816,65,26585,2954664,9,18,67108864,256
J,append-growth-snapshot-control-o3,0,256,9,rust-vec,0,1,409,942336,9816,65,0,47548,9,9,67108864,256
J,append-growth-o3,0,256,9,cpp-std-vector,0,0,409,942336,9816,65,26585,2678665,9,18,67108864,256
J,append-growth-snapshot-control-o3,0,256,9,cpp-std-vector,0,1,409,942336,9816,65,0,46382,9,9,67108864,256
J,append-growth-o3,0,256,9,rust-vec,1,0,409,942336,9816,65,26585,3033751,9,18,67108864,256
J,append-growth-snapshot-control-o3,0,256,9,rust-vec,1,1,409,942336,9816,65,0,47452,9,9,67108864,256
J,append-growth-o3,0,256,9,cpp-std-vector,1,0,409,942336,9816,65,26585,2654376,9,18,67108864,256
J,append-growth-snapshot-control-o3,0,256,9,cpp-std-vector,1,1,409,942336,9816,65,0,47412,9,9,67108864,256
J,append-growth-o3,0,256,9,whitefoot,1,0,409,942336,9816,65,26585,2951955,9,18,67108864,256
J,append-growth-snapshot-control-o3,0,256,9,whitefoot,1,1,409,942336,9816,65,0,48956,9,9,67108864,256
J,append-growth-o3,0,256,9,cpp-std-vector,2,0,409,942336,9816,65,26585,2815500,9,18,67108864,256
J,append-growth-snapshot-control-o3,0,256,9,cpp-std-vector,2,1,409,942336,9816,65,0,46954,9,9,67108864,256
J,append-growth-o3,0,256,9,whitefoot,2,0,409,942336,9816,65,26585,2918422,9,18,67108864,256
J,append-growth-snapshot-control-o3,0,256,9,whitefoot,2,1,409,942336,9816,65,0,48208,9,9,67108864,256
J,append-growth-o3,0,256,9,rust-vec,2,0,409,942336,9816,65,26585,3163082,9,18,67108864,256
J,append-growth-snapshot-control-o3,0,256,9,rust-vec,2,1,409,942336,9816,65,0,52455,9,9,67108864,256
J,append-growth-o3,0,256,9,whitefoot,3,0,409,942336,9816,65,26585,3251163,9,18,67108864,256
J,append-growth-snapshot-control-o3,0,256,9,whitefoot,3,1,409,942336,9816,65,0,47998,9,9,67108864,256
J,append-growth-o3,0,256,9,rust-vec,3,0,409,942336,9816,65,26585,2990748,9,18,67108864,256
J,append-growth-snapshot-control-o3,0,256,9,rust-vec,3,1,409,942336,9816,65,0,48291,9,9,67108864,256
J,append-growth-o3,0,256,9,cpp-std-vector,3,0,409,942336,9816,65,26585,2671375,9,18,67108864,256
J,append-growth-snapshot-control-o3,0,256,9,cpp-std-vector,3,1,409,942336,9816,65,0,46459,9,9,67108864,256
J,append-growth-o3,0,256,9,rust-vec,4,0,409,942336,9816,65,26585,3018330,9,18,67108864,256
J,append-growth-snapshot-control-o3,0,256,9,rust-vec,4,1,409,942336,9816,65,0,47791,9,9,67108864,256
J,append-growth-o3,0,256,9,cpp-std-vector,4,0,409,942336,9816,65,26585,2638963,9,18,67108864,256
J,append-growth-snapshot-control-o3,0,256,9,cpp-std-vector,4,1,409,942336,9816,65,0,46835,9,9,67108864,256
J,append-growth-o3,0,256,9,whitefoot,4,0,409,942336,9816,65,26585,2907287,9,18,67108864,256
J,append-growth-snapshot-control-o3,0,256,9,whitefoot,4,1,409,942336,9816,65,0,47041,9,9,67108864,256
J,append-growth-o3,0,256,9,cpp-std-vector,5,0,409,942336,9816,65,26585,2668123,9,18,67108864,256
J,append-growth-snapshot-control-o3,0,256,9,cpp-std-vector,5,1,409,942336,9816,65,0,47159,9,9,67108864,256
J,append-growth-o3,0,256,9,whitefoot,5,0,409,942336,9816,65,26585,2948122,9,18,67108864,256
J,append-growth-snapshot-control-o3,0,256,9,whitefoot,5,1,409,942336,9816,65,0,49790,9,9,67108864,256
J,append-growth-o3,0,256,9,rust-vec,5,0,409,942336,9816,65,26585,2951246,9,18,67108864,256
J,append-growth-snapshot-control-o3,0,256,9,rust-vec,5,1,409,942336,9816,65,0,47333,9,9,67108864,256
J,append-growth-o3,0,256,9,whitefoot,6,0,409,942336,9816,65,26585,2898080,9,18,67108864,256
J,append-growth-snapshot-control-o3,0,256,9,whitefoot,6,1,409,942336,9816,65,0,46326,9,9,67108864,256
J,append-growth-o3,0,256,9,rust-vec,6,0,409,942336,9816,65,26585,2925038,9,18,67108864,256
J,append-growth-snapshot-control-o3,0,256,9,rust-vec,6,1,409,942336,9816,65,0,48258,9,9,67108864,256
J,append-growth-o3,0,256,9,cpp-std-vector,6,0,409,942336,9816,65,26585,2659541,9,18,67108864,256
J,append-growth-snapshot-control-o3,0,256,9,cpp-std-vector,6,1,409,942336,9816,65,0,46625,9,9,67108864,256
J,append-growth-o3,0,256,9,rust-vec,7,0,409,942336,9816,65,26585,3047166,9,18,67108864,256
J,append-growth-snapshot-control-o3,0,256,9,rust-vec,7,1,409,942336,9816,65,0,48042,9,9,67108864,256
J,append-growth-o3,0,256,9,cpp-std-vector,7,0,409,942336,9816,65,26585,2641874,9,18,67108864,256
J,append-growth-snapshot-control-o3,0,256,9,cpp-std-vector,7,1,409,942336,9816,65,0,47459,9,9,67108864,256
J,append-growth-o3,0,256,9,whitefoot,7,0,409,942336,9816,65,26585,2886875,9,18,67108864,256
J,append-growth-snapshot-control-o3,0,256,9,whitefoot,7,1,409,942336,9816,65,0,46791,9,9,67108864,256
J,append-growth-o3,0,256,9,cpp-std-vector,8,0,409,942336,9816,65,26585,2637207,9,18,67108864,256
J,append-growth-snapshot-control-o3,0,256,9,cpp-std-vector,8,1,409,942336,9816,65,0,47047,9,9,67108864,256
J,append-growth-o3,0,256,9,whitefoot,8,0,409,942336,9816,65,26585,2980788,9,18,67108864,256
J,append-growth-snapshot-control-o3,0,256,9,whitefoot,8,1,409,942336,9816,65,0,49044,9,9,67108864,256
J,append-growth-o3,0,256,9,rust-vec,8,0,409,942336,9816,65,26585,3026748,9,18,67108864,256
J,append-growth-snapshot-control-o3,0,256,9,rust-vec,8,1,409,942336,9816,65,0,49669,9,9,67108864,256
J,append-growth-o3,1,256,9,cpp-std-vector,0,0,409,942336,9816,65,26585,2670500,9,18,67108864,256
J,append-growth-snapshot-control-o3,1,256,9,cpp-std-vector,0,1,409,942336,9816,65,0,46460,9,9,67108864,256
J,append-growth-o3,1,256,9,rust-vec,0,0,409,942336,9816,65,26585,2932703,9,18,67108864,256
J,append-growth-snapshot-control-o3,1,256,9,rust-vec,0,1,409,942336,9816,65,0,47332,9,9,67108864,256
J,append-growth-o3,1,256,9,whitefoot,0,0,409,942336,9816,65,26585,2855123,9,18,67108864,256
J,append-growth-snapshot-control-o3,1,256,9,whitefoot,0,1,409,942336,9816,65,0,46666,9,9,67108864,256
J,append-growth-o3,1,256,9,rust-vec,1,0,409,942336,9816,65,26585,2946787,9,18,67108864,256
J,append-growth-snapshot-control-o3,1,256,9,rust-vec,1,1,409,942336,9816,65,0,47091,9,9,67108864,256
J,append-growth-o3,1,256,9,whitefoot,1,0,409,942336,9816,65,26585,2861005,9,18,67108864,256
J,append-growth-snapshot-control-o3,1,256,9,whitefoot,1,1,409,942336,9816,65,0,47708,9,9,67108864,256
J,append-growth-o3,1,256,9,cpp-std-vector,1,0,409,942336,9816,65,26585,2647742,9,18,67108864,256
J,append-growth-snapshot-control-o3,1,256,9,cpp-std-vector,1,1,409,942336,9816,65,0,46462,9,9,67108864,256
J,append-growth-o3,1,256,9,whitefoot,2,0,409,942336,9816,65,26585,2954750,9,18,67108864,256
J,append-growth-snapshot-control-o3,1,256,9,whitefoot,2,1,409,942336,9816,65,0,47082,9,9,67108864,256
J,append-growth-o3,1,256,9,cpp-std-vector,2,0,409,942336,9816,65,26585,2892007,9,18,67108864,256
J,append-growth-snapshot-control-o3,1,256,9,cpp-std-vector,2,1,409,942336,9816,65,0,51753,9,9,67108864,256
J,append-growth-o3,1,256,9,rust-vec,2,0,409,942336,9816,65,26585,3205245,9,18,67108864,256
J,append-growth-snapshot-control-o3,1,256,9,rust-vec,2,1,409,942336,9816,65,0,51289,9,9,67108864,256
J,append-growth-o3,1,256,9,cpp-std-vector,3,0,409,942336,9816,65,26585,2793206,9,18,67108864,256
J,append-growth-snapshot-control-o3,1,256,9,cpp-std-vector,3,1,409,942336,9816,65,0,48958,9,9,67108864,256
J,append-growth-o3,1,256,9,rust-vec,3,0,409,942336,9816,65,26585,3091419,9,18,67108864,256
J,append-growth-snapshot-control-o3,1,256,9,rust-vec,3,1,409,942336,9816,65,0,67084,9,9,67108864,256
J,append-growth-o3,1,256,9,whitefoot,3,0,409,942336,9816,65,26585,2924830,9,18,67108864,256
J,append-growth-snapshot-control-o3,1,256,9,whitefoot,3,1,409,942336,9816,65,0,53833,9,9,67108864,256
J,append-growth-o3,1,256,9,rust-vec,4,0,409,942336,9816,65,26585,2943582,9,18,67108864,256
J,append-growth-snapshot-control-o3,1,256,9,rust-vec,4,1,409,942336,9816,65,0,47128,9,9,67108864,256
J,append-growth-o3,1,256,9,whitefoot,4,0,409,942336,9816,65,26585,2870915,9,18,67108864,256
J,append-growth-snapshot-control-o3,1,256,9,whitefoot,4,1,409,942336,9816,65,0,46830,9,9,67108864,256
J,append-growth-o3,1,256,9,cpp-std-vector,4,0,409,942336,9816,65,26585,2675337,9,18,67108864,256
J,append-growth-snapshot-control-o3,1,256,9,cpp-std-vector,4,1,409,942336,9816,65,0,46370,9,9,67108864,256
J,append-growth-o3,1,256,9,whitefoot,5,0,409,942336,9816,65,26585,2884746,9,18,67108864,256
J,append-growth-snapshot-control-o3,1,256,9,whitefoot,5,1,409,942336,9816,65,0,46707,9,9,67108864,256
J,append-growth-o3,1,256,9,cpp-std-vector,5,0,409,942336,9816,65,26585,2604413,9,18,67108864,256
J,append-growth-snapshot-control-o3,1,256,9,cpp-std-vector,5,1,409,942336,9816,65,0,46624,9,9,67108864,256
J,append-growth-o3,1,256,9,rust-vec,5,0,409,942336,9816,65,26585,2940623,9,18,67108864,256
J,append-growth-snapshot-control-o3,1,256,9,rust-vec,5,1,409,942336,9816,65,0,47039,9,9,67108864,256
J,append-growth-o3,1,256,9,cpp-std-vector,6,0,409,942336,9816,65,26585,2611415,9,18,67108864,256
J,append-growth-snapshot-control-o3,1,256,9,cpp-std-vector,6,1,409,942336,9816,65,0,46455,9,9,67108864,256
J,append-growth-o3,1,256,9,rust-vec,6,0,409,942336,9816,65,26585,2945168,9,18,67108864,256
J,append-growth-snapshot-control-o3,1,256,9,rust-vec,6,1,409,942336,9816,65,0,47585,9,9,67108864,256
J,append-growth-o3,1,256,9,whitefoot,6,0,409,942336,9816,65,26585,2923077,9,18,67108864,256
J,append-growth-snapshot-control-o3,1,256,9,whitefoot,6,1,409,942336,9816,65,0,49169,9,9,67108864,256
J,append-growth-o3,1,256,9,rust-vec,7,0,409,942336,9816,65,26585,2939124,9,18,67108864,256
J,append-growth-snapshot-control-o3,1,256,9,rust-vec,7,1,409,942336,9816,65,0,46625,9,9,67108864,256
J,append-growth-o3,1,256,9,whitefoot,7,0,409,942336,9816,65,26585,2869217,9,18,67108864,256
J,append-growth-snapshot-control-o3,1,256,9,whitefoot,7,1,409,942336,9816,65,0,46751,9,9,67108864,256
J,append-growth-o3,1,256,9,cpp-std-vector,7,0,409,942336,9816,65,26585,2641829,9,18,67108864,256
J,append-growth-snapshot-control-o3,1,256,9,cpp-std-vector,7,1,409,942336,9816,65,0,53672,9,9,67108864,256
J,append-growth-o3,1,256,9,whitefoot,8,0,409,942336,9816,65,26585,2876918,9,18,67108864,256
J,append-growth-snapshot-control-o3,1,256,9,whitefoot,8,1,409,942336,9816,65,0,46247,9,9,67108864,256
J,append-growth-o3,1,256,9,cpp-std-vector,8,0,409,942336,9816,65,26585,2610170,9,18,67108864,256
J,append-growth-snapshot-control-o3,1,256,9,cpp-std-vector,8,1,409,942336,9816,65,0,46625,9,9,67108864,256
J,append-growth-o3,1,256,9,rust-vec,8,0,409,942336,9816,65,26585,2956744,9,18,67108864,256
J,append-growth-snapshot-control-o3,1,256,9,rust-vec,8,1,409,942336,9816,65,0,47041,9,9,67108864,256
J,append-growth-o3,0,256,16,whitefoot,0,0,240,983040,5760,65,15600,2519370,16,32,67108864,256
J,append-growth-snapshot-control-o3,0,256,16,whitefoot,0,1,240,983040,5760,65,0,25041,16,16,67108864,256
J,append-growth-o3,0,256,16,rust-vec,0,0,240,983040,5760,65,15600,2502416,16,32,67108864,256
J,append-growth-snapshot-control-o3,0,256,16,rust-vec,0,1,240,983040,5760,65,0,28165,16,16,67108864,256
J,append-growth-o3,0,256,16,cpp-std-vector,0,0,240,983040,5760,65,15600,2382505,16,32,67108864,256
J,append-growth-snapshot-control-o3,0,256,16,cpp-std-vector,0,1,240,983040,5760,65,0,24837,16,16,67108864,256
J,append-growth-o3,0,256,16,rust-vec,1,0,240,983040,5760,65,15600,2352414,16,32,67108864,256
J,append-growth-snapshot-control-o3,0,256,16,rust-vec,1,1,240,983040,5760,65,0,25333,16,16,67108864,256
J,append-growth-o3,0,256,16,cpp-std-vector,1,0,240,983040,5760,65,15600,2252539,16,32,67108864,256
J,append-growth-snapshot-control-o3,0,256,16,cpp-std-vector,1,1,240,983040,5760,65,0,24625,16,16,67108864,256
J,append-growth-o3,0,256,16,whitefoot,1,0,240,983040,5760,65,15600,2309876,16,32,67108864,256
J,append-growth-snapshot-control-o3,0,256,16,whitefoot,1,1,240,983040,5760,65,0,24544,16,16,67108864,256
J,append-growth-o3,0,256,16,cpp-std-vector,2,0,240,983040,5760,65,15600,2231168,16,32,67108864,256
J,append-growth-snapshot-control-o3,0,256,16,cpp-std-vector,2,1,240,983040,5760,65,0,24667,16,16,67108864,256
J,append-growth-o3,0,256,16,whitefoot,2,0,240,983040,5760,65,15600,2343790,16,32,67108864,256
J,append-growth-snapshot-control-o3,0,256,16,whitefoot,2,1,240,983040,5760,65,0,24915,16,16,67108864,256
J,append-growth-o3,0,256,16,rust-vec,2,0,240,983040,5760,65,15600,2343835,16,32,67108864,256
J,append-growth-snapshot-control-o3,0,256,16,rust-vec,2,1,240,983040,5760,65,0,24706,16,16,67108864,256
J,append-growth-o3,0,256,16,whitefoot,3,0,240,983040,5760,65,15600,2298789,16,32,67108864,256
J,append-growth-snapshot-control-o3,0,256,16,whitefoot,3,1,240,983040,5760,65,0,24627,16,16,67108864,256
J,append-growth-o3,0,256,16,rust-vec,3,0,240,983040,5760,65,15600,2324834,16,32,67108864,256
J,append-growth-snapshot-control-o3,0,256,16,rust-vec,3,1,240,983040,5760,65,0,24918,16,16,67108864,256
J,append-growth-o3,0,256,16,cpp-std-vector,3,0,240,983040,5760,65,15600,2283628,16,32,67108864,256
J,append-growth-snapshot-control-o3,0,256,16,cpp-std-vector,3,1,240,983040,5760,65,0,24334,16,16,67108864,256
J,append-growth-o3,0,256,16,rust-vec,4,0,240,983040,5760,65,15600,2351125,16,32,67108864,256
J,append-growth-snapshot-control-o3,0,256,16,rust-vec,4,1,240,983040,5760,65,0,24748,16,16,67108864,256
J,append-growth-o3,0,256,16,cpp-std-vector,4,0,240,983040,5760,65,15600,2242667,16,32,67108864,256
J,append-growth-snapshot-control-o3,0,256,16,cpp-std-vector,4,1,240,983040,5760,65,0,24500,16,16,67108864,256
J,append-growth-o3,0,256,16,whitefoot,4,0,240,983040,5760,65,15600,2315376,16,32,67108864,256
J,append-growth-snapshot-control-o3,0,256,16,whitefoot,4,1,240,983040,5760,65,0,24374,16,16,67108864,256
J,append-growth-o3,0,256,16,cpp-std-vector,5,0,240,983040,5760,65,15600,2218913,16,32,67108864,256
J,append-growth-snapshot-control-o3,0,256,16,cpp-std-vector,5,1,240,983040,5760,65,0,24209,16,16,67108864,256
J,append-growth-o3,0,256,16,whitefoot,5,0,240,983040,5760,65,15600,2299331,16,32,67108864,256
J,append-growth-snapshot-control-o3,0,256,16,whitefoot,5,1,240,983040,5760,65,0,24166,16,16,67108864,256
J,append-growth-o3,0,256,16,rust-vec,5,0,240,983040,5760,65,15600,2359668,16,32,67108864,256
J,append-growth-snapshot-control-o3,0,256,16,rust-vec,5,1,240,983040,5760,65,0,30837,16,16,67108864,256
J,append-growth-o3,0,256,16,whitefoot,6,0,240,983040,5760,65,15600,2456333,16,32,67108864,256
J,append-growth-snapshot-control-o3,0,256,16,whitefoot,6,1,240,983040,5760,65,0,25041,16,16,67108864,256
J,append-growth-o3,0,256,16,rust-vec,6,0,240,983040,5760,65,15600,2404872,16,32,67108864,256
J,append-growth-snapshot-control-o3,0,256,16,rust-vec,6,1,240,983040,5760,65,0,25249,16,16,67108864,256
J,append-growth-o3,0,256,16,cpp-std-vector,6,0,240,983040,5760,65,15600,2483670,16,32,67108864,256
J,append-growth-snapshot-control-o3,0,256,16,cpp-std-vector,6,1,240,983040,5760,65,0,34749,16,16,67108864,256
J,append-growth-o3,0,256,16,rust-vec,7,0,240,983040,5760,65,15600,2373466,16,32,67108864,256
J,append-growth-snapshot-control-o3,0,256,16,rust-vec,7,1,240,983040,5760,65,0,24834,16,16,67108864,256
J,append-growth-o3,0,256,16,cpp-std-vector,7,0,240,983040,5760,65,15600,2218251,16,32,67108864,256
J,append-growth-snapshot-control-o3,0,256,16,cpp-std-vector,7,1,240,983040,5760,65,0,24790,16,16,67108864,256
J,append-growth-o3,0,256,16,whitefoot,7,0,240,983040,5760,65,15600,2322294,16,32,67108864,256
J,append-growth-snapshot-control-o3,0,256,16,whitefoot,7,1,240,983040,5760,65,0,24669,16,16,67108864,256
J,append-growth-o3,0,256,16,cpp-std-vector,8,0,240,983040,5760,65,15600,2229169,16,32,67108864,256
J,append-growth-snapshot-control-o3,0,256,16,cpp-std-vector,8,1,240,983040,5760,65,0,24584,16,16,67108864,256
J,append-growth-o3,0,256,16,whitefoot,8,0,240,983040,5760,65,15600,2542873,16,32,67108864,256
J,append-growth-snapshot-control-o3,0,256,16,whitefoot,8,1,240,983040,5760,65,0,25166,16,16,67108864,256
J,append-growth-o3,0,256,16,rust-vec,8,0,240,983040,5760,65,15600,2404167,16,32,67108864,256
J,append-growth-snapshot-control-o3,0,256,16,rust-vec,8,1,240,983040,5760,65,0,26625,16,16,67108864,256
J,append-growth-o3,1,256,16,cpp-std-vector,0,0,240,983040,5760,65,15600,2327205,16,32,67108864,256
J,append-growth-snapshot-control-o3,1,256,16,cpp-std-vector,0,1,240,983040,5760,65,0,28667,16,16,67108864,256
J,append-growth-o3,1,256,16,rust-vec,0,0,240,983040,5760,65,15600,2485750,16,32,67108864,256
J,append-growth-snapshot-control-o3,1,256,16,rust-vec,0,1,240,983040,5760,65,0,26458,16,16,67108864,256
J,append-growth-o3,1,256,16,whitefoot,0,0,240,983040,5760,65,15600,2328874,16,32,67108864,256
J,append-growth-snapshot-control-o3,1,256,16,whitefoot,0,1,240,983040,5760,65,0,24663,16,16,67108864,256
J,append-growth-o3,1,256,16,rust-vec,1,0,240,983040,5760,65,15600,2333410,16,32,67108864,256
J,append-growth-snapshot-control-o3,1,256,16,rust-vec,1,1,240,983040,5760,65,0,25501,16,16,67108864,256
J,append-growth-o3,1,256,16,whitefoot,1,0,240,983040,5760,65,15600,2309002,16,32,67108864,256
J,append-growth-snapshot-control-o3,1,256,16,whitefoot,1,1,240,983040,5760,65,0,24417,16,16,67108864,256
J,append-growth-o3,1,256,16,cpp-std-vector,1,0,240,983040,5760,65,15600,2255414,16,32,67108864,256
J,append-growth-snapshot-control-o3,1,256,16,cpp-std-vector,1,1,240,983040,5760,65,0,24586,16,16,67108864,256
J,append-growth-o3,1,256,16,whitefoot,2,0,240,983040,5760,65,15600,2408166,16,32,67108864,256
J,append-growth-snapshot-control-o3,1,256,16,whitefoot,2,1,240,983040,5760,65,0,27870,16,16,67108864,256
J,append-growth-o3,1,256,16,cpp-std-vector,2,0,240,983040,5760,65,15600,2282049,16,32,67108864,256
J,append-growth-snapshot-control-o3,1,256,16,cpp-std-vector,2,1,240,983040,5760,65,0,24543,16,16,67108864,256
J,append-growth-o3,1,256,16,rust-vec,2,0,240,983040,5760,65,15600,2361047,16,32,67108864,256
J,append-growth-snapshot-control-o3,1,256,16,rust-vec,2,1,240,983040,5760,65,0,25168,16,16,67108864,256
J,append-growth-o3,1,256,16,cpp-std-vector,3,0,240,983040,5760,65,15600,2224250,16,32,67108864,256
J,append-growth-snapshot-control-o3,1,256,16,cpp-std-vector,3,1,240,983040,5760,65,0,24833,16,16,67108864,256
J,append-growth-o3,1,256,16,rust-vec,3,0,240,983040,5760,65,15600,2352588,16,32,67108864,256
J,append-growth-snapshot-control-o3,1,256,16,rust-vec,3,1,240,983040,5760,65,0,25336,16,16,67108864,256
J,append-growth-o3,1,256,16,whitefoot,3,0,240,983040,5760,65,15600,2354795,16,32,67108864,256
J,append-growth-snapshot-control-o3,1,256,16,whitefoot,3,1,240,983040,5760,65,0,24543,16,16,67108864,256
J,append-growth-o3,1,256,16,rust-vec,4,0,240,983040,5760,65,15600,2377037,16,32,67108864,256
J,append-growth-snapshot-control-o3,1,256,16,rust-vec,4,1,240,983040,5760,65,0,25003,16,16,67108864,256
J,append-growth-o3,1,256,16,whitefoot,4,0,240,983040,5760,65,15600,2335540,16,32,67108864,256
J,append-growth-snapshot-control-o3,1,256,16,whitefoot,4,1,240,983040,5760,65,0,24460,16,16,67108864,256
J,append-growth-o3,1,256,16,cpp-std-vector,4,0,240,983040,5760,65,15600,2241580,16,32,67108864,256
J,append-growth-snapshot-control-o3,1,256,16,cpp-std-vector,4,1,240,983040,5760,65,0,24538,16,16,67108864,256
J,append-growth-o3,1,256,16,whitefoot,5,0,240,983040,5760,65,15600,2423376,16,32,67108864,256
J,append-growth-snapshot-control-o3,1,256,16,whitefoot,5,1,240,983040,5760,65,0,27295,16,16,67108864,256
J,append-growth-o3,1,256,16,cpp-std-vector,5,0,240,983040,5760,65,15600,2320710,16,32,67108864,256
J,append-growth-snapshot-control-o3,1,256,16,cpp-std-vector,5,1,240,983040,5760,65,0,27582,16,16,67108864,256
J,append-growth-o3,1,256,16,rust-vec,5,0,240,983040,5760,65,15600,2375420,16,32,67108864,256
J,append-growth-snapshot-control-o3,1,256,16,rust-vec,5,1,240,983040,5760,65,0,25209,16,16,67108864,256
J,append-growth-o3,1,256,16,cpp-std-vector,6,0,240,983040,5760,65,15600,2221080,16,32,67108864,256
J,append-growth-snapshot-control-o3,1,256,16,cpp-std-vector,6,1,240,983040,5760,65,0,24000,16,16,67108864,256
J,append-growth-o3,1,256,16,rust-vec,6,0,240,983040,5760,65,15600,2342292,16,32,67108864,256
J,append-growth-snapshot-control-o3,1,256,16,rust-vec,6,1,240,983040,5760,65,0,25001,16,16,67108864,256
J,append-growth-o3,1,256,16,whitefoot,6,0,240,983040,5760,65,15600,2316922,16,32,67108864,256
J,append-growth-snapshot-control-o3,1,256,16,whitefoot,6,1,240,983040,5760,65,0,24627,16,16,67108864,256
J,append-growth-o3,1,256,16,rust-vec,7,0,240,983040,5760,65,15600,2363458,16,32,67108864,256
J,append-growth-snapshot-control-o3,1,256,16,rust-vec,7,1,240,983040,5760,65,0,25120,16,16,67108864,256
J,append-growth-o3,1,256,16,whitefoot,7,0,240,983040,5760,65,15600,2305713,16,32,67108864,256
J,append-growth-snapshot-control-o3,1,256,16,whitefoot,7,1,240,983040,5760,65,0,24500,16,16,67108864,256
J,append-growth-o3,1,256,16,cpp-std-vector,7,0,240,983040,5760,65,15600,2274250,16,32,67108864,256
J,append-growth-snapshot-control-o3,1,256,16,cpp-std-vector,7,1,240,983040,5760,65,0,24665,16,16,67108864,256
J,append-growth-o3,1,256,16,whitefoot,8,0,240,983040,5760,65,15600,2368506,16,32,67108864,256
J,append-growth-snapshot-control-o3,1,256,16,whitefoot,8,1,240,983040,5760,65,0,24210,16,16,67108864,256
J,append-growth-o3,1,256,16,cpp-std-vector,8,0,240,983040,5760,65,15600,2239633,16,32,67108864,256
J,append-growth-snapshot-control-o3,1,256,16,cpp-std-vector,8,1,240,983040,5760,65,0,24707,16,16,67108864,256
J,append-growth-o3,1,256,16,rust-vec,8,0,240,983040,5760,65,15600,2352169,16,32,67108864,256
J,append-growth-snapshot-control-o3,1,256,16,rust-vec,8,1,240,983040,5760,65,0,24752,16,16,67108864,256
J,append-growth-o3,0,256,256,whitefoot,0,0,15,983040,360,69,1035,1368372,256,512,67108864,256
J,append-growth-snapshot-control-o3,0,256,256,whitefoot,0,1,15,983040,360,69,0,1834,256,256,67108864,256
J,append-growth-o3,0,256,256,rust-vec,0,0,15,983040,360,69,1035,1380372,256,512,67108864,256
J,append-growth-snapshot-control-o3,0,256,256,rust-vec,0,1,15,983040,360,69,0,1795,256,256,67108864,256
J,append-growth-o3,0,256,256,cpp-std-vector,0,0,15,983040,360,69,1035,1373911,256,512,67108864,256
J,append-growth-snapshot-control-o3,0,256,256,cpp-std-vector,0,1,15,983040,360,69,0,2080,256,256,67108864,256
J,append-growth-o3,0,256,256,rust-vec,1,0,15,983040,360,69,1035,1379080,256,512,67108864,256
J,append-growth-snapshot-control-o3,0,256,256,rust-vec,1,1,15,983040,360,69,0,1623,256,256,67108864,256
J,append-growth-o3,0,256,256,cpp-std-vector,1,0,15,983040,360,69,1035,1363624,256,512,67108864,256
J,append-growth-snapshot-control-o3,0,256,256,cpp-std-vector,1,1,15,983040,360,69,0,1875,256,256,67108864,256
J,append-growth-o3,0,256,256,whitefoot,1,0,15,983040,360,69,1035,1373249,256,512,67108864,256
J,append-growth-snapshot-control-o3,0,256,256,whitefoot,1,1,15,983040,360,69,0,1337,256,256,67108864,256
J,append-growth-o3,0,256,256,cpp-std-vector,2,0,15,983040,360,69,1035,1353126,256,512,67108864,256
J,append-growth-snapshot-control-o3,0,256,256,cpp-std-vector,2,1,15,983040,360,69,0,1625,256,256,67108864,256
J,append-growth-o3,0,256,256,whitefoot,2,0,15,983040,360,69,1035,1354202,256,512,67108864,256
J,append-growth-snapshot-control-o3,0,256,256,whitefoot,2,1,15,983040,360,69,0,1749,256,256,67108864,256
J,append-growth-o3,0,256,256,rust-vec,2,0,15,983040,360,69,1035,1387672,256,512,67108864,256
J,append-growth-snapshot-control-o3,0,256,256,rust-vec,2,1,15,983040,360,69,0,1877,256,256,67108864,256
J,append-growth-o3,0,256,256,whitefoot,3,0,15,983040,360,69,1035,1357415,256,512,67108864,256
J,append-growth-snapshot-control-o3,0,256,256,whitefoot,3,1,15,983040,360,69,0,1827,256,256,67108864,256
J,append-growth-o3,0,256,256,rust-vec,3,0,15,983040,360,69,1035,1400958,256,512,67108864,256
J,append-growth-snapshot-control-o3,0,256,256,rust-vec,3,1,15,983040,360,69,0,1627,256,256,67108864,256
J,append-growth-o3,0,256,256,cpp-std-vector,3,0,15,983040,360,69,1035,1379660,256,512,67108864,256
J,append-growth-snapshot-control-o3,0,256,256,cpp-std-vector,3,1,15,983040,360,69,0,1667,256,256,67108864,256
J,append-growth-o3,0,256,256,rust-vec,4,0,15,983040,360,69,1035,1463041,256,512,67108864,256
J,append-growth-snapshot-control-o3,0,256,256,rust-vec,4,1,15,983040,360,69,0,1999,256,256,67108864,256
J,append-growth-o3,0,256,256,cpp-std-vector,4,0,15,983040,360,69,1035,1389282,256,512,67108864,256
J,append-growth-snapshot-control-o3,0,256,256,cpp-std-vector,4,1,15,983040,360,69,0,2042,256,256,67108864,256
J,append-growth-o3,0,256,256,whitefoot,4,0,15,983040,360,69,1035,1369544,256,512,67108864,256
J,append-growth-snapshot-control-o3,0,256,256,whitefoot,4,1,15,983040,360,69,0,1915,256,256,67108864,256
J,append-growth-o3,0,256,256,cpp-std-vector,5,0,15,983040,360,69,1035,1360420,256,512,67108864,256
J,append-growth-snapshot-control-o3,0,256,256,cpp-std-vector,5,1,15,983040,360,69,0,1793,256,256,67108864,256
J,append-growth-o3,0,256,256,whitefoot,5,0,15,983040,360,69,1035,1359998,256,512,67108864,256
J,append-growth-snapshot-control-o3,0,256,256,whitefoot,5,1,15,983040,360,69,0,4672,256,256,67108864,256
J,append-growth-o3,0,256,256,rust-vec,5,0,15,983040,360,69,1035,1394248,256,512,67108864,256
J,append-growth-snapshot-control-o3,0,256,256,rust-vec,5,1,15,983040,360,69,0,1667,256,256,67108864,256
J,append-growth-o3,0,256,256,whitefoot,6,0,15,983040,360,69,1035,1470081,256,512,67108864,256
J,append-growth-snapshot-control-o3,0,256,256,whitefoot,6,1,15,983040,360,69,0,1709,256,256,67108864,256
J,append-growth-o3,0,256,256,rust-vec,6,0,15,983040,360,69,1035,1459708,256,512,67108864,256
J,append-growth-snapshot-control-o3,0,256,256,rust-vec,6,1,15,983040,360,69,0,2123,256,256,67108864,256
J,append-growth-o3,0,256,256,cpp-std-vector,6,0,15,983040,360,69,1035,1413671,256,512,67108864,256
J,append-growth-snapshot-control-o3,0,256,256,cpp-std-vector,6,1,15,983040,360,69,0,1998,256,256,67108864,256
J,append-growth-o3,0,256,256,rust-vec,7,0,15,983040,360,69,1035,1381998,256,512,67108864,256
J,append-growth-snapshot-control-o3,0,256,256,rust-vec,7,1,15,983040,360,69,0,1835,256,256,67108864,256
J,append-growth-o3,0,256,256,cpp-std-vector,7,0,15,983040,360,69,1035,1357631,256,512,67108864,256
J,append-growth-snapshot-control-o3,0,256,256,cpp-std-vector,7,1,15,983040,360,69,0,1709,256,256,67108864,256
J,append-growth-o3,0,256,256,whitefoot,7,0,15,983040,360,69,1035,1356534,256,512,67108864,256
J,append-growth-snapshot-control-o3,0,256,256,whitefoot,7,1,15,983040,360,69,0,1505,256,256,67108864,256
J,append-growth-o3,0,256,256,cpp-std-vector,8,0,15,983040,360,69,1035,1370334,256,512,67108864,256
J,append-growth-snapshot-control-o3,0,256,256,cpp-std-vector,8,1,15,983040,360,69,0,1956,256,256,67108864,256
J,append-growth-o3,0,256,256,whitefoot,8,0,15,983040,360,69,1035,1385330,256,512,67108864,256
J,append-growth-snapshot-control-o3,0,256,256,whitefoot,8,1,15,983040,360,69,0,1751,256,256,67108864,256
J,append-growth-o3,0,256,256,rust-vec,8,0,15,983040,360,69,1035,1385170,256,512,67108864,256
J,append-growth-snapshot-control-o3,0,256,256,rust-vec,8,1,15,983040,360,69,0,1494,256,256,67108864,256
J,append-growth-o3,1,256,256,cpp-std-vector,0,0,15,983040,360,69,1035,1379542,256,512,67108864,256
J,append-growth-snapshot-control-o3,1,256,256,cpp-std-vector,0,1,15,983040,360,69,0,1998,256,256,67108864,256
J,append-growth-o3,1,256,256,rust-vec,0,0,15,983040,360,69,1035,1353203,256,512,67108864,256
J,append-growth-snapshot-control-o3,1,256,256,rust-vec,0,1,15,983040,360,69,0,2086,256,256,67108864,256
J,append-growth-o3,1,256,256,whitefoot,0,0,15,983040,360,69,1035,1365716,256,512,67108864,256
J,append-growth-snapshot-control-o3,1,256,256,whitefoot,0,1,15,983040,360,69,0,2167,256,256,67108864,256
J,append-growth-o3,1,256,256,rust-vec,1,0,15,983040,360,69,1035,1355752,256,512,67108864,256
J,append-growth-snapshot-control-o3,1,256,256,rust-vec,1,1,15,983040,360,69,0,1959,256,256,67108864,256
J,append-growth-o3,1,256,256,whitefoot,1,0,15,983040,360,69,1035,1340873,256,512,67108864,256
J,append-growth-snapshot-control-o3,1,256,256,whitefoot,1,1,15,983040,360,69,0,1833,256,256,67108864,256
J,append-growth-o3,1,256,256,cpp-std-vector,1,0,15,983040,360,69,1035,1373626,256,512,67108864,256
J,append-growth-snapshot-control-o3,1,256,256,cpp-std-vector,1,1,15,983040,360,69,0,1798,256,256,67108864,256
J,append-growth-o3,1,256,256,whitefoot,2,0,15,983040,360,69,1035,1380966,256,512,67108864,256
J,append-growth-snapshot-control-o3,1,256,256,whitefoot,2,1,15,983040,360,69,0,2001,256,256,67108864,256
J,append-growth-o3,1,256,256,cpp-std-vector,2,0,15,983040,360,69,1035,1364041,256,512,67108864,256
J,append-growth-snapshot-control-o3,1,256,256,cpp-std-vector,2,1,15,983040,360,69,0,1999,256,256,67108864,256
J,append-growth-o3,1,256,256,rust-vec,2,0,15,983040,360,69,1035,1379083,256,512,67108864,256
J,append-growth-snapshot-control-o3,1,256,256,rust-vec,2,1,15,983040,360,69,0,1922,256,256,67108864,256
J,append-growth-o3,1,256,256,cpp-std-vector,3,0,15,983040,360,69,1035,1368832,256,512,67108864,256
J,append-growth-snapshot-control-o3,1,256,256,cpp-std-vector,3,1,15,983040,360,69,0,1832,256,256,67108864,256
J,append-growth-o3,1,256,256,rust-vec,3,0,15,983040,360,69,1035,1375330,256,512,67108864,256
J,append-growth-snapshot-control-o3,1,256,256,rust-vec,3,1,15,983040,360,69,0,1795,256,256,67108864,256
J,append-growth-o3,1,256,256,whitefoot,3,0,15,983040,360,69,1035,1378085,256,512,67108864,256
J,append-growth-snapshot-control-o3,1,256,256,whitefoot,3,1,15,983040,360,69,0,1494,256,256,67108864,256
J,append-growth-o3,1,256,256,rust-vec,4,0,15,983040,360,69,1035,1393246,256,512,67108864,256
J,append-growth-snapshot-control-o3,1,256,256,rust-vec,4,1,15,983040,360,69,0,1668,256,256,67108864,256
J,append-growth-o3,1,256,256,whitefoot,4,0,15,983040,360,69,1035,1337788,256,512,67108864,256
J,append-growth-snapshot-control-o3,1,256,256,whitefoot,4,1,15,983040,360,69,0,2168,256,256,67108864,256
J,append-growth-o3,1,256,256,cpp-std-vector,4,0,15,983040,360,69,1035,1378461,256,512,67108864,256
J,append-growth-snapshot-control-o3,1,256,256,cpp-std-vector,4,1,15,983040,360,69,0,2162,256,256,67108864,256
J,append-growth-o3,1,256,256,whitefoot,5,0,15,983040,360,69,1035,1370874,256,512,67108864,256
J,append-growth-snapshot-control-o3,1,256,256,whitefoot,5,1,15,983040,360,69,0,1710,256,256,67108864,256
J,append-growth-o3,1,256,256,cpp-std-vector,5,0,15,983040,360,69,1035,1359414,256,512,67108864,256
J,append-growth-snapshot-control-o3,1,256,256,cpp-std-vector,5,1,15,983040,360,69,0,1621,256,256,67108864,256
J,append-growth-o3,1,256,256,rust-vec,5,0,15,983040,360,69,1035,1381454,256,512,67108864,256
J,append-growth-snapshot-control-o3,1,256,256,rust-vec,5,1,15,983040,360,69,0,1749,256,256,67108864,256
J,append-growth-o3,1,256,256,cpp-std-vector,6,0,15,983040,360,69,1035,1389836,256,512,67108864,256
J,append-growth-snapshot-control-o3,1,256,256,cpp-std-vector,6,1,15,983040,360,69,0,2037,256,256,67108864,256
J,append-growth-o3,1,256,256,rust-vec,6,0,15,983040,360,69,1035,1377582,256,512,67108864,256
J,append-growth-snapshot-control-o3,1,256,256,rust-vec,6,1,15,983040,360,69,0,1961,256,256,67108864,256
J,append-growth-o3,1,256,256,whitefoot,6,0,15,983040,360,69,1035,1370747,256,512,67108864,256
J,append-growth-snapshot-control-o3,1,256,256,whitefoot,6,1,15,983040,360,69,0,1584,256,256,67108864,256
J,append-growth-o3,1,256,256,rust-vec,7,0,15,983040,360,69,1035,1385371,256,512,67108864,256
J,append-growth-snapshot-control-o3,1,256,256,rust-vec,7,1,15,983040,360,69,0,1833,256,256,67108864,256
J,append-growth-o3,1,256,256,whitefoot,7,0,15,983040,360,69,1035,1346958,256,512,67108864,256
J,append-growth-snapshot-control-o3,1,256,256,whitefoot,7,1,15,983040,360,69,0,1584,256,256,67108864,256
J,append-growth-o3,1,256,256,cpp-std-vector,7,0,15,983040,360,69,1035,1373292,256,512,67108864,256
J,append-growth-snapshot-control-o3,1,256,256,cpp-std-vector,7,1,15,983040,360,69,0,2044,256,256,67108864,256
J,append-growth-o3,1,256,256,whitefoot,8,0,15,983040,360,69,1035,1363547,256,512,67108864,256
J,append-growth-snapshot-control-o3,1,256,256,whitefoot,8,1,15,983040,360,69,0,1458,256,256,67108864,256
J,append-growth-o3,1,256,256,cpp-std-vector,8,0,15,983040,360,69,1035,1352330,256,512,67108864,256
J,append-growth-snapshot-control-o3,1,256,256,cpp-std-vector,8,1,15,983040,360,69,0,1998,256,256,67108864,256
J,append-growth-o3,1,256,256,rust-vec,8,0,15,983040,360,69,1035,1361207,256,512,67108864,256
J,append-growth-snapshot-control-o3,1,256,256,rust-vec,8,1,15,983040,360,69,0,1872,256,256,67108864,256
J,append-growth-o3,0,256,4096,whitefoot,0,0,1,1048576,24,8191,8191,1335852,4096,8192,8589934592,256
J,append-growth-snapshot-control-o3,0,256,4096,whitefoot,0,1,1,1048576,24,8191,0,142897,4096,4096,8589934592,256
J,append-growth-o3,0,256,4096,rust-vec,0,0,1,1048576,24,8191,8191,1311703,4096,8192,8589934592,256
J,append-growth-snapshot-control-o3,0,256,4096,rust-vec,0,1,1,1048576,24,8191,0,140821,4096,4096,8589934592,256
J,append-growth-o3,0,256,4096,cpp-std-vector,0,0,1,1048576,24,8191,8191,122200034,4096,8192,8589934592,256
J,append-growth-snapshot-control-o3,0,256,4096,cpp-std-vector,0,1,1,1048576,24,8191,0,132790,4096,4096,8589934592,256
J,append-growth-o3,0,256,4096,rust-vec,1,0,1,1048576,24,8191,8191,1376295,4096,8192,8589934592,256
J,append-growth-snapshot-control-o3,0,256,4096,rust-vec,1,1,1,1048576,24,8191,0,131706,4096,4096,8589934592,256
J,append-growth-o3,0,256,4096,cpp-std-vector,1,0,1,1048576,24,8191,8191,121992677,4096,8192,8589934592,256
J,append-growth-snapshot-control-o3,0,256,4096,cpp-std-vector,1,1,1,1048576,24,8191,0,138700,4096,4096,8589934592,256
J,append-growth-o3,0,256,4096,whitefoot,1,0,1,1048576,24,8191,8191,1269604,4096,8192,8589934592,256
J,append-growth-snapshot-control-o3,0,256,4096,whitefoot,1,1,1,1048576,24,8191,0,143554,4096,4096,8589934592,256
J,append-growth-o3,0,256,4096,cpp-std-vector,2,0,1,1048576,24,8191,8191,121244238,4096,8192,8589934592,256
J,append-growth-snapshot-control-o3,0,256,4096,cpp-std-vector,2,1,1,1048576,24,8191,0,133527,4096,4096,8589934592,256
J,append-growth-o3,0,256,4096,whitefoot,2,0,1,1048576,24,8191,8191,1257877,4096,8192,8589934592,256
J,append-growth-snapshot-control-o3,0,256,4096,whitefoot,2,1,1,1048576,24,8191,0,136603,4096,4096,8589934592,256
J,append-growth-o3,0,256,4096,rust-vec,2,0,1,1048576,24,8191,8191,1376021,4096,8192,8589934592,256
J,append-growth-snapshot-control-o3,0,256,4096,rust-vec,2,1,1,1048576,24,8191,0,131631,4096,4096,8589934592,256
J,append-growth-o3,0,256,4096,whitefoot,3,0,1,1048576,24,8191,8191,1272572,4096,8192,8589934592,256
J,append-growth-snapshot-control-o3,0,256,4096,whitefoot,3,1,1,1048576,24,8191,0,146655,4096,4096,8589934592,256
J,append-growth-o3,0,256,4096,rust-vec,3,0,1,1048576,24,8191,8191,1302714,4096,8192,8589934592,256
J,append-growth-snapshot-control-o3,0,256,4096,rust-vec,3,1,1,1048576,24,8191,0,130735,4096,4096,8589934592,256
J,append-growth-o3,0,256,4096,cpp-std-vector,3,0,1,1048576,24,8191,8191,122603333,4096,8192,8589934592,256
J,append-growth-snapshot-control-o3,0,256,4096,cpp-std-vector,3,1,1,1048576,24,8191,0,131946,4096,4096,8589934592,256
J,append-growth-o3,0,256,4096,rust-vec,4,0,1,1048576,24,8191,8191,1349697,4096,8192,8589934592,256
J,append-growth-snapshot-control-o3,0,256,4096,rust-vec,4,1,1,1048576,24,8191,0,134588,4096,4096,8589934592,256
J,append-growth-o3,0,256,4096,cpp-std-vector,4,0,1,1048576,24,8191,8191,121794432,4096,8192,8589934592,256
J,append-growth-snapshot-control-o3,0,256,4096,cpp-std-vector,4,1,1,1048576,24,8191,0,134291,4096,4096,8589934592,256
J,append-growth-o3,0,256,4096,whitefoot,4,0,1,1048576,24,8191,8191,1244268,4096,8192,8589934592,256
J,append-growth-snapshot-control-o3,0,256,4096,whitefoot,4,1,1,1048576,24,8191,0,142757,4096,4096,8589934592,256
J,append-growth-o3,0,256,4096,cpp-std-vector,5,0,1,1048576,24,8191,8191,121789138,4096,8192,8589934592,256
J,append-growth-snapshot-control-o3,0,256,4096,cpp-std-vector,5,1,1,1048576,24,8191,0,133304,4096,4096,8589934592,256
J,append-growth-o3,0,256,4096,whitefoot,5,0,1,1048576,24,8191,8191,1265164,4096,8192,8589934592,256
J,append-growth-snapshot-control-o3,0,256,4096,whitefoot,5,1,1,1048576,24,8191,0,136489,4096,4096,8589934592,256
J,append-growth-o3,0,256,4096,rust-vec,5,0,1,1048576,24,8191,8191,1317968,4096,8192,8589934592,256
J,append-growth-snapshot-control-o3,0,256,4096,rust-vec,5,1,1,1048576,24,8191,0,129498,4096,4096,8589934592,256
J,append-growth-o3,0,256,4096,whitefoot,6,0,1,1048576,24,8191,8191,1282792,4096,8192,8589934592,256
J,append-growth-snapshot-control-o3,0,256,4096,whitefoot,6,1,1,1048576,24,8191,0,136046,4096,4096,8589934592,256
J,append-growth-o3,0,256,4096,rust-vec,6,0,1,1048576,24,8191,8191,1372670,4096,8192,8589934592,256
J,append-growth-snapshot-control-o3,0,256,4096,rust-vec,6,1,1,1048576,24,8191,0,131004,4096,4096,8589934592,256
J,append-growth-o3,0,256,4096,cpp-std-vector,6,0,1,1048576,24,8191,8191,121441623,4096,8192,8589934592,256
J,append-growth-snapshot-control-o3,0,256,4096,cpp-std-vector,6,1,1,1048576,24,8191,0,134655,4096,4096,8589934592,256
J,append-growth-o3,0,256,4096,rust-vec,7,0,1,1048576,24,8191,8191,1308939,4096,8192,8589934592,256
J,append-growth-snapshot-control-o3,0,256,4096,rust-vec,7,1,1,1048576,24,8191,0,135293,4096,4096,8589934592,256
J,append-growth-o3,0,256,4096,cpp-std-vector,7,0,1,1048576,24,8191,8191,122240629,4096,8192,8589934592,256
J,append-growth-snapshot-control-o3,0,256,4096,cpp-std-vector,7,1,1,1048576,24,8191,0,134734,4096,4096,8589934592,256
J,append-growth-o3,0,256,4096,whitefoot,7,0,1,1048576,24,8191,8191,1284177,4096,8192,8589934592,256
J,append-growth-snapshot-control-o3,0,256,4096,whitefoot,7,1,1,1048576,24,8191,0,139376,4096,4096,8589934592,256
J,append-growth-o3,0,256,4096,cpp-std-vector,8,0,1,1048576,24,8191,8191,123801444,4096,8192,8589934592,256
J,append-growth-snapshot-control-o3,0,256,4096,cpp-std-vector,8,1,1,1048576,24,8191,0,139696,4096,4096,8589934592,256
J,append-growth-o3,0,256,4096,whitefoot,8,0,1,1048576,24,8191,8191,1255107,4096,8192,8589934592,256
J,append-growth-snapshot-control-o3,0,256,4096,whitefoot,8,1,1,1048576,24,8191,0,138257,4096,4096,8589934592,256
J,append-growth-o3,0,256,4096,rust-vec,8,0,1,1048576,24,8191,8191,1319031,4096,8192,8589934592,256
J,append-growth-snapshot-control-o3,0,256,4096,rust-vec,8,1,1,1048576,24,8191,0,132811,4096,4096,8589934592,256
J,append-growth-o3,1,256,4096,cpp-std-vector,0,0,1,1048576,24,8191,8191,121936801,4096,8192,8589934592,256
J,append-growth-snapshot-control-o3,1,256,4096,cpp-std-vector,0,1,1,1048576,24,8191,0,132417,4096,4096,8589934592,256
J,append-growth-o3,1,256,4096,rust-vec,0,0,1,1048576,24,8191,8191,1308766,4096,8192,8589934592,256
J,append-growth-snapshot-control-o3,1,256,4096,rust-vec,0,1,1,1048576,24,8191,0,134127,4096,4096,8589934592,256
J,append-growth-o3,1,256,4096,whitefoot,0,0,1,1048576,24,8191,8191,1257699,4096,8192,8589934592,256
J,append-growth-snapshot-control-o3,1,256,4096,whitefoot,0,1,1,1048576,24,8191,0,139445,4096,4096,8589934592,256
J,append-growth-o3,1,256,4096,rust-vec,1,0,1,1048576,24,8191,8191,1364071,4096,8192,8589934592,256
J,append-growth-snapshot-control-o3,1,256,4096,rust-vec,1,1,1,1048576,24,8191,0,136087,4096,4096,8589934592,256
J,append-growth-o3,1,256,4096,whitefoot,1,0,1,1048576,24,8191,8191,1251980,4096,8192,8589934592,256
J,append-growth-snapshot-control-o3,1,256,4096,whitefoot,1,1,1,1048576,24,8191,0,140980,4096,4096,8589934592,256
J,append-growth-o3,1,256,4096,cpp-std-vector,1,0,1,1048576,24,8191,8191,121755305,4096,8192,8589934592,256
J,append-growth-snapshot-control-o3,1,256,4096,cpp-std-vector,1,1,1,1048576,24,8191,0,131870,4096,4096,8589934592,256
J,append-growth-o3,1,256,4096,whitefoot,2,0,1,1048576,24,8191,8191,1278775,4096,8192,8589934592,256
J,append-growth-snapshot-control-o3,1,256,4096,whitefoot,2,1,1,1048576,24,8191,0,137206,4096,4096,8589934592,256
J,append-growth-o3,1,256,4096,cpp-std-vector,2,0,1,1048576,24,8191,8191,123288432,4096,8192,8589934592,256
J,append-growth-snapshot-control-o3,1,256,4096,cpp-std-vector,2,1,1,1048576,24,8191,0,135961,4096,4096,8589934592,256
J,append-growth-o3,1,256,4096,rust-vec,2,0,1,1048576,24,8191,8191,1301565,4096,8192,8589934592,256
J,append-growth-snapshot-control-o3,1,256,4096,rust-vec,2,1,1,1048576,24,8191,0,130982,4096,4096,8589934592,256
J,append-growth-o3,1,256,4096,cpp-std-vector,3,0,1,1048576,24,8191,8191,124174283,4096,8192,8589934592,256
J,append-growth-snapshot-control-o3,1,256,4096,cpp-std-vector,3,1,1,1048576,24,8191,0,136376,4096,4096,8589934592,256
J,append-growth-o3,1,256,4096,rust-vec,3,0,1,1048576,24,8191,8191,1299922,4096,8192,8589934592,256
J,append-growth-snapshot-control-o3,1,256,4096,rust-vec,3,1,1,1048576,24,8191,0,132364,4096,4096,8589934592,256
J,append-growth-o3,1,256,4096,whitefoot,3,0,1,1048576,24,8191,8191,1260236,4096,8192,8589934592,256
J,append-growth-snapshot-control-o3,1,256,4096,whitefoot,3,1,1,1048576,24,8191,0,140787,4096,4096,8589934592,256
J,append-growth-o3,1,256,4096,rust-vec,4,0,1,1048576,24,8191,8191,1301984,4096,8192,8589934592,256
J,append-growth-snapshot-control-o3,1,256,4096,rust-vec,4,1,1,1048576,24,8191,0,132025,4096,4096,8589934592,256
J,append-growth-o3,1,256,4096,whitefoot,4,0,1,1048576,24,8191,8191,1310040,4096,8192,8589934592,256
J,append-growth-snapshot-control-o3,1,256,4096,whitefoot,4,1,1,1048576,24,8191,0,140242,4096,4096,8589934592,256
J,append-growth-o3,1,256,4096,cpp-std-vector,4,0,1,1048576,24,8191,8191,121712422,4096,8192,8589934592,256
J,append-growth-snapshot-control-o3,1,256,4096,cpp-std-vector,4,1,1,1048576,24,8191,0,133971,4096,4096,8589934592,256
J,append-growth-o3,1,256,4096,whitefoot,5,0,1,1048576,24,8191,8191,1265501,4096,8192,8589934592,256
J,append-growth-snapshot-control-o3,1,256,4096,whitefoot,5,1,1,1048576,24,8191,0,140503,4096,4096,8589934592,256
J,append-growth-o3,1,256,4096,cpp-std-vector,5,0,1,1048576,24,8191,8191,122901151,4096,8192,8589934592,256
J,append-growth-snapshot-control-o3,1,256,4096,cpp-std-vector,5,1,1,1048576,24,8191,0,134140,4096,4096,8589934592,256
J,append-growth-o3,1,256,4096,rust-vec,5,0,1,1048576,24,8191,8191,1354121,4096,8192,8589934592,256
J,append-growth-snapshot-control-o3,1,256,4096,rust-vec,5,1,1,1048576,24,8191,0,131446,4096,4096,8589934592,256
J,append-growth-o3,1,256,4096,cpp-std-vector,6,0,1,1048576,24,8191,8191,122283156,4096,8192,8589934592,256
J,append-growth-snapshot-control-o3,1,256,4096,cpp-std-vector,6,1,1,1048576,24,8191,0,131203,4096,4096,8589934592,256
J,append-growth-o3,1,256,4096,rust-vec,6,0,1,1048576,24,8191,8191,1327957,4096,8192,8589934592,256
J,append-growth-snapshot-control-o3,1,256,4096,rust-vec,6,1,1,1048576,24,8191,0,132783,4096,4096,8589934592,256
J,append-growth-o3,1,256,4096,whitefoot,6,0,1,1048576,24,8191,8191,1283031,4096,8192,8589934592,256
J,append-growth-snapshot-control-o3,1,256,4096,whitefoot,6,1,1,1048576,24,8191,0,139760,4096,4096,8589934592,256
J,append-growth-o3,1,256,4096,rust-vec,7,0,1,1048576,24,8191,8191,1324909,4096,8192,8589934592,256
J,append-growth-snapshot-control-o3,1,256,4096,rust-vec,7,1,1,1048576,24,8191,0,130532,4096,4096,8589934592,256
J,append-growth-o3,1,256,4096,whitefoot,7,0,1,1048576,24,8191,8191,1287584,4096,8192,8589934592,256
J,append-growth-snapshot-control-o3,1,256,4096,whitefoot,7,1,1,1048576,24,8191,0,137376,4096,4096,8589934592,256
J,append-growth-o3,1,256,4096,cpp-std-vector,7,0,1,1048576,24,8191,8191,122331549,4096,8192,8589934592,256
J,append-growth-snapshot-control-o3,1,256,4096,cpp-std-vector,7,1,1,1048576,24,8191,0,129741,4096,4096,8589934592,256
J,append-growth-o3,1,256,4096,whitefoot,8,0,1,1048576,24,8191,8191,1275984,4096,8192,8589934592,256
J,append-growth-snapshot-control-o3,1,256,4096,whitefoot,8,1,1,1048576,24,8191,0,139770,4096,4096,8589934592,256
J,append-growth-o3,1,256,4096,cpp-std-vector,8,0,1,1048576,24,8191,8191,123071020,4096,8192,8589934592,256
J,append-growth-snapshot-control-o3,1,256,4096,cpp-std-vector,8,1,1,1048576,24,8191,0,137614,4096,4096,8589934592,256
J,append-growth-o3,1,256,4096,rust-vec,8,0,1,1048576,24,8191,8191,1321496,4096,8192,8589934592,256
J,append-growth-snapshot-control-o3,1,256,4096,rust-vec,8,1,1,1048576,24,8191,0,135452,4096,4096,8589934592,256
