run,contract,cohort,element_bytes,count,variant,sample,control,contexts,payload_bytes,descriptor_bytes,cycles,operations,elapsed_ns
control1,append-spare-o3,0,8,16,whitefoot,0,0,1024,131072,24576,256,4194304,1973000
control1,append-spare-o3,0,8,16,whitefoot,0,1,1024,131072,24576,256,0,325000
control1,append-spare-o3,0,8,16,rust-vec,0,0,1024,131072,24576,256,4194304,1951000
control1,append-spare-o3,0,8,16,rust-vec,0,1,1024,131072,24576,256,0,331000
control1,append-spare-o3,0,8,16,cpp-std-vector,0,0,1024,131072,24576,256,4194304,4244000
control1,append-spare-o3,0,8,16,cpp-std-vector,0,1,1024,131072,24576,256,0,323000
control1,append-spare-o3,0,8,16,rust-vec,1,0,1024,131072,24576,256,4194304,1946000
control1,append-spare-o3,0,8,16,rust-vec,1,1,1024,131072,24576,256,0,334000
control1,append-spare-o3,0,8,16,cpp-std-vector,1,0,1024,131072,24576,256,4194304,4230000
control1,append-spare-o3,0,8,16,cpp-std-vector,1,1,1024,131072,24576,256,0,331000
control1,append-spare-o3,0,8,16,whitefoot,1,0,1024,131072,24576,256,4194304,1978000
control1,append-spare-o3,0,8,16,whitefoot,1,1,1024,131072,24576,256,0,329000
control1,append-spare-o3,0,8,16,cpp-std-vector,2,0,1024,131072,24576,256,4194304,4230000
control1,append-spare-o3,0,8,16,cpp-std-vector,2,1,1024,131072,24576,256,0,338000
control1,append-spare-o3,0,8,16,whitefoot,2,0,1024,131072,24576,256,4194304,2062000
control1,append-spare-o3,0,8,16,whitefoot,2,1,1024,131072,24576,256,0,333000
control1,append-spare-o3,0,8,16,rust-vec,2,0,1024,131072,24576,256,4194304,1980000
control1,append-spare-o3,0,8,16,rust-vec,2,1,1024,131072,24576,256,0,336000
control1,append-spare-o3,0,8,16,whitefoot,3,0,1024,131072,24576,256,4194304,1983000
control1,append-spare-o3,0,8,16,whitefoot,3,1,1024,131072,24576,256,0,337000
control1,append-spare-o3,0,8,16,rust-vec,3,0,1024,131072,24576,256,4194304,1973000
control1,append-spare-o3,0,8,16,rust-vec,3,1,1024,131072,24576,256,0,337000
control1,append-spare-o3,0,8,16,cpp-std-vector,3,0,1024,131072,24576,256,4194304,4215000
control1,append-spare-o3,0,8,16,cpp-std-vector,3,1,1024,131072,24576,256,0,329000
control1,append-spare-o3,0,8,16,rust-vec,4,0,1024,131072,24576,256,4194304,1955000
control1,append-spare-o3,0,8,16,rust-vec,4,1,1024,131072,24576,256,0,329000
control1,append-spare-o3,0,8,16,cpp-std-vector,4,0,1024,131072,24576,256,4194304,4190000
control1,append-spare-o3,0,8,16,cpp-std-vector,4,1,1024,131072,24576,256,0,332000
control1,append-spare-o3,0,8,16,whitefoot,4,0,1024,131072,24576,256,4194304,2005000
control1,append-spare-o3,0,8,16,whitefoot,4,1,1024,131072,24576,256,0,338000
control1,append-spare-o3,0,8,16,cpp-std-vector,5,0,1024,131072,24576,256,4194304,4231000
control1,append-spare-o3,0,8,16,cpp-std-vector,5,1,1024,131072,24576,256,0,325000
control1,append-spare-o3,0,8,16,whitefoot,5,0,1024,131072,24576,256,4194304,2007000
control1,append-spare-o3,0,8,16,whitefoot,5,1,1024,131072,24576,256,0,340000
control1,append-spare-o3,0,8,16,rust-vec,5,0,1024,131072,24576,256,4194304,2062000
control1,append-spare-o3,0,8,16,rust-vec,5,1,1024,131072,24576,256,0,363000
control1,append-spare-o3,0,8,16,whitefoot,6,0,1024,131072,24576,256,4194304,2289000
control1,append-spare-o3,0,8,16,whitefoot,6,1,1024,131072,24576,256,0,335000
control1,append-spare-o3,0,8,16,rust-vec,6,0,1024,131072,24576,256,4194304,1983000
control1,append-spare-o3,0,8,16,rust-vec,6,1,1024,131072,24576,256,0,332000
control1,append-spare-o3,0,8,16,cpp-std-vector,6,0,1024,131072,24576,256,4194304,4228000
control1,append-spare-o3,0,8,16,cpp-std-vector,6,1,1024,131072,24576,256,0,329000
control1,append-spare-o3,1,8,16,cpp-std-vector,0,0,1024,131072,24576,256,4194304,4236000
control1,append-spare-o3,1,8,16,cpp-std-vector,0,1,1024,131072,24576,256,0,329000
control1,append-spare-o3,1,8,16,rust-vec,0,0,1024,131072,24576,256,4194304,1951000
control1,append-spare-o3,1,8,16,rust-vec,0,1,1024,131072,24576,256,0,326000
control1,append-spare-o3,1,8,16,whitefoot,0,0,1024,131072,24576,256,4194304,1968000
control1,append-spare-o3,1,8,16,whitefoot,0,1,1024,131072,24576,256,0,349000
control1,append-spare-o3,1,8,16,rust-vec,1,0,1024,131072,24576,256,4194304,1959000
control1,append-spare-o3,1,8,16,rust-vec,1,1,1024,131072,24576,256,0,332000
control1,append-spare-o3,1,8,16,whitefoot,1,0,1024,131072,24576,256,4194304,1975000
control1,append-spare-o3,1,8,16,whitefoot,1,1,1024,131072,24576,256,0,329000
control1,append-spare-o3,1,8,16,cpp-std-vector,1,0,1024,131072,24576,256,4194304,4212000
control1,append-spare-o3,1,8,16,cpp-std-vector,1,1,1024,131072,24576,256,0,327000
control1,append-spare-o3,1,8,16,whitefoot,2,0,1024,131072,24576,256,4194304,1969000
control1,append-spare-o3,1,8,16,whitefoot,2,1,1024,131072,24576,256,0,332000
control1,append-spare-o3,1,8,16,cpp-std-vector,2,0,1024,131072,24576,256,4194304,4272000
control1,append-spare-o3,1,8,16,cpp-std-vector,2,1,1024,131072,24576,256,0,329000
control1,append-spare-o3,1,8,16,rust-vec,2,0,1024,131072,24576,256,4194304,1951000
control1,append-spare-o3,1,8,16,rust-vec,2,1,1024,131072,24576,256,0,327000
control1,append-spare-o3,1,8,16,cpp-std-vector,3,0,1024,131072,24576,256,4194304,4214000
control1,append-spare-o3,1,8,16,cpp-std-vector,3,1,1024,131072,24576,256,0,330000
control1,append-spare-o3,1,8,16,rust-vec,3,0,1024,131072,24576,256,4194304,1959000
control1,append-spare-o3,1,8,16,rust-vec,3,1,1024,131072,24576,256,0,331000
control1,append-spare-o3,1,8,16,whitefoot,3,0,1024,131072,24576,256,4194304,2019000
control1,append-spare-o3,1,8,16,whitefoot,3,1,1024,131072,24576,256,0,341000
control1,append-spare-o3,1,8,16,rust-vec,4,0,1024,131072,24576,256,4194304,2032000
control1,append-spare-o3,1,8,16,rust-vec,4,1,1024,131072,24576,256,0,352000
control1,append-spare-o3,1,8,16,whitefoot,4,0,1024,131072,24576,256,4194304,2019000
control1,append-spare-o3,1,8,16,whitefoot,4,1,1024,131072,24576,256,0,340000
control1,append-spare-o3,1,8,16,cpp-std-vector,4,0,1024,131072,24576,256,4194304,4362000
control1,append-spare-o3,1,8,16,cpp-std-vector,4,1,1024,131072,24576,256,0,337000
control1,append-spare-o3,1,8,16,whitefoot,5,0,1024,131072,24576,256,4194304,1984000
control1,append-spare-o3,1,8,16,whitefoot,5,1,1024,131072,24576,256,0,329000
control1,append-spare-o3,1,8,16,cpp-std-vector,5,0,1024,131072,24576,256,4194304,4233000
control1,append-spare-o3,1,8,16,cpp-std-vector,5,1,1024,131072,24576,256,0,330000
control1,append-spare-o3,1,8,16,rust-vec,5,0,1024,131072,24576,256,4194304,1985000
control1,append-spare-o3,1,8,16,rust-vec,5,1,1024,131072,24576,256,0,325000
control1,append-spare-o3,1,8,16,cpp-std-vector,6,0,1024,131072,24576,256,4194304,4207000
control1,append-spare-o3,1,8,16,cpp-std-vector,6,1,1024,131072,24576,256,0,328000
control1,append-spare-o3,1,8,16,rust-vec,6,0,1024,131072,24576,256,4194304,1945000
control1,append-spare-o3,1,8,16,rust-vec,6,1,1024,131072,24576,256,0,328000
control1,append-spare-o3,1,8,16,whitefoot,6,0,1024,131072,24576,256,4194304,1976000
control1,append-spare-o3,1,8,16,whitefoot,6,1,1024,131072,24576,256,0,331000
control1,append-spare-o3,0,8,256,whitefoot,0,0,512,1048576,12288,32,4194304,2076000
control1,append-spare-o3,0,8,256,whitefoot,0,1,512,1048576,12288,32,0,19000
control1,append-spare-o3,0,8,256,rust-vec,0,0,512,1048576,12288,32,4194304,1796000
control1,append-spare-o3,0,8,256,rust-vec,0,1,512,1048576,12288,32,0,20000
control1,append-spare-o3,0,8,256,cpp-std-vector,0,0,512,1048576,12288,32,4194304,3810000
control1,append-spare-o3,0,8,256,cpp-std-vector,0,1,512,1048576,12288,32,0,21000
control1,append-spare-o3,0,8,256,rust-vec,1,0,512,1048576,12288,32,4194304,1788000
control1,append-spare-o3,0,8,256,rust-vec,1,1,512,1048576,12288,32,0,20000
control1,append-spare-o3,0,8,256,cpp-std-vector,1,0,512,1048576,12288,32,4194304,3979000
control1,append-spare-o3,0,8,256,cpp-std-vector,1,1,512,1048576,12288,32,0,22000
control1,append-spare-o3,0,8,256,whitefoot,1,0,512,1048576,12288,32,4194304,2101000
control1,append-spare-o3,0,8,256,whitefoot,1,1,512,1048576,12288,32,0,22000
control1,append-spare-o3,0,8,256,cpp-std-vector,2,0,512,1048576,12288,32,4194304,3865000
control1,append-spare-o3,0,8,256,cpp-std-vector,2,1,512,1048576,12288,32,0,21000
control1,append-spare-o3,0,8,256,whitefoot,2,0,512,1048576,12288,32,4194304,2108000
control1,append-spare-o3,0,8,256,whitefoot,2,1,512,1048576,12288,32,0,24000
control1,append-spare-o3,0,8,256,rust-vec,2,0,512,1048576,12288,32,4194304,1946000
control1,append-spare-o3,0,8,256,rust-vec,2,1,512,1048576,12288,32,0,21000
control1,append-spare-o3,0,8,256,whitefoot,3,0,512,1048576,12288,32,4194304,2097000
control1,append-spare-o3,0,8,256,whitefoot,3,1,512,1048576,12288,32,0,17000
control1,append-spare-o3,0,8,256,rust-vec,3,0,512,1048576,12288,32,4194304,1819000
control1,append-spare-o3,0,8,256,rust-vec,3,1,512,1048576,12288,32,0,20000
control1,append-spare-o3,0,8,256,cpp-std-vector,3,0,512,1048576,12288,32,4194304,3870000
control1,append-spare-o3,0,8,256,cpp-std-vector,3,1,512,1048576,12288,32,0,20000
control1,append-spare-o3,0,8,256,rust-vec,4,0,512,1048576,12288,32,4194304,1775000
control1,append-spare-o3,0,8,256,rust-vec,4,1,512,1048576,12288,32,0,22000
control1,append-spare-o3,0,8,256,cpp-std-vector,4,0,512,1048576,12288,32,4194304,3830000
control1,append-spare-o3,0,8,256,cpp-std-vector,4,1,512,1048576,12288,32,0,21000
control1,append-spare-o3,0,8,256,whitefoot,4,0,512,1048576,12288,32,4194304,2070000
control1,append-spare-o3,0,8,256,whitefoot,4,1,512,1048576,12288,32,0,22000
control1,append-spare-o3,0,8,256,cpp-std-vector,5,0,512,1048576,12288,32,4194304,3960000
control1,append-spare-o3,0,8,256,cpp-std-vector,5,1,512,1048576,12288,32,0,20000
control1,append-spare-o3,0,8,256,whitefoot,5,0,512,1048576,12288,32,4194304,2168000
control1,append-spare-o3,0,8,256,whitefoot,5,1,512,1048576,12288,32,0,24000
control1,append-spare-o3,0,8,256,rust-vec,5,0,512,1048576,12288,32,4194304,1771000
control1,append-spare-o3,0,8,256,rust-vec,5,1,512,1048576,12288,32,0,21000
control1,append-spare-o3,0,8,256,whitefoot,6,0,512,1048576,12288,32,4194304,2097000
control1,append-spare-o3,0,8,256,whitefoot,6,1,512,1048576,12288,32,0,21000
control1,append-spare-o3,0,8,256,rust-vec,6,0,512,1048576,12288,32,4194304,1779000
control1,append-spare-o3,0,8,256,rust-vec,6,1,512,1048576,12288,32,0,21000
control1,append-spare-o3,0,8,256,cpp-std-vector,6,0,512,1048576,12288,32,4194304,3909000
control1,append-spare-o3,0,8,256,cpp-std-vector,6,1,512,1048576,12288,32,0,19000
control1,append-spare-o3,1,8,256,cpp-std-vector,0,0,512,1048576,12288,32,4194304,3920000
control1,append-spare-o3,1,8,256,cpp-std-vector,0,1,512,1048576,12288,32,0,21000
control1,append-spare-o3,1,8,256,rust-vec,0,0,512,1048576,12288,32,4194304,1778000
control1,append-spare-o3,1,8,256,rust-vec,0,1,512,1048576,12288,32,0,20000
control1,append-spare-o3,1,8,256,whitefoot,0,0,512,1048576,12288,32,4194304,2089000
control1,append-spare-o3,1,8,256,whitefoot,0,1,512,1048576,12288,32,0,22000
control1,append-spare-o3,1,8,256,rust-vec,1,0,512,1048576,12288,32,4194304,1771000
control1,append-spare-o3,1,8,256,rust-vec,1,1,512,1048576,12288,32,0,20000
control1,append-spare-o3,1,8,256,whitefoot,1,0,512,1048576,12288,32,4194304,2101000
control1,append-spare-o3,1,8,256,whitefoot,1,1,512,1048576,12288,32,0,21000
control1,append-spare-o3,1,8,256,cpp-std-vector,1,0,512,1048576,12288,32,4194304,3963000
control1,append-spare-o3,1,8,256,cpp-std-vector,1,1,512,1048576,12288,32,0,22000
control1,append-spare-o3,1,8,256,whitefoot,2,0,512,1048576,12288,32,4194304,2111000
control1,append-spare-o3,1,8,256,whitefoot,2,1,512,1048576,12288,32,0,19000
control1,append-spare-o3,1,8,256,cpp-std-vector,2,0,512,1048576,12288,32,4194304,3909000
control1,append-spare-o3,1,8,256,cpp-std-vector,2,1,512,1048576,12288,32,0,21000
control1,append-spare-o3,1,8,256,rust-vec,2,0,512,1048576,12288,32,4194304,1767000
control1,append-spare-o3,1,8,256,rust-vec,2,1,512,1048576,12288,32,0,21000
control1,append-spare-o3,1,8,256,cpp-std-vector,3,0,512,1048576,12288,32,4194304,3900000
control1,append-spare-o3,1,8,256,cpp-std-vector,3,1,512,1048576,12288,32,0,21000
control1,append-spare-o3,1,8,256,rust-vec,3,0,512,1048576,12288,32,4194304,1771000
control1,append-spare-o3,1,8,256,rust-vec,3,1,512,1048576,12288,32,0,19000
control1,append-spare-o3,1,8,256,whitefoot,3,0,512,1048576,12288,32,4194304,2100000
control1,append-spare-o3,1,8,256,whitefoot,3,1,512,1048576,12288,32,0,42000
control1,append-spare-o3,1,8,256,rust-vec,4,0,512,1048576,12288,32,4194304,1787000
control1,append-spare-o3,1,8,256,rust-vec,4,1,512,1048576,12288,32,0,21000
control1,append-spare-o3,1,8,256,whitefoot,4,0,512,1048576,12288,32,4194304,2087000
control1,append-spare-o3,1,8,256,whitefoot,4,1,512,1048576,12288,32,0,17000
control1,append-spare-o3,1,8,256,cpp-std-vector,4,0,512,1048576,12288,32,4194304,3892000
control1,append-spare-o3,1,8,256,cpp-std-vector,4,1,512,1048576,12288,32,0,22000
control1,append-spare-o3,1,8,256,whitefoot,5,0,512,1048576,12288,32,4194304,2175000
control1,append-spare-o3,1,8,256,whitefoot,5,1,512,1048576,12288,32,0,23000
control1,append-spare-o3,1,8,256,cpp-std-vector,5,0,512,1048576,12288,32,4194304,3987000
control1,append-spare-o3,1,8,256,cpp-std-vector,5,1,512,1048576,12288,32,0,22000
control1,append-spare-o3,1,8,256,rust-vec,5,0,512,1048576,12288,32,4194304,1773000
control1,append-spare-o3,1,8,256,rust-vec,5,1,512,1048576,12288,32,0,22000
control1,append-spare-o3,1,8,256,cpp-std-vector,6,0,512,1048576,12288,32,4194304,4021000
control1,append-spare-o3,1,8,256,cpp-std-vector,6,1,512,1048576,12288,32,0,22000
control1,append-spare-o3,1,8,256,rust-vec,6,0,512,1048576,12288,32,4194304,1778000
control1,append-spare-o3,1,8,256,rust-vec,6,1,512,1048576,12288,32,0,20000
control1,append-spare-o3,1,8,256,whitefoot,6,0,512,1048576,12288,32,4194304,2087000
control1,append-spare-o3,1,8,256,whitefoot,6,1,512,1048576,12288,32,0,23000
control1,append-spare-o3,0,8,4096,whitefoot,0,0,32,1048576,768,32,4194304,4443000
control1,append-spare-o3,0,8,4096,whitefoot,0,1,32,1048576,768,32,0,3000
control1,append-spare-o3,0,8,4096,rust-vec,0,0,32,1048576,768,32,4194304,3587000
control1,append-spare-o3,0,8,4096,rust-vec,0,1,32,1048576,768,32,0,2000
control1,append-spare-o3,0,8,4096,cpp-std-vector,0,0,32,1048576,768,32,4194304,3806000
control1,append-spare-o3,0,8,4096,cpp-std-vector,0,1,32,1048576,768,32,0,2000
control1,append-spare-o3,0,8,4096,rust-vec,1,0,32,1048576,768,32,4194304,3488000
control1,append-spare-o3,0,8,4096,rust-vec,1,1,32,1048576,768,32,0,4000
control1,append-spare-o3,0,8,4096,cpp-std-vector,1,0,32,1048576,768,32,4194304,3952000
control1,append-spare-o3,0,8,4096,cpp-std-vector,1,1,32,1048576,768,32,0,2000
control1,append-spare-o3,0,8,4096,whitefoot,1,0,32,1048576,768,32,4194304,4421000
control1,append-spare-o3,0,8,4096,whitefoot,1,1,32,1048576,768,32,0,2000
control1,append-spare-o3,0,8,4096,cpp-std-vector,2,0,32,1048576,768,32,4194304,3896000
control1,append-spare-o3,0,8,4096,cpp-std-vector,2,1,32,1048576,768,32,0,1000
control1,append-spare-o3,0,8,4096,whitefoot,2,0,32,1048576,768,32,4194304,4400000
control1,append-spare-o3,0,8,4096,whitefoot,2,1,32,1048576,768,32,0,3000
control1,append-spare-o3,0,8,4096,rust-vec,2,0,32,1048576,768,32,4194304,3312000
control1,append-spare-o3,0,8,4096,rust-vec,2,1,32,1048576,768,32,0,1000
control1,append-spare-o3,0,8,4096,whitefoot,3,0,32,1048576,768,32,4194304,4431000
control1,append-spare-o3,0,8,4096,whitefoot,3,1,32,1048576,768,32,0,3000
control1,append-spare-o3,0,8,4096,rust-vec,3,0,32,1048576,768,32,4194304,3296000
control1,append-spare-o3,0,8,4096,rust-vec,3,1,32,1048576,768,32,0,0
control1,append-spare-o3,0,8,4096,cpp-std-vector,3,0,32,1048576,768,32,4194304,3917000
control1,append-spare-o3,0,8,4096,cpp-std-vector,3,1,32,1048576,768,32,0,2000
control1,append-spare-o3,0,8,4096,rust-vec,4,0,32,1048576,768,32,4194304,3646000
control1,append-spare-o3,0,8,4096,rust-vec,4,1,32,1048576,768,32,0,4000
control1,append-spare-o3,0,8,4096,cpp-std-vector,4,0,32,1048576,768,32,4194304,3962000
control1,append-spare-o3,0,8,4096,cpp-std-vector,4,1,32,1048576,768,32,0,2000
control1,append-spare-o3,0,8,4096,whitefoot,4,0,32,1048576,768,32,4194304,4421000
control1,append-spare-o3,0,8,4096,whitefoot,4,1,32,1048576,768,32,0,1000
control1,append-spare-o3,0,8,4096,cpp-std-vector,5,0,32,1048576,768,32,4194304,3918000
control1,append-spare-o3,0,8,4096,cpp-std-vector,5,1,32,1048576,768,32,0,2000
control1,append-spare-o3,0,8,4096,whitefoot,5,0,32,1048576,768,32,4194304,4698000
control1,append-spare-o3,0,8,4096,whitefoot,5,1,32,1048576,768,32,0,3000
control1,append-spare-o3,0,8,4096,rust-vec,5,0,32,1048576,768,32,4194304,4199000
control1,append-spare-o3,0,8,4096,rust-vec,5,1,32,1048576,768,32,0,1000
control1,append-spare-o3,0,8,4096,whitefoot,6,0,32,1048576,768,32,4194304,4584000
control1,append-spare-o3,0,8,4096,whitefoot,6,1,32,1048576,768,32,0,2000
control1,append-spare-o3,0,8,4096,rust-vec,6,0,32,1048576,768,32,4194304,3834000
control1,append-spare-o3,0,8,4096,rust-vec,6,1,32,1048576,768,32,0,1000
control1,append-spare-o3,0,8,4096,cpp-std-vector,6,0,32,1048576,768,32,4194304,4122000
control1,append-spare-o3,0,8,4096,cpp-std-vector,6,1,32,1048576,768,32,0,2000
control1,append-spare-o3,1,8,4096,cpp-std-vector,0,0,32,1048576,768,32,4194304,3920000
control1,append-spare-o3,1,8,4096,cpp-std-vector,0,1,32,1048576,768,32,0,4000
control1,append-spare-o3,1,8,4096,rust-vec,0,0,32,1048576,768,32,4194304,3539000
control1,append-spare-o3,1,8,4096,rust-vec,0,1,32,1048576,768,32,0,3000
control1,append-spare-o3,1,8,4096,whitefoot,0,0,32,1048576,768,32,4194304,4434000
control1,append-spare-o3,1,8,4096,whitefoot,0,1,32,1048576,768,32,0,3000
control1,append-spare-o3,1,8,4096,rust-vec,1,0,32,1048576,768,32,4194304,3450000
control1,append-spare-o3,1,8,4096,rust-vec,1,1,32,1048576,768,32,0,0
control1,append-spare-o3,1,8,4096,whitefoot,1,0,32,1048576,768,32,4194304,4429000
control1,append-spare-o3,1,8,4096,whitefoot,1,1,32,1048576,768,32,0,2000
control1,append-spare-o3,1,8,4096,cpp-std-vector,1,0,32,1048576,768,32,4194304,3979000
control1,append-spare-o3,1,8,4096,cpp-std-vector,1,1,32,1048576,768,32,0,0
control1,append-spare-o3,1,8,4096,whitefoot,2,0,32,1048576,768,32,4194304,4438000
control1,append-spare-o3,1,8,4096,whitefoot,2,1,32,1048576,768,32,0,1000
control1,append-spare-o3,1,8,4096,cpp-std-vector,2,0,32,1048576,768,32,4194304,3912000
control1,append-spare-o3,1,8,4096,cpp-std-vector,2,1,32,1048576,768,32,0,2000
control1,append-spare-o3,1,8,4096,rust-vec,2,0,32,1048576,768,32,4194304,3474000
control1,append-spare-o3,1,8,4096,rust-vec,2,1,32,1048576,768,32,0,4000
control1,append-spare-o3,1,8,4096,cpp-std-vector,3,0,32,1048576,768,32,4194304,3921000
control1,append-spare-o3,1,8,4096,cpp-std-vector,3,1,32,1048576,768,32,0,2000
control1,append-spare-o3,1,8,4096,rust-vec,3,0,32,1048576,768,32,4194304,4034000
control1,append-spare-o3,1,8,4096,rust-vec,3,1,32,1048576,768,32,0,2000
control1,append-spare-o3,1,8,4096,whitefoot,3,0,32,1048576,768,32,4194304,4701000
control1,append-spare-o3,1,8,4096,whitefoot,3,1,32,1048576,768,32,0,2000
control1,append-spare-o3,1,8,4096,rust-vec,4,0,32,1048576,768,32,4194304,3509000
control1,append-spare-o3,1,8,4096,rust-vec,4,1,32,1048576,768,32,0,4000
control1,append-spare-o3,1,8,4096,whitefoot,4,0,32,1048576,768,32,4194304,4484000
control1,append-spare-o3,1,8,4096,whitefoot,4,1,32,1048576,768,32,0,2000
control1,append-spare-o3,1,8,4096,cpp-std-vector,4,0,32,1048576,768,32,4194304,3907000
control1,append-spare-o3,1,8,4096,cpp-std-vector,4,1,32,1048576,768,32,0,0
control1,append-spare-o3,1,8,4096,whitefoot,5,0,32,1048576,768,32,4194304,4444000
control1,append-spare-o3,1,8,4096,whitefoot,5,1,32,1048576,768,32,0,1000
control1,append-spare-o3,1,8,4096,cpp-std-vector,5,0,32,1048576,768,32,4194304,3843000
control1,append-spare-o3,1,8,4096,cpp-std-vector,5,1,32,1048576,768,32,0,2000
control1,append-spare-o3,1,8,4096,rust-vec,5,0,32,1048576,768,32,4194304,3508000
control1,append-spare-o3,1,8,4096,rust-vec,5,1,32,1048576,768,32,0,4000
control1,append-spare-o3,1,8,4096,cpp-std-vector,6,0,32,1048576,768,32,4194304,3861000
control1,append-spare-o3,1,8,4096,cpp-std-vector,6,1,32,1048576,768,32,0,2000
control1,append-spare-o3,1,8,4096,rust-vec,6,0,32,1048576,768,32,4194304,3376000
control1,append-spare-o3,1,8,4096,rust-vec,6,1,32,1048576,768,32,0,0
control1,append-spare-o3,1,8,4096,whitefoot,6,0,32,1048576,768,32,4194304,4457000
control1,append-spare-o3,1,8,4096,whitefoot,6,1,32,1048576,768,32,0,3000
control1,append-spare-o3,0,256,16,whitefoot,0,0,256,1048576,6144,1024,4194304,21063000
control1,append-spare-o3,0,256,16,whitefoot,0,1,256,1048576,6144,1024,0,425000
control1,append-spare-o3,0,256,16,rust-vec,0,0,256,1048576,6144,1024,4194304,19006000
control1,append-spare-o3,0,256,16,rust-vec,0,1,256,1048576,6144,1024,0,343000
control1,append-spare-o3,0,256,16,cpp-std-vector,0,0,256,1048576,6144,1024,4194304,30079000
control1,append-spare-o3,0,256,16,cpp-std-vector,0,1,256,1048576,6144,1024,0,344000
control1,append-spare-o3,0,256,16,rust-vec,1,0,256,1048576,6144,1024,4194304,18935000
control1,append-spare-o3,0,256,16,rust-vec,1,1,256,1048576,6144,1024,0,344000
control1,append-spare-o3,0,256,16,cpp-std-vector,1,0,256,1048576,6144,1024,4194304,30311000
control1,append-spare-o3,0,256,16,cpp-std-vector,1,1,256,1048576,6144,1024,0,333000
control1,append-spare-o3,0,256,16,whitefoot,1,0,256,1048576,6144,1024,4194304,20829000
control1,append-spare-o3,0,256,16,whitefoot,1,1,256,1048576,6144,1024,0,415000
control1,append-spare-o3,0,256,16,cpp-std-vector,2,0,256,1048576,6144,1024,4194304,29856000
control1,append-spare-o3,0,256,16,cpp-std-vector,2,1,256,1048576,6144,1024,0,341000
control1,append-spare-o3,0,256,16,whitefoot,2,0,256,1048576,6144,1024,4194304,20962000
control1,append-spare-o3,0,256,16,whitefoot,2,1,256,1048576,6144,1024,0,415000
control1,append-spare-o3,0,256,16,rust-vec,2,0,256,1048576,6144,1024,4194304,19109000
control1,append-spare-o3,0,256,16,rust-vec,2,1,256,1048576,6144,1024,0,344000
control1,append-spare-o3,0,256,16,whitefoot,3,0,256,1048576,6144,1024,4194304,21082000
control1,append-spare-o3,0,256,16,whitefoot,3,1,256,1048576,6144,1024,0,419000
control1,append-spare-o3,0,256,16,rust-vec,3,0,256,1048576,6144,1024,4194304,18987000
control1,append-spare-o3,0,256,16,rust-vec,3,1,256,1048576,6144,1024,0,338000
control1,append-spare-o3,0,256,16,cpp-std-vector,3,0,256,1048576,6144,1024,4194304,30426000
control1,append-spare-o3,0,256,16,cpp-std-vector,3,1,256,1048576,6144,1024,0,349000
control1,append-spare-o3,0,256,16,rust-vec,4,0,256,1048576,6144,1024,4194304,18958000
control1,append-spare-o3,0,256,16,rust-vec,4,1,256,1048576,6144,1024,0,338000
control1,append-spare-o3,0,256,16,cpp-std-vector,4,0,256,1048576,6144,1024,4194304,29892000
control1,append-spare-o3,0,256,16,cpp-std-vector,4,1,256,1048576,6144,1024,0,339000
control1,append-spare-o3,0,256,16,whitefoot,4,0,256,1048576,6144,1024,4194304,20945000
control1,append-spare-o3,0,256,16,whitefoot,4,1,256,1048576,6144,1024,0,426000
control1,append-spare-o3,0,256,16,cpp-std-vector,5,0,256,1048576,6144,1024,4194304,29751000
control1,append-spare-o3,0,256,16,cpp-std-vector,5,1,256,1048576,6144,1024,0,339000
control1,append-spare-o3,0,256,16,whitefoot,5,0,256,1048576,6144,1024,4194304,20879000
control1,append-spare-o3,0,256,16,whitefoot,5,1,256,1048576,6144,1024,0,425000
control1,append-spare-o3,0,256,16,rust-vec,5,0,256,1048576,6144,1024,4194304,19349000
control1,append-spare-o3,0,256,16,rust-vec,5,1,256,1048576,6144,1024,0,347000
control1,append-spare-o3,0,256,16,whitefoot,6,0,256,1048576,6144,1024,4194304,20832000
control1,append-spare-o3,0,256,16,whitefoot,6,1,256,1048576,6144,1024,0,410000
control1,append-spare-o3,0,256,16,rust-vec,6,0,256,1048576,6144,1024,4194304,19100000
control1,append-spare-o3,0,256,16,rust-vec,6,1,256,1048576,6144,1024,0,353000
control1,append-spare-o3,0,256,16,cpp-std-vector,6,0,256,1048576,6144,1024,4194304,30627000
control1,append-spare-o3,0,256,16,cpp-std-vector,6,1,256,1048576,6144,1024,0,337000
control1,append-spare-o3,1,256,16,cpp-std-vector,0,0,256,1048576,6144,1024,4194304,30024000
control1,append-spare-o3,1,256,16,cpp-std-vector,0,1,256,1048576,6144,1024,0,343000
control1,append-spare-o3,1,256,16,rust-vec,0,0,256,1048576,6144,1024,4194304,19120000
control1,append-spare-o3,1,256,16,rust-vec,0,1,256,1048576,6144,1024,0,341000
control1,append-spare-o3,1,256,16,whitefoot,0,0,256,1048576,6144,1024,4194304,20979000
control1,append-spare-o3,1,256,16,whitefoot,0,1,256,1048576,6144,1024,0,422000
control1,append-spare-o3,1,256,16,rust-vec,1,0,256,1048576,6144,1024,4194304,20437000
control1,append-spare-o3,1,256,16,rust-vec,1,1,256,1048576,6144,1024,0,354000
control1,append-spare-o3,1,256,16,whitefoot,1,0,256,1048576,6144,1024,4194304,21025000
control1,append-spare-o3,1,256,16,whitefoot,1,1,256,1048576,6144,1024,0,414000
control1,append-spare-o3,1,256,16,cpp-std-vector,1,0,256,1048576,6144,1024,4194304,29794000
control1,append-spare-o3,1,256,16,cpp-std-vector,1,1,256,1048576,6144,1024,0,356000
control1,append-spare-o3,1,256,16,whitefoot,2,0,256,1048576,6144,1024,4194304,20984000
control1,append-spare-o3,1,256,16,whitefoot,2,1,256,1048576,6144,1024,0,419000
control1,append-spare-o3,1,256,16,cpp-std-vector,2,0,256,1048576,6144,1024,4194304,29989000
control1,append-spare-o3,1,256,16,cpp-std-vector,2,1,256,1048576,6144,1024,0,338000
control1,append-spare-o3,1,256,16,rust-vec,2,0,256,1048576,6144,1024,4194304,19110000
control1,append-spare-o3,1,256,16,rust-vec,2,1,256,1048576,6144,1024,0,341000
control1,append-spare-o3,1,256,16,cpp-std-vector,3,0,256,1048576,6144,1024,4194304,30449000
control1,append-spare-o3,1,256,16,cpp-std-vector,3,1,256,1048576,6144,1024,0,369000
control1,append-spare-o3,1,256,16,rust-vec,3,0,256,1048576,6144,1024,4194304,19277000
control1,append-spare-o3,1,256,16,rust-vec,3,1,256,1048576,6144,1024,0,338000
control1,append-spare-o3,1,256,16,whitefoot,3,0,256,1048576,6144,1024,4194304,20786000
control1,append-spare-o3,1,256,16,whitefoot,3,1,256,1048576,6144,1024,0,404000
control1,append-spare-o3,1,256,16,rust-vec,4,0,256,1048576,6144,1024,4194304,18976000
control1,append-spare-o3,1,256,16,rust-vec,4,1,256,1048576,6144,1024,0,346000
control1,append-spare-o3,1,256,16,whitefoot,4,0,256,1048576,6144,1024,4194304,20939000
control1,append-spare-o3,1,256,16,whitefoot,4,1,256,1048576,6144,1024,0,423000
control1,append-spare-o3,1,256,16,cpp-std-vector,4,0,256,1048576,6144,1024,4194304,29982000
control1,append-spare-o3,1,256,16,cpp-std-vector,4,1,256,1048576,6144,1024,0,342000
control1,append-spare-o3,1,256,16,whitefoot,5,0,256,1048576,6144,1024,4194304,20881000
control1,append-spare-o3,1,256,16,whitefoot,5,1,256,1048576,6144,1024,0,410000
control1,append-spare-o3,1,256,16,cpp-std-vector,5,0,256,1048576,6144,1024,4194304,30528000
control1,append-spare-o3,1,256,16,cpp-std-vector,5,1,256,1048576,6144,1024,0,349000
control1,append-spare-o3,1,256,16,rust-vec,5,0,256,1048576,6144,1024,4194304,19071000
control1,append-spare-o3,1,256,16,rust-vec,5,1,256,1048576,6144,1024,0,342000
control1,append-spare-o3,1,256,16,cpp-std-vector,6,0,256,1048576,6144,1024,4194304,29885000
control1,append-spare-o3,1,256,16,cpp-std-vector,6,1,256,1048576,6144,1024,0,353000
control1,append-spare-o3,1,256,16,rust-vec,6,0,256,1048576,6144,1024,4194304,19339000
control1,append-spare-o3,1,256,16,rust-vec,6,1,256,1048576,6144,1024,0,337000
control1,append-spare-o3,1,256,16,whitefoot,6,0,256,1048576,6144,1024,4194304,20971000
control1,append-spare-o3,1,256,16,whitefoot,6,1,256,1048576,6144,1024,0,430000
control1,append-spare-o3,0,256,256,whitefoot,0,0,16,1048576,384,1024,4194304,18566000
control1,append-spare-o3,0,256,256,whitefoot,0,1,16,1048576,384,1024,0,50000
control1,append-spare-o3,0,256,256,rust-vec,0,0,16,1048576,384,1024,4194304,18610000
control1,append-spare-o3,0,256,256,rust-vec,0,1,16,1048576,384,1024,0,35000
control1,append-spare-o3,0,256,256,cpp-std-vector,0,0,16,1048576,384,1024,4194304,29825000
control1,append-spare-o3,0,256,256,cpp-std-vector,0,1,16,1048576,384,1024,0,41000
control1,append-spare-o3,0,256,256,rust-vec,1,0,16,1048576,384,1024,4194304,18083000
control1,append-spare-o3,0,256,256,rust-vec,1,1,16,1048576,384,1024,0,37000
control1,append-spare-o3,0,256,256,cpp-std-vector,1,0,16,1048576,384,1024,4194304,29857000
control1,append-spare-o3,0,256,256,cpp-std-vector,1,1,16,1048576,384,1024,0,43000
control1,append-spare-o3,0,256,256,whitefoot,1,0,16,1048576,384,1024,4194304,18692000
control1,append-spare-o3,0,256,256,whitefoot,1,1,16,1048576,384,1024,0,53000
control1,append-spare-o3,0,256,256,cpp-std-vector,2,0,16,1048576,384,1024,4194304,29858000
control1,append-spare-o3,0,256,256,cpp-std-vector,2,1,16,1048576,384,1024,0,33000
control1,append-spare-o3,0,256,256,whitefoot,2,0,16,1048576,384,1024,4194304,18920000
control1,append-spare-o3,0,256,256,whitefoot,2,1,16,1048576,384,1024,0,64000
control1,append-spare-o3,0,256,256,rust-vec,2,0,16,1048576,384,1024,4194304,18084000
control1,append-spare-o3,0,256,256,rust-vec,2,1,16,1048576,384,1024,0,36000
control1,append-spare-o3,0,256,256,whitefoot,3,0,16,1048576,384,1024,4194304,18800000
control1,append-spare-o3,0,256,256,whitefoot,3,1,16,1048576,384,1024,0,61000
control1,append-spare-o3,0,256,256,rust-vec,3,0,16,1048576,384,1024,4194304,18049000
control1,append-spare-o3,0,256,256,rust-vec,3,1,16,1048576,384,1024,0,35000
control1,append-spare-o3,0,256,256,cpp-std-vector,3,0,16,1048576,384,1024,4194304,29716000
control1,append-spare-o3,0,256,256,cpp-std-vector,3,1,16,1048576,384,1024,0,27000
control1,append-spare-o3,0,256,256,rust-vec,4,0,16,1048576,384,1024,4194304,18163000
control1,append-spare-o3,0,256,256,rust-vec,4,1,16,1048576,384,1024,0,35000
control1,append-spare-o3,0,256,256,cpp-std-vector,4,0,16,1048576,384,1024,4194304,30100000
control1,append-spare-o3,0,256,256,cpp-std-vector,4,1,16,1048576,384,1024,0,32000
control1,append-spare-o3,0,256,256,whitefoot,4,0,16,1048576,384,1024,4194304,18898000
control1,append-spare-o3,0,256,256,whitefoot,4,1,16,1048576,384,1024,0,61000
control1,append-spare-o3,0,256,256,cpp-std-vector,5,0,16,1048576,384,1024,4194304,29645000
control1,append-spare-o3,0,256,256,cpp-std-vector,5,1,16,1048576,384,1024,0,26000
control1,append-spare-o3,0,256,256,whitefoot,5,0,16,1048576,384,1024,4194304,18642000
control1,append-spare-o3,0,256,256,whitefoot,5,1,16,1048576,384,1024,0,59000
control1,append-spare-o3,0,256,256,rust-vec,5,0,16,1048576,384,1024,4194304,17969000
control1,append-spare-o3,0,256,256,rust-vec,5,1,16,1048576,384,1024,0,36000
control1,append-spare-o3,0,256,256,whitefoot,6,0,16,1048576,384,1024,4194304,18723000
control1,append-spare-o3,0,256,256,whitefoot,6,1,16,1048576,384,1024,0,55000
control1,append-spare-o3,0,256,256,rust-vec,6,0,16,1048576,384,1024,4194304,18111000
control1,append-spare-o3,0,256,256,rust-vec,6,1,16,1048576,384,1024,0,36000
control1,append-spare-o3,0,256,256,cpp-std-vector,6,0,16,1048576,384,1024,4194304,30097000
control1,append-spare-o3,0,256,256,cpp-std-vector,6,1,16,1048576,384,1024,0,35000
control1,append-spare-o3,1,256,256,cpp-std-vector,0,0,16,1048576,384,1024,4194304,30534000
control1,append-spare-o3,1,256,256,cpp-std-vector,0,1,16,1048576,384,1024,0,31000
control1,append-spare-o3,1,256,256,rust-vec,0,0,16,1048576,384,1024,4194304,18221000
control1,append-spare-o3,1,256,256,rust-vec,0,1,16,1048576,384,1024,0,35000
control1,append-spare-o3,1,256,256,whitefoot,0,0,16,1048576,384,1024,4194304,18546000
control1,append-spare-o3,1,256,256,whitefoot,0,1,16,1048576,384,1024,0,56000
control1,append-spare-o3,1,256,256,rust-vec,1,0,16,1048576,384,1024,4194304,18331000
control1,append-spare-o3,1,256,256,rust-vec,1,1,16,1048576,384,1024,0,41000
control1,append-spare-o3,1,256,256,whitefoot,1,0,16,1048576,384,1024,4194304,19071000
control1,append-spare-o3,1,256,256,whitefoot,1,1,16,1048576,384,1024,0,60000
control1,append-spare-o3,1,256,256,cpp-std-vector,1,0,16,1048576,384,1024,4194304,29703000
control1,append-spare-o3,1,256,256,cpp-std-vector,1,1,16,1048576,384,1024,0,39000
control1,append-spare-o3,1,256,256,whitefoot,2,0,16,1048576,384,1024,4194304,18956000
control1,append-spare-o3,1,256,256,whitefoot,2,1,16,1048576,384,1024,0,58000
control1,append-spare-o3,1,256,256,cpp-std-vector,2,0,16,1048576,384,1024,4194304,29872000
control1,append-spare-o3,1,256,256,cpp-std-vector,2,1,16,1048576,384,1024,0,40000
control1,append-spare-o3,1,256,256,rust-vec,2,0,16,1048576,384,1024,4194304,23725000
control1,append-spare-o3,1,256,256,rust-vec,2,1,16,1048576,384,1024,0,39000
control1,append-spare-o3,1,256,256,cpp-std-vector,3,0,16,1048576,384,1024,4194304,32011000
control1,append-spare-o3,1,256,256,cpp-std-vector,3,1,16,1048576,384,1024,0,22000
control1,append-spare-o3,1,256,256,rust-vec,3,0,16,1048576,384,1024,4194304,17989000
control1,append-spare-o3,1,256,256,rust-vec,3,1,16,1048576,384,1024,0,36000
control1,append-spare-o3,1,256,256,whitefoot,3,0,16,1048576,384,1024,4194304,18841000
control1,append-spare-o3,1,256,256,whitefoot,3,1,16,1048576,384,1024,0,66000
control1,append-spare-o3,1,256,256,rust-vec,4,0,16,1048576,384,1024,4194304,18437000
control1,append-spare-o3,1,256,256,rust-vec,4,1,16,1048576,384,1024,0,34000
control1,append-spare-o3,1,256,256,whitefoot,4,0,16,1048576,384,1024,4194304,18653000
control1,append-spare-o3,1,256,256,whitefoot,4,1,16,1048576,384,1024,0,62000
control1,append-spare-o3,1,256,256,cpp-std-vector,4,0,16,1048576,384,1024,4194304,30374000
control1,append-spare-o3,1,256,256,cpp-std-vector,4,1,16,1048576,384,1024,0,21000
control1,append-spare-o3,1,256,256,whitefoot,5,0,16,1048576,384,1024,4194304,18533000
control1,append-spare-o3,1,256,256,whitefoot,5,1,16,1048576,384,1024,0,64000
control1,append-spare-o3,1,256,256,cpp-std-vector,5,0,16,1048576,384,1024,4194304,29908000
control1,append-spare-o3,1,256,256,cpp-std-vector,5,1,16,1048576,384,1024,0,19000
control1,append-spare-o3,1,256,256,rust-vec,5,0,16,1048576,384,1024,4194304,18168000
control1,append-spare-o3,1,256,256,rust-vec,5,1,16,1048576,384,1024,0,38000
control1,append-spare-o3,1,256,256,cpp-std-vector,6,0,16,1048576,384,1024,4194304,30550000
control1,append-spare-o3,1,256,256,cpp-std-vector,6,1,16,1048576,384,1024,0,26000
control1,append-spare-o3,1,256,256,rust-vec,6,0,16,1048576,384,1024,4194304,18134000
control1,append-spare-o3,1,256,256,rust-vec,6,1,16,1048576,384,1024,0,43000
control1,append-spare-o3,1,256,256,whitefoot,6,0,16,1048576,384,1024,4194304,18518000
control1,append-spare-o3,1,256,256,whitefoot,6,1,16,1048576,384,1024,0,72000
control1,append-spare-o3,0,256,4096,whitefoot,0,0,1,1048576,24,1024,4194304,18492000
control1,append-spare-o3,0,256,4096,whitefoot,0,1,1,1048576,24,1024,0,22000
control1,append-spare-o3,0,256,4096,rust-vec,0,0,1,1048576,24,1024,4194304,18169000
control1,append-spare-o3,0,256,4096,rust-vec,0,1,1,1048576,24,1024,0,24000
control1,append-spare-o3,0,256,4096,cpp-std-vector,0,0,1,1048576,24,1024,4194304,29694000
control1,append-spare-o3,0,256,4096,cpp-std-vector,0,1,1,1048576,24,1024,0,25000
control1,append-spare-o3,0,256,4096,rust-vec,1,0,1,1048576,24,1024,4194304,17848000
control1,append-spare-o3,0,256,4096,rust-vec,1,1,1,1048576,24,1024,0,24000
control1,append-spare-o3,0,256,4096,cpp-std-vector,1,0,1,1048576,24,1024,4194304,30156000
control1,append-spare-o3,0,256,4096,cpp-std-vector,1,1,1,1048576,24,1024,0,21000
control1,append-spare-o3,0,256,4096,whitefoot,1,0,1,1048576,24,1024,4194304,18344000
control1,append-spare-o3,0,256,4096,whitefoot,1,1,1,1048576,24,1024,0,30000
control1,append-spare-o3,0,256,4096,cpp-std-vector,2,0,1,1048576,24,1024,4194304,29591000
control1,append-spare-o3,0,256,4096,cpp-std-vector,2,1,1,1048576,24,1024,0,25000
control1,append-spare-o3,0,256,4096,whitefoot,2,0,1,1048576,24,1024,4194304,18359000
control1,append-spare-o3,0,256,4096,whitefoot,2,1,1,1048576,24,1024,0,20000
control1,append-spare-o3,0,256,4096,rust-vec,2,0,1,1048576,24,1024,4194304,17970000
control1,append-spare-o3,0,256,4096,rust-vec,2,1,1,1048576,24,1024,0,20000
control1,append-spare-o3,0,256,4096,whitefoot,3,0,1,1048576,24,1024,4194304,18316000
control1,append-spare-o3,0,256,4096,whitefoot,3,1,1,1048576,24,1024,0,23000
control1,append-spare-o3,0,256,4096,rust-vec,3,0,1,1048576,24,1024,4194304,18479000
control1,append-spare-o3,0,256,4096,rust-vec,3,1,1,1048576,24,1024,0,25000
control1,append-spare-o3,0,256,4096,cpp-std-vector,3,0,1,1048576,24,1024,4194304,31211000
control1,append-spare-o3,0,256,4096,cpp-std-vector,3,1,1,1048576,24,1024,0,30000
control1,append-spare-o3,0,256,4096,rust-vec,4,0,1,1048576,24,1024,4194304,18462000
control1,append-spare-o3,0,256,4096,rust-vec,4,1,1,1048576,24,1024,0,23000
control1,append-spare-o3,0,256,4096,cpp-std-vector,4,0,1,1048576,24,1024,4194304,29481000
control1,append-spare-o3,0,256,4096,cpp-std-vector,4,1,1,1048576,24,1024,0,22000
control1,append-spare-o3,0,256,4096,whitefoot,4,0,1,1048576,24,1024,4194304,18216000
control1,append-spare-o3,0,256,4096,whitefoot,4,1,1,1048576,24,1024,0,26000
control1,append-spare-o3,0,256,4096,cpp-std-vector,5,0,1,1048576,24,1024,4194304,29759000
control1,append-spare-o3,0,256,4096,cpp-std-vector,5,1,1,1048576,24,1024,0,25000
control1,append-spare-o3,0,256,4096,whitefoot,5,0,1,1048576,24,1024,4194304,18622000
control1,append-spare-o3,0,256,4096,whitefoot,5,1,1,1048576,24,1024,0,32000
control1,append-spare-o3,0,256,4096,rust-vec,5,0,1,1048576,24,1024,4194304,18148000
control1,append-spare-o3,0,256,4096,rust-vec,5,1,1,1048576,24,1024,0,24000
control1,append-spare-o3,0,256,4096,whitefoot,6,0,1,1048576,24,1024,4194304,18723000
control1,append-spare-o3,0,256,4096,whitefoot,6,1,1,1048576,24,1024,0,26000
control1,append-spare-o3,0,256,4096,rust-vec,6,0,1,1048576,24,1024,4194304,18469000
control1,append-spare-o3,0,256,4096,rust-vec,6,1,1,1048576,24,1024,0,24000
control1,append-spare-o3,0,256,4096,cpp-std-vector,6,0,1,1048576,24,1024,4194304,29704000
control1,append-spare-o3,0,256,4096,cpp-std-vector,6,1,1,1048576,24,1024,0,21000
control1,append-spare-o3,1,256,4096,cpp-std-vector,0,0,1,1048576,24,1024,4194304,29835000
control1,append-spare-o3,1,256,4096,cpp-std-vector,0,1,1,1048576,24,1024,0,22000
control1,append-spare-o3,1,256,4096,rust-vec,0,0,1,1048576,24,1024,4194304,17985000
control1,append-spare-o3,1,256,4096,rust-vec,0,1,1,1048576,24,1024,0,24000
control1,append-spare-o3,1,256,4096,whitefoot,0,0,1,1048576,24,1024,4194304,18655000
control1,append-spare-o3,1,256,4096,whitefoot,0,1,1,1048576,24,1024,0,23000
control1,append-spare-o3,1,256,4096,rust-vec,1,0,1,1048576,24,1024,4194304,18042000
control1,append-spare-o3,1,256,4096,rust-vec,1,1,1,1048576,24,1024,0,23000
control1,append-spare-o3,1,256,4096,whitefoot,1,0,1,1048576,24,1024,4194304,18247000
control1,append-spare-o3,1,256,4096,whitefoot,1,1,1,1048576,24,1024,0,25000
control1,append-spare-o3,1,256,4096,cpp-std-vector,1,0,1,1048576,24,1024,4194304,30184000
control1,append-spare-o3,1,256,4096,cpp-std-vector,1,1,1,1048576,24,1024,0,23000
control1,append-spare-o3,1,256,4096,whitefoot,2,0,1,1048576,24,1024,4194304,18581000
control1,append-spare-o3,1,256,4096,whitefoot,2,1,1,1048576,24,1024,0,26000
control1,append-spare-o3,1,256,4096,cpp-std-vector,2,0,1,1048576,24,1024,4194304,30050000
control1,append-spare-o3,1,256,4096,cpp-std-vector,2,1,1,1048576,24,1024,0,24000
control1,append-spare-o3,1,256,4096,rust-vec,2,0,1,1048576,24,1024,4194304,18184000
control1,append-spare-o3,1,256,4096,rust-vec,2,1,1,1048576,24,1024,0,24000
control1,append-spare-o3,1,256,4096,cpp-std-vector,3,0,1,1048576,24,1024,4194304,29589000
control1,append-spare-o3,1,256,4096,cpp-std-vector,3,1,1,1048576,24,1024,0,23000
control1,append-spare-o3,1,256,4096,rust-vec,3,0,1,1048576,24,1024,4194304,17921000
control1,append-spare-o3,1,256,4096,rust-vec,3,1,1,1048576,24,1024,0,24000
control1,append-spare-o3,1,256,4096,whitefoot,3,0,1,1048576,24,1024,4194304,18486000
control1,append-spare-o3,1,256,4096,whitefoot,3,1,1,1048576,24,1024,0,22000
control1,append-spare-o3,1,256,4096,rust-vec,4,0,1,1048576,24,1024,4194304,18229000
control1,append-spare-o3,1,256,4096,rust-vec,4,1,1,1048576,24,1024,0,24000
control1,append-spare-o3,1,256,4096,whitefoot,4,0,1,1048576,24,1024,4194304,18373000
control1,append-spare-o3,1,256,4096,whitefoot,4,1,1,1048576,24,1024,0,25000
control1,append-spare-o3,1,256,4096,cpp-std-vector,4,0,1,1048576,24,1024,4194304,29855000
control1,append-spare-o3,1,256,4096,cpp-std-vector,4,1,1,1048576,24,1024,0,22000
control1,append-spare-o3,1,256,4096,whitefoot,5,0,1,1048576,24,1024,4194304,19001000
control1,append-spare-o3,1,256,4096,whitefoot,5,1,1,1048576,24,1024,0,24000
control1,append-spare-o3,1,256,4096,cpp-std-vector,5,0,1,1048576,24,1024,4194304,30088000
control1,append-spare-o3,1,256,4096,cpp-std-vector,5,1,1,1048576,24,1024,0,22000
control1,append-spare-o3,1,256,4096,rust-vec,5,0,1,1048576,24,1024,4194304,17965000
control1,append-spare-o3,1,256,4096,rust-vec,5,1,1,1048576,24,1024,0,26000
control1,append-spare-o3,1,256,4096,cpp-std-vector,6,0,1,1048576,24,1024,4194304,29817000
control1,append-spare-o3,1,256,4096,cpp-std-vector,6,1,1,1048576,24,1024,0,23000
control1,append-spare-o3,1,256,4096,rust-vec,6,0,1,1048576,24,1024,4194304,17920000
control1,append-spare-o3,1,256,4096,rust-vec,6,1,1,1048576,24,1024,0,23000
control1,append-spare-o3,1,256,4096,whitefoot,6,0,1,1048576,24,1024,4194304,18371000
control1,append-spare-o3,1,256,4096,whitefoot,6,1,1,1048576,24,1024,0,10000
candidate1,append-spare-o3,0,8,16,whitefoot,0,0,1024,131072,24576,256,4194304,2032000
candidate1,append-spare-o3,0,8,16,whitefoot,0,1,1024,131072,24576,256,0,356000
candidate1,append-spare-o3,0,8,16,rust-vec,0,0,1024,131072,24576,256,4194304,2063000
candidate1,append-spare-o3,0,8,16,rust-vec,0,1,1024,131072,24576,256,0,352000
candidate1,append-spare-o3,0,8,16,cpp-std-vector,0,0,1024,131072,24576,256,4194304,4350000
candidate1,append-spare-o3,0,8,16,cpp-std-vector,0,1,1024,131072,24576,256,0,343000
candidate1,append-spare-o3,0,8,16,rust-vec,1,0,1024,131072,24576,256,4194304,2066000
candidate1,append-spare-o3,0,8,16,rust-vec,1,1,1024,131072,24576,256,0,350000
candidate1,append-spare-o3,0,8,16,cpp-std-vector,1,0,1024,131072,24576,256,4194304,4435000
candidate1,append-spare-o3,0,8,16,cpp-std-vector,1,1,1024,131072,24576,256,0,335000
candidate1,append-spare-o3,0,8,16,whitefoot,1,0,1024,131072,24576,256,4194304,1996000
candidate1,append-spare-o3,0,8,16,whitefoot,1,1,1024,131072,24576,256,0,340000
candidate1,append-spare-o3,0,8,16,cpp-std-vector,2,0,1024,131072,24576,256,4194304,4413000
candidate1,append-spare-o3,0,8,16,cpp-std-vector,2,1,1024,131072,24576,256,0,346000
candidate1,append-spare-o3,0,8,16,whitefoot,2,0,1024,131072,24576,256,4194304,1904000
candidate1,append-spare-o3,0,8,16,whitefoot,2,1,1024,131072,24576,256,0,338000
candidate1,append-spare-o3,0,8,16,rust-vec,2,0,1024,131072,24576,256,4194304,2029000
candidate1,append-spare-o3,0,8,16,rust-vec,2,1,1024,131072,24576,256,0,331000
candidate1,append-spare-o3,0,8,16,whitefoot,3,0,1024,131072,24576,256,4194304,1911000
candidate1,append-spare-o3,0,8,16,whitefoot,3,1,1024,131072,24576,256,0,325000
candidate1,append-spare-o3,0,8,16,rust-vec,3,0,1024,131072,24576,256,4194304,2006000
candidate1,append-spare-o3,0,8,16,rust-vec,3,1,1024,131072,24576,256,0,338000
candidate1,append-spare-o3,0,8,16,cpp-std-vector,3,0,1024,131072,24576,256,4194304,4223000
candidate1,append-spare-o3,0,8,16,cpp-std-vector,3,1,1024,131072,24576,256,0,327000
candidate1,append-spare-o3,0,8,16,rust-vec,4,0,1024,131072,24576,256,4194304,1984000
candidate1,append-spare-o3,0,8,16,rust-vec,4,1,1024,131072,24576,256,0,336000
candidate1,append-spare-o3,0,8,16,cpp-std-vector,4,0,1024,131072,24576,256,4194304,4276000
candidate1,append-spare-o3,0,8,16,cpp-std-vector,4,1,1024,131072,24576,256,0,326000
candidate1,append-spare-o3,0,8,16,whitefoot,4,0,1024,131072,24576,256,4194304,1896000
candidate1,append-spare-o3,0,8,16,whitefoot,4,1,1024,131072,24576,256,0,329000
candidate1,append-spare-o3,0,8,16,cpp-std-vector,5,0,1024,131072,24576,256,4194304,4229000
candidate1,append-spare-o3,0,8,16,cpp-std-vector,5,1,1024,131072,24576,256,0,328000
candidate1,append-spare-o3,0,8,16,whitefoot,5,0,1024,131072,24576,256,4194304,1892000
candidate1,append-spare-o3,0,8,16,whitefoot,5,1,1024,131072,24576,256,0,324000
candidate1,append-spare-o3,0,8,16,rust-vec,5,0,1024,131072,24576,256,4194304,1979000
candidate1,append-spare-o3,0,8,16,rust-vec,5,1,1024,131072,24576,256,0,329000
candidate1,append-spare-o3,0,8,16,whitefoot,6,0,1024,131072,24576,256,4194304,1914000
candidate1,append-spare-o3,0,8,16,whitefoot,6,1,1024,131072,24576,256,0,333000
candidate1,append-spare-o3,0,8,16,rust-vec,6,0,1024,131072,24576,256,4194304,1987000
candidate1,append-spare-o3,0,8,16,rust-vec,6,1,1024,131072,24576,256,0,330000
candidate1,append-spare-o3,0,8,16,cpp-std-vector,6,0,1024,131072,24576,256,4194304,4208000
candidate1,append-spare-o3,0,8,16,cpp-std-vector,6,1,1024,131072,24576,256,0,328000
candidate1,append-spare-o3,1,8,16,cpp-std-vector,0,0,1024,131072,24576,256,4194304,4212000
candidate1,append-spare-o3,1,8,16,cpp-std-vector,0,1,1024,131072,24576,256,0,331000
candidate1,append-spare-o3,1,8,16,rust-vec,0,0,1024,131072,24576,256,4194304,1982000
candidate1,append-spare-o3,1,8,16,rust-vec,0,1,1024,131072,24576,256,0,332000
candidate1,append-spare-o3,1,8,16,whitefoot,0,0,1024,131072,24576,256,4194304,1898000
candidate1,append-spare-o3,1,8,16,whitefoot,0,1,1024,131072,24576,256,0,344000
candidate1,append-spare-o3,1,8,16,rust-vec,1,0,1024,131072,24576,256,4194304,1977000
candidate1,append-spare-o3,1,8,16,rust-vec,1,1,1024,131072,24576,256,0,330000
candidate1,append-spare-o3,1,8,16,whitefoot,1,0,1024,131072,24576,256,4194304,1903000
candidate1,append-spare-o3,1,8,16,whitefoot,1,1,1024,131072,24576,256,0,328000
candidate1,append-spare-o3,1,8,16,cpp-std-vector,1,0,1024,131072,24576,256,4194304,4238000
candidate1,append-spare-o3,1,8,16,cpp-std-vector,1,1,1024,131072,24576,256,0,330000
candidate1,append-spare-o3,1,8,16,whitefoot,2,0,1024,131072,24576,256,4194304,1910000
candidate1,append-spare-o3,1,8,16,whitefoot,2,1,1024,131072,24576,256,0,323000
candidate1,append-spare-o3,1,8,16,cpp-std-vector,2,0,1024,131072,24576,256,4194304,4233000
candidate1,append-spare-o3,1,8,16,cpp-std-vector,2,1,1024,131072,24576,256,0,343000
candidate1,append-spare-o3,1,8,16,rust-vec,2,0,1024,131072,24576,256,4194304,1960000
candidate1,append-spare-o3,1,8,16,rust-vec,2,1,1024,131072,24576,256,0,328000
candidate1,append-spare-o3,1,8,16,cpp-std-vector,3,0,1024,131072,24576,256,4194304,4199000
candidate1,append-spare-o3,1,8,16,cpp-std-vector,3,1,1024,131072,24576,256,0,330000
candidate1,append-spare-o3,1,8,16,rust-vec,3,0,1024,131072,24576,256,4194304,1983000
candidate1,append-spare-o3,1,8,16,rust-vec,3,1,1024,131072,24576,256,0,330000
candidate1,append-spare-o3,1,8,16,whitefoot,3,0,1024,131072,24576,256,4194304,1907000
candidate1,append-spare-o3,1,8,16,whitefoot,3,1,1024,131072,24576,256,0,328000
candidate1,append-spare-o3,1,8,16,rust-vec,4,0,1024,131072,24576,256,4194304,1969000
candidate1,append-spare-o3,1,8,16,rust-vec,4,1,1024,131072,24576,256,0,329000
candidate1,append-spare-o3,1,8,16,whitefoot,4,0,1024,131072,24576,256,4194304,1917000
candidate1,append-spare-o3,1,8,16,whitefoot,4,1,1024,131072,24576,256,0,331000
candidate1,append-spare-o3,1,8,16,cpp-std-vector,4,0,1024,131072,24576,256,4194304,4205000
candidate1,append-spare-o3,1,8,16,cpp-std-vector,4,1,1024,131072,24576,256,0,328000
candidate1,append-spare-o3,1,8,16,whitefoot,5,0,1024,131072,24576,256,4194304,1891000
candidate1,append-spare-o3,1,8,16,whitefoot,5,1,1024,131072,24576,256,0,336000
candidate1,append-spare-o3,1,8,16,cpp-std-vector,5,0,1024,131072,24576,256,4194304,4234000
candidate1,append-spare-o3,1,8,16,cpp-std-vector,5,1,1024,131072,24576,256,0,332000
candidate1,append-spare-o3,1,8,16,rust-vec,5,0,1024,131072,24576,256,4194304,1954000
candidate1,append-spare-o3,1,8,16,rust-vec,5,1,1024,131072,24576,256,0,344000
candidate1,append-spare-o3,1,8,16,cpp-std-vector,6,0,1024,131072,24576,256,4194304,4234000
candidate1,append-spare-o3,1,8,16,cpp-std-vector,6,1,1024,131072,24576,256,0,327000
candidate1,append-spare-o3,1,8,16,rust-vec,6,0,1024,131072,24576,256,4194304,1974000
candidate1,append-spare-o3,1,8,16,rust-vec,6,1,1024,131072,24576,256,0,331000
candidate1,append-spare-o3,1,8,16,whitefoot,6,0,1024,131072,24576,256,4194304,1941000
candidate1,append-spare-o3,1,8,16,whitefoot,6,1,1024,131072,24576,256,0,341000
candidate1,append-spare-o3,0,8,256,whitefoot,0,0,512,1048576,12288,32,4194304,2136000
candidate1,append-spare-o3,0,8,256,whitefoot,0,1,512,1048576,12288,32,0,22000
candidate1,append-spare-o3,0,8,256,rust-vec,0,0,512,1048576,12288,32,4194304,1788000
candidate1,append-spare-o3,0,8,256,rust-vec,0,1,512,1048576,12288,32,0,20000
candidate1,append-spare-o3,0,8,256,cpp-std-vector,0,0,512,1048576,12288,32,4194304,3951000
candidate1,append-spare-o3,0,8,256,cpp-std-vector,0,1,512,1048576,12288,32,0,19000
candidate1,append-spare-o3,0,8,256,rust-vec,1,0,512,1048576,12288,32,4194304,1825000
candidate1,append-spare-o3,0,8,256,rust-vec,1,1,512,1048576,12288,32,0,19000
candidate1,append-spare-o3,0,8,256,cpp-std-vector,1,0,512,1048576,12288,32,4194304,3953000
candidate1,append-spare-o3,0,8,256,cpp-std-vector,1,1,512,1048576,12288,32,0,20000
candidate1,append-spare-o3,0,8,256,whitefoot,1,0,512,1048576,12288,32,4194304,2116000
candidate1,append-spare-o3,0,8,256,whitefoot,1,1,512,1048576,12288,32,0,18000
candidate1,append-spare-o3,0,8,256,cpp-std-vector,2,0,512,1048576,12288,32,4194304,3874000
candidate1,append-spare-o3,0,8,256,cpp-std-vector,2,1,512,1048576,12288,32,0,20000
candidate1,append-spare-o3,0,8,256,whitefoot,2,0,512,1048576,12288,32,4194304,2111000
candidate1,append-spare-o3,0,8,256,whitefoot,2,1,512,1048576,12288,32,0,16000
candidate1,append-spare-o3,0,8,256,rust-vec,2,0,512,1048576,12288,32,4194304,1782000
candidate1,append-spare-o3,0,8,256,rust-vec,2,1,512,1048576,12288,32,0,21000
candidate1,append-spare-o3,0,8,256,whitefoot,3,0,512,1048576,12288,32,4194304,2125000
candidate1,append-spare-o3,0,8,256,whitefoot,3,1,512,1048576,12288,32,0,18000
candidate1,append-spare-o3,0,8,256,rust-vec,3,0,512,1048576,12288,32,4194304,1775000
candidate1,append-spare-o3,0,8,256,rust-vec,3,1,512,1048576,12288,32,0,21000
candidate1,append-spare-o3,0,8,256,cpp-std-vector,3,0,512,1048576,12288,32,4194304,3964000
candidate1,append-spare-o3,0,8,256,cpp-std-vector,3,1,512,1048576,12288,32,0,21000
candidate1,append-spare-o3,0,8,256,rust-vec,4,0,512,1048576,12288,32,4194304,1777000
candidate1,append-spare-o3,0,8,256,rust-vec,4,1,512,1048576,12288,32,0,21000
candidate1,append-spare-o3,0,8,256,cpp-std-vector,4,0,512,1048576,12288,32,4194304,3976000
candidate1,append-spare-o3,0,8,256,cpp-std-vector,4,1,512,1048576,12288,32,0,21000
candidate1,append-spare-o3,0,8,256,whitefoot,4,0,512,1048576,12288,32,4194304,2124000
candidate1,append-spare-o3,0,8,256,whitefoot,4,1,512,1048576,12288,32,0,19000
candidate1,append-spare-o3,0,8,256,cpp-std-vector,5,0,512,1048576,12288,32,4194304,3942000
candidate1,append-spare-o3,0,8,256,cpp-std-vector,5,1,512,1048576,12288,32,0,21000
candidate1,append-spare-o3,0,8,256,whitefoot,5,0,512,1048576,12288,32,4194304,2117000
candidate1,append-spare-o3,0,8,256,whitefoot,5,1,512,1048576,12288,32,0,18000
candidate1,append-spare-o3,0,8,256,rust-vec,5,0,512,1048576,12288,32,4194304,1801000
candidate1,append-spare-o3,0,8,256,rust-vec,5,1,512,1048576,12288,32,0,22000
candidate1,append-spare-o3,0,8,256,whitefoot,6,0,512,1048576,12288,32,4194304,2179000
candidate1,append-spare-o3,0,8,256,whitefoot,6,1,512,1048576,12288,32,0,21000
candidate1,append-spare-o3,0,8,256,rust-vec,6,0,512,1048576,12288,32,4194304,1783000
candidate1,append-spare-o3,0,8,256,rust-vec,6,1,512,1048576,12288,32,0,22000
candidate1,append-spare-o3,0,8,256,cpp-std-vector,6,0,512,1048576,12288,32,4194304,3882000
candidate1,append-spare-o3,0,8,256,cpp-std-vector,6,1,512,1048576,12288,32,0,21000
candidate1,append-spare-o3,1,8,256,cpp-std-vector,0,0,512,1048576,12288,32,4194304,3845000
candidate1,append-spare-o3,1,8,256,cpp-std-vector,0,1,512,1048576,12288,32,0,20000
candidate1,append-spare-o3,1,8,256,rust-vec,0,0,512,1048576,12288,32,4194304,1781000
candidate1,append-spare-o3,1,8,256,rust-vec,0,1,512,1048576,12288,32,0,20000
candidate1,append-spare-o3,1,8,256,whitefoot,0,0,512,1048576,12288,32,4194304,2131000
candidate1,append-spare-o3,1,8,256,whitefoot,0,1,512,1048576,12288,32,0,25000
candidate1,append-spare-o3,1,8,256,rust-vec,1,0,512,1048576,12288,32,4194304,1767000
candidate1,append-spare-o3,1,8,256,rust-vec,1,1,512,1048576,12288,32,0,22000
candidate1,append-spare-o3,1,8,256,whitefoot,1,0,512,1048576,12288,32,4194304,2112000
candidate1,append-spare-o3,1,8,256,whitefoot,1,1,512,1048576,12288,32,0,23000
candidate1,append-spare-o3,1,8,256,cpp-std-vector,1,0,512,1048576,12288,32,4194304,3907000
candidate1,append-spare-o3,1,8,256,cpp-std-vector,1,1,512,1048576,12288,32,0,20000
candidate1,append-spare-o3,1,8,256,whitefoot,2,0,512,1048576,12288,32,4194304,2130000
candidate1,append-spare-o3,1,8,256,whitefoot,2,1,512,1048576,12288,32,0,21000
candidate1,append-spare-o3,1,8,256,cpp-std-vector,2,0,512,1048576,12288,32,4194304,3822000
candidate1,append-spare-o3,1,8,256,cpp-std-vector,2,1,512,1048576,12288,32,0,21000
candidate1,append-spare-o3,1,8,256,rust-vec,2,0,512,1048576,12288,32,4194304,1795000
candidate1,append-spare-o3,1,8,256,rust-vec,2,1,512,1048576,12288,32,0,19000
candidate1,append-spare-o3,1,8,256,cpp-std-vector,3,0,512,1048576,12288,32,4194304,3859000
candidate1,append-spare-o3,1,8,256,cpp-std-vector,3,1,512,1048576,12288,32,0,21000
candidate1,append-spare-o3,1,8,256,rust-vec,3,0,512,1048576,12288,32,4194304,1777000
candidate1,append-spare-o3,1,8,256,rust-vec,3,1,512,1048576,12288,32,0,19000
candidate1,append-spare-o3,1,8,256,whitefoot,3,0,512,1048576,12288,32,4194304,2115000
candidate1,append-spare-o3,1,8,256,whitefoot,3,1,512,1048576,12288,32,0,20000
candidate1,append-spare-o3,1,8,256,rust-vec,4,0,512,1048576,12288,32,4194304,1783000
candidate1,append-spare-o3,1,8,256,rust-vec,4,1,512,1048576,12288,32,0,23000
candidate1,append-spare-o3,1,8,256,whitefoot,4,0,512,1048576,12288,32,4194304,2122000
candidate1,append-spare-o3,1,8,256,whitefoot,4,1,512,1048576,12288,32,0,21000
candidate1,append-spare-o3,1,8,256,cpp-std-vector,4,0,512,1048576,12288,32,4194304,4024000
candidate1,append-spare-o3,1,8,256,cpp-std-vector,4,1,512,1048576,12288,32,0,21000
candidate1,append-spare-o3,1,8,256,whitefoot,5,0,512,1048576,12288,32,4194304,2182000
candidate1,append-spare-o3,1,8,256,whitefoot,5,1,512,1048576,12288,32,0,20000
candidate1,append-spare-o3,1,8,256,cpp-std-vector,5,0,512,1048576,12288,32,4194304,3913000
candidate1,append-spare-o3,1,8,256,cpp-std-vector,5,1,512,1048576,12288,32,0,22000
candidate1,append-spare-o3,1,8,256,rust-vec,5,0,512,1048576,12288,32,4194304,1841000
candidate1,append-spare-o3,1,8,256,rust-vec,5,1,512,1048576,12288,32,0,21000
candidate1,append-spare-o3,1,8,256,cpp-std-vector,6,0,512,1048576,12288,32,4194304,3943000
candidate1,append-spare-o3,1,8,256,cpp-std-vector,6,1,512,1048576,12288,32,0,22000
candidate1,append-spare-o3,1,8,256,rust-vec,6,0,512,1048576,12288,32,4194304,1829000
candidate1,append-spare-o3,1,8,256,rust-vec,6,1,512,1048576,12288,32,0,22000
candidate1,append-spare-o3,1,8,256,whitefoot,6,0,512,1048576,12288,32,4194304,2114000
candidate1,append-spare-o3,1,8,256,whitefoot,6,1,512,1048576,12288,32,0,17000
candidate1,append-spare-o3,0,8,4096,whitefoot,0,0,32,1048576,768,32,4194304,2191000
candidate1,append-spare-o3,0,8,4096,whitefoot,0,1,32,1048576,768,32,0,3000
candidate1,append-spare-o3,0,8,4096,rust-vec,0,0,32,1048576,768,32,4194304,3292000
candidate1,append-spare-o3,0,8,4096,rust-vec,0,1,32,1048576,768,32,0,0
candidate1,append-spare-o3,0,8,4096,cpp-std-vector,0,0,32,1048576,768,32,4194304,3931000
candidate1,append-spare-o3,0,8,4096,cpp-std-vector,0,1,32,1048576,768,32,0,2000
candidate1,append-spare-o3,0,8,4096,rust-vec,1,0,32,1048576,768,32,4194304,3612000
candidate1,append-spare-o3,0,8,4096,rust-vec,1,1,32,1048576,768,32,0,0
candidate1,append-spare-o3,0,8,4096,cpp-std-vector,1,0,32,1048576,768,32,4194304,3929000
candidate1,append-spare-o3,0,8,4096,cpp-std-vector,1,1,32,1048576,768,32,0,3000
candidate1,append-spare-o3,0,8,4096,whitefoot,1,0,32,1048576,768,32,4194304,2206000
candidate1,append-spare-o3,0,8,4096,whitefoot,1,1,32,1048576,768,32,0,1000
candidate1,append-spare-o3,0,8,4096,cpp-std-vector,2,0,32,1048576,768,32,4194304,3955000
candidate1,append-spare-o3,0,8,4096,cpp-std-vector,2,1,32,1048576,768,32,0,1000
candidate1,append-spare-o3,0,8,4096,whitefoot,2,0,32,1048576,768,32,4194304,2185000
candidate1,append-spare-o3,0,8,4096,whitefoot,2,1,32,1048576,768,32,0,2000
candidate1,append-spare-o3,0,8,4096,rust-vec,2,0,32,1048576,768,32,4194304,3618000
candidate1,append-spare-o3,0,8,4096,rust-vec,2,1,32,1048576,768,32,0,0
candidate1,append-spare-o3,0,8,4096,whitefoot,3,0,32,1048576,768,32,4194304,2182000
candidate1,append-spare-o3,0,8,4096,whitefoot,3,1,32,1048576,768,32,0,2000
candidate1,append-spare-o3,0,8,4096,rust-vec,3,0,32,1048576,768,32,4194304,3517000
candidate1,append-spare-o3,0,8,4096,rust-vec,3,1,32,1048576,768,32,0,4000
candidate1,append-spare-o3,0,8,4096,cpp-std-vector,3,0,32,1048576,768,32,4194304,3926000
candidate1,append-spare-o3,0,8,4096,cpp-std-vector,3,1,32,1048576,768,32,0,3000
candidate1,append-spare-o3,0,8,4096,rust-vec,4,0,32,1048576,768,32,4194304,3387000
candidate1,append-spare-o3,0,8,4096,rust-vec,4,1,32,1048576,768,32,0,1000
candidate1,append-spare-o3,0,8,4096,cpp-std-vector,4,0,32,1048576,768,32,4194304,3940000
candidate1,append-spare-o3,0,8,4096,cpp-std-vector,4,1,32,1048576,768,32,0,2000
candidate1,append-spare-o3,0,8,4096,whitefoot,4,0,32,1048576,768,32,4194304,2205000
candidate1,append-spare-o3,0,8,4096,whitefoot,4,1,32,1048576,768,32,0,1000
candidate1,append-spare-o3,0,8,4096,cpp-std-vector,5,0,32,1048576,768,32,4194304,3869000
candidate1,append-spare-o3,0,8,4096,cpp-std-vector,5,1,32,1048576,768,32,0,2000
candidate1,append-spare-o3,0,8,4096,whitefoot,5,0,32,1048576,768,32,4194304,2184000
candidate1,append-spare-o3,0,8,4096,whitefoot,5,1,32,1048576,768,32,0,3000
candidate1,append-spare-o3,0,8,4096,rust-vec,5,0,32,1048576,768,32,4194304,3468000
candidate1,append-spare-o3,0,8,4096,rust-vec,5,1,32,1048576,768,32,0,1000
candidate1,append-spare-o3,0,8,4096,whitefoot,6,0,32,1048576,768,32,4194304,2191000
candidate1,append-spare-o3,0,8,4096,whitefoot,6,1,32,1048576,768,32,0,3000
candidate1,append-spare-o3,0,8,4096,rust-vec,6,0,32,1048576,768,32,4194304,3435000
candidate1,append-spare-o3,0,8,4096,rust-vec,6,1,32,1048576,768,32,0,3000
candidate1,append-spare-o3,0,8,4096,cpp-std-vector,6,0,32,1048576,768,32,4194304,3961000
candidate1,append-spare-o3,0,8,4096,cpp-std-vector,6,1,32,1048576,768,32,0,1000
candidate1,append-spare-o3,1,8,4096,cpp-std-vector,0,0,32,1048576,768,32,4194304,3957000
candidate1,append-spare-o3,1,8,4096,cpp-std-vector,0,1,32,1048576,768,32,0,2000
candidate1,append-spare-o3,1,8,4096,rust-vec,0,0,32,1048576,768,32,4194304,3513000
candidate1,append-spare-o3,1,8,4096,rust-vec,0,1,32,1048576,768,32,0,0
candidate1,append-spare-o3,1,8,4096,whitefoot,0,0,32,1048576,768,32,4194304,2184000
candidate1,append-spare-o3,1,8,4096,whitefoot,0,1,32,1048576,768,32,0,2000
candidate1,append-spare-o3,1,8,4096,rust-vec,1,0,32,1048576,768,32,4194304,3442000
candidate1,append-spare-o3,1,8,4096,rust-vec,1,1,32,1048576,768,32,0,3000
candidate1,append-spare-o3,1,8,4096,whitefoot,1,0,32,1048576,768,32,4194304,2259000
candidate1,append-spare-o3,1,8,4096,whitefoot,1,1,32,1048576,768,32,0,1000
candidate1,append-spare-o3,1,8,4096,cpp-std-vector,1,0,32,1048576,768,32,4194304,3947000
candidate1,append-spare-o3,1,8,4096,cpp-std-vector,1,1,32,1048576,768,32,0,0
candidate1,append-spare-o3,1,8,4096,whitefoot,2,0,32,1048576,768,32,4194304,2507000
candidate1,append-spare-o3,1,8,4096,whitefoot,2,1,32,1048576,768,32,0,5000
candidate1,append-spare-o3,1,8,4096,cpp-std-vector,2,0,32,1048576,768,32,4194304,3993000
candidate1,append-spare-o3,1,8,4096,cpp-std-vector,2,1,32,1048576,768,32,0,2000
candidate1,append-spare-o3,1,8,4096,rust-vec,2,0,32,1048576,768,32,4194304,3957000
candidate1,append-spare-o3,1,8,4096,rust-vec,2,1,32,1048576,768,32,0,2000
candidate1,append-spare-o3,1,8,4096,cpp-std-vector,3,0,32,1048576,768,32,4194304,3984000
candidate1,append-spare-o3,1,8,4096,cpp-std-vector,3,1,32,1048576,768,32,0,1000
candidate1,append-spare-o3,1,8,4096,rust-vec,3,0,32,1048576,768,32,4194304,3937000
candidate1,append-spare-o3,1,8,4096,rust-vec,3,1,32,1048576,768,32,0,1000
candidate1,append-spare-o3,1,8,4096,whitefoot,3,0,32,1048576,768,32,4194304,2273000
candidate1,append-spare-o3,1,8,4096,whitefoot,3,1,32,1048576,768,32,0,3000
candidate1,append-spare-o3,1,8,4096,rust-vec,4,0,32,1048576,768,32,4194304,3542000
candidate1,append-spare-o3,1,8,4096,rust-vec,4,1,32,1048576,768,32,0,4000
candidate1,append-spare-o3,1,8,4096,whitefoot,4,0,32,1048576,768,32,4194304,2187000
candidate1,append-spare-o3,1,8,4096,whitefoot,4,1,32,1048576,768,32,0,2000
candidate1,append-spare-o3,1,8,4096,cpp-std-vector,4,0,32,1048576,768,32,4194304,3921000
candidate1,append-spare-o3,1,8,4096,cpp-std-vector,4,1,32,1048576,768,32,0,0
candidate1,append-spare-o3,1,8,4096,whitefoot,5,0,32,1048576,768,32,4194304,2220000
candidate1,append-spare-o3,1,8,4096,whitefoot,5,1,32,1048576,768,32,0,2000
candidate1,append-spare-o3,1,8,4096,cpp-std-vector,5,0,32,1048576,768,32,4194304,3961000
candidate1,append-spare-o3,1,8,4096,cpp-std-vector,5,1,32,1048576,768,32,0,2000
candidate1,append-spare-o3,1,8,4096,rust-vec,5,0,32,1048576,768,32,4194304,3523000
candidate1,append-spare-o3,1,8,4096,rust-vec,5,1,32,1048576,768,32,0,4000
candidate1,append-spare-o3,1,8,4096,cpp-std-vector,6,0,32,1048576,768,32,4194304,3891000
candidate1,append-spare-o3,1,8,4096,cpp-std-vector,6,1,32,1048576,768,32,0,0
candidate1,append-spare-o3,1,8,4096,rust-vec,6,0,32,1048576,768,32,4194304,3628000
candidate1,append-spare-o3,1,8,4096,rust-vec,6,1,32,1048576,768,32,0,0
candidate1,append-spare-o3,1,8,4096,whitefoot,6,0,32,1048576,768,32,4194304,2185000
candidate1,append-spare-o3,1,8,4096,whitefoot,6,1,32,1048576,768,32,0,1000
candidate1,append-spare-o3,0,256,16,whitefoot,0,0,256,1048576,6144,1024,4194304,20751000
candidate1,append-spare-o3,0,256,16,whitefoot,0,1,256,1048576,6144,1024,0,421000
candidate1,append-spare-o3,0,256,16,rust-vec,0,0,256,1048576,6144,1024,4194304,19206000
candidate1,append-spare-o3,0,256,16,rust-vec,0,1,256,1048576,6144,1024,0,339000
candidate1,append-spare-o3,0,256,16,cpp-std-vector,0,0,256,1048576,6144,1024,4194304,30431000
candidate1,append-spare-o3,0,256,16,cpp-std-vector,0,1,256,1048576,6144,1024,0,348000
candidate1,append-spare-o3,0,256,16,rust-vec,1,0,256,1048576,6144,1024,4194304,19407000
candidate1,append-spare-o3,0,256,16,rust-vec,1,1,256,1048576,6144,1024,0,338000
candidate1,append-spare-o3,0,256,16,cpp-std-vector,1,0,256,1048576,6144,1024,4194304,29941000
candidate1,append-spare-o3,0,256,16,cpp-std-vector,1,1,256,1048576,6144,1024,0,346000
candidate1,append-spare-o3,0,256,16,whitefoot,1,0,256,1048576,6144,1024,4194304,21219000
candidate1,append-spare-o3,0,256,16,whitefoot,1,1,256,1048576,6144,1024,0,454000
candidate1,append-spare-o3,0,256,16,cpp-std-vector,2,0,256,1048576,6144,1024,4194304,30022000
candidate1,append-spare-o3,0,256,16,cpp-std-vector,2,1,256,1048576,6144,1024,0,338000
candidate1,append-spare-o3,0,256,16,whitefoot,2,0,256,1048576,6144,1024,4194304,20724000
candidate1,append-spare-o3,0,256,16,whitefoot,2,1,256,1048576,6144,1024,0,423000
candidate1,append-spare-o3,0,256,16,rust-vec,2,0,256,1048576,6144,1024,4194304,19596000
candidate1,append-spare-o3,0,256,16,rust-vec,2,1,256,1048576,6144,1024,0,338000
candidate1,append-spare-o3,0,256,16,whitefoot,3,0,256,1048576,6144,1024,4194304,20876000
candidate1,append-spare-o3,0,256,16,whitefoot,3,1,256,1048576,6144,1024,0,417000
candidate1,append-spare-o3,0,256,16,rust-vec,3,0,256,1048576,6144,1024,4194304,19346000
candidate1,append-spare-o3,0,256,16,rust-vec,3,1,256,1048576,6144,1024,0,355000
candidate1,append-spare-o3,0,256,16,cpp-std-vector,3,0,256,1048576,6144,1024,4194304,30289000
candidate1,append-spare-o3,0,256,16,cpp-std-vector,3,1,256,1048576,6144,1024,0,362000
candidate1,append-spare-o3,0,256,16,rust-vec,4,0,256,1048576,6144,1024,4194304,19832000
candidate1,append-spare-o3,0,256,16,rust-vec,4,1,256,1048576,6144,1024,0,339000
candidate1,append-spare-o3,0,256,16,cpp-std-vector,4,0,256,1048576,6144,1024,4194304,29897000
candidate1,append-spare-o3,0,256,16,cpp-std-vector,4,1,256,1048576,6144,1024,0,342000
candidate1,append-spare-o3,0,256,16,whitefoot,4,0,256,1048576,6144,1024,4194304,20776000
candidate1,append-spare-o3,0,256,16,whitefoot,4,1,256,1048576,6144,1024,0,418000
candidate1,append-spare-o3,0,256,16,cpp-std-vector,5,0,256,1048576,6144,1024,4194304,30099000
candidate1,append-spare-o3,0,256,16,cpp-std-vector,5,1,256,1048576,6144,1024,0,357000
candidate1,append-spare-o3,0,256,16,whitefoot,5,0,256,1048576,6144,1024,4194304,21163000
candidate1,append-spare-o3,0,256,16,whitefoot,5,1,256,1048576,6144,1024,0,419000
candidate1,append-spare-o3,0,256,16,rust-vec,5,0,256,1048576,6144,1024,4194304,19444000
candidate1,append-spare-o3,0,256,16,rust-vec,5,1,256,1048576,6144,1024,0,340000
candidate1,append-spare-o3,0,256,16,whitefoot,6,0,256,1048576,6144,1024,4194304,21021000
candidate1,append-spare-o3,0,256,16,whitefoot,6,1,256,1048576,6144,1024,0,414000
candidate1,append-spare-o3,0,256,16,rust-vec,6,0,256,1048576,6144,1024,4194304,19475000
candidate1,append-spare-o3,0,256,16,rust-vec,6,1,256,1048576,6144,1024,0,337000
candidate1,append-spare-o3,0,256,16,cpp-std-vector,6,0,256,1048576,6144,1024,4194304,30306000
candidate1,append-spare-o3,0,256,16,cpp-std-vector,6,1,256,1048576,6144,1024,0,349000
candidate1,append-spare-o3,1,256,16,cpp-std-vector,0,0,256,1048576,6144,1024,4194304,29942000
candidate1,append-spare-o3,1,256,16,cpp-std-vector,0,1,256,1048576,6144,1024,0,339000
candidate1,append-spare-o3,1,256,16,rust-vec,0,0,256,1048576,6144,1024,4194304,19362000
candidate1,append-spare-o3,1,256,16,rust-vec,0,1,256,1048576,6144,1024,0,338000
candidate1,append-spare-o3,1,256,16,whitefoot,0,0,256,1048576,6144,1024,4194304,20941000
candidate1,append-spare-o3,1,256,16,whitefoot,0,1,256,1048576,6144,1024,0,423000
candidate1,append-spare-o3,1,256,16,rust-vec,1,0,256,1048576,6144,1024,4194304,19812000
candidate1,append-spare-o3,1,256,16,rust-vec,1,1,256,1048576,6144,1024,0,352000
candidate1,append-spare-o3,1,256,16,whitefoot,1,0,256,1048576,6144,1024,4194304,21355000
candidate1,append-spare-o3,1,256,16,whitefoot,1,1,256,1048576,6144,1024,0,417000
candidate1,append-spare-o3,1,256,16,cpp-std-vector,1,0,256,1048576,6144,1024,4194304,30110000
candidate1,append-spare-o3,1,256,16,cpp-std-vector,1,1,256,1048576,6144,1024,0,342000
candidate1,append-spare-o3,1,256,16,whitefoot,2,0,256,1048576,6144,1024,4194304,20888000
candidate1,append-spare-o3,1,256,16,whitefoot,2,1,256,1048576,6144,1024,0,432000
candidate1,append-spare-o3,1,256,16,cpp-std-vector,2,0,256,1048576,6144,1024,4194304,30122000
candidate1,append-spare-o3,1,256,16,cpp-std-vector,2,1,256,1048576,6144,1024,0,337000
candidate1,append-spare-o3,1,256,16,rust-vec,2,0,256,1048576,6144,1024,4194304,19269000
candidate1,append-spare-o3,1,256,16,rust-vec,2,1,256,1048576,6144,1024,0,334000
candidate1,append-spare-o3,1,256,16,cpp-std-vector,3,0,256,1048576,6144,1024,4194304,30316000
candidate1,append-spare-o3,1,256,16,cpp-std-vector,3,1,256,1048576,6144,1024,0,337000
candidate1,append-spare-o3,1,256,16,rust-vec,3,0,256,1048576,6144,1024,4194304,19684000
candidate1,append-spare-o3,1,256,16,rust-vec,3,1,256,1048576,6144,1024,0,343000
candidate1,append-spare-o3,1,256,16,whitefoot,3,0,256,1048576,6144,1024,4194304,20746000
candidate1,append-spare-o3,1,256,16,whitefoot,3,1,256,1048576,6144,1024,0,420000
candidate1,append-spare-o3,1,256,16,rust-vec,4,0,256,1048576,6144,1024,4194304,19380000
candidate1,append-spare-o3,1,256,16,rust-vec,4,1,256,1048576,6144,1024,0,340000
candidate1,append-spare-o3,1,256,16,whitefoot,4,0,256,1048576,6144,1024,4194304,20801000
candidate1,append-spare-o3,1,256,16,whitefoot,4,1,256,1048576,6144,1024,0,417000
candidate1,append-spare-o3,1,256,16,cpp-std-vector,4,0,256,1048576,6144,1024,4194304,30042000
candidate1,append-spare-o3,1,256,16,cpp-std-vector,4,1,256,1048576,6144,1024,0,339000
candidate1,append-spare-o3,1,256,16,whitefoot,5,0,256,1048576,6144,1024,4194304,20936000
candidate1,append-spare-o3,1,256,16,whitefoot,5,1,256,1048576,6144,1024,0,427000
candidate1,append-spare-o3,1,256,16,cpp-std-vector,5,0,256,1048576,6144,1024,4194304,30064000
candidate1,append-spare-o3,1,256,16,cpp-std-vector,5,1,256,1048576,6144,1024,0,344000
candidate1,append-spare-o3,1,256,16,rust-vec,5,0,256,1048576,6144,1024,4194304,19733000
candidate1,append-spare-o3,1,256,16,rust-vec,5,1,256,1048576,6144,1024,0,335000
candidate1,append-spare-o3,1,256,16,cpp-std-vector,6,0,256,1048576,6144,1024,4194304,29964000
candidate1,append-spare-o3,1,256,16,cpp-std-vector,6,1,256,1048576,6144,1024,0,347000
candidate1,append-spare-o3,1,256,16,rust-vec,6,0,256,1048576,6144,1024,4194304,19378000
candidate1,append-spare-o3,1,256,16,rust-vec,6,1,256,1048576,6144,1024,0,348000
candidate1,append-spare-o3,1,256,16,whitefoot,6,0,256,1048576,6144,1024,4194304,20763000
candidate1,append-spare-o3,1,256,16,whitefoot,6,1,256,1048576,6144,1024,0,421000
candidate1,append-spare-o3,0,256,256,whitefoot,0,0,16,1048576,384,1024,4194304,19007000
candidate1,append-spare-o3,0,256,256,whitefoot,0,1,16,1048576,384,1024,0,75000
candidate1,append-spare-o3,0,256,256,rust-vec,0,0,16,1048576,384,1024,4194304,18463000
candidate1,append-spare-o3,0,256,256,rust-vec,0,1,16,1048576,384,1024,0,37000
candidate1,append-spare-o3,0,256,256,cpp-std-vector,0,0,16,1048576,384,1024,4194304,41378000
candidate1,append-spare-o3,0,256,256,cpp-std-vector,0,1,16,1048576,384,1024,0,35000
candidate1,append-spare-o3,0,256,256,rust-vec,1,0,16,1048576,384,1024,4194304,18298000
candidate1,append-spare-o3,0,256,256,rust-vec,1,1,16,1048576,384,1024,0,32000
candidate1,append-spare-o3,0,256,256,cpp-std-vector,1,0,16,1048576,384,1024,4194304,30198000
candidate1,append-spare-o3,0,256,256,cpp-std-vector,1,1,16,1048576,384,1024,0,24000
candidate1,append-spare-o3,0,256,256,whitefoot,1,0,16,1048576,384,1024,4194304,18622000
candidate1,append-spare-o3,0,256,256,whitefoot,1,1,16,1048576,384,1024,0,54000
candidate1,append-spare-o3,0,256,256,cpp-std-vector,2,0,16,1048576,384,1024,4194304,29953000
candidate1,append-spare-o3,0,256,256,cpp-std-vector,2,1,16,1048576,384,1024,0,32000
candidate1,append-spare-o3,0,256,256,whitefoot,2,0,16,1048576,384,1024,4194304,18534000
candidate1,append-spare-o3,0,256,256,whitefoot,2,1,16,1048576,384,1024,0,69000
candidate1,append-spare-o3,0,256,256,rust-vec,2,0,16,1048576,384,1024,4194304,18469000
candidate1,append-spare-o3,0,256,256,rust-vec,2,1,16,1048576,384,1024,0,36000
candidate1,append-spare-o3,0,256,256,whitefoot,3,0,16,1048576,384,1024,4194304,18647000
candidate1,append-spare-o3,0,256,256,whitefoot,3,1,16,1048576,384,1024,0,73000
candidate1,append-spare-o3,0,256,256,rust-vec,3,0,16,1048576,384,1024,4194304,17975000
candidate1,append-spare-o3,0,256,256,rust-vec,3,1,16,1048576,384,1024,0,31000
candidate1,append-spare-o3,0,256,256,cpp-std-vector,3,0,16,1048576,384,1024,4194304,30045000
candidate1,append-spare-o3,0,256,256,cpp-std-vector,3,1,16,1048576,384,1024,0,28000
candidate1,append-spare-o3,0,256,256,rust-vec,4,0,16,1048576,384,1024,4194304,18037000
candidate1,append-spare-o3,0,256,256,rust-vec,4,1,16,1048576,384,1024,0,34000
candidate1,append-spare-o3,0,256,256,cpp-std-vector,4,0,16,1048576,384,1024,4194304,30124000
candidate1,append-spare-o3,0,256,256,cpp-std-vector,4,1,16,1048576,384,1024,0,30000
candidate1,append-spare-o3,0,256,256,whitefoot,4,0,16,1048576,384,1024,4194304,18786000
candidate1,append-spare-o3,0,256,256,whitefoot,4,1,16,1048576,384,1024,0,59000
candidate1,append-spare-o3,0,256,256,cpp-std-vector,5,0,16,1048576,384,1024,4194304,30249000
candidate1,append-spare-o3,0,256,256,cpp-std-vector,5,1,16,1048576,384,1024,0,21000
candidate1,append-spare-o3,0,256,256,whitefoot,5,0,16,1048576,384,1024,4194304,18870000
candidate1,append-spare-o3,0,256,256,whitefoot,5,1,16,1048576,384,1024,0,51000
candidate1,append-spare-o3,0,256,256,rust-vec,5,0,16,1048576,384,1024,4194304,18273000
candidate1,append-spare-o3,0,256,256,rust-vec,5,1,16,1048576,384,1024,0,37000
candidate1,append-spare-o3,0,256,256,whitefoot,6,0,16,1048576,384,1024,4194304,18700000
candidate1,append-spare-o3,0,256,256,whitefoot,6,1,16,1048576,384,1024,0,53000
candidate1,append-spare-o3,0,256,256,rust-vec,6,0,16,1048576,384,1024,4194304,18142000
candidate1,append-spare-o3,0,256,256,rust-vec,6,1,16,1048576,384,1024,0,35000
candidate1,append-spare-o3,0,256,256,cpp-std-vector,6,0,16,1048576,384,1024,4194304,29774000
candidate1,append-spare-o3,0,256,256,cpp-std-vector,6,1,16,1048576,384,1024,0,7000
candidate1,append-spare-o3,1,256,256,cpp-std-vector,0,0,16,1048576,384,1024,4194304,30324000
candidate1,append-spare-o3,1,256,256,cpp-std-vector,0,1,16,1048576,384,1024,0,31000
candidate1,append-spare-o3,1,256,256,rust-vec,0,0,16,1048576,384,1024,4194304,18048000
candidate1,append-spare-o3,1,256,256,rust-vec,0,1,16,1048576,384,1024,0,36000
candidate1,append-spare-o3,1,256,256,whitefoot,0,0,16,1048576,384,1024,4194304,18945000
candidate1,append-spare-o3,1,256,256,whitefoot,0,1,16,1048576,384,1024,0,81000
candidate1,append-spare-o3,1,256,256,rust-vec,1,0,16,1048576,384,1024,4194304,18007000
candidate1,append-spare-o3,1,256,256,rust-vec,1,1,16,1048576,384,1024,0,32000
candidate1,append-spare-o3,1,256,256,whitefoot,1,0,16,1048576,384,1024,4194304,18848000
candidate1,append-spare-o3,1,256,256,whitefoot,1,1,16,1048576,384,1024,0,59000
candidate1,append-spare-o3,1,256,256,cpp-std-vector,1,0,16,1048576,384,1024,4194304,29759000
candidate1,append-spare-o3,1,256,256,cpp-std-vector,1,1,16,1048576,384,1024,0,27000
candidate1,append-spare-o3,1,256,256,whitefoot,2,0,16,1048576,384,1024,4194304,18857000
candidate1,append-spare-o3,1,256,256,whitefoot,2,1,16,1048576,384,1024,0,59000
candidate1,append-spare-o3,1,256,256,cpp-std-vector,2,0,16,1048576,384,1024,4194304,30145000
candidate1,append-spare-o3,1,256,256,cpp-std-vector,2,1,16,1048576,384,1024,0,34000
candidate1,append-spare-o3,1,256,256,rust-vec,2,0,16,1048576,384,1024,4194304,18228000
candidate1,append-spare-o3,1,256,256,rust-vec,2,1,16,1048576,384,1024,0,36000
candidate1,append-spare-o3,1,256,256,cpp-std-vector,3,0,16,1048576,384,1024,4194304,29922000
candidate1,append-spare-o3,1,256,256,cpp-std-vector,3,1,16,1048576,384,1024,0,31000
candidate1,append-spare-o3,1,256,256,rust-vec,3,0,16,1048576,384,1024,4194304,18129000
candidate1,append-spare-o3,1,256,256,rust-vec,3,1,16,1048576,384,1024,0,31000
candidate1,append-spare-o3,1,256,256,whitefoot,3,0,16,1048576,384,1024,4194304,18670000
candidate1,append-spare-o3,1,256,256,whitefoot,3,1,16,1048576,384,1024,0,57000
candidate1,append-spare-o3,1,256,256,rust-vec,4,0,16,1048576,384,1024,4194304,18278000
candidate1,append-spare-o3,1,256,256,rust-vec,4,1,16,1048576,384,1024,0,37000
candidate1,append-spare-o3,1,256,256,whitefoot,4,0,16,1048576,384,1024,4194304,19152000
candidate1,append-spare-o3,1,256,256,whitefoot,4,1,16,1048576,384,1024,0,73000
candidate1,append-spare-o3,1,256,256,cpp-std-vector,4,0,16,1048576,384,1024,4194304,29766000
candidate1,append-spare-o3,1,256,256,cpp-std-vector,4,1,16,1048576,384,1024,0,26000
candidate1,append-spare-o3,1,256,256,whitefoot,5,0,16,1048576,384,1024,4194304,18757000
candidate1,append-spare-o3,1,256,256,whitefoot,5,1,16,1048576,384,1024,0,66000
candidate1,append-spare-o3,1,256,256,cpp-std-vector,5,0,16,1048576,384,1024,4194304,29864000
candidate1,append-spare-o3,1,256,256,cpp-std-vector,5,1,16,1048576,384,1024,0,18000
candidate1,append-spare-o3,1,256,256,rust-vec,5,0,16,1048576,384,1024,4194304,18493000
candidate1,append-spare-o3,1,256,256,rust-vec,5,1,16,1048576,384,1024,0,32000
candidate1,append-spare-o3,1,256,256,cpp-std-vector,6,0,16,1048576,384,1024,4194304,29943000
candidate1,append-spare-o3,1,256,256,cpp-std-vector,6,1,16,1048576,384,1024,0,31000
candidate1,append-spare-o3,1,256,256,rust-vec,6,0,16,1048576,384,1024,4194304,18265000
candidate1,append-spare-o3,1,256,256,rust-vec,6,1,16,1048576,384,1024,0,36000
candidate1,append-spare-o3,1,256,256,whitefoot,6,0,16,1048576,384,1024,4194304,18544000
candidate1,append-spare-o3,1,256,256,whitefoot,6,1,16,1048576,384,1024,0,69000
candidate1,append-spare-o3,0,256,4096,whitefoot,0,0,1,1048576,24,1024,4194304,18502000
candidate1,append-spare-o3,0,256,4096,whitefoot,0,1,1,1048576,24,1024,0,21000
candidate1,append-spare-o3,0,256,4096,rust-vec,0,0,1,1048576,24,1024,4194304,17835000
candidate1,append-spare-o3,0,256,4096,rust-vec,0,1,1,1048576,24,1024,0,22000
candidate1,append-spare-o3,0,256,4096,cpp-std-vector,0,0,1,1048576,24,1024,4194304,30102000
candidate1,append-spare-o3,0,256,4096,cpp-std-vector,0,1,1,1048576,24,1024,0,19000
candidate1,append-spare-o3,0,256,4096,rust-vec,1,0,1,1048576,24,1024,4194304,17858000
candidate1,append-spare-o3,0,256,4096,rust-vec,1,1,1,1048576,24,1024,0,26000
candidate1,append-spare-o3,0,256,4096,cpp-std-vector,1,0,1,1048576,24,1024,4194304,29834000
candidate1,append-spare-o3,0,256,4096,cpp-std-vector,1,1,1,1048576,24,1024,0,24000
candidate1,append-spare-o3,0,256,4096,whitefoot,1,0,1,1048576,24,1024,4194304,18659000
candidate1,append-spare-o3,0,256,4096,whitefoot,1,1,1,1048576,24,1024,0,31000
candidate1,append-spare-o3,0,256,4096,cpp-std-vector,2,0,1,1048576,24,1024,4194304,29701000
candidate1,append-spare-o3,0,256,4096,cpp-std-vector,2,1,1,1048576,24,1024,0,24000
candidate1,append-spare-o3,0,256,4096,whitefoot,2,0,1,1048576,24,1024,4194304,18428000
candidate1,append-spare-o3,0,256,4096,whitefoot,2,1,1,1048576,24,1024,0,21000
candidate1,append-spare-o3,0,256,4096,rust-vec,2,0,1,1048576,24,1024,4194304,17868000
candidate1,append-spare-o3,0,256,4096,rust-vec,2,1,1,1048576,24,1024,0,22000
candidate1,append-spare-o3,0,256,4096,whitefoot,3,0,1,1048576,24,1024,4194304,18395000
candidate1,append-spare-o3,0,256,4096,whitefoot,3,1,1,1048576,24,1024,0,22000
candidate1,append-spare-o3,0,256,4096,rust-vec,3,0,1,1048576,24,1024,4194304,17843000
candidate1,append-spare-o3,0,256,4096,rust-vec,3,1,1,1048576,24,1024,0,26000
candidate1,append-spare-o3,0,256,4096,cpp-std-vector,3,0,1,1048576,24,1024,4194304,30665000
candidate1,append-spare-o3,0,256,4096,cpp-std-vector,3,1,1,1048576,24,1024,0,24000
candidate1,append-spare-o3,0,256,4096,rust-vec,4,0,1,1048576,24,1024,4194304,18602000
candidate1,append-spare-o3,0,256,4096,rust-vec,4,1,1,1048576,24,1024,0,26000
candidate1,append-spare-o3,0,256,4096,cpp-std-vector,4,0,1,1048576,24,1024,4194304,29709000
candidate1,append-spare-o3,0,256,4096,cpp-std-vector,4,1,1,1048576,24,1024,0,22000
candidate1,append-spare-o3,0,256,4096,whitefoot,4,0,1,1048576,24,1024,4194304,18384000
candidate1,append-spare-o3,0,256,4096,whitefoot,4,1,1,1048576,24,1024,0,24000
candidate1,append-spare-o3,0,256,4096,cpp-std-vector,5,0,1,1048576,24,1024,4194304,30182000
candidate1,append-spare-o3,0,256,4096,cpp-std-vector,5,1,1,1048576,24,1024,0,27000
candidate1,append-spare-o3,0,256,4096,whitefoot,5,0,1,1048576,24,1024,4194304,18321000
candidate1,append-spare-o3,0,256,4096,whitefoot,5,1,1,1048576,24,1024,0,25000
candidate1,append-spare-o3,0,256,4096,rust-vec,5,0,1,1048576,24,1024,4194304,18285000
candidate1,append-spare-o3,0,256,4096,rust-vec,5,1,1,1048576,24,1024,0,25000
candidate1,append-spare-o3,0,256,4096,whitefoot,6,0,1,1048576,24,1024,4194304,18413000
candidate1,append-spare-o3,0,256,4096,whitefoot,6,1,1,1048576,24,1024,0,23000
candidate1,append-spare-o3,0,256,4096,rust-vec,6,0,1,1048576,24,1024,4194304,17809000
candidate1,append-spare-o3,0,256,4096,rust-vec,6,1,1,1048576,24,1024,0,28000
candidate1,append-spare-o3,0,256,4096,cpp-std-vector,6,0,1,1048576,24,1024,4194304,29627000
candidate1,append-spare-o3,0,256,4096,cpp-std-vector,6,1,1,1048576,24,1024,0,20000
candidate1,append-spare-o3,1,256,4096,cpp-std-vector,0,0,1,1048576,24,1024,4194304,30064000
candidate1,append-spare-o3,1,256,4096,cpp-std-vector,0,1,1,1048576,24,1024,0,22000
candidate1,append-spare-o3,1,256,4096,rust-vec,0,0,1,1048576,24,1024,4194304,18152000
candidate1,append-spare-o3,1,256,4096,rust-vec,0,1,1,1048576,24,1024,0,24000
candidate1,append-spare-o3,1,256,4096,whitefoot,0,0,1,1048576,24,1024,4194304,18266000
candidate1,append-spare-o3,1,256,4096,whitefoot,0,1,1,1048576,24,1024,0,25000
candidate1,append-spare-o3,1,256,4096,rust-vec,1,0,1,1048576,24,1024,4194304,18231000
candidate1,append-spare-o3,1,256,4096,rust-vec,1,1,1,1048576,24,1024,0,23000
candidate1,append-spare-o3,1,256,4096,whitefoot,1,0,1,1048576,24,1024,4194304,18310000
candidate1,append-spare-o3,1,256,4096,whitefoot,1,1,1,1048576,24,1024,0,26000
candidate1,append-spare-o3,1,256,4096,cpp-std-vector,1,0,1,1048576,24,1024,4194304,29745000
candidate1,append-spare-o3,1,256,4096,cpp-std-vector,1,1,1,1048576,24,1024,0,22000
candidate1,append-spare-o3,1,256,4096,whitefoot,2,0,1,1048576,24,1024,4194304,18395000
candidate1,append-spare-o3,1,256,4096,whitefoot,2,1,1,1048576,24,1024,0,21000
candidate1,append-spare-o3,1,256,4096,cpp-std-vector,2,0,1,1048576,24,1024,4194304,29579000
candidate1,append-spare-o3,1,256,4096,cpp-std-vector,2,1,1,1048576,24,1024,0,20000
candidate1,append-spare-o3,1,256,4096,rust-vec,2,0,1,1048576,24,1024,4194304,17985000
candidate1,append-spare-o3,1,256,4096,rust-vec,2,1,1,1048576,24,1024,0,21000
candidate1,append-spare-o3,1,256,4096,cpp-std-vector,3,0,1,1048576,24,1024,4194304,30304000
candidate1,append-spare-o3,1,256,4096,cpp-std-vector,3,1,1,1048576,24,1024,0,25000
candidate1,append-spare-o3,1,256,4096,rust-vec,3,0,1,1048576,24,1024,4194304,17904000
candidate1,append-spare-o3,1,256,4096,rust-vec,3,1,1,1048576,24,1024,0,24000
candidate1,append-spare-o3,1,256,4096,whitefoot,3,0,1,1048576,24,1024,4194304,18295000
candidate1,append-spare-o3,1,256,4096,whitefoot,3,1,1,1048576,24,1024,0,21000
candidate1,append-spare-o3,1,256,4096,rust-vec,4,0,1,1048576,24,1024,4194304,18025000
candidate1,append-spare-o3,1,256,4096,rust-vec,4,1,1,1048576,24,1024,0,27000
candidate1,append-spare-o3,1,256,4096,whitefoot,4,0,1,1048576,24,1024,4194304,18473000
candidate1,append-spare-o3,1,256,4096,whitefoot,4,1,1,1048576,24,1024,0,27000
candidate1,append-spare-o3,1,256,4096,cpp-std-vector,4,0,1,1048576,24,1024,4194304,29888000
candidate1,append-spare-o3,1,256,4096,cpp-std-vector,4,1,1,1048576,24,1024,0,25000
candidate1,append-spare-o3,1,256,4096,whitefoot,5,0,1,1048576,24,1024,4194304,18708000
candidate1,append-spare-o3,1,256,4096,whitefoot,5,1,1,1048576,24,1024,0,30000
candidate1,append-spare-o3,1,256,4096,cpp-std-vector,5,0,1,1048576,24,1024,4194304,29883000
candidate1,append-spare-o3,1,256,4096,cpp-std-vector,5,1,1,1048576,24,1024,0,24000
candidate1,append-spare-o3,1,256,4096,rust-vec,5,0,1,1048576,24,1024,4194304,17883000
candidate1,append-spare-o3,1,256,4096,rust-vec,5,1,1,1048576,24,1024,0,23000
candidate1,append-spare-o3,1,256,4096,cpp-std-vector,6,0,1,1048576,24,1024,4194304,29713000
candidate1,append-spare-o3,1,256,4096,cpp-std-vector,6,1,1,1048576,24,1024,0,24000
candidate1,append-spare-o3,1,256,4096,rust-vec,6,0,1,1048576,24,1024,4194304,17847000
candidate1,append-spare-o3,1,256,4096,rust-vec,6,1,1,1048576,24,1024,0,21000
candidate1,append-spare-o3,1,256,4096,whitefoot,6,0,1,1048576,24,1024,4194304,18388000
candidate1,append-spare-o3,1,256,4096,whitefoot,6,1,1,1048576,24,1024,0,25000
candidate2,append-spare-o3,0,8,16,whitefoot,0,0,1024,131072,24576,256,4194304,1947000
candidate2,append-spare-o3,0,8,16,whitefoot,0,1,1024,131072,24576,256,0,367000
candidate2,append-spare-o3,0,8,16,rust-vec,0,0,1024,131072,24576,256,4194304,1978000
candidate2,append-spare-o3,0,8,16,rust-vec,0,1,1024,131072,24576,256,0,326000
candidate2,append-spare-o3,0,8,16,cpp-std-vector,0,0,1024,131072,24576,256,4194304,4201000
candidate2,append-spare-o3,0,8,16,cpp-std-vector,0,1,1024,131072,24576,256,0,329000
candidate2,append-spare-o3,0,8,16,rust-vec,1,0,1024,131072,24576,256,4194304,2009000
candidate2,append-spare-o3,0,8,16,rust-vec,1,1,1024,131072,24576,256,0,331000
candidate2,append-spare-o3,0,8,16,cpp-std-vector,1,0,1024,131072,24576,256,4194304,4211000
candidate2,append-spare-o3,0,8,16,cpp-std-vector,1,1,1024,131072,24576,256,0,328000
candidate2,append-spare-o3,0,8,16,whitefoot,1,0,1024,131072,24576,256,4194304,1942000
candidate2,append-spare-o3,0,8,16,whitefoot,1,1,1024,131072,24576,256,0,325000
candidate2,append-spare-o3,0,8,16,cpp-std-vector,2,0,1024,131072,24576,256,4194304,4225000
candidate2,append-spare-o3,0,8,16,cpp-std-vector,2,1,1024,131072,24576,256,0,332000
candidate2,append-spare-o3,0,8,16,whitefoot,2,0,1024,131072,24576,256,4194304,1910000
candidate2,append-spare-o3,0,8,16,whitefoot,2,1,1024,131072,24576,256,0,332000
candidate2,append-spare-o3,0,8,16,rust-vec,2,0,1024,131072,24576,256,4194304,1969000
candidate2,append-spare-o3,0,8,16,rust-vec,2,1,1024,131072,24576,256,0,355000
candidate2,append-spare-o3,0,8,16,whitefoot,3,0,1024,131072,24576,256,4194304,1965000
candidate2,append-spare-o3,0,8,16,whitefoot,3,1,1024,131072,24576,256,0,338000
candidate2,append-spare-o3,0,8,16,rust-vec,3,0,1024,131072,24576,256,4194304,2026000
candidate2,append-spare-o3,0,8,16,rust-vec,3,1,1024,131072,24576,256,0,340000
candidate2,append-spare-o3,0,8,16,cpp-std-vector,3,0,1024,131072,24576,256,4194304,4306000
candidate2,append-spare-o3,0,8,16,cpp-std-vector,3,1,1024,131072,24576,256,0,338000
candidate2,append-spare-o3,0,8,16,rust-vec,4,0,1024,131072,24576,256,4194304,2004000
candidate2,append-spare-o3,0,8,16,rust-vec,4,1,1024,131072,24576,256,0,351000
candidate2,append-spare-o3,0,8,16,cpp-std-vector,4,0,1024,131072,24576,256,4194304,4258000
candidate2,append-spare-o3,0,8,16,cpp-std-vector,4,1,1024,131072,24576,256,0,332000
candidate2,append-spare-o3,0,8,16,whitefoot,4,0,1024,131072,24576,256,4194304,1928000
candidate2,append-spare-o3,0,8,16,whitefoot,4,1,1024,131072,24576,256,0,325000
candidate2,append-spare-o3,0,8,16,cpp-std-vector,5,0,1024,131072,24576,256,4194304,4197000
candidate2,append-spare-o3,0,8,16,cpp-std-vector,5,1,1024,131072,24576,256,0,336000
candidate2,append-spare-o3,0,8,16,whitefoot,5,0,1024,131072,24576,256,4194304,1899000
candidate2,append-spare-o3,0,8,16,whitefoot,5,1,1024,131072,24576,256,0,329000
candidate2,append-spare-o3,0,8,16,rust-vec,5,0,1024,131072,24576,256,4194304,2013000
candidate2,append-spare-o3,0,8,16,rust-vec,5,1,1024,131072,24576,256,0,353000
candidate2,append-spare-o3,0,8,16,whitefoot,6,0,1024,131072,24576,256,4194304,2053000
candidate2,append-spare-o3,0,8,16,whitefoot,6,1,1024,131072,24576,256,0,364000
candidate2,append-spare-o3,0,8,16,rust-vec,6,0,1024,131072,24576,256,4194304,2088000
candidate2,append-spare-o3,0,8,16,rust-vec,6,1,1024,131072,24576,256,0,347000
candidate2,append-spare-o3,0,8,16,cpp-std-vector,6,0,1024,131072,24576,256,4194304,4289000
candidate2,append-spare-o3,0,8,16,cpp-std-vector,6,1,1024,131072,24576,256,0,327000
candidate2,append-spare-o3,1,8,16,cpp-std-vector,0,0,1024,131072,24576,256,4194304,4403000
candidate2,append-spare-o3,1,8,16,cpp-std-vector,0,1,1024,131072,24576,256,0,344000
candidate2,append-spare-o3,1,8,16,rust-vec,0,0,1024,131072,24576,256,4194304,2066000
candidate2,append-spare-o3,1,8,16,rust-vec,0,1,1024,131072,24576,256,0,335000
candidate2,append-spare-o3,1,8,16,whitefoot,0,0,1024,131072,24576,256,4194304,1905000
candidate2,append-spare-o3,1,8,16,whitefoot,0,1,1024,131072,24576,256,0,343000
candidate2,append-spare-o3,1,8,16,rust-vec,1,0,1024,131072,24576,256,4194304,2042000
candidate2,append-spare-o3,1,8,16,rust-vec,1,1,1024,131072,24576,256,0,343000
candidate2,append-spare-o3,1,8,16,whitefoot,1,0,1024,131072,24576,256,4194304,1998000
candidate2,append-spare-o3,1,8,16,whitefoot,1,1,1024,131072,24576,256,0,329000
candidate2,append-spare-o3,1,8,16,cpp-std-vector,1,0,1024,131072,24576,256,4194304,4217000
candidate2,append-spare-o3,1,8,16,cpp-std-vector,1,1,1024,131072,24576,256,0,333000
candidate2,append-spare-o3,1,8,16,whitefoot,2,0,1024,131072,24576,256,4194304,1991000
candidate2,append-spare-o3,1,8,16,whitefoot,2,1,1024,131072,24576,256,0,330000
candidate2,append-spare-o3,1,8,16,cpp-std-vector,2,0,1024,131072,24576,256,4194304,4237000
candidate2,append-spare-o3,1,8,16,cpp-std-vector,2,1,1024,131072,24576,256,0,333000
candidate2,append-spare-o3,1,8,16,rust-vec,2,0,1024,131072,24576,256,4194304,1960000
candidate2,append-spare-o3,1,8,16,rust-vec,2,1,1024,131072,24576,256,0,335000
candidate2,append-spare-o3,1,8,16,cpp-std-vector,3,0,1024,131072,24576,256,4194304,4218000
candidate2,append-spare-o3,1,8,16,cpp-std-vector,3,1,1024,131072,24576,256,0,331000
candidate2,append-spare-o3,1,8,16,rust-vec,3,0,1024,131072,24576,256,4194304,1969000
candidate2,append-spare-o3,1,8,16,rust-vec,3,1,1024,131072,24576,256,0,327000
candidate2,append-spare-o3,1,8,16,whitefoot,3,0,1024,131072,24576,256,4194304,1923000
candidate2,append-spare-o3,1,8,16,whitefoot,3,1,1024,131072,24576,256,0,327000
candidate2,append-spare-o3,1,8,16,rust-vec,4,0,1024,131072,24576,256,4194304,1972000
candidate2,append-spare-o3,1,8,16,rust-vec,4,1,1024,131072,24576,256,0,329000
candidate2,append-spare-o3,1,8,16,whitefoot,4,0,1024,131072,24576,256,4194304,1901000
candidate2,append-spare-o3,1,8,16,whitefoot,4,1,1024,131072,24576,256,0,331000
candidate2,append-spare-o3,1,8,16,cpp-std-vector,4,0,1024,131072,24576,256,4194304,4211000
candidate2,append-spare-o3,1,8,16,cpp-std-vector,4,1,1024,131072,24576,256,0,327000
candidate2,append-spare-o3,1,8,16,whitefoot,5,0,1024,131072,24576,256,4194304,1921000
candidate2,append-spare-o3,1,8,16,whitefoot,5,1,1024,131072,24576,256,0,329000
candidate2,append-spare-o3,1,8,16,cpp-std-vector,5,0,1024,131072,24576,256,4194304,4258000
candidate2,append-spare-o3,1,8,16,cpp-std-vector,5,1,1024,131072,24576,256,0,330000
candidate2,append-spare-o3,1,8,16,rust-vec,5,0,1024,131072,24576,256,4194304,1959000
candidate2,append-spare-o3,1,8,16,rust-vec,5,1,1024,131072,24576,256,0,329000
candidate2,append-spare-o3,1,8,16,cpp-std-vector,6,0,1024,131072,24576,256,4194304,4213000
candidate2,append-spare-o3,1,8,16,cpp-std-vector,6,1,1024,131072,24576,256,0,332000
candidate2,append-spare-o3,1,8,16,rust-vec,6,0,1024,131072,24576,256,4194304,1958000
candidate2,append-spare-o3,1,8,16,rust-vec,6,1,1024,131072,24576,256,0,330000
candidate2,append-spare-o3,1,8,16,whitefoot,6,0,1024,131072,24576,256,4194304,1954000
candidate2,append-spare-o3,1,8,16,whitefoot,6,1,1024,131072,24576,256,0,330000
candidate2,append-spare-o3,0,8,256,whitefoot,0,0,512,1048576,12288,32,4194304,2143000
candidate2,append-spare-o3,0,8,256,whitefoot,0,1,512,1048576,12288,32,0,19000
candidate2,append-spare-o3,0,8,256,rust-vec,0,0,512,1048576,12288,32,4194304,1778000
candidate2,append-spare-o3,0,8,256,rust-vec,0,1,512,1048576,12288,32,0,21000
candidate2,append-spare-o3,0,8,256,cpp-std-vector,0,0,512,1048576,12288,32,4194304,3834000
candidate2,append-spare-o3,0,8,256,cpp-std-vector,0,1,512,1048576,12288,32,0,22000
candidate2,append-spare-o3,0,8,256,rust-vec,1,0,512,1048576,12288,32,4194304,1785000
candidate2,append-spare-o3,0,8,256,rust-vec,1,1,512,1048576,12288,32,0,21000
candidate2,append-spare-o3,0,8,256,cpp-std-vector,1,0,512,1048576,12288,32,4194304,3959000
candidate2,append-spare-o3,0,8,256,cpp-std-vector,1,1,512,1048576,12288,32,0,20000
candidate2,append-spare-o3,0,8,256,whitefoot,1,0,512,1048576,12288,32,4194304,2131000
candidate2,append-spare-o3,0,8,256,whitefoot,1,1,512,1048576,12288,32,0,22000
candidate2,append-spare-o3,0,8,256,cpp-std-vector,2,0,512,1048576,12288,32,4194304,3913000
candidate2,append-spare-o3,0,8,256,cpp-std-vector,2,1,512,1048576,12288,32,0,21000
candidate2,append-spare-o3,0,8,256,whitefoot,2,0,512,1048576,12288,32,4194304,2190000
candidate2,append-spare-o3,0,8,256,whitefoot,2,1,512,1048576,12288,32,0,20000
candidate2,append-spare-o3,0,8,256,rust-vec,2,0,512,1048576,12288,32,4194304,1807000
candidate2,append-spare-o3,0,8,256,rust-vec,2,1,512,1048576,12288,32,0,20000
candidate2,append-spare-o3,0,8,256,whitefoot,3,0,512,1048576,12288,32,4194304,2152000
candidate2,append-spare-o3,0,8,256,whitefoot,3,1,512,1048576,12288,32,0,22000
candidate2,append-spare-o3,0,8,256,rust-vec,3,0,512,1048576,12288,32,4194304,1795000
candidate2,append-spare-o3,0,8,256,rust-vec,3,1,512,1048576,12288,32,0,20000
candidate2,append-spare-o3,0,8,256,cpp-std-vector,3,0,512,1048576,12288,32,4194304,3854000
candidate2,append-spare-o3,0,8,256,cpp-std-vector,3,1,512,1048576,12288,32,0,21000
candidate2,append-spare-o3,0,8,256,rust-vec,4,0,512,1048576,12288,32,4194304,1779000
candidate2,append-spare-o3,0,8,256,rust-vec,4,1,512,1048576,12288,32,0,36000
candidate2,append-spare-o3,0,8,256,cpp-std-vector,4,0,512,1048576,12288,32,4194304,3893000
candidate2,append-spare-o3,0,8,256,cpp-std-vector,4,1,512,1048576,12288,32,0,21000
candidate2,append-spare-o3,0,8,256,whitefoot,4,0,512,1048576,12288,32,4194304,2146000
candidate2,append-spare-o3,0,8,256,whitefoot,4,1,512,1048576,12288,32,0,23000
candidate2,append-spare-o3,0,8,256,cpp-std-vector,5,0,512,1048576,12288,32,4194304,3849000
candidate2,append-spare-o3,0,8,256,cpp-std-vector,5,1,512,1048576,12288,32,0,21000
candidate2,append-spare-o3,0,8,256,whitefoot,5,0,512,1048576,12288,32,4194304,2184000
candidate2,append-spare-o3,0,8,256,whitefoot,5,1,512,1048576,12288,32,0,22000
candidate2,append-spare-o3,0,8,256,rust-vec,5,0,512,1048576,12288,32,4194304,1930000
candidate2,append-spare-o3,0,8,256,rust-vec,5,1,512,1048576,12288,32,0,21000
candidate2,append-spare-o3,0,8,256,whitefoot,6,0,512,1048576,12288,32,4194304,2196000
candidate2,append-spare-o3,0,8,256,whitefoot,6,1,512,1048576,12288,32,0,18000
candidate2,append-spare-o3,0,8,256,rust-vec,6,0,512,1048576,12288,32,4194304,1802000
candidate2,append-spare-o3,0,8,256,rust-vec,6,1,512,1048576,12288,32,0,20000
candidate2,append-spare-o3,0,8,256,cpp-std-vector,6,0,512,1048576,12288,32,4194304,3861000
candidate2,append-spare-o3,0,8,256,cpp-std-vector,6,1,512,1048576,12288,32,0,21000
candidate2,append-spare-o3,1,8,256,cpp-std-vector,0,0,512,1048576,12288,32,4194304,3932000
candidate2,append-spare-o3,1,8,256,cpp-std-vector,0,1,512,1048576,12288,32,0,21000
candidate2,append-spare-o3,1,8,256,rust-vec,0,0,512,1048576,12288,32,4194304,1783000
candidate2,append-spare-o3,1,8,256,rust-vec,0,1,512,1048576,12288,32,0,24000
candidate2,append-spare-o3,1,8,256,whitefoot,0,0,512,1048576,12288,32,4194304,2142000
candidate2,append-spare-o3,1,8,256,whitefoot,0,1,512,1048576,12288,32,0,24000
candidate2,append-spare-o3,1,8,256,rust-vec,1,0,512,1048576,12288,32,4194304,1784000
candidate2,append-spare-o3,1,8,256,rust-vec,1,1,512,1048576,12288,32,0,22000
candidate2,append-spare-o3,1,8,256,whitefoot,1,0,512,1048576,12288,32,4194304,2132000
candidate2,append-spare-o3,1,8,256,whitefoot,1,1,512,1048576,12288,32,0,17000
candidate2,append-spare-o3,1,8,256,cpp-std-vector,1,0,512,1048576,12288,32,4194304,3940000
candidate2,append-spare-o3,1,8,256,cpp-std-vector,1,1,512,1048576,12288,32,0,21000
candidate2,append-spare-o3,1,8,256,whitefoot,2,0,512,1048576,12288,32,4194304,2123000
candidate2,append-spare-o3,1,8,256,whitefoot,2,1,512,1048576,12288,32,0,20000
candidate2,append-spare-o3,1,8,256,cpp-std-vector,2,0,512,1048576,12288,32,4194304,3965000
candidate2,append-spare-o3,1,8,256,cpp-std-vector,2,1,512,1048576,12288,32,0,22000
candidate2,append-spare-o3,1,8,256,rust-vec,2,0,512,1048576,12288,32,4194304,1797000
candidate2,append-spare-o3,1,8,256,rust-vec,2,1,512,1048576,12288,32,0,21000
candidate2,append-spare-o3,1,8,256,cpp-std-vector,3,0,512,1048576,12288,32,4194304,3887000
candidate2,append-spare-o3,1,8,256,cpp-std-vector,3,1,512,1048576,12288,32,0,20000
candidate2,append-spare-o3,1,8,256,rust-vec,3,0,512,1048576,12288,32,4194304,1895000
candidate2,append-spare-o3,1,8,256,rust-vec,3,1,512,1048576,12288,32,0,21000
candidate2,append-spare-o3,1,8,256,whitefoot,3,0,512,1048576,12288,32,4194304,2196000
candidate2,append-spare-o3,1,8,256,whitefoot,3,1,512,1048576,12288,32,0,21000
candidate2,append-spare-o3,1,8,256,rust-vec,4,0,512,1048576,12288,32,4194304,1791000
candidate2,append-spare-o3,1,8,256,rust-vec,4,1,512,1048576,12288,32,0,20000
candidate2,append-spare-o3,1,8,256,whitefoot,4,0,512,1048576,12288,32,4194304,2124000
candidate2,append-spare-o3,1,8,256,whitefoot,4,1,512,1048576,12288,32,0,18000
candidate2,append-spare-o3,1,8,256,cpp-std-vector,4,0,512,1048576,12288,32,4194304,3950000
candidate2,append-spare-o3,1,8,256,cpp-std-vector,4,1,512,1048576,12288,32,0,22000
candidate2,append-spare-o3,1,8,256,whitefoot,5,0,512,1048576,12288,32,4194304,2159000
candidate2,append-spare-o3,1,8,256,whitefoot,5,1,512,1048576,12288,32,0,21000
candidate2,append-spare-o3,1,8,256,cpp-std-vector,5,0,512,1048576,12288,32,4194304,3959000
candidate2,append-spare-o3,1,8,256,cpp-std-vector,5,1,512,1048576,12288,32,0,20000
candidate2,append-spare-o3,1,8,256,rust-vec,5,0,512,1048576,12288,32,4194304,1775000
candidate2,append-spare-o3,1,8,256,rust-vec,5,1,512,1048576,12288,32,0,21000
candidate2,append-spare-o3,1,8,256,cpp-std-vector,6,0,512,1048576,12288,32,4194304,3903000
candidate2,append-spare-o3,1,8,256,cpp-std-vector,6,1,512,1048576,12288,32,0,22000
candidate2,append-spare-o3,1,8,256,rust-vec,6,0,512,1048576,12288,32,4194304,1783000
candidate2,append-spare-o3,1,8,256,rust-vec,6,1,512,1048576,12288,32,0,20000
candidate2,append-spare-o3,1,8,256,whitefoot,6,0,512,1048576,12288,32,4194304,2125000
candidate2,append-spare-o3,1,8,256,whitefoot,6,1,512,1048576,12288,32,0,25000
candidate2,append-spare-o3,0,8,4096,whitefoot,0,0,32,1048576,768,32,4194304,2211000
candidate2,append-spare-o3,0,8,4096,whitefoot,0,1,32,1048576,768,32,0,2000
candidate2,append-spare-o3,0,8,4096,rust-vec,0,0,32,1048576,768,32,4194304,3461000
candidate2,append-spare-o3,0,8,4096,rust-vec,0,1,32,1048576,768,32,0,0
candidate2,append-spare-o3,0,8,4096,cpp-std-vector,0,0,32,1048576,768,32,4194304,3866000
candidate2,append-spare-o3,0,8,4096,cpp-std-vector,0,1,32,1048576,768,32,0,2000
candidate2,append-spare-o3,0,8,4096,rust-vec,1,0,32,1048576,768,32,4194304,3782000
candidate2,append-spare-o3,0,8,4096,rust-vec,1,1,32,1048576,768,32,0,1000
candidate2,append-spare-o3,0,8,4096,cpp-std-vector,1,0,32,1048576,768,32,4194304,3869000
candidate2,append-spare-o3,0,8,4096,cpp-std-vector,1,1,32,1048576,768,32,0,2000
candidate2,append-spare-o3,0,8,4096,whitefoot,1,0,32,1048576,768,32,4194304,2193000
candidate2,append-spare-o3,0,8,4096,whitefoot,1,1,32,1048576,768,32,0,2000
candidate2,append-spare-o3,0,8,4096,cpp-std-vector,2,0,32,1048576,768,32,4194304,3913000
candidate2,append-spare-o3,0,8,4096,cpp-std-vector,2,1,32,1048576,768,32,0,3000
candidate2,append-spare-o3,0,8,4096,whitefoot,2,0,32,1048576,768,32,4194304,2300000
candidate2,append-spare-o3,0,8,4096,whitefoot,2,1,32,1048576,768,32,0,2000
candidate2,append-spare-o3,0,8,4096,rust-vec,2,0,32,1048576,768,32,4194304,3546000
candidate2,append-spare-o3,0,8,4096,rust-vec,2,1,32,1048576,768,32,0,2000
candidate2,append-spare-o3,0,8,4096,whitefoot,3,0,32,1048576,768,32,4194304,2194000
candidate2,append-spare-o3,0,8,4096,whitefoot,3,1,32,1048576,768,32,0,2000
candidate2,append-spare-o3,0,8,4096,rust-vec,3,0,32,1048576,768,32,4194304,3554000
candidate2,append-spare-o3,0,8,4096,rust-vec,3,1,32,1048576,768,32,0,1000
candidate2,append-spare-o3,0,8,4096,cpp-std-vector,3,0,32,1048576,768,32,4194304,3952000
candidate2,append-spare-o3,0,8,4096,cpp-std-vector,3,1,32,1048576,768,32,0,0
candidate2,append-spare-o3,0,8,4096,rust-vec,4,0,32,1048576,768,32,4194304,3495000
candidate2,append-spare-o3,0,8,4096,rust-vec,4,1,32,1048576,768,32,0,3000
candidate2,append-spare-o3,0,8,4096,cpp-std-vector,4,0,32,1048576,768,32,4194304,3830000
candidate2,append-spare-o3,0,8,4096,cpp-std-vector,4,1,32,1048576,768,32,0,2000
candidate2,append-spare-o3,0,8,4096,whitefoot,4,0,32,1048576,768,32,4194304,2194000
candidate2,append-spare-o3,0,8,4096,whitefoot,4,1,32,1048576,768,32,0,1000
candidate2,append-spare-o3,0,8,4096,cpp-std-vector,5,0,32,1048576,768,32,4194304,3983000
candidate2,append-spare-o3,0,8,4096,cpp-std-vector,5,1,32,1048576,768,32,0,3000
candidate2,append-spare-o3,0,8,4096,whitefoot,5,0,32,1048576,768,32,4194304,2232000
candidate2,append-spare-o3,0,8,4096,whitefoot,5,1,32,1048576,768,32,0,1000
candidate2,append-spare-o3,0,8,4096,rust-vec,5,0,32,1048576,768,32,4194304,3507000
candidate2,append-spare-o3,0,8,4096,rust-vec,5,1,32,1048576,768,32,0,0
candidate2,append-spare-o3,0,8,4096,whitefoot,6,0,32,1048576,768,32,4194304,2202000
candidate2,append-spare-o3,0,8,4096,whitefoot,6,1,32,1048576,768,32,0,1000
candidate2,append-spare-o3,0,8,4096,rust-vec,6,0,32,1048576,768,32,4194304,3239000
candidate2,append-spare-o3,0,8,4096,rust-vec,6,1,32,1048576,768,32,0,1000
candidate2,append-spare-o3,0,8,4096,cpp-std-vector,6,0,32,1048576,768,32,4194304,3870000
candidate2,append-spare-o3,0,8,4096,cpp-std-vector,6,1,32,1048576,768,32,0,3000
candidate2,append-spare-o3,1,8,4096,cpp-std-vector,0,0,32,1048576,768,32,4194304,4782000
candidate2,append-spare-o3,1,8,4096,cpp-std-vector,0,1,32,1048576,768,32,0,2000
candidate2,append-spare-o3,1,8,4096,rust-vec,0,0,32,1048576,768,32,4194304,3579000
candidate2,append-spare-o3,1,8,4096,rust-vec,0,1,32,1048576,768,32,0,0
candidate2,append-spare-o3,1,8,4096,whitefoot,0,0,32,1048576,768,32,4194304,2199000
candidate2,append-spare-o3,1,8,4096,whitefoot,0,1,32,1048576,768,32,0,2000
candidate2,append-spare-o3,1,8,4096,rust-vec,1,0,32,1048576,768,32,4194304,3557000
candidate2,append-spare-o3,1,8,4096,rust-vec,1,1,32,1048576,768,32,0,4000
candidate2,append-spare-o3,1,8,4096,whitefoot,1,0,32,1048576,768,32,4194304,2193000
candidate2,append-spare-o3,1,8,4096,whitefoot,1,1,32,1048576,768,32,0,1000
candidate2,append-spare-o3,1,8,4096,cpp-std-vector,1,0,32,1048576,768,32,4194304,3998000
candidate2,append-spare-o3,1,8,4096,cpp-std-vector,1,1,32,1048576,768,32,0,2000
candidate2,append-spare-o3,1,8,4096,whitefoot,2,0,32,1048576,768,32,4194304,2283000
candidate2,append-spare-o3,1,8,4096,whitefoot,2,1,32,1048576,768,32,0,2000
candidate2,append-spare-o3,1,8,4096,cpp-std-vector,2,0,32,1048576,768,32,4194304,3908000
candidate2,append-spare-o3,1,8,4096,cpp-std-vector,2,1,32,1048576,768,32,0,2000
candidate2,append-spare-o3,1,8,4096,rust-vec,2,0,32,1048576,768,32,4194304,3349000
candidate2,append-spare-o3,1,8,4096,rust-vec,2,1,32,1048576,768,32,0,0
candidate2,append-spare-o3,1,8,4096,cpp-std-vector,3,0,32,1048576,768,32,4194304,3880000
candidate2,append-spare-o3,1,8,4096,cpp-std-vector,3,1,32,1048576,768,32,0,2000
candidate2,append-spare-o3,1,8,4096,rust-vec,3,0,32,1048576,768,32,4194304,3308000
candidate2,append-spare-o3,1,8,4096,rust-vec,3,1,32,1048576,768,32,0,4000
candidate2,append-spare-o3,1,8,4096,whitefoot,3,0,32,1048576,768,32,4194304,2202000
candidate2,append-spare-o3,1,8,4096,whitefoot,3,1,32,1048576,768,32,0,2000
candidate2,append-spare-o3,1,8,4096,rust-vec,4,0,32,1048576,768,32,4194304,3316000
candidate2,append-spare-o3,1,8,4096,rust-vec,4,1,32,1048576,768,32,0,4000
candidate2,append-spare-o3,1,8,4096,whitefoot,4,0,32,1048576,768,32,4194304,2190000
candidate2,append-spare-o3,1,8,4096,whitefoot,4,1,32,1048576,768,32,0,1000
candidate2,append-spare-o3,1,8,4096,cpp-std-vector,4,0,32,1048576,768,32,4194304,3990000
candidate2,append-spare-o3,1,8,4096,cpp-std-vector,4,1,32,1048576,768,32,0,2000
candidate2,append-spare-o3,1,8,4096,whitefoot,5,0,32,1048576,768,32,4194304,2350000
candidate2,append-spare-o3,1,8,4096,whitefoot,5,1,32,1048576,768,32,0,1000
candidate2,append-spare-o3,1,8,4096,cpp-std-vector,5,0,32,1048576,768,32,4194304,3993000
candidate2,append-spare-o3,1,8,4096,cpp-std-vector,5,1,32,1048576,768,32,0,1000
candidate2,append-spare-o3,1,8,4096,rust-vec,5,0,32,1048576,768,32,4194304,4102000
candidate2,append-spare-o3,1,8,4096,rust-vec,5,1,32,1048576,768,32,0,1000
candidate2,append-spare-o3,1,8,4096,cpp-std-vector,6,0,32,1048576,768,32,4194304,4070000
candidate2,append-spare-o3,1,8,4096,cpp-std-vector,6,1,32,1048576,768,32,0,0
candidate2,append-spare-o3,1,8,4096,rust-vec,6,0,32,1048576,768,32,4194304,3633000
candidate2,append-spare-o3,1,8,4096,rust-vec,6,1,32,1048576,768,32,0,1000
candidate2,append-spare-o3,1,8,4096,whitefoot,6,0,32,1048576,768,32,4194304,2196000
candidate2,append-spare-o3,1,8,4096,whitefoot,6,1,32,1048576,768,32,0,2000
candidate2,append-spare-o3,0,256,16,whitefoot,0,0,256,1048576,6144,1024,4194304,20901000
candidate2,append-spare-o3,0,256,16,whitefoot,0,1,256,1048576,6144,1024,0,416000
candidate2,append-spare-o3,0,256,16,rust-vec,0,0,256,1048576,6144,1024,4194304,19081000
candidate2,append-spare-o3,0,256,16,rust-vec,0,1,256,1048576,6144,1024,0,360000
candidate2,append-spare-o3,0,256,16,cpp-std-vector,0,0,256,1048576,6144,1024,4194304,29906000
candidate2,append-spare-o3,0,256,16,cpp-std-vector,0,1,256,1048576,6144,1024,0,373000
candidate2,append-spare-o3,0,256,16,rust-vec,1,0,256,1048576,6144,1024,4194304,18999000
candidate2,append-spare-o3,0,256,16,rust-vec,1,1,256,1048576,6144,1024,0,336000
candidate2,append-spare-o3,0,256,16,cpp-std-vector,1,0,256,1048576,6144,1024,4194304,30146000
candidate2,append-spare-o3,0,256,16,cpp-std-vector,1,1,256,1048576,6144,1024,0,341000
candidate2,append-spare-o3,0,256,16,whitefoot,1,0,256,1048576,6144,1024,4194304,20935000
candidate2,append-spare-o3,0,256,16,whitefoot,1,1,256,1048576,6144,1024,0,425000
candidate2,append-spare-o3,0,256,16,cpp-std-vector,2,0,256,1048576,6144,1024,4194304,30546000
candidate2,append-spare-o3,0,256,16,cpp-std-vector,2,1,256,1048576,6144,1024,0,340000
candidate2,append-spare-o3,0,256,16,whitefoot,2,0,256,1048576,6144,1024,4194304,20774000
candidate2,append-spare-o3,0,256,16,whitefoot,2,1,256,1048576,6144,1024,0,421000
candidate2,append-spare-o3,0,256,16,rust-vec,2,0,256,1048576,6144,1024,4194304,19127000
candidate2,append-spare-o3,0,256,16,rust-vec,2,1,256,1048576,6144,1024,0,344000
candidate2,append-spare-o3,0,256,16,whitefoot,3,0,256,1048576,6144,1024,4194304,20927000
candidate2,append-spare-o3,0,256,16,whitefoot,3,1,256,1048576,6144,1024,0,413000
candidate2,append-spare-o3,0,256,16,rust-vec,3,0,256,1048576,6144,1024,4194304,18954000
candidate2,append-spare-o3,0,256,16,rust-vec,3,1,256,1048576,6144,1024,0,342000
candidate2,append-spare-o3,0,256,16,cpp-std-vector,3,0,256,1048576,6144,1024,4194304,30536000
candidate2,append-spare-o3,0,256,16,cpp-std-vector,3,1,256,1048576,6144,1024,0,338000
candidate2,append-spare-o3,0,256,16,rust-vec,4,0,256,1048576,6144,1024,4194304,19326000
candidate2,append-spare-o3,0,256,16,rust-vec,4,1,256,1048576,6144,1024,0,342000
candidate2,append-spare-o3,0,256,16,cpp-std-vector,4,0,256,1048576,6144,1024,4194304,30046000
candidate2,append-spare-o3,0,256,16,cpp-std-vector,4,1,256,1048576,6144,1024,0,344000
candidate2,append-spare-o3,0,256,16,whitefoot,4,0,256,1048576,6144,1024,4194304,20915000
candidate2,append-spare-o3,0,256,16,whitefoot,4,1,256,1048576,6144,1024,0,439000
candidate2,append-spare-o3,0,256,16,cpp-std-vector,5,0,256,1048576,6144,1024,4194304,30488000
candidate2,append-spare-o3,0,256,16,cpp-std-vector,5,1,256,1048576,6144,1024,0,351000
candidate2,append-spare-o3,0,256,16,whitefoot,5,0,256,1048576,6144,1024,4194304,20923000
candidate2,append-spare-o3,0,256,16,whitefoot,5,1,256,1048576,6144,1024,0,440000
candidate2,append-spare-o3,0,256,16,rust-vec,5,0,256,1048576,6144,1024,4194304,18923000
candidate2,append-spare-o3,0,256,16,rust-vec,5,1,256,1048576,6144,1024,0,349000
candidate2,append-spare-o3,0,256,16,whitefoot,6,0,256,1048576,6144,1024,4194304,22074000
candidate2,append-spare-o3,0,256,16,whitefoot,6,1,256,1048576,6144,1024,0,438000
candidate2,append-spare-o3,0,256,16,rust-vec,6,0,256,1048576,6144,1024,4194304,19205000
candidate2,append-spare-o3,0,256,16,rust-vec,6,1,256,1048576,6144,1024,0,342000
candidate2,append-spare-o3,0,256,16,cpp-std-vector,6,0,256,1048576,6144,1024,4194304,30756000
candidate2,append-spare-o3,0,256,16,cpp-std-vector,6,1,256,1048576,6144,1024,0,335000
candidate2,append-spare-o3,1,256,16,cpp-std-vector,0,0,256,1048576,6144,1024,4194304,29882000
candidate2,append-spare-o3,1,256,16,cpp-std-vector,0,1,256,1048576,6144,1024,0,334000
candidate2,append-spare-o3,1,256,16,rust-vec,0,0,256,1048576,6144,1024,4194304,19266000
candidate2,append-spare-o3,1,256,16,rust-vec,0,1,256,1048576,6144,1024,0,373000
candidate2,append-spare-o3,1,256,16,whitefoot,0,0,256,1048576,6144,1024,4194304,20870000
candidate2,append-spare-o3,1,256,16,whitefoot,0,1,256,1048576,6144,1024,0,420000
candidate2,append-spare-o3,1,256,16,rust-vec,1,0,256,1048576,6144,1024,4194304,19054000
candidate2,append-spare-o3,1,256,16,rust-vec,1,1,256,1048576,6144,1024,0,348000
candidate2,append-spare-o3,1,256,16,whitefoot,1,0,256,1048576,6144,1024,4194304,21182000
candidate2,append-spare-o3,1,256,16,whitefoot,1,1,256,1048576,6144,1024,0,431000
candidate2,append-spare-o3,1,256,16,cpp-std-vector,1,0,256,1048576,6144,1024,4194304,29998000
candidate2,append-spare-o3,1,256,16,cpp-std-vector,1,1,256,1048576,6144,1024,0,337000
candidate2,append-spare-o3,1,256,16,whitefoot,2,0,256,1048576,6144,1024,4194304,20939000
candidate2,append-spare-o3,1,256,16,whitefoot,2,1,256,1048576,6144,1024,0,414000
candidate2,append-spare-o3,1,256,16,cpp-std-vector,2,0,256,1048576,6144,1024,4194304,30621000
candidate2,append-spare-o3,1,256,16,cpp-std-vector,2,1,256,1048576,6144,1024,0,343000
candidate2,append-spare-o3,1,256,16,rust-vec,2,0,256,1048576,6144,1024,4194304,19204000
candidate2,append-spare-o3,1,256,16,rust-vec,2,1,256,1048576,6144,1024,0,335000
candidate2,append-spare-o3,1,256,16,cpp-std-vector,3,0,256,1048576,6144,1024,4194304,29901000
candidate2,append-spare-o3,1,256,16,cpp-std-vector,3,1,256,1048576,6144,1024,0,343000
candidate2,append-spare-o3,1,256,16,rust-vec,3,0,256,1048576,6144,1024,4194304,19172000
candidate2,append-spare-o3,1,256,16,rust-vec,3,1,256,1048576,6144,1024,0,364000
candidate2,append-spare-o3,1,256,16,whitefoot,3,0,256,1048576,6144,1024,4194304,21089000
candidate2,append-spare-o3,1,256,16,whitefoot,3,1,256,1048576,6144,1024,0,419000
candidate2,append-spare-o3,1,256,16,rust-vec,4,0,256,1048576,6144,1024,4194304,19117000
candidate2,append-spare-o3,1,256,16,rust-vec,4,1,256,1048576,6144,1024,0,341000
candidate2,append-spare-o3,1,256,16,whitefoot,4,0,256,1048576,6144,1024,4194304,21244000
candidate2,append-spare-o3,1,256,16,whitefoot,4,1,256,1048576,6144,1024,0,412000
candidate2,append-spare-o3,1,256,16,cpp-std-vector,4,0,256,1048576,6144,1024,4194304,30050000
candidate2,append-spare-o3,1,256,16,cpp-std-vector,4,1,256,1048576,6144,1024,0,335000
candidate2,append-spare-o3,1,256,16,whitefoot,5,0,256,1048576,6144,1024,4194304,20888000
candidate2,append-spare-o3,1,256,16,whitefoot,5,1,256,1048576,6144,1024,0,414000
candidate2,append-spare-o3,1,256,16,cpp-std-vector,5,0,256,1048576,6144,1024,4194304,29969000
candidate2,append-spare-o3,1,256,16,cpp-std-vector,5,1,256,1048576,6144,1024,0,337000
candidate2,append-spare-o3,1,256,16,rust-vec,5,0,256,1048576,6144,1024,4194304,19458000
candidate2,append-spare-o3,1,256,16,rust-vec,5,1,256,1048576,6144,1024,0,338000
candidate2,append-spare-o3,1,256,16,cpp-std-vector,6,0,256,1048576,6144,1024,4194304,29985000
candidate2,append-spare-o3,1,256,16,cpp-std-vector,6,1,256,1048576,6144,1024,0,338000
candidate2,append-spare-o3,1,256,16,rust-vec,6,0,256,1048576,6144,1024,4194304,18953000
candidate2,append-spare-o3,1,256,16,rust-vec,6,1,256,1048576,6144,1024,0,334000
candidate2,append-spare-o3,1,256,16,whitefoot,6,0,256,1048576,6144,1024,4194304,21064000
candidate2,append-spare-o3,1,256,16,whitefoot,6,1,256,1048576,6144,1024,0,420000
candidate2,append-spare-o3,0,256,256,whitefoot,0,0,16,1048576,384,1024,4194304,18559000
candidate2,append-spare-o3,0,256,256,whitefoot,0,1,16,1048576,384,1024,0,67000
candidate2,append-spare-o3,0,256,256,rust-vec,0,0,16,1048576,384,1024,4194304,18076000
candidate2,append-spare-o3,0,256,256,rust-vec,0,1,16,1048576,384,1024,0,38000
candidate2,append-spare-o3,0,256,256,cpp-std-vector,0,0,16,1048576,384,1024,4194304,30192000
candidate2,append-spare-o3,0,256,256,cpp-std-vector,0,1,16,1048576,384,1024,0,36000
candidate2,append-spare-o3,0,256,256,rust-vec,1,0,16,1048576,384,1024,4194304,18264000
candidate2,append-spare-o3,0,256,256,rust-vec,1,1,16,1048576,384,1024,0,34000
candidate2,append-spare-o3,0,256,256,cpp-std-vector,1,0,16,1048576,384,1024,4194304,29944000
candidate2,append-spare-o3,0,256,256,cpp-std-vector,1,1,16,1048576,384,1024,0,25000
candidate2,append-spare-o3,0,256,256,whitefoot,1,0,16,1048576,384,1024,4194304,18635000
candidate2,append-spare-o3,0,256,256,whitefoot,1,1,16,1048576,384,1024,0,64000
candidate2,append-spare-o3,0,256,256,cpp-std-vector,2,0,16,1048576,384,1024,4194304,30000000
candidate2,append-spare-o3,0,256,256,cpp-std-vector,2,1,16,1048576,384,1024,0,39000
candidate2,append-spare-o3,0,256,256,whitefoot,2,0,16,1048576,384,1024,4194304,18842000
candidate2,append-spare-o3,0,256,256,whitefoot,2,1,16,1048576,384,1024,0,48000
candidate2,append-spare-o3,0,256,256,rust-vec,2,0,16,1048576,384,1024,4194304,18037000
candidate2,append-spare-o3,0,256,256,rust-vec,2,1,16,1048576,384,1024,0,34000
candidate2,append-spare-o3,0,256,256,whitefoot,3,0,16,1048576,384,1024,4194304,18892000
candidate2,append-spare-o3,0,256,256,whitefoot,3,1,16,1048576,384,1024,0,60000
candidate2,append-spare-o3,0,256,256,rust-vec,3,0,16,1048576,384,1024,4194304,18047000
candidate2,append-spare-o3,0,256,256,rust-vec,3,1,16,1048576,384,1024,0,33000
candidate2,append-spare-o3,0,256,256,cpp-std-vector,3,0,16,1048576,384,1024,4194304,30436000
candidate2,append-spare-o3,0,256,256,cpp-std-vector,3,1,16,1048576,384,1024,0,32000
candidate2,append-spare-o3,0,256,256,rust-vec,4,0,16,1048576,384,1024,4194304,18204000
candidate2,append-spare-o3,0,256,256,rust-vec,4,1,16,1048576,384,1024,0,28000
candidate2,append-spare-o3,0,256,256,cpp-std-vector,4,0,16,1048576,384,1024,4194304,29964000
candidate2,append-spare-o3,0,256,256,cpp-std-vector,4,1,16,1048576,384,1024,0,32000
candidate2,append-spare-o3,0,256,256,whitefoot,4,0,16,1048576,384,1024,4194304,18714000
candidate2,append-spare-o3,0,256,256,whitefoot,4,1,16,1048576,384,1024,0,56000
candidate2,append-spare-o3,0,256,256,cpp-std-vector,5,0,16,1048576,384,1024,4194304,30347000
candidate2,append-spare-o3,0,256,256,cpp-std-vector,5,1,16,1048576,384,1024,0,34000
candidate2,append-spare-o3,0,256,256,whitefoot,5,0,16,1048576,384,1024,4194304,18544000
candidate2,append-spare-o3,0,256,256,whitefoot,5,1,16,1048576,384,1024,0,63000
candidate2,append-spare-o3,0,256,256,rust-vec,5,0,16,1048576,384,1024,4194304,18135000
candidate2,append-spare-o3,0,256,256,rust-vec,5,1,16,1048576,384,1024,0,34000
candidate2,append-spare-o3,0,256,256,whitefoot,6,0,16,1048576,384,1024,4194304,18729000
candidate2,append-spare-o3,0,256,256,whitefoot,6,1,16,1048576,384,1024,0,51000
candidate2,append-spare-o3,0,256,256,rust-vec,6,0,16,1048576,384,1024,4194304,18006000
candidate2,append-spare-o3,0,256,256,rust-vec,6,1,16,1048576,384,1024,0,35000
candidate2,append-spare-o3,0,256,256,cpp-std-vector,6,0,16,1048576,384,1024,4194304,30021000
candidate2,append-spare-o3,0,256,256,cpp-std-vector,6,1,16,1048576,384,1024,0,30000
candidate2,append-spare-o3,1,256,256,cpp-std-vector,0,0,16,1048576,384,1024,4194304,29829000
candidate2,append-spare-o3,1,256,256,cpp-std-vector,0,1,16,1048576,384,1024,0,28000
candidate2,append-spare-o3,1,256,256,rust-vec,0,0,16,1048576,384,1024,4194304,18587000
candidate2,append-spare-o3,1,256,256,rust-vec,0,1,16,1048576,384,1024,0,34000
candidate2,append-spare-o3,1,256,256,whitefoot,0,0,16,1048576,384,1024,4194304,18539000
candidate2,append-spare-o3,1,256,256,whitefoot,0,1,16,1048576,384,1024,0,58000
candidate2,append-spare-o3,1,256,256,rust-vec,1,0,16,1048576,384,1024,4194304,18079000
candidate2,append-spare-o3,1,256,256,rust-vec,1,1,16,1048576,384,1024,0,36000
candidate2,append-spare-o3,1,256,256,whitefoot,1,0,16,1048576,384,1024,4194304,18578000
candidate2,append-spare-o3,1,256,256,whitefoot,1,1,16,1048576,384,1024,0,50000
candidate2,append-spare-o3,1,256,256,cpp-std-vector,1,0,16,1048576,384,1024,4194304,30253000
candidate2,append-spare-o3,1,256,256,cpp-std-vector,1,1,16,1048576,384,1024,0,29000
candidate2,append-spare-o3,1,256,256,whitefoot,2,0,16,1048576,384,1024,4194304,18698000
candidate2,append-spare-o3,1,256,256,whitefoot,2,1,16,1048576,384,1024,0,62000
candidate2,append-spare-o3,1,256,256,cpp-std-vector,2,0,16,1048576,384,1024,4194304,30327000
candidate2,append-spare-o3,1,256,256,cpp-std-vector,2,1,16,1048576,384,1024,0,33000
candidate2,append-spare-o3,1,256,256,rust-vec,2,0,16,1048576,384,1024,4194304,18039000
candidate2,append-spare-o3,1,256,256,rust-vec,2,1,16,1048576,384,1024,0,31000
candidate2,append-spare-o3,1,256,256,cpp-std-vector,3,0,16,1048576,384,1024,4194304,30227000
candidate2,append-spare-o3,1,256,256,cpp-std-vector,3,1,16,1048576,384,1024,0,29000
candidate2,append-spare-o3,1,256,256,rust-vec,3,0,16,1048576,384,1024,4194304,18270000
candidate2,append-spare-o3,1,256,256,rust-vec,3,1,16,1048576,384,1024,0,38000
candidate2,append-spare-o3,1,256,256,whitefoot,3,0,16,1048576,384,1024,4194304,18634000
candidate2,append-spare-o3,1,256,256,whitefoot,3,1,16,1048576,384,1024,0,52000
candidate2,append-spare-o3,1,256,256,rust-vec,4,0,16,1048576,384,1024,4194304,18071000
candidate2,append-spare-o3,1,256,256,rust-vec,4,1,16,1048576,384,1024,0,37000
candidate2,append-spare-o3,1,256,256,whitefoot,4,0,16,1048576,384,1024,4194304,19009000
candidate2,append-spare-o3,1,256,256,whitefoot,4,1,16,1048576,384,1024,0,64000
candidate2,append-spare-o3,1,256,256,cpp-std-vector,4,0,16,1048576,384,1024,4194304,30154000
candidate2,append-spare-o3,1,256,256,cpp-std-vector,4,1,16,1048576,384,1024,0,26000
candidate2,append-spare-o3,1,256,256,whitefoot,5,0,16,1048576,384,1024,4194304,18516000
candidate2,append-spare-o3,1,256,256,whitefoot,5,1,16,1048576,384,1024,0,71000
candidate2,append-spare-o3,1,256,256,cpp-std-vector,5,0,16,1048576,384,1024,4194304,30153000
candidate2,append-spare-o3,1,256,256,cpp-std-vector,5,1,16,1048576,384,1024,0,27000
candidate2,append-spare-o3,1,256,256,rust-vec,5,0,16,1048576,384,1024,4194304,18133000
candidate2,append-spare-o3,1,256,256,rust-vec,5,1,16,1048576,384,1024,0,35000
candidate2,append-spare-o3,1,256,256,cpp-std-vector,6,0,16,1048576,384,1024,4194304,29758000
candidate2,append-spare-o3,1,256,256,cpp-std-vector,6,1,16,1048576,384,1024,0,40000
candidate2,append-spare-o3,1,256,256,rust-vec,6,0,16,1048576,384,1024,4194304,18211000
candidate2,append-spare-o3,1,256,256,rust-vec,6,1,16,1048576,384,1024,0,37000
candidate2,append-spare-o3,1,256,256,whitefoot,6,0,16,1048576,384,1024,4194304,19350000
candidate2,append-spare-o3,1,256,256,whitefoot,6,1,16,1048576,384,1024,0,55000
candidate2,append-spare-o3,0,256,4096,whitefoot,0,0,1,1048576,24,1024,4194304,18390000
candidate2,append-spare-o3,0,256,4096,whitefoot,0,1,1,1048576,24,1024,0,27000
candidate2,append-spare-o3,0,256,4096,rust-vec,0,0,1,1048576,24,1024,4194304,18079000
candidate2,append-spare-o3,0,256,4096,rust-vec,0,1,1,1048576,24,1024,0,20000
candidate2,append-spare-o3,0,256,4096,cpp-std-vector,0,0,1,1048576,24,1024,4194304,29774000
candidate2,append-spare-o3,0,256,4096,cpp-std-vector,0,1,1,1048576,24,1024,0,21000
candidate2,append-spare-o3,0,256,4096,rust-vec,1,0,1,1048576,24,1024,4194304,18193000
candidate2,append-spare-o3,0,256,4096,rust-vec,1,1,1,1048576,24,1024,0,24000
candidate2,append-spare-o3,0,256,4096,cpp-std-vector,1,0,1,1048576,24,1024,4194304,29630000
candidate2,append-spare-o3,0,256,4096,cpp-std-vector,1,1,1,1048576,24,1024,0,24000
candidate2,append-spare-o3,0,256,4096,whitefoot,1,0,1,1048576,24,1024,4194304,18864000
candidate2,append-spare-o3,0,256,4096,whitefoot,1,1,1,1048576,24,1024,0,23000
candidate2,append-spare-o3,0,256,4096,cpp-std-vector,2,0,1,1048576,24,1024,4194304,29797000
candidate2,append-spare-o3,0,256,4096,cpp-std-vector,2,1,1,1048576,24,1024,0,23000
candidate2,append-spare-o3,0,256,4096,whitefoot,2,0,1,1048576,24,1024,4194304,18338000
candidate2,append-spare-o3,0,256,4096,whitefoot,2,1,1,1048576,24,1024,0,24000
candidate2,append-spare-o3,0,256,4096,rust-vec,2,0,1,1048576,24,1024,4194304,18148000
candidate2,append-spare-o3,0,256,4096,rust-vec,2,1,1,1048576,24,1024,0,26000
candidate2,append-spare-o3,0,256,4096,whitefoot,3,0,1,1048576,24,1024,4194304,18338000
candidate2,append-spare-o3,0,256,4096,whitefoot,3,1,1,1048576,24,1024,0,20000
candidate2,append-spare-o3,0,256,4096,rust-vec,3,0,1,1048576,24,1024,4194304,18350000
candidate2,append-spare-o3,0,256,4096,rust-vec,3,1,1,1048576,24,1024,0,22000
candidate2,append-spare-o3,0,256,4096,cpp-std-vector,3,0,1,1048576,24,1024,4194304,29699000
candidate2,append-spare-o3,0,256,4096,cpp-std-vector,3,1,1,1048576,24,1024,0,23000
candidate2,append-spare-o3,0,256,4096,rust-vec,4,0,1,1048576,24,1024,4194304,18596000
candidate2,append-spare-o3,0,256,4096,rust-vec,4,1,1,1048576,24,1024,0,23000
candidate2,append-spare-o3,0,256,4096,cpp-std-vector,4,0,1,1048576,24,1024,4194304,30203000
candidate2,append-spare-o3,0,256,4096,cpp-std-vector,4,1,1,1048576,24,1024,0,22000
candidate2,append-spare-o3,0,256,4096,whitefoot,4,0,1,1048576,24,1024,4194304,18446000
candidate2,append-spare-o3,0,256,4096,whitefoot,4,1,1,1048576,24,1024,0,21000
candidate2,append-spare-o3,0,256,4096,cpp-std-vector,5,0,1,1048576,24,1024,4194304,29727000
candidate2,append-spare-o3,0,256,4096,cpp-std-vector,5,1,1,1048576,24,1024,0,19000
candidate2,append-spare-o3,0,256,4096,whitefoot,5,0,1,1048576,24,1024,4194304,18267000
candidate2,append-spare-o3,0,256,4096,whitefoot,5,1,1,1048576,24,1024,0,21000
candidate2,append-spare-o3,0,256,4096,rust-vec,5,0,1,1048576,24,1024,4194304,18216000
candidate2,append-spare-o3,0,256,4096,rust-vec,5,1,1,1048576,24,1024,0,22000
candidate2,append-spare-o3,0,256,4096,whitefoot,6,0,1,1048576,24,1024,4194304,18697000
candidate2,append-spare-o3,0,256,4096,whitefoot,6,1,1,1048576,24,1024,0,23000
candidate2,append-spare-o3,0,256,4096,rust-vec,6,0,1,1048576,24,1024,4194304,18175000
candidate2,append-spare-o3,0,256,4096,rust-vec,6,1,1,1048576,24,1024,0,23000
candidate2,append-spare-o3,0,256,4096,cpp-std-vector,6,0,1,1048576,24,1024,4194304,29732000
candidate2,append-spare-o3,0,256,4096,cpp-std-vector,6,1,1,1048576,24,1024,0,25000
candidate2,append-spare-o3,1,256,4096,cpp-std-vector,0,0,1,1048576,24,1024,4194304,29656000
candidate2,append-spare-o3,1,256,4096,cpp-std-vector,0,1,1,1048576,24,1024,0,20000
candidate2,append-spare-o3,1,256,4096,rust-vec,0,0,1,1048576,24,1024,4194304,18104000
candidate2,append-spare-o3,1,256,4096,rust-vec,0,1,1,1048576,24,1024,0,23000
candidate2,append-spare-o3,1,256,4096,whitefoot,0,0,1,1048576,24,1024,4194304,18590000
candidate2,append-spare-o3,1,256,4096,whitefoot,0,1,1,1048576,24,1024,0,19000
candidate2,append-spare-o3,1,256,4096,rust-vec,1,0,1,1048576,24,1024,4194304,18311000
candidate2,append-spare-o3,1,256,4096,rust-vec,1,1,1,1048576,24,1024,0,17000
candidate2,append-spare-o3,1,256,4096,whitefoot,1,0,1,1048576,24,1024,4194304,18553000
candidate2,append-spare-o3,1,256,4096,whitefoot,1,1,1,1048576,24,1024,0,25000
candidate2,append-spare-o3,1,256,4096,cpp-std-vector,1,0,1,1048576,24,1024,4194304,29724000
candidate2,append-spare-o3,1,256,4096,cpp-std-vector,1,1,1,1048576,24,1024,0,22000
candidate2,append-spare-o3,1,256,4096,whitefoot,2,0,1,1048576,24,1024,4194304,18435000
candidate2,append-spare-o3,1,256,4096,whitefoot,2,1,1,1048576,24,1024,0,22000
candidate2,append-spare-o3,1,256,4096,cpp-std-vector,2,0,1,1048576,24,1024,4194304,29900000
candidate2,append-spare-o3,1,256,4096,cpp-std-vector,2,1,1,1048576,24,1024,0,25000
candidate2,append-spare-o3,1,256,4096,rust-vec,2,0,1,1048576,24,1024,4194304,18255000
candidate2,append-spare-o3,1,256,4096,rust-vec,2,1,1,1048576,24,1024,0,24000
candidate2,append-spare-o3,1,256,4096,cpp-std-vector,3,0,1,1048576,24,1024,4194304,29867000
candidate2,append-spare-o3,1,256,4096,cpp-std-vector,3,1,1,1048576,24,1024,0,22000
candidate2,append-spare-o3,1,256,4096,rust-vec,3,0,1,1048576,24,1024,4194304,18491000
candidate2,append-spare-o3,1,256,4096,rust-vec,3,1,1,1048576,24,1024,0,25000
candidate2,append-spare-o3,1,256,4096,whitefoot,3,0,1,1048576,24,1024,4194304,18374000
candidate2,append-spare-o3,1,256,4096,whitefoot,3,1,1,1048576,24,1024,0,23000
candidate2,append-spare-o3,1,256,4096,rust-vec,4,0,1,1048576,24,1024,4194304,18396000
candidate2,append-spare-o3,1,256,4096,rust-vec,4,1,1,1048576,24,1024,0,21000
candidate2,append-spare-o3,1,256,4096,whitefoot,4,0,1,1048576,24,1024,4194304,18366000
candidate2,append-spare-o3,1,256,4096,whitefoot,4,1,1,1048576,24,1024,0,19000
candidate2,append-spare-o3,1,256,4096,cpp-std-vector,4,0,1,1048576,24,1024,4194304,29872000
candidate2,append-spare-o3,1,256,4096,cpp-std-vector,4,1,1,1048576,24,1024,0,25000
candidate2,append-spare-o3,1,256,4096,whitefoot,5,0,1,1048576,24,1024,4194304,18357000
candidate2,append-spare-o3,1,256,4096,whitefoot,5,1,1,1048576,24,1024,0,24000
candidate2,append-spare-o3,1,256,4096,cpp-std-vector,5,0,1,1048576,24,1024,4194304,30148000
candidate2,append-spare-o3,1,256,4096,cpp-std-vector,5,1,1,1048576,24,1024,0,5000
candidate2,append-spare-o3,1,256,4096,rust-vec,5,0,1,1048576,24,1024,4194304,18112000
candidate2,append-spare-o3,1,256,4096,rust-vec,5,1,1,1048576,24,1024,0,23000
candidate2,append-spare-o3,1,256,4096,cpp-std-vector,6,0,1,1048576,24,1024,4194304,29780000
candidate2,append-spare-o3,1,256,4096,cpp-std-vector,6,1,1,1048576,24,1024,0,24000
candidate2,append-spare-o3,1,256,4096,rust-vec,6,0,1,1048576,24,1024,4194304,18064000
candidate2,append-spare-o3,1,256,4096,rust-vec,6,1,1,1048576,24,1024,0,24000
candidate2,append-spare-o3,1,256,4096,whitefoot,6,0,1,1048576,24,1024,4194304,18284000
candidate2,append-spare-o3,1,256,4096,whitefoot,6,1,1,1048576,24,1024,0,17000
control2,append-spare-o3,0,8,16,whitefoot,0,0,1024,131072,24576,256,4194304,2261000
control2,append-spare-o3,0,8,16,whitefoot,0,1,1024,131072,24576,256,0,366000
control2,append-spare-o3,0,8,16,rust-vec,0,0,1024,131072,24576,256,4194304,2126000
control2,append-spare-o3,0,8,16,rust-vec,0,1,1024,131072,24576,256,0,345000
control2,append-spare-o3,0,8,16,cpp-std-vector,0,0,1024,131072,24576,256,4194304,4245000
control2,append-spare-o3,0,8,16,cpp-std-vector,0,1,1024,131072,24576,256,0,333000
control2,append-spare-o3,0,8,16,rust-vec,1,0,1024,131072,24576,256,4194304,2022000
control2,append-spare-o3,0,8,16,rust-vec,1,1,1024,131072,24576,256,0,329000
control2,append-spare-o3,0,8,16,cpp-std-vector,1,0,1024,131072,24576,256,4194304,4204000
control2,append-spare-o3,0,8,16,cpp-std-vector,1,1,1024,131072,24576,256,0,331000
control2,append-spare-o3,0,8,16,whitefoot,1,0,1024,131072,24576,256,4194304,1968000
control2,append-spare-o3,0,8,16,whitefoot,1,1,1024,131072,24576,256,0,327000
control2,append-spare-o3,0,8,16,cpp-std-vector,2,0,1024,131072,24576,256,4194304,4236000
control2,append-spare-o3,0,8,16,cpp-std-vector,2,1,1024,131072,24576,256,0,328000
control2,append-spare-o3,0,8,16,whitefoot,2,0,1024,131072,24576,256,4194304,1968000
control2,append-spare-o3,0,8,16,whitefoot,2,1,1024,131072,24576,256,0,327000
control2,append-spare-o3,0,8,16,rust-vec,2,0,1024,131072,24576,256,4194304,2013000
control2,append-spare-o3,0,8,16,rust-vec,2,1,1024,131072,24576,256,0,324000
control2,append-spare-o3,0,8,16,whitefoot,3,0,1024,131072,24576,256,4194304,1955000
control2,append-spare-o3,0,8,16,whitefoot,3,1,1024,131072,24576,256,0,328000
control2,append-spare-o3,0,8,16,rust-vec,3,0,1024,131072,24576,256,4194304,1991000
control2,append-spare-o3,0,8,16,rust-vec,3,1,1024,131072,24576,256,0,337000
control2,append-spare-o3,0,8,16,cpp-std-vector,3,0,1024,131072,24576,256,4194304,4225000
control2,append-spare-o3,0,8,16,cpp-std-vector,3,1,1024,131072,24576,256,0,330000
control2,append-spare-o3,0,8,16,rust-vec,4,0,1024,131072,24576,256,4194304,2043000
control2,append-spare-o3,0,8,16,rust-vec,4,1,1024,131072,24576,256,0,365000
control2,append-spare-o3,0,8,16,cpp-std-vector,4,0,1024,131072,24576,256,4194304,4216000
control2,append-spare-o3,0,8,16,cpp-std-vector,4,1,1024,131072,24576,256,0,330000
control2,append-spare-o3,0,8,16,whitefoot,4,0,1024,131072,24576,256,4194304,1964000
control2,append-spare-o3,0,8,16,whitefoot,4,1,1024,131072,24576,256,0,332000
control2,append-spare-o3,0,8,16,cpp-std-vector,5,0,1024,131072,24576,256,4194304,4220000
control2,append-spare-o3,0,8,16,cpp-std-vector,5,1,1024,131072,24576,256,0,329000
control2,append-spare-o3,0,8,16,whitefoot,5,0,1024,131072,24576,256,4194304,1964000
control2,append-spare-o3,0,8,16,whitefoot,5,1,1024,131072,24576,256,0,331000
control2,append-spare-o3,0,8,16,rust-vec,5,0,1024,131072,24576,256,4194304,2036000
control2,append-spare-o3,0,8,16,rust-vec,5,1,1024,131072,24576,256,0,346000
control2,append-spare-o3,0,8,16,whitefoot,6,0,1024,131072,24576,256,4194304,2072000
control2,append-spare-o3,0,8,16,whitefoot,6,1,1024,131072,24576,256,0,331000
control2,append-spare-o3,0,8,16,rust-vec,6,0,1024,131072,24576,256,4194304,1980000
control2,append-spare-o3,0,8,16,rust-vec,6,1,1024,131072,24576,256,0,329000
control2,append-spare-o3,0,8,16,cpp-std-vector,6,0,1024,131072,24576,256,4194304,4228000
control2,append-spare-o3,0,8,16,cpp-std-vector,6,1,1024,131072,24576,256,0,331000
control2,append-spare-o3,1,8,16,cpp-std-vector,0,0,1024,131072,24576,256,4194304,4247000
control2,append-spare-o3,1,8,16,cpp-std-vector,0,1,1024,131072,24576,256,0,357000
control2,append-spare-o3,1,8,16,rust-vec,0,0,1024,131072,24576,256,4194304,2010000
control2,append-spare-o3,1,8,16,rust-vec,0,1,1024,131072,24576,256,0,330000
control2,append-spare-o3,1,8,16,whitefoot,0,0,1024,131072,24576,256,4194304,1956000
control2,append-spare-o3,1,8,16,whitefoot,0,1,1024,131072,24576,256,0,329000
control2,append-spare-o3,1,8,16,rust-vec,1,0,1024,131072,24576,256,4194304,2003000
control2,append-spare-o3,1,8,16,rust-vec,1,1,1024,131072,24576,256,0,330000
control2,append-spare-o3,1,8,16,whitefoot,1,0,1024,131072,24576,256,4194304,1956000
control2,append-spare-o3,1,8,16,whitefoot,1,1,1024,131072,24576,256,0,330000
control2,append-spare-o3,1,8,16,cpp-std-vector,1,0,1024,131072,24576,256,4194304,4226000
control2,append-spare-o3,1,8,16,cpp-std-vector,1,1,1024,131072,24576,256,0,354000
control2,append-spare-o3,1,8,16,whitefoot,2,0,1024,131072,24576,256,4194304,1984000
control2,append-spare-o3,1,8,16,whitefoot,2,1,1024,131072,24576,256,0,360000
control2,append-spare-o3,1,8,16,cpp-std-vector,2,0,1024,131072,24576,256,4194304,4442000
control2,append-spare-o3,1,8,16,cpp-std-vector,2,1,1024,131072,24576,256,0,334000
control2,append-spare-o3,1,8,16,rust-vec,2,0,1024,131072,24576,256,4194304,2012000
control2,append-spare-o3,1,8,16,rust-vec,2,1,1024,131072,24576,256,0,346000
control2,append-spare-o3,1,8,16,cpp-std-vector,3,0,1024,131072,24576,256,4194304,4394000
control2,append-spare-o3,1,8,16,cpp-std-vector,3,1,1024,131072,24576,256,0,349000
control2,append-spare-o3,1,8,16,rust-vec,3,0,1024,131072,24576,256,4194304,2098000
control2,append-spare-o3,1,8,16,rust-vec,3,1,1024,131072,24576,256,0,349000
control2,append-spare-o3,1,8,16,whitefoot,3,0,1024,131072,24576,256,4194304,2074000
control2,append-spare-o3,1,8,16,whitefoot,3,1,1024,131072,24576,256,0,357000
control2,append-spare-o3,1,8,16,rust-vec,4,0,1024,131072,24576,256,4194304,2081000
control2,append-spare-o3,1,8,16,rust-vec,4,1,1024,131072,24576,256,0,346000
control2,append-spare-o3,1,8,16,whitefoot,4,0,1024,131072,24576,256,4194304,2076000
control2,append-spare-o3,1,8,16,whitefoot,4,1,1024,131072,24576,256,0,343000
control2,append-spare-o3,1,8,16,cpp-std-vector,4,0,1024,131072,24576,256,4194304,4395000
control2,append-spare-o3,1,8,16,cpp-std-vector,4,1,1024,131072,24576,256,0,326000
control2,append-spare-o3,1,8,16,whitefoot,5,0,1024,131072,24576,256,4194304,1961000
control2,append-spare-o3,1,8,16,whitefoot,5,1,1024,131072,24576,256,0,330000
control2,append-spare-o3,1,8,16,cpp-std-vector,5,0,1024,131072,24576,256,4194304,4248000
control2,append-spare-o3,1,8,16,cpp-std-vector,5,1,1024,131072,24576,256,0,328000
control2,append-spare-o3,1,8,16,rust-vec,5,0,1024,131072,24576,256,4194304,2088000
control2,append-spare-o3,1,8,16,rust-vec,5,1,1024,131072,24576,256,0,331000
control2,append-spare-o3,1,8,16,cpp-std-vector,6,0,1024,131072,24576,256,4194304,4188000
control2,append-spare-o3,1,8,16,cpp-std-vector,6,1,1024,131072,24576,256,0,393000
control2,append-spare-o3,1,8,16,rust-vec,6,0,1024,131072,24576,256,4194304,2039000
control2,append-spare-o3,1,8,16,rust-vec,6,1,1024,131072,24576,256,0,331000
control2,append-spare-o3,1,8,16,whitefoot,6,0,1024,131072,24576,256,4194304,2019000
control2,append-spare-o3,1,8,16,whitefoot,6,1,1024,131072,24576,256,0,395000
control2,append-spare-o3,0,8,256,whitefoot,0,0,512,1048576,12288,32,4194304,2114000
control2,append-spare-o3,0,8,256,whitefoot,0,1,512,1048576,12288,32,0,16000
control2,append-spare-o3,0,8,256,rust-vec,0,0,512,1048576,12288,32,4194304,1785000
control2,append-spare-o3,0,8,256,rust-vec,0,1,512,1048576,12288,32,0,20000
control2,append-spare-o3,0,8,256,cpp-std-vector,0,0,512,1048576,12288,32,4194304,4027000
control2,append-spare-o3,0,8,256,cpp-std-vector,0,1,512,1048576,12288,32,0,22000
control2,append-spare-o3,0,8,256,rust-vec,1,0,512,1048576,12288,32,4194304,1804000
control2,append-spare-o3,0,8,256,rust-vec,1,1,512,1048576,12288,32,0,22000
control2,append-spare-o3,0,8,256,cpp-std-vector,1,0,512,1048576,12288,32,4194304,3854000
control2,append-spare-o3,0,8,256,cpp-std-vector,1,1,512,1048576,12288,32,0,20000
control2,append-spare-o3,0,8,256,whitefoot,1,0,512,1048576,12288,32,4194304,2133000
control2,append-spare-o3,0,8,256,whitefoot,1,1,512,1048576,12288,32,0,21000
control2,append-spare-o3,0,8,256,cpp-std-vector,2,0,512,1048576,12288,32,4194304,3892000
control2,append-spare-o3,0,8,256,cpp-std-vector,2,1,512,1048576,12288,32,0,21000
control2,append-spare-o3,0,8,256,whitefoot,2,0,512,1048576,12288,32,4194304,2097000
control2,append-spare-o3,0,8,256,whitefoot,2,1,512,1048576,12288,32,0,24000
control2,append-spare-o3,0,8,256,rust-vec,2,0,512,1048576,12288,32,4194304,1796000
control2,append-spare-o3,0,8,256,rust-vec,2,1,512,1048576,12288,32,0,22000
control2,append-spare-o3,0,8,256,whitefoot,3,0,512,1048576,12288,32,4194304,2106000
control2,append-spare-o3,0,8,256,whitefoot,3,1,512,1048576,12288,32,0,16000
control2,append-spare-o3,0,8,256,rust-vec,3,0,512,1048576,12288,32,4194304,1791000
control2,append-spare-o3,0,8,256,rust-vec,3,1,512,1048576,12288,32,0,20000
control2,append-spare-o3,0,8,256,cpp-std-vector,3,0,512,1048576,12288,32,4194304,3925000
control2,append-spare-o3,0,8,256,cpp-std-vector,3,1,512,1048576,12288,32,0,20000
control2,append-spare-o3,0,8,256,rust-vec,4,0,512,1048576,12288,32,4194304,1790000
control2,append-spare-o3,0,8,256,rust-vec,4,1,512,1048576,12288,32,0,22000
control2,append-spare-o3,0,8,256,cpp-std-vector,4,0,512,1048576,12288,32,4194304,3928000
control2,append-spare-o3,0,8,256,cpp-std-vector,4,1,512,1048576,12288,32,0,21000
control2,append-spare-o3,0,8,256,whitefoot,4,0,512,1048576,12288,32,4194304,2120000
control2,append-spare-o3,0,8,256,whitefoot,4,1,512,1048576,12288,32,0,18000
control2,append-spare-o3,0,8,256,cpp-std-vector,5,0,512,1048576,12288,32,4194304,3871000
control2,append-spare-o3,0,8,256,cpp-std-vector,5,1,512,1048576,12288,32,0,21000
control2,append-spare-o3,0,8,256,whitefoot,5,0,512,1048576,12288,32,4194304,2085000
control2,append-spare-o3,0,8,256,whitefoot,5,1,512,1048576,12288,32,0,26000
control2,append-spare-o3,0,8,256,rust-vec,5,0,512,1048576,12288,32,4194304,1797000
control2,append-spare-o3,0,8,256,rust-vec,5,1,512,1048576,12288,32,0,22000
control2,append-spare-o3,0,8,256,whitefoot,6,0,512,1048576,12288,32,4194304,2096000
control2,append-spare-o3,0,8,256,whitefoot,6,1,512,1048576,12288,32,0,24000
control2,append-spare-o3,0,8,256,rust-vec,6,0,512,1048576,12288,32,4194304,1766000
control2,append-spare-o3,0,8,256,rust-vec,6,1,512,1048576,12288,32,0,20000
control2,append-spare-o3,0,8,256,cpp-std-vector,6,0,512,1048576,12288,32,4194304,3993000
control2,append-spare-o3,0,8,256,cpp-std-vector,6,1,512,1048576,12288,32,0,22000
control2,append-spare-o3,1,8,256,cpp-std-vector,0,0,512,1048576,12288,32,4194304,3966000
control2,append-spare-o3,1,8,256,cpp-std-vector,0,1,512,1048576,12288,32,0,20000
control2,append-spare-o3,1,8,256,rust-vec,0,0,512,1048576,12288,32,4194304,1834000
control2,append-spare-o3,1,8,256,rust-vec,0,1,512,1048576,12288,32,0,21000
control2,append-spare-o3,1,8,256,whitefoot,0,0,512,1048576,12288,32,4194304,2175000
control2,append-spare-o3,1,8,256,whitefoot,0,1,512,1048576,12288,32,0,24000
control2,append-spare-o3,1,8,256,rust-vec,1,0,512,1048576,12288,32,4194304,1814000
control2,append-spare-o3,1,8,256,rust-vec,1,1,512,1048576,12288,32,0,20000
control2,append-spare-o3,1,8,256,whitefoot,1,0,512,1048576,12288,32,4194304,2115000
control2,append-spare-o3,1,8,256,whitefoot,1,1,512,1048576,12288,32,0,21000
control2,append-spare-o3,1,8,256,cpp-std-vector,1,0,512,1048576,12288,32,4194304,3816000
control2,append-spare-o3,1,8,256,cpp-std-vector,1,1,512,1048576,12288,32,0,21000
control2,append-spare-o3,1,8,256,whitefoot,2,0,512,1048576,12288,32,4194304,2126000
control2,append-spare-o3,1,8,256,whitefoot,2,1,512,1048576,12288,32,0,21000
control2,append-spare-o3,1,8,256,cpp-std-vector,2,0,512,1048576,12288,32,4194304,3962000
control2,append-spare-o3,1,8,256,cpp-std-vector,2,1,512,1048576,12288,32,0,22000
control2,append-spare-o3,1,8,256,rust-vec,2,0,512,1048576,12288,32,4194304,1780000
control2,append-spare-o3,1,8,256,rust-vec,2,1,512,1048576,12288,32,0,20000
control2,append-spare-o3,1,8,256,cpp-std-vector,3,0,512,1048576,12288,32,4194304,3875000
control2,append-spare-o3,1,8,256,cpp-std-vector,3,1,512,1048576,12288,32,0,19000
control2,append-spare-o3,1,8,256,rust-vec,3,0,512,1048576,12288,32,4194304,1805000
control2,append-spare-o3,1,8,256,rust-vec,3,1,512,1048576,12288,32,0,20000
control2,append-spare-o3,1,8,256,whitefoot,3,0,512,1048576,12288,32,4194304,2134000
control2,append-spare-o3,1,8,256,whitefoot,3,1,512,1048576,12288,32,0,18000
control2,append-spare-o3,1,8,256,rust-vec,4,0,512,1048576,12288,32,4194304,1787000
control2,append-spare-o3,1,8,256,rust-vec,4,1,512,1048576,12288,32,0,21000
control2,append-spare-o3,1,8,256,whitefoot,4,0,512,1048576,12288,32,4194304,2114000
control2,append-spare-o3,1,8,256,whitefoot,4,1,512,1048576,12288,32,0,21000
control2,append-spare-o3,1,8,256,cpp-std-vector,4,0,512,1048576,12288,32,4194304,3828000
control2,append-spare-o3,1,8,256,cpp-std-vector,4,1,512,1048576,12288,32,0,22000
control2,append-spare-o3,1,8,256,whitefoot,5,0,512,1048576,12288,32,4194304,2105000
control2,append-spare-o3,1,8,256,whitefoot,5,1,512,1048576,12288,32,0,17000
control2,append-spare-o3,1,8,256,cpp-std-vector,5,0,512,1048576,12288,32,4194304,3957000
control2,append-spare-o3,1,8,256,cpp-std-vector,5,1,512,1048576,12288,32,0,20000
control2,append-spare-o3,1,8,256,rust-vec,5,0,512,1048576,12288,32,4194304,1803000
control2,append-spare-o3,1,8,256,rust-vec,5,1,512,1048576,12288,32,0,21000
control2,append-spare-o3,1,8,256,cpp-std-vector,6,0,512,1048576,12288,32,4194304,3831000
control2,append-spare-o3,1,8,256,cpp-std-vector,6,1,512,1048576,12288,32,0,21000
control2,append-spare-o3,1,8,256,rust-vec,6,0,512,1048576,12288,32,4194304,1776000
control2,append-spare-o3,1,8,256,rust-vec,6,1,512,1048576,12288,32,0,19000
control2,append-spare-o3,1,8,256,whitefoot,6,0,512,1048576,12288,32,4194304,2109000
control2,append-spare-o3,1,8,256,whitefoot,6,1,512,1048576,12288,32,0,22000
control2,append-spare-o3,0,8,4096,whitefoot,0,0,32,1048576,768,32,4194304,4448000
control2,append-spare-o3,0,8,4096,whitefoot,0,1,32,1048576,768,32,0,3000
control2,append-spare-o3,0,8,4096,rust-vec,0,0,32,1048576,768,32,4194304,3379000
control2,append-spare-o3,0,8,4096,rust-vec,0,1,32,1048576,768,32,0,1000
control2,append-spare-o3,0,8,4096,cpp-std-vector,0,0,32,1048576,768,32,4194304,3919000
control2,append-spare-o3,0,8,4096,cpp-std-vector,0,1,32,1048576,768,32,0,1000
control2,append-spare-o3,0,8,4096,rust-vec,1,0,32,1048576,768,32,4194304,3437000
control2,append-spare-o3,0,8,4096,rust-vec,1,1,32,1048576,768,32,0,0
control2,append-spare-o3,0,8,4096,cpp-std-vector,1,0,32,1048576,768,32,4194304,3981000
control2,append-spare-o3,0,8,4096,cpp-std-vector,1,1,32,1048576,768,32,0,0
control2,append-spare-o3,0,8,4096,whitefoot,1,0,32,1048576,768,32,4194304,4462000
control2,append-spare-o3,0,8,4096,whitefoot,1,1,32,1048576,768,32,0,2000
control2,append-spare-o3,0,8,4096,cpp-std-vector,2,0,32,1048576,768,32,4194304,3776000
control2,append-spare-o3,0,8,4096,cpp-std-vector,2,1,32,1048576,768,32,0,0
control2,append-spare-o3,0,8,4096,whitefoot,2,0,32,1048576,768,32,4194304,4515000
control2,append-spare-o3,0,8,4096,whitefoot,2,1,32,1048576,768,32,0,2000
control2,append-spare-o3,0,8,4096,rust-vec,2,0,32,1048576,768,32,4194304,3631000
control2,append-spare-o3,0,8,4096,rust-vec,2,1,32,1048576,768,32,0,4000
control2,append-spare-o3,0,8,4096,whitefoot,3,0,32,1048576,768,32,4194304,4436000
control2,append-spare-o3,0,8,4096,whitefoot,3,1,32,1048576,768,32,0,2000
control2,append-spare-o3,0,8,4096,rust-vec,3,0,32,1048576,768,32,4194304,3498000
control2,append-spare-o3,0,8,4096,rust-vec,3,1,32,1048576,768,32,0,0
control2,append-spare-o3,0,8,4096,cpp-std-vector,3,0,32,1048576,768,32,4194304,4001000
control2,append-spare-o3,0,8,4096,cpp-std-vector,3,1,32,1048576,768,32,0,0
control2,append-spare-o3,0,8,4096,rust-vec,4,0,32,1048576,768,32,4194304,3420000
control2,append-spare-o3,0,8,4096,rust-vec,4,1,32,1048576,768,32,0,1000
control2,append-spare-o3,0,8,4096,cpp-std-vector,4,0,32,1048576,768,32,4194304,3914000
control2,append-spare-o3,0,8,4096,cpp-std-vector,4,1,32,1048576,768,32,0,0
control2,append-spare-o3,0,8,4096,whitefoot,4,0,32,1048576,768,32,4194304,4462000
control2,append-spare-o3,0,8,4096,whitefoot,4,1,32,1048576,768,32,0,2000
control2,append-spare-o3,0,8,4096,cpp-std-vector,5,0,32,1048576,768,32,4194304,3902000
control2,append-spare-o3,0,8,4096,cpp-std-vector,5,1,32,1048576,768,32,0,2000
control2,append-spare-o3,0,8,4096,whitefoot,5,0,32,1048576,768,32,4194304,4429000
control2,append-spare-o3,0,8,4096,whitefoot,5,1,32,1048576,768,32,0,3000
control2,append-spare-o3,0,8,4096,rust-vec,5,0,32,1048576,768,32,4194304,3617000
control2,append-spare-o3,0,8,4096,rust-vec,5,1,32,1048576,768,32,0,0
control2,append-spare-o3,0,8,4096,whitefoot,6,0,32,1048576,768,32,4194304,4410000
control2,append-spare-o3,0,8,4096,whitefoot,6,1,32,1048576,768,32,0,3000
control2,append-spare-o3,0,8,4096,rust-vec,6,0,32,1048576,768,32,4194304,3651000
control2,append-spare-o3,0,8,4096,rust-vec,6,1,32,1048576,768,32,0,0
control2,append-spare-o3,0,8,4096,cpp-std-vector,6,0,32,1048576,768,32,4194304,3966000
control2,append-spare-o3,0,8,4096,cpp-std-vector,6,1,32,1048576,768,32,0,1000
control2,append-spare-o3,1,8,4096,cpp-std-vector,0,0,32,1048576,768,32,4194304,3866000
control2,append-spare-o3,1,8,4096,cpp-std-vector,0,1,32,1048576,768,32,0,2000
control2,append-spare-o3,1,8,4096,rust-vec,0,0,32,1048576,768,32,4194304,3490000
control2,append-spare-o3,1,8,4096,rust-vec,0,1,32,1048576,768,32,0,0
control2,append-spare-o3,1,8,4096,whitefoot,0,0,32,1048576,768,32,4194304,4452000
control2,append-spare-o3,1,8,4096,whitefoot,0,1,32,1048576,768,32,0,3000
control2,append-spare-o3,1,8,4096,rust-vec,1,0,32,1048576,768,32,4194304,3581000
control2,append-spare-o3,1,8,4096,rust-vec,1,1,32,1048576,768,32,0,1000
control2,append-spare-o3,1,8,4096,whitefoot,1,0,32,1048576,768,32,4194304,4442000
control2,append-spare-o3,1,8,4096,whitefoot,1,1,32,1048576,768,32,0,4000
control2,append-spare-o3,1,8,4096,cpp-std-vector,1,0,32,1048576,768,32,4194304,3883000
control2,append-spare-o3,1,8,4096,cpp-std-vector,1,1,32,1048576,768,32,0,3000
control2,append-spare-o3,1,8,4096,whitefoot,2,0,32,1048576,768,32,4194304,4418000
control2,append-spare-o3,1,8,4096,whitefoot,2,1,32,1048576,768,32,0,3000
control2,append-spare-o3,1,8,4096,cpp-std-vector,2,0,32,1048576,768,32,4194304,3786000
control2,append-spare-o3,1,8,4096,cpp-std-vector,2,1,32,1048576,768,32,0,2000
control2,append-spare-o3,1,8,4096,rust-vec,2,0,32,1048576,768,32,4194304,3532000
control2,append-spare-o3,1,8,4096,rust-vec,2,1,32,1048576,768,32,0,0
control2,append-spare-o3,1,8,4096,cpp-std-vector,3,0,32,1048576,768,32,4194304,3923000
control2,append-spare-o3,1,8,4096,cpp-std-vector,3,1,32,1048576,768,32,0,3000
control2,append-spare-o3,1,8,4096,rust-vec,3,0,32,1048576,768,32,4194304,3305000
control2,append-spare-o3,1,8,4096,rust-vec,3,1,32,1048576,768,32,0,2000
control2,append-spare-o3,1,8,4096,whitefoot,3,0,32,1048576,768,32,4194304,4464000
control2,append-spare-o3,1,8,4096,whitefoot,3,1,32,1048576,768,32,0,1000
control2,append-spare-o3,1,8,4096,rust-vec,4,0,32,1048576,768,32,4194304,3332000
control2,append-spare-o3,1,8,4096,rust-vec,4,1,32,1048576,768,32,0,0
control2,append-spare-o3,1,8,4096,whitefoot,4,0,32,1048576,768,32,4194304,4447000
control2,append-spare-o3,1,8,4096,whitefoot,4,1,32,1048576,768,32,0,2000
control2,append-spare-o3,1,8,4096,cpp-std-vector,4,0,32,1048576,768,32,4194304,3906000
control2,append-spare-o3,1,8,4096,cpp-std-vector,4,1,32,1048576,768,32,0,2000
control2,append-spare-o3,1,8,4096,whitefoot,5,0,32,1048576,768,32,4194304,4418000
control2,append-spare-o3,1,8,4096,whitefoot,5,1,32,1048576,768,32,0,1000
control2,append-spare-o3,1,8,4096,cpp-std-vector,5,0,32,1048576,768,32,4194304,3870000
control2,append-spare-o3,1,8,4096,cpp-std-vector,5,1,32,1048576,768,32,0,0
control2,append-spare-o3,1,8,4096,rust-vec,5,0,32,1048576,768,32,4194304,3466000
control2,append-spare-o3,1,8,4096,rust-vec,5,1,32,1048576,768,32,0,2000
control2,append-spare-o3,1,8,4096,cpp-std-vector,6,0,32,1048576,768,32,4194304,3855000
control2,append-spare-o3,1,8,4096,cpp-std-vector,6,1,32,1048576,768,32,0,0
control2,append-spare-o3,1,8,4096,rust-vec,6,0,32,1048576,768,32,4194304,3711000
control2,append-spare-o3,1,8,4096,rust-vec,6,1,32,1048576,768,32,0,3000
control2,append-spare-o3,1,8,4096,whitefoot,6,0,32,1048576,768,32,4194304,4616000
control2,append-spare-o3,1,8,4096,whitefoot,6,1,32,1048576,768,32,0,1000
control2,append-spare-o3,0,256,16,whitefoot,0,0,256,1048576,6144,1024,4194304,21525000
control2,append-spare-o3,0,256,16,whitefoot,0,1,256,1048576,6144,1024,0,418000
control2,append-spare-o3,0,256,16,rust-vec,0,0,256,1048576,6144,1024,4194304,19160000
control2,append-spare-o3,0,256,16,rust-vec,0,1,256,1048576,6144,1024,0,343000
control2,append-spare-o3,0,256,16,cpp-std-vector,0,0,256,1048576,6144,1024,4194304,30239000
control2,append-spare-o3,0,256,16,cpp-std-vector,0,1,256,1048576,6144,1024,0,347000
control2,append-spare-o3,0,256,16,rust-vec,1,0,256,1048576,6144,1024,4194304,19005000
control2,append-spare-o3,0,256,16,rust-vec,1,1,256,1048576,6144,1024,0,345000
control2,append-spare-o3,0,256,16,cpp-std-vector,1,0,256,1048576,6144,1024,4194304,29929000
control2,append-spare-o3,0,256,16,cpp-std-vector,1,1,256,1048576,6144,1024,0,332000
control2,append-spare-o3,0,256,16,whitefoot,1,0,256,1048576,6144,1024,4194304,20957000
control2,append-spare-o3,0,256,16,whitefoot,1,1,256,1048576,6144,1024,0,419000
control2,append-spare-o3,0,256,16,cpp-std-vector,2,0,256,1048576,6144,1024,4194304,32748000
control2,append-spare-o3,0,256,16,cpp-std-vector,2,1,256,1048576,6144,1024,0,335000
control2,append-spare-o3,0,256,16,whitefoot,2,0,256,1048576,6144,1024,4194304,20991000
control2,append-spare-o3,0,256,16,whitefoot,2,1,256,1048576,6144,1024,0,409000
control2,append-spare-o3,0,256,16,rust-vec,2,0,256,1048576,6144,1024,4194304,18928000
control2,append-spare-o3,0,256,16,rust-vec,2,1,256,1048576,6144,1024,0,340000
control2,append-spare-o3,0,256,16,whitefoot,3,0,256,1048576,6144,1024,4194304,21076000
control2,append-spare-o3,0,256,16,whitefoot,3,1,256,1048576,6144,1024,0,422000
control2,append-spare-o3,0,256,16,rust-vec,3,0,256,1048576,6144,1024,4194304,19060000
control2,append-spare-o3,0,256,16,rust-vec,3,1,256,1048576,6144,1024,0,333000
control2,append-spare-o3,0,256,16,cpp-std-vector,3,0,256,1048576,6144,1024,4194304,29885000
control2,append-spare-o3,0,256,16,cpp-std-vector,3,1,256,1048576,6144,1024,0,336000
control2,append-spare-o3,0,256,16,rust-vec,4,0,256,1048576,6144,1024,4194304,19055000
control2,append-spare-o3,0,256,16,rust-vec,4,1,256,1048576,6144,1024,0,355000
control2,append-spare-o3,0,256,16,cpp-std-vector,4,0,256,1048576,6144,1024,4194304,30733000
control2,append-spare-o3,0,256,16,cpp-std-vector,4,1,256,1048576,6144,1024,0,354000
control2,append-spare-o3,0,256,16,whitefoot,4,0,256,1048576,6144,1024,4194304,20981000
control2,append-spare-o3,0,256,16,whitefoot,4,1,256,1048576,6144,1024,0,422000
control2,append-spare-o3,0,256,16,cpp-std-vector,5,0,256,1048576,6144,1024,4194304,29907000
control2,append-spare-o3,0,256,16,cpp-std-vector,5,1,256,1048576,6144,1024,0,347000
control2,append-spare-o3,0,256,16,whitefoot,5,0,256,1048576,6144,1024,4194304,21233000
control2,append-spare-o3,0,256,16,whitefoot,5,1,256,1048576,6144,1024,0,419000
control2,append-spare-o3,0,256,16,rust-vec,5,0,256,1048576,6144,1024,4194304,19405000
control2,append-spare-o3,0,256,16,rust-vec,5,1,256,1048576,6144,1024,0,338000
control2,append-spare-o3,0,256,16,whitefoot,6,0,256,1048576,6144,1024,4194304,20935000
control2,append-spare-o3,0,256,16,whitefoot,6,1,256,1048576,6144,1024,0,418000
control2,append-spare-o3,0,256,16,rust-vec,6,0,256,1048576,6144,1024,4194304,19402000
control2,append-spare-o3,0,256,16,rust-vec,6,1,256,1048576,6144,1024,0,353000
control2,append-spare-o3,0,256,16,cpp-std-vector,6,0,256,1048576,6144,1024,4194304,29783000
control2,append-spare-o3,0,256,16,cpp-std-vector,6,1,256,1048576,6144,1024,0,337000
control2,append-spare-o3,1,256,16,cpp-std-vector,0,0,256,1048576,6144,1024,4194304,29939000
control2,append-spare-o3,1,256,16,cpp-std-vector,0,1,256,1048576,6144,1024,0,361000
control2,append-spare-o3,1,256,16,rust-vec,0,0,256,1048576,6144,1024,4194304,19020000
control2,append-spare-o3,1,256,16,rust-vec,0,1,256,1048576,6144,1024,0,343000
control2,append-spare-o3,1,256,16,whitefoot,0,0,256,1048576,6144,1024,4194304,21143000
control2,append-spare-o3,1,256,16,whitefoot,0,1,256,1048576,6144,1024,0,414000
control2,append-spare-o3,1,256,16,rust-vec,1,0,256,1048576,6144,1024,4194304,18999000
control2,append-spare-o3,1,256,16,rust-vec,1,1,256,1048576,6144,1024,0,339000
control2,append-spare-o3,1,256,16,whitefoot,1,0,256,1048576,6144,1024,4194304,21013000
control2,append-spare-o3,1,256,16,whitefoot,1,1,256,1048576,6144,1024,0,453000
control2,append-spare-o3,1,256,16,cpp-std-vector,1,0,256,1048576,6144,1024,4194304,30416000
control2,append-spare-o3,1,256,16,cpp-std-vector,1,1,256,1048576,6144,1024,0,332000
control2,append-spare-o3,1,256,16,whitefoot,2,0,256,1048576,6144,1024,4194304,20932000
control2,append-spare-o3,1,256,16,whitefoot,2,1,256,1048576,6144,1024,0,414000
control2,append-spare-o3,1,256,16,cpp-std-vector,2,0,256,1048576,6144,1024,4194304,29983000
control2,append-spare-o3,1,256,16,cpp-std-vector,2,1,256,1048576,6144,1024,0,340000
control2,append-spare-o3,1,256,16,rust-vec,2,0,256,1048576,6144,1024,4194304,19110000
control2,append-spare-o3,1,256,16,rust-vec,2,1,256,1048576,6144,1024,0,346000
control2,append-spare-o3,1,256,16,cpp-std-vector,3,0,256,1048576,6144,1024,4194304,29919000
control2,append-spare-o3,1,256,16,cpp-std-vector,3,1,256,1048576,6144,1024,0,348000
control2,append-spare-o3,1,256,16,rust-vec,3,0,256,1048576,6144,1024,4194304,19066000
control2,append-spare-o3,1,256,16,rust-vec,3,1,256,1048576,6144,1024,0,355000
control2,append-spare-o3,1,256,16,whitefoot,3,0,256,1048576,6144,1024,4194304,21311000
control2,append-spare-o3,1,256,16,whitefoot,3,1,256,1048576,6144,1024,0,417000
control2,append-spare-o3,1,256,16,rust-vec,4,0,256,1048576,6144,1024,4194304,18935000
control2,append-spare-o3,1,256,16,rust-vec,4,1,256,1048576,6144,1024,0,351000
control2,append-spare-o3,1,256,16,whitefoot,4,0,256,1048576,6144,1024,4194304,20979000
control2,append-spare-o3,1,256,16,whitefoot,4,1,256,1048576,6144,1024,0,436000
control2,append-spare-o3,1,256,16,cpp-std-vector,4,0,256,1048576,6144,1024,4194304,29933000
control2,append-spare-o3,1,256,16,cpp-std-vector,4,1,256,1048576,6144,1024,0,350000
control2,append-spare-o3,1,256,16,whitefoot,5,0,256,1048576,6144,1024,4194304,21027000
control2,append-spare-o3,1,256,16,whitefoot,5,1,256,1048576,6144,1024,0,417000
control2,append-spare-o3,1,256,16,cpp-std-vector,5,0,256,1048576,6144,1024,4194304,30113000
control2,append-spare-o3,1,256,16,cpp-std-vector,5,1,256,1048576,6144,1024,0,343000
control2,append-spare-o3,1,256,16,rust-vec,5,0,256,1048576,6144,1024,4194304,19307000
control2,append-spare-o3,1,256,16,rust-vec,5,1,256,1048576,6144,1024,0,360000
control2,append-spare-o3,1,256,16,cpp-std-vector,6,0,256,1048576,6144,1024,4194304,30041000
control2,append-spare-o3,1,256,16,cpp-std-vector,6,1,256,1048576,6144,1024,0,363000
control2,append-spare-o3,1,256,16,rust-vec,6,0,256,1048576,6144,1024,4194304,18941000
control2,append-spare-o3,1,256,16,rust-vec,6,1,256,1048576,6144,1024,0,341000
control2,append-spare-o3,1,256,16,whitefoot,6,0,256,1048576,6144,1024,4194304,21014000
control2,append-spare-o3,1,256,16,whitefoot,6,1,256,1048576,6144,1024,0,420000
control2,append-spare-o3,0,256,256,whitefoot,0,0,16,1048576,384,1024,4194304,18588000
control2,append-spare-o3,0,256,256,whitefoot,0,1,16,1048576,384,1024,0,62000
control2,append-spare-o3,0,256,256,rust-vec,0,0,16,1048576,384,1024,4194304,18334000
control2,append-spare-o3,0,256,256,rust-vec,0,1,16,1048576,384,1024,0,36000
control2,append-spare-o3,0,256,256,cpp-std-vector,0,0,16,1048576,384,1024,4194304,30152000
control2,append-spare-o3,0,256,256,cpp-std-vector,0,1,16,1048576,384,1024,0,17000
control2,append-spare-o3,0,256,256,rust-vec,1,0,16,1048576,384,1024,4194304,18485000
control2,append-spare-o3,0,256,256,rust-vec,1,1,16,1048576,384,1024,0,41000
control2,append-spare-o3,0,256,256,cpp-std-vector,1,0,16,1048576,384,1024,4194304,29666000
control2,append-spare-o3,0,256,256,cpp-std-vector,1,1,16,1048576,384,1024,0,38000
control2,append-spare-o3,0,256,256,whitefoot,1,0,16,1048576,384,1024,4194304,18793000
control2,append-spare-o3,0,256,256,whitefoot,1,1,16,1048576,384,1024,0,68000
control2,append-spare-o3,0,256,256,cpp-std-vector,2,0,16,1048576,384,1024,4194304,29774000
control2,append-spare-o3,0,256,256,cpp-std-vector,2,1,16,1048576,384,1024,0,14000
control2,append-spare-o3,0,256,256,whitefoot,2,0,16,1048576,384,1024,4194304,18619000
control2,append-spare-o3,0,256,256,whitefoot,2,1,16,1048576,384,1024,0,61000
control2,append-spare-o3,0,256,256,rust-vec,2,0,16,1048576,384,1024,4194304,17995000
control2,append-spare-o3,0,256,256,rust-vec,2,1,16,1048576,384,1024,0,37000
control2,append-spare-o3,0,256,256,whitefoot,3,0,16,1048576,384,1024,4194304,19006000
control2,append-spare-o3,0,256,256,whitefoot,3,1,16,1048576,384,1024,0,44000
control2,append-spare-o3,0,256,256,rust-vec,3,0,16,1048576,384,1024,4194304,18463000
control2,append-spare-o3,0,256,256,rust-vec,3,1,16,1048576,384,1024,0,39000
control2,append-spare-o3,0,256,256,cpp-std-vector,3,0,16,1048576,384,1024,4194304,29696000
control2,append-spare-o3,0,256,256,cpp-std-vector,3,1,16,1048576,384,1024,0,21000
control2,append-spare-o3,0,256,256,rust-vec,4,0,16,1048576,384,1024,4194304,18018000
control2,append-spare-o3,0,256,256,rust-vec,4,1,16,1048576,384,1024,0,38000
control2,append-spare-o3,0,256,256,cpp-std-vector,4,0,16,1048576,384,1024,4194304,31062000
control2,append-spare-o3,0,256,256,cpp-std-vector,4,1,16,1048576,384,1024,0,34000
control2,append-spare-o3,0,256,256,whitefoot,4,0,16,1048576,384,1024,4194304,18802000
control2,append-spare-o3,0,256,256,whitefoot,4,1,16,1048576,384,1024,0,58000
control2,append-spare-o3,0,256,256,cpp-std-vector,5,0,16,1048576,384,1024,4194304,29718000
control2,append-spare-o3,0,256,256,cpp-std-vector,5,1,16,1048576,384,1024,0,38000
control2,append-spare-o3,0,256,256,whitefoot,5,0,16,1048576,384,1024,4194304,19118000
control2,append-spare-o3,0,256,256,whitefoot,5,1,16,1048576,384,1024,0,73000
control2,append-spare-o3,0,256,256,rust-vec,5,0,16,1048576,384,1024,4194304,18275000
control2,append-spare-o3,0,256,256,rust-vec,5,1,16,1048576,384,1024,0,32000
control2,append-spare-o3,0,256,256,whitefoot,6,0,16,1048576,384,1024,4194304,18988000
control2,append-spare-o3,0,256,256,whitefoot,6,1,16,1048576,384,1024,0,60000
control2,append-spare-o3,0,256,256,rust-vec,6,0,16,1048576,384,1024,4194304,18092000
control2,append-spare-o3,0,256,256,rust-vec,6,1,16,1048576,384,1024,0,36000
control2,append-spare-o3,0,256,256,cpp-std-vector,6,0,16,1048576,384,1024,4194304,29881000
control2,append-spare-o3,0,256,256,cpp-std-vector,6,1,16,1048576,384,1024,0,28000
control2,append-spare-o3,1,256,256,cpp-std-vector,0,0,16,1048576,384,1024,4194304,29872000
control2,append-spare-o3,1,256,256,cpp-std-vector,0,1,16,1048576,384,1024,0,28000
control2,append-spare-o3,1,256,256,rust-vec,0,0,16,1048576,384,1024,4194304,18247000
control2,append-spare-o3,1,256,256,rust-vec,0,1,16,1048576,384,1024,0,34000
control2,append-spare-o3,1,256,256,whitefoot,0,0,16,1048576,384,1024,4194304,18711000
control2,append-spare-o3,1,256,256,whitefoot,0,1,16,1048576,384,1024,0,65000
control2,append-spare-o3,1,256,256,rust-vec,1,0,16,1048576,384,1024,4194304,18019000
control2,append-spare-o3,1,256,256,rust-vec,1,1,16,1048576,384,1024,0,34000
control2,append-spare-o3,1,256,256,whitefoot,1,0,16,1048576,384,1024,4194304,18596000
control2,append-spare-o3,1,256,256,whitefoot,1,1,16,1048576,384,1024,0,59000
control2,append-spare-o3,1,256,256,cpp-std-vector,1,0,16,1048576,384,1024,4194304,29752000
control2,append-spare-o3,1,256,256,cpp-std-vector,1,1,16,1048576,384,1024,0,20000
control2,append-spare-o3,1,256,256,whitefoot,2,0,16,1048576,384,1024,4194304,18813000
control2,append-spare-o3,1,256,256,whitefoot,2,1,16,1048576,384,1024,0,55000
control2,append-spare-o3,1,256,256,cpp-std-vector,2,0,16,1048576,384,1024,4194304,29713000
control2,append-spare-o3,1,256,256,cpp-std-vector,2,1,16,1048576,384,1024,0,35000
control2,append-spare-o3,1,256,256,rust-vec,2,0,16,1048576,384,1024,4194304,18893000
control2,append-spare-o3,1,256,256,rust-vec,2,1,16,1048576,384,1024,0,37000
control2,append-spare-o3,1,256,256,cpp-std-vector,3,0,16,1048576,384,1024,4194304,29641000
control2,append-spare-o3,1,256,256,cpp-std-vector,3,1,16,1048576,384,1024,0,23000
control2,append-spare-o3,1,256,256,rust-vec,3,0,16,1048576,384,1024,4194304,18227000
control2,append-spare-o3,1,256,256,rust-vec,3,1,16,1048576,384,1024,0,41000
control2,append-spare-o3,1,256,256,whitefoot,3,0,16,1048576,384,1024,4194304,18724000
control2,append-spare-o3,1,256,256,whitefoot,3,1,16,1048576,384,1024,0,62000
control2,append-spare-o3,1,256,256,rust-vec,4,0,16,1048576,384,1024,4194304,17999000
control2,append-spare-o3,1,256,256,rust-vec,4,1,16,1048576,384,1024,0,40000
control2,append-spare-o3,1,256,256,whitefoot,4,0,16,1048576,384,1024,4194304,18623000
control2,append-spare-o3,1,256,256,whitefoot,4,1,16,1048576,384,1024,0,57000
control2,append-spare-o3,1,256,256,cpp-std-vector,4,0,16,1048576,384,1024,4194304,30306000
control2,append-spare-o3,1,256,256,cpp-std-vector,4,1,16,1048576,384,1024,0,28000
control2,append-spare-o3,1,256,256,whitefoot,5,0,16,1048576,384,1024,4194304,18604000
control2,append-spare-o3,1,256,256,whitefoot,5,1,16,1048576,384,1024,0,62000
control2,append-spare-o3,1,256,256,cpp-std-vector,5,0,16,1048576,384,1024,4194304,29734000
control2,append-spare-o3,1,256,256,cpp-std-vector,5,1,16,1048576,384,1024,0,33000
control2,append-spare-o3,1,256,256,rust-vec,5,0,16,1048576,384,1024,4194304,18130000
control2,append-spare-o3,1,256,256,rust-vec,5,1,16,1048576,384,1024,0,37000
control2,append-spare-o3,1,256,256,cpp-std-vector,6,0,16,1048576,384,1024,4194304,29862000
control2,append-spare-o3,1,256,256,cpp-std-vector,6,1,16,1048576,384,1024,0,33000
control2,append-spare-o3,1,256,256,rust-vec,6,0,16,1048576,384,1024,4194304,17980000
control2,append-spare-o3,1,256,256,rust-vec,6,1,16,1048576,384,1024,0,32000
control2,append-spare-o3,1,256,256,whitefoot,6,0,16,1048576,384,1024,4194304,18971000
control2,append-spare-o3,1,256,256,whitefoot,6,1,16,1048576,384,1024,0,60000
control2,append-spare-o3,0,256,4096,whitefoot,0,0,1,1048576,24,1024,4194304,18426000
control2,append-spare-o3,0,256,4096,whitefoot,0,1,1,1048576,24,1024,0,27000
control2,append-spare-o3,0,256,4096,rust-vec,0,0,1,1048576,24,1024,4194304,18035000
control2,append-spare-o3,0,256,4096,rust-vec,0,1,1,1048576,24,1024,0,23000
control2,append-spare-o3,0,256,4096,cpp-std-vector,0,0,1,1048576,24,1024,4194304,30405000
control2,append-spare-o3,0,256,4096,cpp-std-vector,0,1,1,1048576,24,1024,0,24000
control2,append-spare-o3,0,256,4096,rust-vec,1,0,1,1048576,24,1024,4194304,17984000
control2,append-spare-o3,0,256,4096,rust-vec,1,1,1,1048576,24,1024,0,22000
control2,append-spare-o3,0,256,4096,cpp-std-vector,1,0,1,1048576,24,1024,4194304,29789000
control2,append-spare-o3,0,256,4096,cpp-std-vector,1,1,1,1048576,24,1024,0,22000
control2,append-spare-o3,0,256,4096,whitefoot,1,0,1,1048576,24,1024,4194304,18562000
control2,append-spare-o3,0,256,4096,whitefoot,1,1,1,1048576,24,1024,0,22000
control2,append-spare-o3,0,256,4096,cpp-std-vector,2,0,1,1048576,24,1024,4194304,30529000
control2,append-spare-o3,0,256,4096,cpp-std-vector,2,1,1,1048576,24,1024,0,22000
control2,append-spare-o3,0,256,4096,whitefoot,2,0,1,1048576,24,1024,4194304,18244000
control2,append-spare-o3,0,256,4096,whitefoot,2,1,1,1048576,24,1024,0,18000
control2,append-spare-o3,0,256,4096,rust-vec,2,0,1,1048576,24,1024,4194304,18211000
control2,append-spare-o3,0,256,4096,rust-vec,2,1,1,1048576,24,1024,0,24000
control2,append-spare-o3,0,256,4096,whitefoot,3,0,1,1048576,24,1024,4194304,18465000
control2,append-spare-o3,0,256,4096,whitefoot,3,1,1,1048576,24,1024,0,25000
control2,append-spare-o3,0,256,4096,rust-vec,3,0,1,1048576,24,1024,4194304,17899000
control2,append-spare-o3,0,256,4096,rust-vec,3,1,1,1048576,24,1024,0,22000
control2,append-spare-o3,0,256,4096,cpp-std-vector,3,0,1,1048576,24,1024,4194304,29853000
control2,append-spare-o3,0,256,4096,cpp-std-vector,3,1,1,1048576,24,1024,0,21000
control2,append-spare-o3,0,256,4096,rust-vec,4,0,1,1048576,24,1024,4194304,18291000
control2,append-spare-o3,0,256,4096,rust-vec,4,1,1,1048576,24,1024,0,19000
control2,append-spare-o3,0,256,4096,cpp-std-vector,4,0,1,1048576,24,1024,4194304,29953000
control2,append-spare-o3,0,256,4096,cpp-std-vector,4,1,1,1048576,24,1024,0,20000
control2,append-spare-o3,0,256,4096,whitefoot,4,0,1,1048576,24,1024,4194304,18263000
control2,append-spare-o3,0,256,4096,whitefoot,4,1,1,1048576,24,1024,0,20000
control2,append-spare-o3,0,256,4096,cpp-std-vector,5,0,1,1048576,24,1024,4194304,30109000
control2,append-spare-o3,0,256,4096,cpp-std-vector,5,1,1,1048576,24,1024,0,22000
control2,append-spare-o3,0,256,4096,whitefoot,5,0,1,1048576,24,1024,4194304,18459000
control2,append-spare-o3,0,256,4096,whitefoot,5,1,1,1048576,24,1024,0,20000
control2,append-spare-o3,0,256,4096,rust-vec,5,0,1,1048576,24,1024,4194304,18034000
control2,append-spare-o3,0,256,4096,rust-vec,5,1,1,1048576,24,1024,0,28000
control2,append-spare-o3,0,256,4096,whitefoot,6,0,1,1048576,24,1024,4194304,18298000
control2,append-spare-o3,0,256,4096,whitefoot,6,1,1,1048576,24,1024,0,23000
control2,append-spare-o3,0,256,4096,rust-vec,6,0,1,1048576,24,1024,4194304,18399000
control2,append-spare-o3,0,256,4096,rust-vec,6,1,1,1048576,24,1024,0,23000
control2,append-spare-o3,0,256,4096,cpp-std-vector,6,0,1,1048576,24,1024,4194304,29864000
control2,append-spare-o3,0,256,4096,cpp-std-vector,6,1,1,1048576,24,1024,0,21000
control2,append-spare-o3,1,256,4096,cpp-std-vector,0,0,1,1048576,24,1024,4194304,29842000
control2,append-spare-o3,1,256,4096,cpp-std-vector,0,1,1,1048576,24,1024,0,24000
control2,append-spare-o3,1,256,4096,rust-vec,0,0,1,1048576,24,1024,4194304,18028000
control2,append-spare-o3,1,256,4096,rust-vec,0,1,1,1048576,24,1024,0,23000
control2,append-spare-o3,1,256,4096,whitefoot,0,0,1,1048576,24,1024,4194304,18850000
control2,append-spare-o3,1,256,4096,whitefoot,0,1,1,1048576,24,1024,0,25000
control2,append-spare-o3,1,256,4096,rust-vec,1,0,1,1048576,24,1024,4194304,18621000
control2,append-spare-o3,1,256,4096,rust-vec,1,1,1,1048576,24,1024,0,22000
control2,append-spare-o3,1,256,4096,whitefoot,1,0,1,1048576,24,1024,4194304,18705000
control2,append-spare-o3,1,256,4096,whitefoot,1,1,1,1048576,24,1024,0,25000
control2,append-spare-o3,1,256,4096,cpp-std-vector,1,0,1,1048576,24,1024,4194304,30050000
control2,append-spare-o3,1,256,4096,cpp-std-vector,1,1,1,1048576,24,1024,0,23000
control2,append-spare-o3,1,256,4096,whitefoot,2,0,1,1048576,24,1024,4194304,18306000
control2,append-spare-o3,1,256,4096,whitefoot,2,1,1,1048576,24,1024,0,23000
control2,append-spare-o3,1,256,4096,cpp-std-vector,2,0,1,1048576,24,1024,4194304,31449000
control2,append-spare-o3,1,256,4096,cpp-std-vector,2,1,1,1048576,24,1024,0,22000
control2,append-spare-o3,1,256,4096,rust-vec,2,0,1,1048576,24,1024,4194304,17953000
control2,append-spare-o3,1,256,4096,rust-vec,2,1,1,1048576,24,1024,0,22000
control2,append-spare-o3,1,256,4096,cpp-std-vector,3,0,1,1048576,24,1024,4194304,30033000
control2,append-spare-o3,1,256,4096,cpp-std-vector,3,1,1,1048576,24,1024,0,28000
control2,append-spare-o3,1,256,4096,rust-vec,3,0,1,1048576,24,1024,4194304,18108000
control2,append-spare-o3,1,256,4096,rust-vec,3,1,1,1048576,24,1024,0,27000
control2,append-spare-o3,1,256,4096,whitefoot,3,0,1,1048576,24,1024,4194304,18496000
control2,append-spare-o3,1,256,4096,whitefoot,3,1,1,1048576,24,1024,0,23000
control2,append-spare-o3,1,256,4096,rust-vec,4,0,1,1048576,24,1024,4194304,18103000
control2,append-spare-o3,1,256,4096,rust-vec,4,1,1,1048576,24,1024,0,23000
control2,append-spare-o3,1,256,4096,whitefoot,4,0,1,1048576,24,1024,4194304,18348000
control2,append-spare-o3,1,256,4096,whitefoot,4,1,1,1048576,24,1024,0,21000
control2,append-spare-o3,1,256,4096,cpp-std-vector,4,0,1,1048576,24,1024,4194304,30377000
control2,append-spare-o3,1,256,4096,cpp-std-vector,4,1,1,1048576,24,1024,0,21000
control2,append-spare-o3,1,256,4096,whitefoot,5,0,1,1048576,24,1024,4194304,18740000
control2,append-spare-o3,1,256,4096,whitefoot,5,1,1,1048576,24,1024,0,21000
control2,append-spare-o3,1,256,4096,cpp-std-vector,5,0,1,1048576,24,1024,4194304,29926000
control2,append-spare-o3,1,256,4096,cpp-std-vector,5,1,1,1048576,24,1024,0,24000
control2,append-spare-o3,1,256,4096,rust-vec,5,0,1,1048576,24,1024,4194304,18353000
control2,append-spare-o3,1,256,4096,rust-vec,5,1,1,1048576,24,1024,0,23000
control2,append-spare-o3,1,256,4096,cpp-std-vector,6,0,1,1048576,24,1024,4194304,30127000
control2,append-spare-o3,1,256,4096,cpp-std-vector,6,1,1,1048576,24,1024,0,22000
control2,append-spare-o3,1,256,4096,rust-vec,6,0,1,1048576,24,1024,4194304,18150000
control2,append-spare-o3,1,256,4096,rust-vec,6,1,1,1048576,24,1024,0,22000
control2,append-spare-o3,1,256,4096,whitefoot,6,0,1,1048576,24,1024,4194304,18264000
control2,append-spare-o3,1,256,4096,whitefoot,6,1,1,1048576,24,1024,0,35000
