contract,cohort,element_bytes,path,count,variant,sample,work,rounds,traces,elapsed_ns,checksum
normal-o3,0,8,reserved,16,whitefoot,0,1048576,65536,1,3379000,1613149332516896869
normal-o3,0,8,reserved,16,reverse-c,0,1048576,65536,1,4033000,1613149332516896869
normal-o3,0,8,reserved,16,direct-c,0,1048576,65536,1,3311000,1613149332516896869
normal-o3,0,8,reserved,16,swap-take-c,0,1048576,65536,1,3928000,1613149332516896869
normal-o3,0,8,reserved,16,take-swap-c,0,1048576,65536,1,4053000,1613149332516896869
normal-o3,0,8,reserved,16,rust-vec,0,1048576,65536,1,2602000,1613149332516896869
normal-o3,0,8,reserved,16,cpp-std-vector,0,1048576,65536,1,3390000,1613149332516896869
normal-o3,0,8,reserved,16,reverse-c,1,1048576,65536,1,4137000,15534383740606742630
normal-o3,0,8,reserved,16,direct-c,1,1048576,65536,1,3372000,15534383740606742630
normal-o3,0,8,reserved,16,swap-take-c,1,1048576,65536,1,3938000,15534383740606742630
normal-o3,0,8,reserved,16,take-swap-c,1,1048576,65536,1,3819000,15534383740606742630
normal-o3,0,8,reserved,16,rust-vec,1,1048576,65536,1,2468000,15534383740606742630
normal-o3,0,8,reserved,16,cpp-std-vector,1,1048576,65536,1,3268000,15534383740606742630
normal-o3,0,8,reserved,16,whitefoot,1,1048576,65536,1,3156000,15534383740606742630
normal-o3,0,8,reserved,16,direct-c,2,1048576,65536,1,3374000,11203551505675976807
normal-o3,0,8,reserved,16,swap-take-c,2,1048576,65536,1,3896000,11203551505675976807
normal-o3,0,8,reserved,16,take-swap-c,2,1048576,65536,1,3816000,11203551505675976807
normal-o3,0,8,reserved,16,rust-vec,2,1048576,65536,1,2523000,11203551505675976807
normal-o3,0,8,reserved,16,cpp-std-vector,2,1048576,65536,1,3230000,11203551505675976807
normal-o3,0,8,reserved,16,whitefoot,2,1048576,65536,1,3208000,11203551505675976807
normal-o3,0,8,reserved,16,reverse-c,2,1048576,65536,1,4146000,11203551505675976807
normal-o3,0,8,reserved,16,swap-take-c,3,1048576,65536,1,3810000,598448321840808040
normal-o3,0,8,reserved,16,take-swap-c,3,1048576,65536,1,3674000,598448321840808040
normal-o3,0,8,reserved,16,rust-vec,3,1048576,65536,1,2515000,598448321840808040
normal-o3,0,8,reserved,16,cpp-std-vector,3,1048576,65536,1,3149000,598448321840808040
normal-o3,0,8,reserved,16,whitefoot,3,1048576,65536,1,3061000,598448321840808040
normal-o3,0,8,reserved,16,reverse-c,3,1048576,65536,1,3975000,598448321840808040
normal-o3,0,8,reserved,16,direct-c,3,1048576,65536,1,3298000,598448321840808040
normal-o3,0,8,reserved,16,take-swap-c,4,1048576,65536,1,3710000,3717605000514633833
normal-o3,0,8,reserved,16,rust-vec,4,1048576,65536,1,2379000,3717605000514633833
normal-o3,0,8,reserved,16,cpp-std-vector,4,1048576,65536,1,3252000,3717605000514633833
normal-o3,0,8,reserved,16,whitefoot,4,1048576,65536,1,3091000,3717605000514633833
normal-o3,0,8,reserved,16,reverse-c,4,1048576,65536,1,3947000,3717605000514633833
normal-o3,0,8,reserved,16,direct-c,4,1048576,65536,1,3285000,3717605000514633833
normal-o3,0,8,reserved,16,swap-take-c,4,1048576,65536,1,3783000,3717605000514633833
normal-o3,0,8,reserved,16,rust-vec,5,1048576,65536,1,2388000,7745013020975693930
normal-o3,0,8,reserved,16,cpp-std-vector,5,1048576,65536,1,3171000,7745013020975693930
normal-o3,0,8,reserved,16,whitefoot,5,1048576,65536,1,3112000,7745013020975693930
normal-o3,0,8,reserved,16,reverse-c,5,1048576,65536,1,3995000,7745013020975693930
normal-o3,0,8,reserved,16,direct-c,5,1048576,65536,1,3243000,7745013020975693930
normal-o3,0,8,reserved,16,swap-take-c,5,1048576,65536,1,3803000,7745013020975693930
normal-o3,0,8,reserved,16,take-swap-c,5,1048576,65536,1,3685000,7745013020975693930
normal-o3,0,8,reserved,16,cpp-std-vector,6,1048576,65536,1,3151000,6351481337365135467
normal-o3,0,8,reserved,16,whitefoot,6,1048576,65536,1,3090000,6351481337365135467
normal-o3,0,8,reserved,16,reverse-c,6,1048576,65536,1,3937000,6351481337365135467
normal-o3,0,8,reserved,16,direct-c,6,1048576,65536,1,3250000,6351481337365135467
normal-o3,0,8,reserved,16,swap-take-c,6,1048576,65536,1,3809000,6351481337365135467
normal-o3,0,8,reserved,16,take-swap-c,6,1048576,65536,1,3739000,6351481337365135467
normal-o3,0,8,reserved,16,rust-vec,6,1048576,65536,1,2375000,6351481337365135467
normal-o3,0,8,reserved,256,whitefoot,0,1048576,4096,1,1717000,1498897996573024357
normal-o3,0,8,reserved,256,reverse-c,0,1048576,4096,1,3239000,1498897996573024357
normal-o3,0,8,reserved,256,direct-c,0,1048576,4096,1,1697000,1498897996573024357
normal-o3,0,8,reserved,256,swap-take-c,0,1048576,4096,1,2227000,1498897996573024357
normal-o3,0,8,reserved,256,take-swap-c,0,1048576,4096,1,2195000,1498897996573024357
normal-o3,0,8,reserved,256,rust-vec,0,1048576,4096,1,1540000,1498897996573024357
normal-o3,0,8,reserved,256,cpp-std-vector,0,1048576,4096,1,2114000,1498897996573024357
normal-o3,0,8,reserved,256,reverse-c,1,1048576,4096,1,3246000,7707534785925595238
normal-o3,0,8,reserved,256,direct-c,1,1048576,4096,1,1698000,7707534785925595238
normal-o3,0,8,reserved,256,swap-take-c,1,1048576,4096,1,2218000,7707534785925595238
normal-o3,0,8,reserved,256,take-swap-c,1,1048576,4096,1,2214000,7707534785925595238
normal-o3,0,8,reserved,256,rust-vec,1,1048576,4096,1,1538000,7707534785925595238
normal-o3,0,8,reserved,256,cpp-std-vector,1,1048576,4096,1,2195000,7707534785925595238
normal-o3,0,8,reserved,256,whitefoot,1,1048576,4096,1,1708000,7707534785925595238
normal-o3,0,8,reserved,256,direct-c,2,1048576,4096,1,1714000,5506079726878842983
normal-o3,0,8,reserved,256,swap-take-c,2,1048576,4096,1,2236000,5506079726878842983
normal-o3,0,8,reserved,256,take-swap-c,2,1048576,4096,1,2177000,5506079726878842983
normal-o3,0,8,reserved,256,rust-vec,2,1048576,4096,1,1539000,5506079726878842983
normal-o3,0,8,reserved,256,cpp-std-vector,2,1048576,4096,1,2173000,5506079726878842983
normal-o3,0,8,reserved,256,whitefoot,2,1048576,4096,1,1703000,5506079726878842983
normal-o3,0,8,reserved,256,reverse-c,2,1048576,4096,1,3220000,5506079726878842983
normal-o3,0,8,reserved,256,swap-take-c,3,1048576,4096,1,2257000,5888291873035911272
normal-o3,0,8,reserved,256,take-swap-c,3,1048576,4096,1,2171000,5888291873035911272
normal-o3,0,8,reserved,256,rust-vec,3,1048576,4096,1,1536000,5888291873035911272
normal-o3,0,8,reserved,256,cpp-std-vector,3,1048576,4096,1,2142000,5888291873035911272
normal-o3,0,8,reserved,256,whitefoot,3,1048576,4096,1,1745000,5888291873035911272
normal-o3,0,8,reserved,256,reverse-c,3,1048576,4096,1,3284000,5888291873035911272
normal-o3,0,8,reserved,256,direct-c,3,1048576,4096,1,1759000,5888291873035911272
normal-o3,0,8,reserved,256,take-swap-c,4,1048576,4096,1,2176000,7512286317303570537
normal-o3,0,8,reserved,256,rust-vec,4,1048576,4096,1,1568000,7512286317303570537
normal-o3,0,8,reserved,256,cpp-std-vector,4,1048576,4096,1,2137000,7512286317303570537
normal-o3,0,8,reserved,256,whitefoot,4,1048576,4096,1,1757000,7512286317303570537
normal-o3,0,8,reserved,256,reverse-c,4,1048576,4096,1,3207000,7512286317303570537
normal-o3,0,8,reserved,256,direct-c,4,1048576,4096,1,1730000,7512286317303570537
normal-o3,0,8,reserved,256,swap-take-c,4,1048576,4096,1,2178000,7512286317303570537
normal-o3,0,8,reserved,256,rust-vec,5,1048576,4096,1,1581000,13357584908658163818
normal-o3,0,8,reserved,256,cpp-std-vector,5,1048576,4096,1,2148000,13357584908658163818
normal-o3,0,8,reserved,256,whitefoot,5,1048576,4096,1,1738000,13357584908658163818
normal-o3,0,8,reserved,256,reverse-c,5,1048576,4096,1,3238000,13357584908658163818
normal-o3,0,8,reserved,256,direct-c,5,1048576,4096,1,1714000,13357584908658163818
normal-o3,0,8,reserved,256,swap-take-c,5,1048576,4096,1,2313000,13357584908658163818
normal-o3,0,8,reserved,256,take-swap-c,5,1048576,4096,1,2207000,13357584908658163818
normal-o3,0,8,reserved,256,cpp-std-vector,6,1048576,4096,1,2117000,10011933332678926443
normal-o3,0,8,reserved,256,whitefoot,6,1048576,4096,1,1728000,10011933332678926443
normal-o3,0,8,reserved,256,reverse-c,6,1048576,4096,1,3277000,10011933332678926443
normal-o3,0,8,reserved,256,direct-c,6,1048576,4096,1,1703000,10011933332678926443
normal-o3,0,8,reserved,256,swap-take-c,6,1048576,4096,1,2227000,10011933332678926443
normal-o3,0,8,reserved,256,take-swap-c,6,1048576,4096,1,2238000,10011933332678926443
normal-o3,0,8,reserved,256,rust-vec,6,1048576,4096,1,1538000,10011933332678926443
normal-o3,0,8,reserved,4096,whitefoot,0,1048576,256,1,1680000,2256710881311081573
normal-o3,0,8,reserved,4096,reverse-c,0,1048576,256,1,2886000,2256710881311081573
normal-o3,0,8,reserved,4096,direct-c,0,1048576,256,1,1642000,2256710881311081573
normal-o3,0,8,reserved,4096,swap-take-c,0,1048576,256,1,2148000,2256710881311081573
normal-o3,0,8,reserved,4096,take-swap-c,0,1048576,256,1,2086000,2256710881311081573
normal-o3,0,8,reserved,4096,rust-vec,0,1048576,256,1,1613000,2256710881311081573
normal-o3,0,8,reserved,4096,cpp-std-vector,0,1048576,256,1,2066000,2256710881311081573
normal-o3,0,8,reserved,4096,reverse-c,1,1048576,256,1,2860000,6904654748820097126
normal-o3,0,8,reserved,4096,direct-c,1,1048576,256,1,1654000,6904654748820097126
normal-o3,0,8,reserved,4096,swap-take-c,1,1048576,256,1,2157000,6904654748820097126
normal-o3,0,8,reserved,4096,take-swap-c,1,1048576,256,1,2067000,6904654748820097126
normal-o3,0,8,reserved,4096,rust-vec,1,1048576,256,1,1541000,6904654748820097126
normal-o3,0,8,reserved,4096,cpp-std-vector,1,1048576,256,1,2110000,6904654748820097126
normal-o3,0,8,reserved,4096,whitefoot,1,1048576,256,1,1667000,6904654748820097126
normal-o3,0,8,reserved,4096,direct-c,2,1048576,256,1,1643000,16426223538089053287
normal-o3,0,8,reserved,4096,swap-take-c,2,1048576,256,1,2149000,16426223538089053287
normal-o3,0,8,reserved,4096,take-swap-c,2,1048576,256,1,2063000,16426223538089053287
normal-o3,0,8,reserved,4096,rust-vec,2,1048576,256,1,1529000,16426223538089053287
normal-o3,0,8,reserved,4096,cpp-std-vector,2,1048576,256,1,2112000,16426223538089053287
normal-o3,0,8,reserved,4096,whitefoot,2,1048576,256,1,1697000,16426223538089053287
normal-o3,0,8,reserved,4096,reverse-c,2,1048576,256,1,2983000,16426223538089053287
normal-o3,0,8,reserved,4096,swap-take-c,3,1048576,256,1,2161000,9531859752620511336
normal-o3,0,8,reserved,4096,take-swap-c,3,1048576,256,1,2103000,9531859752620511336
normal-o3,0,8,reserved,4096,rust-vec,3,1048576,256,1,1544000,9531859752620511336
normal-o3,0,8,reserved,4096,cpp-std-vector,3,1048576,256,1,2122000,9531859752620511336
normal-o3,0,8,reserved,4096,whitefoot,3,1048576,256,1,1670000,9531859752620511336
normal-o3,0,8,reserved,4096,reverse-c,3,1048576,256,1,2883000,9531859752620511336
normal-o3,0,8,reserved,4096,direct-c,3,1048576,256,1,1642000,9531859752620511336
normal-o3,0,8,reserved,4096,take-swap-c,4,1048576,256,1,2070000,14830550356061344873
normal-o3,0,8,reserved,4096,rust-vec,4,1048576,256,1,1576000,14830550356061344873
normal-o3,0,8,reserved,4096,cpp-std-vector,4,1048576,256,1,2174000,14830550356061344873
normal-o3,0,8,reserved,4096,whitefoot,4,1048576,256,1,1705000,14830550356061344873
normal-o3,0,8,reserved,4096,reverse-c,4,1048576,256,1,2850000,14830550356061344873
normal-o3,0,8,reserved,4096,direct-c,4,1048576,256,1,1642000,14830550356061344873
normal-o3,0,8,reserved,4096,swap-take-c,4,1048576,256,1,2172000,14830550356061344873
normal-o3,0,8,reserved,4096,rust-vec,5,1048576,256,1,1558000,11014393161628833898
normal-o3,0,8,reserved,4096,cpp-std-vector,5,1048576,256,1,2132000,11014393161628833898
normal-o3,0,8,reserved,4096,whitefoot,5,1048576,256,1,1688000,11014393161628833898
normal-o3,0,8,reserved,4096,reverse-c,5,1048576,256,1,2867000,11014393161628833898
normal-o3,0,8,reserved,4096,direct-c,5,1048576,256,1,1643000,11014393161628833898
normal-o3,0,8,reserved,4096,swap-take-c,5,1048576,256,1,2145000,11014393161628833898
normal-o3,0,8,reserved,4096,take-swap-c,5,1048576,256,1,2069000,11014393161628833898
normal-o3,0,8,reserved,4096,cpp-std-vector,6,1048576,256,1,2137000,3531045655943011435
normal-o3,0,8,reserved,4096,whitefoot,6,1048576,256,1,1802000,3531045655943011435
normal-o3,0,8,reserved,4096,reverse-c,6,1048576,256,1,2862000,3531045655943011435
normal-o3,0,8,reserved,4096,direct-c,6,1048576,256,1,1657000,3531045655943011435
normal-o3,0,8,reserved,4096,swap-take-c,6,1048576,256,1,2190000,3531045655943011435
normal-o3,0,8,reserved,4096,take-swap-c,6,1048576,256,1,2074000,3531045655943011435
normal-o3,0,8,reserved,4096,rust-vec,6,1048576,256,1,1552000,3531045655943011435
normal-o3,0,8,growth,16,whitefoot,0,1048576,65536,1,10420000,1613149332516896869
normal-o3,0,8,growth,16,reverse-c,0,1048576,65536,1,11133000,1613149332516896869
normal-o3,0,8,growth,16,direct-c,0,1048576,65536,1,10447000,1613149332516896869
normal-o3,0,8,growth,16,swap-take-c,0,1048576,65536,1,11262000,1613149332516896869
normal-o3,0,8,growth,16,take-swap-c,0,1048576,65536,1,11092000,1613149332516896869
normal-o3,0,8,growth,16,rust-vec,0,1048576,65536,1,9820000,1613149332516896869
normal-o3,0,8,growth,16,cpp-std-vector,0,1048576,65536,1,10155000,1613149332516896869
normal-o3,0,8,growth,16,reverse-c,1,1048576,65536,1,11316000,15534383740606742630
normal-o3,0,8,growth,16,direct-c,1,1048576,65536,1,10530000,15534383740606742630
normal-o3,0,8,growth,16,swap-take-c,1,1048576,65536,1,10782000,15534383740606742630
normal-o3,0,8,growth,16,take-swap-c,1,1048576,65536,1,10567000,15534383740606742630
normal-o3,0,8,growth,16,rust-vec,1,1048576,65536,1,9225000,15534383740606742630
normal-o3,0,8,growth,16,cpp-std-vector,1,1048576,65536,1,9608000,15534383740606742630
normal-o3,0,8,growth,16,whitefoot,1,1048576,65536,1,10264000,15534383740606742630
normal-o3,0,8,growth,16,direct-c,2,1048576,65536,1,10126000,11203551505675976807
normal-o3,0,8,growth,16,swap-take-c,2,1048576,65536,1,10738000,11203551505675976807
normal-o3,0,8,growth,16,take-swap-c,2,1048576,65536,1,10454000,11203551505675976807
normal-o3,0,8,growth,16,rust-vec,2,1048576,65536,1,9126000,11203551505675976807
normal-o3,0,8,growth,16,cpp-std-vector,2,1048576,65536,1,9546000,11203551505675976807
normal-o3,0,8,growth,16,whitefoot,2,1048576,65536,1,10758000,11203551505675976807
normal-o3,0,8,growth,16,reverse-c,2,1048576,65536,1,11169000,11203551505675976807
normal-o3,0,8,growth,16,swap-take-c,3,1048576,65536,1,10732000,598448321840808040
normal-o3,0,8,growth,16,take-swap-c,3,1048576,65536,1,10550000,598448321840808040
normal-o3,0,8,growth,16,rust-vec,3,1048576,65536,1,9130000,598448321840808040
normal-o3,0,8,growth,16,cpp-std-vector,3,1048576,65536,1,9588000,598448321840808040
normal-o3,0,8,growth,16,whitefoot,3,1048576,65536,1,10421000,598448321840808040
normal-o3,0,8,growth,16,reverse-c,3,1048576,65536,1,11130000,598448321840808040
normal-o3,0,8,growth,16,direct-c,3,1048576,65536,1,10403000,598448321840808040
normal-o3,0,8,growth,16,take-swap-c,4,1048576,65536,1,10817000,3717605000514633833
normal-o3,0,8,growth,16,rust-vec,4,1048576,65536,1,9329000,3717605000514633833
normal-o3,0,8,growth,16,cpp-std-vector,4,1048576,65536,1,9631000,3717605000514633833
normal-o3,0,8,growth,16,whitefoot,4,1048576,65536,1,10228000,3717605000514633833
normal-o3,0,8,growth,16,reverse-c,4,1048576,65536,1,10957000,3717605000514633833
normal-o3,0,8,growth,16,direct-c,4,1048576,65536,1,10096000,3717605000514633833
normal-o3,0,8,growth,16,swap-take-c,4,1048576,65536,1,10676000,3717605000514633833
normal-o3,0,8,growth,16,rust-vec,5,1048576,65536,1,9178000,7745013020975693930
normal-o3,0,8,growth,16,cpp-std-vector,5,1048576,65536,1,9597000,7745013020975693930
normal-o3,0,8,growth,16,whitefoot,5,1048576,65536,1,10203000,7745013020975693930
normal-o3,0,8,growth,16,reverse-c,5,1048576,65536,1,10874000,7745013020975693930
normal-o3,0,8,growth,16,direct-c,5,1048576,65536,1,10188000,7745013020975693930
normal-o3,0,8,growth,16,swap-take-c,5,1048576,65536,1,10679000,7745013020975693930
normal-o3,0,8,growth,16,take-swap-c,5,1048576,65536,1,10484000,7745013020975693930
normal-o3,0,8,growth,16,cpp-std-vector,6,1048576,65536,1,9634000,6351481337365135467
normal-o3,0,8,growth,16,whitefoot,6,1048576,65536,1,10205000,6351481337365135467
normal-o3,0,8,growth,16,reverse-c,6,1048576,65536,1,10944000,6351481337365135467
normal-o3,0,8,growth,16,direct-c,6,1048576,65536,1,10192000,6351481337365135467
normal-o3,0,8,growth,16,swap-take-c,6,1048576,65536,1,10691000,6351481337365135467
normal-o3,0,8,growth,16,take-swap-c,6,1048576,65536,1,10533000,6351481337365135467
normal-o3,0,8,growth,16,rust-vec,6,1048576,65536,1,9146000,6351481337365135467
normal-o3,0,8,growth,256,whitefoot,0,1048576,4096,1,2872000,1498897996573024357
normal-o3,0,8,growth,256,reverse-c,0,1048576,4096,1,4420000,1498897996573024357
normal-o3,0,8,growth,256,direct-c,0,1048576,4096,1,2850000,1498897996573024357
normal-o3,0,8,growth,256,swap-take-c,0,1048576,4096,1,3341000,1498897996573024357
normal-o3,0,8,growth,256,take-swap-c,0,1048576,4096,1,3360000,1498897996573024357
normal-o3,0,8,growth,256,rust-vec,0,1048576,4096,1,2968000,1498897996573024357
normal-o3,0,8,growth,256,cpp-std-vector,0,1048576,4096,1,3226000,1498897996573024357
normal-o3,0,8,growth,256,reverse-c,1,1048576,4096,1,4397000,7707534785925595238
normal-o3,0,8,growth,256,direct-c,1,1048576,4096,1,2923000,7707534785925595238
normal-o3,0,8,growth,256,swap-take-c,1,1048576,4096,1,3356000,7707534785925595238
normal-o3,0,8,growth,256,take-swap-c,1,1048576,4096,1,3340000,7707534785925595238
normal-o3,0,8,growth,256,rust-vec,1,1048576,4096,1,2960000,7707534785925595238
normal-o3,0,8,growth,256,cpp-std-vector,1,1048576,4096,1,3245000,7707534785925595238
normal-o3,0,8,growth,256,whitefoot,1,1048576,4096,1,2884000,7707534785925595238
normal-o3,0,8,growth,256,direct-c,2,1048576,4096,1,2841000,5506079726878842983
normal-o3,0,8,growth,256,swap-take-c,2,1048576,4096,1,3386000,5506079726878842983
normal-o3,0,8,growth,256,take-swap-c,2,1048576,4096,1,3242000,5506079726878842983
normal-o3,0,8,growth,256,rust-vec,2,1048576,4096,1,2947000,5506079726878842983
normal-o3,0,8,growth,256,cpp-std-vector,2,1048576,4096,1,3291000,5506079726878842983
normal-o3,0,8,growth,256,whitefoot,2,1048576,4096,1,2868000,5506079726878842983
normal-o3,0,8,growth,256,reverse-c,2,1048576,4096,1,4401000,5506079726878842983
normal-o3,0,8,growth,256,swap-take-c,3,1048576,4096,1,3343000,5888291873035911272
normal-o3,0,8,growth,256,take-swap-c,3,1048576,4096,1,3254000,5888291873035911272
normal-o3,0,8,growth,256,rust-vec,3,1048576,4096,1,2971000,5888291873035911272
normal-o3,0,8,growth,256,cpp-std-vector,3,1048576,4096,1,3222000,5888291873035911272
normal-o3,0,8,growth,256,whitefoot,3,1048576,4096,1,2916000,5888291873035911272
normal-o3,0,8,growth,256,reverse-c,3,1048576,4096,1,4386000,5888291873035911272
normal-o3,0,8,growth,256,direct-c,3,1048576,4096,1,2896000,5888291873035911272
normal-o3,0,8,growth,256,take-swap-c,4,1048576,4096,1,3403000,7512286317303570537
normal-o3,0,8,growth,256,rust-vec,4,1048576,4096,1,2961000,7512286317303570537
normal-o3,0,8,growth,256,cpp-std-vector,4,1048576,4096,1,3210000,7512286317303570537
normal-o3,0,8,growth,256,whitefoot,4,1048576,4096,1,2873000,7512286317303570537
normal-o3,0,8,growth,256,reverse-c,4,1048576,4096,1,4411000,7512286317303570537
normal-o3,0,8,growth,256,direct-c,4,1048576,4096,1,2854000,7512286317303570537
normal-o3,0,8,growth,256,swap-take-c,4,1048576,4096,1,3397000,7512286317303570537
normal-o3,0,8,growth,256,rust-vec,5,1048576,4096,1,2950000,13357584908658163818
normal-o3,0,8,growth,256,cpp-std-vector,5,1048576,4096,1,3270000,13357584908658163818
normal-o3,0,8,growth,256,whitefoot,5,1048576,4096,1,2858000,13357584908658163818
normal-o3,0,8,growth,256,reverse-c,5,1048576,4096,1,4446000,13357584908658163818
normal-o3,0,8,growth,256,direct-c,5,1048576,4096,1,2864000,13357584908658163818
normal-o3,0,8,growth,256,swap-take-c,5,1048576,4096,1,3342000,13357584908658163818
normal-o3,0,8,growth,256,take-swap-c,5,1048576,4096,1,3383000,13357584908658163818
normal-o3,0,8,growth,256,cpp-std-vector,6,1048576,4096,1,3196000,10011933332678926443
normal-o3,0,8,growth,256,whitefoot,6,1048576,4096,1,2909000,10011933332678926443
normal-o3,0,8,growth,256,reverse-c,6,1048576,4096,1,4412000,10011933332678926443
normal-o3,0,8,growth,256,direct-c,6,1048576,4096,1,2859000,10011933332678926443
normal-o3,0,8,growth,256,swap-take-c,6,1048576,4096,1,3372000,10011933332678926443
normal-o3,0,8,growth,256,take-swap-c,6,1048576,4096,1,3410000,10011933332678926443
normal-o3,0,8,growth,256,rust-vec,6,1048576,4096,1,2950000,10011933332678926443
normal-o3,0,8,growth,4096,whitefoot,0,1048576,256,1,2062000,2256710881311081573
normal-o3,0,8,growth,4096,reverse-c,0,1048576,256,1,3305000,2256710881311081573
normal-o3,0,8,growth,4096,direct-c,0,1048576,256,1,2046000,2256710881311081573
normal-o3,0,8,growth,4096,swap-take-c,0,1048576,256,1,2548000,2256710881311081573
normal-o3,0,8,growth,4096,take-swap-c,0,1048576,256,1,2458000,2256710881311081573
normal-o3,0,8,growth,4096,rust-vec,0,1048576,256,1,1972000,2256710881311081573
normal-o3,0,8,growth,4096,cpp-std-vector,0,1048576,256,1,2378000,2256710881311081573
normal-o3,0,8,growth,4096,reverse-c,1,1048576,256,1,3277000,6904654748820097126
normal-o3,0,8,growth,4096,direct-c,1,1048576,256,1,2069000,6904654748820097126
normal-o3,0,8,growth,4096,swap-take-c,1,1048576,256,1,2548000,6904654748820097126
normal-o3,0,8,growth,4096,take-swap-c,1,1048576,256,1,2509000,6904654748820097126
normal-o3,0,8,growth,4096,rust-vec,1,1048576,256,1,1973000,6904654748820097126
normal-o3,0,8,growth,4096,cpp-std-vector,1,1048576,256,1,2399000,6904654748820097126
normal-o3,0,8,growth,4096,whitefoot,1,1048576,256,1,2057000,6904654748820097126
normal-o3,0,8,growth,4096,direct-c,2,1048576,256,1,2102000,16426223538089053287
normal-o3,0,8,growth,4096,swap-take-c,2,1048576,256,1,2546000,16426223538089053287
normal-o3,0,8,growth,4096,take-swap-c,2,1048576,256,1,2469000,16426223538089053287
normal-o3,0,8,growth,4096,rust-vec,2,1048576,256,1,1945000,16426223538089053287
normal-o3,0,8,growth,4096,cpp-std-vector,2,1048576,256,1,2417000,16426223538089053287
normal-o3,0,8,growth,4096,whitefoot,2,1048576,256,1,2063000,16426223538089053287
normal-o3,0,8,growth,4096,reverse-c,2,1048576,256,1,3262000,16426223538089053287
normal-o3,0,8,growth,4096,swap-take-c,3,1048576,256,1,2544000,9531859752620511336
normal-o3,0,8,growth,4096,take-swap-c,3,1048576,256,1,2458000,9531859752620511336
normal-o3,0,8,growth,4096,rust-vec,3,1048576,256,1,2014000,9531859752620511336
normal-o3,0,8,growth,4096,cpp-std-vector,3,1048576,256,1,2399000,9531859752620511336
normal-o3,0,8,growth,4096,whitefoot,3,1048576,256,1,2057000,9531859752620511336
normal-o3,0,8,growth,4096,reverse-c,3,1048576,256,1,3256000,9531859752620511336
normal-o3,0,8,growth,4096,direct-c,3,1048576,256,1,2080000,9531859752620511336
normal-o3,0,8,growth,4096,take-swap-c,4,1048576,256,1,2453000,14830550356061344873
normal-o3,0,8,growth,4096,rust-vec,4,1048576,256,1,1931000,14830550356061344873
normal-o3,0,8,growth,4096,cpp-std-vector,4,1048576,256,1,2413000,14830550356061344873
normal-o3,0,8,growth,4096,whitefoot,4,1048576,256,1,2060000,14830550356061344873
normal-o3,0,8,growth,4096,reverse-c,4,1048576,256,1,3229000,14830550356061344873
normal-o3,0,8,growth,4096,direct-c,4,1048576,256,1,2053000,14830550356061344873
normal-o3,0,8,growth,4096,swap-take-c,4,1048576,256,1,2575000,14830550356061344873
normal-o3,0,8,growth,4096,rust-vec,5,1048576,256,1,1936000,11014393161628833898
normal-o3,0,8,growth,4096,cpp-std-vector,5,1048576,256,1,2427000,11014393161628833898
normal-o3,0,8,growth,4096,whitefoot,5,1048576,256,1,2080000,11014393161628833898
normal-o3,0,8,growth,4096,reverse-c,5,1048576,256,1,3227000,11014393161628833898
normal-o3,0,8,growth,4096,direct-c,5,1048576,256,1,2058000,11014393161628833898
normal-o3,0,8,growth,4096,swap-take-c,5,1048576,256,1,2590000,11014393161628833898
normal-o3,0,8,growth,4096,take-swap-c,5,1048576,256,1,2453000,11014393161628833898
normal-o3,0,8,growth,4096,cpp-std-vector,6,1048576,256,1,2431000,3531045655943011435
normal-o3,0,8,growth,4096,whitefoot,6,1048576,256,1,2084000,3531045655943011435
normal-o3,0,8,growth,4096,reverse-c,6,1048576,256,1,3244000,3531045655943011435
normal-o3,0,8,growth,4096,direct-c,6,1048576,256,1,2055000,3531045655943011435
normal-o3,0,8,growth,4096,swap-take-c,6,1048576,256,1,2573000,3531045655943011435
normal-o3,0,8,growth,4096,take-swap-c,6,1048576,256,1,2450000,3531045655943011435
normal-o3,0,8,growth,4096,rust-vec,6,1048576,256,1,1931000,3531045655943011435
normal-o3,0,8,reuse,16,whitefoot,0,1048576,65536,1,1277000,1613149332516896869
normal-o3,0,8,reuse,16,reverse-c,0,1048576,65536,1,2273000,1613149332516896869
normal-o3,0,8,reuse,16,direct-c,0,1048576,65536,1,1750000,1613149332516896869
normal-o3,0,8,reuse,16,swap-take-c,0,1048576,65536,1,1928000,1613149332516896869
normal-o3,0,8,reuse,16,take-swap-c,0,1048576,65536,1,1982000,1613149332516896869
normal-o3,0,8,reuse,16,rust-vec,0,1048576,65536,1,1269000,1613149332516896869
normal-o3,0,8,reuse,16,cpp-std-vector,0,1048576,65536,1,2152000,1613149332516896869
normal-o3,0,8,reuse,16,reverse-c,1,1048576,65536,1,2275000,15534383740606742630
normal-o3,0,8,reuse,16,direct-c,1,1048576,65536,1,1781000,15534383740606742630
normal-o3,0,8,reuse,16,swap-take-c,1,1048576,65536,1,1917000,15534383740606742630
normal-o3,0,8,reuse,16,take-swap-c,1,1048576,65536,1,1969000,15534383740606742630
normal-o3,0,8,reuse,16,rust-vec,1,1048576,65536,1,1233000,15534383740606742630
normal-o3,0,8,reuse,16,cpp-std-vector,1,1048576,65536,1,2241000,15534383740606742630
normal-o3,0,8,reuse,16,whitefoot,1,1048576,65536,1,1229000,15534383740606742630
normal-o3,0,8,reuse,16,direct-c,2,1048576,65536,1,1756000,11203551505675976807
normal-o3,0,8,reuse,16,swap-take-c,2,1048576,65536,1,1918000,11203551505675976807
normal-o3,0,8,reuse,16,take-swap-c,2,1048576,65536,1,1982000,11203551505675976807
normal-o3,0,8,reuse,16,rust-vec,2,1048576,65536,1,1253000,11203551505675976807
normal-o3,0,8,reuse,16,cpp-std-vector,2,1048576,65536,1,2289000,11203551505675976807
normal-o3,0,8,reuse,16,whitefoot,2,1048576,65536,1,1223000,11203551505675976807
normal-o3,0,8,reuse,16,reverse-c,2,1048576,65536,1,2273000,11203551505675976807
normal-o3,0,8,reuse,16,swap-take-c,3,1048576,65536,1,1937000,598448321840808040
normal-o3,0,8,reuse,16,take-swap-c,3,1048576,65536,1,1965000,598448321840808040
normal-o3,0,8,reuse,16,rust-vec,3,1048576,65536,1,1234000,598448321840808040
normal-o3,0,8,reuse,16,cpp-std-vector,3,1048576,65536,1,2147000,598448321840808040
normal-o3,0,8,reuse,16,whitefoot,3,1048576,65536,1,1244000,598448321840808040
normal-o3,0,8,reuse,16,reverse-c,3,1048576,65536,1,2292000,598448321840808040
normal-o3,0,8,reuse,16,direct-c,3,1048576,65536,1,1759000,598448321840808040
normal-o3,0,8,reuse,16,take-swap-c,4,1048576,65536,1,1968000,3717605000514633833
normal-o3,0,8,reuse,16,rust-vec,4,1048576,65536,1,1240000,3717605000514633833
normal-o3,0,8,reuse,16,cpp-std-vector,4,1048576,65536,1,2170000,3717605000514633833
normal-o3,0,8,reuse,16,whitefoot,4,1048576,65536,1,1242000,3717605000514633833
normal-o3,0,8,reuse,16,reverse-c,4,1048576,65536,1,2271000,3717605000514633833
normal-o3,0,8,reuse,16,direct-c,4,1048576,65536,1,1760000,3717605000514633833
normal-o3,0,8,reuse,16,swap-take-c,4,1048576,65536,1,1928000,3717605000514633833
normal-o3,0,8,reuse,16,rust-vec,5,1048576,65536,1,1279000,7745013020975693930
normal-o3,0,8,reuse,16,cpp-std-vector,5,1048576,65536,1,2146000,7745013020975693930
normal-o3,0,8,reuse,16,whitefoot,5,1048576,65536,1,1236000,7745013020975693930
normal-o3,0,8,reuse,16,reverse-c,5,1048576,65536,1,2290000,7745013020975693930
normal-o3,0,8,reuse,16,direct-c,5,1048576,65536,1,1786000,7745013020975693930
normal-o3,0,8,reuse,16,swap-take-c,5,1048576,65536,1,1924000,7745013020975693930
normal-o3,0,8,reuse,16,take-swap-c,5,1048576,65536,1,1977000,7745013020975693930
normal-o3,0,8,reuse,16,cpp-std-vector,6,1048576,65536,1,2154000,6351481337365135467
normal-o3,0,8,reuse,16,whitefoot,6,1048576,65536,1,1229000,6351481337365135467
normal-o3,0,8,reuse,16,reverse-c,6,1048576,65536,1,2267000,6351481337365135467
normal-o3,0,8,reuse,16,direct-c,6,1048576,65536,1,1754000,6351481337365135467
normal-o3,0,8,reuse,16,swap-take-c,6,1048576,65536,1,1916000,6351481337365135467
normal-o3,0,8,reuse,16,take-swap-c,6,1048576,65536,1,1994000,6351481337365135467
normal-o3,0,8,reuse,16,rust-vec,6,1048576,65536,1,1232000,6351481337365135467
normal-o3,0,8,reuse,256,whitefoot,0,1048576,4096,1,1535000,1498897996573024357
normal-o3,0,8,reuse,256,reverse-c,0,1048576,4096,1,3175000,1498897996573024357
normal-o3,0,8,reuse,256,direct-c,0,1048576,4096,1,1560000,1498897996573024357
normal-o3,0,8,reuse,256,swap-take-c,0,1048576,4096,1,2087000,1498897996573024357
normal-o3,0,8,reuse,256,take-swap-c,0,1048576,4096,1,1973000,1498897996573024357
normal-o3,0,8,reuse,256,rust-vec,0,1048576,4096,1,1476000,1498897996573024357
normal-o3,0,8,reuse,256,cpp-std-vector,0,1048576,4096,1,2031000,1498897996573024357
normal-o3,0,8,reuse,256,reverse-c,1,1048576,4096,1,3151000,7707534785925595238
normal-o3,0,8,reuse,256,direct-c,1,1048576,4096,1,1535000,7707534785925595238
normal-o3,0,8,reuse,256,swap-take-c,1,1048576,4096,1,2052000,7707534785925595238
normal-o3,0,8,reuse,256,take-swap-c,1,1048576,4096,1,1972000,7707534785925595238
normal-o3,0,8,reuse,256,rust-vec,1,1048576,4096,1,1470000,7707534785925595238
normal-o3,0,8,reuse,256,cpp-std-vector,1,1048576,4096,1,2078000,7707534785925595238
normal-o3,0,8,reuse,256,whitefoot,1,1048576,4096,1,1548000,7707534785925595238
normal-o3,0,8,reuse,256,direct-c,2,1048576,4096,1,1534000,5506079726878842983
normal-o3,0,8,reuse,256,swap-take-c,2,1048576,4096,1,2043000,5506079726878842983
normal-o3,0,8,reuse,256,take-swap-c,2,1048576,4096,1,1985000,5506079726878842983
normal-o3,0,8,reuse,256,rust-vec,2,1048576,4096,1,1502000,5506079726878842983
normal-o3,0,8,reuse,256,cpp-std-vector,2,1048576,4096,1,2018000,5506079726878842983
normal-o3,0,8,reuse,256,whitefoot,2,1048576,4096,1,1599000,5506079726878842983
normal-o3,0,8,reuse,256,reverse-c,2,1048576,4096,1,3110000,5506079726878842983
normal-o3,0,8,reuse,256,swap-take-c,3,1048576,4096,1,2047000,5888291873035911272
normal-o3,0,8,reuse,256,take-swap-c,3,1048576,4096,1,1976000,5888291873035911272
normal-o3,0,8,reuse,256,rust-vec,3,1048576,4096,1,1528000,5888291873035911272
normal-o3,0,8,reuse,256,cpp-std-vector,3,1048576,4096,1,2044000,5888291873035911272
normal-o3,0,8,reuse,256,whitefoot,3,1048576,4096,1,1548000,5888291873035911272
normal-o3,0,8,reuse,256,reverse-c,3,1048576,4096,1,3131000,5888291873035911272
normal-o3,0,8,reuse,256,direct-c,3,1048576,4096,1,1535000,5888291873035911272
normal-o3,0,8,reuse,256,take-swap-c,4,1048576,4096,1,2045000,7512286317303570537
normal-o3,0,8,reuse,256,rust-vec,4,1048576,4096,1,1509000,7512286317303570537
normal-o3,0,8,reuse,256,cpp-std-vector,4,1048576,4096,1,2089000,7512286317303570537
normal-o3,0,8,reuse,256,whitefoot,4,1048576,4096,1,1551000,7512286317303570537
normal-o3,0,8,reuse,256,reverse-c,4,1048576,4096,1,3192000,7512286317303570537
normal-o3,0,8,reuse,256,direct-c,4,1048576,4096,1,1537000,7512286317303570537
normal-o3,0,8,reuse,256,swap-take-c,4,1048576,4096,1,2113000,7512286317303570537
normal-o3,0,8,reuse,256,rust-vec,5,1048576,4096,1,1493000,13357584908658163818
normal-o3,0,8,reuse,256,cpp-std-vector,5,1048576,4096,1,2035000,13357584908658163818
normal-o3,0,8,reuse,256,whitefoot,5,1048576,4096,1,1527000,13357584908658163818
normal-o3,0,8,reuse,256,reverse-c,5,1048576,4096,1,3104000,13357584908658163818
normal-o3,0,8,reuse,256,direct-c,5,1048576,4096,1,1554000,13357584908658163818
normal-o3,0,8,reuse,256,swap-take-c,5,1048576,4096,1,2060000,13357584908658163818
normal-o3,0,8,reuse,256,take-swap-c,5,1048576,4096,1,2039000,13357584908658163818
normal-o3,0,8,reuse,256,cpp-std-vector,6,1048576,4096,1,2047000,10011933332678926443
normal-o3,0,8,reuse,256,whitefoot,6,1048576,4096,1,1551000,10011933332678926443
normal-o3,0,8,reuse,256,reverse-c,6,1048576,4096,1,3086000,10011933332678926443
normal-o3,0,8,reuse,256,direct-c,6,1048576,4096,1,1537000,10011933332678926443
normal-o3,0,8,reuse,256,swap-take-c,6,1048576,4096,1,2055000,10011933332678926443
normal-o3,0,8,reuse,256,take-swap-c,6,1048576,4096,1,2060000,10011933332678926443
normal-o3,0,8,reuse,256,rust-vec,6,1048576,4096,1,1487000,10011933332678926443
normal-o3,0,8,reuse,4096,whitefoot,0,1048576,256,1,1652000,2256710881311081573
normal-o3,0,8,reuse,4096,reverse-c,0,1048576,256,1,2814000,2256710881311081573
normal-o3,0,8,reuse,4096,direct-c,0,1048576,256,1,1616000,2256710881311081573
normal-o3,0,8,reuse,4096,swap-take-c,0,1048576,256,1,2120000,2256710881311081573
normal-o3,0,8,reuse,4096,take-swap-c,0,1048576,256,1,2039000,2256710881311081573
normal-o3,0,8,reuse,4096,rust-vec,0,1048576,256,1,1520000,2256710881311081573
normal-o3,0,8,reuse,4096,cpp-std-vector,0,1048576,256,1,2000000,2256710881311081573
normal-o3,0,8,reuse,4096,reverse-c,1,1048576,256,1,2815000,6904654748820097126
normal-o3,0,8,reuse,4096,direct-c,1,1048576,256,1,1650000,6904654748820097126
normal-o3,0,8,reuse,4096,swap-take-c,1,1048576,256,1,2112000,6904654748820097126
normal-o3,0,8,reuse,4096,take-swap-c,1,1048576,256,1,2020000,6904654748820097126
normal-o3,0,8,reuse,4096,rust-vec,1,1048576,256,1,1499000,6904654748820097126
normal-o3,0,8,reuse,4096,cpp-std-vector,1,1048576,256,1,2077000,6904654748820097126
normal-o3,0,8,reuse,4096,whitefoot,1,1048576,256,1,1656000,6904654748820097126
normal-o3,0,8,reuse,4096,direct-c,2,1048576,256,1,1737000,16426223538089053287
normal-o3,0,8,reuse,4096,swap-take-c,2,1048576,256,1,2108000,16426223538089053287
normal-o3,0,8,reuse,4096,take-swap-c,2,1048576,256,1,2083000,16426223538089053287
normal-o3,0,8,reuse,4096,rust-vec,2,1048576,256,1,1524000,16426223538089053287
normal-o3,0,8,reuse,4096,cpp-std-vector,2,1048576,256,1,2084000,16426223538089053287
normal-o3,0,8,reuse,4096,whitefoot,2,1048576,256,1,1746000,16426223538089053287
normal-o3,0,8,reuse,4096,reverse-c,2,1048576,256,1,2968000,16426223538089053287
normal-o3,0,8,reuse,4096,swap-take-c,3,1048576,256,1,2234000,9531859752620511336
normal-o3,0,8,reuse,4096,take-swap-c,3,1048576,256,1,2156000,9531859752620511336
normal-o3,0,8,reuse,4096,rust-vec,3,1048576,256,1,1620000,9531859752620511336
normal-o3,0,8,reuse,4096,cpp-std-vector,3,1048576,256,1,2043000,9531859752620511336
normal-o3,0,8,reuse,4096,whitefoot,3,1048576,256,1,1643000,9531859752620511336
normal-o3,0,8,reuse,4096,reverse-c,3,1048576,256,1,2786000,9531859752620511336
normal-o3,0,8,reuse,4096,direct-c,3,1048576,256,1,1628000,9531859752620511336
normal-o3,0,8,reuse,4096,take-swap-c,4,1048576,256,1,2055000,14830550356061344873
normal-o3,0,8,reuse,4096,rust-vec,4,1048576,256,1,1563000,14830550356061344873
normal-o3,0,8,reuse,4096,cpp-std-vector,4,1048576,256,1,2133000,14830550356061344873
normal-o3,0,8,reuse,4096,whitefoot,4,1048576,256,1,1752000,14830550356061344873
normal-o3,0,8,reuse,4096,reverse-c,4,1048576,256,1,2911000,14830550356061344873
normal-o3,0,8,reuse,4096,direct-c,4,1048576,256,1,1679000,14830550356061344873
normal-o3,0,8,reuse,4096,swap-take-c,4,1048576,256,1,2205000,14830550356061344873
normal-o3,0,8,reuse,4096,rust-vec,5,1048576,256,1,1546000,11014393161628833898
normal-o3,0,8,reuse,4096,cpp-std-vector,5,1048576,256,1,2105000,11014393161628833898
normal-o3,0,8,reuse,4096,whitefoot,5,1048576,256,1,1743000,11014393161628833898
normal-o3,0,8,reuse,4096,reverse-c,5,1048576,256,1,2886000,11014393161628833898
normal-o3,0,8,reuse,4096,direct-c,5,1048576,256,1,1704000,11014393161628833898
normal-o3,0,8,reuse,4096,swap-take-c,5,1048576,256,1,2204000,11014393161628833898
normal-o3,0,8,reuse,4096,take-swap-c,5,1048576,256,1,2128000,11014393161628833898
normal-o3,0,8,reuse,4096,cpp-std-vector,6,1048576,256,1,2076000,3531045655943011435
normal-o3,0,8,reuse,4096,whitefoot,6,1048576,256,1,1635000,3531045655943011435
normal-o3,0,8,reuse,4096,reverse-c,6,1048576,256,1,2808000,3531045655943011435
normal-o3,0,8,reuse,4096,direct-c,6,1048576,256,1,1686000,3531045655943011435
normal-o3,0,8,reuse,4096,swap-take-c,6,1048576,256,1,2119000,3531045655943011435
normal-o3,0,8,reuse,4096,take-swap-c,6,1048576,256,1,2022000,3531045655943011435
normal-o3,0,8,reuse,4096,rust-vec,6,1048576,256,1,1517000,3531045655943011435
normal-o3,0,8,suffix-0,16,whitefoot,0,1048576,1048576,1,986000,1953714321357298
normal-o3,0,8,suffix-0,16,reverse-c,0,1048576,1048576,1,977000,1953714321357298
normal-o3,0,8,suffix-0,16,direct-c,0,1048576,1048576,1,2766000,1953714321357298
normal-o3,0,8,suffix-0,16,swap-take-c,0,1048576,1048576,1,2794000,1953714321357298
normal-o3,0,8,suffix-0,16,take-swap-c,0,1048576,1048576,1,982000,1953714321357298
normal-o3,0,8,suffix-0,16,rust-vec,0,1048576,1048576,1,981000,1953714321357298
normal-o3,0,8,suffix-0,16,cpp-std-vector,0,1048576,1048576,1,982000,1953714321357298
normal-o3,0,8,suffix-0,16,reverse-c,1,1048576,1048576,1,978000,7188693379551418836
normal-o3,0,8,suffix-0,16,direct-c,1,1048576,1048576,1,2780000,7188693379551418836
normal-o3,0,8,suffix-0,16,swap-take-c,1,1048576,1048576,1,2802000,7188693379551418836
normal-o3,0,8,suffix-0,16,take-swap-c,1,1048576,1048576,1,992000,7188693379551418836
normal-o3,0,8,suffix-0,16,rust-vec,1,1048576,1048576,1,981000,7188693379551418836
normal-o3,0,8,suffix-0,16,cpp-std-vector,1,1048576,1048576,1,980000,7188693379551418836
normal-o3,0,8,suffix-0,16,whitefoot,1,1048576,1048576,1,983000,7188693379551418836
normal-o3,0,8,suffix-0,16,direct-c,2,1048576,1048576,1,2814000,14375433044781480374
normal-o3,0,8,suffix-0,16,swap-take-c,2,1048576,1048576,1,2831000,14375433044781480374
normal-o3,0,8,suffix-0,16,take-swap-c,2,1048576,1048576,1,989000,14375433044781480374
normal-o3,0,8,suffix-0,16,rust-vec,2,1048576,1048576,1,997000,14375433044781480374
normal-o3,0,8,suffix-0,16,cpp-std-vector,2,1048576,1048576,1,992000,14375433044781480374
normal-o3,0,8,suffix-0,16,whitefoot,2,1048576,1048576,1,990000,14375433044781480374
normal-o3,0,8,suffix-0,16,reverse-c,2,1048576,1048576,1,977000,14375433044781480374
normal-o3,0,8,suffix-0,16,swap-take-c,3,1048576,1048576,1,2838000,3115428636301990296
normal-o3,0,8,suffix-0,16,take-swap-c,3,1048576,1048576,1,989000,3115428636301990296
normal-o3,0,8,suffix-0,16,rust-vec,3,1048576,1048576,1,1001000,3115428636301990296
normal-o3,0,8,suffix-0,16,cpp-std-vector,3,1048576,1048576,1,988000,3115428636301990296
normal-o3,0,8,suffix-0,16,whitefoot,3,1048576,1048576,1,992000,3115428636301990296
normal-o3,0,8,suffix-0,16,reverse-c,3,1048576,1048576,1,990000,3115428636301990296
normal-o3,0,8,suffix-0,16,direct-c,3,1048576,1048576,1,2771000,3115428636301990296
normal-o3,0,8,suffix-0,16,take-swap-c,4,1048576,1048576,1,974000,10302168301532051834
normal-o3,0,8,suffix-0,16,rust-vec,4,1048576,1048576,1,1002000,10302168301532051834
normal-o3,0,8,suffix-0,16,cpp-std-vector,4,1048576,1048576,1,985000,10302168301532051834
normal-o3,0,8,suffix-0,16,whitefoot,4,1048576,1048576,1,986000,10302168301532051834
normal-o3,0,8,suffix-0,16,reverse-c,4,1048576,1048576,1,984000,10302168301532051834
normal-o3,0,8,suffix-0,16,direct-c,4,1048576,1048576,1,2761000,10302168301532051834
normal-o3,0,8,suffix-0,16,swap-take-c,4,1048576,1048576,1,2797000,10302168301532051834
normal-o3,0,8,suffix-0,16,rust-vec,5,1048576,1048576,1,1008000,17488907966762113372
normal-o3,0,8,suffix-0,16,cpp-std-vector,5,1048576,1048576,1,989000,17488907966762113372
normal-o3,0,8,suffix-0,16,whitefoot,5,1048576,1048576,1,1021000,17488907966762113372
normal-o3,0,8,suffix-0,16,reverse-c,5,1048576,1048576,1,988000,17488907966762113372
normal-o3,0,8,suffix-0,16,direct-c,5,1048576,1048576,1,2761000,17488907966762113372
normal-o3,0,8,suffix-0,16,swap-take-c,5,1048576,1048576,1,2824000,17488907966762113372
normal-o3,0,8,suffix-0,16,take-swap-c,5,1048576,1048576,1,987000,17488907966762113372
normal-o3,0,8,suffix-0,16,cpp-std-vector,6,1048576,1048576,1,980000,6228903558282623294
normal-o3,0,8,suffix-0,16,whitefoot,6,1048576,1048576,1,983000,6228903558282623294
normal-o3,0,8,suffix-0,16,reverse-c,6,1048576,1048576,1,978000,6228903558282623294
normal-o3,0,8,suffix-0,16,direct-c,6,1048576,1048576,1,2783000,6228903558282623294
normal-o3,0,8,suffix-0,16,swap-take-c,6,1048576,1048576,1,2778000,6228903558282623294
normal-o3,0,8,suffix-0,16,take-swap-c,6,1048576,1048576,1,984000,6228903558282623294
normal-o3,0,8,suffix-0,16,rust-vec,6,1048576,1048576,1,1001000,6228903558282623294
normal-o3,0,8,suffix-0,256,whitefoot,0,1048576,1048576,1,993000,17116383760326379594
normal-o3,0,8,suffix-0,256,reverse-c,0,1048576,1048576,1,990000,17116383760326379594
normal-o3,0,8,suffix-0,256,direct-c,0,1048576,1048576,1,2777000,17116383760326379594
normal-o3,0,8,suffix-0,256,swap-take-c,0,1048576,1048576,1,2790000,17116383760326379594
normal-o3,0,8,suffix-0,256,take-swap-c,0,1048576,1048576,1,998000,17116383760326379594
normal-o3,0,8,suffix-0,256,rust-vec,0,1048576,1048576,1,1000000,17116383760326379594
normal-o3,0,8,suffix-0,256,cpp-std-vector,0,1048576,1048576,1,992000,17116383760326379594
normal-o3,0,8,suffix-0,256,reverse-c,1,1048576,1048576,1,1004000,18422461136700962636
normal-o3,0,8,suffix-0,256,direct-c,1,1048576,1048576,1,2798000,18422461136700962636
normal-o3,0,8,suffix-0,256,swap-take-c,1,1048576,1048576,1,2789000,18422461136700962636
normal-o3,0,8,suffix-0,256,take-swap-c,1,1048576,1048576,1,999000,18422461136700962636
normal-o3,0,8,suffix-0,256,rust-vec,1,1048576,1048576,1,1012000,18422461136700962636
normal-o3,0,8,suffix-0,256,cpp-std-vector,1,1048576,1048576,1,981000,18422461136700962636
normal-o3,0,8,suffix-0,256,whitefoot,1,1048576,1048576,1,979000,18422461136700962636
normal-o3,0,8,suffix-0,256,direct-c,2,1048576,1048576,1,2828000,1281794439365994062
normal-o3,0,8,suffix-0,256,swap-take-c,2,1048576,1048576,1,2797000,1281794439365994062
normal-o3,0,8,suffix-0,256,take-swap-c,2,1048576,1048576,1,998000,1281794439365994062
normal-o3,0,8,suffix-0,256,rust-vec,2,1048576,1048576,1,985000,1281794439365994062
normal-o3,0,8,suffix-0,256,cpp-std-vector,2,1048576,1048576,1,983000,1281794439365994062
normal-o3,0,8,suffix-0,256,whitefoot,2,1048576,1048576,1,980000,1281794439365994062
normal-o3,0,8,suffix-0,256,reverse-c,2,1048576,1048576,1,979000,1281794439365994062
normal-o3,0,8,suffix-0,256,swap-take-c,3,1048576,1048576,1,2773000,2587871815740577104
normal-o3,0,8,suffix-0,256,take-swap-c,3,1048576,1048576,1,986000,2587871815740577104
normal-o3,0,8,suffix-0,256,rust-vec,3,1048576,1048576,1,987000,2587871815740577104
normal-o3,0,8,suffix-0,256,cpp-std-vector,3,1048576,1048576,1,980000,2587871815740577104
normal-o3,0,8,suffix-0,256,whitefoot,3,1048576,1048576,1,991000,2587871815740577104
normal-o3,0,8,suffix-0,256,reverse-c,3,1048576,1048576,1,976000,2587871815740577104
normal-o3,0,8,suffix-0,256,direct-c,3,1048576,1048576,1,2796000,2587871815740577104
normal-o3,0,8,suffix-0,256,take-swap-c,4,1048576,1048576,1,1023000,3893949192115160146
normal-o3,0,8,suffix-0,256,rust-vec,4,1048576,1048576,1,988000,3893949192115160146
normal-o3,0,8,suffix-0,256,cpp-std-vector,4,1048576,1048576,1,980000,3893949192115160146
normal-o3,0,8,suffix-0,256,whitefoot,4,1048576,1048576,1,993000,3893949192115160146
normal-o3,0,8,suffix-0,256,reverse-c,4,1048576,1048576,1,985000,3893949192115160146
normal-o3,0,8,suffix-0,256,direct-c,4,1048576,1048576,1,2802000,3893949192115160146
normal-o3,0,8,suffix-0,256,swap-take-c,4,1048576,1048576,1,2812000,3893949192115160146
normal-o3,0,8,suffix-0,256,rust-vec,5,1048576,1048576,1,997000,5200026568489743188
normal-o3,0,8,suffix-0,256,cpp-std-vector,5,1048576,1048576,1,981000,5200026568489743188
normal-o3,0,8,suffix-0,256,whitefoot,5,1048576,1048576,1,983000,5200026568489743188
normal-o3,0,8,suffix-0,256,reverse-c,5,1048576,1048576,1,976000,5200026568489743188
normal-o3,0,8,suffix-0,256,direct-c,5,1048576,1048576,1,2768000,5200026568489743188
normal-o3,0,8,suffix-0,256,swap-take-c,5,1048576,1048576,1,2803000,5200026568489743188
normal-o3,0,8,suffix-0,256,take-swap-c,5,1048576,1048576,1,979000,5200026568489743188
normal-o3,0,8,suffix-0,256,cpp-std-vector,6,1048576,1048576,1,980000,6506103944864326230
normal-o3,0,8,suffix-0,256,whitefoot,6,1048576,1048576,1,986000,6506103944864326230
normal-o3,0,8,suffix-0,256,reverse-c,6,1048576,1048576,1,980000,6506103944864326230
normal-o3,0,8,suffix-0,256,direct-c,6,1048576,1048576,1,2765000,6506103944864326230
normal-o3,0,8,suffix-0,256,swap-take-c,6,1048576,1048576,1,2772000,6506103944864326230
normal-o3,0,8,suffix-0,256,take-swap-c,6,1048576,1048576,1,985000,6506103944864326230
normal-o3,0,8,suffix-0,256,rust-vec,6,1048576,1048576,1,996000,6506103944864326230
normal-o3,0,8,suffix-0,4096,whitefoot,0,1048576,1048576,1,983000,4677669742816693706
normal-o3,0,8,suffix-0,4096,reverse-c,0,1048576,1048576,1,983000,4677669742816693706
normal-o3,0,8,suffix-0,4096,direct-c,0,1048576,1048576,1,2801000,4677669742816693706
normal-o3,0,8,suffix-0,4096,swap-take-c,0,1048576,1048576,1,2813000,4677669742816693706
normal-o3,0,8,suffix-0,4096,take-swap-c,0,1048576,1048576,1,984000,4677669742816693706
normal-o3,0,8,suffix-0,4096,rust-vec,0,1048576,1048576,1,994000,4677669742816693706
normal-o3,0,8,suffix-0,4096,cpp-std-vector,0,1048576,1048576,1,988000,4677669742816693706
normal-o3,0,8,suffix-0,4096,reverse-c,1,1048576,1048576,1,984000,3271637737093033676
normal-o3,0,8,suffix-0,4096,direct-c,1,1048576,1048576,1,2768000,3271637737093033676
normal-o3,0,8,suffix-0,4096,swap-take-c,1,1048576,1048576,1,2782000,3271637737093033676
normal-o3,0,8,suffix-0,4096,take-swap-c,1,1048576,1048576,1,991000,3271637737093033676
normal-o3,0,8,suffix-0,4096,rust-vec,1,1048576,1048576,1,990000,3271637737093033676
normal-o3,0,8,suffix-0,4096,cpp-std-vector,1,1048576,1048576,1,988000,3271637737093033676
normal-o3,0,8,suffix-0,4096,whitefoot,1,1048576,1048576,1,984000,3271637737093033676
normal-o3,0,8,suffix-0,4096,direct-c,2,1048576,1048576,1,2768000,1865605731369373646
normal-o3,0,8,suffix-0,4096,swap-take-c,2,1048576,1048576,1,2797000,1865605731369373646
normal-o3,0,8,suffix-0,4096,take-swap-c,2,1048576,1048576,1,984000,1865605731369373646
normal-o3,0,8,suffix-0,4096,rust-vec,2,1048576,1048576,1,992000,1865605731369373646
normal-o3,0,8,suffix-0,4096,cpp-std-vector,2,1048576,1048576,1,1014000,1865605731369373646
normal-o3,0,8,suffix-0,4096,whitefoot,2,1048576,1048576,1,1012000,1865605731369373646
normal-o3,0,8,suffix-0,4096,reverse-c,2,1048576,1048576,1,1038000,1865605731369373646
normal-o3,0,8,suffix-0,4096,swap-take-c,3,1048576,1048576,1,2801000,459573725645713616
normal-o3,0,8,suffix-0,4096,take-swap-c,3,1048576,1048576,1,986000,459573725645713616
normal-o3,0,8,suffix-0,4096,rust-vec,3,1048576,1048576,1,991000,459573725645713616
normal-o3,0,8,suffix-0,4096,cpp-std-vector,3,1048576,1048576,1,988000,459573725645713616
normal-o3,0,8,suffix-0,4096,whitefoot,3,1048576,1048576,1,985000,459573725645713616
normal-o3,0,8,suffix-0,4096,reverse-c,3,1048576,1048576,1,982000,459573725645713616
normal-o3,0,8,suffix-0,4096,direct-c,3,1048576,1048576,1,2896000,459573725645713616
normal-o3,0,8,suffix-0,4096,take-swap-c,4,1048576,1048576,1,1033000,17500285793631605202
normal-o3,0,8,suffix-0,4096,rust-vec,4,1048576,1048576,1,1020000,17500285793631605202
normal-o3,0,8,suffix-0,4096,cpp-std-vector,4,1048576,1048576,1,1018000,17500285793631605202
normal-o3,0,8,suffix-0,4096,whitefoot,4,1048576,1048576,1,1012000,17500285793631605202
normal-o3,0,8,suffix-0,4096,reverse-c,4,1048576,1048576,1,1013000,17500285793631605202
normal-o3,0,8,suffix-0,4096,direct-c,4,1048576,1048576,1,2868000,17500285793631605202
normal-o3,0,8,suffix-0,4096,swap-take-c,4,1048576,1048576,1,2883000,17500285793631605202
normal-o3,0,8,suffix-0,4096,rust-vec,5,1048576,1048576,1,1020000,16094253787907945172
normal-o3,0,8,suffix-0,4096,cpp-std-vector,5,1048576,1048576,1,1017000,16094253787907945172
normal-o3,0,8,suffix-0,4096,whitefoot,5,1048576,1048576,1,1050000,16094253787907945172
normal-o3,0,8,suffix-0,4096,reverse-c,5,1048576,1048576,1,1013000,16094253787907945172
normal-o3,0,8,suffix-0,4096,direct-c,5,1048576,1048576,1,2854000,16094253787907945172
normal-o3,0,8,suffix-0,4096,swap-take-c,5,1048576,1048576,1,2934000,16094253787907945172
normal-o3,0,8,suffix-0,4096,take-swap-c,5,1048576,1048576,1,1011000,16094253787907945172
normal-o3,0,8,suffix-0,4096,cpp-std-vector,6,1048576,1048576,1,990000,14688221782184285142
normal-o3,0,8,suffix-0,4096,whitefoot,6,1048576,1048576,1,982000,14688221782184285142
normal-o3,0,8,suffix-0,4096,reverse-c,6,1048576,1048576,1,988000,14688221782184285142
normal-o3,0,8,suffix-0,4096,direct-c,6,1048576,1048576,1,2779000,14688221782184285142
normal-o3,0,8,suffix-0,4096,swap-take-c,6,1048576,1048576,1,2816000,14688221782184285142
normal-o3,0,8,suffix-0,4096,take-swap-c,6,1048576,1048576,1,991000,14688221782184285142
normal-o3,0,8,suffix-0,4096,rust-vec,6,1048576,1048576,1,989000,14688221782184285142
normal-o3,0,8,suffix-1,16,whitefoot,0,1048576,1048576,1,2836000,929898191272797080
normal-o3,0,8,suffix-1,16,reverse-c,0,1048576,1048576,1,3233000,929898191272797080
normal-o3,0,8,suffix-1,16,direct-c,0,1048576,1048576,1,2818000,929898191272797080
normal-o3,0,8,suffix-1,16,swap-take-c,0,1048576,1048576,1,3374000,929898191272797080
normal-o3,0,8,suffix-1,16,take-swap-c,0,1048576,1048576,1,3341000,929898191272797080
normal-o3,0,8,suffix-1,16,rust-vec,0,1048576,1048576,1,1574000,929898191272797080
normal-o3,0,8,suffix-1,16,cpp-std-vector,0,1048576,1048576,1,2932000,929898191272797080
normal-o3,0,8,suffix-1,16,reverse-c,1,1048576,1048576,1,3273000,4026886324240061497
normal-o3,0,8,suffix-1,16,direct-c,1,1048576,1048576,1,2784000,4026886324240061497
normal-o3,0,8,suffix-1,16,swap-take-c,1,1048576,1048576,1,3413000,4026886324240061497
normal-o3,0,8,suffix-1,16,take-swap-c,1,1048576,1048576,1,3257000,4026886324240061497
normal-o3,0,8,suffix-1,16,rust-vec,1,1048576,1048576,1,1548000,4026886324240061497
normal-o3,0,8,suffix-1,16,cpp-std-vector,1,1048576,1048576,1,2980000,4026886324240061497
normal-o3,0,8,suffix-1,16,whitefoot,1,1048576,1048576,1,2885000,4026886324240061497
normal-o3,0,8,suffix-1,16,direct-c,2,1048576,1048576,1,2854000,7123874457207325914
normal-o3,0,8,suffix-1,16,swap-take-c,2,1048576,1048576,1,3357000,7123874457207325914
normal-o3,0,8,suffix-1,16,take-swap-c,2,1048576,1048576,1,3237000,7123874457207325914
normal-o3,0,8,suffix-1,16,rust-vec,2,1048576,1048576,1,1549000,7123874457207325914
normal-o3,0,8,suffix-1,16,cpp-std-vector,2,1048576,1048576,1,3046000,7123874457207325914
normal-o3,0,8,suffix-1,16,whitefoot,2,1048576,1048576,1,2857000,7123874457207325914
normal-o3,0,8,suffix-1,16,reverse-c,2,1048576,1048576,1,3269000,7123874457207325914
normal-o3,0,8,suffix-1,16,swap-take-c,3,1048576,1048576,1,3386000,10220862590174590331
normal-o3,0,8,suffix-1,16,take-swap-c,3,1048576,1048576,1,3252000,10220862590174590331
normal-o3,0,8,suffix-1,16,rust-vec,3,1048576,1048576,1,1544000,10220862590174590331
normal-o3,0,8,suffix-1,16,cpp-std-vector,3,1048576,1048576,1,2926000,10220862590174590331
normal-o3,0,8,suffix-1,16,whitefoot,3,1048576,1048576,1,2964000,10220862590174590331
normal-o3,0,8,suffix-1,16,reverse-c,3,1048576,1048576,1,3232000,10220862590174590331
normal-o3,0,8,suffix-1,16,direct-c,3,1048576,1048576,1,2780000,10220862590174590331
normal-o3,0,8,suffix-1,16,take-swap-c,4,1048576,1048576,1,3251000,13317850723141854748
normal-o3,0,8,suffix-1,16,rust-vec,4,1048576,1048576,1,1557000,13317850723141854748
normal-o3,0,8,suffix-1,16,cpp-std-vector,4,1048576,1048576,1,2953000,13317850723141854748
normal-o3,0,8,suffix-1,16,whitefoot,4,1048576,1048576,1,2889000,13317850723141854748
normal-o3,0,8,suffix-1,16,reverse-c,4,1048576,1048576,1,3263000,13317850723141854748
normal-o3,0,8,suffix-1,16,direct-c,4,1048576,1048576,1,2802000,13317850723141854748
normal-o3,0,8,suffix-1,16,swap-take-c,4,1048576,1048576,1,3388000,13317850723141854748
normal-o3,0,8,suffix-1,16,rust-vec,5,1048576,1048576,1,1567000,16414838856109119165
normal-o3,0,8,suffix-1,16,cpp-std-vector,5,1048576,1048576,1,2927000,16414838856109119165
normal-o3,0,8,suffix-1,16,whitefoot,5,1048576,1048576,1,2892000,16414838856109119165
normal-o3,0,8,suffix-1,16,reverse-c,5,1048576,1048576,1,3240000,16414838856109119165
normal-o3,0,8,suffix-1,16,direct-c,5,1048576,1048576,1,2780000,16414838856109119165
normal-o3,0,8,suffix-1,16,swap-take-c,5,1048576,1048576,1,3381000,16414838856109119165
normal-o3,0,8,suffix-1,16,take-swap-c,5,1048576,1048576,1,3239000,16414838856109119165
normal-o3,0,8,suffix-1,16,cpp-std-vector,6,1048576,1048576,1,2940000,1065082915366831966
normal-o3,0,8,suffix-1,16,whitefoot,6,1048576,1048576,1,2889000,1065082915366831966
normal-o3,0,8,suffix-1,16,reverse-c,6,1048576,1048576,1,3287000,1065082915366831966
normal-o3,0,8,suffix-1,16,direct-c,6,1048576,1048576,1,2858000,1065082915366831966
normal-o3,0,8,suffix-1,16,swap-take-c,6,1048576,1048576,1,3385000,1065082915366831966
normal-o3,0,8,suffix-1,16,take-swap-c,6,1048576,1048576,1,3267000,1065082915366831966
normal-o3,0,8,suffix-1,16,rust-vec,6,1048576,1048576,1,1543000,1065082915366831966
normal-o3,0,8,suffix-1,256,whitefoot,0,1048576,1048576,1,2880000,14065998348325884944
normal-o3,0,8,suffix-1,256,reverse-c,0,1048576,1048576,1,3256000,14065998348325884944
normal-o3,0,8,suffix-1,256,direct-c,0,1048576,1048576,1,2815000,14065998348325884944
normal-o3,0,8,suffix-1,256,swap-take-c,0,1048576,1048576,1,3378000,14065998348325884944
normal-o3,0,8,suffix-1,256,take-swap-c,0,1048576,1048576,1,3305000,14065998348325884944
normal-o3,0,8,suffix-1,256,rust-vec,0,1048576,1048576,1,1561000,14065998348325884944
normal-o3,0,8,suffix-1,256,cpp-std-vector,0,1048576,1048576,1,2980000,14065998348325884944
normal-o3,0,8,suffix-1,256,reverse-c,1,1048576,1048576,1,3275000,5008019667339890449
normal-o3,0,8,suffix-1,256,direct-c,1,1048576,1048576,1,2786000,5008019667339890449
normal-o3,0,8,suffix-1,256,swap-take-c,1,1048576,1048576,1,3408000,5008019667339890449
normal-o3,0,8,suffix-1,256,take-swap-c,1,1048576,1048576,1,3252000,5008019667339890449
normal-o3,0,8,suffix-1,256,rust-vec,1,1048576,1048576,1,1544000,5008019667339890449
normal-o3,0,8,suffix-1,256,cpp-std-vector,1,1048576,1048576,1,2939000,5008019667339890449
normal-o3,0,8,suffix-1,256,whitefoot,1,1048576,1048576,1,2880000,5008019667339890449
normal-o3,0,8,suffix-1,256,direct-c,2,1048576,1048576,1,2817000,14396785060063447570
normal-o3,0,8,suffix-1,256,swap-take-c,2,1048576,1048576,1,3439000,14396785060063447570
normal-o3,0,8,suffix-1,256,take-swap-c,2,1048576,1048576,1,3234000,14396785060063447570
normal-o3,0,8,suffix-1,256,rust-vec,2,1048576,1048576,1,1593000,14396785060063447570
normal-o3,0,8,suffix-1,256,cpp-std-vector,2,1048576,1048576,1,2927000,14396785060063447570
normal-o3,0,8,suffix-1,256,whitefoot,2,1048576,1048576,1,2872000,14396785060063447570
normal-o3,0,8,suffix-1,256,reverse-c,2,1048576,1048576,1,3278000,14396785060063447570
normal-o3,0,8,suffix-1,256,swap-take-c,3,1048576,1048576,1,3497000,5338806379077453075
normal-o3,0,8,suffix-1,256,take-swap-c,3,1048576,1048576,1,3412000,5338806379077453075
normal-o3,0,8,suffix-1,256,rust-vec,3,1048576,1048576,1,1641000,5338806379077453075
normal-o3,0,8,suffix-1,256,cpp-std-vector,3,1048576,1048576,1,3109000,5338806379077453075
normal-o3,0,8,suffix-1,256,whitefoot,3,1048576,1048576,1,3001000,5338806379077453075
normal-o3,0,8,suffix-1,256,reverse-c,3,1048576,1048576,1,3338000,5338806379077453075
normal-o3,0,8,suffix-1,256,direct-c,3,1048576,1048576,1,2794000,5338806379077453075
normal-o3,0,8,suffix-1,256,take-swap-c,4,1048576,1048576,1,3322000,14727571771801010196
normal-o3,0,8,suffix-1,256,rust-vec,4,1048576,1048576,1,1568000,14727571771801010196
normal-o3,0,8,suffix-1,256,cpp-std-vector,4,1048576,1048576,1,2940000,14727571771801010196
normal-o3,0,8,suffix-1,256,whitefoot,4,1048576,1048576,1,2920000,14727571771801010196
normal-o3,0,8,suffix-1,256,reverse-c,4,1048576,1048576,1,3276000,14727571771801010196
normal-o3,0,8,suffix-1,256,direct-c,4,1048576,1048576,1,2789000,14727571771801010196
normal-o3,0,8,suffix-1,256,swap-take-c,4,1048576,1048576,1,3417000,14727571771801010196
normal-o3,0,8,suffix-1,256,rust-vec,5,1048576,1048576,1,1554000,5669593090815015701
normal-o3,0,8,suffix-1,256,cpp-std-vector,5,1048576,1048576,1,3011000,5669593090815015701
normal-o3,0,8,suffix-1,256,whitefoot,5,1048576,1048576,1,2896000,5669593090815015701
normal-o3,0,8,suffix-1,256,reverse-c,5,1048576,1048576,1,3236000,5669593090815015701
normal-o3,0,8,suffix-1,256,direct-c,5,1048576,1048576,1,2840000,5669593090815015701
normal-o3,0,8,suffix-1,256,swap-take-c,5,1048576,1048576,1,3345000,5669593090815015701
normal-o3,0,8,suffix-1,256,take-swap-c,5,1048576,1048576,1,3277000,5669593090815015701
normal-o3,0,8,suffix-1,256,cpp-std-vector,6,1048576,1048576,1,2926000,15058358483538572822
normal-o3,0,8,suffix-1,256,whitefoot,6,1048576,1048576,1,2877000,15058358483538572822
normal-o3,0,8,suffix-1,256,reverse-c,6,1048576,1048576,1,3266000,15058358483538572822
normal-o3,0,8,suffix-1,256,direct-c,6,1048576,1048576,1,2786000,15058358483538572822
normal-o3,0,8,suffix-1,256,swap-take-c,6,1048576,1048576,1,3470000,15058358483538572822
normal-o3,0,8,suffix-1,256,take-swap-c,6,1048576,1048576,1,3267000,15058358483538572822
normal-o3,0,8,suffix-1,256,rust-vec,6,1048576,1048576,1,1543000,15058358483538572822
normal-o3,0,8,suffix-1,4096,whitefoot,0,1048576,1048576,1,2851000,7456520226923789200
normal-o3,0,8,suffix-1,4096,reverse-c,0,1048576,1048576,1,3264000,7456520226923789200
normal-o3,0,8,suffix-1,4096,direct-c,0,1048576,1048576,1,2800000,7456520226923789200
normal-o3,0,8,suffix-1,4096,swap-take-c,0,1048576,1048576,1,3385000,7456520226923789200
normal-o3,0,8,suffix-1,4096,take-swap-c,0,1048576,1048576,1,3267000,7456520226923789200
normal-o3,0,8,suffix-1,4096,rust-vec,0,1048576,1048576,1,1554000,7456520226923789200
normal-o3,0,8,suffix-1,4096,cpp-std-vector,0,1048576,1048576,1,2935000,7456520226923789200
normal-o3,0,8,suffix-1,4096,reverse-c,1,1048576,1048576,1,3244000,12459322446616091793
normal-o3,0,8,suffix-1,4096,direct-c,1,1048576,1048576,1,2803000,12459322446616091793
normal-o3,0,8,suffix-1,4096,swap-take-c,1,1048576,1048576,1,3402000,12459322446616091793
normal-o3,0,8,suffix-1,4096,take-swap-c,1,1048576,1048576,1,3235000,12459322446616091793
normal-o3,0,8,suffix-1,4096,rust-vec,1,1048576,1048576,1,1549000,12459322446616091793
normal-o3,0,8,suffix-1,4096,cpp-std-vector,1,1048576,1048576,1,2961000,12459322446616091793
normal-o3,0,8,suffix-1,4096,whitefoot,1,1048576,1048576,1,2875000,12459322446616091793
normal-o3,0,8,suffix-1,4096,direct-c,2,1048576,1048576,1,2792000,17462124666308394386
normal-o3,0,8,suffix-1,4096,swap-take-c,2,1048576,1048576,1,3378000,17462124666308394386
normal-o3,0,8,suffix-1,4096,take-swap-c,2,1048576,1048576,1,3337000,17462124666308394386
normal-o3,0,8,suffix-1,4096,rust-vec,2,1048576,1048576,1,1549000,17462124666308394386
normal-o3,0,8,suffix-1,4096,cpp-std-vector,2,1048576,1048576,1,2935000,17462124666308394386
normal-o3,0,8,suffix-1,4096,whitefoot,2,1048576,1048576,1,2903000,17462124666308394386
normal-o3,0,8,suffix-1,4096,reverse-c,2,1048576,1048576,1,3254000,17462124666308394386
normal-o3,0,8,suffix-1,4096,swap-take-c,3,1048576,1048576,1,3415000,4018182812291145363
normal-o3,0,8,suffix-1,4096,take-swap-c,3,1048576,1048576,1,3231000,4018182812291145363
normal-o3,0,8,suffix-1,4096,rust-vec,3,1048576,1048576,1,1549000,4018182812291145363
normal-o3,0,8,suffix-1,4096,cpp-std-vector,3,1048576,1048576,1,2961000,4018182812291145363
normal-o3,0,8,suffix-1,4096,whitefoot,3,1048576,1048576,1,2867000,4018182812291145363
normal-o3,0,8,suffix-1,4096,reverse-c,3,1048576,1048576,1,3258000,4018182812291145363
normal-o3,0,8,suffix-1,4096,direct-c,3,1048576,1048576,1,2893000,4018182812291145363
normal-o3,0,8,suffix-1,4096,take-swap-c,4,1048576,1048576,1,3280000,9020985031983447956
normal-o3,0,8,suffix-1,4096,rust-vec,4,1048576,1048576,1,1576000,9020985031983447956
normal-o3,0,8,suffix-1,4096,cpp-std-vector,4,1048576,1048576,1,2963000,9020985031983447956
normal-o3,0,8,suffix-1,4096,whitefoot,4,1048576,1048576,1,2913000,9020985031983447956
normal-o3,0,8,suffix-1,4096,reverse-c,4,1048576,1048576,1,3320000,9020985031983447956
normal-o3,0,8,suffix-1,4096,direct-c,4,1048576,1048576,1,2817000,9020985031983447956
normal-o3,0,8,suffix-1,4096,swap-take-c,4,1048576,1048576,1,3488000,9020985031983447956
normal-o3,0,8,suffix-1,4096,rust-vec,5,1048576,1048576,1,1554000,14023787251675750549
normal-o3,0,8,suffix-1,4096,cpp-std-vector,5,1048576,1048576,1,2948000,14023787251675750549
normal-o3,0,8,suffix-1,4096,whitefoot,5,1048576,1048576,1,2876000,14023787251675750549
normal-o3,0,8,suffix-1,4096,reverse-c,5,1048576,1048576,1,3252000,14023787251675750549
normal-o3,0,8,suffix-1,4096,direct-c,5,1048576,1048576,1,2817000,14023787251675750549
normal-o3,0,8,suffix-1,4096,swap-take-c,5,1048576,1048576,1,3368000,14023787251675750549
normal-o3,0,8,suffix-1,4096,take-swap-c,5,1048576,1048576,1,3281000,14023787251675750549
normal-o3,0,8,suffix-1,4096,cpp-std-vector,6,1048576,1048576,1,2933000,579845397658501526
normal-o3,0,8,suffix-1,4096,whitefoot,6,1048576,1048576,1,2865000,579845397658501526
normal-o3,0,8,suffix-1,4096,reverse-c,6,1048576,1048576,1,3241000,579845397658501526
normal-o3,0,8,suffix-1,4096,direct-c,6,1048576,1048576,1,2789000,579845397658501526
normal-o3,0,8,suffix-1,4096,swap-take-c,6,1048576,1048576,1,3378000,579845397658501526
normal-o3,0,8,suffix-1,4096,take-swap-c,6,1048576,1048576,1,3355000,579845397658501526
normal-o3,0,8,suffix-1,4096,rust-vec,6,1048576,1048576,1,1567000,579845397658501526
normal-o3,0,8,suffix-2,16,whitefoot,0,1048576,524288,1,1724000,1685092048726590629
normal-o3,0,8,suffix-2,16,reverse-c,0,1048576,524288,1,3295000,1685092048726590629
normal-o3,0,8,suffix-2,16,direct-c,0,1048576,524288,1,1472000,1685092048726590629
normal-o3,0,8,suffix-2,16,swap-take-c,0,1048576,524288,1,2791000,1685092048726590629
normal-o3,0,8,suffix-2,16,take-swap-c,0,1048576,524288,1,3192000,1685092048726590629
normal-o3,0,8,suffix-2,16,rust-vec,0,1048576,524288,1,1318000,1685092048726590629
normal-o3,0,8,suffix-2,16,cpp-std-vector,0,1048576,524288,1,1658000,1685092048726590629
normal-o3,0,8,suffix-2,16,reverse-c,1,1048576,524288,1,3281000,5769615109122455387
normal-o3,0,8,suffix-2,16,direct-c,1,1048576,524288,1,1465000,5769615109122455387
normal-o3,0,8,suffix-2,16,swap-take-c,1,1048576,524288,1,2831000,5769615109122455387
normal-o3,0,8,suffix-2,16,take-swap-c,1,1048576,524288,1,3242000,5769615109122455387
normal-o3,0,8,suffix-2,16,rust-vec,1,1048576,524288,1,1312000,5769615109122455387
normal-o3,0,8,suffix-2,16,cpp-std-vector,1,1048576,524288,1,1635000,5769615109122455387
normal-o3,0,8,suffix-2,16,whitefoot,1,1048576,524288,1,1755000,5769615109122455387
normal-o3,0,8,suffix-2,16,direct-c,2,1048576,524288,1,1458000,9854138169518320145
normal-o3,0,8,suffix-2,16,swap-take-c,2,1048576,524288,1,2809000,9854138169518320145
normal-o3,0,8,suffix-2,16,take-swap-c,2,1048576,524288,1,3206000,9854138169518320145
normal-o3,0,8,suffix-2,16,rust-vec,2,1048576,524288,1,1299000,9854138169518320145
normal-o3,0,8,suffix-2,16,cpp-std-vector,2,1048576,524288,1,1627000,9854138169518320145
normal-o3,0,8,suffix-2,16,whitefoot,2,1048576,524288,1,1734000,9854138169518320145
normal-o3,0,8,suffix-2,16,reverse-c,2,1048576,524288,1,3210000,9854138169518320145
normal-o3,0,8,suffix-2,16,swap-take-c,3,1048576,524288,1,2793000,13938661229914184903
normal-o3,0,8,suffix-2,16,take-swap-c,3,1048576,524288,1,3232000,13938661229914184903
normal-o3,0,8,suffix-2,16,rust-vec,3,1048576,524288,1,1310000,13938661229914184903
normal-o3,0,8,suffix-2,16,cpp-std-vector,3,1048576,524288,1,1663000,13938661229914184903
normal-o3,0,8,suffix-2,16,whitefoot,3,1048576,524288,1,1769000,13938661229914184903
normal-o3,0,8,suffix-2,16,reverse-c,3,1048576,524288,1,3247000,13938661229914184903
normal-o3,0,8,suffix-2,16,direct-c,3,1048576,524288,1,1458000,13938661229914184903
normal-o3,0,8,suffix-2,16,take-swap-c,4,1048576,524288,1,3211000,18023184290310049661
normal-o3,0,8,suffix-2,16,rust-vec,4,1048576,524288,1,1329000,18023184290310049661
normal-o3,0,8,suffix-2,16,cpp-std-vector,4,1048576,524288,1,1624000,18023184290310049661
normal-o3,0,8,suffix-2,16,whitefoot,4,1048576,524288,1,1728000,18023184290310049661
normal-o3,0,8,suffix-2,16,reverse-c,4,1048576,524288,1,3284000,18023184290310049661
normal-o3,0,8,suffix-2,16,direct-c,4,1048576,524288,1,1473000,18023184290310049661
normal-o3,0,8,suffix-2,16,swap-take-c,4,1048576,524288,1,2857000,18023184290310049661
normal-o3,0,8,suffix-2,16,rust-vec,5,1048576,524288,1,1300000,3660963276996362803
normal-o3,0,8,suffix-2,16,cpp-std-vector,5,1048576,524288,1,1624000,3660963276996362803
normal-o3,0,8,suffix-2,16,whitefoot,5,1048576,524288,1,1731000,3660963276996362803
normal-o3,0,8,suffix-2,16,reverse-c,5,1048576,524288,1,3343000,3660963276996362803
normal-o3,0,8,suffix-2,16,direct-c,5,1048576,524288,1,1462000,3660963276996362803
normal-o3,0,8,suffix-2,16,swap-take-c,5,1048576,524288,1,2853000,3660963276996362803
normal-o3,0,8,suffix-2,16,take-swap-c,5,1048576,524288,1,3186000,3660963276996362803
normal-o3,0,8,suffix-2,16,cpp-std-vector,6,1048576,524288,1,1642000,7745486337392227561
normal-o3,0,8,suffix-2,16,whitefoot,6,1048576,524288,1,1759000,7745486337392227561
normal-o3,0,8,suffix-2,16,reverse-c,6,1048576,524288,1,3279000,7745486337392227561
normal-o3,0,8,suffix-2,16,direct-c,6,1048576,524288,1,1461000,7745486337392227561
normal-o3,0,8,suffix-2,16,swap-take-c,6,1048576,524288,1,2800000,7745486337392227561
normal-o3,0,8,suffix-2,16,take-swap-c,6,1048576,524288,1,3069000,7745486337392227561
normal-o3,0,8,suffix-2,16,rust-vec,6,1048576,524288,1,1300000,7745486337392227561
normal-o3,0,8,suffix-2,256,whitefoot,0,1048576,524288,1,1756000,4355278901963944061
normal-o3,0,8,suffix-2,256,reverse-c,0,1048576,524288,1,3223000,4355278901963944061
normal-o3,0,8,suffix-2,256,direct-c,0,1048576,524288,1,3085000,4355278901963944061
normal-o3,0,8,suffix-2,256,swap-take-c,0,1048576,524288,1,2838000,4355278901963944061
normal-o3,0,8,suffix-2,256,take-swap-c,0,1048576,524288,1,3337000,4355278901963944061
normal-o3,0,8,suffix-2,256,rust-vec,0,1048576,524288,1,1340000,4355278901963944061
normal-o3,0,8,suffix-2,256,cpp-std-vector,0,1048576,524288,1,1626000,4355278901963944061
normal-o3,0,8,suffix-2,256,reverse-c,1,1048576,524288,1,3212000,15106128288498016595
normal-o3,0,8,suffix-2,256,direct-c,1,1048576,524288,1,3032000,15106128288498016595
normal-o3,0,8,suffix-2,256,swap-take-c,1,1048576,524288,1,2848000,15106128288498016595
normal-o3,0,8,suffix-2,256,take-swap-c,1,1048576,524288,1,3380000,15106128288498016595
normal-o3,0,8,suffix-2,256,rust-vec,1,1048576,524288,1,1314000,15106128288498016595
normal-o3,0,8,suffix-2,256,cpp-std-vector,1,1048576,524288,1,1668000,15106128288498016595
normal-o3,0,8,suffix-2,256,whitefoot,1,1048576,524288,1,1734000,15106128288498016595
normal-o3,0,8,suffix-2,256,direct-c,2,1048576,524288,1,2071000,7410233601322537513
normal-o3,0,8,suffix-2,256,swap-take-c,2,1048576,524288,1,2932000,7410233601322537513
normal-o3,0,8,suffix-2,256,take-swap-c,2,1048576,524288,1,3356000,7410233601322537513
normal-o3,0,8,suffix-2,256,rust-vec,2,1048576,524288,1,1327000,7410233601322537513
normal-o3,0,8,suffix-2,256,cpp-std-vector,2,1048576,524288,1,1721000,7410233601322537513
normal-o3,0,8,suffix-2,256,whitefoot,2,1048576,524288,1,1820000,7410233601322537513
normal-o3,0,8,suffix-2,256,reverse-c,2,1048576,524288,1,3486000,7410233601322537513
normal-o3,0,8,suffix-2,256,swap-take-c,3,1048576,524288,1,3000000,18161082987856610047
normal-o3,0,8,suffix-2,256,take-swap-c,3,1048576,524288,1,3461000,18161082987856610047
normal-o3,0,8,suffix-2,256,rust-vec,3,1048576,524288,1,1341000,18161082987856610047
normal-o3,0,8,suffix-2,256,cpp-std-vector,3,1048576,524288,1,1707000,18161082987856610047
normal-o3,0,8,suffix-2,256,whitefoot,3,1048576,524288,1,1834000,18161082987856610047
normal-o3,0,8,suffix-2,256,reverse-c,3,1048576,524288,1,3437000,18161082987856610047
normal-o3,0,8,suffix-2,256,direct-c,3,1048576,524288,1,1725000,18161082987856610047
normal-o3,0,8,suffix-2,256,take-swap-c,4,1048576,524288,1,3498000,10465188300681130965
normal-o3,0,8,suffix-2,256,rust-vec,4,1048576,524288,1,1384000,10465188300681130965
normal-o3,0,8,suffix-2,256,cpp-std-vector,4,1048576,524288,1,1699000,10465188300681130965
normal-o3,0,8,suffix-2,256,whitefoot,4,1048576,524288,1,1784000,10465188300681130965
normal-o3,0,8,suffix-2,256,reverse-c,4,1048576,524288,1,3399000,10465188300681130965
normal-o3,0,8,suffix-2,256,direct-c,4,1048576,524288,1,1960000,10465188300681130965
normal-o3,0,8,suffix-2,256,swap-take-c,4,1048576,524288,1,2933000,10465188300681130965
normal-o3,0,8,suffix-2,256,rust-vec,5,1048576,524288,1,1354000,2769293613505651883
normal-o3,0,8,suffix-2,256,cpp-std-vector,5,1048576,524288,1,1711000,2769293613505651883
normal-o3,0,8,suffix-2,256,whitefoot,5,1048576,524288,1,1776000,2769293613505651883
normal-o3,0,8,suffix-2,256,reverse-c,5,1048576,524288,1,3257000,2769293613505651883
normal-o3,0,8,suffix-2,256,direct-c,5,1048576,524288,1,3659000,2769293613505651883
normal-o3,0,8,suffix-2,256,swap-take-c,5,1048576,524288,1,2899000,2769293613505651883
normal-o3,0,8,suffix-2,256,take-swap-c,5,1048576,524288,1,3392000,2769293613505651883
normal-o3,0,8,suffix-2,256,cpp-std-vector,6,1048576,524288,1,1638000,13520143000039724417
normal-o3,0,8,suffix-2,256,whitefoot,6,1048576,524288,1,1756000,13520143000039724417
normal-o3,0,8,suffix-2,256,reverse-c,6,1048576,524288,1,3204000,13520143000039724417
normal-o3,0,8,suffix-2,256,direct-c,6,1048576,524288,1,2505000,13520143000039724417
normal-o3,0,8,suffix-2,256,swap-take-c,6,1048576,524288,1,2813000,13520143000039724417
normal-o3,0,8,suffix-2,256,take-swap-c,6,1048576,524288,1,3366000,13520143000039724417
normal-o3,0,8,suffix-2,256,rust-vec,6,1048576,524288,1,1303000,13520143000039724417
normal-o3,0,8,suffix-2,4096,whitefoot,0,1048576,524288,1,1739000,16133918569289551357
normal-o3,0,8,suffix-2,4096,reverse-c,0,1048576,524288,1,3210000,16133918569289551357
normal-o3,0,8,suffix-2,4096,direct-c,0,1048576,524288,1,2041000,16133918569289551357
normal-o3,0,8,suffix-2,4096,swap-take-c,0,1048576,524288,1,2832000,16133918569289551357
normal-o3,0,8,suffix-2,4096,take-swap-c,0,1048576,524288,1,3241000,16133918569289551357
normal-o3,0,8,suffix-2,4096,rust-vec,0,1048576,524288,1,1318000,16133918569289551357
normal-o3,0,8,suffix-2,4096,cpp-std-vector,0,1048576,524288,1,1647000,16133918569289551357
normal-o3,0,8,suffix-2,4096,reverse-c,1,1048576,524288,1,3209000,17698322704188874963
normal-o3,0,8,suffix-2,4096,direct-c,1,1048576,524288,1,3128000,17698322704188874963
normal-o3,0,8,suffix-2,4096,swap-take-c,1,1048576,524288,1,2805000,17698322704188874963
normal-o3,0,8,suffix-2,4096,take-swap-c,1,1048576,524288,1,3242000,17698322704188874963
normal-o3,0,8,suffix-2,4096,rust-vec,1,1048576,524288,1,1305000,17698322704188874963
normal-o3,0,8,suffix-2,4096,cpp-std-vector,1,1048576,524288,1,1666000,17698322704188874963
normal-o3,0,8,suffix-2,4096,whitefoot,1,1048576,524288,1,1734000,17698322704188874963
normal-o3,0,8,suffix-2,4096,direct-c,2,1048576,524288,1,2712000,815982765378646953
normal-o3,0,8,suffix-2,4096,swap-take-c,2,1048576,524288,1,2858000,815982765378646953
normal-o3,0,8,suffix-2,4096,take-swap-c,2,1048576,524288,1,3360000,815982765378646953
normal-o3,0,8,suffix-2,4096,rust-vec,2,1048576,524288,1,1305000,815982765378646953
normal-o3,0,8,suffix-2,4096,cpp-std-vector,2,1048576,524288,1,1668000,815982765378646953
normal-o3,0,8,suffix-2,4096,whitefoot,2,1048576,524288,1,1740000,815982765378646953
normal-o3,0,8,suffix-2,4096,reverse-c,2,1048576,524288,1,3214000,815982765378646953
normal-o3,0,8,suffix-2,4096,swap-take-c,3,1048576,524288,1,2817000,2380386900277970559
normal-o3,0,8,suffix-2,4096,take-swap-c,3,1048576,524288,1,3246000,2380386900277970559
normal-o3,0,8,suffix-2,4096,rust-vec,3,1048576,524288,1,1305000,2380386900277970559
normal-o3,0,8,suffix-2,4096,cpp-std-vector,3,1048576,524288,1,1646000,2380386900277970559
normal-o3,0,8,suffix-2,4096,whitefoot,3,1048576,524288,1,1761000,2380386900277970559
normal-o3,0,8,suffix-2,4096,reverse-c,3,1048576,524288,1,3206000,2380386900277970559
normal-o3,0,8,suffix-2,4096,direct-c,3,1048576,524288,1,3086000,2380386900277970559
normal-o3,0,8,suffix-2,4096,take-swap-c,4,1048576,524288,1,3388000,3944791035177294165
normal-o3,0,8,suffix-2,4096,rust-vec,4,1048576,524288,1,1308000,3944791035177294165
normal-o3,0,8,suffix-2,4096,cpp-std-vector,4,1048576,524288,1,1648000,3944791035177294165
normal-o3,0,8,suffix-2,4096,whitefoot,4,1048576,524288,1,1745000,3944791035177294165
normal-o3,0,8,suffix-2,4096,reverse-c,4,1048576,524288,1,3287000,3944791035177294165
normal-o3,0,8,suffix-2,4096,direct-c,4,1048576,524288,1,2804000,3944791035177294165
normal-o3,0,8,suffix-2,4096,swap-take-c,4,1048576,524288,1,2827000,3944791035177294165
normal-o3,0,8,suffix-2,4096,rust-vec,5,1048576,524288,1,1310000,5509195170076617771
normal-o3,0,8,suffix-2,4096,cpp-std-vector,5,1048576,524288,1,1633000,5509195170076617771
normal-o3,0,8,suffix-2,4096,whitefoot,5,1048576,524288,1,1741000,5509195170076617771
normal-o3,0,8,suffix-2,4096,reverse-c,5,1048576,524288,1,3215000,5509195170076617771
normal-o3,0,8,suffix-2,4096,direct-c,5,1048576,524288,1,3864000,5509195170076617771
normal-o3,0,8,suffix-2,4096,swap-take-c,5,1048576,524288,1,2872000,5509195170076617771
normal-o3,0,8,suffix-2,4096,take-swap-c,5,1048576,524288,1,3405000,5509195170076617771
normal-o3,0,8,suffix-2,4096,cpp-std-vector,6,1048576,524288,1,1648000,7073599304975941377
normal-o3,0,8,suffix-2,4096,whitefoot,6,1048576,524288,1,1755000,7073599304975941377
normal-o3,0,8,suffix-2,4096,reverse-c,6,1048576,524288,1,3221000,7073599304975941377
normal-o3,0,8,suffix-2,4096,direct-c,6,1048576,524288,1,2338000,7073599304975941377
normal-o3,0,8,suffix-2,4096,swap-take-c,6,1048576,524288,1,2842000,7073599304975941377
normal-o3,0,8,suffix-2,4096,take-swap-c,6,1048576,524288,1,3304000,7073599304975941377
normal-o3,0,8,suffix-2,4096,rust-vec,6,1048576,524288,1,1308000,7073599304975941377
normal-o3,0,8,suffix-3,16,whitefoot,0,1048576,349525,1,1358000,3578158727730397437
normal-o3,0,8,suffix-3,16,reverse-c,0,1048576,349525,1,2470000,3578158727730397437
normal-o3,0,8,suffix-3,16,direct-c,0,1048576,349525,1,1328000,3578158727730397437
normal-o3,0,8,suffix-3,16,swap-take-c,0,1048576,349525,1,2178000,3578158727730397437
normal-o3,0,8,suffix-3,16,take-swap-c,0,1048576,349525,1,2361000,3578158727730397437
normal-o3,0,8,suffix-3,16,rust-vec,0,1048576,349525,1,1319000,3578158727730397437
normal-o3,0,8,suffix-3,16,cpp-std-vector,0,1048576,349525,1,1733000,3578158727730397437
normal-o3,0,8,suffix-3,16,reverse-c,1,1048576,349525,1,2485000,10503294698975091330
normal-o3,0,8,suffix-3,16,direct-c,1,1048576,349525,1,1324000,10503294698975091330
normal-o3,0,8,suffix-3,16,swap-take-c,1,1048576,349525,1,2210000,10503294698975091330
normal-o3,0,8,suffix-3,16,take-swap-c,1,1048576,349525,1,2275000,10503294698975091330
normal-o3,0,8,suffix-3,16,rust-vec,1,1048576,349525,1,1304000,10503294698975091330
normal-o3,0,8,suffix-3,16,cpp-std-vector,1,1048576,349525,1,1780000,10503294698975091330
normal-o3,0,8,suffix-3,16,whitefoot,1,1048576,349525,1,1361000,10503294698975091330
normal-o3,0,8,suffix-3,16,direct-c,2,1048576,349525,1,1312000,17428430670219785223
normal-o3,0,8,suffix-3,16,swap-take-c,2,1048576,349525,1,2221000,17428430670219785223
normal-o3,0,8,suffix-3,16,take-swap-c,2,1048576,349525,1,2267000,17428430670219785223
normal-o3,0,8,suffix-3,16,rust-vec,2,1048576,349525,1,1304000,17428430670219785223
normal-o3,0,8,suffix-3,16,cpp-std-vector,2,1048576,349525,1,1733000,17428430670219785223
normal-o3,0,8,suffix-3,16,whitefoot,2,1048576,349525,1,1358000,17428430670219785223
normal-o3,0,8,suffix-3,16,reverse-c,2,1048576,349525,1,2475000,17428430670219785223
normal-o3,0,8,suffix-3,16,swap-take-c,3,1048576,349525,1,2418000,5906822567754927500
normal-o3,0,8,suffix-3,16,take-swap-c,3,1048576,349525,1,2283000,5906822567754927500
normal-o3,0,8,suffix-3,16,rust-vec,3,1048576,349525,1,1314000,5906822567754927500
normal-o3,0,8,suffix-3,16,cpp-std-vector,3,1048576,349525,1,1757000,5906822567754927500
normal-o3,0,8,suffix-3,16,whitefoot,3,1048576,349525,1,1369000,5906822567754927500
normal-o3,0,8,suffix-3,16,reverse-c,3,1048576,349525,1,2471000,5906822567754927500
normal-o3,0,8,suffix-3,16,direct-c,3,1048576,349525,1,1345000,5906822567754927500
normal-o3,0,8,suffix-3,16,take-swap-c,4,1048576,349525,1,2297000,12831958538999621393
normal-o3,0,8,suffix-3,16,rust-vec,4,1048576,349525,1,1300000,12831958538999621393
normal-o3,0,8,suffix-3,16,cpp-std-vector,4,1048576,349525,1,1733000,12831958538999621393
normal-o3,0,8,suffix-3,16,whitefoot,4,1048576,349525,1,1361000,12831958538999621393
normal-o3,0,8,suffix-3,16,reverse-c,4,1048576,349525,1,2571000,12831958538999621393
normal-o3,0,8,suffix-3,16,direct-c,4,1048576,349525,1,1361000,12831958538999621393
normal-o3,0,8,suffix-3,16,swap-take-c,4,1048576,349525,1,2208000,12831958538999621393
normal-o3,0,8,suffix-3,16,rust-vec,5,1048576,349525,1,1300000,1310350436534763670
normal-o3,0,8,suffix-3,16,cpp-std-vector,5,1048576,349525,1,1737000,1310350436534763670
normal-o3,0,8,suffix-3,16,whitefoot,5,1048576,349525,1,1358000,1310350436534763670
normal-o3,0,8,suffix-3,16,reverse-c,5,1048576,349525,1,2489000,1310350436534763670
normal-o3,0,8,suffix-3,16,direct-c,5,1048576,349525,1,1336000,1310350436534763670
normal-o3,0,8,suffix-3,16,swap-take-c,5,1048576,349525,1,2222000,1310350436534763670
normal-o3,0,8,suffix-3,16,take-swap-c,5,1048576,349525,1,2278000,1310350436534763670
normal-o3,0,8,suffix-3,16,cpp-std-vector,6,1048576,349525,1,1738000,8235486407779457563
normal-o3,0,8,suffix-3,16,whitefoot,6,1048576,349525,1,1363000,8235486407779457563
normal-o3,0,8,suffix-3,16,reverse-c,6,1048576,349525,1,2472000,8235486407779457563
normal-o3,0,8,suffix-3,16,direct-c,6,1048576,349525,1,1332000,8235486407779457563
normal-o3,0,8,suffix-3,16,swap-take-c,6,1048576,349525,1,2403000,8235486407779457563
normal-o3,0,8,suffix-3,16,take-swap-c,6,1048576,349525,1,2286000,8235486407779457563
normal-o3,0,8,suffix-3,16,rust-vec,6,1048576,349525,1,1307000,8235486407779457563
normal-o3,0,8,suffix-3,256,whitefoot,0,1048576,349525,1,1361000,17932052123014486501
normal-o3,0,8,suffix-3,256,reverse-c,0,1048576,349525,1,2555000,17932052123014486501
normal-o3,0,8,suffix-3,256,direct-c,0,1048576,349525,1,1418000,17932052123014486501
normal-o3,0,8,suffix-3,256,swap-take-c,0,1048576,349525,1,2238000,17932052123014486501
normal-o3,0,8,suffix-3,256,take-swap-c,0,1048576,349525,1,2442000,17932052123014486501
normal-o3,0,8,suffix-3,256,rust-vec,0,1048576,349525,1,1325000,17932052123014486501
normal-o3,0,8,suffix-3,256,cpp-std-vector,0,1048576,349525,1,1800000,17932052123014486501
normal-o3,0,8,suffix-3,256,reverse-c,1,1048576,349525,1,2558000,6179702327257408202
normal-o3,0,8,suffix-3,256,direct-c,1,1048576,349525,1,1392000,6179702327257408202
normal-o3,0,8,suffix-3,256,swap-take-c,1,1048576,349525,1,2265000,6179702327257408202
normal-o3,0,8,suffix-3,256,take-swap-c,1,1048576,349525,1,2403000,6179702327257408202
normal-o3,0,8,suffix-3,256,rust-vec,1,1048576,349525,1,1300000,6179702327257408202
normal-o3,0,8,suffix-3,256,cpp-std-vector,1,1048576,349525,1,1742000,6179702327257408202
normal-o3,0,8,suffix-3,256,whitefoot,1,1048576,349525,1,1364000,6179702327257408202
normal-o3,0,8,suffix-3,256,direct-c,2,1048576,349525,1,1396000,12874096605209881519
normal-o3,0,8,suffix-3,256,swap-take-c,2,1048576,349525,1,2323000,12874096605209881519
normal-o3,0,8,suffix-3,256,take-swap-c,2,1048576,349525,1,2385000,12874096605209881519
normal-o3,0,8,suffix-3,256,rust-vec,2,1048576,349525,1,1362000,12874096605209881519
normal-o3,0,8,suffix-3,256,cpp-std-vector,2,1048576,349525,1,1785000,12874096605209881519
normal-o3,0,8,suffix-3,256,whitefoot,2,1048576,349525,1,1411000,12874096605209881519
normal-o3,0,8,suffix-3,256,reverse-c,2,1048576,349525,1,2627000,12874096605209881519
normal-o3,0,8,suffix-3,256,swap-take-c,3,1048576,349525,1,2342000,1121746809452803220
normal-o3,0,8,suffix-3,256,take-swap-c,3,1048576,349525,1,2437000,1121746809452803220
normal-o3,0,8,suffix-3,256,rust-vec,3,1048576,349525,1,1344000,1121746809452803220
normal-o3,0,8,suffix-3,256,cpp-std-vector,3,1048576,349525,1,1787000,1121746809452803220
normal-o3,0,8,suffix-3,256,whitefoot,3,1048576,349525,1,1403000,1121746809452803220
normal-o3,0,8,suffix-3,256,reverse-c,3,1048576,349525,1,2638000,1121746809452803220
normal-o3,0,8,suffix-3,256,direct-c,3,1048576,349525,1,1444000,1121746809452803220
normal-o3,0,8,suffix-3,256,take-swap-c,4,1048576,349525,1,2381000,7816141087405276537
normal-o3,0,8,suffix-3,256,rust-vec,4,1048576,349525,1,1376000,7816141087405276537
normal-o3,0,8,suffix-3,256,cpp-std-vector,4,1048576,349525,1,1768000,7816141087405276537
normal-o3,0,8,suffix-3,256,whitefoot,4,1048576,349525,1,1365000,7816141087405276537
normal-o3,0,8,suffix-3,256,reverse-c,4,1048576,349525,1,2552000,7816141087405276537
normal-o3,0,8,suffix-3,256,direct-c,4,1048576,349525,1,1405000,7816141087405276537
normal-o3,0,8,suffix-3,256,swap-take-c,4,1048576,349525,1,2260000,7816141087405276537
normal-o3,0,8,suffix-3,256,rust-vec,5,1048576,349525,1,1344000,14510535365357749854
normal-o3,0,8,suffix-3,256,cpp-std-vector,5,1048576,349525,1,1733000,14510535365357749854
normal-o3,0,8,suffix-3,256,whitefoot,5,1048576,349525,1,1360000,14510535365357749854
normal-o3,0,8,suffix-3,256,reverse-c,5,1048576,349525,1,2574000,14510535365357749854
normal-o3,0,8,suffix-3,256,direct-c,5,1048576,349525,1,1456000,14510535365357749854
normal-o3,0,8,suffix-3,256,swap-take-c,5,1048576,349525,1,2266000,14510535365357749854
normal-o3,0,8,suffix-3,256,take-swap-c,5,1048576,349525,1,2287000,14510535365357749854
normal-o3,0,8,suffix-3,256,cpp-std-vector,6,1048576,349525,1,1745000,2758185569600671555
normal-o3,0,8,suffix-3,256,whitefoot,6,1048576,349525,1,1394000,2758185569600671555
normal-o3,0,8,suffix-3,256,reverse-c,6,1048576,349525,1,2583000,2758185569600671555
normal-o3,0,8,suffix-3,256,direct-c,6,1048576,349525,1,1400000,2758185569600671555
normal-o3,0,8,suffix-3,256,swap-take-c,6,1048576,349525,1,2266000,2758185569600671555
normal-o3,0,8,suffix-3,256,take-swap-c,6,1048576,349525,1,2337000,2758185569600671555
normal-o3,0,8,suffix-3,256,rust-vec,6,1048576,349525,1,1349000,2758185569600671555
normal-o3,0,8,suffix-3,4096,whitefoot,0,1048576,349525,1,1398000,13042235847276202085
normal-o3,0,8,suffix-3,4096,reverse-c,0,1048576,349525,1,2559000,13042235847276202085
normal-o3,0,8,suffix-3,4096,direct-c,0,1048576,349525,1,1517000,13042235847276202085
normal-o3,0,8,suffix-3,4096,swap-take-c,0,1048576,349525,1,2257000,13042235847276202085
normal-o3,0,8,suffix-3,4096,take-swap-c,0,1048576,349525,1,2434000,13042235847276202085
normal-o3,0,8,suffix-3,4096,rust-vec,0,1048576,349525,1,1306000,13042235847276202085
normal-o3,0,8,suffix-3,4096,cpp-std-vector,0,1048576,349525,1,1746000,13042235847276202085
normal-o3,0,8,suffix-3,4096,reverse-c,1,1048576,349525,1,2644000,12907392256605062986
normal-o3,0,8,suffix-3,4096,direct-c,1,1048576,349525,1,1432000,12907392256605062986
normal-o3,0,8,suffix-3,4096,swap-take-c,1,1048576,349525,1,2289000,12907392256605062986
normal-o3,0,8,suffix-3,4096,take-swap-c,1,1048576,349525,1,2311000,12907392256605062986
normal-o3,0,8,suffix-3,4096,rust-vec,1,1048576,349525,1,1320000,12907392256605062986
normal-o3,0,8,suffix-3,4096,cpp-std-vector,1,1048576,349525,1,1762000,12907392256605062986
normal-o3,0,8,suffix-3,4096,whitefoot,1,1048576,349525,1,1396000,12907392256605062986
normal-o3,0,8,suffix-3,4096,direct-c,2,1048576,349525,1,1407000,12772548665933923887
normal-o3,0,8,suffix-3,4096,swap-take-c,2,1048576,349525,1,2266000,12772548665933923887
normal-o3,0,8,suffix-3,4096,take-swap-c,2,1048576,349525,1,2310000,12772548665933923887
normal-o3,0,8,suffix-3,4096,rust-vec,2,1048576,349525,1,1343000,12772548665933923887
normal-o3,0,8,suffix-3,4096,cpp-std-vector,2,1048576,349525,1,1743000,12772548665933923887
normal-o3,0,8,suffix-3,4096,whitefoot,2,1048576,349525,1,1367000,12772548665933923887
normal-o3,0,8,suffix-3,4096,reverse-c,2,1048576,349525,1,2556000,12772548665933923887
normal-o3,0,8,suffix-3,4096,swap-take-c,3,1048576,349525,1,2326000,12637705075262784788
normal-o3,0,8,suffix-3,4096,take-swap-c,3,1048576,349525,1,2437000,12637705075262784788
normal-o3,0,8,suffix-3,4096,rust-vec,3,1048576,349525,1,1305000,12637705075262784788
normal-o3,0,8,suffix-3,4096,cpp-std-vector,3,1048576,349525,1,1789000,12637705075262784788
normal-o3,0,8,suffix-3,4096,whitefoot,3,1048576,349525,1,1465000,12637705075262784788
normal-o3,0,8,suffix-3,4096,reverse-c,3,1048576,349525,1,2606000,12637705075262784788
normal-o3,0,8,suffix-3,4096,direct-c,3,1048576,349525,1,1458000,12637705075262784788
normal-o3,0,8,suffix-3,4096,take-swap-c,4,1048576,349525,1,2362000,12502861484591645689
normal-o3,0,8,suffix-3,4096,rust-vec,4,1048576,349525,1,1318000,12502861484591645689
normal-o3,0,8,suffix-3,4096,cpp-std-vector,4,1048576,349525,1,1744000,12502861484591645689
normal-o3,0,8,suffix-3,4096,whitefoot,4,1048576,349525,1,1405000,12502861484591645689
normal-o3,0,8,suffix-3,4096,reverse-c,4,1048576,349525,1,2568000,12502861484591645689
normal-o3,0,8,suffix-3,4096,direct-c,4,1048576,349525,1,1427000,12502861484591645689
normal-o3,0,8,suffix-3,4096,swap-take-c,4,1048576,349525,1,2257000,12502861484591645689
normal-o3,0,8,suffix-3,4096,rust-vec,5,1048576,349525,1,1305000,12368017893920506590
normal-o3,0,8,suffix-3,4096,cpp-std-vector,5,1048576,349525,1,1754000,12368017893920506590
normal-o3,0,8,suffix-3,4096,whitefoot,5,1048576,349525,1,1368000,12368017893920506590
normal-o3,0,8,suffix-3,4096,reverse-c,5,1048576,349525,1,2617000,12368017893920506590
normal-o3,0,8,suffix-3,4096,direct-c,5,1048576,349525,1,1417000,12368017893920506590
normal-o3,0,8,suffix-3,4096,swap-take-c,5,1048576,349525,1,2233000,12368017893920506590
normal-o3,0,8,suffix-3,4096,take-swap-c,5,1048576,349525,1,2304000,12368017893920506590
normal-o3,0,8,suffix-3,4096,cpp-std-vector,6,1048576,349525,1,1748000,12233174303249367491
normal-o3,0,8,suffix-3,4096,whitefoot,6,1048576,349525,1,1370000,12233174303249367491
normal-o3,0,8,suffix-3,4096,reverse-c,6,1048576,349525,1,2554000,12233174303249367491
normal-o3,0,8,suffix-3,4096,direct-c,6,1048576,349525,1,1399000,12233174303249367491
normal-o3,0,8,suffix-3,4096,swap-take-c,6,1048576,349525,1,2225000,12233174303249367491
normal-o3,0,8,suffix-3,4096,take-swap-c,6,1048576,349525,1,2322000,12233174303249367491
normal-o3,0,8,suffix-3,4096,rust-vec,6,1048576,349525,1,1305000,12233174303249367491
normal-o3,0,256,reserved,16,whitefoot,0,1048576,65536,1,42248000,16095999890136793189
normal-o3,0,256,reserved,16,reverse-c,0,1048576,65536,1,50915000,16095999890136793189
normal-o3,0,256,reserved,16,direct-c,0,1048576,65536,1,46400000,16095999890136793189
normal-o3,0,256,reserved,16,swap-take-c,0,1048576,65536,1,49789000,16095999890136793189
normal-o3,0,256,reserved,16,take-swap-c,0,1048576,65536,1,46359000,16095999890136793189
normal-o3,0,256,reserved,16,rust-vec,0,1048576,65536,1,41609000,16095999890136793189
normal-o3,0,256,reserved,16,cpp-std-vector,0,1048576,65536,1,44719000,16095999890136793189
normal-o3,0,256,reserved,16,reverse-c,1,1048576,65536,1,51472000,10905710204835692646
normal-o3,0,256,reserved,16,direct-c,1,1048576,65536,1,47457000,10905710204835692646
normal-o3,0,256,reserved,16,swap-take-c,1,1048576,65536,1,49641000,10905710204835692646
normal-o3,0,256,reserved,16,take-swap-c,1,1048576,65536,1,46105000,10905710204835692646
normal-o3,0,256,reserved,16,rust-vec,1,1048576,65536,1,41443000,10905710204835692646
normal-o3,0,256,reserved,16,cpp-std-vector,1,1048576,65536,1,44872000,10905710204835692646
normal-o3,0,256,reserved,16,whitefoot,1,1048576,65536,1,42432000,10905710204835692646
normal-o3,0,256,reserved,16,direct-c,2,1048576,65536,1,45966000,1136678281099509863
normal-o3,0,256,reserved,16,swap-take-c,2,1048576,65536,1,49674000,1136678281099509863
normal-o3,0,256,reserved,16,take-swap-c,2,1048576,65536,1,46675000,1136678281099509863
normal-o3,0,256,reserved,16,rust-vec,2,1048576,65536,1,41904000,1136678281099509863
normal-o3,0,256,reserved,16,cpp-std-vector,2,1048576,65536,1,44733000,1136678281099509863
normal-o3,0,256,reserved,16,whitefoot,2,1048576,65536,1,42197000,1136678281099509863
normal-o3,0,256,reserved,16,reverse-c,2,1048576,65536,1,51121000,1136678281099509863
normal-o3,0,256,reserved,16,swap-take-c,3,1048576,65536,1,49718000,1916000061831479400
normal-o3,0,256,reserved,16,take-swap-c,3,1048576,65536,1,46619000,1916000061831479400
normal-o3,0,256,reserved,16,rust-vec,3,1048576,65536,1,42017000,1916000061831479400
normal-o3,0,256,reserved,16,cpp-std-vector,3,1048576,65536,1,45513000,1916000061831479400
normal-o3,0,256,reserved,16,whitefoot,3,1048576,65536,1,42829000,1916000061831479400
normal-o3,0,256,reserved,16,reverse-c,3,1048576,65536,1,50506000,1916000061831479400
normal-o3,0,256,reserved,16,direct-c,3,1048576,65536,1,46541000,1916000061831479400
normal-o3,0,256,reserved,16,take-swap-c,4,1048576,65536,1,46888000,317124334665105513
normal-o3,0,256,reserved,16,rust-vec,4,1048576,65536,1,41545000,317124334665105513
normal-o3,0,256,reserved,16,cpp-std-vector,4,1048576,65536,1,44865000,317124334665105513
normal-o3,0,256,reserved,16,whitefoot,4,1048576,65536,1,42237000,317124334665105513
normal-o3,0,256,reserved,16,reverse-c,4,1048576,65536,1,50443000,317124334665105513
normal-o3,0,256,reserved,16,direct-c,4,1048576,65536,1,46602000,317124334665105513
normal-o3,0,256,reserved,16,swap-take-c,4,1048576,65536,1,50045000,317124334665105513
normal-o3,0,256,reserved,16,rust-vec,5,1048576,65536,1,41634000,16344508304658628714
normal-o3,0,256,reserved,16,cpp-std-vector,5,1048576,65536,1,44913000,16344508304658628714
normal-o3,0,256,reserved,16,whitefoot,5,1048576,65536,1,42686000,16344508304658628714
normal-o3,0,256,reserved,16,reverse-c,5,1048576,65536,1,51180000,16344508304658628714
normal-o3,0,256,reserved,16,direct-c,5,1048576,65536,1,46184000,16344508304658628714
normal-o3,0,256,reserved,16,swap-take-c,5,1048576,65536,1,49952000,16344508304658628714
normal-o3,0,256,reserved,16,take-swap-c,5,1048576,65536,1,46300000,16344508304658628714
normal-o3,0,256,reserved,16,cpp-std-vector,6,1048576,65536,1,45056000,17728104047323021419
normal-o3,0,256,reserved,16,whitefoot,6,1048576,65536,1,42259000,17728104047323021419
normal-o3,0,256,reserved,16,reverse-c,6,1048576,65536,1,50526000,17728104047323021419
normal-o3,0,256,reserved,16,direct-c,6,1048576,65536,1,47072000,17728104047323021419
normal-o3,0,256,reserved,16,swap-take-c,6,1048576,65536,1,50480000,17728104047323021419
normal-o3,0,256,reserved,16,take-swap-c,6,1048576,65536,1,46876000,17728104047323021419
normal-o3,0,256,reserved,16,rust-vec,6,1048576,65536,1,42514000,17728104047323021419
normal-o3,0,256,reserved,256,whitefoot,0,1048576,4096,1,39491000,5774473182449584229
normal-o3,0,256,reserved,256,reverse-c,0,1048576,4096,1,46843000,5774473182449584229
normal-o3,0,256,reserved,256,direct-c,0,1048576,4096,1,41229000,5774473182449584229
normal-o3,0,256,reserved,256,swap-take-c,0,1048576,4096,1,44230000,5774473182449584229
normal-o3,0,256,reserved,256,take-swap-c,0,1048576,4096,1,41930000,5774473182449584229
normal-o3,0,256,reserved,256,rust-vec,0,1048576,4096,1,39191000,5774473182449584229
normal-o3,0,256,reserved,256,cpp-std-vector,0,1048576,4096,1,42371000,5774473182449584229
normal-o3,0,256,reserved,256,reverse-c,1,1048576,4096,1,46867000,730816566922926182
normal-o3,0,256,reserved,256,direct-c,1,1048576,4096,1,41128000,730816566922926182
normal-o3,0,256,reserved,256,swap-take-c,1,1048576,4096,1,44989000,730816566922926182
normal-o3,0,256,reserved,256,take-swap-c,1,1048576,4096,1,42911000,730816566922926182
normal-o3,0,256,reserved,256,rust-vec,1,1048576,4096,1,39255000,730816566922926182
normal-o3,0,256,reserved,256,cpp-std-vector,1,1048576,4096,1,42280000,730816566922926182
normal-o3,0,256,reserved,256,whitefoot,1,1048576,4096,1,39491000,730816566922926182
normal-o3,0,256,reserved,256,direct-c,2,1048576,4096,1,41378000,3951699326411303015
normal-o3,0,256,reserved,256,swap-take-c,2,1048576,4096,1,43937000,3951699326411303015
normal-o3,0,256,reserved,256,take-swap-c,2,1048576,4096,1,41605000,3951699326411303015
normal-o3,0,256,reserved,256,rust-vec,2,1048576,4096,1,39354000,3951699326411303015
normal-o3,0,256,reserved,256,cpp-std-vector,2,1048576,4096,1,42371000,3951699326411303015
normal-o3,0,256,reserved,256,whitefoot,2,1048576,4096,1,40654000,3951699326411303015
normal-o3,0,256,reserved,256,reverse-c,2,1048576,4096,1,48070000,3951699326411303015
normal-o3,0,256,reserved,256,swap-take-c,3,1048576,4096,1,43866000,4669976213855500392
normal-o3,0,256,reserved,256,take-swap-c,3,1048576,4096,1,41572000,4669976213855500392
normal-o3,0,256,reserved,256,rust-vec,3,1048576,4096,1,39178000,4669976213855500392
normal-o3,0,256,reserved,256,cpp-std-vector,3,1048576,4096,1,42340000,4669976213855500392
normal-o3,0,256,reserved,256,whitefoot,3,1048576,4096,1,39506000,4669976213855500392
normal-o3,0,256,reserved,256,reverse-c,3,1048576,4096,1,48823000,4669976213855500392
normal-o3,0,256,reserved,256,direct-c,3,1048576,4096,1,41740000,4669976213855500392
normal-o3,0,256,reserved,256,take-swap-c,4,1048576,4096,1,41638000,4748812814999455849
normal-o3,0,256,reserved,256,rust-vec,4,1048576,4096,1,39251000,4748812814999455849
normal-o3,0,256,reserved,256,cpp-std-vector,4,1048576,4096,1,42331000,4748812814999455849
normal-o3,0,256,reserved,256,whitefoot,4,1048576,4096,1,39490000,4748812814999455849
normal-o3,0,256,reserved,256,reverse-c,4,1048576,4096,1,47327000,4748812814999455849
normal-o3,0,256,reserved,256,direct-c,4,1048576,4096,1,43173000,4748812814999455849
normal-o3,0,256,reserved,256,swap-take-c,4,1048576,4096,1,44548000,4748812814999455849
normal-o3,0,256,reserved,256,rust-vec,5,1048576,4096,1,39312000,9617966251147630698
normal-o3,0,256,reserved,256,cpp-std-vector,5,1048576,4096,1,42247000,9617966251147630698
normal-o3,0,256,reserved,256,whitefoot,5,1048576,4096,1,39639000,9617966251147630698
normal-o3,0,256,reserved,256,reverse-c,5,1048576,4096,1,47376000,9617966251147630698
normal-o3,0,256,reserved,256,direct-c,5,1048576,4096,1,41403000,9617966251147630698
normal-o3,0,256,reserved,256,swap-take-c,5,1048576,4096,1,44005000,9617966251147630698
normal-o3,0,256,reserved,256,take-swap-c,5,1048576,4096,1,41706000,9617966251147630698
normal-o3,0,256,reserved,256,cpp-std-vector,6,1048576,4096,1,42306000,14780350119149938795
normal-o3,0,256,reserved,256,whitefoot,6,1048576,4096,1,39544000,14780350119149938795
normal-o3,0,256,reserved,256,reverse-c,6,1048576,4096,1,46883000,14780350119149938795
normal-o3,0,256,reserved,256,direct-c,6,1048576,4096,1,41192000,14780350119149938795
normal-o3,0,256,reserved,256,swap-take-c,6,1048576,4096,1,43890000,14780350119149938795
normal-o3,0,256,reserved,256,take-swap-c,6,1048576,4096,1,41622000,14780350119149938795
normal-o3,0,256,reserved,256,rust-vec,6,1048576,4096,1,40031000,14780350119149938795
normal-o3,0,256,reserved,4096,whitefoot,0,1048576,256,1,41206000,7990118519889974501
normal-o3,0,256,reserved,4096,reverse-c,0,1048576,256,1,50560000,7990118519889974501
normal-o3,0,256,reserved,4096,direct-c,0,1048576,256,1,44046000,7990118519889974501
normal-o3,0,256,reserved,4096,swap-take-c,0,1048576,256,1,46355000,7990118519889974501
normal-o3,0,256,reserved,4096,take-swap-c,0,1048576,256,1,45011000,7990118519889974501
normal-o3,0,256,reserved,4096,rust-vec,0,1048576,256,1,42438000,7990118519889974501
normal-o3,0,256,reserved,4096,cpp-std-vector,0,1048576,256,1,45568000,7990118519889974501
normal-o3,0,256,reserved,4096,reverse-c,1,1048576,256,1,51243000,10660244701728609766
normal-o3,0,256,reserved,4096,direct-c,1,1048576,256,1,43759000,10660244701728609766
normal-o3,0,256,reserved,4096,swap-take-c,1,1048576,256,1,45395000,10660244701728609766
normal-o3,0,256,reserved,4096,take-swap-c,1,1048576,256,1,43442000,10660244701728609766
normal-o3,0,256,reserved,4096,rust-vec,1,1048576,256,1,42613000,10660244701728609766
normal-o3,0,256,reserved,4096,cpp-std-vector,1,1048576,256,1,44275000,10660244701728609766
normal-o3,0,256,reserved,4096,whitefoot,1,1048576,256,1,40991000,10660244701728609766
normal-o3,0,256,reserved,4096,direct-c,2,1048576,256,1,43214000,3495536164771485415
normal-o3,0,256,reserved,4096,swap-take-c,2,1048576,256,1,46596000,3495536164771485415
normal-o3,0,256,reserved,4096,take-swap-c,2,1048576,256,1,44514000,3495536164771485415
normal-o3,0,256,reserved,4096,rust-vec,2,1048576,256,1,41908000,3495536164771485415
normal-o3,0,256,reserved,4096,cpp-std-vector,2,1048576,256,1,44948000,3495536164771485415
normal-o3,0,256,reserved,4096,whitefoot,2,1048576,256,1,41588000,3495536164771485415
normal-o3,0,256,reserved,4096,reverse-c,2,1048576,256,1,51050000,3495536164771485415
normal-o3,0,256,reserved,4096,swap-take-c,3,1048576,256,1,45947000,15148529761215748072
normal-o3,0,256,reserved,4096,take-swap-c,3,1048576,256,1,43864000,15148529761215748072
normal-o3,0,256,reserved,4096,rust-vec,3,1048576,256,1,41716000,15148529761215748072
normal-o3,0,256,reserved,4096,cpp-std-vector,3,1048576,256,1,43772000,15148529761215748072
normal-o3,0,256,reserved,4096,whitefoot,3,1048576,256,1,41101000,15148529761215748072
normal-o3,0,256,reserved,4096,reverse-c,3,1048576,256,1,50487000,15148529761215748072
normal-o3,0,256,reserved,4096,direct-c,3,1048576,256,1,43715000,15148529761215748072
normal-o3,0,256,reserved,4096,take-swap-c,4,1048576,256,1,43279000,9298652180223940841
normal-o3,0,256,reserved,4096,rust-vec,4,1048576,256,1,41178000,9298652180223940841
normal-o3,0,256,reserved,4096,cpp-std-vector,4,1048576,256,1,43751000,9298652180223940841
normal-o3,0,256,reserved,4096,whitefoot,4,1048576,256,1,42194000,9298652180223940841
normal-o3,0,256,reserved,4096,reverse-c,4,1048576,256,1,50946000,9298652180223940841
normal-o3,0,256,reserved,4096,direct-c,4,1048576,256,1,43086000,9298652180223940841
normal-o3,0,256,reserved,4096,swap-take-c,4,1048576,256,1,45300000,9298652180223940841
normal-o3,0,256,reserved,4096,rust-vec,5,1048576,256,1,41097000,8375064059273222634
normal-o3,0,256,reserved,4096,cpp-std-vector,5,1048576,256,1,43782000,8375064059273222634
normal-o3,0,256,reserved,4096,whitefoot,5,1048576,256,1,41030000,8375064059273222634
normal-o3,0,256,reserved,4096,reverse-c,5,1048576,256,1,49486000,8375064059273222634
normal-o3,0,256,reserved,4096,direct-c,5,1048576,256,1,43009000,8375064059273222634
normal-o3,0,256,reserved,4096,swap-take-c,5,1048576,256,1,45407000,8375064059273222634
normal-o3,0,256,reserved,4096,take-swap-c,5,1048576,256,1,43188000,8375064059273222634
normal-o3,0,256,reserved,4096,cpp-std-vector,6,1048576,256,1,44013000,18409727464639388395
normal-o3,0,256,reserved,4096,whitefoot,6,1048576,256,1,41099000,18409727464639388395
normal-o3,0,256,reserved,4096,reverse-c,6,1048576,256,1,49635000,18409727464639388395
normal-o3,0,256,reserved,4096,direct-c,6,1048576,256,1,42935000,18409727464639388395
normal-o3,0,256,reserved,4096,swap-take-c,6,1048576,256,1,45445000,18409727464639388395
normal-o3,0,256,reserved,4096,take-swap-c,6,1048576,256,1,43302000,18409727464639388395
normal-o3,0,256,reserved,4096,rust-vec,6,1048576,256,1,40856000,18409727464639388395
normal-o3,0,256,growth,16,whitefoot,0,1048576,65536,1,59015000,16095999890136793189
normal-o3,0,256,growth,16,reverse-c,0,1048576,65536,1,68897000,16095999890136793189
normal-o3,0,256,growth,16,direct-c,0,1048576,65536,1,61969000,16095999890136793189
normal-o3,0,256,growth,16,swap-take-c,0,1048576,65536,1,66230000,16095999890136793189
normal-o3,0,256,growth,16,take-swap-c,0,1048576,65536,1,63423000,16095999890136793189
normal-o3,0,256,growth,16,rust-vec,0,1048576,65536,1,57904000,16095999890136793189
normal-o3,0,256,growth,16,cpp-std-vector,0,1048576,65536,1,59645000,16095999890136793189
normal-o3,0,256,growth,16,reverse-c,1,1048576,65536,1,66772000,10905710204835692646
normal-o3,0,256,growth,16,direct-c,1,1048576,65536,1,62057000,10905710204835692646
normal-o3,0,256,growth,16,swap-take-c,1,1048576,65536,1,66293000,10905710204835692646
normal-o3,0,256,growth,16,take-swap-c,1,1048576,65536,1,62653000,10905710204835692646
normal-o3,0,256,growth,16,rust-vec,1,1048576,65536,1,56435000,10905710204835692646
normal-o3,0,256,growth,16,cpp-std-vector,1,1048576,65536,1,60326000,10905710204835692646
normal-o3,0,256,growth,16,whitefoot,1,1048576,65536,1,60021000,10905710204835692646
normal-o3,0,256,growth,16,direct-c,2,1048576,65536,1,62413000,1136678281099509863
normal-o3,0,256,growth,16,swap-take-c,2,1048576,65536,1,66911000,1136678281099509863
normal-o3,0,256,growth,16,take-swap-c,2,1048576,65536,1,63729000,1136678281099509863
normal-o3,0,256,growth,16,rust-vec,2,1048576,65536,1,57343000,1136678281099509863
normal-o3,0,256,growth,16,cpp-std-vector,2,1048576,65536,1,59225000,1136678281099509863
normal-o3,0,256,growth,16,whitefoot,2,1048576,65536,1,59055000,1136678281099509863
normal-o3,0,256,growth,16,reverse-c,2,1048576,65536,1,66773000,1136678281099509863
normal-o3,0,256,growth,16,swap-take-c,3,1048576,65536,1,66193000,1916000061831479400
normal-o3,0,256,growth,16,take-swap-c,3,1048576,65536,1,62839000,1916000061831479400
normal-o3,0,256,growth,16,rust-vec,3,1048576,65536,1,56774000,1916000061831479400
normal-o3,0,256,growth,16,cpp-std-vector,3,1048576,65536,1,59338000,1916000061831479400
normal-o3,0,256,growth,16,whitefoot,3,1048576,65536,1,59384000,1916000061831479400
normal-o3,0,256,growth,16,reverse-c,3,1048576,65536,1,66755000,1916000061831479400
normal-o3,0,256,growth,16,direct-c,3,1048576,65536,1,62148000,1916000061831479400
normal-o3,0,256,growth,16,take-swap-c,4,1048576,65536,1,62814000,317124334665105513
normal-o3,0,256,growth,16,rust-vec,4,1048576,65536,1,56820000,317124334665105513
normal-o3,0,256,growth,16,cpp-std-vector,4,1048576,65536,1,59230000,317124334665105513
normal-o3,0,256,growth,16,whitefoot,4,1048576,65536,1,60572000,317124334665105513
normal-o3,0,256,growth,16,reverse-c,4,1048576,65536,1,68123000,317124334665105513
normal-o3,0,256,growth,16,direct-c,4,1048576,65536,1,61868000,317124334665105513
normal-o3,0,256,growth,16,swap-take-c,4,1048576,65536,1,66305000,317124334665105513
normal-o3,0,256,growth,16,rust-vec,5,1048576,65536,1,56515000,16344508304658628714
normal-o3,0,256,growth,16,cpp-std-vector,5,1048576,65536,1,59025000,16344508304658628714
normal-o3,0,256,growth,16,whitefoot,5,1048576,65536,1,59128000,16344508304658628714
normal-o3,0,256,growth,16,reverse-c,5,1048576,65536,1,66824000,16344508304658628714
normal-o3,0,256,growth,16,direct-c,5,1048576,65536,1,62275000,16344508304658628714
normal-o3,0,256,growth,16,swap-take-c,5,1048576,65536,1,66351000,16344508304658628714
normal-o3,0,256,growth,16,take-swap-c,5,1048576,65536,1,63058000,16344508304658628714
normal-o3,0,256,growth,16,cpp-std-vector,6,1048576,65536,1,60776000,17728104047323021419
normal-o3,0,256,growth,16,whitefoot,6,1048576,65536,1,60548000,17728104047323021419
normal-o3,0,256,growth,16,reverse-c,6,1048576,65536,1,67937000,17728104047323021419
normal-o3,0,256,growth,16,direct-c,6,1048576,65536,1,63150000,17728104047323021419
normal-o3,0,256,growth,16,swap-take-c,6,1048576,65536,1,68848000,17728104047323021419
normal-o3,0,256,growth,16,take-swap-c,6,1048576,65536,1,63800000,17728104047323021419
normal-o3,0,256,growth,16,rust-vec,6,1048576,65536,1,56432000,17728104047323021419
normal-o3,0,256,growth,256,whitefoot,0,1048576,4096,1,51891000,5774473182449584229
normal-o3,0,256,growth,256,reverse-c,0,1048576,4096,1,60195000,5774473182449584229
normal-o3,0,256,growth,256,direct-c,0,1048576,4096,1,54504000,5774473182449584229
normal-o3,0,256,growth,256,swap-take-c,0,1048576,4096,1,57412000,5774473182449584229
normal-o3,0,256,growth,256,take-swap-c,0,1048576,4096,1,54754000,5774473182449584229
normal-o3,0,256,growth,256,rust-vec,0,1048576,4096,1,45656000,5774473182449584229
normal-o3,0,256,growth,256,cpp-std-vector,0,1048576,4096,1,56602000,5774473182449584229
normal-o3,0,256,growth,256,reverse-c,1,1048576,4096,1,60274000,730816566922926182
normal-o3,0,256,growth,256,direct-c,1,1048576,4096,1,54932000,730816566922926182
normal-o3,0,256,growth,256,swap-take-c,1,1048576,4096,1,57227000,730816566922926182
normal-o3,0,256,growth,256,take-swap-c,1,1048576,4096,1,54596000,730816566922926182
normal-o3,0,256,growth,256,rust-vec,1,1048576,4096,1,45748000,730816566922926182
normal-o3,0,256,growth,256,cpp-std-vector,1,1048576,4096,1,55825000,730816566922926182
normal-o3,0,256,growth,256,whitefoot,1,1048576,4096,1,54015000,730816566922926182
normal-o3,0,256,growth,256,direct-c,2,1048576,4096,1,54564000,3951699326411303015
normal-o3,0,256,growth,256,swap-take-c,2,1048576,4096,1,57552000,3951699326411303015
normal-o3,0,256,growth,256,take-swap-c,2,1048576,4096,1,54610000,3951699326411303015
normal-o3,0,256,growth,256,rust-vec,2,1048576,4096,1,45979000,3951699326411303015
normal-o3,0,256,growth,256,cpp-std-vector,2,1048576,4096,1,55871000,3951699326411303015
normal-o3,0,256,growth,256,whitefoot,2,1048576,4096,1,51978000,3951699326411303015
normal-o3,0,256,growth,256,reverse-c,2,1048576,4096,1,60573000,3951699326411303015
normal-o3,0,256,growth,256,swap-take-c,3,1048576,4096,1,57281000,4669976213855500392
normal-o3,0,256,growth,256,take-swap-c,3,1048576,4096,1,54789000,4669976213855500392
normal-o3,0,256,growth,256,rust-vec,3,1048576,4096,1,45683000,4669976213855500392
normal-o3,0,256,growth,256,cpp-std-vector,3,1048576,4096,1,56065000,4669976213855500392
normal-o3,0,256,growth,256,whitefoot,3,1048576,4096,1,52071000,4669976213855500392
normal-o3,0,256,growth,256,reverse-c,3,1048576,4096,1,60327000,4669976213855500392
normal-o3,0,256,growth,256,direct-c,3,1048576,4096,1,54217000,4669976213855500392
normal-o3,0,256,growth,256,take-swap-c,4,1048576,4096,1,54617000,4748812814999455849
normal-o3,0,256,growth,256,rust-vec,4,1048576,4096,1,45762000,4748812814999455849
normal-o3,0,256,growth,256,cpp-std-vector,4,1048576,4096,1,58056000,4748812814999455849
normal-o3,0,256,growth,256,whitefoot,4,1048576,4096,1,53107000,4748812814999455849
normal-o3,0,256,growth,256,reverse-c,4,1048576,4096,1,60285000,4748812814999455849
normal-o3,0,256,growth,256,direct-c,4,1048576,4096,1,54945000,4748812814999455849
normal-o3,0,256,growth,256,swap-take-c,4,1048576,4096,1,57262000,4748812814999455849
normal-o3,0,256,growth,256,rust-vec,5,1048576,4096,1,45635000,9617966251147630698
normal-o3,0,256,growth,256,cpp-std-vector,5,1048576,4096,1,56062000,9617966251147630698
normal-o3,0,256,growth,256,whitefoot,5,1048576,4096,1,52033000,9617966251147630698
normal-o3,0,256,growth,256,reverse-c,5,1048576,4096,1,60269000,9617966251147630698
normal-o3,0,256,growth,256,direct-c,5,1048576,4096,1,55605000,9617966251147630698
normal-o3,0,256,growth,256,swap-take-c,5,1048576,4096,1,58499000,9617966251147630698
normal-o3,0,256,growth,256,take-swap-c,5,1048576,4096,1,64565000,9617966251147630698
normal-o3,0,256,growth,256,cpp-std-vector,6,1048576,4096,1,56207000,14780350119149938795
normal-o3,0,256,growth,256,whitefoot,6,1048576,4096,1,52091000,14780350119149938795
normal-o3,0,256,growth,256,reverse-c,6,1048576,4096,1,60517000,14780350119149938795
normal-o3,0,256,growth,256,direct-c,6,1048576,4096,1,54154000,14780350119149938795
normal-o3,0,256,growth,256,swap-take-c,6,1048576,4096,1,57040000,14780350119149938795
normal-o3,0,256,growth,256,take-swap-c,6,1048576,4096,1,56898000,14780350119149938795
normal-o3,0,256,growth,256,rust-vec,6,1048576,4096,1,45879000,14780350119149938795
normal-o3,0,256,growth,4096,whitefoot,0,1048576,256,1,52918000,7990118519889974501
normal-o3,0,256,growth,4096,reverse-c,0,1048576,256,1,61977000,7990118519889974501
normal-o3,0,256,growth,4096,direct-c,0,1048576,256,1,55258000,7990118519889974501
normal-o3,0,256,growth,4096,swap-take-c,0,1048576,256,1,57721000,7990118519889974501
normal-o3,0,256,growth,4096,take-swap-c,0,1048576,256,1,55426000,7990118519889974501
normal-o3,0,256,growth,4096,rust-vec,0,1048576,256,1,41503000,7990118519889974501
normal-o3,0,256,growth,4096,cpp-std-vector,0,1048576,256,1,52353000,7990118519889974501
normal-o3,0,256,growth,4096,reverse-c,1,1048576,256,1,61542000,10660244701728609766
normal-o3,0,256,growth,4096,direct-c,1,1048576,256,1,54801000,10660244701728609766
normal-o3,0,256,growth,4096,swap-take-c,1,1048576,256,1,57791000,10660244701728609766
normal-o3,0,256,growth,4096,take-swap-c,1,1048576,256,1,55308000,10660244701728609766
normal-o3,0,256,growth,4096,rust-vec,1,1048576,256,1,42264000,10660244701728609766
normal-o3,0,256,growth,4096,cpp-std-vector,1,1048576,256,1,52520000,10660244701728609766
normal-o3,0,256,growth,4096,whitefoot,1,1048576,256,1,52720000,10660244701728609766
normal-o3,0,256,growth,4096,direct-c,2,1048576,256,1,56983000,3495536164771485415
normal-o3,0,256,growth,4096,swap-take-c,2,1048576,256,1,58105000,3495536164771485415
normal-o3,0,256,growth,4096,take-swap-c,2,1048576,256,1,54868000,3495536164771485415
normal-o3,0,256,growth,4096,rust-vec,2,1048576,256,1,41627000,3495536164771485415
normal-o3,0,256,growth,4096,cpp-std-vector,2,1048576,256,1,51674000,3495536164771485415
normal-o3,0,256,growth,4096,whitefoot,2,1048576,256,1,53776000,3495536164771485415
normal-o3,0,256,growth,4096,reverse-c,2,1048576,256,1,61881000,3495536164771485415
normal-o3,0,256,growth,4096,swap-take-c,3,1048576,256,1,57794000,15148529761215748072
normal-o3,0,256,growth,4096,take-swap-c,3,1048576,256,1,55219000,15148529761215748072
normal-o3,0,256,growth,4096,rust-vec,3,1048576,256,1,41546000,15148529761215748072
normal-o3,0,256,growth,4096,cpp-std-vector,3,1048576,256,1,51799000,15148529761215748072
normal-o3,0,256,growth,4096,whitefoot,3,1048576,256,1,52934000,15148529761215748072
normal-o3,0,256,growth,4096,reverse-c,3,1048576,256,1,61654000,15148529761215748072
normal-o3,0,256,growth,4096,direct-c,3,1048576,256,1,54874000,15148529761215748072
normal-o3,0,256,growth,4096,take-swap-c,4,1048576,256,1,55597000,9298652180223940841
normal-o3,0,256,growth,4096,rust-vec,4,1048576,256,1,41477000,9298652180223940841
normal-o3,0,256,growth,4096,cpp-std-vector,4,1048576,256,1,52298000,9298652180223940841
normal-o3,0,256,growth,4096,whitefoot,4,1048576,256,1,54257000,9298652180223940841
normal-o3,0,256,growth,4096,reverse-c,4,1048576,256,1,62997000,9298652180223940841
normal-o3,0,256,growth,4096,direct-c,4,1048576,256,1,55936000,9298652180223940841
normal-o3,0,256,growth,4096,swap-take-c,4,1048576,256,1,57889000,9298652180223940841
normal-o3,0,256,growth,4096,rust-vec,5,1048576,256,1,41587000,8375064059273222634
normal-o3,0,256,growth,4096,cpp-std-vector,5,1048576,256,1,51680000,8375064059273222634
normal-o3,0,256,growth,4096,whitefoot,5,1048576,256,1,53567000,8375064059273222634
normal-o3,0,256,growth,4096,reverse-c,5,1048576,256,1,61956000,8375064059273222634
normal-o3,0,256,growth,4096,direct-c,5,1048576,256,1,54916000,8375064059273222634
normal-o3,0,256,growth,4096,swap-take-c,5,1048576,256,1,57784000,8375064059273222634
normal-o3,0,256,growth,4096,take-swap-c,5,1048576,256,1,55792000,8375064059273222634
normal-o3,0,256,growth,4096,cpp-std-vector,6,1048576,256,1,52383000,18409727464639388395
normal-o3,0,256,growth,4096,whitefoot,6,1048576,256,1,52964000,18409727464639388395
normal-o3,0,256,growth,4096,reverse-c,6,1048576,256,1,61999000,18409727464639388395
normal-o3,0,256,growth,4096,direct-c,6,1048576,256,1,55421000,18409727464639388395
normal-o3,0,256,growth,4096,swap-take-c,6,1048576,256,1,57598000,18409727464639388395
normal-o3,0,256,growth,4096,take-swap-c,6,1048576,256,1,55242000,18409727464639388395
normal-o3,0,256,growth,4096,rust-vec,6,1048576,256,1,42554000,18409727464639388395
normal-o3,0,256,reuse,16,whitefoot,0,1048576,65536,1,40599000,16095999890136793189
normal-o3,0,256,reuse,16,reverse-c,0,1048576,65536,1,48249000,16095999890136793189
normal-o3,0,256,reuse,16,direct-c,0,1048576,65536,1,43310000,16095999890136793189
normal-o3,0,256,reuse,16,swap-take-c,0,1048576,65536,1,46847000,16095999890136793189
normal-o3,0,256,reuse,16,take-swap-c,0,1048576,65536,1,43553000,16095999890136793189
normal-o3,0,256,reuse,16,rust-vec,0,1048576,65536,1,40384000,16095999890136793189
normal-o3,0,256,reuse,16,cpp-std-vector,0,1048576,65536,1,43499000,16095999890136793189
normal-o3,0,256,reuse,16,reverse-c,1,1048576,65536,1,48782000,10905710204835692646
normal-o3,0,256,reuse,16,direct-c,1,1048576,65536,1,43215000,10905710204835692646
normal-o3,0,256,reuse,16,swap-take-c,1,1048576,65536,1,46809000,10905710204835692646
normal-o3,0,256,reuse,16,take-swap-c,1,1048576,65536,1,43624000,10905710204835692646
normal-o3,0,256,reuse,16,rust-vec,1,1048576,65536,1,40444000,10905710204835692646
normal-o3,0,256,reuse,16,cpp-std-vector,1,1048576,65536,1,43727000,10905710204835692646
normal-o3,0,256,reuse,16,whitefoot,1,1048576,65536,1,40486000,10905710204835692646
normal-o3,0,256,reuse,16,direct-c,2,1048576,65536,1,43210000,1136678281099509863
normal-o3,0,256,reuse,16,swap-take-c,2,1048576,65536,1,46946000,1136678281099509863
normal-o3,0,256,reuse,16,take-swap-c,2,1048576,65536,1,43600000,1136678281099509863
normal-o3,0,256,reuse,16,rust-vec,2,1048576,65536,1,40378000,1136678281099509863
normal-o3,0,256,reuse,16,cpp-std-vector,2,1048576,65536,1,43940000,1136678281099509863
normal-o3,0,256,reuse,16,whitefoot,2,1048576,65536,1,41694000,1136678281099509863
normal-o3,0,256,reuse,16,reverse-c,2,1048576,65536,1,48573000,1136678281099509863
normal-o3,0,256,reuse,16,swap-take-c,3,1048576,65536,1,46784000,1916000061831479400
normal-o3,0,256,reuse,16,take-swap-c,3,1048576,65536,1,43513000,1916000061831479400
normal-o3,0,256,reuse,16,rust-vec,3,1048576,65536,1,40417000,1916000061831479400
normal-o3,0,256,reuse,16,cpp-std-vector,3,1048576,65536,1,43653000,1916000061831479400
normal-o3,0,256,reuse,16,whitefoot,3,1048576,65536,1,40635000,1916000061831479400
normal-o3,0,256,reuse,16,reverse-c,3,1048576,65536,1,49323000,1916000061831479400
normal-o3,0,256,reuse,16,direct-c,3,1048576,65536,1,43830000,1916000061831479400
normal-o3,0,256,reuse,16,take-swap-c,4,1048576,65536,1,43887000,317124334665105513
normal-o3,0,256,reuse,16,rust-vec,4,1048576,65536,1,40979000,317124334665105513
normal-o3,0,256,reuse,16,cpp-std-vector,4,1048576,65536,1,43500000,317124334665105513
normal-o3,0,256,reuse,16,whitefoot,4,1048576,65536,1,40768000,317124334665105513
normal-o3,0,256,reuse,16,reverse-c,4,1048576,65536,1,48113000,317124334665105513
normal-o3,0,256,reuse,16,direct-c,4,1048576,65536,1,43208000,317124334665105513
normal-o3,0,256,reuse,16,swap-take-c,4,1048576,65536,1,46837000,317124334665105513
normal-o3,0,256,reuse,16,rust-vec,5,1048576,65536,1,40417000,16344508304658628714
normal-o3,0,256,reuse,16,cpp-std-vector,5,1048576,65536,1,44336000,16344508304658628714
normal-o3,0,256,reuse,16,whitefoot,5,1048576,65536,1,41876000,16344508304658628714
normal-o3,0,256,reuse,16,reverse-c,5,1048576,65536,1,48917000,16344508304658628714
normal-o3,0,256,reuse,16,direct-c,5,1048576,65536,1,43455000,16344508304658628714
normal-o3,0,256,reuse,16,swap-take-c,5,1048576,65536,1,48549000,16344508304658628714
normal-o3,0,256,reuse,16,take-swap-c,5,1048576,65536,1,43810000,16344508304658628714
normal-o3,0,256,reuse,16,cpp-std-vector,6,1048576,65536,1,43558000,17728104047323021419
normal-o3,0,256,reuse,16,whitefoot,6,1048576,65536,1,40471000,17728104047323021419
normal-o3,0,256,reuse,16,reverse-c,6,1048576,65536,1,48078000,17728104047323021419
normal-o3,0,256,reuse,16,direct-c,6,1048576,65536,1,43160000,17728104047323021419
normal-o3,0,256,reuse,16,swap-take-c,6,1048576,65536,1,46910000,17728104047323021419
normal-o3,0,256,reuse,16,take-swap-c,6,1048576,65536,1,43611000,17728104047323021419
normal-o3,0,256,reuse,16,rust-vec,6,1048576,65536,1,40797000,17728104047323021419
normal-o3,0,256,reuse,256,whitefoot,0,1048576,4096,1,38896000,5774473182449584229
normal-o3,0,256,reuse,256,reverse-c,0,1048576,4096,1,47549000,5774473182449584229
normal-o3,0,256,reuse,256,direct-c,0,1048576,4096,1,41074000,5774473182449584229
normal-o3,0,256,reuse,256,swap-take-c,0,1048576,4096,1,44218000,5774473182449584229
normal-o3,0,256,reuse,256,take-swap-c,0,1048576,4096,1,42460000,5774473182449584229
normal-o3,0,256,reuse,256,rust-vec,0,1048576,4096,1,38610000,5774473182449584229
normal-o3,0,256,reuse,256,cpp-std-vector,0,1048576,4096,1,41794000,5774473182449584229
normal-o3,0,256,reuse,256,reverse-c,1,1048576,4096,1,46517000,730816566922926182
normal-o3,0,256,reuse,256,direct-c,1,1048576,4096,1,40778000,730816566922926182
normal-o3,0,256,reuse,256,swap-take-c,1,1048576,4096,1,43377000,730816566922926182
normal-o3,0,256,reuse,256,take-swap-c,1,1048576,4096,1,41342000,730816566922926182
normal-o3,0,256,reuse,256,rust-vec,1,1048576,4096,1,38697000,730816566922926182
normal-o3,0,256,reuse,256,cpp-std-vector,1,1048576,4096,1,41853000,730816566922926182
normal-o3,0,256,reuse,256,whitefoot,1,1048576,4096,1,38878000,730816566922926182
normal-o3,0,256,reuse,256,direct-c,2,1048576,4096,1,40833000,3951699326411303015
normal-o3,0,256,reuse,256,swap-take-c,2,1048576,4096,1,43402000,3951699326411303015
normal-o3,0,256,reuse,256,take-swap-c,2,1048576,4096,1,41516000,3951699326411303015
normal-o3,0,256,reuse,256,rust-vec,2,1048576,4096,1,38582000,3951699326411303015
normal-o3,0,256,reuse,256,cpp-std-vector,2,1048576,4096,1,41701000,3951699326411303015
normal-o3,0,256,reuse,256,whitefoot,2,1048576,4096,1,39571000,3951699326411303015
normal-o3,0,256,reuse,256,reverse-c,2,1048576,4096,1,46564000,3951699326411303015
normal-o3,0,256,reuse,256,swap-take-c,3,1048576,4096,1,43561000,4669976213855500392
normal-o3,0,256,reuse,256,take-swap-c,3,1048576,4096,1,41274000,4669976213855500392
normal-o3,0,256,reuse,256,rust-vec,3,1048576,4096,1,38708000,4669976213855500392
normal-o3,0,256,reuse,256,cpp-std-vector,3,1048576,4096,1,41960000,4669976213855500392
normal-o3,0,256,reuse,256,whitefoot,3,1048576,4096,1,39746000,4669976213855500392
normal-o3,0,256,reuse,256,reverse-c,3,1048576,4096,1,46402000,4669976213855500392
normal-o3,0,256,reuse,256,direct-c,3,1048576,4096,1,41022000,4669976213855500392
normal-o3,0,256,reuse,256,take-swap-c,4,1048576,4096,1,41338000,4748812814999455849
normal-o3,0,256,reuse,256,rust-vec,4,1048576,4096,1,38689000,4748812814999455849
normal-o3,0,256,reuse,256,cpp-std-vector,4,1048576,4096,1,41891000,4748812814999455849
normal-o3,0,256,reuse,256,whitefoot,4,1048576,4096,1,39021000,4748812814999455849
normal-o3,0,256,reuse,256,reverse-c,4,1048576,4096,1,47029000,4748812814999455849
normal-o3,0,256,reuse,256,direct-c,4,1048576,4096,1,42409000,4748812814999455849
normal-o3,0,256,reuse,256,swap-take-c,4,1048576,4096,1,43409000,4748812814999455849
normal-o3,0,256,reuse,256,rust-vec,5,1048576,4096,1,38717000,9617966251147630698
normal-o3,0,256,reuse,256,cpp-std-vector,5,1048576,4096,1,41948000,9617966251147630698
normal-o3,0,256,reuse,256,whitefoot,5,1048576,4096,1,38814000,9617966251147630698
normal-o3,0,256,reuse,256,reverse-c,5,1048576,4096,1,46536000,9617966251147630698
normal-o3,0,256,reuse,256,direct-c,5,1048576,4096,1,40936000,9617966251147630698
normal-o3,0,256,reuse,256,swap-take-c,5,1048576,4096,1,43484000,9617966251147630698
normal-o3,0,256,reuse,256,take-swap-c,5,1048576,4096,1,41339000,9617966251147630698
normal-o3,0,256,reuse,256,cpp-std-vector,6,1048576,4096,1,41801000,14780350119149938795
normal-o3,0,256,reuse,256,whitefoot,6,1048576,4096,1,39055000,14780350119149938795
normal-o3,0,256,reuse,256,reverse-c,6,1048576,4096,1,46761000,14780350119149938795
normal-o3,0,256,reuse,256,direct-c,6,1048576,4096,1,41552000,14780350119149938795
normal-o3,0,256,reuse,256,swap-take-c,6,1048576,4096,1,43370000,14780350119149938795
normal-o3,0,256,reuse,256,take-swap-c,6,1048576,4096,1,41130000,14780350119149938795
normal-o3,0,256,reuse,256,rust-vec,6,1048576,4096,1,39625000,14780350119149938795
normal-o3,0,256,reuse,4096,whitefoot,0,1048576,256,1,40924000,7990118519889974501
normal-o3,0,256,reuse,4096,reverse-c,0,1048576,256,1,49667000,7990118519889974501
normal-o3,0,256,reuse,4096,direct-c,0,1048576,256,1,42961000,7990118519889974501
normal-o3,0,256,reuse,4096,swap-take-c,0,1048576,256,1,45896000,7990118519889974501
normal-o3,0,256,reuse,4096,take-swap-c,0,1048576,256,1,44970000,7990118519889974501
normal-o3,0,256,reuse,4096,rust-vec,0,1048576,256,1,41167000,7990118519889974501
normal-o3,0,256,reuse,4096,cpp-std-vector,0,1048576,256,1,43606000,7990118519889974501
normal-o3,0,256,reuse,4096,reverse-c,1,1048576,256,1,49659000,10660244701728609766
normal-o3,0,256,reuse,4096,direct-c,1,1048576,256,1,43050000,10660244701728609766
normal-o3,0,256,reuse,4096,swap-take-c,1,1048576,256,1,45625000,10660244701728609766
normal-o3,0,256,reuse,4096,take-swap-c,1,1048576,256,1,43161000,10660244701728609766
normal-o3,0,256,reuse,4096,rust-vec,1,1048576,256,1,40808000,10660244701728609766
normal-o3,0,256,reuse,4096,cpp-std-vector,1,1048576,256,1,43532000,10660244701728609766
normal-o3,0,256,reuse,4096,whitefoot,1,1048576,256,1,41050000,10660244701728609766
normal-o3,0,256,reuse,4096,direct-c,2,1048576,256,1,43038000,3495536164771485415
normal-o3,0,256,reuse,4096,swap-take-c,2,1048576,256,1,45456000,3495536164771485415
normal-o3,0,256,reuse,4096,take-swap-c,2,1048576,256,1,43275000,3495536164771485415
normal-o3,0,256,reuse,4096,rust-vec,2,1048576,256,1,40891000,3495536164771485415
normal-o3,0,256,reuse,4096,cpp-std-vector,2,1048576,256,1,43711000,3495536164771485415
normal-o3,0,256,reuse,4096,whitefoot,2,1048576,256,1,40926000,3495536164771485415
normal-o3,0,256,reuse,4096,reverse-c,2,1048576,256,1,49925000,3495536164771485415
normal-o3,0,256,reuse,4096,swap-take-c,3,1048576,256,1,45385000,15148529761215748072
normal-o3,0,256,reuse,4096,take-swap-c,3,1048576,256,1,43310000,15148529761215748072
normal-o3,0,256,reuse,4096,rust-vec,3,1048576,256,1,41205000,15148529761215748072
normal-o3,0,256,reuse,4096,cpp-std-vector,3,1048576,256,1,45014000,15148529761215748072
normal-o3,0,256,reuse,4096,whitefoot,3,1048576,256,1,41775000,15148529761215748072
normal-o3,0,256,reuse,4096,reverse-c,3,1048576,256,1,49646000,15148529761215748072
normal-o3,0,256,reuse,4096,direct-c,3,1048576,256,1,43055000,15148529761215748072
normal-o3,0,256,reuse,4096,take-swap-c,4,1048576,256,1,43289000,9298652180223940841
normal-o3,0,256,reuse,4096,rust-vec,4,1048576,256,1,40867000,9298652180223940841
normal-o3,0,256,reuse,4096,cpp-std-vector,4,1048576,256,1,43613000,9298652180223940841
normal-o3,0,256,reuse,4096,whitefoot,4,1048576,256,1,40871000,9298652180223940841
normal-o3,0,256,reuse,4096,reverse-c,4,1048576,256,1,49740000,9298652180223940841
normal-o3,0,256,reuse,4096,direct-c,4,1048576,256,1,43168000,9298652180223940841
normal-o3,0,256,reuse,4096,swap-take-c,4,1048576,256,1,45393000,9298652180223940841
normal-o3,0,256,reuse,4096,rust-vec,5,1048576,256,1,40886000,8375064059273222634
normal-o3,0,256,reuse,4096,cpp-std-vector,5,1048576,256,1,43698000,8375064059273222634
normal-o3,0,256,reuse,4096,whitefoot,5,1048576,256,1,40866000,8375064059273222634
normal-o3,0,256,reuse,4096,reverse-c,5,1048576,256,1,49537000,8375064059273222634
normal-o3,0,256,reuse,4096,direct-c,5,1048576,256,1,43859000,8375064059273222634
normal-o3,0,256,reuse,4096,swap-take-c,5,1048576,256,1,49441000,8375064059273222634
normal-o3,0,256,reuse,4096,take-swap-c,5,1048576,256,1,44123000,8375064059273222634
normal-o3,0,256,reuse,4096,cpp-std-vector,6,1048576,256,1,44071000,18409727464639388395
normal-o3,0,256,reuse,4096,whitefoot,6,1048576,256,1,41022000,18409727464639388395
normal-o3,0,256,reuse,4096,reverse-c,6,1048576,256,1,50979000,18409727464639388395
normal-o3,0,256,reuse,4096,direct-c,6,1048576,256,1,44619000,18409727464639388395
normal-o3,0,256,reuse,4096,swap-take-c,6,1048576,256,1,45366000,18409727464639388395
normal-o3,0,256,reuse,4096,take-swap-c,6,1048576,256,1,43437000,18409727464639388395
normal-o3,0,256,reuse,4096,rust-vec,6,1048576,256,1,40858000,18409727464639388395
normal-o3,0,256,suffix-0,16,whitefoot,0,1048576,1048576,1,2293000,6607130204449329354
normal-o3,0,256,suffix-0,16,reverse-c,0,1048576,1048576,1,2859000,6607130204449329354
normal-o3,0,256,suffix-0,16,direct-c,0,1048576,1048576,1,2807000,6607130204449329354
normal-o3,0,256,suffix-0,16,swap-take-c,0,1048576,1048576,1,2910000,6607130204449329354
normal-o3,0,256,suffix-0,16,take-swap-c,0,1048576,1048576,1,3163000,6607130204449329354
normal-o3,0,256,suffix-0,16,rust-vec,0,1048576,1048576,1,1025000,6607130204449329354
normal-o3,0,256,suffix-0,16,cpp-std-vector,0,1048576,1048576,1,2780000,6607130204449329354
normal-o3,0,256,suffix-0,16,reverse-c,1,1048576,1048576,1,2815000,16952766600949476812
normal-o3,0,256,suffix-0,16,direct-c,1,1048576,1048576,1,2777000,16952766600949476812
normal-o3,0,256,suffix-0,16,swap-take-c,1,1048576,1048576,1,3072000,16952766600949476812
normal-o3,0,256,suffix-0,16,take-swap-c,1,1048576,1048576,1,3253000,16952766600949476812
normal-o3,0,256,suffix-0,16,rust-vec,1,1048576,1048576,1,1023000,16952766600949476812
normal-o3,0,256,suffix-0,16,cpp-std-vector,1,1048576,1048576,1,2783000,16952766600949476812
normal-o3,0,256,suffix-0,16,whitefoot,1,1048576,1048576,1,2341000,16952766600949476812
normal-o3,0,256,suffix-0,16,direct-c,2,1048576,1048576,1,2931000,8851658923740072654
normal-o3,0,256,suffix-0,16,swap-take-c,2,1048576,1048576,1,2985000,8851658923740072654
normal-o3,0,256,suffix-0,16,take-swap-c,2,1048576,1048576,1,4238000,8851658923740072654
normal-o3,0,256,suffix-0,16,rust-vec,2,1048576,1048576,1,1029000,8851658923740072654
normal-o3,0,256,suffix-0,16,cpp-std-vector,2,1048576,1048576,1,2876000,8851658923740072654
normal-o3,0,256,suffix-0,16,whitefoot,2,1048576,1048576,1,2369000,8851658923740072654
normal-o3,0,256,suffix-0,16,reverse-c,2,1048576,1048576,1,2925000,8851658923740072654
normal-o3,0,256,suffix-0,16,swap-take-c,3,1048576,1048576,1,2979000,750551246530668496
normal-o3,0,256,suffix-0,16,take-swap-c,3,1048576,1048576,1,3260000,750551246530668496
normal-o3,0,256,suffix-0,16,rust-vec,3,1048576,1048576,1,1025000,750551246530668496
normal-o3,0,256,suffix-0,16,cpp-std-vector,3,1048576,1048576,1,2901000,750551246530668496
normal-o3,0,256,suffix-0,16,whitefoot,3,1048576,1048576,1,2364000,750551246530668496
normal-o3,0,256,suffix-0,16,reverse-c,3,1048576,1048576,1,2914000,750551246530668496
normal-o3,0,256,suffix-0,16,direct-c,3,1048576,1048576,1,2914000,750551246530668496
normal-o3,0,256,suffix-0,16,take-swap-c,4,1048576,1048576,1,4226000,11096187643030815954
normal-o3,0,256,suffix-0,16,rust-vec,4,1048576,1048576,1,1017000,11096187643030815954
normal-o3,0,256,suffix-0,16,cpp-std-vector,4,1048576,1048576,1,2889000,11096187643030815954
normal-o3,0,256,suffix-0,16,whitefoot,4,1048576,1048576,1,2366000,11096187643030815954
normal-o3,0,256,suffix-0,16,reverse-c,4,1048576,1048576,1,2910000,11096187643030815954
normal-o3,0,256,suffix-0,16,direct-c,4,1048576,1048576,1,2896000,11096187643030815954
normal-o3,0,256,suffix-0,16,swap-take-c,4,1048576,1048576,1,3031000,11096187643030815954
normal-o3,0,256,suffix-0,16,rust-vec,5,1048576,1048576,1,989000,2995079965821411796
normal-o3,0,256,suffix-0,16,cpp-std-vector,5,1048576,1048576,1,2772000,2995079965821411796
normal-o3,0,256,suffix-0,16,whitefoot,5,1048576,1048576,1,2303000,2995079965821411796
normal-o3,0,256,suffix-0,16,reverse-c,5,1048576,1048576,1,2817000,2995079965821411796
normal-o3,0,256,suffix-0,16,direct-c,5,1048576,1048576,1,2844000,2995079965821411796
normal-o3,0,256,suffix-0,16,swap-take-c,5,1048576,1048576,1,2905000,2995079965821411796
normal-o3,0,256,suffix-0,16,take-swap-c,5,1048576,1048576,1,4084000,2995079965821411796
normal-o3,0,256,suffix-0,16,cpp-std-vector,6,1048576,1048576,1,2798000,13340716362321559254
normal-o3,0,256,suffix-0,16,whitefoot,6,1048576,1048576,1,2277000,13340716362321559254
normal-o3,0,256,suffix-0,16,reverse-c,6,1048576,1048576,1,2811000,13340716362321559254
normal-o3,0,256,suffix-0,16,direct-c,6,1048576,1048576,1,2779000,13340716362321559254
normal-o3,0,256,suffix-0,16,swap-take-c,6,1048576,1048576,1,2900000,13340716362321559254
normal-o3,0,256,suffix-0,16,take-swap-c,6,1048576,1048576,1,3144000,13340716362321559254
normal-o3,0,256,suffix-0,16,rust-vec,6,1048576,1048576,1,987000,13340716362321559254
normal-o3,0,256,suffix-0,256,whitefoot,0,1048576,1048576,1,2284000,16711255245857297866
normal-o3,0,256,suffix-0,256,reverse-c,0,1048576,1048576,1,2880000,16711255245857297866
normal-o3,0,256,suffix-0,256,direct-c,0,1048576,1048576,1,2800000,16711255245857297866
normal-o3,0,256,suffix-0,256,swap-take-c,0,1048576,1048576,1,2883000,16711255245857297866
normal-o3,0,256,suffix-0,256,take-swap-c,0,1048576,1048576,1,4095000,16711255245857297866
normal-o3,0,256,suffix-0,256,rust-vec,0,1048576,1048576,1,1000000,16711255245857297866
normal-o3,0,256,suffix-0,256,cpp-std-vector,0,1048576,1048576,1,2769000,16711255245857297866
normal-o3,0,256,suffix-0,256,reverse-c,1,1048576,1048576,1,2830000,17222991059918444236
normal-o3,0,256,suffix-0,256,direct-c,1,1048576,1048576,1,2819000,17222991059918444236
normal-o3,0,256,suffix-0,256,swap-take-c,1,1048576,1048576,1,2883000,17222991059918444236
normal-o3,0,256,suffix-0,256,take-swap-c,1,1048576,1048576,1,4129000,17222991059918444236
normal-o3,0,256,suffix-0,256,rust-vec,1,1048576,1048576,1,999000,17222991059918444236
normal-o3,0,256,suffix-0,256,cpp-std-vector,1,1048576,1048576,1,2782000,17222991059918444236
normal-o3,0,256,suffix-0,256,whitefoot,1,1048576,1048576,1,2295000,17222991059918444236
normal-o3,0,256,suffix-0,256,direct-c,2,1048576,1048576,1,2798000,17734726873979590606
normal-o3,0,256,suffix-0,256,swap-take-c,2,1048576,1048576,1,2879000,17734726873979590606
normal-o3,0,256,suffix-0,256,take-swap-c,2,1048576,1048576,1,4127000,17734726873979590606
normal-o3,0,256,suffix-0,256,rust-vec,2,1048576,1048576,1,999000,17734726873979590606
normal-o3,0,256,suffix-0,256,cpp-std-vector,2,1048576,1048576,1,2771000,17734726873979590606
normal-o3,0,256,suffix-0,256,whitefoot,2,1048576,1048576,1,2296000,17734726873979590606
normal-o3,0,256,suffix-0,256,reverse-c,2,1048576,1048576,1,2856000,17734726873979590606
normal-o3,0,256,suffix-0,256,swap-take-c,3,1048576,1048576,1,2878000,18246462688040736976
normal-o3,0,256,suffix-0,256,take-swap-c,3,1048576,1048576,1,3187000,18246462688040736976
normal-o3,0,256,suffix-0,256,rust-vec,3,1048576,1048576,1,1025000,18246462688040736976
normal-o3,0,256,suffix-0,256,cpp-std-vector,3,1048576,1048576,1,2770000,18246462688040736976
normal-o3,0,256,suffix-0,256,whitefoot,3,1048576,1048576,1,2285000,18246462688040736976
normal-o3,0,256,suffix-0,256,reverse-c,3,1048576,1048576,1,2905000,18246462688040736976
normal-o3,0,256,suffix-0,256,direct-c,3,1048576,1048576,1,2797000,18246462688040736976
normal-o3,0,256,suffix-0,256,take-swap-c,4,1048576,1048576,1,3164000,311454428392331730
normal-o3,0,256,suffix-0,256,rust-vec,4,1048576,1048576,1,1012000,311454428392331730
normal-o3,0,256,suffix-0,256,cpp-std-vector,4,1048576,1048576,1,2813000,311454428392331730
normal-o3,0,256,suffix-0,256,whitefoot,4,1048576,1048576,1,2285000,311454428392331730
normal-o3,0,256,suffix-0,256,reverse-c,4,1048576,1048576,1,2838000,311454428392331730
normal-o3,0,256,suffix-0,256,direct-c,4,1048576,1048576,1,2829000,311454428392331730
normal-o3,0,256,suffix-0,256,swap-take-c,4,1048576,1048576,1,2880000,311454428392331730
normal-o3,0,256,suffix-0,256,rust-vec,5,1048576,1048576,1,997000,823190242453478100
normal-o3,0,256,suffix-0,256,cpp-std-vector,5,1048576,1048576,1,2820000,823190242453478100
normal-o3,0,256,suffix-0,256,whitefoot,5,1048576,1048576,1,2283000,823190242453478100
normal-o3,0,256,suffix-0,256,reverse-c,5,1048576,1048576,1,2820000,823190242453478100
normal-o3,0,256,suffix-0,256,direct-c,5,1048576,1048576,1,2893000,823190242453478100
normal-o3,0,256,suffix-0,256,swap-take-c,5,1048576,1048576,1,2926000,823190242453478100
normal-o3,0,256,suffix-0,256,take-swap-c,5,1048576,1048576,1,4139000,823190242453478100
normal-o3,0,256,suffix-0,256,cpp-std-vector,6,1048576,1048576,1,2779000,1334926056514624470
normal-o3,0,256,suffix-0,256,whitefoot,6,1048576,1048576,1,2294000,1334926056514624470
normal-o3,0,256,suffix-0,256,reverse-c,6,1048576,1048576,1,2852000,1334926056514624470
normal-o3,0,256,suffix-0,256,direct-c,6,1048576,1048576,1,2793000,1334926056514624470
normal-o3,0,256,suffix-0,256,swap-take-c,6,1048576,1048576,1,3011000,1334926056514624470
normal-o3,0,256,suffix-0,256,take-swap-c,6,1048576,1048576,1,4162000,1334926056514624470
normal-o3,0,256,suffix-0,256,rust-vec,6,1048576,1048576,1,1009000,1334926056514624470
normal-o3,0,256,suffix-0,4096,whitefoot,0,1048576,1048576,1,2470000,7001658466579473866
normal-o3,0,256,suffix-0,4096,reverse-c,0,1048576,1048576,1,2980000,7001658466579473866
normal-o3,0,256,suffix-0,4096,direct-c,0,1048576,1048576,1,2956000,7001658466579473866
normal-o3,0,256,suffix-0,4096,swap-take-c,0,1048576,1048576,1,3017000,7001658466579473866
normal-o3,0,256,suffix-0,4096,take-swap-c,0,1048576,1048576,1,4226000,7001658466579473866
normal-o3,0,256,suffix-0,4096,rust-vec,0,1048576,1048576,1,1188000,7001658466579473866
normal-o3,0,256,suffix-0,4096,cpp-std-vector,0,1048576,1048576,1,2923000,7001658466579473866
normal-o3,0,256,suffix-0,4096,reverse-c,1,1048576,1048576,1,3007000,100047013315307212
normal-o3,0,256,suffix-0,4096,direct-c,1,1048576,1048576,1,2941000,100047013315307212
normal-o3,0,256,suffix-0,4096,swap-take-c,1,1048576,1048576,1,3019000,100047013315307212
normal-o3,0,256,suffix-0,4096,take-swap-c,1,1048576,1048576,1,4263000,100047013315307212
normal-o3,0,256,suffix-0,4096,rust-vec,1,1048576,1048576,1,1190000,100047013315307212
normal-o3,0,256,suffix-0,4096,cpp-std-vector,1,1048576,1048576,1,2951000,100047013315307212
normal-o3,0,256,suffix-0,4096,whitefoot,1,1048576,1048576,1,2422000,100047013315307212
normal-o3,0,256,suffix-0,4096,direct-c,2,1048576,1048576,1,2942000,11645179633760692174
normal-o3,0,256,suffix-0,4096,swap-take-c,2,1048576,1048576,1,3030000,11645179633760692174
normal-o3,0,256,suffix-0,4096,take-swap-c,2,1048576,1048576,1,4264000,11645179633760692174
normal-o3,0,256,suffix-0,4096,rust-vec,2,1048576,1048576,1,1156000,11645179633760692174
normal-o3,0,256,suffix-0,4096,cpp-std-vector,2,1048576,1048576,1,2934000,11645179633760692174
normal-o3,0,256,suffix-0,4096,whitefoot,2,1048576,1048576,1,2456000,11645179633760692174
normal-o3,0,256,suffix-0,4096,reverse-c,2,1048576,1048576,1,2976000,11645179633760692174
normal-o3,0,256,suffix-0,4096,swap-take-c,3,1048576,1048576,1,3024000,4743568180496525520
normal-o3,0,256,suffix-0,4096,take-swap-c,3,1048576,1048576,1,4313000,4743568180496525520
normal-o3,0,256,suffix-0,4096,rust-vec,3,1048576,1048576,1,1147000,4743568180496525520
normal-o3,0,256,suffix-0,4096,cpp-std-vector,3,1048576,1048576,1,2926000,4743568180496525520
normal-o3,0,256,suffix-0,4096,whitefoot,3,1048576,1048576,1,2433000,4743568180496525520
normal-o3,0,256,suffix-0,4096,reverse-c,3,1048576,1048576,1,2976000,4743568180496525520
normal-o3,0,256,suffix-0,4096,direct-c,3,1048576,1048576,1,2941000,4743568180496525520
normal-o3,0,256,suffix-0,4096,take-swap-c,4,1048576,1048576,1,4218000,16288700800941910482
normal-o3,0,256,suffix-0,4096,rust-vec,4,1048576,1048576,1,1130000,16288700800941910482
normal-o3,0,256,suffix-0,4096,cpp-std-vector,4,1048576,1048576,1,2979000,16288700800941910482
normal-o3,0,256,suffix-0,4096,whitefoot,4,1048576,1048576,1,2414000,16288700800941910482
normal-o3,0,256,suffix-0,4096,reverse-c,4,1048576,1048576,1,3012000,16288700800941910482
normal-o3,0,256,suffix-0,4096,direct-c,4,1048576,1048576,1,2928000,16288700800941910482
normal-o3,0,256,suffix-0,4096,swap-take-c,4,1048576,1048576,1,3058000,16288700800941910482
normal-o3,0,256,suffix-0,4096,rust-vec,5,1048576,1048576,1,1160000,9387089347677743828
normal-o3,0,256,suffix-0,4096,cpp-std-vector,5,1048576,1048576,1,2973000,9387089347677743828
normal-o3,0,256,suffix-0,4096,whitefoot,5,1048576,1048576,1,2424000,9387089347677743828
normal-o3,0,256,suffix-0,4096,reverse-c,5,1048576,1048576,1,2978000,9387089347677743828
normal-o3,0,256,suffix-0,4096,direct-c,5,1048576,1048576,1,2942000,9387089347677743828
normal-o3,0,256,suffix-0,4096,swap-take-c,5,1048576,1048576,1,3013000,9387089347677743828
normal-o3,0,256,suffix-0,4096,take-swap-c,5,1048576,1048576,1,4244000,9387089347677743828
normal-o3,0,256,suffix-0,4096,cpp-std-vector,6,1048576,1048576,1,2945000,2485477894413577174
normal-o3,0,256,suffix-0,4096,whitefoot,6,1048576,1048576,1,2424000,2485477894413577174
normal-o3,0,256,suffix-0,4096,reverse-c,6,1048576,1048576,1,3034000,2485477894413577174
normal-o3,0,256,suffix-0,4096,direct-c,6,1048576,1048576,1,2917000,2485477894413577174
normal-o3,0,256,suffix-0,4096,swap-take-c,6,1048576,1048576,1,3068000,2485477894413577174
normal-o3,0,256,suffix-0,4096,take-swap-c,6,1048576,1048576,1,4282000,2485477894413577174
normal-o3,0,256,suffix-0,4096,rust-vec,6,1048576,1048576,1,1157000,2485477894413577174
normal-o3,0,256,suffix-1,16,whitefoot,0,1048576,1048576,1,36273000,10077132583444572090
normal-o3,0,256,suffix-1,16,reverse-c,0,1048576,1048576,1,34796000,10077132583444572090
normal-o3,0,256,suffix-1,16,direct-c,0,1048576,1048576,1,15619000,10077132583444572090
normal-o3,0,256,suffix-1,16,swap-take-c,0,1048576,1048576,1,34432000,10077132583444572090
normal-o3,0,256,suffix-1,16,take-swap-c,0,1048576,1048576,1,17625000,10077132583444572090
normal-o3,0,256,suffix-1,16,rust-vec,0,1048576,1048576,1,15720000,10077132583444572090
normal-o3,0,256,suffix-1,16,cpp-std-vector,0,1048576,1048576,1,16538000,10077132583444572090
normal-o3,0,256,suffix-1,16,reverse-c,1,1048576,1048576,1,34379000,18010505805122801404
normal-o3,0,256,suffix-1,16,direct-c,1,1048576,1048576,1,15679000,18010505805122801404
normal-o3,0,256,suffix-1,16,swap-take-c,1,1048576,1048576,1,34419000,18010505805122801404
normal-o3,0,256,suffix-1,16,take-swap-c,1,1048576,1048576,1,17643000,18010505805122801404
normal-o3,0,256,suffix-1,16,rust-vec,1,1048576,1048576,1,16177000,18010505805122801404
normal-o3,0,256,suffix-1,16,cpp-std-vector,1,1048576,1048576,1,16839000,18010505805122801404
normal-o3,0,256,suffix-1,16,whitefoot,1,1048576,1048576,1,22578000,18010505805122801404
normal-o3,0,256,suffix-1,16,direct-c,2,1048576,1048576,1,16337000,7497134953091479102
normal-o3,0,256,suffix-1,16,swap-take-c,2,1048576,1048576,1,35798000,7497134953091479102
normal-o3,0,256,suffix-1,16,take-swap-c,2,1048576,1048576,1,18027000,7497134953091479102
normal-o3,0,256,suffix-1,16,rust-vec,2,1048576,1048576,1,15779000,7497134953091479102
normal-o3,0,256,suffix-1,16,cpp-std-vector,2,1048576,1048576,1,16516000,7497134953091479102
normal-o3,0,256,suffix-1,16,whitefoot,2,1048576,1048576,1,35795000,7497134953091479102
normal-o3,0,256,suffix-1,16,reverse-c,2,1048576,1048576,1,34317000,7497134953091479102
normal-o3,0,256,suffix-1,16,swap-take-c,3,1048576,1048576,1,34470000,15430508174769708416
normal-o3,0,256,suffix-1,16,take-swap-c,3,1048576,1048576,1,17626000,15430508174769708416
normal-o3,0,256,suffix-1,16,rust-vec,3,1048576,1048576,1,15706000,15430508174769708416
normal-o3,0,256,suffix-1,16,cpp-std-vector,3,1048576,1048576,1,16430000,15430508174769708416
normal-o3,0,256,suffix-1,16,whitefoot,3,1048576,1048576,1,19001000,15430508174769708416
normal-o3,0,256,suffix-1,16,reverse-c,3,1048576,1048576,1,34251000,15430508174769708416
normal-o3,0,256,suffix-1,16,direct-c,3,1048576,1048576,1,15800000,15430508174769708416
normal-o3,0,256,suffix-1,16,take-swap-c,4,1048576,1048576,1,17567000,4917137322738386114
normal-o3,0,256,suffix-1,16,rust-vec,4,1048576,1048576,1,15922000,4917137322738386114
normal-o3,0,256,suffix-1,16,cpp-std-vector,4,1048576,1048576,1,16581000,4917137322738386114
normal-o3,0,256,suffix-1,16,whitefoot,4,1048576,1048576,1,29530000,4917137322738386114
normal-o3,0,256,suffix-1,16,reverse-c,4,1048576,1048576,1,34554000,4917137322738386114
normal-o3,0,256,suffix-1,16,direct-c,4,1048576,1048576,1,15675000,4917137322738386114
normal-o3,0,256,suffix-1,16,swap-take-c,4,1048576,1048576,1,34449000,4917137322738386114
normal-o3,0,256,suffix-1,16,rust-vec,5,1048576,1048576,1,15868000,12850510544416615428
normal-o3,0,256,suffix-1,16,cpp-std-vector,5,1048576,1048576,1,16530000,12850510544416615428
normal-o3,0,256,suffix-1,16,whitefoot,5,1048576,1048576,1,28235000,12850510544416615428
normal-o3,0,256,suffix-1,16,reverse-c,5,1048576,1048576,1,34369000,12850510544416615428
normal-o3,0,256,suffix-1,16,direct-c,5,1048576,1048576,1,15678000,12850510544416615428
normal-o3,0,256,suffix-1,16,swap-take-c,5,1048576,1048576,1,34448000,12850510544416615428
normal-o3,0,256,suffix-1,16,take-swap-c,5,1048576,1048576,1,17504000,12850510544416615428
normal-o3,0,256,suffix-1,16,cpp-std-vector,6,1048576,1048576,1,16452000,2337139692385293126
normal-o3,0,256,suffix-1,16,whitefoot,6,1048576,1048576,1,35758000,2337139692385293126
normal-o3,0,256,suffix-1,16,reverse-c,6,1048576,1048576,1,34279000,2337139692385293126
normal-o3,0,256,suffix-1,16,direct-c,6,1048576,1048576,1,15649000,2337139692385293126
normal-o3,0,256,suffix-1,16,swap-take-c,6,1048576,1048576,1,34472000,2337139692385293126
normal-o3,0,256,suffix-1,16,take-swap-c,6,1048576,1048576,1,17552000,2337139692385293126
normal-o3,0,256,suffix-1,16,rust-vec,6,1048576,1048576,1,15780000,2337139692385293126
normal-o3,0,256,suffix-1,256,whitefoot,0,1048576,1048576,1,35864000,16136919648563323066
normal-o3,0,256,suffix-1,256,reverse-c,0,1048576,1048576,1,34532000,16136919648563323066
normal-o3,0,256,suffix-1,256,direct-c,0,1048576,1048576,1,16551000,16136919648563323066
normal-o3,0,256,suffix-1,256,swap-take-c,0,1048576,1048576,1,36188000,16136919648563323066
normal-o3,0,256,suffix-1,256,take-swap-c,0,1048576,1048576,1,17868000,16136919648563323066
normal-o3,0,256,suffix-1,256,rust-vec,0,1048576,1048576,1,15723000,16136919648563323066
normal-o3,0,256,suffix-1,256,cpp-std-vector,0,1048576,1048576,1,16539000,16136919648563323066
normal-o3,0,256,suffix-1,256,reverse-c,1,1048576,1048576,1,34311000,7049943648979053564
normal-o3,0,256,suffix-1,256,direct-c,1,1048576,1048576,1,15697000,7049943648979053564
normal-o3,0,256,suffix-1,256,swap-take-c,1,1048576,1048576,1,34498000,7049943648979053564
normal-o3,0,256,suffix-1,256,take-swap-c,1,1048576,1048576,1,17611000,7049943648979053564
normal-o3,0,256,suffix-1,256,rust-vec,1,1048576,1048576,1,15799000,7049943648979053564
normal-o3,0,256,suffix-1,256,cpp-std-vector,1,1048576,1048576,1,16542000,7049943648979053564
normal-o3,0,256,suffix-1,256,whitefoot,1,1048576,1048576,1,30136000,7049943648979053564
normal-o3,0,256,suffix-1,256,direct-c,2,1048576,1048576,1,15644000,16409711723104335678
normal-o3,0,256,suffix-1,256,swap-take-c,2,1048576,1048576,1,34631000,16409711723104335678
normal-o3,0,256,suffix-1,256,take-swap-c,2,1048576,1048576,1,17645000,16409711723104335678
normal-o3,0,256,suffix-1,256,rust-vec,2,1048576,1048576,1,15777000,16409711723104335678
normal-o3,0,256,suffix-1,256,cpp-std-vector,2,1048576,1048576,1,16545000,16409711723104335678
normal-o3,0,256,suffix-1,256,whitefoot,2,1048576,1048576,1,20579000,16409711723104335678
normal-o3,0,256,suffix-1,256,reverse-c,2,1048576,1048576,1,34356000,16409711723104335678
normal-o3,0,256,suffix-1,256,swap-take-c,3,1048576,1048576,1,34567000,7322735723520066176
normal-o3,0,256,suffix-1,256,take-swap-c,3,1048576,1048576,1,17629000,7322735723520066176
normal-o3,0,256,suffix-1,256,rust-vec,3,1048576,1048576,1,15782000,7322735723520066176
normal-o3,0,256,suffix-1,256,cpp-std-vector,3,1048576,1048576,1,16598000,7322735723520066176
normal-o3,0,256,suffix-1,256,whitefoot,3,1048576,1048576,1,34760000,7322735723520066176
normal-o3,0,256,suffix-1,256,reverse-c,3,1048576,1048576,1,34346000,7322735723520066176
normal-o3,0,256,suffix-1,256,direct-c,3,1048576,1048576,1,15602000,7322735723520066176
normal-o3,0,256,suffix-1,256,take-swap-c,4,1048576,1048576,1,17667000,16682503797645348290
normal-o3,0,256,suffix-1,256,rust-vec,4,1048576,1048576,1,15711000,16682503797645348290
normal-o3,0,256,suffix-1,256,cpp-std-vector,4,1048576,1048576,1,16553000,16682503797645348290
normal-o3,0,256,suffix-1,256,whitefoot,4,1048576,1048576,1,22606000,16682503797645348290
normal-o3,0,256,suffix-1,256,reverse-c,4,1048576,1048576,1,34680000,16682503797645348290
normal-o3,0,256,suffix-1,256,direct-c,4,1048576,1048576,1,15791000,16682503797645348290
normal-o3,0,256,suffix-1,256,swap-take-c,4,1048576,1048576,1,34468000,16682503797645348290
normal-o3,0,256,suffix-1,256,rust-vec,5,1048576,1048576,1,15766000,7595527798061078788
normal-o3,0,256,suffix-1,256,cpp-std-vector,5,1048576,1048576,1,16511000,7595527798061078788
normal-o3,0,256,suffix-1,256,whitefoot,5,1048576,1048576,1,21497000,7595527798061078788
normal-o3,0,256,suffix-1,256,reverse-c,5,1048576,1048576,1,34381000,7595527798061078788
normal-o3,0,256,suffix-1,256,direct-c,5,1048576,1048576,1,15707000,7595527798061078788
normal-o3,0,256,suffix-1,256,swap-take-c,5,1048576,1048576,1,34504000,7595527798061078788
normal-o3,0,256,suffix-1,256,take-swap-c,5,1048576,1048576,1,17789000,7595527798061078788
normal-o3,0,256,suffix-1,256,cpp-std-vector,6,1048576,1048576,1,17052000,16955295872186360902
normal-o3,0,256,suffix-1,256,whitefoot,6,1048576,1048576,1,23856000,16955295872186360902
normal-o3,0,256,suffix-1,256,reverse-c,6,1048576,1048576,1,34923000,16955295872186360902
normal-o3,0,256,suffix-1,256,direct-c,6,1048576,1048576,1,15814000,16955295872186360902
normal-o3,0,256,suffix-1,256,swap-take-c,6,1048576,1048576,1,34558000,16955295872186360902
normal-o3,0,256,suffix-1,256,take-swap-c,6,1048576,1048576,1,17608000,16955295872186360902
normal-o3,0,256,suffix-1,256,rust-vec,6,1048576,1048576,1,15813000,16955295872186360902
normal-o3,0,256,suffix-1,4096,whitefoot,0,1048576,1048576,1,36048000,11423154033847496890
normal-o3,0,256,suffix-1,4096,reverse-c,0,1048576,1048576,1,34486000,11423154033847496890
normal-o3,0,256,suffix-1,4096,direct-c,0,1048576,1048576,1,15790000,11423154033847496890
normal-o3,0,256,suffix-1,4096,swap-take-c,0,1048576,1048576,1,34860000,11423154033847496890
normal-o3,0,256,suffix-1,4096,take-swap-c,0,1048576,1048576,1,17953000,11423154033847496890
normal-o3,0,256,suffix-1,4096,rust-vec,0,1048576,1048576,1,15962000,11423154033847496890
normal-o3,0,256,suffix-1,4096,cpp-std-vector,0,1048576,1048576,1,16713000,11423154033847496890
normal-o3,0,256,suffix-1,4096,reverse-c,1,1048576,1048576,1,34519000,18279605564934372348
normal-o3,0,256,suffix-1,4096,direct-c,1,1048576,1048576,1,15776000,18279605564934372348
normal-o3,0,256,suffix-1,4096,swap-take-c,1,1048576,1048576,1,34548000,18279605564934372348
normal-o3,0,256,suffix-1,4096,take-swap-c,1,1048576,1048576,1,17751000,18279605564934372348
normal-o3,0,256,suffix-1,4096,rust-vec,1,1048576,1048576,1,15867000,18279605564934372348
normal-o3,0,256,suffix-1,4096,cpp-std-vector,1,1048576,1048576,1,16684000,18279605564934372348
normal-o3,0,256,suffix-1,4096,whitefoot,1,1048576,1048576,1,35605000,18279605564934372348
normal-o3,0,256,suffix-1,4096,direct-c,2,1048576,1048576,1,15753000,6689313022311696190
normal-o3,0,256,suffix-1,4096,swap-take-c,2,1048576,1048576,1,34621000,6689313022311696190
normal-o3,0,256,suffix-1,4096,take-swap-c,2,1048576,1048576,1,17703000,6689313022311696190
normal-o3,0,256,suffix-1,4096,rust-vec,2,1048576,1048576,1,15834000,6689313022311696190
normal-o3,0,256,suffix-1,4096,cpp-std-vector,2,1048576,1048576,1,16701000,6689313022311696190
normal-o3,0,256,suffix-1,4096,whitefoot,2,1048576,1048576,1,35978000,6689313022311696190
normal-o3,0,256,suffix-1,4096,reverse-c,2,1048576,1048576,1,34521000,6689313022311696190
normal-o3,0,256,suffix-1,4096,swap-take-c,3,1048576,1048576,1,34728000,13545764553398571648
normal-o3,0,256,suffix-1,4096,take-swap-c,3,1048576,1048576,1,17752000,13545764553398571648
normal-o3,0,256,suffix-1,4096,rust-vec,3,1048576,1048576,1,15883000,13545764553398571648
normal-o3,0,256,suffix-1,4096,cpp-std-vector,3,1048576,1048576,1,16679000,13545764553398571648
normal-o3,0,256,suffix-1,4096,whitefoot,3,1048576,1048576,1,35933000,13545764553398571648
normal-o3,0,256,suffix-1,4096,reverse-c,3,1048576,1048576,1,34753000,13545764553398571648
normal-o3,0,256,suffix-1,4096,direct-c,3,1048576,1048576,1,15976000,13545764553398571648
normal-o3,0,256,suffix-1,4096,take-swap-c,4,1048576,1048576,1,17966000,1955472010775895490
normal-o3,0,256,suffix-1,4096,rust-vec,4,1048576,1048576,1,16667000,1955472010775895490
normal-o3,0,256,suffix-1,4096,cpp-std-vector,4,1048576,1048576,1,17428000,1955472010775895490
normal-o3,0,256,suffix-1,4096,whitefoot,4,1048576,1048576,1,29250000,1955472010775895490
normal-o3,0,256,suffix-1,4096,reverse-c,4,1048576,1048576,1,34474000,1955472010775895490
normal-o3,0,256,suffix-1,4096,direct-c,4,1048576,1048576,1,15830000,1955472010775895490
normal-o3,0,256,suffix-1,4096,swap-take-c,4,1048576,1048576,1,34785000,1955472010775895490
normal-o3,0,256,suffix-1,4096,rust-vec,5,1048576,1048576,1,16025000,8811923541862770948
normal-o3,0,256,suffix-1,4096,cpp-std-vector,5,1048576,1048576,1,16670000,8811923541862770948
normal-o3,0,256,suffix-1,4096,whitefoot,5,1048576,1048576,1,35951000,8811923541862770948
normal-o3,0,256,suffix-1,4096,reverse-c,5,1048576,1048576,1,34513000,8811923541862770948
normal-o3,0,256,suffix-1,4096,direct-c,5,1048576,1048576,1,15742000,8811923541862770948
normal-o3,0,256,suffix-1,4096,swap-take-c,5,1048576,1048576,1,34651000,8811923541862770948
normal-o3,0,256,suffix-1,4096,take-swap-c,5,1048576,1048576,1,17777000,8811923541862770948
normal-o3,0,256,suffix-1,4096,cpp-std-vector,6,1048576,1048576,1,16711000,15668375072949646406
normal-o3,0,256,suffix-1,4096,whitefoot,6,1048576,1048576,1,29191000,15668375072949646406
normal-o3,0,256,suffix-1,4096,reverse-c,6,1048576,1048576,1,34540000,15668375072949646406
normal-o3,0,256,suffix-1,4096,direct-c,6,1048576,1048576,1,15845000,15668375072949646406
normal-o3,0,256,suffix-1,4096,swap-take-c,6,1048576,1048576,1,34605000,15668375072949646406
normal-o3,0,256,suffix-1,4096,take-swap-c,6,1048576,1048576,1,17782000,15668375072949646406
normal-o3,0,256,suffix-1,4096,rust-vec,6,1048576,1048576,1,15952000,15668375072949646406
normal-o3,0,256,suffix-2,16,whitefoot,0,1048576,524288,1,21960000,7440959976666623466
normal-o3,0,256,suffix-2,16,reverse-c,0,1048576,524288,1,35658000,7440959976666623466
normal-o3,0,256,suffix-2,16,direct-c,0,1048576,524288,1,21746000,7440959976666623466
normal-o3,0,256,suffix-2,16,swap-take-c,0,1048576,524288,1,35843000,7440959976666623466
normal-o3,0,256,suffix-2,16,take-swap-c,0,1048576,524288,1,21918000,7440959976666623466
normal-o3,0,256,suffix-2,16,rust-vec,0,1048576,524288,1,21735000,7440959976666623466
normal-o3,0,256,suffix-2,16,cpp-std-vector,0,1048576,524288,1,21668000,7440959976666623466
normal-o3,0,256,suffix-2,16,reverse-c,1,1048576,524288,1,35779000,5917089180867772268
normal-o3,0,256,suffix-2,16,direct-c,1,1048576,524288,1,22875000,5917089180867772268
normal-o3,0,256,suffix-2,16,swap-take-c,1,1048576,524288,1,36626000,5917089180867772268
normal-o3,0,256,suffix-2,16,take-swap-c,1,1048576,524288,1,22160000,5917089180867772268
normal-o3,0,256,suffix-2,16,rust-vec,1,1048576,524288,1,21562000,5917089180867772268
normal-o3,0,256,suffix-2,16,cpp-std-vector,1,1048576,524288,1,21752000,5917089180867772268
normal-o3,0,256,suffix-2,16,whitefoot,1,1048576,524288,1,21672000,5917089180867772268
normal-o3,0,256,suffix-2,16,direct-c,2,1048576,524288,1,22040000,4393218385068921070
normal-o3,0,256,suffix-2,16,swap-take-c,2,1048576,524288,1,36887000,4393218385068921070
normal-o3,0,256,suffix-2,16,take-swap-c,2,1048576,524288,1,22660000,4393218385068921070
normal-o3,0,256,suffix-2,16,rust-vec,2,1048576,524288,1,21791000,4393218385068921070
normal-o3,0,256,suffix-2,16,cpp-std-vector,2,1048576,524288,1,21707000,4393218385068921070
normal-o3,0,256,suffix-2,16,whitefoot,2,1048576,524288,1,21568000,4393218385068921070
normal-o3,0,256,suffix-2,16,reverse-c,2,1048576,524288,1,35769000,4393218385068921070
normal-o3,0,256,suffix-2,16,swap-take-c,3,1048576,524288,1,35719000,2869347589270069872
normal-o3,0,256,suffix-2,16,take-swap-c,3,1048576,524288,1,22750000,2869347589270069872
normal-o3,0,256,suffix-2,16,rust-vec,3,1048576,524288,1,21643000,2869347589270069872
normal-o3,0,256,suffix-2,16,cpp-std-vector,3,1048576,524288,1,21732000,2869347589270069872
normal-o3,0,256,suffix-2,16,whitefoot,3,1048576,524288,1,21652000,2869347589270069872
normal-o3,0,256,suffix-2,16,reverse-c,3,1048576,524288,1,35739000,2869347589270069872
normal-o3,0,256,suffix-2,16,direct-c,3,1048576,524288,1,21660000,2869347589270069872
normal-o3,0,256,suffix-2,16,take-swap-c,4,1048576,524288,1,22058000,1345476793471218674
normal-o3,0,256,suffix-2,16,rust-vec,4,1048576,524288,1,21657000,1345476793471218674
normal-o3,0,256,suffix-2,16,cpp-std-vector,4,1048576,524288,1,21903000,1345476793471218674
normal-o3,0,256,suffix-2,16,whitefoot,4,1048576,524288,1,21648000,1345476793471218674
normal-o3,0,256,suffix-2,16,reverse-c,4,1048576,524288,1,35783000,1345476793471218674
normal-o3,0,256,suffix-2,16,direct-c,4,1048576,524288,1,21748000,1345476793471218674
normal-o3,0,256,suffix-2,16,swap-take-c,4,1048576,524288,1,35964000,1345476793471218674
normal-o3,0,256,suffix-2,16,rust-vec,5,1048576,524288,1,22463000,18268350071381919092
normal-o3,0,256,suffix-2,16,cpp-std-vector,5,1048576,524288,1,22031000,18268350071381919092
normal-o3,0,256,suffix-2,16,whitefoot,5,1048576,524288,1,21664000,18268350071381919092
normal-o3,0,256,suffix-2,16,reverse-c,5,1048576,524288,1,35756000,18268350071381919092
normal-o3,0,256,suffix-2,16,direct-c,5,1048576,524288,1,21683000,18268350071381919092
normal-o3,0,256,suffix-2,16,swap-take-c,5,1048576,524288,1,36052000,18268350071381919092
normal-o3,0,256,suffix-2,16,take-swap-c,5,1048576,524288,1,21993000,18268350071381919092
normal-o3,0,256,suffix-2,16,cpp-std-vector,6,1048576,524288,1,21684000,16744479275583067894
normal-o3,0,256,suffix-2,16,whitefoot,6,1048576,524288,1,21638000,16744479275583067894
normal-o3,0,256,suffix-2,16,reverse-c,6,1048576,524288,1,36062000,16744479275583067894
normal-o3,0,256,suffix-2,16,direct-c,6,1048576,524288,1,21708000,16744479275583067894
normal-o3,0,256,suffix-2,16,swap-take-c,6,1048576,524288,1,35676000,16744479275583067894
normal-o3,0,256,suffix-2,16,take-swap-c,6,1048576,524288,1,22318000,16744479275583067894
normal-o3,0,256,suffix-2,16,rust-vec,6,1048576,524288,1,21632000,16744479275583067894
normal-o3,0,256,suffix-2,256,whitefoot,0,1048576,524288,1,22696000,2462342821806119658
normal-o3,0,256,suffix-2,256,reverse-c,0,1048576,524288,1,36885000,2462342821806119658
normal-o3,0,256,suffix-2,256,direct-c,0,1048576,524288,1,21777000,2462342821806119658
normal-o3,0,256,suffix-2,256,swap-take-c,0,1048576,524288,1,35667000,2462342821806119658
normal-o3,0,256,suffix-2,256,take-swap-c,0,1048576,524288,1,22194000,2462342821806119658
normal-o3,0,256,suffix-2,256,rust-vec,0,1048576,524288,1,21656000,2462342821806119658
normal-o3,0,256,suffix-2,256,cpp-std-vector,0,1048576,524288,1,21669000,2462342821806119658
normal-o3,0,256,suffix-2,256,reverse-c,1,1048576,524288,1,35632000,15413974867576442988
normal-o3,0,256,suffix-2,256,direct-c,1,1048576,524288,1,21606000,15413974867576442988
normal-o3,0,256,suffix-2,256,swap-take-c,1,1048576,524288,1,36553000,15413974867576442988
normal-o3,0,256,suffix-2,256,take-swap-c,1,1048576,524288,1,22006000,15413974867576442988
normal-o3,0,256,suffix-2,256,rust-vec,1,1048576,524288,1,21798000,15413974867576442988
normal-o3,0,256,suffix-2,256,cpp-std-vector,1,1048576,524288,1,21949000,15413974867576442988
normal-o3,0,256,suffix-2,256,whitefoot,1,1048576,524288,1,21736000,15413974867576442988
normal-o3,0,256,suffix-2,256,direct-c,2,1048576,524288,1,21744000,9918862839637214702
normal-o3,0,256,suffix-2,256,swap-take-c,2,1048576,524288,1,35884000,9918862839637214702
normal-o3,0,256,suffix-2,256,take-swap-c,2,1048576,524288,1,22107000,9918862839637214702
normal-o3,0,256,suffix-2,256,rust-vec,2,1048576,524288,1,21814000,9918862839637214702
normal-o3,0,256,suffix-2,256,cpp-std-vector,2,1048576,524288,1,21661000,9918862839637214702
normal-o3,0,256,suffix-2,256,whitefoot,2,1048576,524288,1,21689000,9918862839637214702
normal-o3,0,256,suffix-2,256,reverse-c,2,1048576,524288,1,35758000,9918862839637214702
normal-o3,0,256,suffix-2,256,swap-take-c,3,1048576,524288,1,35743000,4423750811697986416
normal-o3,0,256,suffix-2,256,take-swap-c,3,1048576,524288,1,22173000,4423750811697986416
normal-o3,0,256,suffix-2,256,rust-vec,3,1048576,524288,1,21778000,4423750811697986416
normal-o3,0,256,suffix-2,256,cpp-std-vector,3,1048576,524288,1,21745000,4423750811697986416
normal-o3,0,256,suffix-2,256,whitefoot,3,1048576,524288,1,21634000,4423750811697986416
normal-o3,0,256,suffix-2,256,reverse-c,3,1048576,524288,1,35779000,4423750811697986416
normal-o3,0,256,suffix-2,256,direct-c,3,1048576,524288,1,21783000,4423750811697986416
normal-o3,0,256,suffix-2,256,take-swap-c,4,1048576,524288,1,22007000,17375382857468309746
normal-o3,0,256,suffix-2,256,rust-vec,4,1048576,524288,1,21728000,17375382857468309746
normal-o3,0,256,suffix-2,256,cpp-std-vector,4,1048576,524288,1,21617000,17375382857468309746
normal-o3,0,256,suffix-2,256,whitefoot,4,1048576,524288,1,21664000,17375382857468309746
normal-o3,0,256,suffix-2,256,reverse-c,4,1048576,524288,1,36009000,17375382857468309746
normal-o3,0,256,suffix-2,256,direct-c,4,1048576,524288,1,21921000,17375382857468309746
normal-o3,0,256,suffix-2,256,swap-take-c,4,1048576,524288,1,36064000,17375382857468309746
normal-o3,0,256,suffix-2,256,rust-vec,5,1048576,524288,1,22558000,11880270829529081460
normal-o3,0,256,suffix-2,256,cpp-std-vector,5,1048576,524288,1,21942000,11880270829529081460
normal-o3,0,256,suffix-2,256,whitefoot,5,1048576,524288,1,21584000,11880270829529081460
normal-o3,0,256,suffix-2,256,reverse-c,5,1048576,524288,1,35681000,11880270829529081460
normal-o3,0,256,suffix-2,256,direct-c,5,1048576,524288,1,21764000,11880270829529081460
normal-o3,0,256,suffix-2,256,swap-take-c,5,1048576,524288,1,35653000,11880270829529081460
normal-o3,0,256,suffix-2,256,take-swap-c,5,1048576,524288,1,22310000,11880270829529081460
normal-o3,0,256,suffix-2,256,cpp-std-vector,6,1048576,524288,1,21640000,6385158801589853174
normal-o3,0,256,suffix-2,256,whitefoot,6,1048576,524288,1,21642000,6385158801589853174
normal-o3,0,256,suffix-2,256,reverse-c,6,1048576,524288,1,35709000,6385158801589853174
normal-o3,0,256,suffix-2,256,direct-c,6,1048576,524288,1,21617000,6385158801589853174
normal-o3,0,256,suffix-2,256,swap-take-c,6,1048576,524288,1,36094000,6385158801589853174
normal-o3,0,256,suffix-2,256,take-swap-c,6,1048576,524288,1,22799000,6385158801589853174
normal-o3,0,256,suffix-2,256,rust-vec,6,1048576,524288,1,21843000,6385158801589853174
normal-o3,0,256,suffix-2,4096,whitefoot,0,1048576,524288,1,21736000,9641278357841734378
normal-o3,0,256,suffix-2,4096,reverse-c,0,1048576,524288,1,35944000,9641278357841734378
normal-o3,0,256,suffix-2,4096,direct-c,0,1048576,524288,1,21816000,9641278357841734378
normal-o3,0,256,suffix-2,4096,swap-take-c,0,1048576,524288,1,35749000,9641278357841734378
normal-o3,0,256,suffix-2,4096,take-swap-c,0,1048576,524288,1,22790000,9641278357841734378
normal-o3,0,256,suffix-2,4096,rust-vec,0,1048576,524288,1,21795000,9641278357841734378
normal-o3,0,256,suffix-2,4096,cpp-std-vector,0,1048576,524288,1,21866000,9641278357841734378
normal-o3,0,256,suffix-2,4096,reverse-c,1,1048576,524288,1,35822000,1379187259122409580
normal-o3,0,256,suffix-2,4096,direct-c,1,1048576,524288,1,22067000,1379187259122409580
normal-o3,0,256,suffix-2,4096,swap-take-c,1,1048576,524288,1,36004000,1379187259122409580
normal-o3,0,256,suffix-2,4096,take-swap-c,1,1048576,524288,1,22195000,1379187259122409580
normal-o3,0,256,suffix-2,4096,rust-vec,1,1048576,524288,1,22151000,1379187259122409580
normal-o3,0,256,suffix-2,4096,cpp-std-vector,1,1048576,524288,1,21847000,1379187259122409580
normal-o3,0,256,suffix-2,4096,whitefoot,1,1048576,524288,1,21707000,1379187259122409580
normal-o3,0,256,suffix-2,4096,direct-c,2,1048576,524288,1,21905000,11563840234112636398
normal-o3,0,256,suffix-2,4096,swap-take-c,2,1048576,524288,1,36169000,11563840234112636398
normal-o3,0,256,suffix-2,4096,take-swap-c,2,1048576,524288,1,22243000,11563840234112636398
normal-o3,0,256,suffix-2,4096,rust-vec,2,1048576,524288,1,21830000,11563840234112636398
normal-o3,0,256,suffix-2,4096,cpp-std-vector,2,1048576,524288,1,21896000,11563840234112636398
normal-o3,0,256,suffix-2,4096,whitefoot,2,1048576,524288,1,22844000,11563840234112636398
normal-o3,0,256,suffix-2,4096,reverse-c,2,1048576,524288,1,37171000,11563840234112636398
normal-o3,0,256,suffix-2,4096,swap-take-c,3,1048576,524288,1,35766000,3301749135393311600
normal-o3,0,256,suffix-2,4096,take-swap-c,3,1048576,524288,1,22168000,3301749135393311600
normal-o3,0,256,suffix-2,4096,rust-vec,3,1048576,524288,1,21815000,3301749135393311600
normal-o3,0,256,suffix-2,4096,cpp-std-vector,3,1048576,524288,1,21846000,3301749135393311600
normal-o3,0,256,suffix-2,4096,whitefoot,3,1048576,524288,1,21764000,3301749135393311600
normal-o3,0,256,suffix-2,4096,reverse-c,3,1048576,524288,1,35932000,3301749135393311600
normal-o3,0,256,suffix-2,4096,direct-c,3,1048576,524288,1,21816000,3301749135393311600
normal-o3,0,256,suffix-2,4096,take-swap-c,4,1048576,524288,1,22195000,13486402110383538418
normal-o3,0,256,suffix-2,4096,rust-vec,4,1048576,524288,1,21711000,13486402110383538418
normal-o3,0,256,suffix-2,4096,cpp-std-vector,4,1048576,524288,1,22029000,13486402110383538418
normal-o3,0,256,suffix-2,4096,whitefoot,4,1048576,524288,1,21718000,13486402110383538418
normal-o3,0,256,suffix-2,4096,reverse-c,4,1048576,524288,1,36020000,13486402110383538418
normal-o3,0,256,suffix-2,4096,direct-c,4,1048576,524288,1,21900000,13486402110383538418
normal-o3,0,256,suffix-2,4096,swap-take-c,4,1048576,524288,1,36383000,13486402110383538418
normal-o3,0,256,suffix-2,4096,rust-vec,5,1048576,524288,1,21852000,5224311011664213620
normal-o3,0,256,suffix-2,4096,cpp-std-vector,5,1048576,524288,1,21814000,5224311011664213620
normal-o3,0,256,suffix-2,4096,whitefoot,5,1048576,524288,1,21730000,5224311011664213620
normal-o3,0,256,suffix-2,4096,reverse-c,5,1048576,524288,1,35822000,5224311011664213620
normal-o3,0,256,suffix-2,4096,direct-c,5,1048576,524288,1,21832000,5224311011664213620
normal-o3,0,256,suffix-2,4096,swap-take-c,5,1048576,524288,1,35823000,5224311011664213620
normal-o3,0,256,suffix-2,4096,take-swap-c,5,1048576,524288,1,22167000,5224311011664213620
normal-o3,0,256,suffix-2,4096,cpp-std-vector,6,1048576,524288,1,21889000,15408963986654440438
normal-o3,0,256,suffix-2,4096,whitefoot,6,1048576,524288,1,21615000,15408963986654440438
normal-o3,0,256,suffix-2,4096,reverse-c,6,1048576,524288,1,35870000,15408963986654440438
normal-o3,0,256,suffix-2,4096,direct-c,6,1048576,524288,1,21933000,15408963986654440438
normal-o3,0,256,suffix-2,4096,swap-take-c,6,1048576,524288,1,35799000,15408963986654440438
normal-o3,0,256,suffix-2,4096,take-swap-c,6,1048576,524288,1,22207000,15408963986654440438
normal-o3,0,256,suffix-2,4096,rust-vec,6,1048576,524288,1,21803000,15408963986654440438
normal-o3,0,256,suffix-3,16,whitefoot,0,1048576,349525,1,25680000,1054367555497166597
normal-o3,0,256,suffix-3,16,reverse-c,0,1048576,349525,1,35502000,1054367555497166597
normal-o3,0,256,suffix-3,16,direct-c,0,1048576,349525,1,26340000,1054367555497166597
normal-o3,0,256,suffix-3,16,swap-take-c,0,1048576,349525,1,36684000,1054367555497166597
normal-o3,0,256,suffix-3,16,take-swap-c,0,1048576,349525,1,31202000,1054367555497166597
normal-o3,0,256,suffix-3,16,rust-vec,0,1048576,349525,1,25062000,1054367555497166597
normal-o3,0,256,suffix-3,16,cpp-std-vector,0,1048576,349525,1,26089000,1054367555497166597
normal-o3,0,256,suffix-3,16,reverse-c,1,1048576,349525,1,35463000,5794397202544729692
normal-o3,0,256,suffix-3,16,direct-c,1,1048576,349525,1,25108000,5794397202544729692
normal-o3,0,256,suffix-3,16,swap-take-c,1,1048576,349525,1,35461000,5794397202544729692
normal-o3,0,256,suffix-3,16,take-swap-c,1,1048576,349525,1,31074000,5794397202544729692
normal-o3,0,256,suffix-3,16,rust-vec,1,1048576,349525,1,25095000,5794397202544729692
normal-o3,0,256,suffix-3,16,cpp-std-vector,1,1048576,349525,1,26234000,5794397202544729692
normal-o3,0,256,suffix-3,16,whitefoot,1,1048576,349525,1,25809000,5794397202544729692
normal-o3,0,256,suffix-3,16,direct-c,2,1048576,349525,1,25411000,10534426849592292787
normal-o3,0,256,suffix-3,16,swap-take-c,2,1048576,349525,1,35641000,10534426849592292787
normal-o3,0,256,suffix-3,16,take-swap-c,2,1048576,349525,1,31159000,10534426849592292787
normal-o3,0,256,suffix-3,16,rust-vec,2,1048576,349525,1,25082000,10534426849592292787
normal-o3,0,256,suffix-3,16,cpp-std-vector,2,1048576,349525,1,26698000,10534426849592292787
normal-o3,0,256,suffix-3,16,whitefoot,2,1048576,349525,1,25630000,10534426849592292787
normal-o3,0,256,suffix-3,16,reverse-c,2,1048576,349525,1,35471000,10534426849592292787
normal-o3,0,256,suffix-3,16,swap-take-c,3,1048576,349525,1,35446000,15274456496639855882
normal-o3,0,256,suffix-3,16,take-swap-c,3,1048576,349525,1,31206000,15274456496639855882
normal-o3,0,256,suffix-3,16,rust-vec,3,1048576,349525,1,25125000,15274456496639855882
normal-o3,0,256,suffix-3,16,cpp-std-vector,3,1048576,349525,1,26092000,15274456496639855882
normal-o3,0,256,suffix-3,16,whitefoot,3,1048576,349525,1,25428000,15274456496639855882
normal-o3,0,256,suffix-3,16,reverse-c,3,1048576,349525,1,35358000,15274456496639855882
normal-o3,0,256,suffix-3,16,direct-c,3,1048576,349525,1,25742000,15274456496639855882
normal-o3,0,256,suffix-3,16,take-swap-c,4,1048576,349525,1,32835000,1567742069977867361
normal-o3,0,256,suffix-3,16,rust-vec,4,1048576,349525,1,25442000,1567742069977867361
normal-o3,0,256,suffix-3,16,cpp-std-vector,4,1048576,349525,1,26258000,1567742069977867361
normal-o3,0,256,suffix-3,16,whitefoot,4,1048576,349525,1,25511000,1567742069977867361
normal-o3,0,256,suffix-3,16,reverse-c,4,1048576,349525,1,36762000,1567742069977867361
normal-o3,0,256,suffix-3,16,direct-c,4,1048576,349525,1,26098000,1567742069977867361
normal-o3,0,256,suffix-3,16,swap-take-c,4,1048576,349525,1,35935000,1567742069977867361
normal-o3,0,256,suffix-3,16,rust-vec,5,1048576,349525,1,25023000,6307771717025430456
normal-o3,0,256,suffix-3,16,cpp-std-vector,5,1048576,349525,1,26039000,6307771717025430456
normal-o3,0,256,suffix-3,16,whitefoot,5,1048576,349525,1,25466000,6307771717025430456
normal-o3,0,256,suffix-3,16,reverse-c,5,1048576,349525,1,35376000,6307771717025430456
normal-o3,0,256,suffix-3,16,direct-c,5,1048576,349525,1,25229000,6307771717025430456
normal-o3,0,256,suffix-3,16,swap-take-c,5,1048576,349525,1,35614000,6307771717025430456
normal-o3,0,256,suffix-3,16,take-swap-c,5,1048576,349525,1,31177000,6307771717025430456
normal-o3,0,256,suffix-3,16,cpp-std-vector,6,1048576,349525,1,26180000,11047801364072993551
normal-o3,0,256,suffix-3,16,whitefoot,6,1048576,349525,1,25522000,11047801364072993551
normal-o3,0,256,suffix-3,16,reverse-c,6,1048576,349525,1,35470000,11047801364072993551
normal-o3,0,256,suffix-3,16,direct-c,6,1048576,349525,1,25137000,11047801364072993551
normal-o3,0,256,suffix-3,16,swap-take-c,6,1048576,349525,1,35461000,11047801364072993551
normal-o3,0,256,suffix-3,16,take-swap-c,6,1048576,349525,1,31260000,11047801364072993551
normal-o3,0,256,suffix-3,16,rust-vec,6,1048576,349525,1,25077000,11047801364072993551
normal-o3,0,256,suffix-3,256,whitefoot,0,1048576,349525,1,25900000,15528439189922159621
normal-o3,0,256,suffix-3,256,reverse-c,0,1048576,349525,1,35938000,15528439189922159621
normal-o3,0,256,suffix-3,256,direct-c,0,1048576,349525,1,26209000,15528439189922159621
normal-o3,0,256,suffix-3,256,swap-take-c,0,1048576,349525,1,36886000,15528439189922159621
normal-o3,0,256,suffix-3,256,take-swap-c,0,1048576,349525,1,31245000,15528439189922159621
normal-o3,0,256,suffix-3,256,rust-vec,0,1048576,349525,1,25150000,15528439189922159621
normal-o3,0,256,suffix-3,256,cpp-std-vector,0,1048576,349525,1,26107000,15528439189922159621
normal-o3,0,256,suffix-3,256,reverse-c,1,1048576,349525,1,35451000,6728350532028667740
normal-o3,0,256,suffix-3,256,direct-c,1,1048576,349525,1,25176000,6728350532028667740
normal-o3,0,256,suffix-3,256,swap-take-c,1,1048576,349525,1,36739000,6728350532028667740
normal-o3,0,256,suffix-3,256,take-swap-c,1,1048576,349525,1,31918000,6728350532028667740
normal-o3,0,256,suffix-3,256,rust-vec,1,1048576,349525,1,25114000,6728350532028667740
normal-o3,0,256,suffix-3,256,cpp-std-vector,1,1048576,349525,1,26178000,6728350532028667740
normal-o3,0,256,suffix-3,256,whitefoot,1,1048576,349525,1,25553000,6728350532028667740
normal-o3,0,256,suffix-3,256,direct-c,2,1048576,349525,1,25126000,16375005947844727475
normal-o3,0,256,suffix-3,256,swap-take-c,2,1048576,349525,1,35457000,16375005947844727475
normal-o3,0,256,suffix-3,256,take-swap-c,2,1048576,349525,1,31245000,16375005947844727475
normal-o3,0,256,suffix-3,256,rust-vec,2,1048576,349525,1,25109000,16375005947844727475
normal-o3,0,256,suffix-3,256,cpp-std-vector,2,1048576,349525,1,26153000,16375005947844727475
normal-o3,0,256,suffix-3,256,whitefoot,2,1048576,349525,1,25440000,16375005947844727475
normal-o3,0,256,suffix-3,256,reverse-c,2,1048576,349525,1,35501000,16375005947844727475
normal-o3,0,256,suffix-3,256,swap-take-c,3,1048576,349525,1,35485000,7574917289951235594
normal-o3,0,256,suffix-3,256,take-swap-c,3,1048576,349525,1,31236000,7574917289951235594
normal-o3,0,256,suffix-3,256,rust-vec,3,1048576,349525,1,25141000,7574917289951235594
normal-o3,0,256,suffix-3,256,cpp-std-vector,3,1048576,349525,1,26120000,7574917289951235594
normal-o3,0,256,suffix-3,256,whitefoot,3,1048576,349525,1,25716000,7574917289951235594
normal-o3,0,256,suffix-3,256,reverse-c,3,1048576,349525,1,35655000,7574917289951235594
normal-o3,0,256,suffix-3,256,direct-c,3,1048576,349525,1,25236000,7574917289951235594
normal-o3,0,256,suffix-3,256,take-swap-c,4,1048576,349525,1,31121000,17221572705767295329
normal-o3,0,256,suffix-3,256,rust-vec,4,1048576,349525,1,25266000,17221572705767295329
normal-o3,0,256,suffix-3,256,cpp-std-vector,4,1048576,349525,1,26050000,17221572705767295329
normal-o3,0,256,suffix-3,256,whitefoot,4,1048576,349525,1,25477000,17221572705767295329
normal-o3,0,256,suffix-3,256,reverse-c,4,1048576,349525,1,35321000,17221572705767295329
normal-o3,0,256,suffix-3,256,direct-c,4,1048576,349525,1,25363000,17221572705767295329
normal-o3,0,256,suffix-3,256,swap-take-c,4,1048576,349525,1,36213000,17221572705767295329
normal-o3,0,256,suffix-3,256,rust-vec,5,1048576,349525,1,25058000,8421484047873803448
normal-o3,0,256,suffix-3,256,cpp-std-vector,5,1048576,349525,1,26114000,8421484047873803448
normal-o3,0,256,suffix-3,256,whitefoot,5,1048576,349525,1,25511000,8421484047873803448
normal-o3,0,256,suffix-3,256,reverse-c,5,1048576,349525,1,35466000,8421484047873803448
normal-o3,0,256,suffix-3,256,direct-c,5,1048576,349525,1,25647000,8421484047873803448
normal-o3,0,256,suffix-3,256,swap-take-c,5,1048576,349525,1,35540000,8421484047873803448
normal-o3,0,256,suffix-3,256,take-swap-c,5,1048576,349525,1,31447000,8421484047873803448
normal-o3,0,256,suffix-3,256,cpp-std-vector,6,1048576,349525,1,27400000,18068139463689863183
normal-o3,0,256,suffix-3,256,whitefoot,6,1048576,349525,1,26303000,18068139463689863183
normal-o3,0,256,suffix-3,256,reverse-c,6,1048576,349525,1,36392000,18068139463689863183
normal-o3,0,256,suffix-3,256,direct-c,6,1048576,349525,1,25286000,18068139463689863183
normal-o3,0,256,suffix-3,256,swap-take-c,6,1048576,349525,1,35353000,18068139463689863183
normal-o3,0,256,suffix-3,256,take-swap-c,6,1048576,349525,1,31487000,18068139463689863183
normal-o3,0,256,suffix-3,256,rust-vec,6,1048576,349525,1,25355000,18068139463689863183
normal-o3,0,256,suffix-3,4096,whitefoot,0,1048576,349525,1,25661000,15626320741824457733
normal-o3,0,256,suffix-3,4096,reverse-c,0,1048576,349525,1,35673000,15626320741824457733
normal-o3,0,256,suffix-3,4096,direct-c,0,1048576,349525,1,25413000,15626320741824457733
normal-o3,0,256,suffix-3,4096,swap-take-c,0,1048576,349525,1,35504000,15626320741824457733
normal-o3,0,256,suffix-3,4096,take-swap-c,0,1048576,349525,1,31304000,15626320741824457733
normal-o3,0,256,suffix-3,4096,rust-vec,0,1048576,349525,1,25200000,15626320741824457733
normal-o3,0,256,suffix-3,4096,cpp-std-vector,0,1048576,349525,1,26359000,15626320741824457733
normal-o3,0,256,suffix-3,4096,reverse-c,1,1048576,349525,1,35645000,11900565124691961692
normal-o3,0,256,suffix-3,4096,direct-c,1,1048576,349525,1,25281000,11900565124691961692
normal-o3,0,256,suffix-3,4096,swap-take-c,1,1048576,349525,1,35776000,11900565124691961692
normal-o3,0,256,suffix-3,4096,take-swap-c,1,1048576,349525,1,31952000,11900565124691961692
normal-o3,0,256,suffix-3,4096,rust-vec,1,1048576,349525,1,25177000,11900565124691961692
normal-o3,0,256,suffix-3,4096,cpp-std-vector,1,1048576,349525,1,26199000,11900565124691961692
normal-o3,0,256,suffix-3,4096,whitefoot,1,1048576,349525,1,25666000,11900565124691961692
normal-o3,0,256,suffix-3,4096,direct-c,2,1048576,349525,1,25221000,8174809507559465651
normal-o3,0,256,suffix-3,4096,swap-take-c,2,1048576,349525,1,35618000,8174809507559465651
normal-o3,0,256,suffix-3,4096,take-swap-c,2,1048576,349525,1,31750000,8174809507559465651
normal-o3,0,256,suffix-3,4096,rust-vec,2,1048576,349525,1,25590000,8174809507559465651
normal-o3,0,256,suffix-3,4096,cpp-std-vector,2,1048576,349525,1,26258000,8174809507559465651
normal-o3,0,256,suffix-3,4096,whitefoot,2,1048576,349525,1,25646000,8174809507559465651
normal-o3,0,256,suffix-3,4096,reverse-c,2,1048576,349525,1,35589000,8174809507559465651
normal-o3,0,256,suffix-3,4096,swap-take-c,3,1048576,349525,1,35588000,4449053890426969610
normal-o3,0,256,suffix-3,4096,take-swap-c,3,1048576,349525,1,31295000,4449053890426969610
normal-o3,0,256,suffix-3,4096,rust-vec,3,1048576,349525,1,25835000,4449053890426969610
normal-o3,0,256,suffix-3,4096,cpp-std-vector,3,1048576,349525,1,26973000,4449053890426969610
normal-o3,0,256,suffix-3,4096,whitefoot,3,1048576,349525,1,26233000,4449053890426969610
normal-o3,0,256,suffix-3,4096,reverse-c,3,1048576,349525,1,35810000,4449053890426969610
normal-o3,0,256,suffix-3,4096,direct-c,3,1048576,349525,1,25207000,4449053890426969610
normal-o3,0,256,suffix-3,4096,take-swap-c,4,1048576,349525,1,31298000,723298273294473569
normal-o3,0,256,suffix-3,4096,rust-vec,4,1048576,349525,1,25299000,723298273294473569
normal-o3,0,256,suffix-3,4096,cpp-std-vector,4,1048576,349525,1,26204000,723298273294473569
normal-o3,0,256,suffix-3,4096,whitefoot,4,1048576,349525,1,25554000,723298273294473569
normal-o3,0,256,suffix-3,4096,reverse-c,4,1048576,349525,1,35602000,723298273294473569
normal-o3,0,256,suffix-3,4096,direct-c,4,1048576,349525,1,25270000,723298273294473569
normal-o3,0,256,suffix-3,4096,swap-take-c,4,1048576,349525,1,35582000,723298273294473569
normal-o3,0,256,suffix-3,4096,rust-vec,5,1048576,349525,1,25335000,15444286729871529144
normal-o3,0,256,suffix-3,4096,cpp-std-vector,5,1048576,349525,1,26423000,15444286729871529144
normal-o3,0,256,suffix-3,4096,whitefoot,5,1048576,349525,1,25668000,15444286729871529144
normal-o3,0,256,suffix-3,4096,reverse-c,5,1048576,349525,1,35635000,15444286729871529144
normal-o3,0,256,suffix-3,4096,direct-c,5,1048576,349525,1,25297000,15444286729871529144
normal-o3,0,256,suffix-3,4096,swap-take-c,5,1048576,349525,1,35676000,15444286729871529144
normal-o3,0,256,suffix-3,4096,take-swap-c,5,1048576,349525,1,31273000,15444286729871529144
normal-o3,0,256,suffix-3,4096,cpp-std-vector,6,1048576,349525,1,26249000,11718531112739033103
normal-o3,0,256,suffix-3,4096,whitefoot,6,1048576,349525,1,25623000,11718531112739033103
normal-o3,0,256,suffix-3,4096,reverse-c,6,1048576,349525,1,35583000,11718531112739033103
normal-o3,0,256,suffix-3,4096,direct-c,6,1048576,349525,1,25266000,11718531112739033103
normal-o3,0,256,suffix-3,4096,swap-take-c,6,1048576,349525,1,35564000,11718531112739033103
normal-o3,0,256,suffix-3,4096,take-swap-c,6,1048576,349525,1,31343000,11718531112739033103
normal-o3,0,256,suffix-3,4096,rust-vec,6,1048576,349525,1,25414000,11718531112739033103
normal-o3,1,8,reserved,16,cpp-std-vector,0,1048576,65536,1,3137000,1613149332516896869
normal-o3,1,8,reserved,16,rust-vec,0,1048576,65536,1,2376000,1613149332516896869
normal-o3,1,8,reserved,16,take-swap-c,0,1048576,65536,1,3665000,1613149332516896869
normal-o3,1,8,reserved,16,swap-take-c,0,1048576,65536,1,3779000,1613149332516896869
normal-o3,1,8,reserved,16,direct-c,0,1048576,65536,1,3238000,1613149332516896869
normal-o3,1,8,reserved,16,reverse-c,0,1048576,65536,1,3936000,1613149332516896869
normal-o3,1,8,reserved,16,whitefoot,0,1048576,65536,1,3087000,1613149332516896869
normal-o3,1,8,reserved,16,rust-vec,1,1048576,65536,1,2407000,15534383740606742630
normal-o3,1,8,reserved,16,take-swap-c,1,1048576,65536,1,3785000,15534383740606742630
normal-o3,1,8,reserved,16,swap-take-c,1,1048576,65536,1,3922000,15534383740606742630
normal-o3,1,8,reserved,16,direct-c,1,1048576,65536,1,3302000,15534383740606742630
normal-o3,1,8,reserved,16,reverse-c,1,1048576,65536,1,4037000,15534383740606742630
normal-o3,1,8,reserved,16,whitefoot,1,1048576,65536,1,3156000,15534383740606742630
normal-o3,1,8,reserved,16,cpp-std-vector,1,1048576,65536,1,3231000,15534383740606742630
normal-o3,1,8,reserved,16,take-swap-c,2,1048576,65536,1,3779000,11203551505675976807
normal-o3,1,8,reserved,16,swap-take-c,2,1048576,65536,1,3898000,11203551505675976807
normal-o3,1,8,reserved,16,direct-c,2,1048576,65536,1,3400000,11203551505675976807
normal-o3,1,8,reserved,16,reverse-c,2,1048576,65536,1,4044000,11203551505675976807
normal-o3,1,8,reserved,16,whitefoot,2,1048576,65536,1,3100000,11203551505675976807
normal-o3,1,8,reserved,16,cpp-std-vector,2,1048576,65536,1,3147000,11203551505675976807
normal-o3,1,8,reserved,16,rust-vec,2,1048576,65536,1,2376000,11203551505675976807
normal-o3,1,8,reserved,16,swap-take-c,3,1048576,65536,1,3792000,598448321840808040
normal-o3,1,8,reserved,16,direct-c,3,1048576,65536,1,3241000,598448321840808040
normal-o3,1,8,reserved,16,reverse-c,3,1048576,65536,1,4082000,598448321840808040
normal-o3,1,8,reserved,16,whitefoot,3,1048576,65536,1,3059000,598448321840808040
normal-o3,1,8,reserved,16,cpp-std-vector,3,1048576,65536,1,3185000,598448321840808040
normal-o3,1,8,reserved,16,rust-vec,3,1048576,65536,1,2413000,598448321840808040
normal-o3,1,8,reserved,16,take-swap-c,3,1048576,65536,1,3738000,598448321840808040
normal-o3,1,8,reserved,16,direct-c,4,1048576,65536,1,3278000,3717605000514633833
normal-o3,1,8,reserved,16,reverse-c,4,1048576,65536,1,3954000,3717605000514633833
normal-o3,1,8,reserved,16,whitefoot,4,1048576,65536,1,3108000,3717605000514633833
normal-o3,1,8,reserved,16,cpp-std-vector,4,1048576,65536,1,3145000,3717605000514633833
normal-o3,1,8,reserved,16,rust-vec,4,1048576,65536,1,2376000,3717605000514633833
normal-o3,1,8,reserved,16,take-swap-c,4,1048576,65536,1,3726000,3717605000514633833
normal-o3,1,8,reserved,16,swap-take-c,4,1048576,65536,1,3789000,3717605000514633833
normal-o3,1,8,reserved,16,reverse-c,5,1048576,65536,1,3975000,7745013020975693930
normal-o3,1,8,reserved,16,whitefoot,5,1048576,65536,1,3135000,7745013020975693930
normal-o3,1,8,reserved,16,cpp-std-vector,5,1048576,65536,1,3137000,7745013020975693930
normal-o3,1,8,reserved,16,rust-vec,5,1048576,65536,1,2380000,7745013020975693930
normal-o3,1,8,reserved,16,take-swap-c,5,1048576,65536,1,3676000,7745013020975693930
normal-o3,1,8,reserved,16,swap-take-c,5,1048576,65536,1,3831000,7745013020975693930
normal-o3,1,8,reserved,16,direct-c,5,1048576,65536,1,3251000,7745013020975693930
normal-o3,1,8,reserved,16,whitefoot,6,1048576,65536,1,3104000,6351481337365135467
normal-o3,1,8,reserved,16,cpp-std-vector,6,1048576,65536,1,3133000,6351481337365135467
normal-o3,1,8,reserved,16,rust-vec,6,1048576,65536,1,2376000,6351481337365135467
normal-o3,1,8,reserved,16,take-swap-c,6,1048576,65536,1,3707000,6351481337365135467
normal-o3,1,8,reserved,16,swap-take-c,6,1048576,65536,1,3895000,6351481337365135467
normal-o3,1,8,reserved,16,direct-c,6,1048576,65536,1,3379000,6351481337365135467
normal-o3,1,8,reserved,16,reverse-c,6,1048576,65536,1,4205000,6351481337365135467
normal-o3,1,8,reserved,256,cpp-std-vector,0,1048576,4096,1,2144000,1498897996573024357
normal-o3,1,8,reserved,256,rust-vec,0,1048576,4096,1,1548000,1498897996573024357
normal-o3,1,8,reserved,256,take-swap-c,0,1048576,4096,1,2213000,1498897996573024357
normal-o3,1,8,reserved,256,swap-take-c,0,1048576,4096,1,2269000,1498897996573024357
normal-o3,1,8,reserved,256,direct-c,0,1048576,4096,1,1796000,1498897996573024357
normal-o3,1,8,reserved,256,reverse-c,0,1048576,4096,1,3332000,1498897996573024357
normal-o3,1,8,reserved,256,whitefoot,0,1048576,4096,1,1756000,1498897996573024357
normal-o3,1,8,reserved,256,rust-vec,1,1048576,4096,1,1645000,7707534785925595238
normal-o3,1,8,reserved,256,take-swap-c,1,1048576,4096,1,2255000,7707534785925595238
normal-o3,1,8,reserved,256,swap-take-c,1,1048576,4096,1,2300000,7707534785925595238
normal-o3,1,8,reserved,256,direct-c,1,1048576,4096,1,1737000,7707534785925595238
normal-o3,1,8,reserved,256,reverse-c,1,1048576,4096,1,3228000,7707534785925595238
normal-o3,1,8,reserved,256,whitefoot,1,1048576,4096,1,1728000,7707534785925595238
normal-o3,1,8,reserved,256,cpp-std-vector,1,1048576,4096,1,2111000,7707534785925595238
normal-o3,1,8,reserved,256,take-swap-c,2,1048576,4096,1,2251000,5506079726878842983
normal-o3,1,8,reserved,256,swap-take-c,2,1048576,4096,1,2171000,5506079726878842983
normal-o3,1,8,reserved,256,direct-c,2,1048576,4096,1,1756000,5506079726878842983
normal-o3,1,8,reserved,256,reverse-c,2,1048576,4096,1,3375000,5506079726878842983
normal-o3,1,8,reserved,256,whitefoot,2,1048576,4096,1,1782000,5506079726878842983
normal-o3,1,8,reserved,256,cpp-std-vector,2,1048576,4096,1,2206000,5506079726878842983
normal-o3,1,8,reserved,256,rust-vec,2,1048576,4096,1,1627000,5506079726878842983
normal-o3,1,8,reserved,256,swap-take-c,3,1048576,4096,1,2102000,5888291873035911272
normal-o3,1,8,reserved,256,direct-c,3,1048576,4096,1,1708000,5888291873035911272
normal-o3,1,8,reserved,256,reverse-c,3,1048576,4096,1,3227000,5888291873035911272
normal-o3,1,8,reserved,256,whitefoot,3,1048576,4096,1,1763000,5888291873035911272
normal-o3,1,8,reserved,256,cpp-std-vector,3,1048576,4096,1,2097000,5888291873035911272
normal-o3,1,8,reserved,256,rust-vec,3,1048576,4096,1,1539000,5888291873035911272
normal-o3,1,8,reserved,256,take-swap-c,3,1048576,4096,1,2153000,5888291873035911272
normal-o3,1,8,reserved,256,direct-c,4,1048576,4096,1,1742000,7512286317303570537
normal-o3,1,8,reserved,256,reverse-c,4,1048576,4096,1,3216000,7512286317303570537
normal-o3,1,8,reserved,256,whitefoot,4,1048576,4096,1,1702000,7512286317303570537
normal-o3,1,8,reserved,256,cpp-std-vector,4,1048576,4096,1,2167000,7512286317303570537
normal-o3,1,8,reserved,256,rust-vec,4,1048576,4096,1,1576000,7512286317303570537
normal-o3,1,8,reserved,256,take-swap-c,4,1048576,4096,1,2175000,7512286317303570537
normal-o3,1,8,reserved,256,swap-take-c,4,1048576,4096,1,2219000,7512286317303570537
normal-o3,1,8,reserved,256,reverse-c,5,1048576,4096,1,3233000,13357584908658163818
normal-o3,1,8,reserved,256,whitefoot,5,1048576,4096,1,1704000,13357584908658163818
normal-o3,1,8,reserved,256,cpp-std-vector,5,1048576,4096,1,2156000,13357584908658163818
normal-o3,1,8,reserved,256,rust-vec,5,1048576,4096,1,1559000,13357584908658163818
normal-o3,1,8,reserved,256,take-swap-c,5,1048576,4096,1,2236000,13357584908658163818
normal-o3,1,8,reserved,256,swap-take-c,5,1048576,4096,1,2216000,13357584908658163818
normal-o3,1,8,reserved,256,direct-c,5,1048576,4096,1,1701000,13357584908658163818
normal-o3,1,8,reserved,256,whitefoot,6,1048576,4096,1,1719000,10011933332678926443
normal-o3,1,8,reserved,256,cpp-std-vector,6,1048576,4096,1,2146000,10011933332678926443
normal-o3,1,8,reserved,256,rust-vec,6,1048576,4096,1,1547000,10011933332678926443
normal-o3,1,8,reserved,256,take-swap-c,6,1048576,4096,1,2162000,10011933332678926443
normal-o3,1,8,reserved,256,swap-take-c,6,1048576,4096,1,2234000,10011933332678926443
normal-o3,1,8,reserved,256,direct-c,6,1048576,4096,1,1715000,10011933332678926443
normal-o3,1,8,reserved,256,reverse-c,6,1048576,4096,1,3214000,10011933332678926443
normal-o3,1,8,reserved,4096,cpp-std-vector,0,1048576,256,1,2036000,2256710881311081573
normal-o3,1,8,reserved,4096,rust-vec,0,1048576,256,1,1533000,2256710881311081573
normal-o3,1,8,reserved,4096,take-swap-c,0,1048576,256,1,2063000,2256710881311081573
normal-o3,1,8,reserved,4096,swap-take-c,0,1048576,256,1,2165000,2256710881311081573
normal-o3,1,8,reserved,4096,direct-c,0,1048576,256,1,1681000,2256710881311081573
normal-o3,1,8,reserved,4096,reverse-c,0,1048576,256,1,2849000,2256710881311081573
normal-o3,1,8,reserved,4096,whitefoot,0,1048576,256,1,1668000,2256710881311081573
normal-o3,1,8,reserved,4096,rust-vec,1,1048576,256,1,1551000,6904654748820097126
normal-o3,1,8,reserved,4096,take-swap-c,1,1048576,256,1,2074000,6904654748820097126
normal-o3,1,8,reserved,4096,swap-take-c,1,1048576,256,1,2149000,6904654748820097126
normal-o3,1,8,reserved,4096,direct-c,1,1048576,256,1,1638000,6904654748820097126
normal-o3,1,8,reserved,4096,reverse-c,1,1048576,256,1,2916000,6904654748820097126
normal-o3,1,8,reserved,4096,whitefoot,1,1048576,256,1,1666000,6904654748820097126
normal-o3,1,8,reserved,4096,cpp-std-vector,1,1048576,256,1,2037000,6904654748820097126
normal-o3,1,8,reserved,4096,take-swap-c,2,1048576,256,1,2094000,16426223538089053287
normal-o3,1,8,reserved,4096,swap-take-c,2,1048576,256,1,2149000,16426223538089053287
normal-o3,1,8,reserved,4096,direct-c,2,1048576,256,1,1641000,16426223538089053287
normal-o3,1,8,reserved,4096,reverse-c,2,1048576,256,1,2866000,16426223538089053287
normal-o3,1,8,reserved,4096,whitefoot,2,1048576,256,1,1696000,16426223538089053287
normal-o3,1,8,reserved,4096,cpp-std-vector,2,1048576,256,1,2141000,16426223538089053287
normal-o3,1,8,reserved,4096,rust-vec,2,1048576,256,1,1528000,16426223538089053287
normal-o3,1,8,reserved,4096,swap-take-c,3,1048576,256,1,2145000,9531859752620511336
normal-o3,1,8,reserved,4096,direct-c,3,1048576,256,1,1666000,9531859752620511336
normal-o3,1,8,reserved,4096,reverse-c,3,1048576,256,1,2838000,9531859752620511336
normal-o3,1,8,reserved,4096,whitefoot,3,1048576,256,1,1669000,9531859752620511336
normal-o3,1,8,reserved,4096,cpp-std-vector,3,1048576,256,1,2089000,9531859752620511336
normal-o3,1,8,reserved,4096,rust-vec,3,1048576,256,1,1564000,9531859752620511336
normal-o3,1,8,reserved,4096,take-swap-c,3,1048576,256,1,2059000,9531859752620511336
normal-o3,1,8,reserved,4096,direct-c,4,1048576,256,1,1648000,14830550356061344873
normal-o3,1,8,reserved,4096,reverse-c,4,1048576,256,1,2871000,14830550356061344873
normal-o3,1,8,reserved,4096,whitefoot,4,1048576,256,1,1680000,14830550356061344873
normal-o3,1,8,reserved,4096,cpp-std-vector,4,1048576,256,1,2040000,14830550356061344873
normal-o3,1,8,reserved,4096,rust-vec,4,1048576,256,1,1530000,14830550356061344873
normal-o3,1,8,reserved,4096,take-swap-c,4,1048576,256,1,2075000,14830550356061344873
normal-o3,1,8,reserved,4096,swap-take-c,4,1048576,256,1,2153000,14830550356061344873
normal-o3,1,8,reserved,4096,reverse-c,5,1048576,256,1,2844000,11014393161628833898
normal-o3,1,8,reserved,4096,whitefoot,5,1048576,256,1,1678000,11014393161628833898
normal-o3,1,8,reserved,4096,cpp-std-vector,5,1048576,256,1,2130000,11014393161628833898
normal-o3,1,8,reserved,4096,rust-vec,5,1048576,256,1,1542000,11014393161628833898
normal-o3,1,8,reserved,4096,take-swap-c,5,1048576,256,1,2081000,11014393161628833898
normal-o3,1,8,reserved,4096,swap-take-c,5,1048576,256,1,2158000,11014393161628833898
normal-o3,1,8,reserved,4096,direct-c,5,1048576,256,1,1676000,11014393161628833898
normal-o3,1,8,reserved,4096,whitefoot,6,1048576,256,1,1668000,3531045655943011435
normal-o3,1,8,reserved,4096,cpp-std-vector,6,1048576,256,1,2045000,3531045655943011435
normal-o3,1,8,reserved,4096,rust-vec,6,1048576,256,1,1535000,3531045655943011435
normal-o3,1,8,reserved,4096,take-swap-c,6,1048576,256,1,2095000,3531045655943011435
normal-o3,1,8,reserved,4096,swap-take-c,6,1048576,256,1,2168000,3531045655943011435
normal-o3,1,8,reserved,4096,direct-c,6,1048576,256,1,1640000,3531045655943011435
normal-o3,1,8,reserved,4096,reverse-c,6,1048576,256,1,2867000,3531045655943011435
normal-o3,1,8,growth,16,cpp-std-vector,0,1048576,65536,1,9612000,1613149332516896869
normal-o3,1,8,growth,16,rust-vec,0,1048576,65536,1,9136000,1613149332516896869
normal-o3,1,8,growth,16,take-swap-c,0,1048576,65536,1,10553000,1613149332516896869
normal-o3,1,8,growth,16,swap-take-c,0,1048576,65536,1,10708000,1613149332516896869
normal-o3,1,8,growth,16,direct-c,0,1048576,65536,1,10094000,1613149332516896869
normal-o3,1,8,growth,16,reverse-c,0,1048576,65536,1,10877000,1613149332516896869
normal-o3,1,8,growth,16,whitefoot,0,1048576,65536,1,10348000,1613149332516896869
normal-o3,1,8,growth,16,rust-vec,1,1048576,65536,1,9133000,15534383740606742630
normal-o3,1,8,growth,16,take-swap-c,1,1048576,65536,1,10539000,15534383740606742630
normal-o3,1,8,growth,16,swap-take-c,1,1048576,65536,1,10657000,15534383740606742630
normal-o3,1,8,growth,16,direct-c,1,1048576,65536,1,10188000,15534383740606742630
normal-o3,1,8,growth,16,reverse-c,1,1048576,65536,1,10861000,15534383740606742630
normal-o3,1,8,growth,16,whitefoot,1,1048576,65536,1,10316000,15534383740606742630
normal-o3,1,8,growth,16,cpp-std-vector,1,1048576,65536,1,9626000,15534383740606742630
normal-o3,1,8,growth,16,take-swap-c,2,1048576,65536,1,10500000,11203551505675976807
normal-o3,1,8,growth,16,swap-take-c,2,1048576,65536,1,10632000,11203551505675976807
normal-o3,1,8,growth,16,direct-c,2,1048576,65536,1,10210000,11203551505675976807
normal-o3,1,8,growth,16,reverse-c,2,1048576,65536,1,10981000,11203551505675976807
normal-o3,1,8,growth,16,whitefoot,2,1048576,65536,1,10423000,11203551505675976807
normal-o3,1,8,growth,16,cpp-std-vector,2,1048576,65536,1,9778000,11203551505675976807
normal-o3,1,8,growth,16,rust-vec,2,1048576,65536,1,9172000,11203551505675976807
normal-o3,1,8,growth,16,swap-take-c,3,1048576,65536,1,10704000,598448321840808040
normal-o3,1,8,growth,16,direct-c,3,1048576,65536,1,10188000,598448321840808040
normal-o3,1,8,growth,16,reverse-c,3,1048576,65536,1,10905000,598448321840808040
normal-o3,1,8,growth,16,whitefoot,3,1048576,65536,1,10237000,598448321840808040
normal-o3,1,8,growth,16,cpp-std-vector,3,1048576,65536,1,9553000,598448321840808040
normal-o3,1,8,growth,16,rust-vec,3,1048576,65536,1,9186000,598448321840808040
normal-o3,1,8,growth,16,take-swap-c,3,1048576,65536,1,10463000,598448321840808040
normal-o3,1,8,growth,16,direct-c,4,1048576,65536,1,10117000,3717605000514633833
normal-o3,1,8,growth,16,reverse-c,4,1048576,65536,1,10911000,3717605000514633833
normal-o3,1,8,growth,16,whitefoot,4,1048576,65536,1,10337000,3717605000514633833
normal-o3,1,8,growth,16,cpp-std-vector,4,1048576,65536,1,9553000,3717605000514633833
normal-o3,1,8,growth,16,rust-vec,4,1048576,65536,1,9176000,3717605000514633833
normal-o3,1,8,growth,16,take-swap-c,4,1048576,65536,1,10564000,3717605000514633833
normal-o3,1,8,growth,16,swap-take-c,4,1048576,65536,1,10652000,3717605000514633833
normal-o3,1,8,growth,16,reverse-c,5,1048576,65536,1,10836000,7745013020975693930
normal-o3,1,8,growth,16,whitefoot,5,1048576,65536,1,10262000,7745013020975693930
normal-o3,1,8,growth,16,cpp-std-vector,5,1048576,65536,1,9683000,7745013020975693930
normal-o3,1,8,growth,16,rust-vec,5,1048576,65536,1,9150000,7745013020975693930
normal-o3,1,8,growth,16,take-swap-c,5,1048576,65536,1,10614000,7745013020975693930
normal-o3,1,8,growth,16,swap-take-c,5,1048576,65536,1,10849000,7745013020975693930
normal-o3,1,8,growth,16,direct-c,5,1048576,65536,1,10149000,7745013020975693930
normal-o3,1,8,growth,16,whitefoot,6,1048576,65536,1,10352000,6351481337365135467
normal-o3,1,8,growth,16,cpp-std-vector,6,1048576,65536,1,9574000,6351481337365135467
normal-o3,1,8,growth,16,rust-vec,6,1048576,65536,1,9133000,6351481337365135467
normal-o3,1,8,growth,16,take-swap-c,6,1048576,65536,1,10532000,6351481337365135467
normal-o3,1,8,growth,16,swap-take-c,6,1048576,65536,1,10686000,6351481337365135467
normal-o3,1,8,growth,16,direct-c,6,1048576,65536,1,10128000,6351481337365135467
normal-o3,1,8,growth,16,reverse-c,6,1048576,65536,1,10852000,6351481337365135467
normal-o3,1,8,growth,256,cpp-std-vector,0,1048576,4096,1,3263000,1498897996573024357
normal-o3,1,8,growth,256,rust-vec,0,1048576,4096,1,2938000,1498897996573024357
normal-o3,1,8,growth,256,take-swap-c,0,1048576,4096,1,3384000,1498897996573024357
normal-o3,1,8,growth,256,swap-take-c,0,1048576,4096,1,3285000,1498897996573024357
normal-o3,1,8,growth,256,direct-c,0,1048576,4096,1,2857000,1498897996573024357
normal-o3,1,8,growth,256,reverse-c,0,1048576,4096,1,4441000,1498897996573024357
normal-o3,1,8,growth,256,whitefoot,0,1048576,4096,1,2876000,1498897996573024357
normal-o3,1,8,growth,256,rust-vec,1,1048576,4096,1,2987000,7707534785925595238
normal-o3,1,8,growth,256,take-swap-c,1,1048576,4096,1,3370000,7707534785925595238
normal-o3,1,8,growth,256,swap-take-c,1,1048576,4096,1,3278000,7707534785925595238
normal-o3,1,8,growth,256,direct-c,1,1048576,4096,1,2898000,7707534785925595238
normal-o3,1,8,growth,256,reverse-c,1,1048576,4096,1,4401000,7707534785925595238
normal-o3,1,8,growth,256,whitefoot,1,1048576,4096,1,2912000,7707534785925595238
normal-o3,1,8,growth,256,cpp-std-vector,1,1048576,4096,1,3240000,7707534785925595238
normal-o3,1,8,growth,256,take-swap-c,2,1048576,4096,1,3413000,5506079726878842983
normal-o3,1,8,growth,256,swap-take-c,2,1048576,4096,1,3240000,5506079726878842983
normal-o3,1,8,growth,256,direct-c,2,1048576,4096,1,2866000,5506079726878842983
normal-o3,1,8,growth,256,reverse-c,2,1048576,4096,1,4416000,5506079726878842983
normal-o3,1,8,growth,256,whitefoot,2,1048576,4096,1,2886000,5506079726878842983
normal-o3,1,8,growth,256,cpp-std-vector,2,1048576,4096,1,3312000,5506079726878842983
normal-o3,1,8,growth,256,rust-vec,2,1048576,4096,1,2955000,5506079726878842983
normal-o3,1,8,growth,256,swap-take-c,3,1048576,4096,1,3280000,5888291873035911272
normal-o3,1,8,growth,256,direct-c,3,1048576,4096,1,2871000,5888291873035911272
normal-o3,1,8,growth,256,reverse-c,3,1048576,4096,1,4397000,5888291873035911272
normal-o3,1,8,growth,256,whitefoot,3,1048576,4096,1,2894000,5888291873035911272
normal-o3,1,8,growth,256,cpp-std-vector,3,1048576,4096,1,3217000,5888291873035911272
normal-o3,1,8,growth,256,rust-vec,3,1048576,4096,1,2978000,5888291873035911272
normal-o3,1,8,growth,256,take-swap-c,3,1048576,4096,1,3378000,5888291873035911272
normal-o3,1,8,growth,256,direct-c,4,1048576,4096,1,2894000,7512286317303570537
normal-o3,1,8,growth,256,reverse-c,4,1048576,4096,1,4457000,7512286317303570537
normal-o3,1,8,growth,256,whitefoot,4,1048576,4096,1,2868000,7512286317303570537
normal-o3,1,8,growth,256,cpp-std-vector,4,1048576,4096,1,3240000,7512286317303570537
normal-o3,1,8,growth,256,rust-vec,4,1048576,4096,1,2963000,7512286317303570537
normal-o3,1,8,growth,256,take-swap-c,4,1048576,4096,1,3387000,7512286317303570537
normal-o3,1,8,growth,256,swap-take-c,4,1048576,4096,1,3384000,7512286317303570537
normal-o3,1,8,growth,256,reverse-c,5,1048576,4096,1,4410000,13357584908658163818
normal-o3,1,8,growth,256,whitefoot,5,1048576,4096,1,2877000,13357584908658163818
normal-o3,1,8,growth,256,cpp-std-vector,5,1048576,4096,1,3211000,13357584908658163818
normal-o3,1,8,growth,256,rust-vec,5,1048576,4096,1,3024000,13357584908658163818
normal-o3,1,8,growth,256,take-swap-c,5,1048576,4096,1,3237000,13357584908658163818
normal-o3,1,8,growth,256,swap-take-c,5,1048576,4096,1,3373000,13357584908658163818
normal-o3,1,8,growth,256,direct-c,5,1048576,4096,1,2860000,13357584908658163818
normal-o3,1,8,growth,256,whitefoot,6,1048576,4096,1,2871000,10011933332678926443
normal-o3,1,8,growth,256,cpp-std-vector,6,1048576,4096,1,3211000,10011933332678926443
normal-o3,1,8,growth,256,rust-vec,6,1048576,4096,1,2964000,10011933332678926443
normal-o3,1,8,growth,256,take-swap-c,6,1048576,4096,1,3357000,10011933332678926443
normal-o3,1,8,growth,256,swap-take-c,6,1048576,4096,1,3217000,10011933332678926443
normal-o3,1,8,growth,256,direct-c,6,1048576,4096,1,2845000,10011933332678926443
normal-o3,1,8,growth,256,reverse-c,6,1048576,4096,1,4427000,10011933332678926443
normal-o3,1,8,growth,4096,cpp-std-vector,0,1048576,256,1,2434000,2256710881311081573
normal-o3,1,8,growth,4096,rust-vec,0,1048576,256,1,1940000,2256710881311081573
normal-o3,1,8,growth,4096,take-swap-c,0,1048576,256,1,2459000,2256710881311081573
normal-o3,1,8,growth,4096,swap-take-c,0,1048576,256,1,2568000,2256710881311081573
normal-o3,1,8,growth,4096,direct-c,0,1048576,256,1,2133000,2256710881311081573
normal-o3,1,8,growth,4096,reverse-c,0,1048576,256,1,3327000,2256710881311081573
normal-o3,1,8,growth,4096,whitefoot,0,1048576,256,1,2130000,2256710881311081573
normal-o3,1,8,growth,4096,rust-vec,1,1048576,256,1,2002000,6904654748820097126
normal-o3,1,8,growth,4096,take-swap-c,1,1048576,256,1,2528000,6904654748820097126
normal-o3,1,8,growth,4096,swap-take-c,1,1048576,256,1,2628000,6904654748820097126
normal-o3,1,8,growth,4096,direct-c,1,1048576,256,1,2111000,6904654748820097126
normal-o3,1,8,growth,4096,reverse-c,1,1048576,256,1,3400000,6904654748820097126
normal-o3,1,8,growth,4096,whitefoot,1,1048576,256,1,2129000,6904654748820097126
normal-o3,1,8,growth,4096,cpp-std-vector,1,1048576,256,1,2529000,6904654748820097126
normal-o3,1,8,growth,4096,take-swap-c,2,1048576,256,1,2453000,16426223538089053287
normal-o3,1,8,growth,4096,swap-take-c,2,1048576,256,1,2554000,16426223538089053287
normal-o3,1,8,growth,4096,direct-c,2,1048576,256,1,2052000,16426223538089053287
normal-o3,1,8,growth,4096,reverse-c,2,1048576,256,1,3251000,16426223538089053287
normal-o3,1,8,growth,4096,whitefoot,2,1048576,256,1,2055000,16426223538089053287
normal-o3,1,8,growth,4096,cpp-std-vector,2,1048576,256,1,2443000,16426223538089053287
normal-o3,1,8,growth,4096,rust-vec,2,1048576,256,1,1925000,16426223538089053287
normal-o3,1,8,growth,4096,swap-take-c,3,1048576,256,1,2540000,9531859752620511336
normal-o3,1,8,growth,4096,direct-c,3,1048576,256,1,2097000,9531859752620511336
normal-o3,1,8,growth,4096,reverse-c,3,1048576,256,1,3255000,9531859752620511336
normal-o3,1,8,growth,4096,whitefoot,3,1048576,256,1,2167000,9531859752620511336
normal-o3,1,8,growth,4096,cpp-std-vector,3,1048576,256,1,2480000,9531859752620511336
normal-o3,1,8,growth,4096,rust-vec,3,1048576,256,1,1994000,9531859752620511336
normal-o3,1,8,growth,4096,take-swap-c,3,1048576,256,1,2639000,9531859752620511336
normal-o3,1,8,growth,4096,direct-c,4,1048576,256,1,2201000,14830550356061344873
normal-o3,1,8,growth,4096,reverse-c,4,1048576,256,1,3441000,14830550356061344873
normal-o3,1,8,growth,4096,whitefoot,4,1048576,256,1,2209000,14830550356061344873
normal-o3,1,8,growth,4096,cpp-std-vector,4,1048576,256,1,2558000,14830550356061344873
normal-o3,1,8,growth,4096,rust-vec,4,1048576,256,1,2024000,14830550356061344873
normal-o3,1,8,growth,4096,take-swap-c,4,1048576,256,1,2592000,14830550356061344873
normal-o3,1,8,growth,4096,swap-take-c,4,1048576,256,1,2641000,14830550356061344873
normal-o3,1,8,growth,4096,reverse-c,5,1048576,256,1,3343000,11014393161628833898
normal-o3,1,8,growth,4096,whitefoot,5,1048576,256,1,2188000,11014393161628833898
normal-o3,1,8,growth,4096,cpp-std-vector,5,1048576,256,1,2497000,11014393161628833898
normal-o3,1,8,growth,4096,rust-vec,5,1048576,256,1,2004000,11014393161628833898
normal-o3,1,8,growth,4096,take-swap-c,5,1048576,256,1,2611000,11014393161628833898
normal-o3,1,8,growth,4096,swap-take-c,5,1048576,256,1,2619000,11014393161628833898
normal-o3,1,8,growth,4096,direct-c,5,1048576,256,1,2190000,11014393161628833898
normal-o3,1,8,growth,4096,whitefoot,6,1048576,256,1,2125000,3531045655943011435
normal-o3,1,8,growth,4096,cpp-std-vector,6,1048576,256,1,2520000,3531045655943011435
normal-o3,1,8,growth,4096,rust-vec,6,1048576,256,1,2052000,3531045655943011435
normal-o3,1,8,growth,4096,take-swap-c,6,1048576,256,1,2585000,3531045655943011435
normal-o3,1,8,growth,4096,swap-take-c,6,1048576,256,1,2553000,3531045655943011435
normal-o3,1,8,growth,4096,direct-c,6,1048576,256,1,2058000,3531045655943011435
normal-o3,1,8,growth,4096,reverse-c,6,1048576,256,1,3253000,3531045655943011435
normal-o3,1,8,reuse,16,cpp-std-vector,0,1048576,65536,1,2318000,1613149332516896869
normal-o3,1,8,reuse,16,rust-vec,0,1048576,65536,1,1250000,1613149332516896869
normal-o3,1,8,reuse,16,take-swap-c,0,1048576,65536,1,1993000,1613149332516896869
normal-o3,1,8,reuse,16,swap-take-c,0,1048576,65536,1,1918000,1613149332516896869
normal-o3,1,8,reuse,16,direct-c,0,1048576,65536,1,1758000,1613149332516896869
normal-o3,1,8,reuse,16,reverse-c,0,1048576,65536,1,2296000,1613149332516896869
normal-o3,1,8,reuse,16,whitefoot,0,1048576,65536,1,1259000,1613149332516896869
normal-o3,1,8,reuse,16,rust-vec,1,1048576,65536,1,1230000,15534383740606742630
normal-o3,1,8,reuse,16,take-swap-c,1,1048576,65536,1,1971000,15534383740606742630
normal-o3,1,8,reuse,16,swap-take-c,1,1048576,65536,1,1922000,15534383740606742630
normal-o3,1,8,reuse,16,direct-c,1,1048576,65536,1,1764000,15534383740606742630
normal-o3,1,8,reuse,16,reverse-c,1,1048576,65536,1,2278000,15534383740606742630
normal-o3,1,8,reuse,16,whitefoot,1,1048576,65536,1,1235000,15534383740606742630
normal-o3,1,8,reuse,16,cpp-std-vector,1,1048576,65536,1,2146000,15534383740606742630
normal-o3,1,8,reuse,16,take-swap-c,2,1048576,65536,1,2003000,11203551505675976807
normal-o3,1,8,reuse,16,swap-take-c,2,1048576,65536,1,1915000,11203551505675976807
normal-o3,1,8,reuse,16,direct-c,2,1048576,65536,1,1761000,11203551505675976807
normal-o3,1,8,reuse,16,reverse-c,2,1048576,65536,1,2326000,11203551505675976807
normal-o3,1,8,reuse,16,whitefoot,2,1048576,65536,1,1268000,11203551505675976807
normal-o3,1,8,reuse,16,cpp-std-vector,2,1048576,65536,1,2152000,11203551505675976807
normal-o3,1,8,reuse,16,rust-vec,2,1048576,65536,1,1229000,11203551505675976807
normal-o3,1,8,reuse,16,swap-take-c,3,1048576,65536,1,1918000,598448321840808040
normal-o3,1,8,reuse,16,direct-c,3,1048576,65536,1,1755000,598448321840808040
normal-o3,1,8,reuse,16,reverse-c,3,1048576,65536,1,2299000,598448321840808040
normal-o3,1,8,reuse,16,whitefoot,3,1048576,65536,1,1240000,598448321840808040
normal-o3,1,8,reuse,16,cpp-std-vector,3,1048576,65536,1,2148000,598448321840808040
normal-o3,1,8,reuse,16,rust-vec,3,1048576,65536,1,1231000,598448321840808040
normal-o3,1,8,reuse,16,take-swap-c,3,1048576,65536,1,1984000,598448321840808040
normal-o3,1,8,reuse,16,direct-c,4,1048576,65536,1,1741000,3717605000514633833
normal-o3,1,8,reuse,16,reverse-c,4,1048576,65536,1,2269000,3717605000514633833
normal-o3,1,8,reuse,16,whitefoot,4,1048576,65536,1,1236000,3717605000514633833
normal-o3,1,8,reuse,16,cpp-std-vector,4,1048576,65536,1,2281000,3717605000514633833
normal-o3,1,8,reuse,16,rust-vec,4,1048576,65536,1,1258000,3717605000514633833
normal-o3,1,8,reuse,16,take-swap-c,4,1048576,65536,1,1969000,3717605000514633833
normal-o3,1,8,reuse,16,swap-take-c,4,1048576,65536,1,1917000,3717605000514633833
normal-o3,1,8,reuse,16,reverse-c,5,1048576,65536,1,2356000,7745013020975693930
normal-o3,1,8,reuse,16,whitefoot,5,1048576,65536,1,1248000,7745013020975693930
normal-o3,1,8,reuse,16,cpp-std-vector,5,1048576,65536,1,2241000,7745013020975693930
normal-o3,1,8,reuse,16,rust-vec,5,1048576,65536,1,1233000,7745013020975693930
normal-o3,1,8,reuse,16,take-swap-c,5,1048576,65536,1,1966000,7745013020975693930
normal-o3,1,8,reuse,16,swap-take-c,5,1048576,65536,1,1919000,7745013020975693930
normal-o3,1,8,reuse,16,direct-c,5,1048576,65536,1,1785000,7745013020975693930
normal-o3,1,8,reuse,16,whitefoot,6,1048576,65536,1,1251000,6351481337365135467
normal-o3,1,8,reuse,16,cpp-std-vector,6,1048576,65536,1,2248000,6351481337365135467
normal-o3,1,8,reuse,16,rust-vec,6,1048576,65536,1,1231000,6351481337365135467
normal-o3,1,8,reuse,16,take-swap-c,6,1048576,65536,1,2000000,6351481337365135467
normal-o3,1,8,reuse,16,swap-take-c,6,1048576,65536,1,1933000,6351481337365135467
normal-o3,1,8,reuse,16,direct-c,6,1048576,65536,1,1757000,6351481337365135467
normal-o3,1,8,reuse,16,reverse-c,6,1048576,65536,1,2269000,6351481337365135467
normal-o3,1,8,reuse,256,cpp-std-vector,0,1048576,4096,1,2018000,1498897996573024357
normal-o3,1,8,reuse,256,rust-vec,0,1048576,4096,1,1475000,1498897996573024357
normal-o3,1,8,reuse,256,take-swap-c,0,1048576,4096,1,2074000,1498897996573024357
normal-o3,1,8,reuse,256,swap-take-c,0,1048576,4096,1,2103000,1498897996573024357
normal-o3,1,8,reuse,256,direct-c,0,1048576,4096,1,1533000,1498897996573024357
normal-o3,1,8,reuse,256,reverse-c,0,1048576,4096,1,3153000,1498897996573024357
normal-o3,1,8,reuse,256,whitefoot,0,1048576,4096,1,1533000,1498897996573024357
normal-o3,1,8,reuse,256,rust-vec,1,1048576,4096,1,1473000,7707534785925595238
normal-o3,1,8,reuse,256,take-swap-c,1,1048576,4096,1,2031000,7707534785925595238
normal-o3,1,8,reuse,256,swap-take-c,1,1048576,4096,1,1997000,7707534785925595238
normal-o3,1,8,reuse,256,direct-c,1,1048576,4096,1,1550000,7707534785925595238
normal-o3,1,8,reuse,256,reverse-c,1,1048576,4096,1,3103000,7707534785925595238
normal-o3,1,8,reuse,256,whitefoot,1,1048576,4096,1,1529000,7707534785925595238
normal-o3,1,8,reuse,256,cpp-std-vector,1,1048576,4096,1,2031000,7707534785925595238
normal-o3,1,8,reuse,256,take-swap-c,2,1048576,4096,1,2118000,5506079726878842983
normal-o3,1,8,reuse,256,swap-take-c,2,1048576,4096,1,2072000,5506079726878842983
normal-o3,1,8,reuse,256,direct-c,2,1048576,4096,1,1535000,5506079726878842983
normal-o3,1,8,reuse,256,reverse-c,2,1048576,4096,1,3189000,5506079726878842983
normal-o3,1,8,reuse,256,whitefoot,2,1048576,4096,1,1586000,5506079726878842983
normal-o3,1,8,reuse,256,cpp-std-vector,2,1048576,4096,1,2059000,5506079726878842983
normal-o3,1,8,reuse,256,rust-vec,2,1048576,4096,1,1471000,5506079726878842983
normal-o3,1,8,reuse,256,swap-take-c,3,1048576,4096,1,2038000,5888291873035911272
normal-o3,1,8,reuse,256,direct-c,3,1048576,4096,1,1556000,5888291873035911272
normal-o3,1,8,reuse,256,reverse-c,3,1048576,4096,1,3112000,5888291873035911272
normal-o3,1,8,reuse,256,whitefoot,3,1048576,4096,1,1540000,5888291873035911272
normal-o3,1,8,reuse,256,cpp-std-vector,3,1048576,4096,1,2115000,5888291873035911272
normal-o3,1,8,reuse,256,rust-vec,3,1048576,4096,1,1475000,5888291873035911272
normal-o3,1,8,reuse,256,take-swap-c,3,1048576,4096,1,2020000,5888291873035911272
normal-o3,1,8,reuse,256,direct-c,4,1048576,4096,1,1587000,7512286317303570537
normal-o3,1,8,reuse,256,reverse-c,4,1048576,4096,1,3207000,7512286317303570537
normal-o3,1,8,reuse,256,whitefoot,4,1048576,4096,1,1527000,7512286317303570537
normal-o3,1,8,reuse,256,cpp-std-vector,4,1048576,4096,1,2032000,7512286317303570537
normal-o3,1,8,reuse,256,rust-vec,4,1048576,4096,1,1487000,7512286317303570537
normal-o3,1,8,reuse,256,take-swap-c,4,1048576,4096,1,2057000,7512286317303570537
normal-o3,1,8,reuse,256,swap-take-c,4,1048576,4096,1,2012000,7512286317303570537
normal-o3,1,8,reuse,256,reverse-c,5,1048576,4096,1,3110000,13357584908658163818
normal-o3,1,8,reuse,256,whitefoot,5,1048576,4096,1,1547000,13357584908658163818
normal-o3,1,8,reuse,256,cpp-std-vector,5,1048576,4096,1,2090000,13357584908658163818
normal-o3,1,8,reuse,256,rust-vec,5,1048576,4096,1,1473000,13357584908658163818
normal-o3,1,8,reuse,256,take-swap-c,5,1048576,4096,1,2000000,13357584908658163818
normal-o3,1,8,reuse,256,swap-take-c,5,1048576,4096,1,1959000,13357584908658163818
normal-o3,1,8,reuse,256,direct-c,5,1048576,4096,1,1552000,13357584908658163818
normal-o3,1,8,reuse,256,whitefoot,6,1048576,4096,1,1526000,10011933332678926443
normal-o3,1,8,reuse,256,cpp-std-vector,6,1048576,4096,1,2031000,10011933332678926443
normal-o3,1,8,reuse,256,rust-vec,6,1048576,4096,1,1478000,10011933332678926443
normal-o3,1,8,reuse,256,take-swap-c,6,1048576,4096,1,1986000,10011933332678926443
normal-o3,1,8,reuse,256,swap-take-c,6,1048576,4096,1,1918000,10011933332678926443
normal-o3,1,8,reuse,256,direct-c,6,1048576,4096,1,1538000,10011933332678926443
normal-o3,1,8,reuse,256,reverse-c,6,1048576,4096,1,3101000,10011933332678926443
normal-o3,1,8,reuse,4096,cpp-std-vector,0,1048576,256,1,2088000,2256710881311081573
normal-o3,1,8,reuse,4096,rust-vec,0,1048576,256,1,1515000,2256710881311081573
normal-o3,1,8,reuse,4096,take-swap-c,0,1048576,256,1,2051000,2256710881311081573
normal-o3,1,8,reuse,4096,swap-take-c,0,1048576,256,1,2114000,2256710881311081573
normal-o3,1,8,reuse,4096,direct-c,0,1048576,256,1,1623000,2256710881311081573
normal-o3,1,8,reuse,4096,reverse-c,0,1048576,256,1,2832000,2256710881311081573
normal-o3,1,8,reuse,4096,whitefoot,0,1048576,256,1,1665000,2256710881311081573
normal-o3,1,8,reuse,4096,rust-vec,1,1048576,256,1,1499000,6904654748820097126
normal-o3,1,8,reuse,4096,take-swap-c,1,1048576,256,1,2032000,6904654748820097126
normal-o3,1,8,reuse,4096,swap-take-c,1,1048576,256,1,2125000,6904654748820097126
normal-o3,1,8,reuse,4096,direct-c,1,1048576,256,1,1654000,6904654748820097126
normal-o3,1,8,reuse,4096,reverse-c,1,1048576,256,1,2810000,6904654748820097126
normal-o3,1,8,reuse,4096,whitefoot,1,1048576,256,1,1637000,6904654748820097126
normal-o3,1,8,reuse,4096,cpp-std-vector,1,1048576,256,1,2029000,6904654748820097126
normal-o3,1,8,reuse,4096,take-swap-c,2,1048576,256,1,2020000,16426223538089053287
normal-o3,1,8,reuse,4096,swap-take-c,2,1048576,256,1,2168000,16426223538089053287
normal-o3,1,8,reuse,4096,direct-c,2,1048576,256,1,1619000,16426223538089053287
normal-o3,1,8,reuse,4096,reverse-c,2,1048576,256,1,2834000,16426223538089053287
normal-o3,1,8,reuse,4096,whitefoot,2,1048576,256,1,1635000,16426223538089053287
normal-o3,1,8,reuse,4096,cpp-std-vector,2,1048576,256,1,2083000,16426223538089053287
normal-o3,1,8,reuse,4096,rust-vec,2,1048576,256,1,1636000,16426223538089053287
normal-o3,1,8,reuse,4096,swap-take-c,3,1048576,256,1,2131000,9531859752620511336
normal-o3,1,8,reuse,4096,direct-c,3,1048576,256,1,1619000,9531859752620511336
normal-o3,1,8,reuse,4096,reverse-c,3,1048576,256,1,2808000,9531859752620511336
normal-o3,1,8,reuse,4096,whitefoot,3,1048576,256,1,1658000,9531859752620511336
normal-o3,1,8,reuse,4096,cpp-std-vector,3,1048576,256,1,2014000,9531859752620511336
normal-o3,1,8,reuse,4096,rust-vec,3,1048576,256,1,1498000,9531859752620511336
normal-o3,1,8,reuse,4096,take-swap-c,3,1048576,256,1,2024000,9531859752620511336
normal-o3,1,8,reuse,4096,direct-c,4,1048576,256,1,1616000,14830550356061344873
normal-o3,1,8,reuse,4096,reverse-c,4,1048576,256,1,2791000,14830550356061344873
normal-o3,1,8,reuse,4096,whitefoot,4,1048576,256,1,1656000,14830550356061344873
normal-o3,1,8,reuse,4096,cpp-std-vector,4,1048576,256,1,2092000,14830550356061344873
normal-o3,1,8,reuse,4096,rust-vec,4,1048576,256,1,1498000,14830550356061344873
normal-o3,1,8,reuse,4096,take-swap-c,4,1048576,256,1,2022000,14830550356061344873
normal-o3,1,8,reuse,4096,swap-take-c,4,1048576,256,1,2117000,14830550356061344873
normal-o3,1,8,reuse,4096,reverse-c,5,1048576,256,1,2832000,11014393161628833898
normal-o3,1,8,reuse,4096,whitefoot,5,1048576,256,1,1652000,11014393161628833898
normal-o3,1,8,reuse,4096,cpp-std-vector,5,1048576,256,1,2004000,11014393161628833898
normal-o3,1,8,reuse,4096,rust-vec,5,1048576,256,1,1517000,11014393161628833898
normal-o3,1,8,reuse,4096,take-swap-c,5,1048576,256,1,2031000,11014393161628833898
normal-o3,1,8,reuse,4096,swap-take-c,5,1048576,256,1,2150000,11014393161628833898
normal-o3,1,8,reuse,4096,direct-c,5,1048576,256,1,1616000,11014393161628833898
normal-o3,1,8,reuse,4096,whitefoot,6,1048576,256,1,1639000,3531045655943011435
normal-o3,1,8,reuse,4096,cpp-std-vector,6,1048576,256,1,2014000,3531045655943011435
normal-o3,1,8,reuse,4096,rust-vec,6,1048576,256,1,1546000,3531045655943011435
normal-o3,1,8,reuse,4096,take-swap-c,6,1048576,256,1,2019000,3531045655943011435
normal-o3,1,8,reuse,4096,swap-take-c,6,1048576,256,1,2125000,3531045655943011435
normal-o3,1,8,reuse,4096,direct-c,6,1048576,256,1,1677000,3531045655943011435
normal-o3,1,8,reuse,4096,reverse-c,6,1048576,256,1,2838000,3531045655943011435
normal-o3,1,8,suffix-0,16,cpp-std-vector,0,1048576,1048576,1,982000,1953714321357298
normal-o3,1,8,suffix-0,16,rust-vec,0,1048576,1048576,1,994000,1953714321357298
normal-o3,1,8,suffix-0,16,take-swap-c,0,1048576,1048576,1,990000,1953714321357298
normal-o3,1,8,suffix-0,16,swap-take-c,0,1048576,1048576,1,2811000,1953714321357298
normal-o3,1,8,suffix-0,16,direct-c,0,1048576,1048576,1,2764000,1953714321357298
normal-o3,1,8,suffix-0,16,reverse-c,0,1048576,1048576,1,978000,1953714321357298
normal-o3,1,8,suffix-0,16,whitefoot,0,1048576,1048576,1,981000,1953714321357298
normal-o3,1,8,suffix-0,16,rust-vec,1,1048576,1048576,1,1014000,7188693379551418836
normal-o3,1,8,suffix-0,16,take-swap-c,1,1048576,1048576,1,1001000,7188693379551418836
normal-o3,1,8,suffix-0,16,swap-take-c,1,1048576,1048576,1,2765000,7188693379551418836
normal-o3,1,8,suffix-0,16,direct-c,1,1048576,1048576,1,2794000,7188693379551418836
normal-o3,1,8,suffix-0,16,reverse-c,1,1048576,1048576,1,977000,7188693379551418836
normal-o3,1,8,suffix-0,16,whitefoot,1,1048576,1048576,1,1002000,7188693379551418836
normal-o3,1,8,suffix-0,16,cpp-std-vector,1,1048576,1048576,1,1000000,7188693379551418836
normal-o3,1,8,suffix-0,16,take-swap-c,2,1048576,1048576,1,979000,14375433044781480374
normal-o3,1,8,suffix-0,16,swap-take-c,2,1048576,1048576,1,2784000,14375433044781480374
normal-o3,1,8,suffix-0,16,direct-c,2,1048576,1048576,1,2875000,14375433044781480374
normal-o3,1,8,suffix-0,16,reverse-c,2,1048576,1048576,1,985000,14375433044781480374
normal-o3,1,8,suffix-0,16,whitefoot,2,1048576,1048576,1,983000,14375433044781480374
normal-o3,1,8,suffix-0,16,cpp-std-vector,2,1048576,1048576,1,979000,14375433044781480374
normal-o3,1,8,suffix-0,16,rust-vec,2,1048576,1048576,1,994000,14375433044781480374
normal-o3,1,8,suffix-0,16,swap-take-c,3,1048576,1048576,1,2763000,3115428636301990296
normal-o3,1,8,suffix-0,16,direct-c,3,1048576,1048576,1,2807000,3115428636301990296
normal-o3,1,8,suffix-0,16,reverse-c,3,1048576,1048576,1,981000,3115428636301990296
normal-o3,1,8,suffix-0,16,whitefoot,3,1048576,1048576,1,979000,3115428636301990296
normal-o3,1,8,suffix-0,16,cpp-std-vector,3,1048576,1048576,1,978000,3115428636301990296
normal-o3,1,8,suffix-0,16,rust-vec,3,1048576,1048576,1,982000,3115428636301990296
normal-o3,1,8,suffix-0,16,take-swap-c,3,1048576,1048576,1,1009000,3115428636301990296
normal-o3,1,8,suffix-0,16,direct-c,4,1048576,1048576,1,2822000,10302168301532051834
normal-o3,1,8,suffix-0,16,reverse-c,4,1048576,1048576,1,981000,10302168301532051834
normal-o3,1,8,suffix-0,16,whitefoot,4,1048576,1048576,1,981000,10302168301532051834
normal-o3,1,8,suffix-0,16,cpp-std-vector,4,1048576,1048576,1,975000,10302168301532051834
normal-o3,1,8,suffix-0,16,rust-vec,4,1048576,1048576,1,1048000,10302168301532051834
normal-o3,1,8,suffix-0,16,take-swap-c,4,1048576,1048576,1,978000,10302168301532051834
normal-o3,1,8,suffix-0,16,swap-take-c,4,1048576,1048576,1,2828000,10302168301532051834
normal-o3,1,8,suffix-0,16,reverse-c,5,1048576,1048576,1,976000,17488907966762113372
normal-o3,1,8,suffix-0,16,whitefoot,5,1048576,1048576,1,999000,17488907966762113372
normal-o3,1,8,suffix-0,16,cpp-std-vector,5,1048576,1048576,1,983000,17488907966762113372
normal-o3,1,8,suffix-0,16,rust-vec,5,1048576,1048576,1,1004000,17488907966762113372
normal-o3,1,8,suffix-0,16,take-swap-c,5,1048576,1048576,1,1025000,17488907966762113372
normal-o3,1,8,suffix-0,16,swap-take-c,5,1048576,1048576,1,2790000,17488907966762113372
normal-o3,1,8,suffix-0,16,direct-c,5,1048576,1048576,1,2810000,17488907966762113372
normal-o3,1,8,suffix-0,16,whitefoot,6,1048576,1048576,1,989000,6228903558282623294
normal-o3,1,8,suffix-0,16,cpp-std-vector,6,1048576,1048576,1,995000,6228903558282623294
normal-o3,1,8,suffix-0,16,rust-vec,6,1048576,1048576,1,1020000,6228903558282623294
normal-o3,1,8,suffix-0,16,take-swap-c,6,1048576,1048576,1,982000,6228903558282623294
normal-o3,1,8,suffix-0,16,swap-take-c,6,1048576,1048576,1,2778000,6228903558282623294
normal-o3,1,8,suffix-0,16,direct-c,6,1048576,1048576,1,2782000,6228903558282623294
normal-o3,1,8,suffix-0,16,reverse-c,6,1048576,1048576,1,1019000,6228903558282623294
normal-o3,1,8,suffix-0,256,cpp-std-vector,0,1048576,1048576,1,979000,17116383760326379594
normal-o3,1,8,suffix-0,256,rust-vec,0,1048576,1048576,1,985000,17116383760326379594
normal-o3,1,8,suffix-0,256,take-swap-c,0,1048576,1048576,1,985000,17116383760326379594
normal-o3,1,8,suffix-0,256,swap-take-c,0,1048576,1048576,1,2792000,17116383760326379594
normal-o3,1,8,suffix-0,256,direct-c,0,1048576,1048576,1,2876000,17116383760326379594
normal-o3,1,8,suffix-0,256,reverse-c,0,1048576,1048576,1,1067000,17116383760326379594
normal-o3,1,8,suffix-0,256,whitefoot,0,1048576,1048576,1,979000,17116383760326379594
normal-o3,1,8,suffix-0,256,rust-vec,1,1048576,1048576,1,985000,18422461136700962636
normal-o3,1,8,suffix-0,256,take-swap-c,1,1048576,1048576,1,978000,18422461136700962636
normal-o3,1,8,suffix-0,256,swap-take-c,1,1048576,1048576,1,2813000,18422461136700962636
normal-o3,1,8,suffix-0,256,direct-c,1,1048576,1048576,1,2847000,18422461136700962636
normal-o3,1,8,suffix-0,256,reverse-c,1,1048576,1048576,1,1031000,18422461136700962636
normal-o3,1,8,suffix-0,256,whitefoot,1,1048576,1048576,1,1012000,18422461136700962636
normal-o3,1,8,suffix-0,256,cpp-std-vector,1,1048576,1048576,1,1015000,18422461136700962636
normal-o3,1,8,suffix-0,256,take-swap-c,2,1048576,1048576,1,980000,1281794439365994062
normal-o3,1,8,suffix-0,256,swap-take-c,2,1048576,1048576,1,2859000,1281794439365994062
normal-o3,1,8,suffix-0,256,direct-c,2,1048576,1048576,1,2764000,1281794439365994062
normal-o3,1,8,suffix-0,256,reverse-c,2,1048576,1048576,1,1012000,1281794439365994062
normal-o3,1,8,suffix-0,256,whitefoot,2,1048576,1048576,1,986000,1281794439365994062
normal-o3,1,8,suffix-0,256,cpp-std-vector,2,1048576,1048576,1,982000,1281794439365994062
normal-o3,1,8,suffix-0,256,rust-vec,2,1048576,1048576,1,1074000,1281794439365994062
normal-o3,1,8,suffix-0,256,swap-take-c,3,1048576,1048576,1,2796000,2587871815740577104
normal-o3,1,8,suffix-0,256,direct-c,3,1048576,1048576,1,2787000,2587871815740577104
normal-o3,1,8,suffix-0,256,reverse-c,3,1048576,1048576,1,978000,2587871815740577104
normal-o3,1,8,suffix-0,256,whitefoot,3,1048576,1048576,1,978000,2587871815740577104
normal-o3,1,8,suffix-0,256,cpp-std-vector,3,1048576,1048576,1,1045000,2587871815740577104
normal-o3,1,8,suffix-0,256,rust-vec,3,1048576,1048576,1,988000,2587871815740577104
normal-o3,1,8,suffix-0,256,take-swap-c,3,1048576,1048576,1,981000,2587871815740577104
normal-o3,1,8,suffix-0,256,direct-c,4,1048576,1048576,1,2824000,3893949192115160146
normal-o3,1,8,suffix-0,256,reverse-c,4,1048576,1048576,1,1016000,3893949192115160146
normal-o3,1,8,suffix-0,256,whitefoot,4,1048576,1048576,1,1002000,3893949192115160146
normal-o3,1,8,suffix-0,256,cpp-std-vector,4,1048576,1048576,1,979000,3893949192115160146
normal-o3,1,8,suffix-0,256,rust-vec,4,1048576,1048576,1,987000,3893949192115160146
normal-o3,1,8,suffix-0,256,take-swap-c,4,1048576,1048576,1,1008000,3893949192115160146
normal-o3,1,8,suffix-0,256,swap-take-c,4,1048576,1048576,1,2801000,3893949192115160146
normal-o3,1,8,suffix-0,256,reverse-c,5,1048576,1048576,1,1104000,5200026568489743188
normal-o3,1,8,suffix-0,256,whitefoot,5,1048576,1048576,1,980000,5200026568489743188
normal-o3,1,8,suffix-0,256,cpp-std-vector,5,1048576,1048576,1,984000,5200026568489743188
normal-o3,1,8,suffix-0,256,rust-vec,5,1048576,1048576,1,1004000,5200026568489743188
normal-o3,1,8,suffix-0,256,take-swap-c,5,1048576,1048576,1,977000,5200026568489743188
normal-o3,1,8,suffix-0,256,swap-take-c,5,1048576,1048576,1,2797000,5200026568489743188
normal-o3,1,8,suffix-0,256,direct-c,5,1048576,1048576,1,2834000,5200026568489743188
normal-o3,1,8,suffix-0,256,whitefoot,6,1048576,1048576,1,998000,6506103944864326230
normal-o3,1,8,suffix-0,256,cpp-std-vector,6,1048576,1048576,1,1019000,6506103944864326230
normal-o3,1,8,suffix-0,256,rust-vec,6,1048576,1048576,1,987000,6506103944864326230
normal-o3,1,8,suffix-0,256,take-swap-c,6,1048576,1048576,1,1005000,6506103944864326230
normal-o3,1,8,suffix-0,256,swap-take-c,6,1048576,1048576,1,2807000,6506103944864326230
normal-o3,1,8,suffix-0,256,direct-c,6,1048576,1048576,1,2798000,6506103944864326230
normal-o3,1,8,suffix-0,256,reverse-c,6,1048576,1048576,1,986000,6506103944864326230
normal-o3,1,8,suffix-0,4096,cpp-std-vector,0,1048576,1048576,1,1003000,4677669742816693706
normal-o3,1,8,suffix-0,4096,rust-vec,0,1048576,1048576,1,1044000,4677669742816693706
normal-o3,1,8,suffix-0,4096,take-swap-c,0,1048576,1048576,1,994000,4677669742816693706
normal-o3,1,8,suffix-0,4096,swap-take-c,0,1048576,1048576,1,2841000,4677669742816693706
normal-o3,1,8,suffix-0,4096,direct-c,0,1048576,1048576,1,2769000,4677669742816693706
normal-o3,1,8,suffix-0,4096,reverse-c,0,1048576,1048576,1,986000,4677669742816693706
normal-o3,1,8,suffix-0,4096,whitefoot,0,1048576,1048576,1,989000,4677669742816693706
normal-o3,1,8,suffix-0,4096,rust-vec,1,1048576,1048576,1,1022000,3271637737093033676
normal-o3,1,8,suffix-0,4096,take-swap-c,1,1048576,1048576,1,988000,3271637737093033676
normal-o3,1,8,suffix-0,4096,swap-take-c,1,1048576,1048576,1,2841000,3271637737093033676
normal-o3,1,8,suffix-0,4096,direct-c,1,1048576,1048576,1,2770000,3271637737093033676
normal-o3,1,8,suffix-0,4096,reverse-c,1,1048576,1048576,1,983000,3271637737093033676
normal-o3,1,8,suffix-0,4096,whitefoot,1,1048576,1048576,1,990000,3271637737093033676
normal-o3,1,8,suffix-0,4096,cpp-std-vector,1,1048576,1048576,1,987000,3271637737093033676
normal-o3,1,8,suffix-0,4096,take-swap-c,2,1048576,1048576,1,1002000,1865605731369373646
normal-o3,1,8,suffix-0,4096,swap-take-c,2,1048576,1048576,1,2822000,1865605731369373646
normal-o3,1,8,suffix-0,4096,direct-c,2,1048576,1048576,1,2876000,1865605731369373646
normal-o3,1,8,suffix-0,4096,reverse-c,2,1048576,1048576,1,996000,1865605731369373646
normal-o3,1,8,suffix-0,4096,whitefoot,2,1048576,1048576,1,1023000,1865605731369373646
normal-o3,1,8,suffix-0,4096,cpp-std-vector,2,1048576,1048576,1,992000,1865605731369373646
normal-o3,1,8,suffix-0,4096,rust-vec,2,1048576,1048576,1,998000,1865605731369373646
normal-o3,1,8,suffix-0,4096,swap-take-c,3,1048576,1048576,1,2913000,459573725645713616
normal-o3,1,8,suffix-0,4096,direct-c,3,1048576,1048576,1,2798000,459573725645713616
normal-o3,1,8,suffix-0,4096,reverse-c,3,1048576,1048576,1,999000,459573725645713616
normal-o3,1,8,suffix-0,4096,whitefoot,3,1048576,1048576,1,987000,459573725645713616
normal-o3,1,8,suffix-0,4096,cpp-std-vector,3,1048576,1048576,1,990000,459573725645713616
normal-o3,1,8,suffix-0,4096,rust-vec,3,1048576,1048576,1,992000,459573725645713616
normal-o3,1,8,suffix-0,4096,take-swap-c,3,1048576,1048576,1,999000,459573725645713616
normal-o3,1,8,suffix-0,4096,direct-c,4,1048576,1048576,1,2830000,17500285793631605202
normal-o3,1,8,suffix-0,4096,reverse-c,4,1048576,1048576,1,999000,17500285793631605202
normal-o3,1,8,suffix-0,4096,whitefoot,4,1048576,1048576,1,990000,17500285793631605202
normal-o3,1,8,suffix-0,4096,cpp-std-vector,4,1048576,1048576,1,1009000,17500285793631605202
normal-o3,1,8,suffix-0,4096,rust-vec,4,1048576,1048576,1,1017000,17500285793631605202
normal-o3,1,8,suffix-0,4096,take-swap-c,4,1048576,1048576,1,1001000,17500285793631605202
normal-o3,1,8,suffix-0,4096,swap-take-c,4,1048576,1048576,1,2818000,17500285793631605202
normal-o3,1,8,suffix-0,4096,reverse-c,5,1048576,1048576,1,981000,16094253787907945172
normal-o3,1,8,suffix-0,4096,whitefoot,5,1048576,1048576,1,987000,16094253787907945172
normal-o3,1,8,suffix-0,4096,cpp-std-vector,5,1048576,1048576,1,1002000,16094253787907945172
normal-o3,1,8,suffix-0,4096,rust-vec,5,1048576,1048576,1,992000,16094253787907945172
normal-o3,1,8,suffix-0,4096,take-swap-c,5,1048576,1048576,1,1003000,16094253787907945172
normal-o3,1,8,suffix-0,4096,swap-take-c,5,1048576,1048576,1,2786000,16094253787907945172
normal-o3,1,8,suffix-0,4096,direct-c,5,1048576,1048576,1,2789000,16094253787907945172
normal-o3,1,8,suffix-0,4096,whitefoot,6,1048576,1048576,1,1040000,14688221782184285142
normal-o3,1,8,suffix-0,4096,cpp-std-vector,6,1048576,1048576,1,1015000,14688221782184285142
normal-o3,1,8,suffix-0,4096,rust-vec,6,1048576,1048576,1,1019000,14688221782184285142
normal-o3,1,8,suffix-0,4096,take-swap-c,6,1048576,1048576,1,1000000,14688221782184285142
normal-o3,1,8,suffix-0,4096,swap-take-c,6,1048576,1048576,1,2793000,14688221782184285142
normal-o3,1,8,suffix-0,4096,direct-c,6,1048576,1048576,1,2784000,14688221782184285142
normal-o3,1,8,suffix-0,4096,reverse-c,6,1048576,1048576,1,993000,14688221782184285142
normal-o3,1,8,suffix-1,16,cpp-std-vector,0,1048576,1048576,1,2964000,929898191272797080
normal-o3,1,8,suffix-1,16,rust-vec,0,1048576,1048576,1,1551000,929898191272797080
normal-o3,1,8,suffix-1,16,take-swap-c,0,1048576,1048576,1,3269000,929898191272797080
normal-o3,1,8,suffix-1,16,swap-take-c,0,1048576,1048576,1,3390000,929898191272797080
normal-o3,1,8,suffix-1,16,direct-c,0,1048576,1048576,1,2807000,929898191272797080
normal-o3,1,8,suffix-1,16,reverse-c,0,1048576,1048576,1,3252000,929898191272797080
normal-o3,1,8,suffix-1,16,whitefoot,0,1048576,1048576,1,2926000,929898191272797080
normal-o3,1,8,suffix-1,16,rust-vec,1,1048576,1048576,1,1546000,4026886324240061497
normal-o3,1,8,suffix-1,16,take-swap-c,1,1048576,1048576,1,3277000,4026886324240061497
normal-o3,1,8,suffix-1,16,swap-take-c,1,1048576,1048576,1,3380000,4026886324240061497
normal-o3,1,8,suffix-1,16,direct-c,1,1048576,1048576,1,2821000,4026886324240061497
normal-o3,1,8,suffix-1,16,reverse-c,1,1048576,1048576,1,3264000,4026886324240061497
normal-o3,1,8,suffix-1,16,whitefoot,1,1048576,1048576,1,2866000,4026886324240061497
normal-o3,1,8,suffix-1,16,cpp-std-vector,1,1048576,1048576,1,2948000,4026886324240061497
normal-o3,1,8,suffix-1,16,take-swap-c,2,1048576,1048576,1,3263000,7123874457207325914
normal-o3,1,8,suffix-1,16,swap-take-c,2,1048576,1048576,1,3453000,7123874457207325914
normal-o3,1,8,suffix-1,16,direct-c,2,1048576,1048576,1,2784000,7123874457207325914
normal-o3,1,8,suffix-1,16,reverse-c,2,1048576,1048576,1,3247000,7123874457207325914
normal-o3,1,8,suffix-1,16,whitefoot,2,1048576,1048576,1,2883000,7123874457207325914
normal-o3,1,8,suffix-1,16,cpp-std-vector,2,1048576,1048576,1,2934000,7123874457207325914
normal-o3,1,8,suffix-1,16,rust-vec,2,1048576,1048576,1,1546000,7123874457207325914
normal-o3,1,8,suffix-1,16,swap-take-c,3,1048576,1048576,1,3380000,10220862590174590331
normal-o3,1,8,suffix-1,16,direct-c,3,1048576,1048576,1,2795000,10220862590174590331
normal-o3,1,8,suffix-1,16,reverse-c,3,1048576,1048576,1,3267000,10220862590174590331
normal-o3,1,8,suffix-1,16,whitefoot,3,1048576,1048576,1,2845000,10220862590174590331
normal-o3,1,8,suffix-1,16,cpp-std-vector,3,1048576,1048576,1,2947000,10220862590174590331
normal-o3,1,8,suffix-1,16,rust-vec,3,1048576,1048576,1,1599000,10220862590174590331
normal-o3,1,8,suffix-1,16,take-swap-c,3,1048576,1048576,1,3248000,10220862590174590331
normal-o3,1,8,suffix-1,16,direct-c,4,1048576,1048576,1,2825000,13317850723141854748
normal-o3,1,8,suffix-1,16,reverse-c,4,1048576,1048576,1,3238000,13317850723141854748
normal-o3,1,8,suffix-1,16,whitefoot,4,1048576,1048576,1,2887000,13317850723141854748
normal-o3,1,8,suffix-1,16,cpp-std-vector,4,1048576,1048576,1,2940000,13317850723141854748
normal-o3,1,8,suffix-1,16,rust-vec,4,1048576,1048576,1,1547000,13317850723141854748
normal-o3,1,8,suffix-1,16,take-swap-c,4,1048576,1048576,1,3233000,13317850723141854748
normal-o3,1,8,suffix-1,16,swap-take-c,4,1048576,1048576,1,3399000,13317850723141854748
normal-o3,1,8,suffix-1,16,reverse-c,5,1048576,1048576,1,3322000,16414838856109119165
normal-o3,1,8,suffix-1,16,whitefoot,5,1048576,1048576,1,2891000,16414838856109119165
normal-o3,1,8,suffix-1,16,cpp-std-vector,5,1048576,1048576,1,2937000,16414838856109119165
normal-o3,1,8,suffix-1,16,rust-vec,5,1048576,1048576,1,1569000,16414838856109119165
normal-o3,1,8,suffix-1,16,take-swap-c,5,1048576,1048576,1,3255000,16414838856109119165
normal-o3,1,8,suffix-1,16,swap-take-c,5,1048576,1048576,1,3373000,16414838856109119165
normal-o3,1,8,suffix-1,16,direct-c,5,1048576,1048576,1,2781000,16414838856109119165
normal-o3,1,8,suffix-1,16,whitefoot,6,1048576,1048576,1,2853000,1065082915366831966
normal-o3,1,8,suffix-1,16,cpp-std-vector,6,1048576,1048576,1,2939000,1065082915366831966
normal-o3,1,8,suffix-1,16,rust-vec,6,1048576,1048576,1,1544000,1065082915366831966
normal-o3,1,8,suffix-1,16,take-swap-c,6,1048576,1048576,1,3278000,1065082915366831966
normal-o3,1,8,suffix-1,16,swap-take-c,6,1048576,1048576,1,3419000,1065082915366831966
normal-o3,1,8,suffix-1,16,direct-c,6,1048576,1048576,1,2784000,1065082915366831966
normal-o3,1,8,suffix-1,16,reverse-c,6,1048576,1048576,1,3250000,1065082915366831966
normal-o3,1,8,suffix-1,256,cpp-std-vector,0,1048576,1048576,1,2936000,14065998348325884944
normal-o3,1,8,suffix-1,256,rust-vec,0,1048576,1048576,1,1554000,14065998348325884944
normal-o3,1,8,suffix-1,256,take-swap-c,0,1048576,1048576,1,3255000,14065998348325884944
normal-o3,1,8,suffix-1,256,swap-take-c,0,1048576,1048576,1,3411000,14065998348325884944
normal-o3,1,8,suffix-1,256,direct-c,0,1048576,1048576,1,2810000,14065998348325884944
normal-o3,1,8,suffix-1,256,reverse-c,0,1048576,1048576,1,3247000,14065998348325884944
normal-o3,1,8,suffix-1,256,whitefoot,0,1048576,1048576,1,2889000,14065998348325884944
normal-o3,1,8,suffix-1,256,rust-vec,1,1048576,1048576,1,1546000,5008019667339890449
normal-o3,1,8,suffix-1,256,take-swap-c,1,1048576,1048576,1,3282000,5008019667339890449
normal-o3,1,8,suffix-1,256,swap-take-c,1,1048576,1048576,1,3374000,5008019667339890449
normal-o3,1,8,suffix-1,256,direct-c,1,1048576,1048576,1,2788000,5008019667339890449
normal-o3,1,8,suffix-1,256,reverse-c,1,1048576,1048576,1,3263000,5008019667339890449
normal-o3,1,8,suffix-1,256,whitefoot,1,1048576,1048576,1,2841000,5008019667339890449
normal-o3,1,8,suffix-1,256,cpp-std-vector,1,1048576,1048576,1,2944000,5008019667339890449
normal-o3,1,8,suffix-1,256,take-swap-c,2,1048576,1048576,1,3283000,14396785060063447570
normal-o3,1,8,suffix-1,256,swap-take-c,2,1048576,1048576,1,3414000,14396785060063447570
normal-o3,1,8,suffix-1,256,direct-c,2,1048576,1048576,1,2815000,14396785060063447570
normal-o3,1,8,suffix-1,256,reverse-c,2,1048576,1048576,1,3291000,14396785060063447570
normal-o3,1,8,suffix-1,256,whitefoot,2,1048576,1048576,1,2872000,14396785060063447570
normal-o3,1,8,suffix-1,256,cpp-std-vector,2,1048576,1048576,1,2927000,14396785060063447570
normal-o3,1,8,suffix-1,256,rust-vec,2,1048576,1048576,1,1552000,14396785060063447570
normal-o3,1,8,suffix-1,256,swap-take-c,3,1048576,1048576,1,3374000,5338806379077453075
normal-o3,1,8,suffix-1,256,direct-c,3,1048576,1048576,1,2783000,5338806379077453075
normal-o3,1,8,suffix-1,256,reverse-c,3,1048576,1048576,1,3261000,5338806379077453075
normal-o3,1,8,suffix-1,256,whitefoot,3,1048576,1048576,1,2844000,5338806379077453075
normal-o3,1,8,suffix-1,256,cpp-std-vector,3,1048576,1048576,1,2939000,5338806379077453075
normal-o3,1,8,suffix-1,256,rust-vec,3,1048576,1048576,1,1546000,5338806379077453075
normal-o3,1,8,suffix-1,256,take-swap-c,3,1048576,1048576,1,3251000,5338806379077453075
normal-o3,1,8,suffix-1,256,direct-c,4,1048576,1048576,1,2834000,14727571771801010196
normal-o3,1,8,suffix-1,256,reverse-c,4,1048576,1048576,1,3235000,14727571771801010196
normal-o3,1,8,suffix-1,256,whitefoot,4,1048576,1048576,1,2876000,14727571771801010196
normal-o3,1,8,suffix-1,256,cpp-std-vector,4,1048576,1048576,1,2951000,14727571771801010196
normal-o3,1,8,suffix-1,256,rust-vec,4,1048576,1048576,1,1544000,14727571771801010196
normal-o3,1,8,suffix-1,256,take-swap-c,4,1048576,1048576,1,3267000,14727571771801010196
normal-o3,1,8,suffix-1,256,swap-take-c,4,1048576,1048576,1,3405000,14727571771801010196
normal-o3,1,8,suffix-1,256,reverse-c,5,1048576,1048576,1,3376000,5669593090815015701
normal-o3,1,8,suffix-1,256,whitefoot,5,1048576,1048576,1,2842000,5669593090815015701
normal-o3,1,8,suffix-1,256,cpp-std-vector,5,1048576,1048576,1,2928000,5669593090815015701
normal-o3,1,8,suffix-1,256,rust-vec,5,1048576,1048576,1,1570000,5669593090815015701
normal-o3,1,8,suffix-1,256,take-swap-c,5,1048576,1048576,1,3346000,5669593090815015701
normal-o3,1,8,suffix-1,256,swap-take-c,5,1048576,1048576,1,3369000,5669593090815015701
normal-o3,1,8,suffix-1,256,direct-c,5,1048576,1048576,1,2962000,5669593090815015701
normal-o3,1,8,suffix-1,256,whitefoot,6,1048576,1048576,1,2984000,15058358483538572822
normal-o3,1,8,suffix-1,256,cpp-std-vector,6,1048576,1048576,1,2943000,15058358483538572822
normal-o3,1,8,suffix-1,256,rust-vec,6,1048576,1048576,1,1576000,15058358483538572822
normal-o3,1,8,suffix-1,256,take-swap-c,6,1048576,1048576,1,3315000,15058358483538572822
normal-o3,1,8,suffix-1,256,swap-take-c,6,1048576,1048576,1,3409000,15058358483538572822
normal-o3,1,8,suffix-1,256,direct-c,6,1048576,1048576,1,2795000,15058358483538572822
normal-o3,1,8,suffix-1,256,reverse-c,6,1048576,1048576,1,3360000,15058358483538572822
normal-o3,1,8,suffix-1,4096,cpp-std-vector,0,1048576,1048576,1,2956000,7456520226923789200
normal-o3,1,8,suffix-1,4096,rust-vec,0,1048576,1048576,1,1549000,7456520226923789200
normal-o3,1,8,suffix-1,4096,take-swap-c,0,1048576,1048576,1,3264000,7456520226923789200
normal-o3,1,8,suffix-1,4096,swap-take-c,0,1048576,1048576,1,3383000,7456520226923789200
normal-o3,1,8,suffix-1,4096,direct-c,0,1048576,1048576,1,2798000,7456520226923789200
normal-o3,1,8,suffix-1,4096,reverse-c,0,1048576,1048576,1,3241000,7456520226923789200
normal-o3,1,8,suffix-1,4096,whitefoot,0,1048576,1048576,1,2890000,7456520226923789200
normal-o3,1,8,suffix-1,4096,rust-vec,1,1048576,1048576,1,1549000,12459322446616091793
normal-o3,1,8,suffix-1,4096,take-swap-c,1,1048576,1048576,1,3418000,12459322446616091793
normal-o3,1,8,suffix-1,4096,swap-take-c,1,1048576,1048576,1,3618000,12459322446616091793
normal-o3,1,8,suffix-1,4096,direct-c,1,1048576,1048576,1,2984000,12459322446616091793
normal-o3,1,8,suffix-1,4096,reverse-c,1,1048576,1048576,1,3466000,12459322446616091793
normal-o3,1,8,suffix-1,4096,whitefoot,1,1048576,1048576,1,3062000,12459322446616091793
normal-o3,1,8,suffix-1,4096,cpp-std-vector,1,1048576,1048576,1,3177000,12459322446616091793
normal-o3,1,8,suffix-1,4096,take-swap-c,2,1048576,1048576,1,3445000,17462124666308394386
normal-o3,1,8,suffix-1,4096,swap-take-c,2,1048576,1048576,1,3526000,17462124666308394386
normal-o3,1,8,suffix-1,4096,direct-c,2,1048576,1048576,1,3007000,17462124666308394386
normal-o3,1,8,suffix-1,4096,reverse-c,2,1048576,1048576,1,3444000,17462124666308394386
normal-o3,1,8,suffix-1,4096,whitefoot,2,1048576,1048576,1,3048000,17462124666308394386
normal-o3,1,8,suffix-1,4096,cpp-std-vector,2,1048576,1048576,1,3059000,17462124666308394386
normal-o3,1,8,suffix-1,4096,rust-vec,2,1048576,1048576,1,1644000,17462124666308394386
normal-o3,1,8,suffix-1,4096,swap-take-c,3,1048576,1048576,1,3541000,4018182812291145363
normal-o3,1,8,suffix-1,4096,direct-c,3,1048576,1048576,1,2921000,4018182812291145363
normal-o3,1,8,suffix-1,4096,reverse-c,3,1048576,1048576,1,3403000,4018182812291145363
normal-o3,1,8,suffix-1,4096,whitefoot,3,1048576,1048576,1,2999000,4018182812291145363
normal-o3,1,8,suffix-1,4096,cpp-std-vector,3,1048576,1048576,1,3034000,4018182812291145363
normal-o3,1,8,suffix-1,4096,rust-vec,3,1048576,1048576,1,1552000,4018182812291145363
normal-o3,1,8,suffix-1,4096,take-swap-c,3,1048576,1048576,1,3298000,4018182812291145363
normal-o3,1,8,suffix-1,4096,direct-c,4,1048576,1048576,1,2788000,9020985031983447956
normal-o3,1,8,suffix-1,4096,reverse-c,4,1048576,1048576,1,3283000,9020985031983447956
normal-o3,1,8,suffix-1,4096,whitefoot,4,1048576,1048576,1,2849000,9020985031983447956
normal-o3,1,8,suffix-1,4096,cpp-std-vector,4,1048576,1048576,1,2940000,9020985031983447956
normal-o3,1,8,suffix-1,4096,rust-vec,4,1048576,1048576,1,1574000,9020985031983447956
normal-o3,1,8,suffix-1,4096,take-swap-c,4,1048576,1048576,1,3274000,9020985031983447956
normal-o3,1,8,suffix-1,4096,swap-take-c,4,1048576,1048576,1,3390000,9020985031983447956
normal-o3,1,8,suffix-1,4096,reverse-c,5,1048576,1048576,1,3242000,14023787251675750549
normal-o3,1,8,suffix-1,4096,whitefoot,5,1048576,1048576,1,2846000,14023787251675750549
normal-o3,1,8,suffix-1,4096,cpp-std-vector,5,1048576,1048576,1,2959000,14023787251675750549
normal-o3,1,8,suffix-1,4096,rust-vec,5,1048576,1048576,1,1584000,14023787251675750549
normal-o3,1,8,suffix-1,4096,take-swap-c,5,1048576,1048576,1,3243000,14023787251675750549
normal-o3,1,8,suffix-1,4096,swap-take-c,5,1048576,1048576,1,3355000,14023787251675750549
normal-o3,1,8,suffix-1,4096,direct-c,5,1048576,1048576,1,2795000,14023787251675750549
normal-o3,1,8,suffix-1,4096,whitefoot,6,1048576,1048576,1,2868000,579845397658501526
normal-o3,1,8,suffix-1,4096,cpp-std-vector,6,1048576,1048576,1,2937000,579845397658501526
normal-o3,1,8,suffix-1,4096,rust-vec,6,1048576,1048576,1,1549000,579845397658501526
normal-o3,1,8,suffix-1,4096,take-swap-c,6,1048576,1048576,1,3238000,579845397658501526
normal-o3,1,8,suffix-1,4096,swap-take-c,6,1048576,1048576,1,3393000,579845397658501526
normal-o3,1,8,suffix-1,4096,direct-c,6,1048576,1048576,1,2828000,579845397658501526
normal-o3,1,8,suffix-1,4096,reverse-c,6,1048576,1048576,1,3280000,579845397658501526
normal-o3,1,8,suffix-2,16,cpp-std-vector,0,1048576,524288,1,1627000,1685092048726590629
normal-o3,1,8,suffix-2,16,rust-vec,0,1048576,524288,1,1300000,1685092048726590629
normal-o3,1,8,suffix-2,16,take-swap-c,0,1048576,524288,1,3189000,1685092048726590629
normal-o3,1,8,suffix-2,16,swap-take-c,0,1048576,524288,1,2824000,1685092048726590629
normal-o3,1,8,suffix-2,16,direct-c,0,1048576,524288,1,1458000,1685092048726590629
normal-o3,1,8,suffix-2,16,reverse-c,0,1048576,524288,1,3288000,1685092048726590629
normal-o3,1,8,suffix-2,16,whitefoot,0,1048576,524288,1,1757000,1685092048726590629
normal-o3,1,8,suffix-2,16,rust-vec,1,1048576,524288,1,1308000,5769615109122455387
normal-o3,1,8,suffix-2,16,take-swap-c,1,1048576,524288,1,3176000,5769615109122455387
normal-o3,1,8,suffix-2,16,swap-take-c,1,1048576,524288,1,2802000,5769615109122455387
normal-o3,1,8,suffix-2,16,direct-c,1,1048576,524288,1,1497000,5769615109122455387
normal-o3,1,8,suffix-2,16,reverse-c,1,1048576,524288,1,3280000,5769615109122455387
normal-o3,1,8,suffix-2,16,whitefoot,1,1048576,524288,1,1791000,5769615109122455387
normal-o3,1,8,suffix-2,16,cpp-std-vector,1,1048576,524288,1,1663000,5769615109122455387
normal-o3,1,8,suffix-2,16,take-swap-c,2,1048576,524288,1,3049000,9854138169518320145
normal-o3,1,8,suffix-2,16,swap-take-c,2,1048576,524288,1,2809000,9854138169518320145
normal-o3,1,8,suffix-2,16,direct-c,2,1048576,524288,1,1488000,9854138169518320145
normal-o3,1,8,suffix-2,16,reverse-c,2,1048576,524288,1,3094000,9854138169518320145
normal-o3,1,8,suffix-2,16,whitefoot,2,1048576,524288,1,1730000,9854138169518320145
normal-o3,1,8,suffix-2,16,cpp-std-vector,2,1048576,524288,1,1638000,9854138169518320145
normal-o3,1,8,suffix-2,16,rust-vec,2,1048576,524288,1,1322000,9854138169518320145
normal-o3,1,8,suffix-2,16,swap-take-c,3,1048576,524288,1,2785000,13938661229914184903
normal-o3,1,8,suffix-2,16,direct-c,3,1048576,524288,1,1461000,13938661229914184903
normal-o3,1,8,suffix-2,16,reverse-c,3,1048576,524288,1,3299000,13938661229914184903
normal-o3,1,8,suffix-2,16,whitefoot,3,1048576,524288,1,1732000,13938661229914184903
normal-o3,1,8,suffix-2,16,cpp-std-vector,3,1048576,524288,1,1624000,13938661229914184903
normal-o3,1,8,suffix-2,16,rust-vec,3,1048576,524288,1,1302000,13938661229914184903
normal-o3,1,8,suffix-2,16,take-swap-c,3,1048576,524288,1,3226000,13938661229914184903
normal-o3,1,8,suffix-2,16,direct-c,4,1048576,524288,1,1462000,18023184290310049661
normal-o3,1,8,suffix-2,16,reverse-c,4,1048576,524288,1,3281000,18023184290310049661
normal-o3,1,8,suffix-2,16,whitefoot,4,1048576,524288,1,2055000,18023184290310049661
normal-o3,1,8,suffix-2,16,cpp-std-vector,4,1048576,524288,1,1636000,18023184290310049661
normal-o3,1,8,suffix-2,16,rust-vec,4,1048576,524288,1,1309000,18023184290310049661
normal-o3,1,8,suffix-2,16,take-swap-c,4,1048576,524288,1,3197000,18023184290310049661
normal-o3,1,8,suffix-2,16,swap-take-c,4,1048576,524288,1,2948000,18023184290310049661
normal-o3,1,8,suffix-2,16,reverse-c,5,1048576,524288,1,3221000,3660963276996362803
normal-o3,1,8,suffix-2,16,whitefoot,5,1048576,524288,1,1815000,3660963276996362803
normal-o3,1,8,suffix-2,16,cpp-std-vector,5,1048576,524288,1,1688000,3660963276996362803
normal-o3,1,8,suffix-2,16,rust-vec,5,1048576,524288,1,1355000,3660963276996362803
normal-o3,1,8,suffix-2,16,take-swap-c,5,1048576,524288,1,3169000,3660963276996362803
normal-o3,1,8,suffix-2,16,swap-take-c,5,1048576,524288,1,2993000,3660963276996362803
normal-o3,1,8,suffix-2,16,direct-c,5,1048576,524288,1,1518000,3660963276996362803
normal-o3,1,8,suffix-2,16,whitefoot,6,1048576,524288,1,1796000,7745486337392227561
normal-o3,1,8,suffix-2,16,cpp-std-vector,6,1048576,524288,1,1685000,7745486337392227561
normal-o3,1,8,suffix-2,16,rust-vec,6,1048576,524288,1,1348000,7745486337392227561
normal-o3,1,8,suffix-2,16,take-swap-c,6,1048576,524288,1,3173000,7745486337392227561
normal-o3,1,8,suffix-2,16,swap-take-c,6,1048576,524288,1,2894000,7745486337392227561
normal-o3,1,8,suffix-2,16,direct-c,6,1048576,524288,1,1556000,7745486337392227561
normal-o3,1,8,suffix-2,16,reverse-c,6,1048576,524288,1,3207000,7745486337392227561
normal-o3,1,8,suffix-2,256,cpp-std-vector,0,1048576,524288,1,1702000,4355278901963944061
normal-o3,1,8,suffix-2,256,rust-vec,0,1048576,524288,1,1340000,4355278901963944061
normal-o3,1,8,suffix-2,256,take-swap-c,0,1048576,524288,1,3372000,4355278901963944061
normal-o3,1,8,suffix-2,256,swap-take-c,0,1048576,524288,1,2930000,4355278901963944061
normal-o3,1,8,suffix-2,256,direct-c,0,1048576,524288,1,3134000,4355278901963944061
normal-o3,1,8,suffix-2,256,reverse-c,0,1048576,524288,1,3329000,4355278901963944061
normal-o3,1,8,suffix-2,256,whitefoot,0,1048576,524288,1,1826000,4355278901963944061
normal-o3,1,8,suffix-2,256,rust-vec,1,1048576,524288,1,1342000,15106128288498016595
normal-o3,1,8,suffix-2,256,take-swap-c,1,1048576,524288,1,3446000,15106128288498016595
normal-o3,1,8,suffix-2,256,swap-take-c,1,1048576,524288,1,2824000,15106128288498016595
normal-o3,1,8,suffix-2,256,direct-c,1,1048576,524288,1,2429000,15106128288498016595
normal-o3,1,8,suffix-2,256,reverse-c,1,1048576,524288,1,3223000,15106128288498016595
normal-o3,1,8,suffix-2,256,whitefoot,1,1048576,524288,1,1756000,15106128288498016595
normal-o3,1,8,suffix-2,256,cpp-std-vector,1,1048576,524288,1,1625000,15106128288498016595
normal-o3,1,8,suffix-2,256,take-swap-c,2,1048576,524288,1,3273000,7410233601322537513
normal-o3,1,8,suffix-2,256,swap-take-c,2,1048576,524288,1,2881000,7410233601322537513
normal-o3,1,8,suffix-2,256,direct-c,2,1048576,524288,1,3757000,7410233601322537513
normal-o3,1,8,suffix-2,256,reverse-c,2,1048576,524288,1,3323000,7410233601322537513
normal-o3,1,8,suffix-2,256,whitefoot,2,1048576,524288,1,1735000,7410233601322537513
normal-o3,1,8,suffix-2,256,cpp-std-vector,2,1048576,524288,1,1630000,7410233601322537513
normal-o3,1,8,suffix-2,256,rust-vec,2,1048576,524288,1,1308000,7410233601322537513
normal-o3,1,8,suffix-2,256,swap-take-c,3,1048576,524288,1,2832000,18161082987856610047
normal-o3,1,8,suffix-2,256,direct-c,3,1048576,524288,1,3333000,18161082987856610047
normal-o3,1,8,suffix-2,256,reverse-c,3,1048576,524288,1,3293000,18161082987856610047
normal-o3,1,8,suffix-2,256,whitefoot,3,1048576,524288,1,1746000,18161082987856610047
normal-o3,1,8,suffix-2,256,cpp-std-vector,3,1048576,524288,1,1625000,18161082987856610047
normal-o3,1,8,suffix-2,256,rust-vec,3,1048576,524288,1,1303000,18161082987856610047
normal-o3,1,8,suffix-2,256,take-swap-c,3,1048576,524288,1,3393000,18161082987856610047
normal-o3,1,8,suffix-2,256,direct-c,4,1048576,524288,1,1506000,10465188300681130965
normal-o3,1,8,suffix-2,256,reverse-c,4,1048576,524288,1,3200000,10465188300681130965
normal-o3,1,8,suffix-2,256,whitefoot,4,1048576,524288,1,1727000,10465188300681130965
normal-o3,1,8,suffix-2,256,cpp-std-vector,4,1048576,524288,1,1635000,10465188300681130965
normal-o3,1,8,suffix-2,256,rust-vec,4,1048576,524288,1,1300000,10465188300681130965
normal-o3,1,8,suffix-2,256,take-swap-c,4,1048576,524288,1,3260000,10465188300681130965
normal-o3,1,8,suffix-2,256,swap-take-c,4,1048576,524288,1,2830000,10465188300681130965
normal-o3,1,8,suffix-2,256,reverse-c,5,1048576,524288,1,3264000,2769293613505651883
normal-o3,1,8,suffix-2,256,whitefoot,5,1048576,524288,1,1743000,2769293613505651883
normal-o3,1,8,suffix-2,256,cpp-std-vector,5,1048576,524288,1,1662000,2769293613505651883
normal-o3,1,8,suffix-2,256,rust-vec,5,1048576,524288,1,1307000,2769293613505651883
normal-o3,1,8,suffix-2,256,take-swap-c,5,1048576,524288,1,3246000,2769293613505651883
normal-o3,1,8,suffix-2,256,swap-take-c,5,1048576,524288,1,2826000,2769293613505651883
normal-o3,1,8,suffix-2,256,direct-c,5,1048576,524288,1,3208000,2769293613505651883
normal-o3,1,8,suffix-2,256,whitefoot,6,1048576,524288,1,1730000,13520143000039724417
normal-o3,1,8,suffix-2,256,cpp-std-vector,6,1048576,524288,1,1625000,13520143000039724417
normal-o3,1,8,suffix-2,256,rust-vec,6,1048576,524288,1,1301000,13520143000039724417
normal-o3,1,8,suffix-2,256,take-swap-c,6,1048576,524288,1,3293000,13520143000039724417
normal-o3,1,8,suffix-2,256,swap-take-c,6,1048576,524288,1,2793000,13520143000039724417
normal-o3,1,8,suffix-2,256,direct-c,6,1048576,524288,1,2113000,13520143000039724417
normal-o3,1,8,suffix-2,256,reverse-c,6,1048576,524288,1,3262000,13520143000039724417
normal-o3,1,8,suffix-2,4096,cpp-std-vector,0,1048576,524288,1,1672000,16133918569289551357
normal-o3,1,8,suffix-2,4096,rust-vec,0,1048576,524288,1,1305000,16133918569289551357
normal-o3,1,8,suffix-2,4096,take-swap-c,0,1048576,524288,1,3237000,16133918569289551357
normal-o3,1,8,suffix-2,4096,swap-take-c,0,1048576,524288,1,2821000,16133918569289551357
normal-o3,1,8,suffix-2,4096,direct-c,0,1048576,524288,1,2786000,16133918569289551357
normal-o3,1,8,suffix-2,4096,reverse-c,0,1048576,524288,1,3235000,16133918569289551357
normal-o3,1,8,suffix-2,4096,whitefoot,0,1048576,524288,1,1749000,16133918569289551357
normal-o3,1,8,suffix-2,4096,rust-vec,1,1048576,524288,1,1306000,17698322704188874963
normal-o3,1,8,suffix-2,4096,take-swap-c,1,1048576,524288,1,3356000,17698322704188874963
normal-o3,1,8,suffix-2,4096,swap-take-c,1,1048576,524288,1,2830000,17698322704188874963
normal-o3,1,8,suffix-2,4096,direct-c,1,1048576,524288,1,1874000,17698322704188874963
normal-o3,1,8,suffix-2,4096,reverse-c,1,1048576,524288,1,3292000,17698322704188874963
normal-o3,1,8,suffix-2,4096,whitefoot,1,1048576,524288,1,1814000,17698322704188874963
normal-o3,1,8,suffix-2,4096,cpp-std-vector,1,1048576,524288,1,1640000,17698322704188874963
normal-o3,1,8,suffix-2,4096,take-swap-c,2,1048576,524288,1,3523000,815982765378646953
normal-o3,1,8,suffix-2,4096,swap-take-c,2,1048576,524288,1,2865000,815982765378646953
normal-o3,1,8,suffix-2,4096,direct-c,2,1048576,524288,1,2666000,815982765378646953
normal-o3,1,8,suffix-2,4096,reverse-c,2,1048576,524288,1,3286000,815982765378646953
normal-o3,1,8,suffix-2,4096,whitefoot,2,1048576,524288,1,1735000,815982765378646953
normal-o3,1,8,suffix-2,4096,cpp-std-vector,2,1048576,524288,1,1643000,815982765378646953
normal-o3,1,8,suffix-2,4096,rust-vec,2,1048576,524288,1,1314000,815982765378646953
normal-o3,1,8,suffix-2,4096,swap-take-c,3,1048576,524288,1,2818000,2380386900277970559
normal-o3,1,8,suffix-2,4096,direct-c,3,1048576,524288,1,3024000,2380386900277970559
normal-o3,1,8,suffix-2,4096,reverse-c,3,1048576,524288,1,3244000,2380386900277970559
normal-o3,1,8,suffix-2,4096,whitefoot,3,1048576,524288,1,1733000,2380386900277970559
normal-o3,1,8,suffix-2,4096,cpp-std-vector,3,1048576,524288,1,1651000,2380386900277970559
normal-o3,1,8,suffix-2,4096,rust-vec,3,1048576,524288,1,1305000,2380386900277970559
normal-o3,1,8,suffix-2,4096,take-swap-c,3,1048576,524288,1,3388000,2380386900277970559
normal-o3,1,8,suffix-2,4096,direct-c,4,1048576,524288,1,3065000,3944791035177294165
normal-o3,1,8,suffix-2,4096,reverse-c,4,1048576,524288,1,3257000,3944791035177294165
normal-o3,1,8,suffix-2,4096,whitefoot,4,1048576,524288,1,1750000,3944791035177294165
normal-o3,1,8,suffix-2,4096,cpp-std-vector,4,1048576,524288,1,1662000,3944791035177294165
normal-o3,1,8,suffix-2,4096,rust-vec,4,1048576,524288,1,1307000,3944791035177294165
normal-o3,1,8,suffix-2,4096,take-swap-c,4,1048576,524288,1,3359000,3944791035177294165
normal-o3,1,8,suffix-2,4096,swap-take-c,4,1048576,524288,1,2843000,3944791035177294165
normal-o3,1,8,suffix-2,4096,reverse-c,5,1048576,524288,1,3268000,5509195170076617771
normal-o3,1,8,suffix-2,4096,whitefoot,5,1048576,524288,1,1734000,5509195170076617771
normal-o3,1,8,suffix-2,4096,cpp-std-vector,5,1048576,524288,1,1633000,5509195170076617771
normal-o3,1,8,suffix-2,4096,rust-vec,5,1048576,524288,1,1326000,5509195170076617771
normal-o3,1,8,suffix-2,4096,take-swap-c,5,1048576,524288,1,3388000,5509195170076617771
normal-o3,1,8,suffix-2,4096,swap-take-c,5,1048576,524288,1,2815000,5509195170076617771
normal-o3,1,8,suffix-2,4096,direct-c,5,1048576,524288,1,3470000,5509195170076617771
normal-o3,1,8,suffix-2,4096,whitefoot,6,1048576,524288,1,1804000,7073599304975941377
normal-o3,1,8,suffix-2,4096,cpp-std-vector,6,1048576,524288,1,1633000,7073599304975941377
normal-o3,1,8,suffix-2,4096,rust-vec,6,1048576,524288,1,1345000,7073599304975941377
normal-o3,1,8,suffix-2,4096,take-swap-c,6,1048576,524288,1,3302000,7073599304975941377
normal-o3,1,8,suffix-2,4096,swap-take-c,6,1048576,524288,1,2819000,7073599304975941377
normal-o3,1,8,suffix-2,4096,direct-c,6,1048576,524288,1,1649000,7073599304975941377
normal-o3,1,8,suffix-2,4096,reverse-c,6,1048576,524288,1,3251000,7073599304975941377
normal-o3,1,8,suffix-3,16,cpp-std-vector,0,1048576,349525,1,1747000,3578158727730397437
normal-o3,1,8,suffix-3,16,rust-vec,0,1048576,349525,1,1316000,3578158727730397437
normal-o3,1,8,suffix-3,16,take-swap-c,0,1048576,349525,1,2277000,3578158727730397437
normal-o3,1,8,suffix-3,16,swap-take-c,0,1048576,349525,1,2231000,3578158727730397437
normal-o3,1,8,suffix-3,16,direct-c,0,1048576,349525,1,1305000,3578158727730397437
normal-o3,1,8,suffix-3,16,reverse-c,0,1048576,349525,1,2508000,3578158727730397437
normal-o3,1,8,suffix-3,16,whitefoot,0,1048576,349525,1,1417000,3578158727730397437
normal-o3,1,8,suffix-3,16,rust-vec,1,1048576,349525,1,1301000,10503294698975091330
normal-o3,1,8,suffix-3,16,take-swap-c,1,1048576,349525,1,2324000,10503294698975091330
normal-o3,1,8,suffix-3,16,swap-take-c,1,1048576,349525,1,2211000,10503294698975091330
normal-o3,1,8,suffix-3,16,direct-c,1,1048576,349525,1,1311000,10503294698975091330
normal-o3,1,8,suffix-3,16,reverse-c,1,1048576,349525,1,2547000,10503294698975091330
normal-o3,1,8,suffix-3,16,whitefoot,1,1048576,349525,1,1373000,10503294698975091330
normal-o3,1,8,suffix-3,16,cpp-std-vector,1,1048576,349525,1,1777000,10503294698975091330
normal-o3,1,8,suffix-3,16,take-swap-c,2,1048576,349525,1,2290000,17428430670219785223
normal-o3,1,8,suffix-3,16,swap-take-c,2,1048576,349525,1,2319000,17428430670219785223
normal-o3,1,8,suffix-3,16,direct-c,2,1048576,349525,1,1356000,17428430670219785223
normal-o3,1,8,suffix-3,16,reverse-c,2,1048576,349525,1,2477000,17428430670219785223
normal-o3,1,8,suffix-3,16,whitefoot,2,1048576,349525,1,1359000,17428430670219785223
normal-o3,1,8,suffix-3,16,cpp-std-vector,2,1048576,349525,1,1735000,17428430670219785223
normal-o3,1,8,suffix-3,16,rust-vec,2,1048576,349525,1,1313000,17428430670219785223
normal-o3,1,8,suffix-3,16,swap-take-c,3,1048576,349525,1,2210000,5906822567754927500
normal-o3,1,8,suffix-3,16,direct-c,3,1048576,349525,1,1352000,5906822567754927500
normal-o3,1,8,suffix-3,16,reverse-c,3,1048576,349525,1,2465000,5906822567754927500
normal-o3,1,8,suffix-3,16,whitefoot,3,1048576,349525,1,1422000,5906822567754927500
normal-o3,1,8,suffix-3,16,cpp-std-vector,3,1048576,349525,1,1754000,5906822567754927500
normal-o3,1,8,suffix-3,16,rust-vec,3,1048576,349525,1,1323000,5906822567754927500
normal-o3,1,8,suffix-3,16,take-swap-c,3,1048576,349525,1,2272000,5906822567754927500
normal-o3,1,8,suffix-3,16,direct-c,4,1048576,349525,1,1305000,12831958538999621393
normal-o3,1,8,suffix-3,16,reverse-c,4,1048576,349525,1,2658000,12831958538999621393
normal-o3,1,8,suffix-3,16,whitefoot,4,1048576,349525,1,1359000,12831958538999621393
normal-o3,1,8,suffix-3,16,cpp-std-vector,4,1048576,349525,1,1733000,12831958538999621393
normal-o3,1,8,suffix-3,16,rust-vec,4,1048576,349525,1,1302000,12831958538999621393
normal-o3,1,8,suffix-3,16,take-swap-c,4,1048576,349525,1,2293000,12831958538999621393
normal-o3,1,8,suffix-3,16,swap-take-c,4,1048576,349525,1,2197000,12831958538999621393
normal-o3,1,8,suffix-3,16,reverse-c,5,1048576,349525,1,2468000,1310350436534763670
normal-o3,1,8,suffix-3,16,whitefoot,5,1048576,349525,1,1360000,1310350436534763670
normal-o3,1,8,suffix-3,16,cpp-std-vector,5,1048576,349525,1,1737000,1310350436534763670
normal-o3,1,8,suffix-3,16,rust-vec,5,1048576,349525,1,1301000,1310350436534763670
normal-o3,1,8,suffix-3,16,take-swap-c,5,1048576,349525,1,2295000,1310350436534763670
normal-o3,1,8,suffix-3,16,swap-take-c,5,1048576,349525,1,2189000,1310350436534763670
normal-o3,1,8,suffix-3,16,direct-c,5,1048576,349525,1,1349000,1310350436534763670
normal-o3,1,8,suffix-3,16,whitefoot,6,1048576,349525,1,1358000,8235486407779457563
normal-o3,1,8,suffix-3,16,cpp-std-vector,6,1048576,349525,1,1733000,8235486407779457563
normal-o3,1,8,suffix-3,16,rust-vec,6,1048576,349525,1,1300000,8235486407779457563
normal-o3,1,8,suffix-3,16,take-swap-c,6,1048576,349525,1,2299000,8235486407779457563
normal-o3,1,8,suffix-3,16,swap-take-c,6,1048576,349525,1,2213000,8235486407779457563
normal-o3,1,8,suffix-3,16,direct-c,6,1048576,349525,1,1330000,8235486407779457563
normal-o3,1,8,suffix-3,16,reverse-c,6,1048576,349525,1,2463000,8235486407779457563
normal-o3,1,8,suffix-3,256,cpp-std-vector,0,1048576,349525,1,1790000,17932052123014486501
normal-o3,1,8,suffix-3,256,rust-vec,0,1048576,349525,1,1306000,17932052123014486501
normal-o3,1,8,suffix-3,256,take-swap-c,0,1048576,349525,1,2315000,17932052123014486501
normal-o3,1,8,suffix-3,256,swap-take-c,0,1048576,349525,1,2266000,17932052123014486501
normal-o3,1,8,suffix-3,256,direct-c,0,1048576,349525,1,1396000,17932052123014486501
normal-o3,1,8,suffix-3,256,reverse-c,0,1048576,349525,1,2546000,17932052123014486501
normal-o3,1,8,suffix-3,256,whitefoot,0,1048576,349525,1,1360000,17932052123014486501
normal-o3,1,8,suffix-3,256,rust-vec,1,1048576,349525,1,1331000,6179702327257408202
normal-o3,1,8,suffix-3,256,take-swap-c,1,1048576,349525,1,2390000,6179702327257408202
normal-o3,1,8,suffix-3,256,swap-take-c,1,1048576,349525,1,2243000,6179702327257408202
normal-o3,1,8,suffix-3,256,direct-c,1,1048576,349525,1,1409000,6179702327257408202
normal-o3,1,8,suffix-3,256,reverse-c,1,1048576,349525,1,2559000,6179702327257408202
normal-o3,1,8,suffix-3,256,whitefoot,1,1048576,349525,1,1407000,6179702327257408202
normal-o3,1,8,suffix-3,256,cpp-std-vector,1,1048576,349525,1,1736000,6179702327257408202
normal-o3,1,8,suffix-3,256,take-swap-c,2,1048576,349525,1,2434000,12874096605209881519
normal-o3,1,8,suffix-3,256,swap-take-c,2,1048576,349525,1,2276000,12874096605209881519
normal-o3,1,8,suffix-3,256,direct-c,2,1048576,349525,1,1413000,12874096605209881519
normal-o3,1,8,suffix-3,256,reverse-c,2,1048576,349525,1,2552000,12874096605209881519
normal-o3,1,8,suffix-3,256,whitefoot,2,1048576,349525,1,1360000,12874096605209881519
normal-o3,1,8,suffix-3,256,cpp-std-vector,2,1048576,349525,1,1748000,12874096605209881519
normal-o3,1,8,suffix-3,256,rust-vec,2,1048576,349525,1,1302000,12874096605209881519
normal-o3,1,8,suffix-3,256,swap-take-c,3,1048576,349525,1,2238000,1121746809452803220
normal-o3,1,8,suffix-3,256,direct-c,3,1048576,349525,1,1415000,1121746809452803220
normal-o3,1,8,suffix-3,256,reverse-c,3,1048576,349525,1,2565000,1121746809452803220
normal-o3,1,8,suffix-3,256,whitefoot,3,1048576,349525,1,1393000,1121746809452803220
normal-o3,1,8,suffix-3,256,cpp-std-vector,3,1048576,349525,1,1780000,1121746809452803220
normal-o3,1,8,suffix-3,256,rust-vec,3,1048576,349525,1,1301000,1121746809452803220
normal-o3,1,8,suffix-3,256,take-swap-c,3,1048576,349525,1,2345000,1121746809452803220
normal-o3,1,8,suffix-3,256,direct-c,4,1048576,349525,1,1426000,7816141087405276537
normal-o3,1,8,suffix-3,256,reverse-c,4,1048576,349525,1,2553000,7816141087405276537
normal-o3,1,8,suffix-3,256,whitefoot,4,1048576,349525,1,1366000,7816141087405276537
normal-o3,1,8,suffix-3,256,cpp-std-vector,4,1048576,349525,1,1748000,7816141087405276537
normal-o3,1,8,suffix-3,256,rust-vec,4,1048576,349525,1,1300000,7816141087405276537
normal-o3,1,8,suffix-3,256,take-swap-c,4,1048576,349525,1,2362000,7816141087405276537
normal-o3,1,8,suffix-3,256,swap-take-c,4,1048576,349525,1,2243000,7816141087405276537
normal-o3,1,8,suffix-3,256,reverse-c,5,1048576,349525,1,2554000,14510535365357749854
normal-o3,1,8,suffix-3,256,whitefoot,5,1048576,349525,1,1379000,14510535365357749854
normal-o3,1,8,suffix-3,256,cpp-std-vector,5,1048576,349525,1,1747000,14510535365357749854
normal-o3,1,8,suffix-3,256,rust-vec,5,1048576,349525,1,1300000,14510535365357749854
normal-o3,1,8,suffix-3,256,take-swap-c,5,1048576,349525,1,2425000,14510535365357749854
normal-o3,1,8,suffix-3,256,swap-take-c,5,1048576,349525,1,2259000,14510535365357749854
normal-o3,1,8,suffix-3,256,direct-c,5,1048576,349525,1,1414000,14510535365357749854
normal-o3,1,8,suffix-3,256,whitefoot,6,1048576,349525,1,1361000,2758185569600671555
normal-o3,1,8,suffix-3,256,cpp-std-vector,6,1048576,349525,1,1734000,2758185569600671555
normal-o3,1,8,suffix-3,256,rust-vec,6,1048576,349525,1,1300000,2758185569600671555
normal-o3,1,8,suffix-3,256,take-swap-c,6,1048576,349525,1,2348000,2758185569600671555
normal-o3,1,8,suffix-3,256,swap-take-c,6,1048576,349525,1,2260000,2758185569600671555
normal-o3,1,8,suffix-3,256,direct-c,6,1048576,349525,1,1394000,2758185569600671555
normal-o3,1,8,suffix-3,256,reverse-c,6,1048576,349525,1,2551000,2758185569600671555
normal-o3,1,8,suffix-3,4096,cpp-std-vector,0,1048576,349525,1,1740000,13042235847276202085
normal-o3,1,8,suffix-3,4096,rust-vec,0,1048576,349525,1,1311000,13042235847276202085
normal-o3,1,8,suffix-3,4096,take-swap-c,0,1048576,349525,1,2398000,13042235847276202085
normal-o3,1,8,suffix-3,4096,swap-take-c,0,1048576,349525,1,2264000,13042235847276202085
normal-o3,1,8,suffix-3,4096,direct-c,0,1048576,349525,1,1394000,13042235847276202085
normal-o3,1,8,suffix-3,4096,reverse-c,0,1048576,349525,1,2559000,13042235847276202085
normal-o3,1,8,suffix-3,4096,whitefoot,0,1048576,349525,1,1374000,13042235847276202085
normal-o3,1,8,suffix-3,4096,rust-vec,1,1048576,349525,1,1308000,12907392256605062986
normal-o3,1,8,suffix-3,4096,take-swap-c,1,1048576,349525,1,2500000,12907392256605062986
normal-o3,1,8,suffix-3,4096,swap-take-c,1,1048576,349525,1,2229000,12907392256605062986
normal-o3,1,8,suffix-3,4096,direct-c,1,1048576,349525,1,1399000,12907392256605062986
normal-o3,1,8,suffix-3,4096,reverse-c,1,1048576,349525,1,2580000,12907392256605062986
normal-o3,1,8,suffix-3,4096,whitefoot,1,1048576,349525,1,1366000,12907392256605062986
normal-o3,1,8,suffix-3,4096,cpp-std-vector,1,1048576,349525,1,1748000,12907392256605062986
normal-o3,1,8,suffix-3,4096,take-swap-c,2,1048576,349525,1,2421000,12772548665933923887
normal-o3,1,8,suffix-3,4096,swap-take-c,2,1048576,349525,1,2353000,12772548665933923887
normal-o3,1,8,suffix-3,4096,direct-c,2,1048576,349525,1,1405000,12772548665933923887
normal-o3,1,8,suffix-3,4096,reverse-c,2,1048576,349525,1,2577000,12772548665933923887
normal-o3,1,8,suffix-3,4096,whitefoot,2,1048576,349525,1,1380000,12772548665933923887
normal-o3,1,8,suffix-3,4096,cpp-std-vector,2,1048576,349525,1,1744000,12772548665933923887
normal-o3,1,8,suffix-3,4096,rust-vec,2,1048576,349525,1,1305000,12772548665933923887
normal-o3,1,8,suffix-3,4096,swap-take-c,3,1048576,349525,1,2261000,12637705075262784788
normal-o3,1,8,suffix-3,4096,direct-c,3,1048576,349525,1,1403000,12637705075262784788
normal-o3,1,8,suffix-3,4096,reverse-c,3,1048576,349525,1,2583000,12637705075262784788
normal-o3,1,8,suffix-3,4096,whitefoot,3,1048576,349525,1,1379000,12637705075262784788
normal-o3,1,8,suffix-3,4096,cpp-std-vector,3,1048576,349525,1,1810000,12637705075262784788
normal-o3,1,8,suffix-3,4096,rust-vec,3,1048576,349525,1,1319000,12637705075262784788
normal-o3,1,8,suffix-3,4096,take-swap-c,3,1048576,349525,1,2428000,12637705075262784788
normal-o3,1,8,suffix-3,4096,direct-c,4,1048576,349525,1,1423000,12502861484591645689
normal-o3,1,8,suffix-3,4096,reverse-c,4,1048576,349525,1,2567000,12502861484591645689
normal-o3,1,8,suffix-3,4096,whitefoot,4,1048576,349525,1,1372000,12502861484591645689
normal-o3,1,8,suffix-3,4096,cpp-std-vector,4,1048576,349525,1,1760000,12502861484591645689
normal-o3,1,8,suffix-3,4096,rust-vec,4,1048576,349525,1,1305000,12502861484591645689
normal-o3,1,8,suffix-3,4096,take-swap-c,4,1048576,349525,1,2356000,12502861484591645689
normal-o3,1,8,suffix-3,4096,swap-take-c,4,1048576,349525,1,2226000,12502861484591645689
normal-o3,1,8,suffix-3,4096,reverse-c,5,1048576,349525,1,2567000,12368017893920506590
normal-o3,1,8,suffix-3,4096,whitefoot,5,1048576,349525,1,1367000,12368017893920506590
normal-o3,1,8,suffix-3,4096,cpp-std-vector,5,1048576,349525,1,1744000,12368017893920506590
normal-o3,1,8,suffix-3,4096,rust-vec,5,1048576,349525,1,1305000,12368017893920506590
normal-o3,1,8,suffix-3,4096,take-swap-c,5,1048576,349525,1,2444000,12368017893920506590
normal-o3,1,8,suffix-3,4096,swap-take-c,5,1048576,349525,1,2242000,12368017893920506590
normal-o3,1,8,suffix-3,4096,direct-c,5,1048576,349525,1,1432000,12368017893920506590
normal-o3,1,8,suffix-3,4096,whitefoot,6,1048576,349525,1,1368000,12233174303249367491
normal-o3,1,8,suffix-3,4096,cpp-std-vector,6,1048576,349525,1,1741000,12233174303249367491
normal-o3,1,8,suffix-3,4096,rust-vec,6,1048576,349525,1,1305000,12233174303249367491
normal-o3,1,8,suffix-3,4096,take-swap-c,6,1048576,349525,1,2419000,12233174303249367491
normal-o3,1,8,suffix-3,4096,swap-take-c,6,1048576,349525,1,2269000,12233174303249367491
normal-o3,1,8,suffix-3,4096,direct-c,6,1048576,349525,1,1404000,12233174303249367491
normal-o3,1,8,suffix-3,4096,reverse-c,6,1048576,349525,1,2553000,12233174303249367491
normal-o3,1,256,reserved,16,cpp-std-vector,0,1048576,65536,1,44921000,16095999890136793189
normal-o3,1,256,reserved,16,rust-vec,0,1048576,65536,1,41757000,16095999890136793189
normal-o3,1,256,reserved,16,take-swap-c,0,1048576,65536,1,48367000,16095999890136793189
normal-o3,1,256,reserved,16,swap-take-c,0,1048576,65536,1,50433000,16095999890136793189
normal-o3,1,256,reserved,16,direct-c,0,1048576,65536,1,46298000,16095999890136793189
normal-o3,1,256,reserved,16,reverse-c,0,1048576,65536,1,50352000,16095999890136793189
normal-o3,1,256,reserved,16,whitefoot,0,1048576,65536,1,42247000,16095999890136793189
normal-o3,1,256,reserved,16,rust-vec,1,1048576,65536,1,41863000,10905710204835692646
normal-o3,1,256,reserved,16,take-swap-c,1,1048576,65536,1,46323000,10905710204835692646
normal-o3,1,256,reserved,16,swap-take-c,1,1048576,65536,1,49845000,10905710204835692646
normal-o3,1,256,reserved,16,direct-c,1,1048576,65536,1,46273000,10905710204835692646
normal-o3,1,256,reserved,16,reverse-c,1,1048576,65536,1,50304000,10905710204835692646
normal-o3,1,256,reserved,16,whitefoot,1,1048576,65536,1,42694000,10905710204835692646
normal-o3,1,256,reserved,16,cpp-std-vector,1,1048576,65536,1,45792000,10905710204835692646
normal-o3,1,256,reserved,16,take-swap-c,2,1048576,65536,1,46956000,1136678281099509863
normal-o3,1,256,reserved,16,swap-take-c,2,1048576,65536,1,50580000,1136678281099509863
normal-o3,1,256,reserved,16,direct-c,2,1048576,65536,1,46571000,1136678281099509863
normal-o3,1,256,reserved,16,reverse-c,2,1048576,65536,1,50448000,1136678281099509863
normal-o3,1,256,reserved,16,whitefoot,2,1048576,65536,1,42630000,1136678281099509863
normal-o3,1,256,reserved,16,cpp-std-vector,2,1048576,65536,1,45241000,1136678281099509863
normal-o3,1,256,reserved,16,rust-vec,2,1048576,65536,1,42274000,1136678281099509863
normal-o3,1,256,reserved,16,swap-take-c,3,1048576,65536,1,50764000,1916000061831479400
normal-o3,1,256,reserved,16,direct-c,3,1048576,65536,1,46675000,1916000061831479400
normal-o3,1,256,reserved,16,reverse-c,3,1048576,65536,1,50253000,1916000061831479400
normal-o3,1,256,reserved,16,whitefoot,3,1048576,65536,1,43170000,1916000061831479400
normal-o3,1,256,reserved,16,cpp-std-vector,3,1048576,65536,1,44810000,1916000061831479400
normal-o3,1,256,reserved,16,rust-vec,3,1048576,65536,1,41608000,1916000061831479400
normal-o3,1,256,reserved,16,take-swap-c,3,1048576,65536,1,46906000,1916000061831479400
normal-o3,1,256,reserved,16,direct-c,4,1048576,65536,1,45946000,317124334665105513
normal-o3,1,256,reserved,16,reverse-c,4,1048576,65536,1,50804000,317124334665105513
normal-o3,1,256,reserved,16,whitefoot,4,1048576,65536,1,42902000,317124334665105513
normal-o3,1,256,reserved,16,cpp-std-vector,4,1048576,65536,1,45258000,317124334665105513
normal-o3,1,256,reserved,16,rust-vec,4,1048576,65536,1,41563000,317124334665105513
normal-o3,1,256,reserved,16,take-swap-c,4,1048576,65536,1,46249000,317124334665105513
normal-o3,1,256,reserved,16,swap-take-c,4,1048576,65536,1,49723000,317124334665105513
normal-o3,1,256,reserved,16,reverse-c,5,1048576,65536,1,50459000,16344508304658628714
normal-o3,1,256,reserved,16,whitefoot,5,1048576,65536,1,42426000,16344508304658628714
normal-o3,1,256,reserved,16,cpp-std-vector,5,1048576,65536,1,44760000,16344508304658628714
normal-o3,1,256,reserved,16,rust-vec,5,1048576,65536,1,41621000,16344508304658628714
normal-o3,1,256,reserved,16,take-swap-c,5,1048576,65536,1,46375000,16344508304658628714
normal-o3,1,256,reserved,16,swap-take-c,5,1048576,65536,1,50018000,16344508304658628714
normal-o3,1,256,reserved,16,direct-c,5,1048576,65536,1,45872000,16344508304658628714
normal-o3,1,256,reserved,16,whitefoot,6,1048576,65536,1,43293000,17728104047323021419
normal-o3,1,256,reserved,16,cpp-std-vector,6,1048576,65536,1,44752000,17728104047323021419
normal-o3,1,256,reserved,16,rust-vec,6,1048576,65536,1,41498000,17728104047323021419
normal-o3,1,256,reserved,16,take-swap-c,6,1048576,65536,1,46921000,17728104047323021419
normal-o3,1,256,reserved,16,swap-take-c,6,1048576,65536,1,49818000,17728104047323021419
normal-o3,1,256,reserved,16,direct-c,6,1048576,65536,1,46084000,17728104047323021419
normal-o3,1,256,reserved,16,reverse-c,6,1048576,65536,1,50547000,17728104047323021419
normal-o3,1,256,reserved,256,cpp-std-vector,0,1048576,4096,1,42612000,5774473182449584229
normal-o3,1,256,reserved,256,rust-vec,0,1048576,4096,1,39300000,5774473182449584229
normal-o3,1,256,reserved,256,take-swap-c,0,1048576,4096,1,41850000,5774473182449584229
normal-o3,1,256,reserved,256,swap-take-c,0,1048576,4096,1,43989000,5774473182449584229
normal-o3,1,256,reserved,256,direct-c,0,1048576,4096,1,41747000,5774473182449584229
normal-o3,1,256,reserved,256,reverse-c,0,1048576,4096,1,46966000,5774473182449584229
normal-o3,1,256,reserved,256,whitefoot,0,1048576,4096,1,39464000,5774473182449584229
normal-o3,1,256,reserved,256,rust-vec,1,1048576,4096,1,39215000,730816566922926182
normal-o3,1,256,reserved,256,take-swap-c,1,1048576,4096,1,41730000,730816566922926182
normal-o3,1,256,reserved,256,swap-take-c,1,1048576,4096,1,43859000,730816566922926182
normal-o3,1,256,reserved,256,direct-c,1,1048576,4096,1,41316000,730816566922926182
normal-o3,1,256,reserved,256,reverse-c,1,1048576,4096,1,49814000,730816566922926182
normal-o3,1,256,reserved,256,whitefoot,1,1048576,4096,1,40675000,730816566922926182
normal-o3,1,256,reserved,256,cpp-std-vector,1,1048576,4096,1,43439000,730816566922926182
normal-o3,1,256,reserved,256,take-swap-c,2,1048576,4096,1,41561000,3951699326411303015
normal-o3,1,256,reserved,256,swap-take-c,2,1048576,4096,1,43819000,3951699326411303015
normal-o3,1,256,reserved,256,direct-c,2,1048576,4096,1,41185000,3951699326411303015
normal-o3,1,256,reserved,256,reverse-c,2,1048576,4096,1,47056000,3951699326411303015
normal-o3,1,256,reserved,256,whitefoot,2,1048576,4096,1,40260000,3951699326411303015
normal-o3,1,256,reserved,256,cpp-std-vector,2,1048576,4096,1,42665000,3951699326411303015
normal-o3,1,256,reserved,256,rust-vec,2,1048576,4096,1,39275000,3951699326411303015
normal-o3,1,256,reserved,256,swap-take-c,3,1048576,4096,1,43971000,4669976213855500392
normal-o3,1,256,reserved,256,direct-c,3,1048576,4096,1,41183000,4669976213855500392
normal-o3,1,256,reserved,256,reverse-c,3,1048576,4096,1,46839000,4669976213855500392
normal-o3,1,256,reserved,256,whitefoot,3,1048576,4096,1,39642000,4669976213855500392
normal-o3,1,256,reserved,256,cpp-std-vector,3,1048576,4096,1,42228000,4669976213855500392
normal-o3,1,256,reserved,256,rust-vec,3,1048576,4096,1,39104000,4669976213855500392
normal-o3,1,256,reserved,256,take-swap-c,3,1048576,4096,1,41727000,4669976213855500392
normal-o3,1,256,reserved,256,direct-c,4,1048576,4096,1,41189000,4748812814999455849
normal-o3,1,256,reserved,256,reverse-c,4,1048576,4096,1,46865000,4748812814999455849
normal-o3,1,256,reserved,256,whitefoot,4,1048576,4096,1,39756000,4748812814999455849
normal-o3,1,256,reserved,256,cpp-std-vector,4,1048576,4096,1,42164000,4748812814999455849
normal-o3,1,256,reserved,256,rust-vec,4,1048576,4096,1,39340000,4748812814999455849
normal-o3,1,256,reserved,256,take-swap-c,4,1048576,4096,1,41707000,4748812814999455849
normal-o3,1,256,reserved,256,swap-take-c,4,1048576,4096,1,45381000,4748812814999455849
normal-o3,1,256,reserved,256,reverse-c,5,1048576,4096,1,46831000,9617966251147630698
normal-o3,1,256,reserved,256,whitefoot,5,1048576,4096,1,39455000,9617966251147630698
normal-o3,1,256,reserved,256,cpp-std-vector,5,1048576,4096,1,42268000,9617966251147630698
normal-o3,1,256,reserved,256,rust-vec,5,1048576,4096,1,39128000,9617966251147630698
normal-o3,1,256,reserved,256,take-swap-c,5,1048576,4096,1,41695000,9617966251147630698
normal-o3,1,256,reserved,256,swap-take-c,5,1048576,4096,1,44117000,9617966251147630698
normal-o3,1,256,reserved,256,direct-c,5,1048576,4096,1,41871000,9617966251147630698
normal-o3,1,256,reserved,256,whitefoot,6,1048576,4096,1,39575000,14780350119149938795
normal-o3,1,256,reserved,256,cpp-std-vector,6,1048576,4096,1,42273000,14780350119149938795
normal-o3,1,256,reserved,256,rust-vec,6,1048576,4096,1,39205000,14780350119149938795
normal-o3,1,256,reserved,256,take-swap-c,6,1048576,4096,1,42160000,14780350119149938795
normal-o3,1,256,reserved,256,swap-take-c,6,1048576,4096,1,45198000,14780350119149938795
normal-o3,1,256,reserved,256,direct-c,6,1048576,4096,1,41468000,14780350119149938795
normal-o3,1,256,reserved,256,reverse-c,6,1048576,4096,1,46811000,14780350119149938795
normal-o3,1,256,reserved,4096,cpp-std-vector,0,1048576,256,1,43735000,7990118519889974501
normal-o3,1,256,reserved,4096,rust-vec,0,1048576,256,1,40786000,7990118519889974501
normal-o3,1,256,reserved,4096,take-swap-c,0,1048576,256,1,43422000,7990118519889974501
normal-o3,1,256,reserved,4096,swap-take-c,0,1048576,256,1,45731000,7990118519889974501
normal-o3,1,256,reserved,4096,direct-c,0,1048576,256,1,43273000,7990118519889974501
normal-o3,1,256,reserved,4096,reverse-c,0,1048576,256,1,51254000,7990118519889974501
normal-o3,1,256,reserved,4096,whitefoot,0,1048576,256,1,41527000,7990118519889974501
normal-o3,1,256,reserved,4096,rust-vec,1,1048576,256,1,41004000,10660244701728609766
normal-o3,1,256,reserved,4096,take-swap-c,1,1048576,256,1,44674000,10660244701728609766
normal-o3,1,256,reserved,4096,swap-take-c,1,1048576,256,1,46649000,10660244701728609766
normal-o3,1,256,reserved,4096,direct-c,1,1048576,256,1,43869000,10660244701728609766
normal-o3,1,256,reserved,4096,reverse-c,1,1048576,256,1,50221000,10660244701728609766
normal-o3,1,256,reserved,4096,whitefoot,1,1048576,256,1,41027000,10660244701728609766
normal-o3,1,256,reserved,4096,cpp-std-vector,1,1048576,256,1,43586000,10660244701728609766
normal-o3,1,256,reserved,4096,take-swap-c,2,1048576,256,1,43472000,3495536164771485415
normal-o3,1,256,reserved,4096,swap-take-c,2,1048576,256,1,45497000,3495536164771485415
normal-o3,1,256,reserved,4096,direct-c,2,1048576,256,1,43016000,3495536164771485415
normal-o3,1,256,reserved,4096,reverse-c,2,1048576,256,1,50257000,3495536164771485415
normal-o3,1,256,reserved,4096,whitefoot,2,1048576,256,1,41126000,3495536164771485415
normal-o3,1,256,reserved,4096,cpp-std-vector,2,1048576,256,1,43756000,3495536164771485415
normal-o3,1,256,reserved,4096,rust-vec,2,1048576,256,1,41077000,3495536164771485415
normal-o3,1,256,reserved,4096,swap-take-c,3,1048576,256,1,45385000,15148529761215748072
normal-o3,1,256,reserved,4096,direct-c,3,1048576,256,1,43368000,15148529761215748072
normal-o3,1,256,reserved,4096,reverse-c,3,1048576,256,1,49675000,15148529761215748072
normal-o3,1,256,reserved,4096,whitefoot,3,1048576,256,1,41182000,15148529761215748072
normal-o3,1,256,reserved,4096,cpp-std-vector,3,1048576,256,1,45189000,15148529761215748072
normal-o3,1,256,reserved,4096,rust-vec,3,1048576,256,1,41886000,15148529761215748072
normal-o3,1,256,reserved,4096,take-swap-c,3,1048576,256,1,43185000,15148529761215748072
normal-o3,1,256,reserved,4096,direct-c,4,1048576,256,1,43076000,9298652180223940841
normal-o3,1,256,reserved,4096,reverse-c,4,1048576,256,1,49833000,9298652180223940841
normal-o3,1,256,reserved,4096,whitefoot,4,1048576,256,1,41138000,9298652180223940841
normal-o3,1,256,reserved,4096,cpp-std-vector,4,1048576,256,1,43725000,9298652180223940841
normal-o3,1,256,reserved,4096,rust-vec,4,1048576,256,1,40897000,9298652180223940841
normal-o3,1,256,reserved,4096,take-swap-c,4,1048576,256,1,43515000,9298652180223940841
normal-o3,1,256,reserved,4096,swap-take-c,4,1048576,256,1,45929000,9298652180223940841
normal-o3,1,256,reserved,4096,reverse-c,5,1048576,256,1,50273000,8375064059273222634
normal-o3,1,256,reserved,4096,whitefoot,5,1048576,256,1,41686000,8375064059273222634
normal-o3,1,256,reserved,4096,cpp-std-vector,5,1048576,256,1,43782000,8375064059273222634
normal-o3,1,256,reserved,4096,rust-vec,5,1048576,256,1,41036000,8375064059273222634
normal-o3,1,256,reserved,4096,take-swap-c,5,1048576,256,1,43406000,8375064059273222634
normal-o3,1,256,reserved,4096,swap-take-c,5,1048576,256,1,45676000,8375064059273222634
normal-o3,1,256,reserved,4096,direct-c,5,1048576,256,1,43064000,8375064059273222634
normal-o3,1,256,reserved,4096,whitefoot,6,1048576,256,1,41129000,18409727464639388395
normal-o3,1,256,reserved,4096,cpp-std-vector,6,1048576,256,1,43746000,18409727464639388395
normal-o3,1,256,reserved,4096,rust-vec,6,1048576,256,1,40994000,18409727464639388395
normal-o3,1,256,reserved,4096,take-swap-c,6,1048576,256,1,43180000,18409727464639388395
normal-o3,1,256,reserved,4096,swap-take-c,6,1048576,256,1,46871000,18409727464639388395
normal-o3,1,256,reserved,4096,direct-c,6,1048576,256,1,44274000,18409727464639388395
normal-o3,1,256,reserved,4096,reverse-c,6,1048576,256,1,49741000,18409727464639388395
normal-o3,1,256,growth,16,cpp-std-vector,0,1048576,65536,1,59247000,16095999890136793189
normal-o3,1,256,growth,16,rust-vec,0,1048576,65536,1,56592000,16095999890136793189
normal-o3,1,256,growth,16,take-swap-c,0,1048576,65536,1,62731000,16095999890136793189
normal-o3,1,256,growth,16,swap-take-c,0,1048576,65536,1,66134000,16095999890136793189
normal-o3,1,256,growth,16,direct-c,0,1048576,65536,1,61881000,16095999890136793189
normal-o3,1,256,growth,16,reverse-c,0,1048576,65536,1,67183000,16095999890136793189
normal-o3,1,256,growth,16,whitefoot,0,1048576,65536,1,59391000,16095999890136793189
normal-o3,1,256,growth,16,rust-vec,1,1048576,65536,1,56392000,10905710204835692646
normal-o3,1,256,growth,16,take-swap-c,1,1048576,65536,1,62727000,10905710204835692646
normal-o3,1,256,growth,16,swap-take-c,1,1048576,65536,1,66265000,10905710204835692646
normal-o3,1,256,growth,16,direct-c,1,1048576,65536,1,62479000,10905710204835692646
normal-o3,1,256,growth,16,reverse-c,1,1048576,65536,1,67021000,10905710204835692646
normal-o3,1,256,growth,16,whitefoot,1,1048576,65536,1,60909000,10905710204835692646
normal-o3,1,256,growth,16,cpp-std-vector,1,1048576,65536,1,59495000,10905710204835692646
normal-o3,1,256,growth,16,take-swap-c,2,1048576,65536,1,62884000,1136678281099509863
normal-o3,1,256,growth,16,swap-take-c,2,1048576,65536,1,66100000,1136678281099509863
normal-o3,1,256,growth,16,direct-c,2,1048576,65536,1,62027000,1136678281099509863
normal-o3,1,256,growth,16,reverse-c,2,1048576,65536,1,66772000,1136678281099509863
normal-o3,1,256,growth,16,whitefoot,2,1048576,65536,1,59209000,1136678281099509863
normal-o3,1,256,growth,16,cpp-std-vector,2,1048576,65536,1,59246000,1136678281099509863
normal-o3,1,256,growth,16,rust-vec,2,1048576,65536,1,56437000,1136678281099509863
normal-o3,1,256,growth,16,swap-take-c,3,1048576,65536,1,68302000,1916000061831479400
normal-o3,1,256,growth,16,direct-c,3,1048576,65536,1,63661000,1916000061831479400
normal-o3,1,256,growth,16,reverse-c,3,1048576,65536,1,66730000,1916000061831479400
normal-o3,1,256,growth,16,whitefoot,3,1048576,65536,1,59030000,1916000061831479400
normal-o3,1,256,growth,16,cpp-std-vector,3,1048576,65536,1,59113000,1916000061831479400
normal-o3,1,256,growth,16,rust-vec,3,1048576,65536,1,56176000,1916000061831479400
normal-o3,1,256,growth,16,take-swap-c,3,1048576,65536,1,62640000,1916000061831479400
normal-o3,1,256,growth,16,direct-c,4,1048576,65536,1,62553000,317124334665105513
normal-o3,1,256,growth,16,reverse-c,4,1048576,65536,1,69743000,317124334665105513
normal-o3,1,256,growth,16,whitefoot,4,1048576,65536,1,60631000,317124334665105513
normal-o3,1,256,growth,16,cpp-std-vector,4,1048576,65536,1,59657000,317124334665105513
normal-o3,1,256,growth,16,rust-vec,4,1048576,65536,1,56248000,317124334665105513
normal-o3,1,256,growth,16,take-swap-c,4,1048576,65536,1,62778000,317124334665105513
normal-o3,1,256,growth,16,swap-take-c,4,1048576,65536,1,66189000,317124334665105513
normal-o3,1,256,growth,16,reverse-c,5,1048576,65536,1,66982000,16344508304658628714
normal-o3,1,256,growth,16,whitefoot,5,1048576,65536,1,59003000,16344508304658628714
normal-o3,1,256,growth,16,cpp-std-vector,5,1048576,65536,1,59828000,16344508304658628714
normal-o3,1,256,growth,16,rust-vec,5,1048576,65536,1,56554000,16344508304658628714
normal-o3,1,256,growth,16,take-swap-c,5,1048576,65536,1,63281000,16344508304658628714
normal-o3,1,256,growth,16,swap-take-c,5,1048576,65536,1,67030000,16344508304658628714
normal-o3,1,256,growth,16,direct-c,5,1048576,65536,1,62908000,16344508304658628714
normal-o3,1,256,growth,16,whitefoot,6,1048576,65536,1,61705000,17728104047323021419
normal-o3,1,256,growth,16,cpp-std-vector,6,1048576,65536,1,59656000,17728104047323021419
normal-o3,1,256,growth,16,rust-vec,6,1048576,65536,1,57248000,17728104047323021419
normal-o3,1,256,growth,16,take-swap-c,6,1048576,65536,1,63723000,17728104047323021419
normal-o3,1,256,growth,16,swap-take-c,6,1048576,65536,1,67493000,17728104047323021419
normal-o3,1,256,growth,16,direct-c,6,1048576,65536,1,62491000,17728104047323021419
normal-o3,1,256,growth,16,reverse-c,6,1048576,65536,1,67745000,17728104047323021419
normal-o3,1,256,growth,256,cpp-std-vector,0,1048576,4096,1,56416000,5774473182449584229
normal-o3,1,256,growth,256,rust-vec,0,1048576,4096,1,46197000,5774473182449584229
normal-o3,1,256,growth,256,take-swap-c,0,1048576,4096,1,54918000,5774473182449584229
normal-o3,1,256,growth,256,swap-take-c,0,1048576,4096,1,57443000,5774473182449584229
normal-o3,1,256,growth,256,direct-c,0,1048576,4096,1,55389000,5774473182449584229
normal-o3,1,256,growth,256,reverse-c,0,1048576,4096,1,60769000,5774473182449584229
normal-o3,1,256,growth,256,whitefoot,0,1048576,4096,1,52196000,5774473182449584229
normal-o3,1,256,growth,256,rust-vec,1,1048576,4096,1,45818000,730816566922926182
normal-o3,1,256,growth,256,take-swap-c,1,1048576,4096,1,55956000,730816566922926182
normal-o3,1,256,growth,256,swap-take-c,1,1048576,4096,1,58636000,730816566922926182
normal-o3,1,256,growth,256,direct-c,1,1048576,4096,1,54255000,730816566922926182
normal-o3,1,256,growth,256,reverse-c,1,1048576,4096,1,60528000,730816566922926182
normal-o3,1,256,growth,256,whitefoot,1,1048576,4096,1,52116000,730816566922926182
normal-o3,1,256,growth,256,cpp-std-vector,1,1048576,4096,1,56953000,730816566922926182
normal-o3,1,256,growth,256,take-swap-c,2,1048576,4096,1,54738000,3951699326411303015
normal-o3,1,256,growth,256,swap-take-c,2,1048576,4096,1,58545000,3951699326411303015
normal-o3,1,256,growth,256,direct-c,2,1048576,4096,1,55742000,3951699326411303015
normal-o3,1,256,growth,256,reverse-c,2,1048576,4096,1,61771000,3951699326411303015
normal-o3,1,256,growth,256,whitefoot,2,1048576,4096,1,53130000,3951699326411303015
normal-o3,1,256,growth,256,cpp-std-vector,2,1048576,4096,1,56786000,3951699326411303015
normal-o3,1,256,growth,256,rust-vec,2,1048576,4096,1,46226000,3951699326411303015
normal-o3,1,256,growth,256,swap-take-c,3,1048576,4096,1,57922000,4669976213855500392
normal-o3,1,256,growth,256,direct-c,3,1048576,4096,1,54895000,4669976213855500392
normal-o3,1,256,growth,256,reverse-c,3,1048576,4096,1,60514000,4669976213855500392
normal-o3,1,256,growth,256,whitefoot,3,1048576,4096,1,52242000,4669976213855500392
normal-o3,1,256,growth,256,cpp-std-vector,3,1048576,4096,1,58166000,4669976213855500392
normal-o3,1,256,growth,256,rust-vec,3,1048576,4096,1,46208000,4669976213855500392
normal-o3,1,256,growth,256,take-swap-c,3,1048576,4096,1,55070000,4669976213855500392
normal-o3,1,256,growth,256,direct-c,4,1048576,4096,1,54281000,4748812814999455849
normal-o3,1,256,growth,256,reverse-c,4,1048576,4096,1,60448000,4748812814999455849
normal-o3,1,256,growth,256,whitefoot,4,1048576,4096,1,52015000,4748812814999455849
normal-o3,1,256,growth,256,cpp-std-vector,4,1048576,4096,1,56152000,4748812814999455849
normal-o3,1,256,growth,256,rust-vec,4,1048576,4096,1,45789000,4748812814999455849
normal-o3,1,256,growth,256,take-swap-c,4,1048576,4096,1,54588000,4748812814999455849
normal-o3,1,256,growth,256,swap-take-c,4,1048576,4096,1,57308000,4748812814999455849
normal-o3,1,256,growth,256,reverse-c,5,1048576,4096,1,60426000,9617966251147630698
normal-o3,1,256,growth,256,whitefoot,5,1048576,4096,1,52008000,9617966251147630698
normal-o3,1,256,growth,256,cpp-std-vector,5,1048576,4096,1,56200000,9617966251147630698
normal-o3,1,256,growth,256,rust-vec,5,1048576,4096,1,45911000,9617966251147630698
normal-o3,1,256,growth,256,take-swap-c,5,1048576,4096,1,54992000,9617966251147630698
normal-o3,1,256,growth,256,swap-take-c,5,1048576,4096,1,58019000,9617966251147630698
normal-o3,1,256,growth,256,direct-c,5,1048576,4096,1,54076000,9617966251147630698
normal-o3,1,256,growth,256,whitefoot,6,1048576,4096,1,57179000,14780350119149938795
normal-o3,1,256,growth,256,cpp-std-vector,6,1048576,4096,1,55885000,14780350119149938795
normal-o3,1,256,growth,256,rust-vec,6,1048576,4096,1,46110000,14780350119149938795
normal-o3,1,256,growth,256,take-swap-c,6,1048576,4096,1,55065000,14780350119149938795
normal-o3,1,256,growth,256,swap-take-c,6,1048576,4096,1,57153000,14780350119149938795
normal-o3,1,256,growth,256,direct-c,6,1048576,4096,1,55268000,14780350119149938795
normal-o3,1,256,growth,256,reverse-c,6,1048576,4096,1,61456000,14780350119149938795
normal-o3,1,256,growth,4096,cpp-std-vector,0,1048576,256,1,52724000,7990118519889974501
normal-o3,1,256,growth,4096,rust-vec,0,1048576,256,1,43068000,7990118519889974501
normal-o3,1,256,growth,4096,take-swap-c,0,1048576,256,1,57894000,7990118519889974501
normal-o3,1,256,growth,4096,swap-take-c,0,1048576,256,1,57481000,7990118519889974501
normal-o3,1,256,growth,4096,direct-c,0,1048576,256,1,54629000,7990118519889974501
normal-o3,1,256,growth,4096,reverse-c,0,1048576,256,1,61140000,7990118519889974501
normal-o3,1,256,growth,4096,whitefoot,0,1048576,256,1,127744000,7990118519889974501
normal-o3,1,256,growth,4096,rust-vec,1,1048576,256,1,43427000,10660244701728609766
normal-o3,1,256,growth,4096,take-swap-c,1,1048576,256,1,58206000,10660244701728609766
normal-o3,1,256,growth,4096,swap-take-c,1,1048576,256,1,58382000,10660244701728609766
normal-o3,1,256,growth,4096,direct-c,1,1048576,256,1,56351000,10660244701728609766
normal-o3,1,256,growth,4096,reverse-c,1,1048576,256,1,62940000,10660244701728609766
normal-o3,1,256,growth,4096,whitefoot,1,1048576,256,1,53472000,10660244701728609766
normal-o3,1,256,growth,4096,cpp-std-vector,1,1048576,256,1,53005000,10660244701728609766
normal-o3,1,256,growth,4096,take-swap-c,2,1048576,256,1,56781000,3495536164771485415
normal-o3,1,256,growth,4096,swap-take-c,2,1048576,256,1,59278000,3495536164771485415
normal-o3,1,256,growth,4096,direct-c,2,1048576,256,1,56951000,3495536164771485415
normal-o3,1,256,growth,4096,reverse-c,2,1048576,256,1,62777000,3495536164771485415
normal-o3,1,256,growth,4096,whitefoot,2,1048576,256,1,53740000,3495536164771485415
normal-o3,1,256,growth,4096,cpp-std-vector,2,1048576,256,1,52339000,3495536164771485415
normal-o3,1,256,growth,4096,rust-vec,2,1048576,256,1,42386000,3495536164771485415
normal-o3,1,256,growth,4096,swap-take-c,3,1048576,256,1,57664000,15148529761215748072
normal-o3,1,256,growth,4096,direct-c,3,1048576,256,1,55217000,15148529761215748072
normal-o3,1,256,growth,4096,reverse-c,3,1048576,256,1,62781000,15148529761215748072
normal-o3,1,256,growth,4096,whitefoot,3,1048576,256,1,56127000,15148529761215748072
normal-o3,1,256,growth,4096,cpp-std-vector,3,1048576,256,1,54218000,15148529761215748072
normal-o3,1,256,growth,4096,rust-vec,3,1048576,256,1,42517000,15148529761215748072
normal-o3,1,256,growth,4096,take-swap-c,3,1048576,256,1,54758000,15148529761215748072
normal-o3,1,256,growth,4096,direct-c,4,1048576,256,1,56228000,9298652180223940841
normal-o3,1,256,growth,4096,reverse-c,4,1048576,256,1,61415000,9298652180223940841
normal-o3,1,256,growth,4096,whitefoot,4,1048576,256,1,53073000,9298652180223940841
normal-o3,1,256,growth,4096,cpp-std-vector,4,1048576,256,1,54059000,9298652180223940841
normal-o3,1,256,growth,4096,rust-vec,4,1048576,256,1,43921000,9298652180223940841
normal-o3,1,256,growth,4096,take-swap-c,4,1048576,256,1,57596000,9298652180223940841
normal-o3,1,256,growth,4096,swap-take-c,4,1048576,256,1,57956000,9298652180223940841
normal-o3,1,256,growth,4096,reverse-c,5,1048576,256,1,62776000,8375064059273222634
normal-o3,1,256,growth,4096,whitefoot,5,1048576,256,1,53212000,8375064059273222634
normal-o3,1,256,growth,4096,cpp-std-vector,5,1048576,256,1,54397000,8375064059273222634
normal-o3,1,256,growth,4096,rust-vec,5,1048576,256,1,41685000,8375064059273222634
normal-o3,1,256,growth,4096,take-swap-c,5,1048576,256,1,56659000,8375064059273222634
normal-o3,1,256,growth,4096,swap-take-c,5,1048576,256,1,57776000,8375064059273222634
normal-o3,1,256,growth,4096,direct-c,5,1048576,256,1,57171000,8375064059273222634
normal-o3,1,256,growth,4096,whitefoot,6,1048576,256,1,55489000,18409727464639388395
normal-o3,1,256,growth,4096,cpp-std-vector,6,1048576,256,1,53059000,18409727464639388395
normal-o3,1,256,growth,4096,rust-vec,6,1048576,256,1,43097000,18409727464639388395
normal-o3,1,256,growth,4096,take-swap-c,6,1048576,256,1,56913000,18409727464639388395
normal-o3,1,256,growth,4096,swap-take-c,6,1048576,256,1,58520000,18409727464639388395
normal-o3,1,256,growth,4096,direct-c,6,1048576,256,1,55992000,18409727464639388395
normal-o3,1,256,growth,4096,reverse-c,6,1048576,256,1,63357000,18409727464639388395
normal-o3,1,256,reuse,16,cpp-std-vector,0,1048576,65536,1,43854000,16095999890136793189
normal-o3,1,256,reuse,16,rust-vec,0,1048576,65536,1,40930000,16095999890136793189
normal-o3,1,256,reuse,16,take-swap-c,0,1048576,65536,1,43897000,16095999890136793189
normal-o3,1,256,reuse,16,swap-take-c,0,1048576,65536,1,47016000,16095999890136793189
normal-o3,1,256,reuse,16,direct-c,0,1048576,65536,1,43368000,16095999890136793189
normal-o3,1,256,reuse,16,reverse-c,0,1048576,65536,1,48943000,16095999890136793189
normal-o3,1,256,reuse,16,whitefoot,0,1048576,65536,1,41015000,16095999890136793189
normal-o3,1,256,reuse,16,rust-vec,1,1048576,65536,1,40498000,10905710204835692646
normal-o3,1,256,reuse,16,take-swap-c,1,1048576,65536,1,44076000,10905710204835692646
normal-o3,1,256,reuse,16,swap-take-c,1,1048576,65536,1,47218000,10905710204835692646
normal-o3,1,256,reuse,16,direct-c,1,1048576,65536,1,44074000,10905710204835692646
normal-o3,1,256,reuse,16,reverse-c,1,1048576,65536,1,49760000,10905710204835692646
normal-o3,1,256,reuse,16,whitefoot,1,1048576,65536,1,40981000,10905710204835692646
normal-o3,1,256,reuse,16,cpp-std-vector,1,1048576,65536,1,44115000,10905710204835692646
normal-o3,1,256,reuse,16,take-swap-c,2,1048576,65536,1,43677000,1136678281099509863
normal-o3,1,256,reuse,16,swap-take-c,2,1048576,65536,1,46977000,1136678281099509863
normal-o3,1,256,reuse,16,direct-c,2,1048576,65536,1,43279000,1136678281099509863
normal-o3,1,256,reuse,16,reverse-c,2,1048576,65536,1,48326000,1136678281099509863
normal-o3,1,256,reuse,16,whitefoot,2,1048576,65536,1,40673000,1136678281099509863
normal-o3,1,256,reuse,16,cpp-std-vector,2,1048576,65536,1,43991000,1136678281099509863
normal-o3,1,256,reuse,16,rust-vec,2,1048576,65536,1,41050000,1136678281099509863
normal-o3,1,256,reuse,16,swap-take-c,3,1048576,65536,1,46933000,1916000061831479400
normal-o3,1,256,reuse,16,direct-c,3,1048576,65536,1,43144000,1916000061831479400
normal-o3,1,256,reuse,16,reverse-c,3,1048576,65536,1,48074000,1916000061831479400
normal-o3,1,256,reuse,16,whitefoot,3,1048576,65536,1,40585000,1916000061831479400
normal-o3,1,256,reuse,16,cpp-std-vector,3,1048576,65536,1,43715000,1916000061831479400
normal-o3,1,256,reuse,16,rust-vec,3,1048576,65536,1,41377000,1916000061831479400
normal-o3,1,256,reuse,16,take-swap-c,3,1048576,65536,1,43941000,1916000061831479400
normal-o3,1,256,reuse,16,direct-c,4,1048576,65536,1,44098000,317124334665105513
normal-o3,1,256,reuse,16,reverse-c,4,1048576,65536,1,48651000,317124334665105513
normal-o3,1,256,reuse,16,whitefoot,4,1048576,65536,1,41290000,317124334665105513
normal-o3,1,256,reuse,16,cpp-std-vector,4,1048576,65536,1,44553000,317124334665105513
normal-o3,1,256,reuse,16,rust-vec,4,1048576,65536,1,40836000,317124334665105513
normal-o3,1,256,reuse,16,take-swap-c,4,1048576,65536,1,43810000,317124334665105513
normal-o3,1,256,reuse,16,swap-take-c,4,1048576,65536,1,46996000,317124334665105513
normal-o3,1,256,reuse,16,reverse-c,5,1048576,65536,1,49174000,16344508304658628714
normal-o3,1,256,reuse,16,whitefoot,5,1048576,65536,1,40622000,16344508304658628714
normal-o3,1,256,reuse,16,cpp-std-vector,5,1048576,65536,1,44538000,16344508304658628714
normal-o3,1,256,reuse,16,rust-vec,5,1048576,65536,1,41575000,16344508304658628714
normal-o3,1,256,reuse,16,take-swap-c,5,1048576,65536,1,44603000,16344508304658628714
normal-o3,1,256,reuse,16,swap-take-c,5,1048576,65536,1,47078000,16344508304658628714
normal-o3,1,256,reuse,16,direct-c,5,1048576,65536,1,43210000,16344508304658628714
normal-o3,1,256,reuse,16,whitefoot,6,1048576,65536,1,41033000,17728104047323021419
normal-o3,1,256,reuse,16,cpp-std-vector,6,1048576,65536,1,43930000,17728104047323021419
normal-o3,1,256,reuse,16,rust-vec,6,1048576,65536,1,41184000,17728104047323021419
normal-o3,1,256,reuse,16,take-swap-c,6,1048576,65536,1,44849000,17728104047323021419
normal-o3,1,256,reuse,16,swap-take-c,6,1048576,65536,1,47984000,17728104047323021419
normal-o3,1,256,reuse,16,direct-c,6,1048576,65536,1,43843000,17728104047323021419
normal-o3,1,256,reuse,16,reverse-c,6,1048576,65536,1,48679000,17728104047323021419
normal-o3,1,256,reuse,256,cpp-std-vector,0,1048576,4096,1,42063000,5774473182449584229
normal-o3,1,256,reuse,256,rust-vec,0,1048576,4096,1,40524000,5774473182449584229
normal-o3,1,256,reuse,256,take-swap-c,0,1048576,4096,1,42610000,5774473182449584229
normal-o3,1,256,reuse,256,swap-take-c,0,1048576,4096,1,43639000,5774473182449584229
normal-o3,1,256,reuse,256,direct-c,0,1048576,4096,1,41189000,5774473182449584229
normal-o3,1,256,reuse,256,reverse-c,0,1048576,4096,1,46757000,5774473182449584229
normal-o3,1,256,reuse,256,whitefoot,0,1048576,4096,1,39027000,5774473182449584229
normal-o3,1,256,reuse,256,rust-vec,1,1048576,4096,1,39496000,730816566922926182
normal-o3,1,256,reuse,256,take-swap-c,1,1048576,4096,1,41672000,730816566922926182
normal-o3,1,256,reuse,256,swap-take-c,1,1048576,4096,1,43773000,730816566922926182
normal-o3,1,256,reuse,256,direct-c,1,1048576,4096,1,41371000,730816566922926182
normal-o3,1,256,reuse,256,reverse-c,1,1048576,4096,1,47614000,730816566922926182
normal-o3,1,256,reuse,256,whitefoot,1,1048576,4096,1,39438000,730816566922926182
normal-o3,1,256,reuse,256,cpp-std-vector,1,1048576,4096,1,42235000,730816566922926182
normal-o3,1,256,reuse,256,take-swap-c,2,1048576,4096,1,41659000,3951699326411303015
normal-o3,1,256,reuse,256,swap-take-c,2,1048576,4096,1,43652000,3951699326411303015
normal-o3,1,256,reuse,256,direct-c,2,1048576,4096,1,41077000,3951699326411303015
normal-o3,1,256,reuse,256,reverse-c,2,1048576,4096,1,47397000,3951699326411303015
normal-o3,1,256,reuse,256,whitefoot,2,1048576,4096,1,39332000,3951699326411303015
normal-o3,1,256,reuse,256,cpp-std-vector,2,1048576,4096,1,42633000,3951699326411303015
normal-o3,1,256,reuse,256,rust-vec,2,1048576,4096,1,39511000,3951699326411303015
normal-o3,1,256,reuse,256,swap-take-c,3,1048576,4096,1,44243000,4669976213855500392
normal-o3,1,256,reuse,256,direct-c,3,1048576,4096,1,42034000,4669976213855500392
normal-o3,1,256,reuse,256,reverse-c,3,1048576,4096,1,48148000,4669976213855500392
normal-o3,1,256,reuse,256,whitefoot,3,1048576,4096,1,39405000,4669976213855500392
normal-o3,1,256,reuse,256,cpp-std-vector,3,1048576,4096,1,42256000,4669976213855500392
normal-o3,1,256,reuse,256,rust-vec,3,1048576,4096,1,39283000,4669976213855500392
normal-o3,1,256,reuse,256,take-swap-c,3,1048576,4096,1,42018000,4669976213855500392
normal-o3,1,256,reuse,256,direct-c,4,1048576,4096,1,41585000,4748812814999455849
normal-o3,1,256,reuse,256,reverse-c,4,1048576,4096,1,47030000,4748812814999455849
normal-o3,1,256,reuse,256,whitefoot,4,1048576,4096,1,39894000,4748812814999455849
normal-o3,1,256,reuse,256,cpp-std-vector,4,1048576,4096,1,42226000,4748812814999455849
normal-o3,1,256,reuse,256,rust-vec,4,1048576,4096,1,39431000,4748812814999455849
normal-o3,1,256,reuse,256,take-swap-c,4,1048576,4096,1,41758000,4748812814999455849
normal-o3,1,256,reuse,256,swap-take-c,4,1048576,4096,1,44197000,4748812814999455849
normal-o3,1,256,reuse,256,reverse-c,5,1048576,4096,1,47204000,9617966251147630698
normal-o3,1,256,reuse,256,whitefoot,5,1048576,4096,1,38909000,9617966251147630698
normal-o3,1,256,reuse,256,cpp-std-vector,5,1048576,4096,1,41698000,9617966251147630698
normal-o3,1,256,reuse,256,rust-vec,5,1048576,4096,1,38734000,9617966251147630698
normal-o3,1,256,reuse,256,take-swap-c,5,1048576,4096,1,41367000,9617966251147630698
normal-o3,1,256,reuse,256,swap-take-c,5,1048576,4096,1,43298000,9617966251147630698
normal-o3,1,256,reuse,256,direct-c,5,1048576,4096,1,41227000,9617966251147630698
normal-o3,1,256,reuse,256,whitefoot,6,1048576,4096,1,39161000,14780350119149938795
normal-o3,1,256,reuse,256,cpp-std-vector,6,1048576,4096,1,42190000,14780350119149938795
normal-o3,1,256,reuse,256,rust-vec,6,1048576,4096,1,40017000,14780350119149938795
normal-o3,1,256,reuse,256,take-swap-c,6,1048576,4096,1,41460000,14780350119149938795
normal-o3,1,256,reuse,256,swap-take-c,6,1048576,4096,1,43649000,14780350119149938795
normal-o3,1,256,reuse,256,direct-c,6,1048576,4096,1,40899000,14780350119149938795
normal-o3,1,256,reuse,256,reverse-c,6,1048576,4096,1,47192000,14780350119149938795
normal-o3,1,256,reuse,4096,cpp-std-vector,0,1048576,256,1,44666000,7990118519889974501
normal-o3,1,256,reuse,4096,rust-vec,0,1048576,256,1,42491000,7990118519889974501
normal-o3,1,256,reuse,4096,take-swap-c,0,1048576,256,1,43967000,7990118519889974501
normal-o3,1,256,reuse,4096,swap-take-c,0,1048576,256,1,46518000,7990118519889974501
normal-o3,1,256,reuse,4096,direct-c,0,1048576,256,1,43566000,7990118519889974501
normal-o3,1,256,reuse,4096,reverse-c,0,1048576,256,1,50316000,7990118519889974501
normal-o3,1,256,reuse,4096,whitefoot,0,1048576,256,1,41659000,7990118519889974501
normal-o3,1,256,reuse,4096,rust-vec,1,1048576,256,1,41145000,10660244701728609766
normal-o3,1,256,reuse,4096,take-swap-c,1,1048576,256,1,45144000,10660244701728609766
normal-o3,1,256,reuse,4096,swap-take-c,1,1048576,256,1,46059000,10660244701728609766
normal-o3,1,256,reuse,4096,direct-c,1,1048576,256,1,43139000,10660244701728609766
normal-o3,1,256,reuse,4096,reverse-c,1,1048576,256,1,49602000,10660244701728609766
normal-o3,1,256,reuse,4096,whitefoot,1,1048576,256,1,40842000,10660244701728609766
normal-o3,1,256,reuse,4096,cpp-std-vector,1,1048576,256,1,43636000,10660244701728609766
normal-o3,1,256,reuse,4096,take-swap-c,2,1048576,256,1,44212000,3495536164771485415
normal-o3,1,256,reuse,4096,swap-take-c,2,1048576,256,1,46462000,3495536164771485415
normal-o3,1,256,reuse,4096,direct-c,2,1048576,256,1,43252000,3495536164771485415
normal-o3,1,256,reuse,4096,reverse-c,2,1048576,256,1,49765000,3495536164771485415
normal-o3,1,256,reuse,4096,whitefoot,2,1048576,256,1,40939000,3495536164771485415
normal-o3,1,256,reuse,4096,cpp-std-vector,2,1048576,256,1,43602000,3495536164771485415
normal-o3,1,256,reuse,4096,rust-vec,2,1048576,256,1,42062000,3495536164771485415
normal-o3,1,256,reuse,4096,swap-take-c,3,1048576,256,1,45536000,15148529761215748072
normal-o3,1,256,reuse,4096,direct-c,3,1048576,256,1,42957000,15148529761215748072
normal-o3,1,256,reuse,4096,reverse-c,3,1048576,256,1,50403000,15148529761215748072
normal-o3,1,256,reuse,4096,whitefoot,3,1048576,256,1,41634000,15148529761215748072
normal-o3,1,256,reuse,4096,cpp-std-vector,3,1048576,256,1,43836000,15148529761215748072
normal-o3,1,256,reuse,4096,rust-vec,3,1048576,256,1,40863000,15148529761215748072
normal-o3,1,256,reuse,4096,take-swap-c,3,1048576,256,1,43377000,15148529761215748072
normal-o3,1,256,reuse,4096,direct-c,4,1048576,256,1,42947000,9298652180223940841
normal-o3,1,256,reuse,4096,reverse-c,4,1048576,256,1,49689000,9298652180223940841
normal-o3,1,256,reuse,4096,whitefoot,4,1048576,256,1,41025000,9298652180223940841
normal-o3,1,256,reuse,4096,cpp-std-vector,4,1048576,256,1,43540000,9298652180223940841
normal-o3,1,256,reuse,4096,rust-vec,4,1048576,256,1,40888000,9298652180223940841
normal-o3,1,256,reuse,4096,take-swap-c,4,1048576,256,1,43237000,9298652180223940841
normal-o3,1,256,reuse,4096,swap-take-c,4,1048576,256,1,45448000,9298652180223940841
normal-o3,1,256,reuse,4096,reverse-c,5,1048576,256,1,51688000,8375064059273222634
normal-o3,1,256,reuse,4096,whitefoot,5,1048576,256,1,41240000,8375064059273222634
normal-o3,1,256,reuse,4096,cpp-std-vector,5,1048576,256,1,45481000,8375064059273222634
normal-o3,1,256,reuse,4096,rust-vec,5,1048576,256,1,40949000,8375064059273222634
normal-o3,1,256,reuse,4096,take-swap-c,5,1048576,256,1,43246000,8375064059273222634
normal-o3,1,256,reuse,4096,swap-take-c,5,1048576,256,1,45539000,8375064059273222634
normal-o3,1,256,reuse,4096,direct-c,5,1048576,256,1,43081000,8375064059273222634
normal-o3,1,256,reuse,4096,whitefoot,6,1048576,256,1,40949000,18409727464639388395
normal-o3,1,256,reuse,4096,cpp-std-vector,6,1048576,256,1,43554000,18409727464639388395
normal-o3,1,256,reuse,4096,rust-vec,6,1048576,256,1,40868000,18409727464639388395
normal-o3,1,256,reuse,4096,take-swap-c,6,1048576,256,1,43309000,18409727464639388395
normal-o3,1,256,reuse,4096,swap-take-c,6,1048576,256,1,45708000,18409727464639388395
normal-o3,1,256,reuse,4096,direct-c,6,1048576,256,1,43507000,18409727464639388395
normal-o3,1,256,reuse,4096,reverse-c,6,1048576,256,1,52372000,18409727464639388395
normal-o3,1,256,suffix-0,16,cpp-std-vector,0,1048576,1048576,1,2888000,6607130204449329354
normal-o3,1,256,suffix-0,16,rust-vec,0,1048576,1048576,1,1083000,6607130204449329354
normal-o3,1,256,suffix-0,16,take-swap-c,0,1048576,1048576,1,4263000,6607130204449329354
normal-o3,1,256,suffix-0,16,swap-take-c,0,1048576,1048576,1,2896000,6607130204449329354
normal-o3,1,256,suffix-0,16,direct-c,0,1048576,1048576,1,2931000,6607130204449329354
normal-o3,1,256,suffix-0,16,reverse-c,0,1048576,1048576,1,3044000,6607130204449329354
normal-o3,1,256,suffix-0,16,whitefoot,0,1048576,1048576,1,2474000,6607130204449329354
normal-o3,1,256,suffix-0,16,rust-vec,1,1048576,1048576,1,1023000,16952766600949476812
normal-o3,1,256,suffix-0,16,take-swap-c,1,1048576,1048576,1,3752000,16952766600949476812
normal-o3,1,256,suffix-0,16,swap-take-c,1,1048576,1048576,1,2975000,16952766600949476812
normal-o3,1,256,suffix-0,16,direct-c,1,1048576,1048576,1,2889000,16952766600949476812
normal-o3,1,256,suffix-0,16,reverse-c,1,1048576,1048576,1,2958000,16952766600949476812
normal-o3,1,256,suffix-0,16,whitefoot,1,1048576,1048576,1,2439000,16952766600949476812
normal-o3,1,256,suffix-0,16,cpp-std-vector,1,1048576,1048576,1,2847000,16952766600949476812
normal-o3,1,256,suffix-0,16,take-swap-c,2,1048576,1048576,1,3225000,8851658923740072654
normal-o3,1,256,suffix-0,16,swap-take-c,2,1048576,1048576,1,3071000,8851658923740072654
normal-o3,1,256,suffix-0,16,direct-c,2,1048576,1048576,1,2786000,8851658923740072654
normal-o3,1,256,suffix-0,16,reverse-c,2,1048576,1048576,1,2829000,8851658923740072654
normal-o3,1,256,suffix-0,16,whitefoot,2,1048576,1048576,1,2352000,8851658923740072654
normal-o3,1,256,suffix-0,16,cpp-std-vector,2,1048576,1048576,1,2827000,8851658923740072654
normal-o3,1,256,suffix-0,16,rust-vec,2,1048576,1048576,1,990000,8851658923740072654
normal-o3,1,256,suffix-0,16,swap-take-c,3,1048576,1048576,1,3058000,750551246530668496
normal-o3,1,256,suffix-0,16,direct-c,3,1048576,1048576,1,3017000,750551246530668496
normal-o3,1,256,suffix-0,16,reverse-c,3,1048576,1048576,1,2877000,750551246530668496
normal-o3,1,256,suffix-0,16,whitefoot,3,1048576,1048576,1,2324000,750551246530668496
normal-o3,1,256,suffix-0,16,cpp-std-vector,3,1048576,1048576,1,2864000,750551246530668496
normal-o3,1,256,suffix-0,16,rust-vec,3,1048576,1048576,1,1052000,750551246530668496
normal-o3,1,256,suffix-0,16,take-swap-c,3,1048576,1048576,1,4094000,750551246530668496
normal-o3,1,256,suffix-0,16,direct-c,4,1048576,1048576,1,2877000,11096187643030815954
normal-o3,1,256,suffix-0,16,reverse-c,4,1048576,1048576,1,2880000,11096187643030815954
normal-o3,1,256,suffix-0,16,whitefoot,4,1048576,1048576,1,2277000,11096187643030815954
normal-o3,1,256,suffix-0,16,cpp-std-vector,4,1048576,1048576,1,2763000,11096187643030815954
normal-o3,1,256,suffix-0,16,rust-vec,4,1048576,1048576,1,988000,11096187643030815954
normal-o3,1,256,suffix-0,16,take-swap-c,4,1048576,1048576,1,4177000,11096187643030815954
normal-o3,1,256,suffix-0,16,swap-take-c,4,1048576,1048576,1,3019000,11096187643030815954
normal-o3,1,256,suffix-0,16,reverse-c,5,1048576,1048576,1,2822000,2995079965821411796
normal-o3,1,256,suffix-0,16,whitefoot,5,1048576,1048576,1,2363000,2995079965821411796
normal-o3,1,256,suffix-0,16,cpp-std-vector,5,1048576,1048576,1,2777000,2995079965821411796
normal-o3,1,256,suffix-0,16,rust-vec,5,1048576,1048576,1,989000,2995079965821411796
normal-o3,1,256,suffix-0,16,take-swap-c,5,1048576,1048576,1,4106000,2995079965821411796
normal-o3,1,256,suffix-0,16,swap-take-c,5,1048576,1048576,1,2906000,2995079965821411796
normal-o3,1,256,suffix-0,16,direct-c,5,1048576,1048576,1,2813000,2995079965821411796
normal-o3,1,256,suffix-0,16,whitefoot,6,1048576,1048576,1,2434000,13340716362321559254
normal-o3,1,256,suffix-0,16,cpp-std-vector,6,1048576,1048576,1,2911000,13340716362321559254
normal-o3,1,256,suffix-0,16,rust-vec,6,1048576,1048576,1,1006000,13340716362321559254
normal-o3,1,256,suffix-0,16,take-swap-c,6,1048576,1048576,1,3261000,13340716362321559254
normal-o3,1,256,suffix-0,16,swap-take-c,6,1048576,1048576,1,2927000,13340716362321559254
normal-o3,1,256,suffix-0,16,direct-c,6,1048576,1048576,1,2869000,13340716362321559254
normal-o3,1,256,suffix-0,16,reverse-c,6,1048576,1048576,1,2897000,13340716362321559254
normal-o3,1,256,suffix-0,256,cpp-std-vector,0,1048576,1048576,1,2770000,16711255245857297866
normal-o3,1,256,suffix-0,256,rust-vec,0,1048576,1048576,1,1043000,16711255245857297866
normal-o3,1,256,suffix-0,256,take-swap-c,0,1048576,1048576,1,4153000,16711255245857297866
normal-o3,1,256,suffix-0,256,swap-take-c,0,1048576,1048576,1,2883000,16711255245857297866
normal-o3,1,256,suffix-0,256,direct-c,0,1048576,1048576,1,2906000,16711255245857297866
normal-o3,1,256,suffix-0,256,reverse-c,0,1048576,1048576,1,2841000,16711255245857297866
normal-o3,1,256,suffix-0,256,whitefoot,0,1048576,1048576,1,2299000,16711255245857297866
normal-o3,1,256,suffix-0,256,rust-vec,1,1048576,1048576,1,1038000,17222991059918444236
normal-o3,1,256,suffix-0,256,take-swap-c,1,1048576,1048576,1,4309000,17222991059918444236
normal-o3,1,256,suffix-0,256,swap-take-c,1,1048576,1048576,1,2940000,17222991059918444236
normal-o3,1,256,suffix-0,256,direct-c,1,1048576,1048576,1,2803000,17222991059918444236
normal-o3,1,256,suffix-0,256,reverse-c,1,1048576,1048576,1,2915000,17222991059918444236
normal-o3,1,256,suffix-0,256,whitefoot,1,1048576,1048576,1,2349000,17222991059918444236
normal-o3,1,256,suffix-0,256,cpp-std-vector,1,1048576,1048576,1,2783000,17222991059918444236
normal-o3,1,256,suffix-0,256,take-swap-c,2,1048576,1048576,1,4143000,17734726873979590606
normal-o3,1,256,suffix-0,256,swap-take-c,2,1048576,1048576,1,2933000,17734726873979590606
normal-o3,1,256,suffix-0,256,direct-c,2,1048576,1048576,1,2846000,17734726873979590606
normal-o3,1,256,suffix-0,256,reverse-c,2,1048576,1048576,1,2826000,17734726873979590606
normal-o3,1,256,suffix-0,256,whitefoot,2,1048576,1048576,1,2368000,17734726873979590606
normal-o3,1,256,suffix-0,256,cpp-std-vector,2,1048576,1048576,1,2931000,17734726873979590606
normal-o3,1,256,suffix-0,256,rust-vec,2,1048576,1048576,1,1048000,17734726873979590606
normal-o3,1,256,suffix-0,256,swap-take-c,3,1048576,1048576,1,2894000,18246462688040736976
normal-o3,1,256,suffix-0,256,direct-c,3,1048576,1048576,1,2894000,18246462688040736976
normal-o3,1,256,suffix-0,256,reverse-c,3,1048576,1048576,1,2820000,18246462688040736976
normal-o3,1,256,suffix-0,256,whitefoot,3,1048576,1048576,1,2300000,18246462688040736976
normal-o3,1,256,suffix-0,256,cpp-std-vector,3,1048576,1048576,1,2769000,18246462688040736976
normal-o3,1,256,suffix-0,256,rust-vec,3,1048576,1048576,1,1046000,18246462688040736976
normal-o3,1,256,suffix-0,256,take-swap-c,3,1048576,1048576,1,4135000,18246462688040736976
normal-o3,1,256,suffix-0,256,direct-c,4,1048576,1048576,1,2795000,311454428392331730
normal-o3,1,256,suffix-0,256,reverse-c,4,1048576,1048576,1,2916000,311454428392331730
normal-o3,1,256,suffix-0,256,whitefoot,4,1048576,1048576,1,2284000,311454428392331730
normal-o3,1,256,suffix-0,256,cpp-std-vector,4,1048576,1048576,1,2786000,311454428392331730
normal-o3,1,256,suffix-0,256,rust-vec,4,1048576,1048576,1,1068000,311454428392331730
normal-o3,1,256,suffix-0,256,take-swap-c,4,1048576,1048576,1,3350000,311454428392331730
normal-o3,1,256,suffix-0,256,swap-take-c,4,1048576,1048576,1,2956000,311454428392331730
normal-o3,1,256,suffix-0,256,reverse-c,5,1048576,1048576,1,2833000,823190242453478100
normal-o3,1,256,suffix-0,256,whitefoot,5,1048576,1048576,1,2299000,823190242453478100
normal-o3,1,256,suffix-0,256,cpp-std-vector,5,1048576,1048576,1,2863000,823190242453478100
normal-o3,1,256,suffix-0,256,rust-vec,5,1048576,1048576,1,1056000,823190242453478100
normal-o3,1,256,suffix-0,256,take-swap-c,5,1048576,1048576,1,4107000,823190242453478100
normal-o3,1,256,suffix-0,256,swap-take-c,5,1048576,1048576,1,2931000,823190242453478100
normal-o3,1,256,suffix-0,256,direct-c,5,1048576,1048576,1,2848000,823190242453478100
normal-o3,1,256,suffix-0,256,whitefoot,6,1048576,1048576,1,2298000,1334926056514624470
normal-o3,1,256,suffix-0,256,cpp-std-vector,6,1048576,1048576,1,2834000,1334926056514624470
normal-o3,1,256,suffix-0,256,rust-vec,6,1048576,1048576,1,1014000,1334926056514624470
normal-o3,1,256,suffix-0,256,take-swap-c,6,1048576,1048576,1,4241000,1334926056514624470
normal-o3,1,256,suffix-0,256,swap-take-c,6,1048576,1048576,1,2916000,1334926056514624470
normal-o3,1,256,suffix-0,256,direct-c,6,1048576,1048576,1,2801000,1334926056514624470
normal-o3,1,256,suffix-0,256,reverse-c,6,1048576,1048576,1,2840000,1334926056514624470
normal-o3,1,256,suffix-0,4096,cpp-std-vector,0,1048576,1048576,1,2955000,7001658466579473866
normal-o3,1,256,suffix-0,4096,rust-vec,0,1048576,1048576,1,1126000,7001658466579473866
normal-o3,1,256,suffix-0,4096,take-swap-c,0,1048576,1048576,1,4265000,7001658466579473866
normal-o3,1,256,suffix-0,4096,swap-take-c,0,1048576,1048576,1,3042000,7001658466579473866
normal-o3,1,256,suffix-0,4096,direct-c,0,1048576,1048576,1,2955000,7001658466579473866
normal-o3,1,256,suffix-0,4096,reverse-c,0,1048576,1048576,1,3054000,7001658466579473866
normal-o3,1,256,suffix-0,4096,whitefoot,0,1048576,1048576,1,2460000,7001658466579473866
normal-o3,1,256,suffix-0,4096,rust-vec,1,1048576,1048576,1,1127000,100047013315307212
normal-o3,1,256,suffix-0,4096,take-swap-c,1,1048576,1048576,1,4231000,100047013315307212
normal-o3,1,256,suffix-0,4096,swap-take-c,1,1048576,1048576,1,3097000,100047013315307212
normal-o3,1,256,suffix-0,4096,direct-c,1,1048576,1048576,1,3100000,100047013315307212
normal-o3,1,256,suffix-0,4096,reverse-c,1,1048576,1048576,1,2981000,100047013315307212
normal-o3,1,256,suffix-0,4096,whitefoot,1,1048576,1048576,1,2418000,100047013315307212
normal-o3,1,256,suffix-0,4096,cpp-std-vector,1,1048576,1048576,1,3063000,100047013315307212
normal-o3,1,256,suffix-0,4096,take-swap-c,2,1048576,1048576,1,4254000,11645179633760692174
normal-o3,1,256,suffix-0,4096,swap-take-c,2,1048576,1048576,1,3032000,11645179633760692174
normal-o3,1,256,suffix-0,4096,direct-c,2,1048576,1048576,1,3095000,11645179633760692174
normal-o3,1,256,suffix-0,4096,reverse-c,2,1048576,1048576,1,3024000,11645179633760692174
normal-o3,1,256,suffix-0,4096,whitefoot,2,1048576,1048576,1,2419000,11645179633760692174
normal-o3,1,256,suffix-0,4096,cpp-std-vector,2,1048576,1048576,1,2937000,11645179633760692174
normal-o3,1,256,suffix-0,4096,rust-vec,2,1048576,1048576,1,1161000,11645179633760692174
normal-o3,1,256,suffix-0,4096,swap-take-c,3,1048576,1048576,1,3046000,4743568180496525520
normal-o3,1,256,suffix-0,4096,direct-c,3,1048576,1048576,1,2928000,4743568180496525520
normal-o3,1,256,suffix-0,4096,reverse-c,3,1048576,1048576,1,3021000,4743568180496525520
normal-o3,1,256,suffix-0,4096,whitefoot,3,1048576,1048576,1,2416000,4743568180496525520
normal-o3,1,256,suffix-0,4096,cpp-std-vector,3,1048576,1048576,1,2970000,4743568180496525520
normal-o3,1,256,suffix-0,4096,rust-vec,3,1048576,1048576,1,1209000,4743568180496525520
normal-o3,1,256,suffix-0,4096,take-swap-c,3,1048576,1048576,1,4255000,4743568180496525520
normal-o3,1,256,suffix-0,4096,direct-c,4,1048576,1048576,1,3004000,16288700800941910482
normal-o3,1,256,suffix-0,4096,reverse-c,4,1048576,1048576,1,3091000,16288700800941910482
normal-o3,1,256,suffix-0,4096,whitefoot,4,1048576,1048576,1,2423000,16288700800941910482
normal-o3,1,256,suffix-0,4096,cpp-std-vector,4,1048576,1048576,1,2997000,16288700800941910482
normal-o3,1,256,suffix-0,4096,rust-vec,4,1048576,1048576,1,1171000,16288700800941910482
normal-o3,1,256,suffix-0,4096,take-swap-c,4,1048576,1048576,1,4227000,16288700800941910482
normal-o3,1,256,suffix-0,4096,swap-take-c,4,1048576,1048576,1,3022000,16288700800941910482
normal-o3,1,256,suffix-0,4096,reverse-c,5,1048576,1048576,1,2985000,9387089347677743828
normal-o3,1,256,suffix-0,4096,whitefoot,5,1048576,1048576,1,2428000,9387089347677743828
normal-o3,1,256,suffix-0,4096,cpp-std-vector,5,1048576,1048576,1,2954000,9387089347677743828
normal-o3,1,256,suffix-0,4096,rust-vec,5,1048576,1048576,1,1129000,9387089347677743828
normal-o3,1,256,suffix-0,4096,take-swap-c,5,1048576,1048576,1,4243000,9387089347677743828
normal-o3,1,256,suffix-0,4096,swap-take-c,5,1048576,1048576,1,3092000,9387089347677743828
normal-o3,1,256,suffix-0,4096,direct-c,5,1048576,1048576,1,2927000,9387089347677743828
normal-o3,1,256,suffix-0,4096,whitefoot,6,1048576,1048576,1,2421000,2485477894413577174
normal-o3,1,256,suffix-0,4096,cpp-std-vector,6,1048576,1048576,1,2971000,2485477894413577174
normal-o3,1,256,suffix-0,4096,rust-vec,6,1048576,1048576,1,1128000,2485477894413577174
normal-o3,1,256,suffix-0,4096,take-swap-c,6,1048576,1048576,1,4237000,2485477894413577174
normal-o3,1,256,suffix-0,4096,swap-take-c,6,1048576,1048576,1,3052000,2485477894413577174
normal-o3,1,256,suffix-0,4096,direct-c,6,1048576,1048576,1,2940000,2485477894413577174
normal-o3,1,256,suffix-0,4096,reverse-c,6,1048576,1048576,1,2977000,2485477894413577174
normal-o3,1,256,suffix-1,16,cpp-std-vector,0,1048576,1048576,1,16925000,10077132583444572090
normal-o3,1,256,suffix-1,16,rust-vec,0,1048576,1048576,1,16261000,10077132583444572090
normal-o3,1,256,suffix-1,16,take-swap-c,0,1048576,1048576,1,17746000,10077132583444572090
normal-o3,1,256,suffix-1,16,swap-take-c,0,1048576,1048576,1,34609000,10077132583444572090
normal-o3,1,256,suffix-1,16,direct-c,0,1048576,1048576,1,15580000,10077132583444572090
normal-o3,1,256,suffix-1,16,reverse-c,0,1048576,1048576,1,35199000,10077132583444572090
normal-o3,1,256,suffix-1,16,whitefoot,0,1048576,1048576,1,24598000,10077132583444572090
normal-o3,1,256,suffix-1,16,rust-vec,1,1048576,1048576,1,16015000,18010505805122801404
normal-o3,1,256,suffix-1,16,take-swap-c,1,1048576,1048576,1,17820000,18010505805122801404
normal-o3,1,256,suffix-1,16,swap-take-c,1,1048576,1048576,1,34681000,18010505805122801404
normal-o3,1,256,suffix-1,16,direct-c,1,1048576,1048576,1,15783000,18010505805122801404
normal-o3,1,256,suffix-1,16,reverse-c,1,1048576,1048576,1,34671000,18010505805122801404
normal-o3,1,256,suffix-1,16,whitefoot,1,1048576,1048576,1,33805000,18010505805122801404
normal-o3,1,256,suffix-1,16,cpp-std-vector,1,1048576,1048576,1,16633000,18010505805122801404
normal-o3,1,256,suffix-1,16,take-swap-c,2,1048576,1048576,1,17622000,7497134953091479102
normal-o3,1,256,suffix-1,16,swap-take-c,2,1048576,1048576,1,34570000,7497134953091479102
normal-o3,1,256,suffix-1,16,direct-c,2,1048576,1048576,1,15655000,7497134953091479102
normal-o3,1,256,suffix-1,16,reverse-c,2,1048576,1048576,1,34627000,7497134953091479102
normal-o3,1,256,suffix-1,16,whitefoot,2,1048576,1048576,1,36434000,7497134953091479102
normal-o3,1,256,suffix-1,16,cpp-std-vector,2,1048576,1048576,1,16864000,7497134953091479102
normal-o3,1,256,suffix-1,16,rust-vec,2,1048576,1048576,1,15737000,7497134953091479102
normal-o3,1,256,suffix-1,16,swap-take-c,3,1048576,1048576,1,34501000,15430508174769708416
normal-o3,1,256,suffix-1,16,direct-c,3,1048576,1048576,1,15628000,15430508174769708416
normal-o3,1,256,suffix-1,16,reverse-c,3,1048576,1048576,1,34509000,15430508174769708416
normal-o3,1,256,suffix-1,16,whitefoot,3,1048576,1048576,1,35895000,15430508174769708416
normal-o3,1,256,suffix-1,16,cpp-std-vector,3,1048576,1048576,1,16554000,15430508174769708416
normal-o3,1,256,suffix-1,16,rust-vec,3,1048576,1048576,1,16045000,15430508174769708416
normal-o3,1,256,suffix-1,16,take-swap-c,3,1048576,1048576,1,17684000,15430508174769708416
normal-o3,1,256,suffix-1,16,direct-c,4,1048576,1048576,1,15616000,4917137322738386114
normal-o3,1,256,suffix-1,16,reverse-c,4,1048576,1048576,1,34766000,4917137322738386114
normal-o3,1,256,suffix-1,16,whitefoot,4,1048576,1048576,1,23980000,4917137322738386114
normal-o3,1,256,suffix-1,16,cpp-std-vector,4,1048576,1048576,1,16702000,4917137322738386114
normal-o3,1,256,suffix-1,16,rust-vec,4,1048576,1048576,1,15717000,4917137322738386114
normal-o3,1,256,suffix-1,16,take-swap-c,4,1048576,1048576,1,17739000,4917137322738386114
normal-o3,1,256,suffix-1,16,swap-take-c,4,1048576,1048576,1,34655000,4917137322738386114
normal-o3,1,256,suffix-1,16,reverse-c,5,1048576,1048576,1,35612000,12850510544416615428
normal-o3,1,256,suffix-1,16,whitefoot,5,1048576,1048576,1,36066000,12850510544416615428
normal-o3,1,256,suffix-1,16,cpp-std-vector,5,1048576,1048576,1,16610000,12850510544416615428
normal-o3,1,256,suffix-1,16,rust-vec,5,1048576,1048576,1,15714000,12850510544416615428
normal-o3,1,256,suffix-1,16,take-swap-c,5,1048576,1048576,1,17608000,12850510544416615428
normal-o3,1,256,suffix-1,16,swap-take-c,5,1048576,1048576,1,34466000,12850510544416615428
normal-o3,1,256,suffix-1,16,direct-c,5,1048576,1048576,1,15600000,12850510544416615428
normal-o3,1,256,suffix-1,16,whitefoot,6,1048576,1048576,1,34161000,2337139692385293126
normal-o3,1,256,suffix-1,16,cpp-std-vector,6,1048576,1048576,1,16594000,2337139692385293126
normal-o3,1,256,suffix-1,16,rust-vec,6,1048576,1048576,1,15786000,2337139692385293126
normal-o3,1,256,suffix-1,16,take-swap-c,6,1048576,1048576,1,17654000,2337139692385293126
normal-o3,1,256,suffix-1,16,swap-take-c,6,1048576,1048576,1,34469000,2337139692385293126
normal-o3,1,256,suffix-1,16,direct-c,6,1048576,1048576,1,15627000,2337139692385293126
normal-o3,1,256,suffix-1,16,reverse-c,6,1048576,1048576,1,34517000,2337139692385293126
normal-o3,1,256,suffix-1,256,cpp-std-vector,0,1048576,1048576,1,16556000,16136919648563323066
normal-o3,1,256,suffix-1,256,rust-vec,0,1048576,1048576,1,15768000,16136919648563323066
normal-o3,1,256,suffix-1,256,take-swap-c,0,1048576,1048576,1,17900000,16136919648563323066
normal-o3,1,256,suffix-1,256,swap-take-c,0,1048576,1048576,1,34652000,16136919648563323066
normal-o3,1,256,suffix-1,256,direct-c,0,1048576,1048576,1,15747000,16136919648563323066
normal-o3,1,256,suffix-1,256,reverse-c,0,1048576,1048576,1,34394000,16136919648563323066
normal-o3,1,256,suffix-1,256,whitefoot,0,1048576,1048576,1,25610000,16136919648563323066
normal-o3,1,256,suffix-1,256,rust-vec,1,1048576,1048576,1,15735000,7049943648979053564
normal-o3,1,256,suffix-1,256,take-swap-c,1,1048576,1048576,1,17589000,7049943648979053564
normal-o3,1,256,suffix-1,256,swap-take-c,1,1048576,1048576,1,34910000,7049943648979053564
normal-o3,1,256,suffix-1,256,direct-c,1,1048576,1048576,1,16135000,7049943648979053564
normal-o3,1,256,suffix-1,256,reverse-c,1,1048576,1048576,1,34581000,7049943648979053564
normal-o3,1,256,suffix-1,256,whitefoot,1,1048576,1048576,1,35993000,7049943648979053564
normal-o3,1,256,suffix-1,256,cpp-std-vector,1,1048576,1048576,1,16536000,7049943648979053564
normal-o3,1,256,suffix-1,256,take-swap-c,2,1048576,1048576,1,17712000,16409711723104335678
normal-o3,1,256,suffix-1,256,swap-take-c,2,1048576,1048576,1,37180000,16409711723104335678
normal-o3,1,256,suffix-1,256,direct-c,2,1048576,1048576,1,15983000,16409711723104335678
normal-o3,1,256,suffix-1,256,reverse-c,2,1048576,1048576,1,36661000,16409711723104335678
normal-o3,1,256,suffix-1,256,whitefoot,2,1048576,1048576,1,32595000,16409711723104335678
normal-o3,1,256,suffix-1,256,cpp-std-vector,2,1048576,1048576,1,16922000,16409711723104335678
normal-o3,1,256,suffix-1,256,rust-vec,2,1048576,1048576,1,15987000,16409711723104335678
normal-o3,1,256,suffix-1,256,swap-take-c,3,1048576,1048576,1,35725000,7322735723520066176
normal-o3,1,256,suffix-1,256,direct-c,3,1048576,1048576,1,16498000,7322735723520066176
normal-o3,1,256,suffix-1,256,reverse-c,3,1048576,1048576,1,35367000,7322735723520066176
normal-o3,1,256,suffix-1,256,whitefoot,3,1048576,1048576,1,24136000,7322735723520066176
normal-o3,1,256,suffix-1,256,cpp-std-vector,3,1048576,1048576,1,16898000,7322735723520066176
normal-o3,1,256,suffix-1,256,rust-vec,3,1048576,1048576,1,15935000,7322735723520066176
normal-o3,1,256,suffix-1,256,take-swap-c,3,1048576,1048576,1,18091000,7322735723520066176
normal-o3,1,256,suffix-1,256,direct-c,4,1048576,1048576,1,15843000,16682503797645348290
normal-o3,1,256,suffix-1,256,reverse-c,4,1048576,1048576,1,34566000,16682503797645348290
normal-o3,1,256,suffix-1,256,whitefoot,4,1048576,1048576,1,29615000,16682503797645348290
normal-o3,1,256,suffix-1,256,cpp-std-vector,4,1048576,1048576,1,18264000,16682503797645348290
normal-o3,1,256,suffix-1,256,rust-vec,4,1048576,1048576,1,16590000,16682503797645348290
normal-o3,1,256,suffix-1,256,take-swap-c,4,1048576,1048576,1,17566000,16682503797645348290
normal-o3,1,256,suffix-1,256,swap-take-c,4,1048576,1048576,1,34759000,16682503797645348290
normal-o3,1,256,suffix-1,256,reverse-c,5,1048576,1048576,1,34482000,7595527798061078788
normal-o3,1,256,suffix-1,256,whitefoot,5,1048576,1048576,1,36085000,7595527798061078788
normal-o3,1,256,suffix-1,256,cpp-std-vector,5,1048576,1048576,1,16553000,7595527798061078788
normal-o3,1,256,suffix-1,256,rust-vec,5,1048576,1048576,1,15791000,7595527798061078788
normal-o3,1,256,suffix-1,256,take-swap-c,5,1048576,1048576,1,17646000,7595527798061078788
normal-o3,1,256,suffix-1,256,swap-take-c,5,1048576,1048576,1,34790000,7595527798061078788
normal-o3,1,256,suffix-1,256,direct-c,5,1048576,1048576,1,15749000,7595527798061078788
normal-o3,1,256,suffix-1,256,whitefoot,6,1048576,1048576,1,19399000,16955295872186360902
normal-o3,1,256,suffix-1,256,cpp-std-vector,6,1048576,1048576,1,16784000,16955295872186360902
normal-o3,1,256,suffix-1,256,rust-vec,6,1048576,1048576,1,15861000,16955295872186360902
normal-o3,1,256,suffix-1,256,take-swap-c,6,1048576,1048576,1,17630000,16955295872186360902
normal-o3,1,256,suffix-1,256,swap-take-c,6,1048576,1048576,1,34526000,16955295872186360902
normal-o3,1,256,suffix-1,256,direct-c,6,1048576,1048576,1,15652000,16955295872186360902
normal-o3,1,256,suffix-1,256,reverse-c,6,1048576,1048576,1,34314000,16955295872186360902
normal-o3,1,256,suffix-1,4096,cpp-std-vector,0,1048576,1048576,1,17008000,11423154033847496890
normal-o3,1,256,suffix-1,4096,rust-vec,0,1048576,1048576,1,16384000,11423154033847496890
normal-o3,1,256,suffix-1,4096,take-swap-c,0,1048576,1048576,1,17769000,11423154033847496890
normal-o3,1,256,suffix-1,4096,swap-take-c,0,1048576,1048576,1,34921000,11423154033847496890
normal-o3,1,256,suffix-1,4096,direct-c,0,1048576,1048576,1,15957000,11423154033847496890
normal-o3,1,256,suffix-1,4096,reverse-c,0,1048576,1048576,1,34617000,11423154033847496890
normal-o3,1,256,suffix-1,4096,whitefoot,0,1048576,1048576,1,19086000,11423154033847496890
normal-o3,1,256,suffix-1,4096,rust-vec,1,1048576,1048576,1,16131000,18279605564934372348
normal-o3,1,256,suffix-1,4096,take-swap-c,1,1048576,1048576,1,18200000,18279605564934372348
normal-o3,1,256,suffix-1,4096,swap-take-c,1,1048576,1048576,1,36346000,18279605564934372348
normal-o3,1,256,suffix-1,4096,direct-c,1,1048576,1048576,1,16001000,18279605564934372348
normal-o3,1,256,suffix-1,4096,reverse-c,1,1048576,1048576,1,36652000,18279605564934372348
normal-o3,1,256,suffix-1,4096,whitefoot,1,1048576,1048576,1,29561000,18279605564934372348
normal-o3,1,256,suffix-1,4096,cpp-std-vector,1,1048576,1048576,1,16820000,18279605564934372348
normal-o3,1,256,suffix-1,4096,take-swap-c,2,1048576,1048576,1,17881000,6689313022311696190
normal-o3,1,256,suffix-1,4096,swap-take-c,2,1048576,1048576,1,34656000,6689313022311696190
normal-o3,1,256,suffix-1,4096,direct-c,2,1048576,1048576,1,15939000,6689313022311696190
normal-o3,1,256,suffix-1,4096,reverse-c,2,1048576,1048576,1,34493000,6689313022311696190
normal-o3,1,256,suffix-1,4096,whitefoot,2,1048576,1048576,1,36066000,6689313022311696190
normal-o3,1,256,suffix-1,4096,cpp-std-vector,2,1048576,1048576,1,17610000,6689313022311696190
normal-o3,1,256,suffix-1,4096,rust-vec,2,1048576,1048576,1,16125000,6689313022311696190
normal-o3,1,256,suffix-1,4096,swap-take-c,3,1048576,1048576,1,35020000,13545764553398571648
normal-o3,1,256,suffix-1,4096,direct-c,3,1048576,1048576,1,15940000,13545764553398571648
normal-o3,1,256,suffix-1,4096,reverse-c,3,1048576,1048576,1,34638000,13545764553398571648
normal-o3,1,256,suffix-1,4096,whitefoot,3,1048576,1048576,1,35987000,13545764553398571648
normal-o3,1,256,suffix-1,4096,cpp-std-vector,3,1048576,1048576,1,16866000,13545764553398571648
normal-o3,1,256,suffix-1,4096,rust-vec,3,1048576,1048576,1,15963000,13545764553398571648
normal-o3,1,256,suffix-1,4096,take-swap-c,3,1048576,1048576,1,17825000,13545764553398571648
normal-o3,1,256,suffix-1,4096,direct-c,4,1048576,1048576,1,15913000,1955472010775895490
normal-o3,1,256,suffix-1,4096,reverse-c,4,1048576,1048576,1,34481000,1955472010775895490
normal-o3,1,256,suffix-1,4096,whitefoot,4,1048576,1048576,1,35955000,1955472010775895490
normal-o3,1,256,suffix-1,4096,cpp-std-vector,4,1048576,1048576,1,16832000,1955472010775895490
normal-o3,1,256,suffix-1,4096,rust-vec,4,1048576,1048576,1,16104000,1955472010775895490
normal-o3,1,256,suffix-1,4096,take-swap-c,4,1048576,1048576,1,17918000,1955472010775895490
normal-o3,1,256,suffix-1,4096,swap-take-c,4,1048576,1048576,1,34654000,1955472010775895490
normal-o3,1,256,suffix-1,4096,reverse-c,5,1048576,1048576,1,34563000,8811923541862770948
normal-o3,1,256,suffix-1,4096,whitefoot,5,1048576,1048576,1,27653000,8811923541862770948
normal-o3,1,256,suffix-1,4096,cpp-std-vector,5,1048576,1048576,1,16754000,8811923541862770948
normal-o3,1,256,suffix-1,4096,rust-vec,5,1048576,1048576,1,15978000,8811923541862770948
normal-o3,1,256,suffix-1,4096,take-swap-c,5,1048576,1048576,1,17639000,8811923541862770948
normal-o3,1,256,suffix-1,4096,swap-take-c,5,1048576,1048576,1,34875000,8811923541862770948
normal-o3,1,256,suffix-1,4096,direct-c,5,1048576,1048576,1,16275000,8811923541862770948
normal-o3,1,256,suffix-1,4096,whitefoot,6,1048576,1048576,1,27344000,15668375072949646406
normal-o3,1,256,suffix-1,4096,cpp-std-vector,6,1048576,1048576,1,16864000,15668375072949646406
normal-o3,1,256,suffix-1,4096,rust-vec,6,1048576,1048576,1,15873000,15668375072949646406
normal-o3,1,256,suffix-1,4096,take-swap-c,6,1048576,1048576,1,18068000,15668375072949646406
normal-o3,1,256,suffix-1,4096,swap-take-c,6,1048576,1048576,1,35051000,15668375072949646406
normal-o3,1,256,suffix-1,4096,direct-c,6,1048576,1048576,1,15943000,15668375072949646406
normal-o3,1,256,suffix-1,4096,reverse-c,6,1048576,1048576,1,35265000,15668375072949646406
normal-o3,1,256,suffix-2,16,cpp-std-vector,0,1048576,524288,1,21746000,7440959976666623466
normal-o3,1,256,suffix-2,16,rust-vec,0,1048576,524288,1,23926000,7440959976666623466
normal-o3,1,256,suffix-2,16,take-swap-c,0,1048576,524288,1,22448000,7440959976666623466
normal-o3,1,256,suffix-2,16,swap-take-c,0,1048576,524288,1,36131000,7440959976666623466
normal-o3,1,256,suffix-2,16,direct-c,0,1048576,524288,1,22494000,7440959976666623466
normal-o3,1,256,suffix-2,16,reverse-c,0,1048576,524288,1,36198000,7440959976666623466
normal-o3,1,256,suffix-2,16,whitefoot,0,1048576,524288,1,22093000,7440959976666623466
normal-o3,1,256,suffix-2,16,rust-vec,1,1048576,524288,1,22208000,5917089180867772268
normal-o3,1,256,suffix-2,16,take-swap-c,1,1048576,524288,1,22325000,5917089180867772268
normal-o3,1,256,suffix-2,16,swap-take-c,1,1048576,524288,1,35828000,5917089180867772268
normal-o3,1,256,suffix-2,16,direct-c,1,1048576,524288,1,21691000,5917089180867772268
normal-o3,1,256,suffix-2,16,reverse-c,1,1048576,524288,1,36113000,5917089180867772268
normal-o3,1,256,suffix-2,16,whitefoot,1,1048576,524288,1,21942000,5917089180867772268
normal-o3,1,256,suffix-2,16,cpp-std-vector,1,1048576,524288,1,21815000,5917089180867772268
normal-o3,1,256,suffix-2,16,take-swap-c,2,1048576,524288,1,22337000,4393218385068921070
normal-o3,1,256,suffix-2,16,swap-take-c,2,1048576,524288,1,36001000,4393218385068921070
normal-o3,1,256,suffix-2,16,direct-c,2,1048576,524288,1,21881000,4393218385068921070
normal-o3,1,256,suffix-2,16,reverse-c,2,1048576,524288,1,36388000,4393218385068921070
normal-o3,1,256,suffix-2,16,whitefoot,2,1048576,524288,1,21711000,4393218385068921070
normal-o3,1,256,suffix-2,16,cpp-std-vector,2,1048576,524288,1,21882000,4393218385068921070
normal-o3,1,256,suffix-2,16,rust-vec,2,1048576,524288,1,21813000,4393218385068921070
normal-o3,1,256,suffix-2,16,swap-take-c,3,1048576,524288,1,36115000,2869347589270069872
normal-o3,1,256,suffix-2,16,direct-c,3,1048576,524288,1,22861000,2869347589270069872
normal-o3,1,256,suffix-2,16,reverse-c,3,1048576,524288,1,36248000,2869347589270069872
normal-o3,1,256,suffix-2,16,whitefoot,3,1048576,524288,1,21899000,2869347589270069872
normal-o3,1,256,suffix-2,16,cpp-std-vector,3,1048576,524288,1,21745000,2869347589270069872
normal-o3,1,256,suffix-2,16,rust-vec,3,1048576,524288,1,21662000,2869347589270069872
normal-o3,1,256,suffix-2,16,take-swap-c,3,1048576,524288,1,22551000,2869347589270069872
normal-o3,1,256,suffix-2,16,direct-c,4,1048576,524288,1,23261000,1345476793471218674
normal-o3,1,256,suffix-2,16,reverse-c,4,1048576,524288,1,36106000,1345476793471218674
normal-o3,1,256,suffix-2,16,whitefoot,4,1048576,524288,1,21865000,1345476793471218674
normal-o3,1,256,suffix-2,16,cpp-std-vector,4,1048576,524288,1,22351000,1345476793471218674
normal-o3,1,256,suffix-2,16,rust-vec,4,1048576,524288,1,22999000,1345476793471218674
normal-o3,1,256,suffix-2,16,take-swap-c,4,1048576,524288,1,22577000,1345476793471218674
normal-o3,1,256,suffix-2,16,swap-take-c,4,1048576,524288,1,36191000,1345476793471218674
normal-o3,1,256,suffix-2,16,reverse-c,5,1048576,524288,1,36422000,18268350071381919092
normal-o3,1,256,suffix-2,16,whitefoot,5,1048576,524288,1,21768000,18268350071381919092
normal-o3,1,256,suffix-2,16,cpp-std-vector,5,1048576,524288,1,23296000,18268350071381919092
normal-o3,1,256,suffix-2,16,rust-vec,5,1048576,524288,1,21924000,18268350071381919092
normal-o3,1,256,suffix-2,16,take-swap-c,5,1048576,524288,1,22144000,18268350071381919092
normal-o3,1,256,suffix-2,16,swap-take-c,5,1048576,524288,1,35761000,18268350071381919092
normal-o3,1,256,suffix-2,16,direct-c,5,1048576,524288,1,23006000,18268350071381919092
normal-o3,1,256,suffix-2,16,whitefoot,6,1048576,524288,1,22073000,16744479275583067894
normal-o3,1,256,suffix-2,16,cpp-std-vector,6,1048576,524288,1,22017000,16744479275583067894
normal-o3,1,256,suffix-2,16,rust-vec,6,1048576,524288,1,22044000,16744479275583067894
normal-o3,1,256,suffix-2,16,take-swap-c,6,1048576,524288,1,22594000,16744479275583067894
normal-o3,1,256,suffix-2,16,swap-take-c,6,1048576,524288,1,36143000,16744479275583067894
normal-o3,1,256,suffix-2,16,direct-c,6,1048576,524288,1,21904000,16744479275583067894
normal-o3,1,256,suffix-2,16,reverse-c,6,1048576,524288,1,36072000,16744479275583067894
normal-o3,1,256,suffix-2,256,cpp-std-vector,0,1048576,524288,1,21852000,2462342821806119658
normal-o3,1,256,suffix-2,256,rust-vec,0,1048576,524288,1,22211000,2462342821806119658
normal-o3,1,256,suffix-2,256,take-swap-c,0,1048576,524288,1,22323000,2462342821806119658
normal-o3,1,256,suffix-2,256,swap-take-c,0,1048576,524288,1,36412000,2462342821806119658
normal-o3,1,256,suffix-2,256,direct-c,0,1048576,524288,1,21687000,2462342821806119658
normal-o3,1,256,suffix-2,256,reverse-c,0,1048576,524288,1,36759000,2462342821806119658
normal-o3,1,256,suffix-2,256,whitefoot,0,1048576,524288,1,21923000,2462342821806119658
normal-o3,1,256,suffix-2,256,rust-vec,1,1048576,524288,1,22004000,15413974867576442988
normal-o3,1,256,suffix-2,256,take-swap-c,1,1048576,524288,1,22406000,15413974867576442988
normal-o3,1,256,suffix-2,256,swap-take-c,1,1048576,524288,1,35760000,15413974867576442988
normal-o3,1,256,suffix-2,256,direct-c,1,1048576,524288,1,21803000,15413974867576442988
normal-o3,1,256,suffix-2,256,reverse-c,1,1048576,524288,1,35938000,15413974867576442988
normal-o3,1,256,suffix-2,256,whitefoot,1,1048576,524288,1,21800000,15413974867576442988
normal-o3,1,256,suffix-2,256,cpp-std-vector,1,1048576,524288,1,21701000,15413974867576442988
normal-o3,1,256,suffix-2,256,take-swap-c,2,1048576,524288,1,22518000,9918862839637214702
normal-o3,1,256,suffix-2,256,swap-take-c,2,1048576,524288,1,38097000,9918862839637214702
normal-o3,1,256,suffix-2,256,direct-c,2,1048576,524288,1,23855000,9918862839637214702
normal-o3,1,256,suffix-2,256,reverse-c,2,1048576,524288,1,36927000,9918862839637214702
normal-o3,1,256,suffix-2,256,whitefoot,2,1048576,524288,1,22035000,9918862839637214702
normal-o3,1,256,suffix-2,256,cpp-std-vector,2,1048576,524288,1,22051000,9918862839637214702
normal-o3,1,256,suffix-2,256,rust-vec,2,1048576,524288,1,22317000,9918862839637214702
normal-o3,1,256,suffix-2,256,swap-take-c,3,1048576,524288,1,36203000,4423750811697986416
normal-o3,1,256,suffix-2,256,direct-c,3,1048576,524288,1,21948000,4423750811697986416
normal-o3,1,256,suffix-2,256,reverse-c,3,1048576,524288,1,35737000,4423750811697986416
normal-o3,1,256,suffix-2,256,whitefoot,3,1048576,524288,1,21599000,4423750811697986416
normal-o3,1,256,suffix-2,256,cpp-std-vector,3,1048576,524288,1,22089000,4423750811697986416
normal-o3,1,256,suffix-2,256,rust-vec,3,1048576,524288,1,21758000,4423750811697986416
normal-o3,1,256,suffix-2,256,take-swap-c,3,1048576,524288,1,22228000,4423750811697986416
normal-o3,1,256,suffix-2,256,direct-c,4,1048576,524288,1,21845000,17375382857468309746
normal-o3,1,256,suffix-2,256,reverse-c,4,1048576,524288,1,35964000,17375382857468309746
normal-o3,1,256,suffix-2,256,whitefoot,4,1048576,524288,1,21648000,17375382857468309746
normal-o3,1,256,suffix-2,256,cpp-std-vector,4,1048576,524288,1,21583000,17375382857468309746
normal-o3,1,256,suffix-2,256,rust-vec,4,1048576,524288,1,21695000,17375382857468309746
normal-o3,1,256,suffix-2,256,take-swap-c,4,1048576,524288,1,22110000,17375382857468309746
normal-o3,1,256,suffix-2,256,swap-take-c,4,1048576,524288,1,35727000,17375382857468309746
normal-o3,1,256,suffix-2,256,reverse-c,5,1048576,524288,1,36285000,11880270829529081460
normal-o3,1,256,suffix-2,256,whitefoot,5,1048576,524288,1,21583000,11880270829529081460
normal-o3,1,256,suffix-2,256,cpp-std-vector,5,1048576,524288,1,21659000,11880270829529081460
normal-o3,1,256,suffix-2,256,rust-vec,5,1048576,524288,1,22350000,11880270829529081460
normal-o3,1,256,suffix-2,256,take-swap-c,5,1048576,524288,1,22648000,11880270829529081460
normal-o3,1,256,suffix-2,256,swap-take-c,5,1048576,524288,1,36150000,11880270829529081460
normal-o3,1,256,suffix-2,256,direct-c,5,1048576,524288,1,21871000,11880270829529081460
normal-o3,1,256,suffix-2,256,whitefoot,6,1048576,524288,1,22747000,6385158801589853174
normal-o3,1,256,suffix-2,256,cpp-std-vector,6,1048576,524288,1,22025000,6385158801589853174
normal-o3,1,256,suffix-2,256,rust-vec,6,1048576,524288,1,22142000,6385158801589853174
normal-o3,1,256,suffix-2,256,take-swap-c,6,1048576,524288,1,22912000,6385158801589853174
normal-o3,1,256,suffix-2,256,swap-take-c,6,1048576,524288,1,36806000,6385158801589853174
normal-o3,1,256,suffix-2,256,direct-c,6,1048576,524288,1,22442000,6385158801589853174
normal-o3,1,256,suffix-2,256,reverse-c,6,1048576,524288,1,36483000,6385158801589853174
normal-o3,1,256,suffix-2,4096,cpp-std-vector,0,1048576,524288,1,22637000,9641278357841734378
normal-o3,1,256,suffix-2,4096,rust-vec,0,1048576,524288,1,22305000,9641278357841734378
normal-o3,1,256,suffix-2,4096,take-swap-c,0,1048576,524288,1,22590000,9641278357841734378
normal-o3,1,256,suffix-2,4096,swap-take-c,0,1048576,524288,1,36150000,9641278357841734378
normal-o3,1,256,suffix-2,4096,direct-c,0,1048576,524288,1,21959000,9641278357841734378
normal-o3,1,256,suffix-2,4096,reverse-c,0,1048576,524288,1,37098000,9641278357841734378
normal-o3,1,256,suffix-2,4096,whitefoot,0,1048576,524288,1,21993000,9641278357841734378
normal-o3,1,256,suffix-2,4096,rust-vec,1,1048576,524288,1,22645000,1379187259122409580
normal-o3,1,256,suffix-2,4096,take-swap-c,1,1048576,524288,1,23512000,1379187259122409580
normal-o3,1,256,suffix-2,4096,swap-take-c,1,1048576,524288,1,36995000,1379187259122409580
normal-o3,1,256,suffix-2,4096,direct-c,1,1048576,524288,1,21893000,1379187259122409580
normal-o3,1,256,suffix-2,4096,reverse-c,1,1048576,524288,1,35917000,1379187259122409580
normal-o3,1,256,suffix-2,4096,whitefoot,1,1048576,524288,1,21811000,1379187259122409580
normal-o3,1,256,suffix-2,4096,cpp-std-vector,1,1048576,524288,1,23512000,1379187259122409580
normal-o3,1,256,suffix-2,4096,take-swap-c,2,1048576,524288,1,22447000,11563840234112636398
normal-o3,1,256,suffix-2,4096,swap-take-c,2,1048576,524288,1,36153000,11563840234112636398
normal-o3,1,256,suffix-2,4096,direct-c,2,1048576,524288,1,22225000,11563840234112636398
normal-o3,1,256,suffix-2,4096,reverse-c,2,1048576,524288,1,36563000,11563840234112636398
normal-o3,1,256,suffix-2,4096,whitefoot,2,1048576,524288,1,22785000,11563840234112636398
normal-o3,1,256,suffix-2,4096,cpp-std-vector,2,1048576,524288,1,22463000,11563840234112636398
normal-o3,1,256,suffix-2,4096,rust-vec,2,1048576,524288,1,22214000,11563840234112636398
normal-o3,1,256,suffix-2,4096,swap-take-c,3,1048576,524288,1,35824000,3301749135393311600
normal-o3,1,256,suffix-2,4096,direct-c,3,1048576,524288,1,22383000,3301749135393311600
normal-o3,1,256,suffix-2,4096,reverse-c,3,1048576,524288,1,36051000,3301749135393311600
normal-o3,1,256,suffix-2,4096,whitefoot,3,1048576,524288,1,21691000,3301749135393311600
normal-o3,1,256,suffix-2,4096,cpp-std-vector,3,1048576,524288,1,21878000,3301749135393311600
normal-o3,1,256,suffix-2,4096,rust-vec,3,1048576,524288,1,23972000,3301749135393311600
normal-o3,1,256,suffix-2,4096,take-swap-c,3,1048576,524288,1,22948000,3301749135393311600
normal-o3,1,256,suffix-2,4096,direct-c,4,1048576,524288,1,22146000,13486402110383538418
normal-o3,1,256,suffix-2,4096,reverse-c,4,1048576,524288,1,37440000,13486402110383538418
normal-o3,1,256,suffix-2,4096,whitefoot,4,1048576,524288,1,22607000,13486402110383538418
normal-o3,1,256,suffix-2,4096,cpp-std-vector,4,1048576,524288,1,22064000,13486402110383538418
normal-o3,1,256,suffix-2,4096,rust-vec,4,1048576,524288,1,22130000,13486402110383538418
normal-o3,1,256,suffix-2,4096,take-swap-c,4,1048576,524288,1,22578000,13486402110383538418
normal-o3,1,256,suffix-2,4096,swap-take-c,4,1048576,524288,1,37156000,13486402110383538418
normal-o3,1,256,suffix-2,4096,reverse-c,5,1048576,524288,1,36130000,5224311011664213620
normal-o3,1,256,suffix-2,4096,whitefoot,5,1048576,524288,1,21985000,5224311011664213620
normal-o3,1,256,suffix-2,4096,cpp-std-vector,5,1048576,524288,1,22358000,5224311011664213620
normal-o3,1,256,suffix-2,4096,rust-vec,5,1048576,524288,1,21972000,5224311011664213620
normal-o3,1,256,suffix-2,4096,take-swap-c,5,1048576,524288,1,22232000,5224311011664213620
normal-o3,1,256,suffix-2,4096,swap-take-c,5,1048576,524288,1,35862000,5224311011664213620
normal-o3,1,256,suffix-2,4096,direct-c,5,1048576,524288,1,22006000,5224311011664213620
normal-o3,1,256,suffix-2,4096,whitefoot,6,1048576,524288,1,21787000,15408963986654440438
normal-o3,1,256,suffix-2,4096,cpp-std-vector,6,1048576,524288,1,21970000,15408963986654440438
normal-o3,1,256,suffix-2,4096,rust-vec,6,1048576,524288,1,21757000,15408963986654440438
normal-o3,1,256,suffix-2,4096,take-swap-c,6,1048576,524288,1,22214000,15408963986654440438
normal-o3,1,256,suffix-2,4096,swap-take-c,6,1048576,524288,1,35749000,15408963986654440438
normal-o3,1,256,suffix-2,4096,direct-c,6,1048576,524288,1,21901000,15408963986654440438
normal-o3,1,256,suffix-2,4096,reverse-c,6,1048576,524288,1,35894000,15408963986654440438
normal-o3,1,256,suffix-3,16,cpp-std-vector,0,1048576,349525,1,26053000,1054367555497166597
normal-o3,1,256,suffix-3,16,rust-vec,0,1048576,349525,1,25094000,1054367555497166597
normal-o3,1,256,suffix-3,16,take-swap-c,0,1048576,349525,1,31210000,1054367555497166597
normal-o3,1,256,suffix-3,16,swap-take-c,0,1048576,349525,1,35474000,1054367555497166597
normal-o3,1,256,suffix-3,16,direct-c,0,1048576,349525,1,25210000,1054367555497166597
normal-o3,1,256,suffix-3,16,reverse-c,0,1048576,349525,1,35585000,1054367555497166597
normal-o3,1,256,suffix-3,16,whitefoot,0,1048576,349525,1,25456000,1054367555497166597
normal-o3,1,256,suffix-3,16,rust-vec,1,1048576,349525,1,25087000,5794397202544729692
normal-o3,1,256,suffix-3,16,take-swap-c,1,1048576,349525,1,31149000,5794397202544729692
normal-o3,1,256,suffix-3,16,swap-take-c,1,1048576,349525,1,35672000,5794397202544729692
normal-o3,1,256,suffix-3,16,direct-c,1,1048576,349525,1,25141000,5794397202544729692
normal-o3,1,256,suffix-3,16,reverse-c,1,1048576,349525,1,35496000,5794397202544729692
normal-o3,1,256,suffix-3,16,whitefoot,1,1048576,349525,1,25467000,5794397202544729692
normal-o3,1,256,suffix-3,16,cpp-std-vector,1,1048576,349525,1,25989000,5794397202544729692
normal-o3,1,256,suffix-3,16,take-swap-c,2,1048576,349525,1,31527000,10534426849592292787
normal-o3,1,256,suffix-3,16,swap-take-c,2,1048576,349525,1,37171000,10534426849592292787
normal-o3,1,256,suffix-3,16,direct-c,2,1048576,349525,1,25780000,10534426849592292787
normal-o3,1,256,suffix-3,16,reverse-c,2,1048576,349525,1,35419000,10534426849592292787
normal-o3,1,256,suffix-3,16,whitefoot,2,1048576,349525,1,25474000,10534426849592292787
normal-o3,1,256,suffix-3,16,cpp-std-vector,2,1048576,349525,1,26537000,10534426849592292787
normal-o3,1,256,suffix-3,16,rust-vec,2,1048576,349525,1,25484000,10534426849592292787
normal-o3,1,256,suffix-3,16,swap-take-c,3,1048576,349525,1,35978000,15274456496639855882
normal-o3,1,256,suffix-3,16,direct-c,3,1048576,349525,1,25320000,15274456496639855882
normal-o3,1,256,suffix-3,16,reverse-c,3,1048576,349525,1,38480000,15274456496639855882
normal-o3,1,256,suffix-3,16,whitefoot,3,1048576,349525,1,26830000,15274456496639855882
normal-o3,1,256,suffix-3,16,cpp-std-vector,3,1048576,349525,1,26418000,15274456496639855882
normal-o3,1,256,suffix-3,16,rust-vec,3,1048576,349525,1,25309000,15274456496639855882
normal-o3,1,256,suffix-3,16,take-swap-c,3,1048576,349525,1,32208000,15274456496639855882
normal-o3,1,256,suffix-3,16,direct-c,4,1048576,349525,1,25826000,1567742069977867361
normal-o3,1,256,suffix-3,16,reverse-c,4,1048576,349525,1,35834000,1567742069977867361
normal-o3,1,256,suffix-3,16,whitefoot,4,1048576,349525,1,25861000,1567742069977867361
normal-o3,1,256,suffix-3,16,cpp-std-vector,4,1048576,349525,1,26334000,1567742069977867361
normal-o3,1,256,suffix-3,16,rust-vec,4,1048576,349525,1,25088000,1567742069977867361
normal-o3,1,256,suffix-3,16,take-swap-c,4,1048576,349525,1,31372000,1567742069977867361
normal-o3,1,256,suffix-3,16,swap-take-c,4,1048576,349525,1,35538000,1567742069977867361
normal-o3,1,256,suffix-3,16,reverse-c,5,1048576,349525,1,35836000,6307771717025430456
normal-o3,1,256,suffix-3,16,whitefoot,5,1048576,349525,1,25749000,6307771717025430456
normal-o3,1,256,suffix-3,16,cpp-std-vector,5,1048576,349525,1,26447000,6307771717025430456
normal-o3,1,256,suffix-3,16,rust-vec,5,1048576,349525,1,25489000,6307771717025430456
normal-o3,1,256,suffix-3,16,take-swap-c,5,1048576,349525,1,31857000,6307771717025430456
normal-o3,1,256,suffix-3,16,swap-take-c,5,1048576,349525,1,36080000,6307771717025430456
normal-o3,1,256,suffix-3,16,direct-c,5,1048576,349525,1,25178000,6307771717025430456
normal-o3,1,256,suffix-3,16,whitefoot,6,1048576,349525,1,25543000,11047801364072993551
normal-o3,1,256,suffix-3,16,cpp-std-vector,6,1048576,349525,1,26079000,11047801364072993551
normal-o3,1,256,suffix-3,16,rust-vec,6,1048576,349525,1,25576000,11047801364072993551
normal-o3,1,256,suffix-3,16,take-swap-c,6,1048576,349525,1,32375000,11047801364072993551
normal-o3,1,256,suffix-3,16,swap-take-c,6,1048576,349525,1,36920000,11047801364072993551
normal-o3,1,256,suffix-3,16,direct-c,6,1048576,349525,1,25418000,11047801364072993551
normal-o3,1,256,suffix-3,16,reverse-c,6,1048576,349525,1,35900000,11047801364072993551
normal-o3,1,256,suffix-3,256,cpp-std-vector,0,1048576,349525,1,26805000,15528439189922159621
normal-o3,1,256,suffix-3,256,rust-vec,0,1048576,349525,1,25236000,15528439189922159621
normal-o3,1,256,suffix-3,256,take-swap-c,0,1048576,349525,1,31248000,15528439189922159621
normal-o3,1,256,suffix-3,256,swap-take-c,0,1048576,349525,1,35992000,15528439189922159621
normal-o3,1,256,suffix-3,256,direct-c,0,1048576,349525,1,25127000,15528439189922159621
normal-o3,1,256,suffix-3,256,reverse-c,0,1048576,349525,1,37411000,15528439189922159621
normal-o3,1,256,suffix-3,256,whitefoot,0,1048576,349525,1,26179000,15528439189922159621
normal-o3,1,256,suffix-3,256,rust-vec,1,1048576,349525,1,25202000,6728350532028667740
normal-o3,1,256,suffix-3,256,take-swap-c,1,1048576,349525,1,31386000,6728350532028667740
normal-o3,1,256,suffix-3,256,swap-take-c,1,1048576,349525,1,35977000,6728350532028667740
normal-o3,1,256,suffix-3,256,direct-c,1,1048576,349525,1,25426000,6728350532028667740
normal-o3,1,256,suffix-3,256,reverse-c,1,1048576,349525,1,36200000,6728350532028667740
normal-o3,1,256,suffix-3,256,whitefoot,1,1048576,349525,1,25945000,6728350532028667740
normal-o3,1,256,suffix-3,256,cpp-std-vector,1,1048576,349525,1,26220000,6728350532028667740
normal-o3,1,256,suffix-3,256,take-swap-c,2,1048576,349525,1,31411000,16375005947844727475
normal-o3,1,256,suffix-3,256,swap-take-c,2,1048576,349525,1,36339000,16375005947844727475
normal-o3,1,256,suffix-3,256,direct-c,2,1048576,349525,1,25270000,16375005947844727475
normal-o3,1,256,suffix-3,256,reverse-c,2,1048576,349525,1,35704000,16375005947844727475
normal-o3,1,256,suffix-3,256,whitefoot,2,1048576,349525,1,25657000,16375005947844727475
normal-o3,1,256,suffix-3,256,cpp-std-vector,2,1048576,349525,1,26541000,16375005947844727475
normal-o3,1,256,suffix-3,256,rust-vec,2,1048576,349525,1,25331000,16375005947844727475
normal-o3,1,256,suffix-3,256,swap-take-c,3,1048576,349525,1,35832000,7574917289951235594
normal-o3,1,256,suffix-3,256,direct-c,3,1048576,349525,1,25510000,7574917289951235594
normal-o3,1,256,suffix-3,256,reverse-c,3,1048576,349525,1,36552000,7574917289951235594
normal-o3,1,256,suffix-3,256,whitefoot,3,1048576,349525,1,27138000,7574917289951235594
normal-o3,1,256,suffix-3,256,cpp-std-vector,3,1048576,349525,1,27196000,7574917289951235594
normal-o3,1,256,suffix-3,256,rust-vec,3,1048576,349525,1,25863000,7574917289951235594
normal-o3,1,256,suffix-3,256,take-swap-c,3,1048576,349525,1,31292000,7574917289951235594
normal-o3,1,256,suffix-3,256,direct-c,4,1048576,349525,1,25277000,17221572705767295329
normal-o3,1,256,suffix-3,256,reverse-c,4,1048576,349525,1,35831000,17221572705767295329
normal-o3,1,256,suffix-3,256,whitefoot,4,1048576,349525,1,25821000,17221572705767295329
normal-o3,1,256,suffix-3,256,cpp-std-vector,4,1048576,349525,1,26066000,17221572705767295329
normal-o3,1,256,suffix-3,256,rust-vec,4,1048576,349525,1,25138000,17221572705767295329
normal-o3,1,256,suffix-3,256,take-swap-c,4,1048576,349525,1,31171000,17221572705767295329
normal-o3,1,256,suffix-3,256,swap-take-c,4,1048576,349525,1,35931000,17221572705767295329
normal-o3,1,256,suffix-3,256,reverse-c,5,1048576,349525,1,37324000,8421484047873803448
normal-o3,1,256,suffix-3,256,whitefoot,5,1048576,349525,1,25612000,8421484047873803448
normal-o3,1,256,suffix-3,256,cpp-std-vector,5,1048576,349525,1,26492000,8421484047873803448
normal-o3,1,256,suffix-3,256,rust-vec,5,1048576,349525,1,25429000,8421484047873803448
normal-o3,1,256,suffix-3,256,take-swap-c,5,1048576,349525,1,31503000,8421484047873803448
normal-o3,1,256,suffix-3,256,swap-take-c,5,1048576,349525,1,36054000,8421484047873803448
normal-o3,1,256,suffix-3,256,direct-c,5,1048576,349525,1,25608000,8421484047873803448
normal-o3,1,256,suffix-3,256,whitefoot,6,1048576,349525,1,25618000,18068139463689863183
normal-o3,1,256,suffix-3,256,cpp-std-vector,6,1048576,349525,1,26414000,18068139463689863183
normal-o3,1,256,suffix-3,256,rust-vec,6,1048576,349525,1,25638000,18068139463689863183
normal-o3,1,256,suffix-3,256,take-swap-c,6,1048576,349525,1,31578000,18068139463689863183
normal-o3,1,256,suffix-3,256,swap-take-c,6,1048576,349525,1,36498000,18068139463689863183
normal-o3,1,256,suffix-3,256,direct-c,6,1048576,349525,1,25270000,18068139463689863183
normal-o3,1,256,suffix-3,256,reverse-c,6,1048576,349525,1,35745000,18068139463689863183
normal-o3,1,256,suffix-3,4096,cpp-std-vector,0,1048576,349525,1,27653000,15626320741824457733
normal-o3,1,256,suffix-3,4096,rust-vec,0,1048576,349525,1,25843000,15626320741824457733
normal-o3,1,256,suffix-3,4096,take-swap-c,0,1048576,349525,1,31617000,15626320741824457733
normal-o3,1,256,suffix-3,4096,swap-take-c,0,1048576,349525,1,36165000,15626320741824457733
normal-o3,1,256,suffix-3,4096,direct-c,0,1048576,349525,1,25672000,15626320741824457733
normal-o3,1,256,suffix-3,4096,reverse-c,0,1048576,349525,1,35983000,15626320741824457733
normal-o3,1,256,suffix-3,4096,whitefoot,0,1048576,349525,1,26668000,15626320741824457733
normal-o3,1,256,suffix-3,4096,rust-vec,1,1048576,349525,1,25931000,11900565124691961692
normal-o3,1,256,suffix-3,4096,take-swap-c,1,1048576,349525,1,31566000,11900565124691961692
normal-o3,1,256,suffix-3,4096,swap-take-c,1,1048576,349525,1,35979000,11900565124691961692
normal-o3,1,256,suffix-3,4096,direct-c,1,1048576,349525,1,25752000,11900565124691961692
normal-o3,1,256,suffix-3,4096,reverse-c,1,1048576,349525,1,35640000,11900565124691961692
normal-o3,1,256,suffix-3,4096,whitefoot,1,1048576,349525,1,25732000,11900565124691961692
normal-o3,1,256,suffix-3,4096,cpp-std-vector,1,1048576,349525,1,26350000,11900565124691961692
normal-o3,1,256,suffix-3,4096,take-swap-c,2,1048576,349525,1,31408000,8174809507559465651
normal-o3,1,256,suffix-3,4096,swap-take-c,2,1048576,349525,1,36039000,8174809507559465651
normal-o3,1,256,suffix-3,4096,direct-c,2,1048576,349525,1,25779000,8174809507559465651
normal-o3,1,256,suffix-3,4096,reverse-c,2,1048576,349525,1,35803000,8174809507559465651
normal-o3,1,256,suffix-3,4096,whitefoot,2,1048576,349525,1,25649000,8174809507559465651
normal-o3,1,256,suffix-3,4096,cpp-std-vector,2,1048576,349525,1,26484000,8174809507559465651
normal-o3,1,256,suffix-3,4096,rust-vec,2,1048576,349525,1,25520000,8174809507559465651
normal-o3,1,256,suffix-3,4096,swap-take-c,3,1048576,349525,1,36045000,4449053890426969610
normal-o3,1,256,suffix-3,4096,direct-c,3,1048576,349525,1,26082000,4449053890426969610
normal-o3,1,256,suffix-3,4096,reverse-c,3,1048576,349525,1,36054000,4449053890426969610
normal-o3,1,256,suffix-3,4096,whitefoot,3,1048576,349525,1,25730000,4449053890426969610
normal-o3,1,256,suffix-3,4096,cpp-std-vector,3,1048576,349525,1,26656000,4449053890426969610
normal-o3,1,256,suffix-3,4096,rust-vec,3,1048576,349525,1,25378000,4449053890426969610
normal-o3,1,256,suffix-3,4096,take-swap-c,3,1048576,349525,1,31439000,4449053890426969610
normal-o3,1,256,suffix-3,4096,direct-c,4,1048576,349525,1,25343000,723298273294473569
normal-o3,1,256,suffix-3,4096,reverse-c,4,1048576,349525,1,35677000,723298273294473569
normal-o3,1,256,suffix-3,4096,whitefoot,4,1048576,349525,1,25759000,723298273294473569
normal-o3,1,256,suffix-3,4096,cpp-std-vector,4,1048576,349525,1,26679000,723298273294473569
normal-o3,1,256,suffix-3,4096,rust-vec,4,1048576,349525,1,25503000,723298273294473569
normal-o3,1,256,suffix-3,4096,take-swap-c,4,1048576,349525,1,31606000,723298273294473569
normal-o3,1,256,suffix-3,4096,swap-take-c,4,1048576,349525,1,36938000,723298273294473569
normal-o3,1,256,suffix-3,4096,reverse-c,5,1048576,349525,1,36771000,15444286729871529144
normal-o3,1,256,suffix-3,4096,whitefoot,5,1048576,349525,1,26377000,15444286729871529144
normal-o3,1,256,suffix-3,4096,cpp-std-vector,5,1048576,349525,1,26779000,15444286729871529144
normal-o3,1,256,suffix-3,4096,rust-vec,5,1048576,349525,1,25160000,15444286729871529144
normal-o3,1,256,suffix-3,4096,take-swap-c,5,1048576,349525,1,31543000,15444286729871529144
normal-o3,1,256,suffix-3,4096,swap-take-c,5,1048576,349525,1,36215000,15444286729871529144
normal-o3,1,256,suffix-3,4096,direct-c,5,1048576,349525,1,25744000,15444286729871529144
normal-o3,1,256,suffix-3,4096,whitefoot,6,1048576,349525,1,25927000,11718531112739033103
normal-o3,1,256,suffix-3,4096,cpp-std-vector,6,1048576,349525,1,26598000,11718531112739033103
normal-o3,1,256,suffix-3,4096,rust-vec,6,1048576,349525,1,25921000,11718531112739033103
normal-o3,1,256,suffix-3,4096,take-swap-c,6,1048576,349525,1,31383000,11718531112739033103
normal-o3,1,256,suffix-3,4096,swap-take-c,6,1048576,349525,1,36054000,11718531112739033103
normal-o3,1,256,suffix-3,4096,direct-c,6,1048576,349525,1,25496000,11718531112739033103
normal-o3,1,256,suffix-3,4096,reverse-c,6,1048576,349525,1,36649000,11718531112739033103
