contract,cohort,element_bytes,path,count,variant,sample,work,rounds,traces,elapsed_ns,checksum
normal-o3,0,8,reserved,16,whitefoot,0,1048576,65536,1,3296000,1613149332516896869
normal-o3,0,8,reserved,16,reverse-c,0,1048576,65536,1,4227000,1613149332516896869
normal-o3,0,8,reserved,16,direct-c,0,1048576,65536,1,3417000,1613149332516896869
normal-o3,0,8,reserved,16,swap-take-c,0,1048576,65536,1,3977000,1613149332516896869
normal-o3,0,8,reserved,16,take-swap-c,0,1048576,65536,1,3911000,1613149332516896869
normal-o3,0,8,reserved,16,rust-vec,0,1048576,65536,1,2618000,1613149332516896869
normal-o3,0,8,reserved,16,cpp-std-vector,0,1048576,65536,1,3158000,1613149332516896869
normal-o3,0,8,reserved,16,reverse-c,1,1048576,65536,1,3950000,15534383740606742630
normal-o3,0,8,reserved,16,direct-c,1,1048576,65536,1,3292000,15534383740606742630
normal-o3,0,8,reserved,16,swap-take-c,1,1048576,65536,1,3855000,15534383740606742630
normal-o3,0,8,reserved,16,take-swap-c,1,1048576,65536,1,3724000,15534383740606742630
normal-o3,0,8,reserved,16,rust-vec,1,1048576,65536,1,2399000,15534383740606742630
normal-o3,0,8,reserved,16,cpp-std-vector,1,1048576,65536,1,3142000,15534383740606742630
normal-o3,0,8,reserved,16,whitefoot,1,1048576,65536,1,3084000,15534383740606742630
normal-o3,0,8,reserved,16,direct-c,2,1048576,65536,1,3261000,11203551505675976807
normal-o3,0,8,reserved,16,swap-take-c,2,1048576,65536,1,3814000,11203551505675976807
normal-o3,0,8,reserved,16,take-swap-c,2,1048576,65536,1,3694000,11203551505675976807
normal-o3,0,8,reserved,16,rust-vec,2,1048576,65536,1,2384000,11203551505675976807
normal-o3,0,8,reserved,16,cpp-std-vector,2,1048576,65536,1,3141000,11203551505675976807
normal-o3,0,8,reserved,16,whitefoot,2,1048576,65536,1,3060000,11203551505675976807
normal-o3,0,8,reserved,16,reverse-c,2,1048576,65536,1,4011000,11203551505675976807
normal-o3,0,8,reserved,16,swap-take-c,3,1048576,65536,1,3789000,598448321840808040
normal-o3,0,8,reserved,16,take-swap-c,3,1048576,65536,1,3685000,598448321840808040
normal-o3,0,8,reserved,16,rust-vec,3,1048576,65536,1,2388000,598448321840808040
normal-o3,0,8,reserved,16,cpp-std-vector,3,1048576,65536,1,3206000,598448321840808040
normal-o3,0,8,reserved,16,whitefoot,3,1048576,65536,1,3168000,598448321840808040
normal-o3,0,8,reserved,16,reverse-c,3,1048576,65536,1,4163000,598448321840808040
normal-o3,0,8,reserved,16,direct-c,3,1048576,65536,1,3361000,598448321840808040
normal-o3,0,8,reserved,16,take-swap-c,4,1048576,65536,1,3708000,3717605000514633833
normal-o3,0,8,reserved,16,rust-vec,4,1048576,65536,1,2377000,3717605000514633833
normal-o3,0,8,reserved,16,cpp-std-vector,4,1048576,65536,1,3200000,3717605000514633833
normal-o3,0,8,reserved,16,whitefoot,4,1048576,65536,1,3073000,3717605000514633833
normal-o3,0,8,reserved,16,reverse-c,4,1048576,65536,1,3952000,3717605000514633833
normal-o3,0,8,reserved,16,direct-c,4,1048576,65536,1,3249000,3717605000514633833
normal-o3,0,8,reserved,16,swap-take-c,4,1048576,65536,1,3795000,3717605000514633833
normal-o3,0,8,reserved,16,rust-vec,5,1048576,65536,1,2375000,7745013020975693930
normal-o3,0,8,reserved,16,cpp-std-vector,5,1048576,65536,1,3137000,7745013020975693930
normal-o3,0,8,reserved,16,whitefoot,5,1048576,65536,1,3068000,7745013020975693930
normal-o3,0,8,reserved,16,reverse-c,5,1048576,65536,1,3943000,7745013020975693930
normal-o3,0,8,reserved,16,direct-c,5,1048576,65536,1,3248000,7745013020975693930
normal-o3,0,8,reserved,16,swap-take-c,5,1048576,65536,1,3864000,7745013020975693930
normal-o3,0,8,reserved,16,take-swap-c,5,1048576,65536,1,3676000,7745013020975693930
normal-o3,0,8,reserved,16,cpp-std-vector,6,1048576,65536,1,3436000,6351481337365135467
normal-o3,0,8,reserved,16,whitefoot,6,1048576,65536,1,3419000,6351481337365135467
normal-o3,0,8,reserved,16,reverse-c,6,1048576,65536,1,3936000,6351481337365135467
normal-o3,0,8,reserved,16,direct-c,6,1048576,65536,1,3295000,6351481337365135467
normal-o3,0,8,reserved,16,swap-take-c,6,1048576,65536,1,3790000,6351481337365135467
normal-o3,0,8,reserved,16,take-swap-c,6,1048576,65536,1,3680000,6351481337365135467
normal-o3,0,8,reserved,16,rust-vec,6,1048576,65536,1,2383000,6351481337365135467
normal-o3,0,8,reserved,256,whitefoot,0,1048576,4096,1,1726000,1498897996573024357
normal-o3,0,8,reserved,256,reverse-c,0,1048576,4096,1,3248000,1498897996573024357
normal-o3,0,8,reserved,256,direct-c,0,1048576,4096,1,1699000,1498897996573024357
normal-o3,0,8,reserved,256,swap-take-c,0,1048576,4096,1,2211000,1498897996573024357
normal-o3,0,8,reserved,256,take-swap-c,0,1048576,4096,1,2167000,1498897996573024357
normal-o3,0,8,reserved,256,rust-vec,0,1048576,4096,1,1645000,1498897996573024357
normal-o3,0,8,reserved,256,cpp-std-vector,0,1048576,4096,1,2162000,1498897996573024357
normal-o3,0,8,reserved,256,reverse-c,1,1048576,4096,1,3225000,7707534785925595238
normal-o3,0,8,reserved,256,direct-c,1,1048576,4096,1,1702000,7707534785925595238
normal-o3,0,8,reserved,256,swap-take-c,1,1048576,4096,1,2152000,7707534785925595238
normal-o3,0,8,reserved,256,take-swap-c,1,1048576,4096,1,2164000,7707534785925595238
normal-o3,0,8,reserved,256,rust-vec,1,1048576,4096,1,1539000,7707534785925595238
normal-o3,0,8,reserved,256,cpp-std-vector,1,1048576,4096,1,2110000,7707534785925595238
normal-o3,0,8,reserved,256,whitefoot,1,1048576,4096,1,1704000,7707534785925595238
normal-o3,0,8,reserved,256,direct-c,2,1048576,4096,1,1696000,5506079726878842983
normal-o3,0,8,reserved,256,swap-take-c,2,1048576,4096,1,2181000,5506079726878842983
normal-o3,0,8,reserved,256,take-swap-c,2,1048576,4096,1,2183000,5506079726878842983
normal-o3,0,8,reserved,256,rust-vec,2,1048576,4096,1,1539000,5506079726878842983
normal-o3,0,8,reserved,256,cpp-std-vector,2,1048576,4096,1,2092000,5506079726878842983
normal-o3,0,8,reserved,256,whitefoot,2,1048576,4096,1,1702000,5506079726878842983
normal-o3,0,8,reserved,256,reverse-c,2,1048576,4096,1,3216000,5506079726878842983
normal-o3,0,8,reserved,256,swap-take-c,3,1048576,4096,1,2260000,5888291873035911272
normal-o3,0,8,reserved,256,take-swap-c,3,1048576,4096,1,2150000,5888291873035911272
normal-o3,0,8,reserved,256,rust-vec,3,1048576,4096,1,1536000,5888291873035911272
normal-o3,0,8,reserved,256,cpp-std-vector,3,1048576,4096,1,2130000,5888291873035911272
normal-o3,0,8,reserved,256,whitefoot,3,1048576,4096,1,1700000,5888291873035911272
normal-o3,0,8,reserved,256,reverse-c,3,1048576,4096,1,3223000,5888291873035911272
normal-o3,0,8,reserved,256,direct-c,3,1048576,4096,1,1703000,5888291873035911272
normal-o3,0,8,reserved,256,take-swap-c,4,1048576,4096,1,2155000,7512286317303570537
normal-o3,0,8,reserved,256,rust-vec,4,1048576,4096,1,1536000,7512286317303570537
normal-o3,0,8,reserved,256,cpp-std-vector,4,1048576,4096,1,2094000,7512286317303570537
normal-o3,0,8,reserved,256,whitefoot,4,1048576,4096,1,1772000,7512286317303570537
normal-o3,0,8,reserved,256,reverse-c,4,1048576,4096,1,3226000,7512286317303570537
normal-o3,0,8,reserved,256,direct-c,4,1048576,4096,1,1700000,7512286317303570537
normal-o3,0,8,reserved,256,swap-take-c,4,1048576,4096,1,2212000,7512286317303570537
normal-o3,0,8,reserved,256,rust-vec,5,1048576,4096,1,1547000,13357584908658163818
normal-o3,0,8,reserved,256,cpp-std-vector,5,1048576,4096,1,2141000,13357584908658163818
normal-o3,0,8,reserved,256,whitefoot,5,1048576,4096,1,1705000,13357584908658163818
normal-o3,0,8,reserved,256,reverse-c,5,1048576,4096,1,3221000,13357584908658163818
normal-o3,0,8,reserved,256,direct-c,5,1048576,4096,1,1699000,13357584908658163818
normal-o3,0,8,reserved,256,swap-take-c,5,1048576,4096,1,2230000,13357584908658163818
normal-o3,0,8,reserved,256,take-swap-c,5,1048576,4096,1,2159000,13357584908658163818
normal-o3,0,8,reserved,256,cpp-std-vector,6,1048576,4096,1,2107000,10011933332678926443
normal-o3,0,8,reserved,256,whitefoot,6,1048576,4096,1,1704000,10011933332678926443
normal-o3,0,8,reserved,256,reverse-c,6,1048576,4096,1,3224000,10011933332678926443
normal-o3,0,8,reserved,256,direct-c,6,1048576,4096,1,1751000,10011933332678926443
normal-o3,0,8,reserved,256,swap-take-c,6,1048576,4096,1,2226000,10011933332678926443
normal-o3,0,8,reserved,256,take-swap-c,6,1048576,4096,1,2152000,10011933332678926443
normal-o3,0,8,reserved,256,rust-vec,6,1048576,4096,1,1540000,10011933332678926443
normal-o3,0,8,reserved,4096,whitefoot,0,1048576,256,1,1665000,2256710881311081573
normal-o3,0,8,reserved,4096,reverse-c,0,1048576,256,1,2847000,2256710881311081573
normal-o3,0,8,reserved,4096,direct-c,0,1048576,256,1,1642000,2256710881311081573
normal-o3,0,8,reserved,4096,swap-take-c,0,1048576,256,1,2160000,2256710881311081573
normal-o3,0,8,reserved,4096,take-swap-c,0,1048576,256,1,2076000,2256710881311081573
normal-o3,0,8,reserved,4096,rust-vec,0,1048576,256,1,1535000,2256710881311081573
normal-o3,0,8,reserved,4096,cpp-std-vector,0,1048576,256,1,2051000,2256710881311081573
normal-o3,0,8,reserved,4096,reverse-c,1,1048576,256,1,2900000,6904654748820097126
normal-o3,0,8,reserved,4096,direct-c,1,1048576,256,1,1646000,6904654748820097126
normal-o3,0,8,reserved,4096,swap-take-c,1,1048576,256,1,2144000,6904654748820097126
normal-o3,0,8,reserved,4096,take-swap-c,1,1048576,256,1,2055000,6904654748820097126
normal-o3,0,8,reserved,4096,rust-vec,1,1048576,256,1,1585000,6904654748820097126
normal-o3,0,8,reserved,4096,cpp-std-vector,1,1048576,256,1,2116000,6904654748820097126
normal-o3,0,8,reserved,4096,whitefoot,1,1048576,256,1,1670000,6904654748820097126
normal-o3,0,8,reserved,4096,direct-c,2,1048576,256,1,1737000,16426223538089053287
normal-o3,0,8,reserved,4096,swap-take-c,2,1048576,256,1,2296000,16426223538089053287
normal-o3,0,8,reserved,4096,take-swap-c,2,1048576,256,1,2167000,16426223538089053287
normal-o3,0,8,reserved,4096,rust-vec,2,1048576,256,1,1646000,16426223538089053287
normal-o3,0,8,reserved,4096,cpp-std-vector,2,1048576,256,1,2170000,16426223538089053287
normal-o3,0,8,reserved,4096,whitefoot,2,1048576,256,1,1722000,16426223538089053287
normal-o3,0,8,reserved,4096,reverse-c,2,1048576,256,1,2962000,16426223538089053287
normal-o3,0,8,reserved,4096,swap-take-c,3,1048576,256,1,2217000,9531859752620511336
normal-o3,0,8,reserved,4096,take-swap-c,3,1048576,256,1,2128000,9531859752620511336
normal-o3,0,8,reserved,4096,rust-vec,3,1048576,256,1,1556000,9531859752620511336
normal-o3,0,8,reserved,4096,cpp-std-vector,3,1048576,256,1,2094000,9531859752620511336
normal-o3,0,8,reserved,4096,whitefoot,3,1048576,256,1,1723000,9531859752620511336
normal-o3,0,8,reserved,4096,reverse-c,3,1048576,256,1,2936000,9531859752620511336
normal-o3,0,8,reserved,4096,direct-c,3,1048576,256,1,1747000,9531859752620511336
normal-o3,0,8,reserved,4096,take-swap-c,4,1048576,256,1,2108000,14830550356061344873
normal-o3,0,8,reserved,4096,rust-vec,4,1048576,256,1,1575000,14830550356061344873
normal-o3,0,8,reserved,4096,cpp-std-vector,4,1048576,256,1,2186000,14830550356061344873
normal-o3,0,8,reserved,4096,whitefoot,4,1048576,256,1,1726000,14830550356061344873
normal-o3,0,8,reserved,4096,reverse-c,4,1048576,256,1,2972000,14830550356061344873
normal-o3,0,8,reserved,4096,direct-c,4,1048576,256,1,1708000,14830550356061344873
normal-o3,0,8,reserved,4096,swap-take-c,4,1048576,256,1,2220000,14830550356061344873
normal-o3,0,8,reserved,4096,rust-vec,5,1048576,256,1,1580000,11014393161628833898
normal-o3,0,8,reserved,4096,cpp-std-vector,5,1048576,256,1,2108000,11014393161628833898
normal-o3,0,8,reserved,4096,whitefoot,5,1048576,256,1,1716000,11014393161628833898
normal-o3,0,8,reserved,4096,reverse-c,5,1048576,256,1,2931000,11014393161628833898
normal-o3,0,8,reserved,4096,direct-c,5,1048576,256,1,1716000,11014393161628833898
normal-o3,0,8,reserved,4096,swap-take-c,5,1048576,256,1,2192000,11014393161628833898
normal-o3,0,8,reserved,4096,take-swap-c,5,1048576,256,1,2053000,11014393161628833898
normal-o3,0,8,reserved,4096,cpp-std-vector,6,1048576,256,1,2116000,3531045655943011435
normal-o3,0,8,reserved,4096,whitefoot,6,1048576,256,1,1665000,3531045655943011435
normal-o3,0,8,reserved,4096,reverse-c,6,1048576,256,1,2860000,3531045655943011435
normal-o3,0,8,reserved,4096,direct-c,6,1048576,256,1,1640000,3531045655943011435
normal-o3,0,8,reserved,4096,swap-take-c,6,1048576,256,1,2142000,3531045655943011435
normal-o3,0,8,reserved,4096,take-swap-c,6,1048576,256,1,2053000,3531045655943011435
normal-o3,0,8,reserved,4096,rust-vec,6,1048576,256,1,1526000,3531045655943011435
normal-o3,0,8,growth,16,whitefoot,0,1048576,65536,1,10608000,1613149332516896869
normal-o3,0,8,growth,16,reverse-c,0,1048576,65536,1,11577000,1613149332516896869
normal-o3,0,8,growth,16,direct-c,0,1048576,65536,1,11135000,1613149332516896869
normal-o3,0,8,growth,16,swap-take-c,0,1048576,65536,1,11466000,1613149332516896869
normal-o3,0,8,growth,16,take-swap-c,0,1048576,65536,1,11491000,1613149332516896869
normal-o3,0,8,growth,16,rust-vec,0,1048576,65536,1,9980000,1613149332516896869
normal-o3,0,8,growth,16,cpp-std-vector,0,1048576,65536,1,10192000,1613149332516896869
normal-o3,0,8,growth,16,reverse-c,1,1048576,65536,1,11422000,15534383740606742630
normal-o3,0,8,growth,16,direct-c,1,1048576,65536,1,10063000,15534383740606742630
normal-o3,0,8,growth,16,swap-take-c,1,1048576,65536,1,10560000,15534383740606742630
normal-o3,0,8,growth,16,take-swap-c,1,1048576,65536,1,10575000,15534383740606742630
normal-o3,0,8,growth,16,rust-vec,1,1048576,65536,1,9102000,15534383740606742630
normal-o3,0,8,growth,16,cpp-std-vector,1,1048576,65536,1,9527000,15534383740606742630
normal-o3,0,8,growth,16,whitefoot,1,1048576,65536,1,10335000,15534383740606742630
normal-o3,0,8,growth,16,direct-c,2,1048576,65536,1,10076000,11203551505675976807
normal-o3,0,8,growth,16,swap-take-c,2,1048576,65536,1,10527000,11203551505675976807
normal-o3,0,8,growth,16,take-swap-c,2,1048576,65536,1,10437000,11203551505675976807
normal-o3,0,8,growth,16,rust-vec,2,1048576,65536,1,10098000,11203551505675976807
normal-o3,0,8,growth,16,cpp-std-vector,2,1048576,65536,1,9549000,11203551505675976807
normal-o3,0,8,growth,16,whitefoot,2,1048576,65536,1,10278000,11203551505675976807
normal-o3,0,8,growth,16,reverse-c,2,1048576,65536,1,10799000,11203551505675976807
normal-o3,0,8,growth,16,swap-take-c,3,1048576,65536,1,10634000,598448321840808040
normal-o3,0,8,growth,16,take-swap-c,3,1048576,65536,1,10482000,598448321840808040
normal-o3,0,8,growth,16,rust-vec,3,1048576,65536,1,9084000,598448321840808040
normal-o3,0,8,growth,16,cpp-std-vector,3,1048576,65536,1,9572000,598448321840808040
normal-o3,0,8,growth,16,whitefoot,3,1048576,65536,1,10263000,598448321840808040
normal-o3,0,8,growth,16,reverse-c,3,1048576,65536,1,10776000,598448321840808040
normal-o3,0,8,growth,16,direct-c,3,1048576,65536,1,10160000,598448321840808040
normal-o3,0,8,growth,16,take-swap-c,4,1048576,65536,1,10504000,3717605000514633833
normal-o3,0,8,growth,16,rust-vec,4,1048576,65536,1,9093000,3717605000514633833
normal-o3,0,8,growth,16,cpp-std-vector,4,1048576,65536,1,9525000,3717605000514633833
normal-o3,0,8,growth,16,whitefoot,4,1048576,65536,1,10378000,3717605000514633833
normal-o3,0,8,growth,16,reverse-c,4,1048576,65536,1,10792000,3717605000514633833
normal-o3,0,8,growth,16,direct-c,4,1048576,65536,1,10301000,3717605000514633833
normal-o3,0,8,growth,16,swap-take-c,4,1048576,65536,1,10756000,3717605000514633833
normal-o3,0,8,growth,16,rust-vec,5,1048576,65536,1,9132000,7745013020975693930
normal-o3,0,8,growth,16,cpp-std-vector,5,1048576,65536,1,9523000,7745013020975693930
normal-o3,0,8,growth,16,whitefoot,5,1048576,65536,1,10250000,7745013020975693930
normal-o3,0,8,growth,16,reverse-c,5,1048576,65536,1,10893000,7745013020975693930
normal-o3,0,8,growth,16,direct-c,5,1048576,65536,1,10100000,7745013020975693930
normal-o3,0,8,growth,16,swap-take-c,5,1048576,65536,1,10588000,7745013020975693930
normal-o3,0,8,growth,16,take-swap-c,5,1048576,65536,1,10566000,7745013020975693930
normal-o3,0,8,growth,16,cpp-std-vector,6,1048576,65536,1,9528000,6351481337365135467
normal-o3,0,8,growth,16,whitefoot,6,1048576,65536,1,10245000,6351481337365135467
normal-o3,0,8,growth,16,reverse-c,6,1048576,65536,1,10922000,6351481337365135467
normal-o3,0,8,growth,16,direct-c,6,1048576,65536,1,10088000,6351481337365135467
normal-o3,0,8,growth,16,swap-take-c,6,1048576,65536,1,10638000,6351481337365135467
normal-o3,0,8,growth,16,take-swap-c,6,1048576,65536,1,10427000,6351481337365135467
normal-o3,0,8,growth,16,rust-vec,6,1048576,65536,1,9181000,6351481337365135467
normal-o3,0,8,growth,256,whitefoot,0,1048576,4096,1,2874000,1498897996573024357
normal-o3,0,8,growth,256,reverse-c,0,1048576,4096,1,4370000,1498897996573024357
normal-o3,0,8,growth,256,direct-c,0,1048576,4096,1,2875000,1498897996573024357
normal-o3,0,8,growth,256,swap-take-c,0,1048576,4096,1,3333000,1498897996573024357
normal-o3,0,8,growth,256,take-swap-c,0,1048576,4096,1,3357000,1498897996573024357
normal-o3,0,8,growth,256,rust-vec,0,1048576,4096,1,2993000,1498897996573024357
normal-o3,0,8,growth,256,cpp-std-vector,0,1048576,4096,1,3300000,1498897996573024357
normal-o3,0,8,growth,256,reverse-c,1,1048576,4096,1,4417000,7707534785925595238
normal-o3,0,8,growth,256,direct-c,1,1048576,4096,1,2857000,7707534785925595238
normal-o3,0,8,growth,256,swap-take-c,1,1048576,4096,1,3289000,7707534785925595238
normal-o3,0,8,growth,256,take-swap-c,1,1048576,4096,1,3325000,7707534785925595238
normal-o3,0,8,growth,256,rust-vec,1,1048576,4096,1,3154000,7707534785925595238
normal-o3,0,8,growth,256,cpp-std-vector,1,1048576,4096,1,3298000,7707534785925595238
normal-o3,0,8,growth,256,whitefoot,1,1048576,4096,1,2888000,7707534785925595238
normal-o3,0,8,growth,256,direct-c,2,1048576,4096,1,2955000,5506079726878842983
normal-o3,0,8,growth,256,swap-take-c,2,1048576,4096,1,3425000,5506079726878842983
normal-o3,0,8,growth,256,take-swap-c,2,1048576,4096,1,3543000,5506079726878842983
normal-o3,0,8,growth,256,rust-vec,2,1048576,4096,1,3106000,5506079726878842983
normal-o3,0,8,growth,256,cpp-std-vector,2,1048576,4096,1,3439000,5506079726878842983
normal-o3,0,8,growth,256,whitefoot,2,1048576,4096,1,2982000,5506079726878842983
normal-o3,0,8,growth,256,reverse-c,2,1048576,4096,1,4581000,5506079726878842983
normal-o3,0,8,growth,256,swap-take-c,3,1048576,4096,1,3384000,5888291873035911272
normal-o3,0,8,growth,256,take-swap-c,3,1048576,4096,1,3490000,5888291873035911272
normal-o3,0,8,growth,256,rust-vec,3,1048576,4096,1,3088000,5888291873035911272
normal-o3,0,8,growth,256,cpp-std-vector,3,1048576,4096,1,3399000,5888291873035911272
normal-o3,0,8,growth,256,whitefoot,3,1048576,4096,1,2960000,5888291873035911272
normal-o3,0,8,growth,256,reverse-c,3,1048576,4096,1,4570000,5888291873035911272
normal-o3,0,8,growth,256,direct-c,3,1048576,4096,1,2932000,5888291873035911272
normal-o3,0,8,growth,256,take-swap-c,4,1048576,4096,1,3392000,7512286317303570537
normal-o3,0,8,growth,256,rust-vec,4,1048576,4096,1,3087000,7512286317303570537
normal-o3,0,8,growth,256,cpp-std-vector,4,1048576,4096,1,3470000,7512286317303570537
normal-o3,0,8,growth,256,whitefoot,4,1048576,4096,1,2864000,7512286317303570537
normal-o3,0,8,growth,256,reverse-c,4,1048576,4096,1,4425000,7512286317303570537
normal-o3,0,8,growth,256,direct-c,4,1048576,4096,1,2851000,7512286317303570537
normal-o3,0,8,growth,256,swap-take-c,4,1048576,4096,1,3335000,7512286317303570537
normal-o3,0,8,growth,256,rust-vec,5,1048576,4096,1,2963000,13357584908658163818
normal-o3,0,8,growth,256,cpp-std-vector,5,1048576,4096,1,3406000,13357584908658163818
normal-o3,0,8,growth,256,whitefoot,5,1048576,4096,1,2873000,13357584908658163818
normal-o3,0,8,growth,256,reverse-c,5,1048576,4096,1,4393000,13357584908658163818
normal-o3,0,8,growth,256,direct-c,5,1048576,4096,1,2855000,13357584908658163818
normal-o3,0,8,growth,256,swap-take-c,5,1048576,4096,1,3318000,13357584908658163818
normal-o3,0,8,growth,256,take-swap-c,5,1048576,4096,1,3452000,13357584908658163818
normal-o3,0,8,growth,256,cpp-std-vector,6,1048576,4096,1,3383000,10011933332678926443
normal-o3,0,8,growth,256,whitefoot,6,1048576,4096,1,2957000,10011933332678926443
normal-o3,0,8,growth,256,reverse-c,6,1048576,4096,1,4504000,10011933332678926443
normal-o3,0,8,growth,256,direct-c,6,1048576,4096,1,2935000,10011933332678926443
normal-o3,0,8,growth,256,swap-take-c,6,1048576,4096,1,3477000,10011933332678926443
normal-o3,0,8,growth,256,take-swap-c,6,1048576,4096,1,3431000,10011933332678926443
normal-o3,0,8,growth,256,rust-vec,6,1048576,4096,1,2969000,10011933332678926443
normal-o3,0,8,growth,4096,whitefoot,0,1048576,256,1,2068000,2256710881311081573
normal-o3,0,8,growth,4096,reverse-c,0,1048576,256,1,3245000,2256710881311081573
normal-o3,0,8,growth,4096,direct-c,0,1048576,256,1,2053000,2256710881311081573
normal-o3,0,8,growth,4096,swap-take-c,0,1048576,256,1,2552000,2256710881311081573
normal-o3,0,8,growth,4096,take-swap-c,0,1048576,256,1,2459000,2256710881311081573
normal-o3,0,8,growth,4096,rust-vec,0,1048576,256,1,1925000,2256710881311081573
normal-o3,0,8,growth,4096,cpp-std-vector,0,1048576,256,1,2378000,2256710881311081573
normal-o3,0,8,growth,4096,reverse-c,1,1048576,256,1,3245000,6904654748820097126
normal-o3,0,8,growth,4096,direct-c,1,1048576,256,1,2112000,6904654748820097126
normal-o3,0,8,growth,4096,swap-take-c,1,1048576,256,1,2552000,6904654748820097126
normal-o3,0,8,growth,4096,take-swap-c,1,1048576,256,1,2469000,6904654748820097126
normal-o3,0,8,growth,4096,rust-vec,1,1048576,256,1,1925000,6904654748820097126
normal-o3,0,8,growth,4096,cpp-std-vector,1,1048576,256,1,2443000,6904654748820097126
normal-o3,0,8,growth,4096,whitefoot,1,1048576,256,1,2069000,6904654748820097126
normal-o3,0,8,growth,4096,direct-c,2,1048576,256,1,2091000,16426223538089053287
normal-o3,0,8,growth,4096,swap-take-c,2,1048576,256,1,2544000,16426223538089053287
normal-o3,0,8,growth,4096,take-swap-c,2,1048576,256,1,2457000,16426223538089053287
normal-o3,0,8,growth,4096,rust-vec,2,1048576,256,1,1924000,16426223538089053287
normal-o3,0,8,growth,4096,cpp-std-vector,2,1048576,256,1,2388000,16426223538089053287
normal-o3,0,8,growth,4096,whitefoot,2,1048576,256,1,2059000,16426223538089053287
normal-o3,0,8,growth,4096,reverse-c,2,1048576,256,1,3251000,16426223538089053287
normal-o3,0,8,growth,4096,swap-take-c,3,1048576,256,1,2620000,9531859752620511336
normal-o3,0,8,growth,4096,take-swap-c,3,1048576,256,1,2470000,9531859752620511336
normal-o3,0,8,growth,4096,rust-vec,3,1048576,256,1,1941000,9531859752620511336
normal-o3,0,8,growth,4096,cpp-std-vector,3,1048576,256,1,2430000,9531859752620511336
normal-o3,0,8,growth,4096,whitefoot,3,1048576,256,1,2058000,9531859752620511336
normal-o3,0,8,growth,4096,reverse-c,3,1048576,256,1,3238000,9531859752620511336
normal-o3,0,8,growth,4096,direct-c,3,1048576,256,1,2042000,9531859752620511336
normal-o3,0,8,growth,4096,take-swap-c,4,1048576,256,1,2444000,14830550356061344873
normal-o3,0,8,growth,4096,rust-vec,4,1048576,256,1,1927000,14830550356061344873
normal-o3,0,8,growth,4096,cpp-std-vector,4,1048576,256,1,2426000,14830550356061344873
normal-o3,0,8,growth,4096,whitefoot,4,1048576,256,1,2060000,14830550356061344873
normal-o3,0,8,growth,4096,reverse-c,4,1048576,256,1,3257000,14830550356061344873
normal-o3,0,8,growth,4096,direct-c,4,1048576,256,1,2048000,14830550356061344873
normal-o3,0,8,growth,4096,swap-take-c,4,1048576,256,1,2541000,14830550356061344873
normal-o3,0,8,growth,4096,rust-vec,5,1048576,256,1,1995000,11014393161628833898
normal-o3,0,8,growth,4096,cpp-std-vector,5,1048576,256,1,2385000,11014393161628833898
normal-o3,0,8,growth,4096,whitefoot,5,1048576,256,1,2069000,11014393161628833898
normal-o3,0,8,growth,4096,reverse-c,5,1048576,256,1,3247000,11014393161628833898
normal-o3,0,8,growth,4096,direct-c,5,1048576,256,1,2057000,11014393161628833898
normal-o3,0,8,growth,4096,swap-take-c,5,1048576,256,1,2559000,11014393161628833898
normal-o3,0,8,growth,4096,take-swap-c,5,1048576,256,1,2449000,11014393161628833898
normal-o3,0,8,growth,4096,cpp-std-vector,6,1048576,256,1,2379000,3531045655943011435
normal-o3,0,8,growth,4096,whitefoot,6,1048576,256,1,2060000,3531045655943011435
normal-o3,0,8,growth,4096,reverse-c,6,1048576,256,1,3239000,3531045655943011435
normal-o3,0,8,growth,4096,direct-c,6,1048576,256,1,2049000,3531045655943011435
normal-o3,0,8,growth,4096,swap-take-c,6,1048576,256,1,2545000,3531045655943011435
normal-o3,0,8,growth,4096,take-swap-c,6,1048576,256,1,2453000,3531045655943011435
normal-o3,0,8,growth,4096,rust-vec,6,1048576,256,1,1928000,3531045655943011435
normal-o3,0,8,reuse,16,whitefoot,0,1048576,65536,1,1253000,1613149332516896869
normal-o3,0,8,reuse,16,reverse-c,0,1048576,65536,1,2274000,1613149332516896869
normal-o3,0,8,reuse,16,direct-c,0,1048576,65536,1,1866000,1613149332516896869
normal-o3,0,8,reuse,16,swap-take-c,0,1048576,65536,1,1927000,1613149332516896869
normal-o3,0,8,reuse,16,take-swap-c,0,1048576,65536,1,1972000,1613149332516896869
normal-o3,0,8,reuse,16,rust-vec,0,1048576,65536,1,1244000,1613149332516896869
normal-o3,0,8,reuse,16,cpp-std-vector,0,1048576,65536,1,2244000,1613149332516896869
normal-o3,0,8,reuse,16,reverse-c,1,1048576,65536,1,2275000,15534383740606742630
normal-o3,0,8,reuse,16,direct-c,1,1048576,65536,1,1818000,15534383740606742630
normal-o3,0,8,reuse,16,swap-take-c,1,1048576,65536,1,1934000,15534383740606742630
normal-o3,0,8,reuse,16,take-swap-c,1,1048576,65536,1,1975000,15534383740606742630
normal-o3,0,8,reuse,16,rust-vec,1,1048576,65536,1,1256000,15534383740606742630
normal-o3,0,8,reuse,16,cpp-std-vector,1,1048576,65536,1,2253000,15534383740606742630
normal-o3,0,8,reuse,16,whitefoot,1,1048576,65536,1,1256000,15534383740606742630
normal-o3,0,8,reuse,16,direct-c,2,1048576,65536,1,1807000,11203551505675976807
normal-o3,0,8,reuse,16,swap-take-c,2,1048576,65536,1,1926000,11203551505675976807
normal-o3,0,8,reuse,16,take-swap-c,2,1048576,65536,1,1999000,11203551505675976807
normal-o3,0,8,reuse,16,rust-vec,2,1048576,65536,1,1285000,11203551505675976807
normal-o3,0,8,reuse,16,cpp-std-vector,2,1048576,65536,1,2102000,11203551505675976807
normal-o3,0,8,reuse,16,whitefoot,2,1048576,65536,1,1224000,11203551505675976807
normal-o3,0,8,reuse,16,reverse-c,2,1048576,65536,1,2271000,11203551505675976807
normal-o3,0,8,reuse,16,swap-take-c,3,1048576,65536,1,1929000,598448321840808040
normal-o3,0,8,reuse,16,take-swap-c,3,1048576,65536,1,1973000,598448321840808040
normal-o3,0,8,reuse,16,rust-vec,3,1048576,65536,1,1234000,598448321840808040
normal-o3,0,8,reuse,16,cpp-std-vector,3,1048576,65536,1,2148000,598448321840808040
normal-o3,0,8,reuse,16,whitefoot,3,1048576,65536,1,1241000,598448321840808040
normal-o3,0,8,reuse,16,reverse-c,3,1048576,65536,1,2284000,598448321840808040
normal-o3,0,8,reuse,16,direct-c,3,1048576,65536,1,1768000,598448321840808040
normal-o3,0,8,reuse,16,take-swap-c,4,1048576,65536,1,1971000,3717605000514633833
normal-o3,0,8,reuse,16,rust-vec,4,1048576,65536,1,1233000,3717605000514633833
normal-o3,0,8,reuse,16,cpp-std-vector,4,1048576,65536,1,2158000,3717605000514633833
normal-o3,0,8,reuse,16,whitefoot,4,1048576,65536,1,1210000,3717605000514633833
normal-o3,0,8,reuse,16,reverse-c,4,1048576,65536,1,2285000,3717605000514633833
normal-o3,0,8,reuse,16,direct-c,4,1048576,65536,1,1770000,3717605000514633833
normal-o3,0,8,reuse,16,swap-take-c,4,1048576,65536,1,1918000,3717605000514633833
normal-o3,0,8,reuse,16,rust-vec,5,1048576,65536,1,1273000,7745013020975693930
normal-o3,0,8,reuse,16,cpp-std-vector,5,1048576,65536,1,2175000,7745013020975693930
normal-o3,0,8,reuse,16,whitefoot,5,1048576,65536,1,1233000,7745013020975693930
normal-o3,0,8,reuse,16,reverse-c,5,1048576,65536,1,2313000,7745013020975693930
normal-o3,0,8,reuse,16,direct-c,5,1048576,65536,1,1746000,7745013020975693930
normal-o3,0,8,reuse,16,swap-take-c,5,1048576,65536,1,1943000,7745013020975693930
normal-o3,0,8,reuse,16,take-swap-c,5,1048576,65536,1,1984000,7745013020975693930
normal-o3,0,8,reuse,16,cpp-std-vector,6,1048576,65536,1,2259000,6351481337365135467
normal-o3,0,8,reuse,16,whitefoot,6,1048576,65536,1,1244000,6351481337365135467
normal-o3,0,8,reuse,16,reverse-c,6,1048576,65536,1,2270000,6351481337365135467
normal-o3,0,8,reuse,16,direct-c,6,1048576,65536,1,1764000,6351481337365135467
normal-o3,0,8,reuse,16,swap-take-c,6,1048576,65536,1,1918000,6351481337365135467
normal-o3,0,8,reuse,16,take-swap-c,6,1048576,65536,1,1965000,6351481337365135467
normal-o3,0,8,reuse,16,rust-vec,6,1048576,65536,1,1229000,6351481337365135467
normal-o3,0,8,reuse,256,whitefoot,0,1048576,4096,1,1538000,1498897996573024357
normal-o3,0,8,reuse,256,reverse-c,0,1048576,4096,1,3084000,1498897996573024357
normal-o3,0,8,reuse,256,direct-c,0,1048576,4096,1,1617000,1498897996573024357
normal-o3,0,8,reuse,256,swap-take-c,0,1048576,4096,1,1967000,1498897996573024357
normal-o3,0,8,reuse,256,take-swap-c,0,1048576,4096,1,2008000,1498897996573024357
normal-o3,0,8,reuse,256,rust-vec,0,1048576,4096,1,1476000,1498897996573024357
normal-o3,0,8,reuse,256,cpp-std-vector,0,1048576,4096,1,2091000,1498897996573024357
normal-o3,0,8,reuse,256,reverse-c,1,1048576,4096,1,3093000,7707534785925595238
normal-o3,0,8,reuse,256,direct-c,1,1048576,4096,1,1543000,7707534785925595238
normal-o3,0,8,reuse,256,swap-take-c,1,1048576,4096,1,1900000,7707534785925595238
normal-o3,0,8,reuse,256,take-swap-c,1,1048576,4096,1,2037000,7707534785925595238
normal-o3,0,8,reuse,256,rust-vec,1,1048576,4096,1,1473000,7707534785925595238
normal-o3,0,8,reuse,256,cpp-std-vector,1,1048576,4096,1,2091000,7707534785925595238
normal-o3,0,8,reuse,256,whitefoot,1,1048576,4096,1,1528000,7707534785925595238
normal-o3,0,8,reuse,256,direct-c,2,1048576,4096,1,1544000,5506079726878842983
normal-o3,0,8,reuse,256,swap-take-c,2,1048576,4096,1,1903000,5506079726878842983
normal-o3,0,8,reuse,256,take-swap-c,2,1048576,4096,1,2043000,5506079726878842983
normal-o3,0,8,reuse,256,rust-vec,2,1048576,4096,1,1482000,5506079726878842983
normal-o3,0,8,reuse,256,cpp-std-vector,2,1048576,4096,1,2034000,5506079726878842983
normal-o3,0,8,reuse,256,whitefoot,2,1048576,4096,1,1586000,5506079726878842983
normal-o3,0,8,reuse,256,reverse-c,2,1048576,4096,1,3099000,5506079726878842983
normal-o3,0,8,reuse,256,swap-take-c,3,1048576,4096,1,1900000,5888291873035911272
normal-o3,0,8,reuse,256,take-swap-c,3,1048576,4096,1,2038000,5888291873035911272
normal-o3,0,8,reuse,256,rust-vec,3,1048576,4096,1,1476000,5888291873035911272
normal-o3,0,8,reuse,256,cpp-std-vector,3,1048576,4096,1,2077000,5888291873035911272
normal-o3,0,8,reuse,256,whitefoot,3,1048576,4096,1,1529000,5888291873035911272
normal-o3,0,8,reuse,256,reverse-c,3,1048576,4096,1,3083000,5888291873035911272
normal-o3,0,8,reuse,256,direct-c,3,1048576,4096,1,1534000,5888291873035911272
normal-o3,0,8,reuse,256,take-swap-c,4,1048576,4096,1,2041000,7512286317303570537
normal-o3,0,8,reuse,256,rust-vec,4,1048576,4096,1,1470000,7512286317303570537
normal-o3,0,8,reuse,256,cpp-std-vector,4,1048576,4096,1,2090000,7512286317303570537
normal-o3,0,8,reuse,256,whitefoot,4,1048576,4096,1,1528000,7512286317303570537
normal-o3,0,8,reuse,256,reverse-c,4,1048576,4096,1,3100000,7512286317303570537
normal-o3,0,8,reuse,256,direct-c,4,1048576,4096,1,1538000,7512286317303570537
normal-o3,0,8,reuse,256,swap-take-c,4,1048576,4096,1,1918000,7512286317303570537
normal-o3,0,8,reuse,256,rust-vec,5,1048576,4096,1,1471000,13357584908658163818
normal-o3,0,8,reuse,256,cpp-std-vector,5,1048576,4096,1,2095000,13357584908658163818
normal-o3,0,8,reuse,256,whitefoot,5,1048576,4096,1,1531000,13357584908658163818
normal-o3,0,8,reuse,256,reverse-c,5,1048576,4096,1,3089000,13357584908658163818
normal-o3,0,8,reuse,256,direct-c,5,1048576,4096,1,1535000,13357584908658163818
normal-o3,0,8,reuse,256,swap-take-c,5,1048576,4096,1,2068000,13357584908658163818
normal-o3,0,8,reuse,256,take-swap-c,5,1048576,4096,1,2020000,13357584908658163818
normal-o3,0,8,reuse,256,cpp-std-vector,6,1048576,4096,1,2091000,10011933332678926443
normal-o3,0,8,reuse,256,whitefoot,6,1048576,4096,1,1528000,10011933332678926443
normal-o3,0,8,reuse,256,reverse-c,6,1048576,4096,1,3092000,10011933332678926443
normal-o3,0,8,reuse,256,direct-c,6,1048576,4096,1,1535000,10011933332678926443
normal-o3,0,8,reuse,256,swap-take-c,6,1048576,4096,1,2044000,10011933332678926443
normal-o3,0,8,reuse,256,take-swap-c,6,1048576,4096,1,1975000,10011933332678926443
normal-o3,0,8,reuse,256,rust-vec,6,1048576,4096,1,1467000,10011933332678926443
normal-o3,0,8,reuse,4096,whitefoot,0,1048576,256,1,1653000,2256710881311081573
normal-o3,0,8,reuse,4096,reverse-c,0,1048576,256,1,2880000,2256710881311081573
normal-o3,0,8,reuse,4096,direct-c,0,1048576,256,1,1616000,2256710881311081573
normal-o3,0,8,reuse,4096,swap-take-c,0,1048576,256,1,2144000,2256710881311081573
normal-o3,0,8,reuse,4096,take-swap-c,0,1048576,256,1,2054000,2256710881311081573
normal-o3,0,8,reuse,4096,rust-vec,0,1048576,256,1,1554000,2256710881311081573
normal-o3,0,8,reuse,4096,cpp-std-vector,0,1048576,256,1,2075000,2256710881311081573
normal-o3,0,8,reuse,4096,reverse-c,1,1048576,256,1,2903000,6904654748820097126
normal-o3,0,8,reuse,4096,direct-c,1,1048576,256,1,1688000,6904654748820097126
normal-o3,0,8,reuse,4096,swap-take-c,1,1048576,256,1,2199000,6904654748820097126
normal-o3,0,8,reuse,4096,take-swap-c,1,1048576,256,1,2033000,6904654748820097126
normal-o3,0,8,reuse,4096,rust-vec,1,1048576,256,1,1501000,6904654748820097126
normal-o3,0,8,reuse,4096,cpp-std-vector,1,1048576,256,1,1999000,6904654748820097126
normal-o3,0,8,reuse,4096,whitefoot,1,1048576,256,1,1663000,6904654748820097126
normal-o3,0,8,reuse,4096,direct-c,2,1048576,256,1,1627000,16426223538089053287
normal-o3,0,8,reuse,4096,swap-take-c,2,1048576,256,1,2113000,16426223538089053287
normal-o3,0,8,reuse,4096,take-swap-c,2,1048576,256,1,2043000,16426223538089053287
normal-o3,0,8,reuse,4096,rust-vec,2,1048576,256,1,1553000,16426223538089053287
normal-o3,0,8,reuse,4096,cpp-std-vector,2,1048576,256,1,2027000,16426223538089053287
normal-o3,0,8,reuse,4096,whitefoot,2,1048576,256,1,1642000,16426223538089053287
normal-o3,0,8,reuse,4096,reverse-c,2,1048576,256,1,2805000,16426223538089053287
normal-o3,0,8,reuse,4096,swap-take-c,3,1048576,256,1,2121000,9531859752620511336
normal-o3,0,8,reuse,4096,take-swap-c,3,1048576,256,1,2025000,9531859752620511336
normal-o3,0,8,reuse,4096,rust-vec,3,1048576,256,1,1501000,9531859752620511336
normal-o3,0,8,reuse,4096,cpp-std-vector,3,1048576,256,1,2078000,9531859752620511336
normal-o3,0,8,reuse,4096,whitefoot,3,1048576,256,1,1635000,9531859752620511336
normal-o3,0,8,reuse,4096,reverse-c,3,1048576,256,1,2802000,9531859752620511336
normal-o3,0,8,reuse,4096,direct-c,3,1048576,256,1,1620000,9531859752620511336
normal-o3,0,8,reuse,4096,take-swap-c,4,1048576,256,1,2023000,14830550356061344873
normal-o3,0,8,reuse,4096,rust-vec,4,1048576,256,1,1498000,14830550356061344873
normal-o3,0,8,reuse,4096,cpp-std-vector,4,1048576,256,1,2006000,14830550356061344873
normal-o3,0,8,reuse,4096,whitefoot,4,1048576,256,1,1639000,14830550356061344873
normal-o3,0,8,reuse,4096,reverse-c,4,1048576,256,1,2822000,14830550356061344873
normal-o3,0,8,reuse,4096,direct-c,4,1048576,256,1,1723000,14830550356061344873
normal-o3,0,8,reuse,4096,swap-take-c,4,1048576,256,1,2209000,14830550356061344873
normal-o3,0,8,reuse,4096,rust-vec,5,1048576,256,1,1591000,11014393161628833898
normal-o3,0,8,reuse,4096,cpp-std-vector,5,1048576,256,1,2125000,11014393161628833898
normal-o3,0,8,reuse,4096,whitefoot,5,1048576,256,1,1709000,11014393161628833898
normal-o3,0,8,reuse,4096,reverse-c,5,1048576,256,1,2953000,11014393161628833898
normal-o3,0,8,reuse,4096,direct-c,5,1048576,256,1,1733000,11014393161628833898
normal-o3,0,8,reuse,4096,swap-take-c,5,1048576,256,1,2281000,11014393161628833898
normal-o3,0,8,reuse,4096,take-swap-c,5,1048576,256,1,2171000,11014393161628833898
normal-o3,0,8,reuse,4096,cpp-std-vector,6,1048576,256,1,2115000,3531045655943011435
normal-o3,0,8,reuse,4096,whitefoot,6,1048576,256,1,1690000,3531045655943011435
normal-o3,0,8,reuse,4096,reverse-c,6,1048576,256,1,2896000,3531045655943011435
normal-o3,0,8,reuse,4096,direct-c,6,1048576,256,1,1696000,3531045655943011435
normal-o3,0,8,reuse,4096,swap-take-c,6,1048576,256,1,2188000,3531045655943011435
normal-o3,0,8,reuse,4096,take-swap-c,6,1048576,256,1,2142000,3531045655943011435
normal-o3,0,8,reuse,4096,rust-vec,6,1048576,256,1,1595000,3531045655943011435
normal-o3,0,8,suffix-0,16,whitefoot,0,1048576,1048576,1,1026000,1953714321357298
normal-o3,0,8,suffix-0,16,reverse-c,0,1048576,1048576,1,1047000,1953714321357298
normal-o3,0,8,suffix-0,16,direct-c,0,1048576,1048576,1,2866000,1953714321357298
normal-o3,0,8,suffix-0,16,swap-take-c,0,1048576,1048576,1,2937000,1953714321357298
normal-o3,0,8,suffix-0,16,take-swap-c,0,1048576,1048576,1,1048000,1953714321357298
normal-o3,0,8,suffix-0,16,rust-vec,0,1048576,1048576,1,1023000,1953714321357298
normal-o3,0,8,suffix-0,16,cpp-std-vector,0,1048576,1048576,1,1009000,1953714321357298
normal-o3,0,8,suffix-0,16,reverse-c,1,1048576,1048576,1,1017000,7188693379551418836
normal-o3,0,8,suffix-0,16,direct-c,1,1048576,1048576,1,2924000,7188693379551418836
normal-o3,0,8,suffix-0,16,swap-take-c,1,1048576,1048576,1,2921000,7188693379551418836
normal-o3,0,8,suffix-0,16,take-swap-c,1,1048576,1048576,1,980000,7188693379551418836
normal-o3,0,8,suffix-0,16,rust-vec,1,1048576,1048576,1,986000,7188693379551418836
normal-o3,0,8,suffix-0,16,cpp-std-vector,1,1048576,1048576,1,980000,7188693379551418836
normal-o3,0,8,suffix-0,16,whitefoot,1,1048576,1048576,1,989000,7188693379551418836
normal-o3,0,8,suffix-0,16,direct-c,2,1048576,1048576,1,2769000,14375433044781480374
normal-o3,0,8,suffix-0,16,swap-take-c,2,1048576,1048576,1,2785000,14375433044781480374
normal-o3,0,8,suffix-0,16,take-swap-c,2,1048576,1048576,1,980000,14375433044781480374
normal-o3,0,8,suffix-0,16,rust-vec,2,1048576,1048576,1,1015000,14375433044781480374
normal-o3,0,8,suffix-0,16,cpp-std-vector,2,1048576,1048576,1,1024000,14375433044781480374
normal-o3,0,8,suffix-0,16,whitefoot,2,1048576,1048576,1,985000,14375433044781480374
normal-o3,0,8,suffix-0,16,reverse-c,2,1048576,1048576,1,978000,14375433044781480374
normal-o3,0,8,suffix-0,16,swap-take-c,3,1048576,1048576,1,2799000,3115428636301990296
normal-o3,0,8,suffix-0,16,take-swap-c,3,1048576,1048576,1,990000,3115428636301990296
normal-o3,0,8,suffix-0,16,rust-vec,3,1048576,1048576,1,992000,3115428636301990296
normal-o3,0,8,suffix-0,16,cpp-std-vector,3,1048576,1048576,1,982000,3115428636301990296
normal-o3,0,8,suffix-0,16,whitefoot,3,1048576,1048576,1,1010000,3115428636301990296
normal-o3,0,8,suffix-0,16,reverse-c,3,1048576,1048576,1,982000,3115428636301990296
normal-o3,0,8,suffix-0,16,direct-c,3,1048576,1048576,1,2770000,3115428636301990296
normal-o3,0,8,suffix-0,16,take-swap-c,4,1048576,1048576,1,989000,10302168301532051834
normal-o3,0,8,suffix-0,16,rust-vec,4,1048576,1048576,1,1010000,10302168301532051834
normal-o3,0,8,suffix-0,16,cpp-std-vector,4,1048576,1048576,1,982000,10302168301532051834
normal-o3,0,8,suffix-0,16,whitefoot,4,1048576,1048576,1,980000,10302168301532051834
normal-o3,0,8,suffix-0,16,reverse-c,4,1048576,1048576,1,985000,10302168301532051834
normal-o3,0,8,suffix-0,16,direct-c,4,1048576,1048576,1,2772000,10302168301532051834
normal-o3,0,8,suffix-0,16,swap-take-c,4,1048576,1048576,1,2804000,10302168301532051834
normal-o3,0,8,suffix-0,16,rust-vec,5,1048576,1048576,1,983000,17488907966762113372
normal-o3,0,8,suffix-0,16,cpp-std-vector,5,1048576,1048576,1,979000,17488907966762113372
normal-o3,0,8,suffix-0,16,whitefoot,5,1048576,1048576,1,979000,17488907966762113372
normal-o3,0,8,suffix-0,16,reverse-c,5,1048576,1048576,1,983000,17488907966762113372
normal-o3,0,8,suffix-0,16,direct-c,5,1048576,1048576,1,2764000,17488907966762113372
normal-o3,0,8,suffix-0,16,swap-take-c,5,1048576,1048576,1,2868000,17488907966762113372
normal-o3,0,8,suffix-0,16,take-swap-c,5,1048576,1048576,1,991000,17488907966762113372
normal-o3,0,8,suffix-0,16,cpp-std-vector,6,1048576,1048576,1,986000,6228903558282623294
normal-o3,0,8,suffix-0,16,whitefoot,6,1048576,1048576,1,988000,6228903558282623294
normal-o3,0,8,suffix-0,16,reverse-c,6,1048576,1048576,1,992000,6228903558282623294
normal-o3,0,8,suffix-0,16,direct-c,6,1048576,1048576,1,2763000,6228903558282623294
normal-o3,0,8,suffix-0,16,swap-take-c,6,1048576,1048576,1,2778000,6228903558282623294
normal-o3,0,8,suffix-0,16,take-swap-c,6,1048576,1048576,1,991000,6228903558282623294
normal-o3,0,8,suffix-0,16,rust-vec,6,1048576,1048576,1,987000,6228903558282623294
normal-o3,0,8,suffix-0,256,whitefoot,0,1048576,1048576,1,981000,17116383760326379594
normal-o3,0,8,suffix-0,256,reverse-c,0,1048576,1048576,1,985000,17116383760326379594
normal-o3,0,8,suffix-0,256,direct-c,0,1048576,1048576,1,2782000,17116383760326379594
normal-o3,0,8,suffix-0,256,swap-take-c,0,1048576,1048576,1,2770000,17116383760326379594
normal-o3,0,8,suffix-0,256,take-swap-c,0,1048576,1048576,1,988000,17116383760326379594
normal-o3,0,8,suffix-0,256,rust-vec,0,1048576,1048576,1,984000,17116383760326379594
normal-o3,0,8,suffix-0,256,cpp-std-vector,0,1048576,1048576,1,979000,17116383760326379594
normal-o3,0,8,suffix-0,256,reverse-c,1,1048576,1048576,1,980000,18422461136700962636
normal-o3,0,8,suffix-0,256,direct-c,1,1048576,1048576,1,2763000,18422461136700962636
normal-o3,0,8,suffix-0,256,swap-take-c,1,1048576,1048576,1,2769000,18422461136700962636
normal-o3,0,8,suffix-0,256,take-swap-c,1,1048576,1048576,1,1002000,18422461136700962636
normal-o3,0,8,suffix-0,256,rust-vec,1,1048576,1048576,1,1071000,18422461136700962636
normal-o3,0,8,suffix-0,256,cpp-std-vector,1,1048576,1048576,1,1049000,18422461136700962636
normal-o3,0,8,suffix-0,256,whitefoot,1,1048576,1048576,1,1011000,18422461136700962636
normal-o3,0,8,suffix-0,256,direct-c,2,1048576,1048576,1,2858000,1281794439365994062
normal-o3,0,8,suffix-0,256,swap-take-c,2,1048576,1048576,1,2798000,1281794439365994062
normal-o3,0,8,suffix-0,256,take-swap-c,2,1048576,1048576,1,994000,1281794439365994062
normal-o3,0,8,suffix-0,256,rust-vec,2,1048576,1048576,1,995000,1281794439365994062
normal-o3,0,8,suffix-0,256,cpp-std-vector,2,1048576,1048576,1,1008000,1281794439365994062
normal-o3,0,8,suffix-0,256,whitefoot,2,1048576,1048576,1,981000,1281794439365994062
normal-o3,0,8,suffix-0,256,reverse-c,2,1048576,1048576,1,984000,1281794439365994062
normal-o3,0,8,suffix-0,256,swap-take-c,3,1048576,1048576,1,2794000,2587871815740577104
normal-o3,0,8,suffix-0,256,take-swap-c,3,1048576,1048576,1,988000,2587871815740577104
normal-o3,0,8,suffix-0,256,rust-vec,3,1048576,1048576,1,985000,2587871815740577104
normal-o3,0,8,suffix-0,256,cpp-std-vector,3,1048576,1048576,1,981000,2587871815740577104
normal-o3,0,8,suffix-0,256,whitefoot,3,1048576,1048576,1,983000,2587871815740577104
normal-o3,0,8,suffix-0,256,reverse-c,3,1048576,1048576,1,985000,2587871815740577104
normal-o3,0,8,suffix-0,256,direct-c,3,1048576,1048576,1,2776000,2587871815740577104
normal-o3,0,8,suffix-0,256,take-swap-c,4,1048576,1048576,1,978000,3893949192115160146
normal-o3,0,8,suffix-0,256,rust-vec,4,1048576,1048576,1,985000,3893949192115160146
normal-o3,0,8,suffix-0,256,cpp-std-vector,4,1048576,1048576,1,981000,3893949192115160146
normal-o3,0,8,suffix-0,256,whitefoot,4,1048576,1048576,1,985000,3893949192115160146
normal-o3,0,8,suffix-0,256,reverse-c,4,1048576,1048576,1,985000,3893949192115160146
normal-o3,0,8,suffix-0,256,direct-c,4,1048576,1048576,1,2764000,3893949192115160146
normal-o3,0,8,suffix-0,256,swap-take-c,4,1048576,1048576,1,2829000,3893949192115160146
normal-o3,0,8,suffix-0,256,rust-vec,5,1048576,1048576,1,991000,5200026568489743188
normal-o3,0,8,suffix-0,256,cpp-std-vector,5,1048576,1048576,1,983000,5200026568489743188
normal-o3,0,8,suffix-0,256,whitefoot,5,1048576,1048576,1,984000,5200026568489743188
normal-o3,0,8,suffix-0,256,reverse-c,5,1048576,1048576,1,980000,5200026568489743188
normal-o3,0,8,suffix-0,256,direct-c,5,1048576,1048576,1,2771000,5200026568489743188
normal-o3,0,8,suffix-0,256,swap-take-c,5,1048576,1048576,1,2839000,5200026568489743188
normal-o3,0,8,suffix-0,256,take-swap-c,5,1048576,1048576,1,990000,5200026568489743188
normal-o3,0,8,suffix-0,256,cpp-std-vector,6,1048576,1048576,1,985000,6506103944864326230
normal-o3,0,8,suffix-0,256,whitefoot,6,1048576,1048576,1,985000,6506103944864326230
normal-o3,0,8,suffix-0,256,reverse-c,6,1048576,1048576,1,983000,6506103944864326230
normal-o3,0,8,suffix-0,256,direct-c,6,1048576,1048576,1,2767000,6506103944864326230
normal-o3,0,8,suffix-0,256,swap-take-c,6,1048576,1048576,1,2863000,6506103944864326230
normal-o3,0,8,suffix-0,256,take-swap-c,6,1048576,1048576,1,977000,6506103944864326230
normal-o3,0,8,suffix-0,256,rust-vec,6,1048576,1048576,1,990000,6506103944864326230
normal-o3,0,8,suffix-0,4096,whitefoot,0,1048576,1048576,1,985000,4677669742816693706
normal-o3,0,8,suffix-0,4096,reverse-c,0,1048576,1048576,1,992000,4677669742816693706
normal-o3,0,8,suffix-0,4096,direct-c,0,1048576,1048576,1,2772000,4677669742816693706
normal-o3,0,8,suffix-0,4096,swap-take-c,0,1048576,1048576,1,2739000,4677669742816693706
normal-o3,0,8,suffix-0,4096,take-swap-c,0,1048576,1048576,1,1037000,4677669742816693706
normal-o3,0,8,suffix-0,4096,rust-vec,0,1048576,1048576,1,1028000,4677669742816693706
normal-o3,0,8,suffix-0,4096,cpp-std-vector,0,1048576,1048576,1,986000,4677669742816693706
normal-o3,0,8,suffix-0,4096,reverse-c,1,1048576,1048576,1,988000,3271637737093033676
normal-o3,0,8,suffix-0,4096,direct-c,1,1048576,1048576,1,2767000,3271637737093033676
normal-o3,0,8,suffix-0,4096,swap-take-c,1,1048576,1048576,1,2864000,3271637737093033676
normal-o3,0,8,suffix-0,4096,take-swap-c,1,1048576,1048576,1,1027000,3271637737093033676
normal-o3,0,8,suffix-0,4096,rust-vec,1,1048576,1048576,1,1050000,3271637737093033676
normal-o3,0,8,suffix-0,4096,cpp-std-vector,1,1048576,1048576,1,1027000,3271637737093033676
normal-o3,0,8,suffix-0,4096,whitefoot,1,1048576,1048576,1,1028000,3271637737093033676
normal-o3,0,8,suffix-0,4096,direct-c,2,1048576,1048576,1,2855000,1865605731369373646
normal-o3,0,8,suffix-0,4096,swap-take-c,2,1048576,1048576,1,2915000,1865605731369373646
normal-o3,0,8,suffix-0,4096,take-swap-c,2,1048576,1048576,1,1004000,1865605731369373646
normal-o3,0,8,suffix-0,4096,rust-vec,2,1048576,1048576,1,991000,1865605731369373646
normal-o3,0,8,suffix-0,4096,cpp-std-vector,2,1048576,1048576,1,992000,1865605731369373646
normal-o3,0,8,suffix-0,4096,whitefoot,2,1048576,1048576,1,987000,1865605731369373646
normal-o3,0,8,suffix-0,4096,reverse-c,2,1048576,1048576,1,987000,1865605731369373646
normal-o3,0,8,suffix-0,4096,swap-take-c,3,1048576,1048576,1,2744000,459573725645713616
normal-o3,0,8,suffix-0,4096,take-swap-c,3,1048576,1048576,1,991000,459573725645713616
normal-o3,0,8,suffix-0,4096,rust-vec,3,1048576,1048576,1,990000,459573725645713616
normal-o3,0,8,suffix-0,4096,cpp-std-vector,3,1048576,1048576,1,990000,459573725645713616
normal-o3,0,8,suffix-0,4096,whitefoot,3,1048576,1048576,1,985000,459573725645713616
normal-o3,0,8,suffix-0,4096,reverse-c,3,1048576,1048576,1,999000,459573725645713616
normal-o3,0,8,suffix-0,4096,direct-c,3,1048576,1048576,1,2851000,459573725645713616
normal-o3,0,8,suffix-0,4096,take-swap-c,4,1048576,1048576,1,999000,17500285793631605202
normal-o3,0,8,suffix-0,4096,rust-vec,4,1048576,1048576,1,989000,17500285793631605202
normal-o3,0,8,suffix-0,4096,cpp-std-vector,4,1048576,1048576,1,987000,17500285793631605202
normal-o3,0,8,suffix-0,4096,whitefoot,4,1048576,1048576,1,1000000,17500285793631605202
normal-o3,0,8,suffix-0,4096,reverse-c,4,1048576,1048576,1,996000,17500285793631605202
normal-o3,0,8,suffix-0,4096,direct-c,4,1048576,1048576,1,2784000,17500285793631605202
normal-o3,0,8,suffix-0,4096,swap-take-c,4,1048576,1048576,1,2799000,17500285793631605202
normal-o3,0,8,suffix-0,4096,rust-vec,5,1048576,1048576,1,1000000,16094253787907945172
normal-o3,0,8,suffix-0,4096,cpp-std-vector,5,1048576,1048576,1,987000,16094253787907945172
normal-o3,0,8,suffix-0,4096,whitefoot,5,1048576,1048576,1,984000,16094253787907945172
normal-o3,0,8,suffix-0,4096,reverse-c,5,1048576,1048576,1,986000,16094253787907945172
normal-o3,0,8,suffix-0,4096,direct-c,5,1048576,1048576,1,2782000,16094253787907945172
normal-o3,0,8,suffix-0,4096,swap-take-c,5,1048576,1048576,1,2771000,16094253787907945172
normal-o3,0,8,suffix-0,4096,take-swap-c,5,1048576,1048576,1,993000,16094253787907945172
normal-o3,0,8,suffix-0,4096,cpp-std-vector,6,1048576,1048576,1,990000,14688221782184285142
normal-o3,0,8,suffix-0,4096,whitefoot,6,1048576,1048576,1,987000,14688221782184285142
normal-o3,0,8,suffix-0,4096,reverse-c,6,1048576,1048576,1,988000,14688221782184285142
normal-o3,0,8,suffix-0,4096,direct-c,6,1048576,1048576,1,2775000,14688221782184285142
normal-o3,0,8,suffix-0,4096,swap-take-c,6,1048576,1048576,1,2802000,14688221782184285142
normal-o3,0,8,suffix-0,4096,take-swap-c,6,1048576,1048576,1,1010000,14688221782184285142
normal-o3,0,8,suffix-0,4096,rust-vec,6,1048576,1048576,1,1027000,14688221782184285142
normal-o3,0,8,suffix-1,16,whitefoot,0,1048576,1048576,1,2839000,929898191272797080
normal-o3,0,8,suffix-1,16,reverse-c,0,1048576,1048576,1,3250000,929898191272797080
normal-o3,0,8,suffix-1,16,direct-c,0,1048576,1048576,1,2788000,929898191272797080
normal-o3,0,8,suffix-1,16,swap-take-c,0,1048576,1048576,1,3378000,929898191272797080
normal-o3,0,8,suffix-1,16,take-swap-c,0,1048576,1048576,1,3267000,929898191272797080
normal-o3,0,8,suffix-1,16,rust-vec,0,1048576,1048576,1,1546000,929898191272797080
normal-o3,0,8,suffix-1,16,cpp-std-vector,0,1048576,1048576,1,2927000,929898191272797080
normal-o3,0,8,suffix-1,16,reverse-c,1,1048576,1048576,1,3239000,4026886324240061497
normal-o3,0,8,suffix-1,16,direct-c,1,1048576,1048576,1,2859000,4026886324240061497
normal-o3,0,8,suffix-1,16,swap-take-c,1,1048576,1048576,1,3383000,4026886324240061497
normal-o3,0,8,suffix-1,16,take-swap-c,1,1048576,1048576,1,3243000,4026886324240061497
normal-o3,0,8,suffix-1,16,rust-vec,1,1048576,1048576,1,1546000,4026886324240061497
normal-o3,0,8,suffix-1,16,cpp-std-vector,1,1048576,1048576,1,2941000,4026886324240061497
normal-o3,0,8,suffix-1,16,whitefoot,1,1048576,1048576,1,2848000,4026886324240061497
normal-o3,0,8,suffix-1,16,direct-c,2,1048576,1048576,1,2791000,7123874457207325914
normal-o3,0,8,suffix-1,16,swap-take-c,2,1048576,1048576,1,3387000,7123874457207325914
normal-o3,0,8,suffix-1,16,take-swap-c,2,1048576,1048576,1,3273000,7123874457207325914
normal-o3,0,8,suffix-1,16,rust-vec,2,1048576,1048576,1,1586000,7123874457207325914
normal-o3,0,8,suffix-1,16,cpp-std-vector,2,1048576,1048576,1,2932000,7123874457207325914
normal-o3,0,8,suffix-1,16,whitefoot,2,1048576,1048576,1,2955000,7123874457207325914
normal-o3,0,8,suffix-1,16,reverse-c,2,1048576,1048576,1,3235000,7123874457207325914
normal-o3,0,8,suffix-1,16,swap-take-c,3,1048576,1048576,1,3378000,10220862590174590331
normal-o3,0,8,suffix-1,16,take-swap-c,3,1048576,1048576,1,3248000,10220862590174590331
normal-o3,0,8,suffix-1,16,rust-vec,3,1048576,1048576,1,1546000,10220862590174590331
normal-o3,0,8,suffix-1,16,cpp-std-vector,3,1048576,1048576,1,2927000,10220862590174590331
normal-o3,0,8,suffix-1,16,whitefoot,3,1048576,1048576,1,2858000,10220862590174590331
normal-o3,0,8,suffix-1,16,reverse-c,3,1048576,1048576,1,3234000,10220862590174590331
normal-o3,0,8,suffix-1,16,direct-c,3,1048576,1048576,1,2784000,10220862590174590331
normal-o3,0,8,suffix-1,16,take-swap-c,4,1048576,1048576,1,3283000,13317850723141854748
normal-o3,0,8,suffix-1,16,rust-vec,4,1048576,1048576,1,1570000,13317850723141854748
normal-o3,0,8,suffix-1,16,cpp-std-vector,4,1048576,1048576,1,2927000,13317850723141854748
normal-o3,0,8,suffix-1,16,whitefoot,4,1048576,1048576,1,2848000,13317850723141854748
normal-o3,0,8,suffix-1,16,reverse-c,4,1048576,1048576,1,3242000,13317850723141854748
normal-o3,0,8,suffix-1,16,direct-c,4,1048576,1048576,1,2784000,13317850723141854748
normal-o3,0,8,suffix-1,16,swap-take-c,4,1048576,1048576,1,3373000,13317850723141854748
normal-o3,0,8,suffix-1,16,rust-vec,5,1048576,1048576,1,1547000,16414838856109119165
normal-o3,0,8,suffix-1,16,cpp-std-vector,5,1048576,1048576,1,2927000,16414838856109119165
normal-o3,0,8,suffix-1,16,whitefoot,5,1048576,1048576,1,2893000,16414838856109119165
normal-o3,0,8,suffix-1,16,reverse-c,5,1048576,1048576,1,3252000,16414838856109119165
normal-o3,0,8,suffix-1,16,direct-c,5,1048576,1048576,1,2783000,16414838856109119165
normal-o3,0,8,suffix-1,16,swap-take-c,5,1048576,1048576,1,3440000,16414838856109119165
normal-o3,0,8,suffix-1,16,take-swap-c,5,1048576,1048576,1,3217000,16414838856109119165
normal-o3,0,8,suffix-1,16,cpp-std-vector,6,1048576,1048576,1,2928000,1065082915366831966
normal-o3,0,8,suffix-1,16,whitefoot,6,1048576,1048576,1,2893000,1065082915366831966
normal-o3,0,8,suffix-1,16,reverse-c,6,1048576,1048576,1,3238000,1065082915366831966
normal-o3,0,8,suffix-1,16,direct-c,6,1048576,1048576,1,2790000,1065082915366831966
normal-o3,0,8,suffix-1,16,swap-take-c,6,1048576,1048576,1,3383000,1065082915366831966
normal-o3,0,8,suffix-1,16,take-swap-c,6,1048576,1048576,1,3218000,1065082915366831966
normal-o3,0,8,suffix-1,16,rust-vec,6,1048576,1048576,1,1546000,1065082915366831966
normal-o3,0,8,suffix-1,256,whitefoot,0,1048576,1048576,1,2984000,14065998348325884944
normal-o3,0,8,suffix-1,256,reverse-c,0,1048576,1048576,1,3238000,14065998348325884944
normal-o3,0,8,suffix-1,256,direct-c,0,1048576,1048576,1,2805000,14065998348325884944
normal-o3,0,8,suffix-1,256,swap-take-c,0,1048576,1048576,1,3371000,14065998348325884944
normal-o3,0,8,suffix-1,256,take-swap-c,0,1048576,1048576,1,3249000,14065998348325884944
normal-o3,0,8,suffix-1,256,rust-vec,0,1048576,1048576,1,1558000,14065998348325884944
normal-o3,0,8,suffix-1,256,cpp-std-vector,0,1048576,1048576,1,2957000,14065998348325884944
normal-o3,0,8,suffix-1,256,reverse-c,1,1048576,1048576,1,3254000,5008019667339890449
normal-o3,0,8,suffix-1,256,direct-c,1,1048576,1048576,1,2788000,5008019667339890449
normal-o3,0,8,suffix-1,256,swap-take-c,1,1048576,1048576,1,3374000,5008019667339890449
normal-o3,0,8,suffix-1,256,take-swap-c,1,1048576,1048576,1,3321000,5008019667339890449
normal-o3,0,8,suffix-1,256,rust-vec,1,1048576,1048576,1,1552000,5008019667339890449
normal-o3,0,8,suffix-1,256,cpp-std-vector,1,1048576,1048576,1,2925000,5008019667339890449
normal-o3,0,8,suffix-1,256,whitefoot,1,1048576,1048576,1,2858000,5008019667339890449
normal-o3,0,8,suffix-1,256,direct-c,2,1048576,1048576,1,2786000,14396785060063447570
normal-o3,0,8,suffix-1,256,swap-take-c,2,1048576,1048576,1,3392000,14396785060063447570
normal-o3,0,8,suffix-1,256,take-swap-c,2,1048576,1048576,1,3269000,14396785060063447570
normal-o3,0,8,suffix-1,256,rust-vec,2,1048576,1048576,1,1548000,14396785060063447570
normal-o3,0,8,suffix-1,256,cpp-std-vector,2,1048576,1048576,1,2926000,14396785060063447570
normal-o3,0,8,suffix-1,256,whitefoot,2,1048576,1048576,1,2847000,14396785060063447570
normal-o3,0,8,suffix-1,256,reverse-c,2,1048576,1048576,1,3245000,14396785060063447570
normal-o3,0,8,suffix-1,256,swap-take-c,3,1048576,1048576,1,3402000,5338806379077453075
normal-o3,0,8,suffix-1,256,take-swap-c,3,1048576,1048576,1,3271000,5338806379077453075
normal-o3,0,8,suffix-1,256,rust-vec,3,1048576,1048576,1,1588000,5338806379077453075
normal-o3,0,8,suffix-1,256,cpp-std-vector,3,1048576,1048576,1,3059000,5338806379077453075
normal-o3,0,8,suffix-1,256,whitefoot,3,1048576,1048576,1,2868000,5338806379077453075
normal-o3,0,8,suffix-1,256,reverse-c,3,1048576,1048576,1,3281000,5338806379077453075
normal-o3,0,8,suffix-1,256,direct-c,3,1048576,1048576,1,2809000,5338806379077453075
normal-o3,0,8,suffix-1,256,take-swap-c,4,1048576,1048576,1,3272000,14727571771801010196
normal-o3,0,8,suffix-1,256,rust-vec,4,1048576,1048576,1,1558000,14727571771801010196
normal-o3,0,8,suffix-1,256,cpp-std-vector,4,1048576,1048576,1,2948000,14727571771801010196
normal-o3,0,8,suffix-1,256,whitefoot,4,1048576,1048576,1,2847000,14727571771801010196
normal-o3,0,8,suffix-1,256,reverse-c,4,1048576,1048576,1,3268000,14727571771801010196
normal-o3,0,8,suffix-1,256,direct-c,4,1048576,1048576,1,2795000,14727571771801010196
normal-o3,0,8,suffix-1,256,swap-take-c,4,1048576,1048576,1,3387000,14727571771801010196
normal-o3,0,8,suffix-1,256,rust-vec,5,1048576,1048576,1,1567000,5669593090815015701
normal-o3,0,8,suffix-1,256,cpp-std-vector,5,1048576,1048576,1,3004000,5669593090815015701
normal-o3,0,8,suffix-1,256,whitefoot,5,1048576,1048576,1,2905000,5669593090815015701
normal-o3,0,8,suffix-1,256,reverse-c,5,1048576,1048576,1,3248000,5669593090815015701
normal-o3,0,8,suffix-1,256,direct-c,5,1048576,1048576,1,2788000,5669593090815015701
normal-o3,0,8,suffix-1,256,swap-take-c,5,1048576,1048576,1,3392000,5669593090815015701
normal-o3,0,8,suffix-1,256,take-swap-c,5,1048576,1048576,1,3241000,5669593090815015701
normal-o3,0,8,suffix-1,256,cpp-std-vector,6,1048576,1048576,1,2926000,15058358483538572822
normal-o3,0,8,suffix-1,256,whitefoot,6,1048576,1048576,1,2860000,15058358483538572822
normal-o3,0,8,suffix-1,256,reverse-c,6,1048576,1048576,1,3241000,15058358483538572822
normal-o3,0,8,suffix-1,256,direct-c,6,1048576,1048576,1,2798000,15058358483538572822
normal-o3,0,8,suffix-1,256,swap-take-c,6,1048576,1048576,1,3379000,15058358483538572822
normal-o3,0,8,suffix-1,256,take-swap-c,6,1048576,1048576,1,3252000,15058358483538572822
normal-o3,0,8,suffix-1,256,rust-vec,6,1048576,1048576,1,1544000,15058358483538572822
normal-o3,0,8,suffix-1,4096,whitefoot,0,1048576,1048576,1,2951000,7456520226923789200
normal-o3,0,8,suffix-1,4096,reverse-c,0,1048576,1048576,1,3340000,7456520226923789200
normal-o3,0,8,suffix-1,4096,direct-c,0,1048576,1048576,1,2931000,7456520226923789200
normal-o3,0,8,suffix-1,4096,swap-take-c,0,1048576,1048576,1,3486000,7456520226923789200
normal-o3,0,8,suffix-1,4096,take-swap-c,0,1048576,1048576,1,3348000,7456520226923789200
normal-o3,0,8,suffix-1,4096,rust-vec,0,1048576,1048576,1,1602000,7456520226923789200
normal-o3,0,8,suffix-1,4096,cpp-std-vector,0,1048576,1048576,1,3057000,7456520226923789200
normal-o3,0,8,suffix-1,4096,reverse-c,1,1048576,1048576,1,3239000,12459322446616091793
normal-o3,0,8,suffix-1,4096,direct-c,1,1048576,1048576,1,2811000,12459322446616091793
normal-o3,0,8,suffix-1,4096,swap-take-c,1,1048576,1048576,1,3381000,12459322446616091793
normal-o3,0,8,suffix-1,4096,take-swap-c,1,1048576,1048576,1,3285000,12459322446616091793
normal-o3,0,8,suffix-1,4096,rust-vec,1,1048576,1048576,1,1551000,12459322446616091793
normal-o3,0,8,suffix-1,4096,cpp-std-vector,1,1048576,1048576,1,2965000,12459322446616091793
normal-o3,0,8,suffix-1,4096,whitefoot,1,1048576,1048576,1,2959000,12459322446616091793
normal-o3,0,8,suffix-1,4096,direct-c,2,1048576,1048576,1,2819000,17462124666308394386
normal-o3,0,8,suffix-1,4096,swap-take-c,2,1048576,1048576,1,3383000,17462124666308394386
normal-o3,0,8,suffix-1,4096,take-swap-c,2,1048576,1048576,1,3250000,17462124666308394386
normal-o3,0,8,suffix-1,4096,rust-vec,2,1048576,1048576,1,1557000,17462124666308394386
normal-o3,0,8,suffix-1,4096,cpp-std-vector,2,1048576,1048576,1,2951000,17462124666308394386
normal-o3,0,8,suffix-1,4096,whitefoot,2,1048576,1048576,1,2883000,17462124666308394386
normal-o3,0,8,suffix-1,4096,reverse-c,2,1048576,1048576,1,3258000,17462124666308394386
normal-o3,0,8,suffix-1,4096,swap-take-c,3,1048576,1048576,1,3379000,4018182812291145363
normal-o3,0,8,suffix-1,4096,take-swap-c,3,1048576,1048576,1,3339000,4018182812291145363
normal-o3,0,8,suffix-1,4096,rust-vec,3,1048576,1048576,1,1552000,4018182812291145363
normal-o3,0,8,suffix-1,4096,cpp-std-vector,3,1048576,1048576,1,2932000,4018182812291145363
normal-o3,0,8,suffix-1,4096,whitefoot,3,1048576,1048576,1,2849000,4018182812291145363
normal-o3,0,8,suffix-1,4096,reverse-c,3,1048576,1048576,1,3254000,4018182812291145363
normal-o3,0,8,suffix-1,4096,direct-c,3,1048576,1048576,1,2793000,4018182812291145363
normal-o3,0,8,suffix-1,4096,take-swap-c,4,1048576,1048576,1,3260000,9020985031983447956
normal-o3,0,8,suffix-1,4096,rust-vec,4,1048576,1048576,1,1551000,9020985031983447956
normal-o3,0,8,suffix-1,4096,cpp-std-vector,4,1048576,1048576,1,2935000,9020985031983447956
normal-o3,0,8,suffix-1,4096,whitefoot,4,1048576,1048576,1,2899000,9020985031983447956
normal-o3,0,8,suffix-1,4096,reverse-c,4,1048576,1048576,1,3246000,9020985031983447956
normal-o3,0,8,suffix-1,4096,direct-c,4,1048576,1048576,1,2855000,9020985031983447956
normal-o3,0,8,suffix-1,4096,swap-take-c,4,1048576,1048576,1,3436000,9020985031983447956
normal-o3,0,8,suffix-1,4096,rust-vec,5,1048576,1048576,1,1552000,14023787251675750549
normal-o3,0,8,suffix-1,4096,cpp-std-vector,5,1048576,1048576,1,2944000,14023787251675750549
normal-o3,0,8,suffix-1,4096,whitefoot,5,1048576,1048576,1,2849000,14023787251675750549
normal-o3,0,8,suffix-1,4096,reverse-c,5,1048576,1048576,1,3242000,14023787251675750549
normal-o3,0,8,suffix-1,4096,direct-c,5,1048576,1048576,1,2799000,14023787251675750549
normal-o3,0,8,suffix-1,4096,swap-take-c,5,1048576,1048576,1,3387000,14023787251675750549
normal-o3,0,8,suffix-1,4096,take-swap-c,5,1048576,1048576,1,3279000,14023787251675750549
normal-o3,0,8,suffix-1,4096,cpp-std-vector,6,1048576,1048576,1,2945000,579845397658501526
normal-o3,0,8,suffix-1,4096,whitefoot,6,1048576,1048576,1,2979000,579845397658501526
normal-o3,0,8,suffix-1,4096,reverse-c,6,1048576,1048576,1,3242000,579845397658501526
normal-o3,0,8,suffix-1,4096,direct-c,6,1048576,1048576,1,2796000,579845397658501526
normal-o3,0,8,suffix-1,4096,swap-take-c,6,1048576,1048576,1,3387000,579845397658501526
normal-o3,0,8,suffix-1,4096,take-swap-c,6,1048576,1048576,1,3286000,579845397658501526
normal-o3,0,8,suffix-1,4096,rust-vec,6,1048576,1048576,1,1549000,579845397658501526
normal-o3,0,8,suffix-2,16,whitefoot,0,1048576,524288,1,1736000,1685092048726590629
normal-o3,0,8,suffix-2,16,reverse-c,0,1048576,524288,1,3206000,1685092048726590629
normal-o3,0,8,suffix-2,16,direct-c,0,1048576,524288,1,1463000,1685092048726590629
normal-o3,0,8,suffix-2,16,swap-take-c,0,1048576,524288,1,2797000,1685092048726590629
normal-o3,0,8,suffix-2,16,take-swap-c,0,1048576,524288,1,3188000,1685092048726590629
normal-o3,0,8,suffix-2,16,rust-vec,0,1048576,524288,1,1340000,1685092048726590629
normal-o3,0,8,suffix-2,16,cpp-std-vector,0,1048576,524288,1,1694000,1685092048726590629
normal-o3,0,8,suffix-2,16,reverse-c,1,1048576,524288,1,3238000,5769615109122455387
normal-o3,0,8,suffix-2,16,direct-c,1,1048576,524288,1,1460000,5769615109122455387
normal-o3,0,8,suffix-2,16,swap-take-c,1,1048576,524288,1,2796000,5769615109122455387
normal-o3,0,8,suffix-2,16,take-swap-c,1,1048576,524288,1,3188000,5769615109122455387
normal-o3,0,8,suffix-2,16,rust-vec,1,1048576,524288,1,1300000,5769615109122455387
normal-o3,0,8,suffix-2,16,cpp-std-vector,1,1048576,524288,1,1625000,5769615109122455387
normal-o3,0,8,suffix-2,16,whitefoot,1,1048576,524288,1,1727000,5769615109122455387
normal-o3,0,8,suffix-2,16,direct-c,2,1048576,524288,1,1460000,9854138169518320145
normal-o3,0,8,suffix-2,16,swap-take-c,2,1048576,524288,1,2949000,9854138169518320145
normal-o3,0,8,suffix-2,16,take-swap-c,2,1048576,524288,1,3184000,9854138169518320145
normal-o3,0,8,suffix-2,16,rust-vec,2,1048576,524288,1,1304000,9854138169518320145
normal-o3,0,8,suffix-2,16,cpp-std-vector,2,1048576,524288,1,1631000,9854138169518320145
normal-o3,0,8,suffix-2,16,whitefoot,2,1048576,524288,1,1727000,9854138169518320145
normal-o3,0,8,suffix-2,16,reverse-c,2,1048576,524288,1,3334000,9854138169518320145
normal-o3,0,8,suffix-2,16,swap-take-c,3,1048576,524288,1,2796000,13938661229914184903
normal-o3,0,8,suffix-2,16,take-swap-c,3,1048576,524288,1,3218000,13938661229914184903
normal-o3,0,8,suffix-2,16,rust-vec,3,1048576,524288,1,1340000,13938661229914184903
normal-o3,0,8,suffix-2,16,cpp-std-vector,3,1048576,524288,1,1638000,13938661229914184903
normal-o3,0,8,suffix-2,16,whitefoot,3,1048576,524288,1,1731000,13938661229914184903
normal-o3,0,8,suffix-2,16,reverse-c,3,1048576,524288,1,3175000,13938661229914184903
normal-o3,0,8,suffix-2,16,direct-c,3,1048576,524288,1,1487000,13938661229914184903
normal-o3,0,8,suffix-2,16,take-swap-c,4,1048576,524288,1,3058000,18023184290310049661
normal-o3,0,8,suffix-2,16,rust-vec,4,1048576,524288,1,1321000,18023184290310049661
normal-o3,0,8,suffix-2,16,cpp-std-vector,4,1048576,524288,1,1634000,18023184290310049661
normal-o3,0,8,suffix-2,16,whitefoot,4,1048576,524288,1,1727000,18023184290310049661
normal-o3,0,8,suffix-2,16,reverse-c,4,1048576,524288,1,3292000,18023184290310049661
normal-o3,0,8,suffix-2,16,direct-c,4,1048576,524288,1,1459000,18023184290310049661
normal-o3,0,8,suffix-2,16,swap-take-c,4,1048576,524288,1,2801000,18023184290310049661
normal-o3,0,8,suffix-2,16,rust-vec,5,1048576,524288,1,1300000,3660963276996362803
normal-o3,0,8,suffix-2,16,cpp-std-vector,5,1048576,524288,1,1625000,3660963276996362803
normal-o3,0,8,suffix-2,16,whitefoot,5,1048576,524288,1,1747000,3660963276996362803
normal-o3,0,8,suffix-2,16,reverse-c,5,1048576,524288,1,3229000,3660963276996362803
normal-o3,0,8,suffix-2,16,direct-c,5,1048576,524288,1,1462000,3660963276996362803
normal-o3,0,8,suffix-2,16,swap-take-c,5,1048576,524288,1,2848000,3660963276996362803
normal-o3,0,8,suffix-2,16,take-swap-c,5,1048576,524288,1,3184000,3660963276996362803
normal-o3,0,8,suffix-2,16,cpp-std-vector,6,1048576,524288,1,1631000,7745486337392227561
normal-o3,0,8,suffix-2,16,whitefoot,6,1048576,524288,1,1727000,7745486337392227561
normal-o3,0,8,suffix-2,16,reverse-c,6,1048576,524288,1,3182000,7745486337392227561
normal-o3,0,8,suffix-2,16,direct-c,6,1048576,524288,1,1460000,7745486337392227561
normal-o3,0,8,suffix-2,16,swap-take-c,6,1048576,524288,1,2793000,7745486337392227561
normal-o3,0,8,suffix-2,16,take-swap-c,6,1048576,524288,1,3169000,7745486337392227561
normal-o3,0,8,suffix-2,16,rust-vec,6,1048576,524288,1,1304000,7745486337392227561
normal-o3,0,8,suffix-2,256,whitefoot,0,1048576,524288,1,1861000,4355278901963944061
normal-o3,0,8,suffix-2,256,reverse-c,0,1048576,524288,1,3375000,4355278901963944061
normal-o3,0,8,suffix-2,256,direct-c,0,1048576,524288,1,1748000,4355278901963944061
normal-o3,0,8,suffix-2,256,swap-take-c,0,1048576,524288,1,3036000,4355278901963944061
normal-o3,0,8,suffix-2,256,take-swap-c,0,1048576,524288,1,3387000,4355278901963944061
normal-o3,0,8,suffix-2,256,rust-vec,0,1048576,524288,1,1414000,4355278901963944061
normal-o3,0,8,suffix-2,256,cpp-std-vector,0,1048576,524288,1,1634000,4355278901963944061
normal-o3,0,8,suffix-2,256,reverse-c,1,1048576,524288,1,3428000,15106128288498016595
normal-o3,0,8,suffix-2,256,direct-c,1,1048576,524288,1,1577000,15106128288498016595
normal-o3,0,8,suffix-2,256,swap-take-c,1,1048576,524288,1,2882000,15106128288498016595
normal-o3,0,8,suffix-2,256,take-swap-c,1,1048576,524288,1,3440000,15106128288498016595
normal-o3,0,8,suffix-2,256,rust-vec,1,1048576,524288,1,1340000,15106128288498016595
normal-o3,0,8,suffix-2,256,cpp-std-vector,1,1048576,524288,1,1753000,15106128288498016595
normal-o3,0,8,suffix-2,256,whitefoot,1,1048576,524288,1,1817000,15106128288498016595
normal-o3,0,8,suffix-2,256,direct-c,2,1048576,524288,1,1832000,7410233601322537513
normal-o3,0,8,suffix-2,256,swap-take-c,2,1048576,524288,1,2950000,7410233601322537513
normal-o3,0,8,suffix-2,256,take-swap-c,2,1048576,524288,1,3451000,7410233601322537513
normal-o3,0,8,suffix-2,256,rust-vec,2,1048576,524288,1,1368000,7410233601322537513
normal-o3,0,8,suffix-2,256,cpp-std-vector,2,1048576,524288,1,1713000,7410233601322537513
normal-o3,0,8,suffix-2,256,whitefoot,2,1048576,524288,1,1797000,7410233601322537513
normal-o3,0,8,suffix-2,256,reverse-c,2,1048576,524288,1,3376000,7410233601322537513
normal-o3,0,8,suffix-2,256,swap-take-c,3,1048576,524288,1,2937000,18161082987856610047
normal-o3,0,8,suffix-2,256,take-swap-c,3,1048576,524288,1,3383000,18161082987856610047
normal-o3,0,8,suffix-2,256,rust-vec,3,1048576,524288,1,1305000,18161082987856610047
normal-o3,0,8,suffix-2,256,cpp-std-vector,3,1048576,524288,1,1633000,18161082987856610047
normal-o3,0,8,suffix-2,256,whitefoot,3,1048576,524288,1,1731000,18161082987856610047
normal-o3,0,8,suffix-2,256,reverse-c,3,1048576,524288,1,3346000,18161082987856610047
normal-o3,0,8,suffix-2,256,direct-c,3,1048576,524288,1,3777000,18161082987856610047
normal-o3,0,8,suffix-2,256,take-swap-c,4,1048576,524288,1,3382000,10465188300681130965
normal-o3,0,8,suffix-2,256,rust-vec,4,1048576,524288,1,1302000,10465188300681130965
normal-o3,0,8,suffix-2,256,cpp-std-vector,4,1048576,524288,1,1626000,10465188300681130965
normal-o3,0,8,suffix-2,256,whitefoot,4,1048576,524288,1,1750000,10465188300681130965
normal-o3,0,8,suffix-2,256,reverse-c,4,1048576,524288,1,3201000,10465188300681130965
normal-o3,0,8,suffix-2,256,direct-c,4,1048576,524288,1,3471000,10465188300681130965
normal-o3,0,8,suffix-2,256,swap-take-c,4,1048576,524288,1,2804000,10465188300681130965
normal-o3,0,8,suffix-2,256,rust-vec,5,1048576,524288,1,1311000,2769293613505651883
normal-o3,0,8,suffix-2,256,cpp-std-vector,5,1048576,524288,1,1628000,2769293613505651883
normal-o3,0,8,suffix-2,256,whitefoot,5,1048576,524288,1,1731000,2769293613505651883
normal-o3,0,8,suffix-2,256,reverse-c,5,1048576,524288,1,3253000,2769293613505651883
normal-o3,0,8,suffix-2,256,direct-c,5,1048576,524288,1,2074000,2769293613505651883
normal-o3,0,8,suffix-2,256,swap-take-c,5,1048576,524288,1,2801000,2769293613505651883
normal-o3,0,8,suffix-2,256,take-swap-c,5,1048576,524288,1,3278000,2769293613505651883
normal-o3,0,8,suffix-2,256,cpp-std-vector,6,1048576,524288,1,1633000,13520143000039724417
normal-o3,0,8,suffix-2,256,whitefoot,6,1048576,524288,1,1737000,13520143000039724417
normal-o3,0,8,suffix-2,256,reverse-c,6,1048576,524288,1,3240000,13520143000039724417
normal-o3,0,8,suffix-2,256,direct-c,6,1048576,524288,1,2272000,13520143000039724417
normal-o3,0,8,suffix-2,256,swap-take-c,6,1048576,524288,1,2808000,13520143000039724417
normal-o3,0,8,suffix-2,256,take-swap-c,6,1048576,524288,1,3363000,13520143000039724417
normal-o3,0,8,suffix-2,256,rust-vec,6,1048576,524288,1,1346000,13520143000039724417
normal-o3,0,8,suffix-2,4096,whitefoot,0,1048576,524288,1,1847000,16133918569289551357
normal-o3,0,8,suffix-2,4096,reverse-c,0,1048576,524288,1,3407000,16133918569289551357
normal-o3,0,8,suffix-2,4096,direct-c,0,1048576,524288,1,2136000,16133918569289551357
normal-o3,0,8,suffix-2,4096,swap-take-c,0,1048576,524288,1,2899000,16133918569289551357
normal-o3,0,8,suffix-2,4096,take-swap-c,0,1048576,524288,1,3388000,16133918569289551357
normal-o3,0,8,suffix-2,4096,rust-vec,0,1048576,524288,1,1324000,16133918569289551357
normal-o3,0,8,suffix-2,4096,cpp-std-vector,0,1048576,524288,1,1645000,16133918569289551357
normal-o3,0,8,suffix-2,4096,reverse-c,1,1048576,524288,1,3219000,17698322704188874963
normal-o3,0,8,suffix-2,4096,direct-c,1,1048576,524288,1,3677000,17698322704188874963
normal-o3,0,8,suffix-2,4096,swap-take-c,1,1048576,524288,1,2817000,17698322704188874963
normal-o3,0,8,suffix-2,4096,take-swap-c,1,1048576,524288,1,3386000,17698322704188874963
normal-o3,0,8,suffix-2,4096,rust-vec,1,1048576,524288,1,1310000,17698322704188874963
normal-o3,0,8,suffix-2,4096,cpp-std-vector,1,1048576,524288,1,1632000,17698322704188874963
normal-o3,0,8,suffix-2,4096,whitefoot,1,1048576,524288,1,1737000,17698322704188874963
normal-o3,0,8,suffix-2,4096,direct-c,2,1048576,524288,1,2566000,815982765378646953
normal-o3,0,8,suffix-2,4096,swap-take-c,2,1048576,524288,1,2808000,815982765378646953
normal-o3,0,8,suffix-2,4096,take-swap-c,2,1048576,524288,1,3264000,815982765378646953
normal-o3,0,8,suffix-2,4096,rust-vec,2,1048576,524288,1,1305000,815982765378646953
normal-o3,0,8,suffix-2,4096,cpp-std-vector,2,1048576,524288,1,1647000,815982765378646953
normal-o3,0,8,suffix-2,4096,whitefoot,2,1048576,524288,1,1743000,815982765378646953
normal-o3,0,8,suffix-2,4096,reverse-c,2,1048576,524288,1,3250000,815982765378646953
normal-o3,0,8,suffix-2,4096,swap-take-c,3,1048576,524288,1,2845000,2380386900277970559
normal-o3,0,8,suffix-2,4096,take-swap-c,3,1048576,524288,1,3251000,2380386900277970559
normal-o3,0,8,suffix-2,4096,rust-vec,3,1048576,524288,1,1308000,2380386900277970559
normal-o3,0,8,suffix-2,4096,cpp-std-vector,3,1048576,524288,1,1632000,2380386900277970559
normal-o3,0,8,suffix-2,4096,whitefoot,3,1048576,524288,1,1746000,2380386900277970559
normal-o3,0,8,suffix-2,4096,reverse-c,3,1048576,524288,1,3230000,2380386900277970559
normal-o3,0,8,suffix-2,4096,direct-c,3,1048576,524288,1,3001000,2380386900277970559
normal-o3,0,8,suffix-2,4096,take-swap-c,4,1048576,524288,1,3381000,3944791035177294165
normal-o3,0,8,suffix-2,4096,rust-vec,4,1048576,524288,1,1312000,3944791035177294165
normal-o3,0,8,suffix-2,4096,cpp-std-vector,4,1048576,524288,1,1635000,3944791035177294165
normal-o3,0,8,suffix-2,4096,whitefoot,4,1048576,524288,1,1777000,3944791035177294165
normal-o3,0,8,suffix-2,4096,reverse-c,4,1048576,524288,1,3215000,3944791035177294165
normal-o3,0,8,suffix-2,4096,direct-c,4,1048576,524288,1,3422000,3944791035177294165
normal-o3,0,8,suffix-2,4096,swap-take-c,4,1048576,524288,1,2795000,3944791035177294165
normal-o3,0,8,suffix-2,4096,rust-vec,5,1048576,524288,1,1305000,5509195170076617771
normal-o3,0,8,suffix-2,4096,cpp-std-vector,5,1048576,524288,1,1632000,5509195170076617771
normal-o3,0,8,suffix-2,4096,whitefoot,5,1048576,524288,1,1734000,5509195170076617771
normal-o3,0,8,suffix-2,4096,reverse-c,5,1048576,524288,1,3209000,5509195170076617771
normal-o3,0,8,suffix-2,4096,direct-c,5,1048576,524288,1,3823000,5509195170076617771
normal-o3,0,8,suffix-2,4096,swap-take-c,5,1048576,524288,1,2886000,5509195170076617771
normal-o3,0,8,suffix-2,4096,take-swap-c,5,1048576,524288,1,3365000,5509195170076617771
normal-o3,0,8,suffix-2,4096,cpp-std-vector,6,1048576,524288,1,1633000,7073599304975941377
normal-o3,0,8,suffix-2,4096,whitefoot,6,1048576,524288,1,1754000,7073599304975941377
normal-o3,0,8,suffix-2,4096,reverse-c,6,1048576,524288,1,3263000,7073599304975941377
normal-o3,0,8,suffix-2,4096,direct-c,6,1048576,524288,1,3662000,7073599304975941377
normal-o3,0,8,suffix-2,4096,swap-take-c,6,1048576,524288,1,2806000,7073599304975941377
normal-o3,0,8,suffix-2,4096,take-swap-c,6,1048576,524288,1,3388000,7073599304975941377
normal-o3,0,8,suffix-2,4096,rust-vec,6,1048576,524288,1,1307000,7073599304975941377
normal-o3,0,8,suffix-3,16,whitefoot,0,1048576,349525,1,1361000,3578158727730397437
normal-o3,0,8,suffix-3,16,reverse-c,0,1048576,349525,1,2512000,3578158727730397437
normal-o3,0,8,suffix-3,16,direct-c,0,1048576,349525,1,1313000,3578158727730397437
normal-o3,0,8,suffix-3,16,swap-take-c,0,1048576,349525,1,2229000,3578158727730397437
normal-o3,0,8,suffix-3,16,take-swap-c,0,1048576,349525,1,2326000,3578158727730397437
normal-o3,0,8,suffix-3,16,rust-vec,0,1048576,349525,1,1302000,3578158727730397437
normal-o3,0,8,suffix-3,16,cpp-std-vector,0,1048576,349525,1,1774000,3578158727730397437
normal-o3,0,8,suffix-3,16,reverse-c,1,1048576,349525,1,2476000,10503294698975091330
normal-o3,0,8,suffix-3,16,direct-c,1,1048576,349525,1,1329000,10503294698975091330
normal-o3,0,8,suffix-3,16,swap-take-c,1,1048576,349525,1,2261000,10503294698975091330
normal-o3,0,8,suffix-3,16,take-swap-c,1,1048576,349525,1,2303000,10503294698975091330
normal-o3,0,8,suffix-3,16,rust-vec,1,1048576,349525,1,1310000,10503294698975091330
normal-o3,0,8,suffix-3,16,cpp-std-vector,1,1048576,349525,1,1733000,10503294698975091330
normal-o3,0,8,suffix-3,16,whitefoot,1,1048576,349525,1,1364000,10503294698975091330
normal-o3,0,8,suffix-3,16,direct-c,2,1048576,349525,1,1324000,17428430670219785223
normal-o3,0,8,suffix-3,16,swap-take-c,2,1048576,349525,1,2163000,17428430670219785223
normal-o3,0,8,suffix-3,16,take-swap-c,2,1048576,349525,1,2273000,17428430670219785223
normal-o3,0,8,suffix-3,16,rust-vec,2,1048576,349525,1,1307000,17428430670219785223
normal-o3,0,8,suffix-3,16,cpp-std-vector,2,1048576,349525,1,1735000,17428430670219785223
normal-o3,0,8,suffix-3,16,whitefoot,2,1048576,349525,1,1365000,17428430670219785223
normal-o3,0,8,suffix-3,16,reverse-c,2,1048576,349525,1,2474000,17428430670219785223
normal-o3,0,8,suffix-3,16,swap-take-c,3,1048576,349525,1,2230000,5906822567754927500
normal-o3,0,8,suffix-3,16,take-swap-c,3,1048576,349525,1,2262000,5906822567754927500
normal-o3,0,8,suffix-3,16,rust-vec,3,1048576,349525,1,1309000,5906822567754927500
normal-o3,0,8,suffix-3,16,cpp-std-vector,3,1048576,349525,1,1733000,5906822567754927500
normal-o3,0,8,suffix-3,16,whitefoot,3,1048576,349525,1,1362000,5906822567754927500
normal-o3,0,8,suffix-3,16,reverse-c,3,1048576,349525,1,2469000,5906822567754927500
normal-o3,0,8,suffix-3,16,direct-c,3,1048576,349525,1,1329000,5906822567754927500
normal-o3,0,8,suffix-3,16,take-swap-c,4,1048576,349525,1,2302000,12831958538999621393
normal-o3,0,8,suffix-3,16,rust-vec,4,1048576,349525,1,1302000,12831958538999621393
normal-o3,0,8,suffix-3,16,cpp-std-vector,4,1048576,349525,1,1737000,12831958538999621393
normal-o3,0,8,suffix-3,16,whitefoot,4,1048576,349525,1,1374000,12831958538999621393
normal-o3,0,8,suffix-3,16,reverse-c,4,1048576,349525,1,2483000,12831958538999621393
normal-o3,0,8,suffix-3,16,direct-c,4,1048576,349525,1,1323000,12831958538999621393
normal-o3,0,8,suffix-3,16,swap-take-c,4,1048576,349525,1,2176000,12831958538999621393
normal-o3,0,8,suffix-3,16,rust-vec,5,1048576,349525,1,1308000,1310350436534763670
normal-o3,0,8,suffix-3,16,cpp-std-vector,5,1048576,349525,1,1733000,1310350436534763670
normal-o3,0,8,suffix-3,16,whitefoot,5,1048576,349525,1,1358000,1310350436534763670
normal-o3,0,8,suffix-3,16,reverse-c,5,1048576,349525,1,2471000,1310350436534763670
normal-o3,0,8,suffix-3,16,direct-c,5,1048576,349525,1,1389000,1310350436534763670
normal-o3,0,8,suffix-3,16,swap-take-c,5,1048576,349525,1,2246000,1310350436534763670
normal-o3,0,8,suffix-3,16,take-swap-c,5,1048576,349525,1,2273000,1310350436534763670
normal-o3,0,8,suffix-3,16,cpp-std-vector,6,1048576,349525,1,1842000,8235486407779457563
normal-o3,0,8,suffix-3,16,whitefoot,6,1048576,349525,1,1458000,8235486407779457563
normal-o3,0,8,suffix-3,16,reverse-c,6,1048576,349525,1,2481000,8235486407779457563
normal-o3,0,8,suffix-3,16,direct-c,6,1048576,349525,1,1345000,8235486407779457563
normal-o3,0,8,suffix-3,16,swap-take-c,6,1048576,349525,1,2179000,8235486407779457563
normal-o3,0,8,suffix-3,16,take-swap-c,6,1048576,349525,1,2305000,8235486407779457563
normal-o3,0,8,suffix-3,16,rust-vec,6,1048576,349525,1,1308000,8235486407779457563
normal-o3,0,8,suffix-3,256,whitefoot,0,1048576,349525,1,1360000,17932052123014486501
normal-o3,0,8,suffix-3,256,reverse-c,0,1048576,349525,1,2556000,17932052123014486501
normal-o3,0,8,suffix-3,256,direct-c,0,1048576,349525,1,1401000,17932052123014486501
normal-o3,0,8,suffix-3,256,swap-take-c,0,1048576,349525,1,2947000,17932052123014486501
normal-o3,0,8,suffix-3,256,take-swap-c,0,1048576,349525,1,2288000,17932052123014486501
normal-o3,0,8,suffix-3,256,rust-vec,0,1048576,349525,1,1313000,17932052123014486501
normal-o3,0,8,suffix-3,256,cpp-std-vector,0,1048576,349525,1,1803000,17932052123014486501
normal-o3,0,8,suffix-3,256,reverse-c,1,1048576,349525,1,2552000,6179702327257408202
normal-o3,0,8,suffix-3,256,direct-c,1,1048576,349525,1,1401000,6179702327257408202
normal-o3,0,8,suffix-3,256,swap-take-c,1,1048576,349525,1,2236000,6179702327257408202
normal-o3,0,8,suffix-3,256,take-swap-c,1,1048576,349525,1,2390000,6179702327257408202
normal-o3,0,8,suffix-3,256,rust-vec,1,1048576,349525,1,1303000,6179702327257408202
normal-o3,0,8,suffix-3,256,cpp-std-vector,1,1048576,349525,1,1787000,6179702327257408202
normal-o3,0,8,suffix-3,256,whitefoot,1,1048576,349525,1,1362000,6179702327257408202
normal-o3,0,8,suffix-3,256,direct-c,2,1048576,349525,1,1402000,12874096605209881519
normal-o3,0,8,suffix-3,256,swap-take-c,2,1048576,349525,1,2259000,12874096605209881519
normal-o3,0,8,suffix-3,256,take-swap-c,2,1048576,349525,1,2290000,12874096605209881519
normal-o3,0,8,suffix-3,256,rust-vec,2,1048576,349525,1,1300000,12874096605209881519
normal-o3,0,8,suffix-3,256,cpp-std-vector,2,1048576,349525,1,1736000,12874096605209881519
normal-o3,0,8,suffix-3,256,whitefoot,2,1048576,349525,1,1363000,12874096605209881519
normal-o3,0,8,suffix-3,256,reverse-c,2,1048576,349525,1,2591000,12874096605209881519
normal-o3,0,8,suffix-3,256,swap-take-c,3,1048576,349525,1,2270000,1121746809452803220
normal-o3,0,8,suffix-3,256,take-swap-c,3,1048576,349525,1,2336000,1121746809452803220
normal-o3,0,8,suffix-3,256,rust-vec,3,1048576,349525,1,1329000,1121746809452803220
normal-o3,0,8,suffix-3,256,cpp-std-vector,3,1048576,349525,1,1734000,1121746809452803220
normal-o3,0,8,suffix-3,256,whitefoot,3,1048576,349525,1,1366000,1121746809452803220
normal-o3,0,8,suffix-3,256,reverse-c,3,1048576,349525,1,2553000,1121746809452803220
normal-o3,0,8,suffix-3,256,direct-c,3,1048576,349525,1,1405000,1121746809452803220
normal-o3,0,8,suffix-3,256,take-swap-c,4,1048576,349525,1,2509000,7816141087405276537
normal-o3,0,8,suffix-3,256,rust-vec,4,1048576,349525,1,1303000,7816141087405276537
normal-o3,0,8,suffix-3,256,cpp-std-vector,4,1048576,349525,1,1736000,7816141087405276537
normal-o3,0,8,suffix-3,256,whitefoot,4,1048576,349525,1,1360000,7816141087405276537
normal-o3,0,8,suffix-3,256,reverse-c,4,1048576,349525,1,2566000,7816141087405276537
normal-o3,0,8,suffix-3,256,direct-c,4,1048576,349525,1,1366000,7816141087405276537
normal-o3,0,8,suffix-3,256,swap-take-c,4,1048576,349525,1,2263000,7816141087405276537
normal-o3,0,8,suffix-3,256,rust-vec,5,1048576,349525,1,1300000,14510535365357749854
normal-o3,0,8,suffix-3,256,cpp-std-vector,5,1048576,349525,1,1736000,14510535365357749854
normal-o3,0,8,suffix-3,256,whitefoot,5,1048576,349525,1,1366000,14510535365357749854
normal-o3,0,8,suffix-3,256,reverse-c,5,1048576,349525,1,2555000,14510535365357749854
normal-o3,0,8,suffix-3,256,direct-c,5,1048576,349525,1,1393000,14510535365357749854
normal-o3,0,8,suffix-3,256,swap-take-c,5,1048576,349525,1,2259000,14510535365357749854
normal-o3,0,8,suffix-3,256,take-swap-c,5,1048576,349525,1,2385000,14510535365357749854
normal-o3,0,8,suffix-3,256,cpp-std-vector,6,1048576,349525,1,1736000,2758185569600671555
normal-o3,0,8,suffix-3,256,whitefoot,6,1048576,349525,1,1364000,2758185569600671555
normal-o3,0,8,suffix-3,256,reverse-c,6,1048576,349525,1,2577000,2758185569600671555
normal-o3,0,8,suffix-3,256,direct-c,6,1048576,349525,1,1412000,2758185569600671555
normal-o3,0,8,suffix-3,256,swap-take-c,6,1048576,349525,1,2265000,2758185569600671555
normal-o3,0,8,suffix-3,256,take-swap-c,6,1048576,349525,1,2326000,2758185569600671555
normal-o3,0,8,suffix-3,256,rust-vec,6,1048576,349525,1,1303000,2758185569600671555
normal-o3,0,8,suffix-3,4096,whitefoot,0,1048576,349525,1,1386000,13042235847276202085
normal-o3,0,8,suffix-3,4096,reverse-c,0,1048576,349525,1,2615000,13042235847276202085
normal-o3,0,8,suffix-3,4096,direct-c,0,1048576,349525,1,1407000,13042235847276202085
normal-o3,0,8,suffix-3,4096,swap-take-c,0,1048576,349525,1,2221000,13042235847276202085
normal-o3,0,8,suffix-3,4096,take-swap-c,0,1048576,349525,1,2379000,13042235847276202085
normal-o3,0,8,suffix-3,4096,rust-vec,0,1048576,349525,1,1484000,13042235847276202085
normal-o3,0,8,suffix-3,4096,cpp-std-vector,0,1048576,349525,1,1743000,13042235847276202085
normal-o3,0,8,suffix-3,4096,reverse-c,1,1048576,349525,1,2567000,12907392256605062986
normal-o3,0,8,suffix-3,4096,direct-c,1,1048576,349525,1,1422000,12907392256605062986
normal-o3,0,8,suffix-3,4096,swap-take-c,1,1048576,349525,1,2293000,12907392256605062986
normal-o3,0,8,suffix-3,4096,take-swap-c,1,1048576,349525,1,2518000,12907392256605062986
normal-o3,0,8,suffix-3,4096,rust-vec,1,1048576,349525,1,1308000,12907392256605062986
normal-o3,0,8,suffix-3,4096,cpp-std-vector,1,1048576,349525,1,1743000,12907392256605062986
normal-o3,0,8,suffix-3,4096,whitefoot,1,1048576,349525,1,1376000,12907392256605062986
normal-o3,0,8,suffix-3,4096,direct-c,2,1048576,349525,1,1410000,12772548665933923887
normal-o3,0,8,suffix-3,4096,swap-take-c,2,1048576,349525,1,2245000,12772548665933923887
normal-o3,0,8,suffix-3,4096,take-swap-c,2,1048576,349525,1,2419000,12772548665933923887
normal-o3,0,8,suffix-3,4096,rust-vec,2,1048576,349525,1,1308000,12772548665933923887
normal-o3,0,8,suffix-3,4096,cpp-std-vector,2,1048576,349525,1,1743000,12772548665933923887
normal-o3,0,8,suffix-3,4096,whitefoot,2,1048576,349525,1,1369000,12772548665933923887
normal-o3,0,8,suffix-3,4096,reverse-c,2,1048576,349525,1,2570000,12772548665933923887
normal-o3,0,8,suffix-3,4096,swap-take-c,3,1048576,349525,1,2719000,12637705075262784788
normal-o3,0,8,suffix-3,4096,take-swap-c,3,1048576,349525,1,2420000,12637705075262784788
normal-o3,0,8,suffix-3,4096,rust-vec,3,1048576,349525,1,1305000,12637705075262784788
normal-o3,0,8,suffix-3,4096,cpp-std-vector,3,1048576,349525,1,1806000,12637705075262784788
normal-o3,0,8,suffix-3,4096,whitefoot,3,1048576,349525,1,1370000,12637705075262784788
normal-o3,0,8,suffix-3,4096,reverse-c,3,1048576,349525,1,2562000,12637705075262784788
normal-o3,0,8,suffix-3,4096,direct-c,3,1048576,349525,1,1376000,12637705075262784788
normal-o3,0,8,suffix-3,4096,take-swap-c,4,1048576,349525,1,2403000,12502861484591645689
normal-o3,0,8,suffix-3,4096,rust-vec,4,1048576,349525,1,1314000,12502861484591645689
normal-o3,0,8,suffix-3,4096,cpp-std-vector,4,1048576,349525,1,1749000,12502861484591645689
normal-o3,0,8,suffix-3,4096,whitefoot,4,1048576,349525,1,1371000,12502861484591645689
normal-o3,0,8,suffix-3,4096,reverse-c,4,1048576,349525,1,2559000,12502861484591645689
normal-o3,0,8,suffix-3,4096,direct-c,4,1048576,349525,1,1385000,12502861484591645689
normal-o3,0,8,suffix-3,4096,swap-take-c,4,1048576,349525,1,2257000,12502861484591645689
normal-o3,0,8,suffix-3,4096,rust-vec,5,1048576,349525,1,1308000,12368017893920506590
normal-o3,0,8,suffix-3,4096,cpp-std-vector,5,1048576,349525,1,1740000,12368017893920506590
normal-o3,0,8,suffix-3,4096,whitefoot,5,1048576,349525,1,1366000,12368017893920506590
normal-o3,0,8,suffix-3,4096,reverse-c,5,1048576,349525,1,2563000,12368017893920506590
normal-o3,0,8,suffix-3,4096,direct-c,5,1048576,349525,1,1422000,12368017893920506590
normal-o3,0,8,suffix-3,4096,swap-take-c,5,1048576,349525,1,2247000,12368017893920506590
normal-o3,0,8,suffix-3,4096,take-swap-c,5,1048576,349525,1,2441000,12368017893920506590
normal-o3,0,8,suffix-3,4096,cpp-std-vector,6,1048576,349525,1,1741000,12233174303249367491
normal-o3,0,8,suffix-3,4096,whitefoot,6,1048576,349525,1,1382000,12233174303249367491
normal-o3,0,8,suffix-3,4096,reverse-c,6,1048576,349525,1,2562000,12233174303249367491
normal-o3,0,8,suffix-3,4096,direct-c,6,1048576,349525,1,1412000,12233174303249367491
normal-o3,0,8,suffix-3,4096,swap-take-c,6,1048576,349525,1,2273000,12233174303249367491
normal-o3,0,8,suffix-3,4096,take-swap-c,6,1048576,349525,1,2381000,12233174303249367491
normal-o3,0,8,suffix-3,4096,rust-vec,6,1048576,349525,1,1324000,12233174303249367491
normal-o3,0,256,reserved,16,whitefoot,0,1048576,65536,1,42850000,16095999890136793189
normal-o3,0,256,reserved,16,reverse-c,0,1048576,65536,1,50184000,16095999890136793189
normal-o3,0,256,reserved,16,direct-c,0,1048576,65536,1,46153000,16095999890136793189
normal-o3,0,256,reserved,16,swap-take-c,0,1048576,65536,1,50208000,16095999890136793189
normal-o3,0,256,reserved,16,take-swap-c,0,1048576,65536,1,46161000,16095999890136793189
normal-o3,0,256,reserved,16,rust-vec,0,1048576,65536,1,42038000,16095999890136793189
normal-o3,0,256,reserved,16,cpp-std-vector,0,1048576,65536,1,44709000,16095999890136793189
normal-o3,0,256,reserved,16,reverse-c,1,1048576,65536,1,51232000,10905710204835692646
normal-o3,0,256,reserved,16,direct-c,1,1048576,65536,1,46293000,10905710204835692646
normal-o3,0,256,reserved,16,swap-take-c,1,1048576,65536,1,51086000,10905710204835692646
normal-o3,0,256,reserved,16,take-swap-c,1,1048576,65536,1,47304000,10905710204835692646
normal-o3,0,256,reserved,16,rust-vec,1,1048576,65536,1,42482000,10905710204835692646
normal-o3,0,256,reserved,16,cpp-std-vector,1,1048576,65536,1,44736000,10905710204835692646
normal-o3,0,256,reserved,16,whitefoot,1,1048576,65536,1,42592000,10905710204835692646
normal-o3,0,256,reserved,16,direct-c,2,1048576,65536,1,45818000,1136678281099509863
normal-o3,0,256,reserved,16,swap-take-c,2,1048576,65536,1,49445000,1136678281099509863
normal-o3,0,256,reserved,16,take-swap-c,2,1048576,65536,1,46019000,1136678281099509863
normal-o3,0,256,reserved,16,rust-vec,2,1048576,65536,1,41547000,1136678281099509863
normal-o3,0,256,reserved,16,cpp-std-vector,2,1048576,65536,1,44714000,1136678281099509863
normal-o3,0,256,reserved,16,whitefoot,2,1048576,65536,1,42523000,1136678281099509863
normal-o3,0,256,reserved,16,reverse-c,2,1048576,65536,1,50220000,1136678281099509863
normal-o3,0,256,reserved,16,swap-take-c,3,1048576,65536,1,49552000,1916000061831479400
normal-o3,0,256,reserved,16,take-swap-c,3,1048576,65536,1,46081000,1916000061831479400
normal-o3,0,256,reserved,16,rust-vec,3,1048576,65536,1,41445000,1916000061831479400
normal-o3,0,256,reserved,16,cpp-std-vector,3,1048576,65536,1,45545000,1916000061831479400
normal-o3,0,256,reserved,16,whitefoot,3,1048576,65536,1,42578000,1916000061831479400
normal-o3,0,256,reserved,16,reverse-c,3,1048576,65536,1,50183000,1916000061831479400
normal-o3,0,256,reserved,16,direct-c,3,1048576,65536,1,45946000,1916000061831479400
normal-o3,0,256,reserved,16,take-swap-c,4,1048576,65536,1,46557000,317124334665105513
normal-o3,0,256,reserved,16,rust-vec,4,1048576,65536,1,42871000,317124334665105513
normal-o3,0,256,reserved,16,cpp-std-vector,4,1048576,65536,1,44823000,317124334665105513
normal-o3,0,256,reserved,16,whitefoot,4,1048576,65536,1,42571000,317124334665105513
normal-o3,0,256,reserved,16,reverse-c,4,1048576,65536,1,50200000,317124334665105513
normal-o3,0,256,reserved,16,direct-c,4,1048576,65536,1,45731000,317124334665105513
normal-o3,0,256,reserved,16,swap-take-c,4,1048576,65536,1,49514000,317124334665105513
normal-o3,0,256,reserved,16,rust-vec,5,1048576,65536,1,41462000,16344508304658628714
normal-o3,0,256,reserved,16,cpp-std-vector,5,1048576,65536,1,44679000,16344508304658628714
normal-o3,0,256,reserved,16,whitefoot,5,1048576,65536,1,42518000,16344508304658628714
normal-o3,0,256,reserved,16,reverse-c,5,1048576,65536,1,50283000,16344508304658628714
normal-o3,0,256,reserved,16,direct-c,5,1048576,65536,1,45812000,16344508304658628714
normal-o3,0,256,reserved,16,swap-take-c,5,1048576,65536,1,50335000,16344508304658628714
normal-o3,0,256,reserved,16,take-swap-c,5,1048576,65536,1,46056000,16344508304658628714
normal-o3,0,256,reserved,16,cpp-std-vector,6,1048576,65536,1,44609000,17728104047323021419
normal-o3,0,256,reserved,16,whitefoot,6,1048576,65536,1,42683000,17728104047323021419
normal-o3,0,256,reserved,16,reverse-c,6,1048576,65536,1,50238000,17728104047323021419
normal-o3,0,256,reserved,16,direct-c,6,1048576,65536,1,46699000,17728104047323021419
normal-o3,0,256,reserved,16,swap-take-c,6,1048576,65536,1,49465000,17728104047323021419
normal-o3,0,256,reserved,16,take-swap-c,6,1048576,65536,1,46168000,17728104047323021419
normal-o3,0,256,reserved,16,rust-vec,6,1048576,65536,1,42162000,17728104047323021419
normal-o3,0,256,reserved,256,whitefoot,0,1048576,4096,1,39305000,5774473182449584229
normal-o3,0,256,reserved,256,reverse-c,0,1048576,4096,1,46705000,5774473182449584229
normal-o3,0,256,reserved,256,direct-c,0,1048576,4096,1,41104000,5774473182449584229
normal-o3,0,256,reserved,256,swap-take-c,0,1048576,4096,1,43685000,5774473182449584229
normal-o3,0,256,reserved,256,take-swap-c,0,1048576,4096,1,41469000,5774473182449584229
normal-o3,0,256,reserved,256,rust-vec,0,1048576,4096,1,39190000,5774473182449584229
normal-o3,0,256,reserved,256,cpp-std-vector,0,1048576,4096,1,42146000,5774473182449584229
normal-o3,0,256,reserved,256,reverse-c,1,1048576,4096,1,46819000,730816566922926182
normal-o3,0,256,reserved,256,direct-c,1,1048576,4096,1,41111000,730816566922926182
normal-o3,0,256,reserved,256,swap-take-c,1,1048576,4096,1,43690000,730816566922926182
normal-o3,0,256,reserved,256,take-swap-c,1,1048576,4096,1,41442000,730816566922926182
normal-o3,0,256,reserved,256,rust-vec,1,1048576,4096,1,39112000,730816566922926182
normal-o3,0,256,reserved,256,cpp-std-vector,1,1048576,4096,1,42285000,730816566922926182
normal-o3,0,256,reserved,256,whitefoot,1,1048576,4096,1,39388000,730816566922926182
normal-o3,0,256,reserved,256,direct-c,2,1048576,4096,1,41238000,3951699326411303015
normal-o3,0,256,reserved,256,swap-take-c,2,1048576,4096,1,44675000,3951699326411303015
normal-o3,0,256,reserved,256,take-swap-c,2,1048576,4096,1,42798000,3951699326411303015
normal-o3,0,256,reserved,256,rust-vec,2,1048576,4096,1,39035000,3951699326411303015
normal-o3,0,256,reserved,256,cpp-std-vector,2,1048576,4096,1,42686000,3951699326411303015
normal-o3,0,256,reserved,256,whitefoot,2,1048576,4096,1,39439000,3951699326411303015
normal-o3,0,256,reserved,256,reverse-c,2,1048576,4096,1,47282000,3951699326411303015
normal-o3,0,256,reserved,256,swap-take-c,3,1048576,4096,1,44134000,4669976213855500392
normal-o3,0,256,reserved,256,take-swap-c,3,1048576,4096,1,41420000,4669976213855500392
normal-o3,0,256,reserved,256,rust-vec,3,1048576,4096,1,39047000,4669976213855500392
normal-o3,0,256,reserved,256,cpp-std-vector,3,1048576,4096,1,42231000,4669976213855500392
normal-o3,0,256,reserved,256,whitefoot,3,1048576,4096,1,39349000,4669976213855500392
normal-o3,0,256,reserved,256,reverse-c,3,1048576,4096,1,46667000,4669976213855500392
normal-o3,0,256,reserved,256,direct-c,3,1048576,4096,1,41165000,4669976213855500392
normal-o3,0,256,reserved,256,take-swap-c,4,1048576,4096,1,41781000,4748812814999455849
normal-o3,0,256,reserved,256,rust-vec,4,1048576,4096,1,39322000,4748812814999455849
normal-o3,0,256,reserved,256,cpp-std-vector,4,1048576,4096,1,42945000,4748812814999455849
normal-o3,0,256,reserved,256,whitefoot,4,1048576,4096,1,39379000,4748812814999455849
normal-o3,0,256,reserved,256,reverse-c,4,1048576,4096,1,46707000,4748812814999455849
normal-o3,0,256,reserved,256,direct-c,4,1048576,4096,1,41091000,4748812814999455849
normal-o3,0,256,reserved,256,swap-take-c,4,1048576,4096,1,43723000,4748812814999455849
normal-o3,0,256,reserved,256,rust-vec,5,1048576,4096,1,39066000,9617966251147630698
normal-o3,0,256,reserved,256,cpp-std-vector,5,1048576,4096,1,42276000,9617966251147630698
normal-o3,0,256,reserved,256,whitefoot,5,1048576,4096,1,39477000,9617966251147630698
normal-o3,0,256,reserved,256,reverse-c,5,1048576,4096,1,46677000,9617966251147630698
normal-o3,0,256,reserved,256,direct-c,5,1048576,4096,1,41616000,9617966251147630698
normal-o3,0,256,reserved,256,swap-take-c,5,1048576,4096,1,43796000,9617966251147630698
normal-o3,0,256,reserved,256,take-swap-c,5,1048576,4096,1,43050000,9617966251147630698
normal-o3,0,256,reserved,256,cpp-std-vector,6,1048576,4096,1,42874000,14780350119149938795
normal-o3,0,256,reserved,256,whitefoot,6,1048576,4096,1,39456000,14780350119149938795
normal-o3,0,256,reserved,256,reverse-c,6,1048576,4096,1,46648000,14780350119149938795
normal-o3,0,256,reserved,256,direct-c,6,1048576,4096,1,41079000,14780350119149938795
normal-o3,0,256,reserved,256,swap-take-c,6,1048576,4096,1,43837000,14780350119149938795
normal-o3,0,256,reserved,256,take-swap-c,6,1048576,4096,1,41579000,14780350119149938795
normal-o3,0,256,reserved,256,rust-vec,6,1048576,4096,1,39462000,14780350119149938795
normal-o3,0,256,reserved,4096,whitefoot,0,1048576,256,1,41183000,7990118519889974501
normal-o3,0,256,reserved,4096,reverse-c,0,1048576,256,1,49465000,7990118519889974501
normal-o3,0,256,reserved,4096,direct-c,0,1048576,256,1,42921000,7990118519889974501
normal-o3,0,256,reserved,4096,swap-take-c,0,1048576,256,1,45304000,7990118519889974501
normal-o3,0,256,reserved,4096,take-swap-c,0,1048576,256,1,43161000,7990118519889974501
normal-o3,0,256,reserved,4096,rust-vec,0,1048576,256,1,40819000,7990118519889974501
normal-o3,0,256,reserved,4096,cpp-std-vector,0,1048576,256,1,43647000,7990118519889974501
normal-o3,0,256,reserved,4096,reverse-c,1,1048576,256,1,49467000,10660244701728609766
normal-o3,0,256,reserved,4096,direct-c,1,1048576,256,1,42951000,10660244701728609766
normal-o3,0,256,reserved,4096,swap-take-c,1,1048576,256,1,45294000,10660244701728609766
normal-o3,0,256,reserved,4096,take-swap-c,1,1048576,256,1,43039000,10660244701728609766
normal-o3,0,256,reserved,4096,rust-vec,1,1048576,256,1,40948000,10660244701728609766
normal-o3,0,256,reserved,4096,cpp-std-vector,1,1048576,256,1,43839000,10660244701728609766
normal-o3,0,256,reserved,4096,whitefoot,1,1048576,256,1,42624000,10660244701728609766
normal-o3,0,256,reserved,4096,direct-c,2,1048576,256,1,42898000,3495536164771485415
normal-o3,0,256,reserved,4096,swap-take-c,2,1048576,256,1,45270000,3495536164771485415
normal-o3,0,256,reserved,4096,take-swap-c,2,1048576,256,1,43069000,3495536164771485415
normal-o3,0,256,reserved,4096,rust-vec,2,1048576,256,1,40861000,3495536164771485415
normal-o3,0,256,reserved,4096,cpp-std-vector,2,1048576,256,1,43733000,3495536164771485415
normal-o3,0,256,reserved,4096,whitefoot,2,1048576,256,1,41306000,3495536164771485415
normal-o3,0,256,reserved,4096,reverse-c,2,1048576,256,1,50040000,3495536164771485415
normal-o3,0,256,reserved,4096,swap-take-c,3,1048576,256,1,45295000,15148529761215748072
normal-o3,0,256,reserved,4096,take-swap-c,3,1048576,256,1,43200000,15148529761215748072
normal-o3,0,256,reserved,4096,rust-vec,3,1048576,256,1,40911000,15148529761215748072
normal-o3,0,256,reserved,4096,cpp-std-vector,3,1048576,256,1,43703000,15148529761215748072
normal-o3,0,256,reserved,4096,whitefoot,3,1048576,256,1,40900000,15148529761215748072
normal-o3,0,256,reserved,4096,reverse-c,3,1048576,256,1,49670000,15148529761215748072
normal-o3,0,256,reserved,4096,direct-c,3,1048576,256,1,42996000,15148529761215748072
normal-o3,0,256,reserved,4096,take-swap-c,4,1048576,256,1,43175000,9298652180223940841
normal-o3,0,256,reserved,4096,rust-vec,4,1048576,256,1,40962000,9298652180223940841
normal-o3,0,256,reserved,4096,cpp-std-vector,4,1048576,256,1,43598000,9298652180223940841
normal-o3,0,256,reserved,4096,whitefoot,4,1048576,256,1,40966000,9298652180223940841
normal-o3,0,256,reserved,4096,reverse-c,4,1048576,256,1,49547000,9298652180223940841
normal-o3,0,256,reserved,4096,direct-c,4,1048576,256,1,44129000,9298652180223940841
normal-o3,0,256,reserved,4096,swap-take-c,4,1048576,256,1,46660000,9298652180223940841
normal-o3,0,256,reserved,4096,rust-vec,5,1048576,256,1,41469000,8375064059273222634
normal-o3,0,256,reserved,4096,cpp-std-vector,5,1048576,256,1,43671000,8375064059273222634
normal-o3,0,256,reserved,4096,whitefoot,5,1048576,256,1,40858000,8375064059273222634
normal-o3,0,256,reserved,4096,reverse-c,5,1048576,256,1,49451000,8375064059273222634
normal-o3,0,256,reserved,4096,direct-c,5,1048576,256,1,42920000,8375064059273222634
normal-o3,0,256,reserved,4096,swap-take-c,5,1048576,256,1,45227000,8375064059273222634
normal-o3,0,256,reserved,4096,take-swap-c,5,1048576,256,1,43071000,8375064059273222634
normal-o3,0,256,reserved,4096,cpp-std-vector,6,1048576,256,1,43639000,18409727464639388395
normal-o3,0,256,reserved,4096,whitefoot,6,1048576,256,1,41100000,18409727464639388395
normal-o3,0,256,reserved,4096,reverse-c,6,1048576,256,1,49561000,18409727464639388395
normal-o3,0,256,reserved,4096,direct-c,6,1048576,256,1,42830000,18409727464639388395
normal-o3,0,256,reserved,4096,swap-take-c,6,1048576,256,1,45771000,18409727464639388395
normal-o3,0,256,reserved,4096,take-swap-c,6,1048576,256,1,43209000,18409727464639388395
normal-o3,0,256,reserved,4096,rust-vec,6,1048576,256,1,40869000,18409727464639388395
normal-o3,0,256,growth,16,whitefoot,0,1048576,65536,1,59729000,16095999890136793189
normal-o3,0,256,growth,16,reverse-c,0,1048576,65536,1,69171000,16095999890136793189
normal-o3,0,256,growth,16,direct-c,0,1048576,65536,1,64129000,16095999890136793189
normal-o3,0,256,growth,16,swap-take-c,0,1048576,65536,1,67320000,16095999890136793189
normal-o3,0,256,growth,16,take-swap-c,0,1048576,65536,1,62948000,16095999890136793189
normal-o3,0,256,growth,16,rust-vec,0,1048576,65536,1,57148000,16095999890136793189
normal-o3,0,256,growth,16,cpp-std-vector,0,1048576,65536,1,58777000,16095999890136793189
normal-o3,0,256,growth,16,reverse-c,1,1048576,65536,1,66568000,10905710204835692646
normal-o3,0,256,growth,16,direct-c,1,1048576,65536,1,62439000,10905710204835692646
normal-o3,0,256,growth,16,swap-take-c,1,1048576,65536,1,65972000,10905710204835692646
normal-o3,0,256,growth,16,take-swap-c,1,1048576,65536,1,62931000,10905710204835692646
normal-o3,0,256,growth,16,rust-vec,1,1048576,65536,1,56028000,10905710204835692646
normal-o3,0,256,growth,16,cpp-std-vector,1,1048576,65536,1,58707000,10905710204835692646
normal-o3,0,256,growth,16,whitefoot,1,1048576,65536,1,60381000,10905710204835692646
normal-o3,0,256,growth,16,direct-c,2,1048576,65536,1,62038000,1136678281099509863
normal-o3,0,256,growth,16,swap-take-c,2,1048576,65536,1,66089000,1136678281099509863
normal-o3,0,256,growth,16,take-swap-c,2,1048576,65536,1,62787000,1136678281099509863
normal-o3,0,256,growth,16,rust-vec,2,1048576,65536,1,57394000,1136678281099509863
normal-o3,0,256,growth,16,cpp-std-vector,2,1048576,65536,1,60052000,1136678281099509863
normal-o3,0,256,growth,16,whitefoot,2,1048576,65536,1,60023000,1136678281099509863
normal-o3,0,256,growth,16,reverse-c,2,1048576,65536,1,68571000,1136678281099509863
normal-o3,0,256,growth,16,swap-take-c,3,1048576,65536,1,66062000,1916000061831479400
normal-o3,0,256,growth,16,take-swap-c,3,1048576,65536,1,62858000,1916000061831479400
normal-o3,0,256,growth,16,rust-vec,3,1048576,65536,1,55975000,1916000061831479400
normal-o3,0,256,growth,16,cpp-std-vector,3,1048576,65536,1,58745000,1916000061831479400
normal-o3,0,256,growth,16,whitefoot,3,1048576,65536,1,59775000,1916000061831479400
normal-o3,0,256,growth,16,reverse-c,3,1048576,65536,1,66665000,1916000061831479400
normal-o3,0,256,growth,16,direct-c,3,1048576,65536,1,62075000,1916000061831479400
normal-o3,0,256,growth,16,take-swap-c,4,1048576,65536,1,62779000,317124334665105513
normal-o3,0,256,growth,16,rust-vec,4,1048576,65536,1,56219000,317124334665105513
normal-o3,0,256,growth,16,cpp-std-vector,4,1048576,65536,1,59062000,317124334665105513
normal-o3,0,256,growth,16,whitefoot,4,1048576,65536,1,59775000,317124334665105513
normal-o3,0,256,growth,16,reverse-c,4,1048576,65536,1,67476000,317124334665105513
normal-o3,0,256,growth,16,direct-c,4,1048576,65536,1,66020000,317124334665105513
normal-o3,0,256,growth,16,swap-take-c,4,1048576,65536,1,66555000,317124334665105513
normal-o3,0,256,growth,16,rust-vec,5,1048576,65536,1,56144000,16344508304658628714
normal-o3,0,256,growth,16,cpp-std-vector,5,1048576,65536,1,59862000,16344508304658628714
normal-o3,0,256,growth,16,whitefoot,5,1048576,65536,1,60106000,16344508304658628714
normal-o3,0,256,growth,16,reverse-c,5,1048576,65536,1,66680000,16344508304658628714
normal-o3,0,256,growth,16,direct-c,5,1048576,65536,1,62205000,16344508304658628714
normal-o3,0,256,growth,16,swap-take-c,5,1048576,65536,1,66005000,16344508304658628714
normal-o3,0,256,growth,16,take-swap-c,5,1048576,65536,1,62899000,16344508304658628714
normal-o3,0,256,growth,16,cpp-std-vector,6,1048576,65536,1,58527000,17728104047323021419
normal-o3,0,256,growth,16,whitefoot,6,1048576,65536,1,59728000,17728104047323021419
normal-o3,0,256,growth,16,reverse-c,6,1048576,65536,1,66814000,17728104047323021419
normal-o3,0,256,growth,16,direct-c,6,1048576,65536,1,62355000,17728104047323021419
normal-o3,0,256,growth,16,swap-take-c,6,1048576,65536,1,67555000,17728104047323021419
normal-o3,0,256,growth,16,take-swap-c,6,1048576,65536,1,63505000,17728104047323021419
normal-o3,0,256,growth,16,rust-vec,6,1048576,65536,1,56321000,17728104047323021419
normal-o3,0,256,growth,256,whitefoot,0,1048576,4096,1,58448000,5774473182449584229
normal-o3,0,256,growth,256,reverse-c,0,1048576,4096,1,60732000,5774473182449584229
normal-o3,0,256,growth,256,direct-c,0,1048576,4096,1,55672000,5774473182449584229
normal-o3,0,256,growth,256,swap-take-c,0,1048576,4096,1,57969000,5774473182449584229
normal-o3,0,256,growth,256,take-swap-c,0,1048576,4096,1,55923000,5774473182449584229
normal-o3,0,256,growth,256,rust-vec,0,1048576,4096,1,45523000,5774473182449584229
normal-o3,0,256,growth,256,cpp-std-vector,0,1048576,4096,1,55646000,5774473182449584229
normal-o3,0,256,growth,256,reverse-c,1,1048576,4096,1,60306000,730816566922926182
normal-o3,0,256,growth,256,direct-c,1,1048576,4096,1,53934000,730816566922926182
normal-o3,0,256,growth,256,swap-take-c,1,1048576,4096,1,57013000,730816566922926182
normal-o3,0,256,growth,256,take-swap-c,1,1048576,4096,1,54422000,730816566922926182
normal-o3,0,256,growth,256,rust-vec,1,1048576,4096,1,45340000,730816566922926182
normal-o3,0,256,growth,256,cpp-std-vector,1,1048576,4096,1,55434000,730816566922926182
normal-o3,0,256,growth,256,whitefoot,1,1048576,4096,1,52127000,730816566922926182
normal-o3,0,256,growth,256,direct-c,2,1048576,4096,1,55893000,3951699326411303015
normal-o3,0,256,growth,256,swap-take-c,2,1048576,4096,1,57925000,3951699326411303015
normal-o3,0,256,growth,256,take-swap-c,2,1048576,4096,1,54568000,3951699326411303015
normal-o3,0,256,growth,256,rust-vec,2,1048576,4096,1,45436000,3951699326411303015
normal-o3,0,256,growth,256,cpp-std-vector,2,1048576,4096,1,55577000,3951699326411303015
normal-o3,0,256,growth,256,whitefoot,2,1048576,4096,1,52327000,3951699326411303015
normal-o3,0,256,growth,256,reverse-c,2,1048576,4096,1,60513000,3951699326411303015
normal-o3,0,256,growth,256,swap-take-c,3,1048576,4096,1,57879000,4669976213855500392
normal-o3,0,256,growth,256,take-swap-c,3,1048576,4096,1,54453000,4669976213855500392
normal-o3,0,256,growth,256,rust-vec,3,1048576,4096,1,45394000,4669976213855500392
normal-o3,0,256,growth,256,cpp-std-vector,3,1048576,4096,1,55420000,4669976213855500392
normal-o3,0,256,growth,256,whitefoot,3,1048576,4096,1,52849000,4669976213855500392
normal-o3,0,256,growth,256,reverse-c,3,1048576,4096,1,60577000,4669976213855500392
normal-o3,0,256,growth,256,direct-c,3,1048576,4096,1,54074000,4669976213855500392
normal-o3,0,256,growth,256,take-swap-c,4,1048576,4096,1,55253000,4748812814999455849
normal-o3,0,256,growth,256,rust-vec,4,1048576,4096,1,45681000,4748812814999455849
normal-o3,0,256,growth,256,cpp-std-vector,4,1048576,4096,1,55721000,4748812814999455849
normal-o3,0,256,growth,256,whitefoot,4,1048576,4096,1,52972000,4748812814999455849
normal-o3,0,256,growth,256,reverse-c,4,1048576,4096,1,61853000,4748812814999455849
normal-o3,0,256,growth,256,direct-c,4,1048576,4096,1,54058000,4748812814999455849
normal-o3,0,256,growth,256,swap-take-c,4,1048576,4096,1,57047000,4748812814999455849
normal-o3,0,256,growth,256,rust-vec,5,1048576,4096,1,45435000,9617966251147630698
normal-o3,0,256,growth,256,cpp-std-vector,5,1048576,4096,1,56080000,9617966251147630698
normal-o3,0,256,growth,256,whitefoot,5,1048576,4096,1,52360000,9617966251147630698
normal-o3,0,256,growth,256,reverse-c,5,1048576,4096,1,60219000,9617966251147630698
normal-o3,0,256,growth,256,direct-c,5,1048576,4096,1,54131000,9617966251147630698
normal-o3,0,256,growth,256,swap-take-c,5,1048576,4096,1,57854000,9617966251147630698
normal-o3,0,256,growth,256,take-swap-c,5,1048576,4096,1,54559000,9617966251147630698
normal-o3,0,256,growth,256,cpp-std-vector,6,1048576,4096,1,55656000,14780350119149938795
normal-o3,0,256,growth,256,whitefoot,6,1048576,4096,1,51849000,14780350119149938795
normal-o3,0,256,growth,256,reverse-c,6,1048576,4096,1,60163000,14780350119149938795
normal-o3,0,256,growth,256,direct-c,6,1048576,4096,1,54086000,14780350119149938795
normal-o3,0,256,growth,256,swap-take-c,6,1048576,4096,1,57002000,14780350119149938795
normal-o3,0,256,growth,256,take-swap-c,6,1048576,4096,1,54520000,14780350119149938795
normal-o3,0,256,growth,256,rust-vec,6,1048576,4096,1,45621000,14780350119149938795
normal-o3,0,256,growth,4096,whitefoot,0,1048576,256,1,52345000,7990118519889974501
normal-o3,0,256,growth,4096,reverse-c,0,1048576,256,1,60527000,7990118519889974501
normal-o3,0,256,growth,4096,direct-c,0,1048576,256,1,54130000,7990118519889974501
normal-o3,0,256,growth,4096,swap-take-c,0,1048576,256,1,56772000,7990118519889974501
normal-o3,0,256,growth,4096,take-swap-c,0,1048576,256,1,54422000,7990118519889974501
normal-o3,0,256,growth,4096,rust-vec,0,1048576,256,1,41422000,7990118519889974501
normal-o3,0,256,growth,4096,cpp-std-vector,0,1048576,256,1,51297000,7990118519889974501
normal-o3,0,256,growth,4096,reverse-c,1,1048576,256,1,63145000,10660244701728609766
normal-o3,0,256,growth,4096,direct-c,1,1048576,256,1,55135000,10660244701728609766
normal-o3,0,256,growth,4096,swap-take-c,1,1048576,256,1,56762000,10660244701728609766
normal-o3,0,256,growth,4096,take-swap-c,1,1048576,256,1,54494000,10660244701728609766
normal-o3,0,256,growth,4096,rust-vec,1,1048576,256,1,41382000,10660244701728609766
normal-o3,0,256,growth,4096,cpp-std-vector,1,1048576,256,1,51264000,10660244701728609766
normal-o3,0,256,growth,4096,whitefoot,1,1048576,256,1,52444000,10660244701728609766
normal-o3,0,256,growth,4096,direct-c,2,1048576,256,1,54299000,3495536164771485415
normal-o3,0,256,growth,4096,swap-take-c,2,1048576,256,1,57724000,3495536164771485415
normal-o3,0,256,growth,4096,take-swap-c,2,1048576,256,1,56949000,3495536164771485415
normal-o3,0,256,growth,4096,rust-vec,2,1048576,256,1,41704000,3495536164771485415
normal-o3,0,256,growth,4096,cpp-std-vector,2,1048576,256,1,51736000,3495536164771485415
normal-o3,0,256,growth,4096,whitefoot,2,1048576,256,1,52520000,3495536164771485415
normal-o3,0,256,growth,4096,reverse-c,2,1048576,256,1,60772000,3495536164771485415
normal-o3,0,256,growth,4096,swap-take-c,3,1048576,256,1,56811000,15148529761215748072
normal-o3,0,256,growth,4096,take-swap-c,3,1048576,256,1,54319000,15148529761215748072
normal-o3,0,256,growth,4096,rust-vec,3,1048576,256,1,41447000,15148529761215748072
normal-o3,0,256,growth,4096,cpp-std-vector,3,1048576,256,1,51059000,15148529761215748072
normal-o3,0,256,growth,4096,whitefoot,3,1048576,256,1,52359000,15148529761215748072
normal-o3,0,256,growth,4096,reverse-c,3,1048576,256,1,60740000,15148529761215748072
normal-o3,0,256,growth,4096,direct-c,3,1048576,256,1,55134000,15148529761215748072
normal-o3,0,256,growth,4096,take-swap-c,4,1048576,256,1,54678000,9298652180223940841
normal-o3,0,256,growth,4096,rust-vec,4,1048576,256,1,41423000,9298652180223940841
normal-o3,0,256,growth,4096,cpp-std-vector,4,1048576,256,1,51334000,9298652180223940841
normal-o3,0,256,growth,4096,whitefoot,4,1048576,256,1,52801000,9298652180223940841
normal-o3,0,256,growth,4096,reverse-c,4,1048576,256,1,61006000,9298652180223940841
normal-o3,0,256,growth,4096,direct-c,4,1048576,256,1,55138000,9298652180223940841
normal-o3,0,256,growth,4096,swap-take-c,4,1048576,256,1,59126000,9298652180223940841
normal-o3,0,256,growth,4096,rust-vec,5,1048576,256,1,41432000,8375064059273222634
normal-o3,0,256,growth,4096,cpp-std-vector,5,1048576,256,1,51675000,8375064059273222634
normal-o3,0,256,growth,4096,whitefoot,5,1048576,256,1,52408000,8375064059273222634
normal-o3,0,256,growth,4096,reverse-c,5,1048576,256,1,60565000,8375064059273222634
normal-o3,0,256,growth,4096,direct-c,5,1048576,256,1,54404000,8375064059273222634
normal-o3,0,256,growth,4096,swap-take-c,5,1048576,256,1,56928000,8375064059273222634
normal-o3,0,256,growth,4096,take-swap-c,5,1048576,256,1,54422000,8375064059273222634
normal-o3,0,256,growth,4096,cpp-std-vector,6,1048576,256,1,53930000,18409727464639388395
normal-o3,0,256,growth,4096,whitefoot,6,1048576,256,1,54620000,18409727464639388395
normal-o3,0,256,growth,4096,reverse-c,6,1048576,256,1,62872000,18409727464639388395
normal-o3,0,256,growth,4096,direct-c,6,1048576,256,1,54755000,18409727464639388395
normal-o3,0,256,growth,4096,swap-take-c,6,1048576,256,1,57257000,18409727464639388395
normal-o3,0,256,growth,4096,take-swap-c,6,1048576,256,1,55186000,18409727464639388395
normal-o3,0,256,growth,4096,rust-vec,6,1048576,256,1,41396000,18409727464639388395
normal-o3,0,256,reuse,16,whitefoot,0,1048576,65536,1,40863000,16095999890136793189
normal-o3,0,256,reuse,16,reverse-c,0,1048576,65536,1,48042000,16095999890136793189
normal-o3,0,256,reuse,16,direct-c,0,1048576,65536,1,43132000,16095999890136793189
normal-o3,0,256,reuse,16,swap-take-c,0,1048576,65536,1,46924000,16095999890136793189
normal-o3,0,256,reuse,16,take-swap-c,0,1048576,65536,1,43463000,16095999890136793189
normal-o3,0,256,reuse,16,rust-vec,0,1048576,65536,1,40484000,16095999890136793189
normal-o3,0,256,reuse,16,cpp-std-vector,0,1048576,65536,1,43489000,16095999890136793189
normal-o3,0,256,reuse,16,reverse-c,1,1048576,65536,1,47971000,10905710204835692646
normal-o3,0,256,reuse,16,direct-c,1,1048576,65536,1,43164000,10905710204835692646
normal-o3,0,256,reuse,16,swap-take-c,1,1048576,65536,1,46907000,10905710204835692646
normal-o3,0,256,reuse,16,take-swap-c,1,1048576,65536,1,43498000,10905710204835692646
normal-o3,0,256,reuse,16,rust-vec,1,1048576,65536,1,40337000,10905710204835692646
normal-o3,0,256,reuse,16,cpp-std-vector,1,1048576,65536,1,43370000,10905710204835692646
normal-o3,0,256,reuse,16,whitefoot,1,1048576,65536,1,40627000,10905710204835692646
normal-o3,0,256,reuse,16,direct-c,2,1048576,65536,1,43612000,1136678281099509863
normal-o3,0,256,reuse,16,swap-take-c,2,1048576,65536,1,46843000,1136678281099509863
normal-o3,0,256,reuse,16,take-swap-c,2,1048576,65536,1,44254000,1136678281099509863
normal-o3,0,256,reuse,16,rust-vec,2,1048576,65536,1,40298000,1136678281099509863
normal-o3,0,256,reuse,16,cpp-std-vector,2,1048576,65536,1,43449000,1136678281099509863
normal-o3,0,256,reuse,16,whitefoot,2,1048576,65536,1,40633000,1136678281099509863
normal-o3,0,256,reuse,16,reverse-c,2,1048576,65536,1,47945000,1136678281099509863
normal-o3,0,256,reuse,16,swap-take-c,3,1048576,65536,1,47985000,1916000061831479400
normal-o3,0,256,reuse,16,take-swap-c,3,1048576,65536,1,44821000,1916000061831479400
normal-o3,0,256,reuse,16,rust-vec,3,1048576,65536,1,40263000,1916000061831479400
normal-o3,0,256,reuse,16,cpp-std-vector,3,1048576,65536,1,43339000,1916000061831479400
normal-o3,0,256,reuse,16,whitefoot,3,1048576,65536,1,40687000,1916000061831479400
normal-o3,0,256,reuse,16,reverse-c,3,1048576,65536,1,48164000,1916000061831479400
normal-o3,0,256,reuse,16,direct-c,3,1048576,65536,1,43038000,1916000061831479400
normal-o3,0,256,reuse,16,take-swap-c,4,1048576,65536,1,43557000,317124334665105513
normal-o3,0,256,reuse,16,rust-vec,4,1048576,65536,1,40277000,317124334665105513
normal-o3,0,256,reuse,16,cpp-std-vector,4,1048576,65536,1,43394000,317124334665105513
normal-o3,0,256,reuse,16,whitefoot,4,1048576,65536,1,40603000,317124334665105513
normal-o3,0,256,reuse,16,reverse-c,4,1048576,65536,1,47938000,317124334665105513
normal-o3,0,256,reuse,16,direct-c,4,1048576,65536,1,43074000,317124334665105513
normal-o3,0,256,reuse,16,swap-take-c,4,1048576,65536,1,46686000,317124334665105513
normal-o3,0,256,reuse,16,rust-vec,5,1048576,65536,1,40315000,16344508304658628714
normal-o3,0,256,reuse,16,cpp-std-vector,5,1048576,65536,1,43365000,16344508304658628714
normal-o3,0,256,reuse,16,whitefoot,5,1048576,65536,1,40608000,16344508304658628714
normal-o3,0,256,reuse,16,reverse-c,5,1048576,65536,1,49006000,16344508304658628714
normal-o3,0,256,reuse,16,direct-c,5,1048576,65536,1,43106000,16344508304658628714
normal-o3,0,256,reuse,16,swap-take-c,5,1048576,65536,1,47351000,16344508304658628714
normal-o3,0,256,reuse,16,take-swap-c,5,1048576,65536,1,44901000,16344508304658628714
normal-o3,0,256,reuse,16,cpp-std-vector,6,1048576,65536,1,43266000,17728104047323021419
normal-o3,0,256,reuse,16,whitefoot,6,1048576,65536,1,40551000,17728104047323021419
normal-o3,0,256,reuse,16,reverse-c,6,1048576,65536,1,48071000,17728104047323021419
normal-o3,0,256,reuse,16,direct-c,6,1048576,65536,1,43040000,17728104047323021419
normal-o3,0,256,reuse,16,swap-take-c,6,1048576,65536,1,46731000,17728104047323021419
normal-o3,0,256,reuse,16,take-swap-c,6,1048576,65536,1,43985000,17728104047323021419
normal-o3,0,256,reuse,16,rust-vec,6,1048576,65536,1,41509000,17728104047323021419
normal-o3,0,256,reuse,256,whitefoot,0,1048576,4096,1,38877000,5774473182449584229
normal-o3,0,256,reuse,256,reverse-c,0,1048576,4096,1,46279000,5774473182449584229
normal-o3,0,256,reuse,256,direct-c,0,1048576,4096,1,40758000,5774473182449584229
normal-o3,0,256,reuse,256,swap-take-c,0,1048576,4096,1,43359000,5774473182449584229
normal-o3,0,256,reuse,256,take-swap-c,0,1048576,4096,1,41158000,5774473182449584229
normal-o3,0,256,reuse,256,rust-vec,0,1048576,4096,1,38553000,5774473182449584229
normal-o3,0,256,reuse,256,cpp-std-vector,0,1048576,4096,1,41754000,5774473182449584229
normal-o3,0,256,reuse,256,reverse-c,1,1048576,4096,1,46347000,730816566922926182
normal-o3,0,256,reuse,256,direct-c,1,1048576,4096,1,40812000,730816566922926182
normal-o3,0,256,reuse,256,swap-take-c,1,1048576,4096,1,44534000,730816566922926182
normal-o3,0,256,reuse,256,take-swap-c,1,1048576,4096,1,42541000,730816566922926182
normal-o3,0,256,reuse,256,rust-vec,1,1048576,4096,1,38958000,730816566922926182
normal-o3,0,256,reuse,256,cpp-std-vector,1,1048576,4096,1,41764000,730816566922926182
normal-o3,0,256,reuse,256,whitefoot,1,1048576,4096,1,38834000,730816566922926182
normal-o3,0,256,reuse,256,direct-c,2,1048576,4096,1,42274000,3951699326411303015
normal-o3,0,256,reuse,256,swap-take-c,2,1048576,4096,1,43619000,3951699326411303015
normal-o3,0,256,reuse,256,take-swap-c,2,1048576,4096,1,41744000,3951699326411303015
normal-o3,0,256,reuse,256,rust-vec,2,1048576,4096,1,38515000,3951699326411303015
normal-o3,0,256,reuse,256,cpp-std-vector,2,1048576,4096,1,41718000,3951699326411303015
normal-o3,0,256,reuse,256,whitefoot,2,1048576,4096,1,38766000,3951699326411303015
normal-o3,0,256,reuse,256,reverse-c,2,1048576,4096,1,46373000,3951699326411303015
normal-o3,0,256,reuse,256,swap-take-c,3,1048576,4096,1,43424000,4669976213855500392
normal-o3,0,256,reuse,256,take-swap-c,3,1048576,4096,1,41144000,4669976213855500392
normal-o3,0,256,reuse,256,rust-vec,3,1048576,4096,1,38509000,4669976213855500392
normal-o3,0,256,reuse,256,cpp-std-vector,3,1048576,4096,1,41757000,4669976213855500392
normal-o3,0,256,reuse,256,whitefoot,3,1048576,4096,1,38744000,4669976213855500392
normal-o3,0,256,reuse,256,reverse-c,3,1048576,4096,1,46495000,4669976213855500392
normal-o3,0,256,reuse,256,direct-c,3,1048576,4096,1,40704000,4669976213855500392
normal-o3,0,256,reuse,256,take-swap-c,4,1048576,4096,1,41182000,4748812814999455849
normal-o3,0,256,reuse,256,rust-vec,4,1048576,4096,1,38548000,4748812814999455849
normal-o3,0,256,reuse,256,cpp-std-vector,4,1048576,4096,1,41671000,4748812814999455849
normal-o3,0,256,reuse,256,whitefoot,4,1048576,4096,1,38728000,4748812814999455849
normal-o3,0,256,reuse,256,reverse-c,4,1048576,4096,1,46457000,4748812814999455849
normal-o3,0,256,reuse,256,direct-c,4,1048576,4096,1,40841000,4748812814999455849
normal-o3,0,256,reuse,256,swap-take-c,4,1048576,4096,1,43976000,4748812814999455849
normal-o3,0,256,reuse,256,rust-vec,5,1048576,4096,1,39624000,9617966251147630698
normal-o3,0,256,reuse,256,cpp-std-vector,5,1048576,4096,1,42064000,9617966251147630698
normal-o3,0,256,reuse,256,whitefoot,5,1048576,4096,1,38747000,9617966251147630698
normal-o3,0,256,reuse,256,reverse-c,5,1048576,4096,1,46377000,9617966251147630698
normal-o3,0,256,reuse,256,direct-c,5,1048576,4096,1,40723000,9617966251147630698
normal-o3,0,256,reuse,256,swap-take-c,5,1048576,4096,1,44199000,9617966251147630698
normal-o3,0,256,reuse,256,take-swap-c,5,1048576,4096,1,43642000,9617966251147630698
normal-o3,0,256,reuse,256,cpp-std-vector,6,1048576,4096,1,41829000,14780350119149938795
normal-o3,0,256,reuse,256,whitefoot,6,1048576,4096,1,38857000,14780350119149938795
normal-o3,0,256,reuse,256,reverse-c,6,1048576,4096,1,46507000,14780350119149938795
normal-o3,0,256,reuse,256,direct-c,6,1048576,4096,1,41142000,14780350119149938795
normal-o3,0,256,reuse,256,swap-take-c,6,1048576,4096,1,43284000,14780350119149938795
normal-o3,0,256,reuse,256,take-swap-c,6,1048576,4096,1,41192000,14780350119149938795
normal-o3,0,256,reuse,256,rust-vec,6,1048576,4096,1,38576000,14780350119149938795
normal-o3,0,256,reuse,4096,whitefoot,0,1048576,256,1,41483000,7990118519889974501
normal-o3,0,256,reuse,4096,reverse-c,0,1048576,256,1,49714000,7990118519889974501
normal-o3,0,256,reuse,4096,direct-c,0,1048576,256,1,42925000,7990118519889974501
normal-o3,0,256,reuse,4096,swap-take-c,0,1048576,256,1,45339000,7990118519889974501
normal-o3,0,256,reuse,4096,take-swap-c,0,1048576,256,1,43175000,7990118519889974501
normal-o3,0,256,reuse,4096,rust-vec,0,1048576,256,1,40784000,7990118519889974501
normal-o3,0,256,reuse,4096,cpp-std-vector,0,1048576,256,1,43473000,7990118519889974501
normal-o3,0,256,reuse,4096,reverse-c,1,1048576,256,1,51245000,10660244701728609766
normal-o3,0,256,reuse,4096,direct-c,1,1048576,256,1,42878000,10660244701728609766
normal-o3,0,256,reuse,4096,swap-take-c,1,1048576,256,1,45219000,10660244701728609766
normal-o3,0,256,reuse,4096,take-swap-c,1,1048576,256,1,43174000,10660244701728609766
normal-o3,0,256,reuse,4096,rust-vec,1,1048576,256,1,40766000,10660244701728609766
normal-o3,0,256,reuse,4096,cpp-std-vector,1,1048576,256,1,43461000,10660244701728609766
normal-o3,0,256,reuse,4096,whitefoot,1,1048576,256,1,40786000,10660244701728609766
normal-o3,0,256,reuse,4096,direct-c,2,1048576,256,1,42891000,3495536164771485415
normal-o3,0,256,reuse,4096,swap-take-c,2,1048576,256,1,45111000,3495536164771485415
normal-o3,0,256,reuse,4096,take-swap-c,2,1048576,256,1,43224000,3495536164771485415
normal-o3,0,256,reuse,4096,rust-vec,2,1048576,256,1,40728000,3495536164771485415
normal-o3,0,256,reuse,4096,cpp-std-vector,2,1048576,256,1,44097000,3495536164771485415
normal-o3,0,256,reuse,4096,whitefoot,2,1048576,256,1,40747000,3495536164771485415
normal-o3,0,256,reuse,4096,reverse-c,2,1048576,256,1,50225000,3495536164771485415
normal-o3,0,256,reuse,4096,swap-take-c,3,1048576,256,1,45266000,15148529761215748072
normal-o3,0,256,reuse,4096,take-swap-c,3,1048576,256,1,43593000,15148529761215748072
normal-o3,0,256,reuse,4096,rust-vec,3,1048576,256,1,40741000,15148529761215748072
normal-o3,0,256,reuse,4096,cpp-std-vector,3,1048576,256,1,43500000,15148529761215748072
normal-o3,0,256,reuse,4096,whitefoot,3,1048576,256,1,41472000,15148529761215748072
normal-o3,0,256,reuse,4096,reverse-c,3,1048576,256,1,52178000,15148529761215748072
normal-o3,0,256,reuse,4096,direct-c,3,1048576,256,1,43916000,15148529761215748072
normal-o3,0,256,reuse,4096,take-swap-c,4,1048576,256,1,43472000,9298652180223940841
normal-o3,0,256,reuse,4096,rust-vec,4,1048576,256,1,41521000,9298652180223940841
normal-o3,0,256,reuse,4096,cpp-std-vector,4,1048576,256,1,43466000,9298652180223940841
normal-o3,0,256,reuse,4096,whitefoot,4,1048576,256,1,40788000,9298652180223940841
normal-o3,0,256,reuse,4096,reverse-c,4,1048576,256,1,49470000,9298652180223940841
normal-o3,0,256,reuse,4096,direct-c,4,1048576,256,1,42812000,9298652180223940841
normal-o3,0,256,reuse,4096,swap-take-c,4,1048576,256,1,45209000,9298652180223940841
normal-o3,0,256,reuse,4096,rust-vec,5,1048576,256,1,40768000,8375064059273222634
normal-o3,0,256,reuse,4096,cpp-std-vector,5,1048576,256,1,43528000,8375064059273222634
normal-o3,0,256,reuse,4096,whitefoot,5,1048576,256,1,40949000,8375064059273222634
normal-o3,0,256,reuse,4096,reverse-c,5,1048576,256,1,49504000,8375064059273222634
normal-o3,0,256,reuse,4096,direct-c,5,1048576,256,1,42971000,8375064059273222634
normal-o3,0,256,reuse,4096,swap-take-c,5,1048576,256,1,45997000,8375064059273222634
normal-o3,0,256,reuse,4096,take-swap-c,5,1048576,256,1,43272000,8375064059273222634
normal-o3,0,256,reuse,4096,cpp-std-vector,6,1048576,256,1,43487000,18409727464639388395
normal-o3,0,256,reuse,4096,whitefoot,6,1048576,256,1,40798000,18409727464639388395
normal-o3,0,256,reuse,4096,reverse-c,6,1048576,256,1,49470000,18409727464639388395
normal-o3,0,256,reuse,4096,direct-c,6,1048576,256,1,43073000,18409727464639388395
normal-o3,0,256,reuse,4096,swap-take-c,6,1048576,256,1,45247000,18409727464639388395
normal-o3,0,256,reuse,4096,take-swap-c,6,1048576,256,1,43226000,18409727464639388395
normal-o3,0,256,reuse,4096,rust-vec,6,1048576,256,1,42467000,18409727464639388395
normal-o3,0,256,suffix-0,16,whitefoot,0,1048576,1048576,1,2383000,6607130204449329354
normal-o3,0,256,suffix-0,16,reverse-c,0,1048576,1048576,1,2964000,6607130204449329354
normal-o3,0,256,suffix-0,16,direct-c,0,1048576,1048576,1,2876000,6607130204449329354
normal-o3,0,256,suffix-0,16,swap-take-c,0,1048576,1048576,1,3040000,6607130204449329354
normal-o3,0,256,suffix-0,16,take-swap-c,0,1048576,1048576,1,4237000,6607130204449329354
normal-o3,0,256,suffix-0,16,rust-vec,0,1048576,1048576,1,1083000,6607130204449329354
normal-o3,0,256,suffix-0,16,cpp-std-vector,0,1048576,1048576,1,2868000,6607130204449329354
normal-o3,0,256,suffix-0,16,reverse-c,1,1048576,1048576,1,2851000,16952766600949476812
normal-o3,0,256,suffix-0,16,direct-c,1,1048576,1048576,1,2784000,16952766600949476812
normal-o3,0,256,suffix-0,16,swap-take-c,1,1048576,1048576,1,2868000,16952766600949476812
normal-o3,0,256,suffix-0,16,take-swap-c,1,1048576,1048576,1,3181000,16952766600949476812
normal-o3,0,256,suffix-0,16,rust-vec,1,1048576,1048576,1,1025000,16952766600949476812
normal-o3,0,256,suffix-0,16,cpp-std-vector,1,1048576,1048576,1,2780000,16952766600949476812
normal-o3,0,256,suffix-0,16,whitefoot,1,1048576,1048576,1,2278000,16952766600949476812
normal-o3,0,256,suffix-0,16,direct-c,2,1048576,1048576,1,2785000,8851658923740072654
normal-o3,0,256,suffix-0,16,swap-take-c,2,1048576,1048576,1,2873000,8851658923740072654
normal-o3,0,256,suffix-0,16,take-swap-c,2,1048576,1048576,1,3140000,8851658923740072654
normal-o3,0,256,suffix-0,16,rust-vec,2,1048576,1048576,1,987000,8851658923740072654
normal-o3,0,256,suffix-0,16,cpp-std-vector,2,1048576,1048576,1,2779000,8851658923740072654
normal-o3,0,256,suffix-0,16,whitefoot,2,1048576,1048576,1,2284000,8851658923740072654
normal-o3,0,256,suffix-0,16,reverse-c,2,1048576,1048576,1,2829000,8851658923740072654
normal-o3,0,256,suffix-0,16,swap-take-c,3,1048576,1048576,1,2914000,750551246530668496
normal-o3,0,256,suffix-0,16,take-swap-c,3,1048576,1048576,1,3158000,750551246530668496
normal-o3,0,256,suffix-0,16,rust-vec,3,1048576,1048576,1,1017000,750551246530668496
normal-o3,0,256,suffix-0,16,cpp-std-vector,3,1048576,1048576,1,2850000,750551246530668496
normal-o3,0,256,suffix-0,16,whitefoot,3,1048576,1048576,1,2278000,750551246530668496
normal-o3,0,256,suffix-0,16,reverse-c,3,1048576,1048576,1,2814000,750551246530668496
normal-o3,0,256,suffix-0,16,direct-c,3,1048576,1048576,1,2798000,750551246530668496
normal-o3,0,256,suffix-0,16,take-swap-c,4,1048576,1048576,1,4089000,11096187643030815954
normal-o3,0,256,suffix-0,16,rust-vec,4,1048576,1048576,1,989000,11096187643030815954
normal-o3,0,256,suffix-0,16,cpp-std-vector,4,1048576,1048576,1,2762000,11096187643030815954
normal-o3,0,256,suffix-0,16,whitefoot,4,1048576,1048576,1,2275000,11096187643030815954
normal-o3,0,256,suffix-0,16,reverse-c,4,1048576,1048576,1,2818000,11096187643030815954
normal-o3,0,256,suffix-0,16,direct-c,4,1048576,1048576,1,2781000,11096187643030815954
normal-o3,0,256,suffix-0,16,swap-take-c,4,1048576,1048576,1,2878000,11096187643030815954
normal-o3,0,256,suffix-0,16,rust-vec,5,1048576,1048576,1,1002000,2995079965821411796
normal-o3,0,256,suffix-0,16,cpp-std-vector,5,1048576,1048576,1,2768000,2995079965821411796
normal-o3,0,256,suffix-0,16,whitefoot,5,1048576,1048576,1,2300000,2995079965821411796
normal-o3,0,256,suffix-0,16,reverse-c,5,1048576,1048576,1,2849000,2995079965821411796
normal-o3,0,256,suffix-0,16,direct-c,5,1048576,1048576,1,2779000,2995079965821411796
normal-o3,0,256,suffix-0,16,swap-take-c,5,1048576,1048576,1,2871000,2995079965821411796
normal-o3,0,256,suffix-0,16,take-swap-c,5,1048576,1048576,1,4237000,2995079965821411796
normal-o3,0,256,suffix-0,16,cpp-std-vector,6,1048576,1048576,1,2845000,13340716362321559254
normal-o3,0,256,suffix-0,16,whitefoot,6,1048576,1048576,1,2349000,13340716362321559254
normal-o3,0,256,suffix-0,16,reverse-c,6,1048576,1048576,1,2917000,13340716362321559254
normal-o3,0,256,suffix-0,16,direct-c,6,1048576,1048576,1,2864000,13340716362321559254
normal-o3,0,256,suffix-0,16,swap-take-c,6,1048576,1048576,1,2965000,13340716362321559254
normal-o3,0,256,suffix-0,16,take-swap-c,6,1048576,1048576,1,4207000,13340716362321559254
normal-o3,0,256,suffix-0,16,rust-vec,6,1048576,1048576,1,1013000,13340716362321559254
normal-o3,0,256,suffix-0,256,whitefoot,0,1048576,1048576,1,2291000,16711255245857297866
normal-o3,0,256,suffix-0,256,reverse-c,0,1048576,1048576,1,2829000,16711255245857297866
normal-o3,0,256,suffix-0,256,direct-c,0,1048576,1048576,1,2806000,16711255245857297866
normal-o3,0,256,suffix-0,256,swap-take-c,0,1048576,1048576,1,2879000,16711255245857297866
normal-o3,0,256,suffix-0,256,take-swap-c,0,1048576,1048576,1,4097000,16711255245857297866
normal-o3,0,256,suffix-0,256,rust-vec,0,1048576,1048576,1,1010000,16711255245857297866
normal-o3,0,256,suffix-0,256,cpp-std-vector,0,1048576,1048576,1,2770000,16711255245857297866
normal-o3,0,256,suffix-0,256,reverse-c,1,1048576,1048576,1,2823000,17222991059918444236
normal-o3,0,256,suffix-0,256,direct-c,1,1048576,1048576,1,2794000,17222991059918444236
normal-o3,0,256,suffix-0,256,swap-take-c,1,1048576,1048576,1,2895000,17222991059918444236
normal-o3,0,256,suffix-0,256,take-swap-c,1,1048576,1048576,1,4098000,17222991059918444236
normal-o3,0,256,suffix-0,256,rust-vec,1,1048576,1048576,1,995000,17222991059918444236
normal-o3,0,256,suffix-0,256,cpp-std-vector,1,1048576,1048576,1,2852000,17222991059918444236
normal-o3,0,256,suffix-0,256,whitefoot,1,1048576,1048576,1,2286000,17222991059918444236
normal-o3,0,256,suffix-0,256,direct-c,2,1048576,1048576,1,2797000,17734726873979590606
normal-o3,0,256,suffix-0,256,swap-take-c,2,1048576,1048576,1,2884000,17734726873979590606
normal-o3,0,256,suffix-0,256,take-swap-c,2,1048576,1048576,1,4097000,17734726873979590606
normal-o3,0,256,suffix-0,256,rust-vec,2,1048576,1048576,1,1025000,17734726873979590606
normal-o3,0,256,suffix-0,256,cpp-std-vector,2,1048576,1048576,1,2805000,17734726873979590606
normal-o3,0,256,suffix-0,256,whitefoot,2,1048576,1048576,1,2293000,17734726873979590606
normal-o3,0,256,suffix-0,256,reverse-c,2,1048576,1048576,1,2822000,17734726873979590606
normal-o3,0,256,suffix-0,256,swap-take-c,3,1048576,1048576,1,2878000,18246462688040736976
normal-o3,0,256,suffix-0,256,take-swap-c,3,1048576,1048576,1,4086000,18246462688040736976
normal-o3,0,256,suffix-0,256,rust-vec,3,1048576,1048576,1,1000000,18246462688040736976
normal-o3,0,256,suffix-0,256,cpp-std-vector,3,1048576,1048576,1,2847000,18246462688040736976
normal-o3,0,256,suffix-0,256,whitefoot,3,1048576,1048576,1,2299000,18246462688040736976
normal-o3,0,256,suffix-0,256,reverse-c,3,1048576,1048576,1,2823000,18246462688040736976
normal-o3,0,256,suffix-0,256,direct-c,3,1048576,1048576,1,2787000,18246462688040736976
normal-o3,0,256,suffix-0,256,take-swap-c,4,1048576,1048576,1,4111000,311454428392331730
normal-o3,0,256,suffix-0,256,rust-vec,4,1048576,1048576,1,1018000,311454428392331730
normal-o3,0,256,suffix-0,256,cpp-std-vector,4,1048576,1048576,1,2772000,311454428392331730
normal-o3,0,256,suffix-0,256,whitefoot,4,1048576,1048576,1,2285000,311454428392331730
normal-o3,0,256,suffix-0,256,reverse-c,4,1048576,1048576,1,2830000,311454428392331730
normal-o3,0,256,suffix-0,256,direct-c,4,1048576,1048576,1,2787000,311454428392331730
normal-o3,0,256,suffix-0,256,swap-take-c,4,1048576,1048576,1,2884000,311454428392331730
normal-o3,0,256,suffix-0,256,rust-vec,5,1048576,1048576,1,1003000,823190242453478100
normal-o3,0,256,suffix-0,256,cpp-std-vector,5,1048576,1048576,1,2788000,823190242453478100
normal-o3,0,256,suffix-0,256,whitefoot,5,1048576,1048576,1,2308000,823190242453478100
normal-o3,0,256,suffix-0,256,reverse-c,5,1048576,1048576,1,2860000,823190242453478100
normal-o3,0,256,suffix-0,256,direct-c,5,1048576,1048576,1,2791000,823190242453478100
normal-o3,0,256,suffix-0,256,swap-take-c,5,1048576,1048576,1,2904000,823190242453478100
normal-o3,0,256,suffix-0,256,take-swap-c,5,1048576,1048576,1,4097000,823190242453478100
normal-o3,0,256,suffix-0,256,cpp-std-vector,6,1048576,1048576,1,2787000,1334926056514624470
normal-o3,0,256,suffix-0,256,whitefoot,6,1048576,1048576,1,2285000,1334926056514624470
normal-o3,0,256,suffix-0,256,reverse-c,6,1048576,1048576,1,2820000,1334926056514624470
normal-o3,0,256,suffix-0,256,direct-c,6,1048576,1048576,1,2787000,1334926056514624470
normal-o3,0,256,suffix-0,256,swap-take-c,6,1048576,1048576,1,2906000,1334926056514624470
normal-o3,0,256,suffix-0,256,take-swap-c,6,1048576,1048576,1,4092000,1334926056514624470
normal-o3,0,256,suffix-0,256,rust-vec,6,1048576,1048576,1,994000,1334926056514624470
normal-o3,0,256,suffix-0,4096,whitefoot,0,1048576,1048576,1,2418000,7001658466579473866
normal-o3,0,256,suffix-0,4096,reverse-c,0,1048576,1048576,1,2978000,7001658466579473866
normal-o3,0,256,suffix-0,4096,direct-c,0,1048576,1048576,1,2925000,7001658466579473866
normal-o3,0,256,suffix-0,4096,swap-take-c,0,1048576,1048576,1,3021000,7001658466579473866
normal-o3,0,256,suffix-0,4096,take-swap-c,0,1048576,1048576,1,3277000,7001658466579473866
normal-o3,0,256,suffix-0,4096,rust-vec,0,1048576,1048576,1,1141000,7001658466579473866
normal-o3,0,256,suffix-0,4096,cpp-std-vector,0,1048576,1048576,1,2928000,7001658466579473866
normal-o3,0,256,suffix-0,4096,reverse-c,1,1048576,1048576,1,2981000,100047013315307212
normal-o3,0,256,suffix-0,4096,direct-c,1,1048576,1048576,1,2916000,100047013315307212
normal-o3,0,256,suffix-0,4096,swap-take-c,1,1048576,1048576,1,3023000,100047013315307212
normal-o3,0,256,suffix-0,4096,take-swap-c,1,1048576,1048576,1,4293000,100047013315307212
normal-o3,0,256,suffix-0,4096,rust-vec,1,1048576,1048576,1,1157000,100047013315307212
normal-o3,0,256,suffix-0,4096,cpp-std-vector,1,1048576,1048576,1,2910000,100047013315307212
normal-o3,0,256,suffix-0,4096,whitefoot,1,1048576,1048576,1,2414000,100047013315307212
normal-o3,0,256,suffix-0,4096,direct-c,2,1048576,1048576,1,2937000,11645179633760692174
normal-o3,0,256,suffix-0,4096,swap-take-c,2,1048576,1048576,1,3014000,11645179633760692174
normal-o3,0,256,suffix-0,4096,take-swap-c,2,1048576,1048576,1,4233000,11645179633760692174
normal-o3,0,256,suffix-0,4096,rust-vec,2,1048576,1048576,1,1129000,11645179633760692174
normal-o3,0,256,suffix-0,4096,cpp-std-vector,2,1048576,1048576,1,2934000,11645179633760692174
normal-o3,0,256,suffix-0,4096,whitefoot,2,1048576,1048576,1,2438000,11645179633760692174
normal-o3,0,256,suffix-0,4096,reverse-c,2,1048576,1048576,1,2990000,11645179633760692174
normal-o3,0,256,suffix-0,4096,swap-take-c,3,1048576,1048576,1,3033000,4743568180496525520
normal-o3,0,256,suffix-0,4096,take-swap-c,3,1048576,1048576,1,4296000,4743568180496525520
normal-o3,0,256,suffix-0,4096,rust-vec,3,1048576,1048576,1,1131000,4743568180496525520
normal-o3,0,256,suffix-0,4096,cpp-std-vector,3,1048576,1048576,1,2916000,4743568180496525520
normal-o3,0,256,suffix-0,4096,whitefoot,3,1048576,1048576,1,2417000,4743568180496525520
normal-o3,0,256,suffix-0,4096,reverse-c,3,1048576,1048576,1,3005000,4743568180496525520
normal-o3,0,256,suffix-0,4096,direct-c,3,1048576,1048576,1,2924000,4743568180496525520
normal-o3,0,256,suffix-0,4096,take-swap-c,4,1048576,1048576,1,4286000,16288700800941910482
normal-o3,0,256,suffix-0,4096,rust-vec,4,1048576,1048576,1,1131000,16288700800941910482
normal-o3,0,256,suffix-0,4096,cpp-std-vector,4,1048576,1048576,1,2937000,16288700800941910482
normal-o3,0,256,suffix-0,4096,whitefoot,4,1048576,1048576,1,2414000,16288700800941910482
normal-o3,0,256,suffix-0,4096,reverse-c,4,1048576,1048576,1,2979000,16288700800941910482
normal-o3,0,256,suffix-0,4096,direct-c,4,1048576,1048576,1,2927000,16288700800941910482
normal-o3,0,256,suffix-0,4096,swap-take-c,4,1048576,1048576,1,3016000,16288700800941910482
normal-o3,0,256,suffix-0,4096,rust-vec,5,1048576,1048576,1,1202000,9387089347677743828
normal-o3,0,256,suffix-0,4096,cpp-std-vector,5,1048576,1048576,1,2937000,9387089347677743828
normal-o3,0,256,suffix-0,4096,whitefoot,5,1048576,1048576,1,2416000,9387089347677743828
normal-o3,0,256,suffix-0,4096,reverse-c,5,1048576,1048576,1,2981000,9387089347677743828
normal-o3,0,256,suffix-0,4096,direct-c,5,1048576,1048576,1,2931000,9387089347677743828
normal-o3,0,256,suffix-0,4096,swap-take-c,5,1048576,1048576,1,3010000,9387089347677743828
normal-o3,0,256,suffix-0,4096,take-swap-c,5,1048576,1048576,1,4225000,9387089347677743828
normal-o3,0,256,suffix-0,4096,cpp-std-vector,6,1048576,1048576,1,2915000,2485477894413577174
normal-o3,0,256,suffix-0,4096,whitefoot,6,1048576,1048576,1,2416000,2485477894413577174
normal-o3,0,256,suffix-0,4096,reverse-c,6,1048576,1048576,1,2982000,2485477894413577174
normal-o3,0,256,suffix-0,4096,direct-c,6,1048576,1048576,1,2922000,2485477894413577174
normal-o3,0,256,suffix-0,4096,swap-take-c,6,1048576,1048576,1,3030000,2485477894413577174
normal-o3,0,256,suffix-0,4096,take-swap-c,6,1048576,1048576,1,4283000,2485477894413577174
normal-o3,0,256,suffix-0,4096,rust-vec,6,1048576,1048576,1,1128000,2485477894413577174
normal-o3,0,256,suffix-1,16,whitefoot,0,1048576,1048576,1,35688000,10077132583444572090
normal-o3,0,256,suffix-1,16,reverse-c,0,1048576,1048576,1,34208000,10077132583444572090
normal-o3,0,256,suffix-1,16,direct-c,0,1048576,1048576,1,15543000,10077132583444572090
normal-o3,0,256,suffix-1,16,swap-take-c,0,1048576,1048576,1,34380000,10077132583444572090
normal-o3,0,256,suffix-1,16,take-swap-c,0,1048576,1048576,1,17645000,10077132583444572090
normal-o3,0,256,suffix-1,16,rust-vec,0,1048576,1048576,1,15673000,10077132583444572090
normal-o3,0,256,suffix-1,16,cpp-std-vector,0,1048576,1048576,1,16494000,10077132583444572090
normal-o3,0,256,suffix-1,16,reverse-c,1,1048576,1048576,1,34258000,18010505805122801404
normal-o3,0,256,suffix-1,16,direct-c,1,1048576,1048576,1,15604000,18010505805122801404
normal-o3,0,256,suffix-1,16,swap-take-c,1,1048576,1048576,1,34468000,18010505805122801404
normal-o3,0,256,suffix-1,16,take-swap-c,1,1048576,1048576,1,17721000,18010505805122801404
normal-o3,0,256,suffix-1,16,rust-vec,1,1048576,1048576,1,15781000,18010505805122801404
normal-o3,0,256,suffix-1,16,cpp-std-vector,1,1048576,1048576,1,16614000,18010505805122801404
normal-o3,0,256,suffix-1,16,whitefoot,1,1048576,1048576,1,30080000,18010505805122801404
normal-o3,0,256,suffix-1,16,direct-c,2,1048576,1048576,1,15634000,7497134953091479102
normal-o3,0,256,suffix-1,16,swap-take-c,2,1048576,1048576,1,34629000,7497134953091479102
normal-o3,0,256,suffix-1,16,take-swap-c,2,1048576,1048576,1,18561000,7497134953091479102
normal-o3,0,256,suffix-1,16,rust-vec,2,1048576,1048576,1,16430000,7497134953091479102
normal-o3,0,256,suffix-1,16,cpp-std-vector,2,1048576,1048576,1,17197000,7497134953091479102
normal-o3,0,256,suffix-1,16,whitefoot,2,1048576,1048576,1,25976000,7497134953091479102
normal-o3,0,256,suffix-1,16,reverse-c,2,1048576,1048576,1,34206000,7497134953091479102
normal-o3,0,256,suffix-1,16,swap-take-c,3,1048576,1048576,1,35898000,15430508174769708416
normal-o3,0,256,suffix-1,16,take-swap-c,3,1048576,1048576,1,18172000,15430508174769708416
normal-o3,0,256,suffix-1,16,rust-vec,3,1048576,1048576,1,15868000,15430508174769708416
normal-o3,0,256,suffix-1,16,cpp-std-vector,3,1048576,1048576,1,17011000,15430508174769708416
normal-o3,0,256,suffix-1,16,whitefoot,3,1048576,1048576,1,36804000,15430508174769708416
normal-o3,0,256,suffix-1,16,reverse-c,3,1048576,1048576,1,35306000,15430508174769708416
normal-o3,0,256,suffix-1,16,direct-c,3,1048576,1048576,1,17611000,15430508174769708416
normal-o3,0,256,suffix-1,16,take-swap-c,4,1048576,1048576,1,19378000,4917137322738386114
normal-o3,0,256,suffix-1,16,rust-vec,4,1048576,1048576,1,17281000,4917137322738386114
normal-o3,0,256,suffix-1,16,cpp-std-vector,4,1048576,1048576,1,17934000,4917137322738386114
normal-o3,0,256,suffix-1,16,whitefoot,4,1048576,1048576,1,19410000,4917137322738386114
normal-o3,0,256,suffix-1,16,reverse-c,4,1048576,1048576,1,36705000,4917137322738386114
normal-o3,0,256,suffix-1,16,direct-c,4,1048576,1048576,1,15955000,4917137322738386114
normal-o3,0,256,suffix-1,16,swap-take-c,4,1048576,1048576,1,34420000,4917137322738386114
normal-o3,0,256,suffix-1,16,rust-vec,5,1048576,1048576,1,15667000,12850510544416615428
normal-o3,0,256,suffix-1,16,cpp-std-vector,5,1048576,1048576,1,16549000,12850510544416615428
normal-o3,0,256,suffix-1,16,whitefoot,5,1048576,1048576,1,29961000,12850510544416615428
normal-o3,0,256,suffix-1,16,reverse-c,5,1048576,1048576,1,34153000,12850510544416615428
normal-o3,0,256,suffix-1,16,direct-c,5,1048576,1048576,1,15540000,12850510544416615428
normal-o3,0,256,suffix-1,16,swap-take-c,5,1048576,1048576,1,34429000,12850510544416615428
normal-o3,0,256,suffix-1,16,take-swap-c,5,1048576,1048576,1,17576000,12850510544416615428
normal-o3,0,256,suffix-1,16,cpp-std-vector,6,1048576,1048576,1,16484000,2337139692385293126
normal-o3,0,256,suffix-1,16,whitefoot,6,1048576,1048576,1,35625000,2337139692385293126
normal-o3,0,256,suffix-1,16,reverse-c,6,1048576,1048576,1,34214000,2337139692385293126
normal-o3,0,256,suffix-1,16,direct-c,6,1048576,1048576,1,15643000,2337139692385293126
normal-o3,0,256,suffix-1,16,swap-take-c,6,1048576,1048576,1,34405000,2337139692385293126
normal-o3,0,256,suffix-1,16,take-swap-c,6,1048576,1048576,1,17520000,2337139692385293126
normal-o3,0,256,suffix-1,16,rust-vec,6,1048576,1048576,1,15718000,2337139692385293126
normal-o3,0,256,suffix-1,256,whitefoot,0,1048576,1048576,1,29015000,16136919648563323066
normal-o3,0,256,suffix-1,256,reverse-c,0,1048576,1048576,1,34284000,16136919648563323066
normal-o3,0,256,suffix-1,256,direct-c,0,1048576,1048576,1,15586000,16136919648563323066
normal-o3,0,256,suffix-1,256,swap-take-c,0,1048576,1048576,1,34411000,16136919648563323066
normal-o3,0,256,suffix-1,256,take-swap-c,0,1048576,1048576,1,17666000,16136919648563323066
normal-o3,0,256,suffix-1,256,rust-vec,0,1048576,1048576,1,16179000,16136919648563323066
normal-o3,0,256,suffix-1,256,cpp-std-vector,0,1048576,1048576,1,17025000,16136919648563323066
normal-o3,0,256,suffix-1,256,reverse-c,1,1048576,1048576,1,35303000,7049943648979053564
normal-o3,0,256,suffix-1,256,direct-c,1,1048576,1048576,1,16302000,7049943648979053564
normal-o3,0,256,suffix-1,256,swap-take-c,1,1048576,1048576,1,35439000,7049943648979053564
normal-o3,0,256,suffix-1,256,take-swap-c,1,1048576,1048576,1,17576000,7049943648979053564
normal-o3,0,256,suffix-1,256,rust-vec,1,1048576,1048576,1,15750000,7049943648979053564
normal-o3,0,256,suffix-1,256,cpp-std-vector,1,1048576,1048576,1,16539000,7049943648979053564
normal-o3,0,256,suffix-1,256,whitefoot,1,1048576,1048576,1,31473000,7049943648979053564
normal-o3,0,256,suffix-1,256,direct-c,2,1048576,1048576,1,15673000,16409711723104335678
normal-o3,0,256,suffix-1,256,swap-take-c,2,1048576,1048576,1,34422000,16409711723104335678
normal-o3,0,256,suffix-1,256,take-swap-c,2,1048576,1048576,1,17558000,16409711723104335678
normal-o3,0,256,suffix-1,256,rust-vec,2,1048576,1048576,1,15757000,16409711723104335678
normal-o3,0,256,suffix-1,256,cpp-std-vector,2,1048576,1048576,1,16515000,16409711723104335678
normal-o3,0,256,suffix-1,256,whitefoot,2,1048576,1048576,1,20257000,16409711723104335678
normal-o3,0,256,suffix-1,256,reverse-c,2,1048576,1048576,1,34601000,16409711723104335678
normal-o3,0,256,suffix-1,256,swap-take-c,3,1048576,1048576,1,34404000,7322735723520066176
normal-o3,0,256,suffix-1,256,take-swap-c,3,1048576,1048576,1,17568000,7322735723520066176
normal-o3,0,256,suffix-1,256,rust-vec,3,1048576,1048576,1,15708000,7322735723520066176
normal-o3,0,256,suffix-1,256,cpp-std-vector,3,1048576,1048576,1,16565000,7322735723520066176
normal-o3,0,256,suffix-1,256,whitefoot,3,1048576,1048576,1,35739000,7322735723520066176
normal-o3,0,256,suffix-1,256,reverse-c,3,1048576,1048576,1,34239000,7322735723520066176
normal-o3,0,256,suffix-1,256,direct-c,3,1048576,1048576,1,15610000,7322735723520066176
normal-o3,0,256,suffix-1,256,take-swap-c,4,1048576,1048576,1,17536000,16682503797645348290
normal-o3,0,256,suffix-1,256,rust-vec,4,1048576,1048576,1,15798000,16682503797645348290
normal-o3,0,256,suffix-1,256,cpp-std-vector,4,1048576,1048576,1,16536000,16682503797645348290
normal-o3,0,256,suffix-1,256,whitefoot,4,1048576,1048576,1,35673000,16682503797645348290
normal-o3,0,256,suffix-1,256,reverse-c,4,1048576,1048576,1,34309000,16682503797645348290
normal-o3,0,256,suffix-1,256,direct-c,4,1048576,1048576,1,15590000,16682503797645348290
normal-o3,0,256,suffix-1,256,swap-take-c,4,1048576,1048576,1,34328000,16682503797645348290
normal-o3,0,256,suffix-1,256,rust-vec,5,1048576,1048576,1,15666000,7595527798061078788
normal-o3,0,256,suffix-1,256,cpp-std-vector,5,1048576,1048576,1,16577000,7595527798061078788
normal-o3,0,256,suffix-1,256,whitefoot,5,1048576,1048576,1,35762000,7595527798061078788
normal-o3,0,256,suffix-1,256,reverse-c,5,1048576,1048576,1,34232000,7595527798061078788
normal-o3,0,256,suffix-1,256,direct-c,5,1048576,1048576,1,15593000,7595527798061078788
normal-o3,0,256,suffix-1,256,swap-take-c,5,1048576,1048576,1,34370000,7595527798061078788
normal-o3,0,256,suffix-1,256,take-swap-c,5,1048576,1048576,1,17565000,7595527798061078788
normal-o3,0,256,suffix-1,256,cpp-std-vector,6,1048576,1048576,1,17037000,16955295872186360902
normal-o3,0,256,suffix-1,256,whitefoot,6,1048576,1048576,1,24316000,16955295872186360902
normal-o3,0,256,suffix-1,256,reverse-c,6,1048576,1048576,1,35376000,16955295872186360902
normal-o3,0,256,suffix-1,256,direct-c,6,1048576,1048576,1,15662000,16955295872186360902
normal-o3,0,256,suffix-1,256,swap-take-c,6,1048576,1048576,1,34450000,16955295872186360902
normal-o3,0,256,suffix-1,256,take-swap-c,6,1048576,1048576,1,17537000,16955295872186360902
normal-o3,0,256,suffix-1,256,rust-vec,6,1048576,1048576,1,15739000,16955295872186360902
normal-o3,0,256,suffix-1,4096,whitefoot,0,1048576,1048576,1,19984000,11423154033847496890
normal-o3,0,256,suffix-1,4096,reverse-c,0,1048576,1048576,1,34595000,11423154033847496890
normal-o3,0,256,suffix-1,4096,direct-c,0,1048576,1048576,1,15953000,11423154033847496890
normal-o3,0,256,suffix-1,4096,swap-take-c,0,1048576,1048576,1,34526000,11423154033847496890
normal-o3,0,256,suffix-1,4096,take-swap-c,0,1048576,1048576,1,17692000,11423154033847496890
normal-o3,0,256,suffix-1,4096,rust-vec,0,1048576,1048576,1,15852000,11423154033847496890
normal-o3,0,256,suffix-1,4096,cpp-std-vector,0,1048576,1048576,1,16624000,11423154033847496890
normal-o3,0,256,suffix-1,4096,reverse-c,1,1048576,1048576,1,34742000,18279605564934372348
normal-o3,0,256,suffix-1,4096,direct-c,1,1048576,1048576,1,15676000,18279605564934372348
normal-o3,0,256,suffix-1,4096,swap-take-c,1,1048576,1048576,1,35359000,18279605564934372348
normal-o3,0,256,suffix-1,4096,take-swap-c,1,1048576,1048576,1,17903000,18279605564934372348
normal-o3,0,256,suffix-1,4096,rust-vec,1,1048576,1048576,1,15815000,18279605564934372348
normal-o3,0,256,suffix-1,4096,cpp-std-vector,1,1048576,1048576,1,16726000,18279605564934372348
normal-o3,0,256,suffix-1,4096,whitefoot,1,1048576,1048576,1,35896000,18279605564934372348
normal-o3,0,256,suffix-1,4096,direct-c,2,1048576,1048576,1,15776000,6689313022311696190
normal-o3,0,256,suffix-1,4096,swap-take-c,2,1048576,1048576,1,34626000,6689313022311696190
normal-o3,0,256,suffix-1,4096,take-swap-c,2,1048576,1048576,1,17708000,6689313022311696190
normal-o3,0,256,suffix-1,4096,rust-vec,2,1048576,1048576,1,15902000,6689313022311696190
normal-o3,0,256,suffix-1,4096,cpp-std-vector,2,1048576,1048576,1,16587000,6689313022311696190
normal-o3,0,256,suffix-1,4096,whitefoot,2,1048576,1048576,1,22660000,6689313022311696190
normal-o3,0,256,suffix-1,4096,reverse-c,2,1048576,1048576,1,34527000,6689313022311696190
normal-o3,0,256,suffix-1,4096,swap-take-c,3,1048576,1048576,1,34491000,13545764553398571648
normal-o3,0,256,suffix-1,4096,take-swap-c,3,1048576,1048576,1,17841000,13545764553398571648
normal-o3,0,256,suffix-1,4096,rust-vec,3,1048576,1048576,1,15805000,13545764553398571648
normal-o3,0,256,suffix-1,4096,cpp-std-vector,3,1048576,1048576,1,16689000,13545764553398571648
normal-o3,0,256,suffix-1,4096,whitefoot,3,1048576,1048576,1,35820000,13545764553398571648
normal-o3,0,256,suffix-1,4096,reverse-c,3,1048576,1048576,1,34433000,13545764553398571648
normal-o3,0,256,suffix-1,4096,direct-c,3,1048576,1048576,1,15698000,13545764553398571648
normal-o3,0,256,suffix-1,4096,take-swap-c,4,1048576,1048576,1,17678000,1955472010775895490
normal-o3,0,256,suffix-1,4096,rust-vec,4,1048576,1048576,1,15867000,1955472010775895490
normal-o3,0,256,suffix-1,4096,cpp-std-vector,4,1048576,1048576,1,16674000,1955472010775895490
normal-o3,0,256,suffix-1,4096,whitefoot,4,1048576,1048576,1,35868000,1955472010775895490
normal-o3,0,256,suffix-1,4096,reverse-c,4,1048576,1048576,1,34456000,1955472010775895490
normal-o3,0,256,suffix-1,4096,direct-c,4,1048576,1048576,1,15726000,1955472010775895490
normal-o3,0,256,suffix-1,4096,swap-take-c,4,1048576,1048576,1,34704000,1955472010775895490
normal-o3,0,256,suffix-1,4096,rust-vec,5,1048576,1048576,1,16558000,8811923541862770948
normal-o3,0,256,suffix-1,4096,cpp-std-vector,5,1048576,1048576,1,17319000,8811923541862770948
normal-o3,0,256,suffix-1,4096,whitefoot,5,1048576,1048576,1,25596000,8811923541862770948
normal-o3,0,256,suffix-1,4096,reverse-c,5,1048576,1048576,1,34364000,8811923541862770948
normal-o3,0,256,suffix-1,4096,direct-c,5,1048576,1048576,1,15713000,8811923541862770948
normal-o3,0,256,suffix-1,4096,swap-take-c,5,1048576,1048576,1,34544000,8811923541862770948
normal-o3,0,256,suffix-1,4096,take-swap-c,5,1048576,1048576,1,17802000,8811923541862770948
normal-o3,0,256,suffix-1,4096,cpp-std-vector,6,1048576,1048576,1,16709000,15668375072949646406
normal-o3,0,256,suffix-1,4096,whitefoot,6,1048576,1048576,1,18932000,15668375072949646406
normal-o3,0,256,suffix-1,4096,reverse-c,6,1048576,1048576,1,34459000,15668375072949646406
normal-o3,0,256,suffix-1,4096,direct-c,6,1048576,1048576,1,15771000,15668375072949646406
normal-o3,0,256,suffix-1,4096,swap-take-c,6,1048576,1048576,1,34600000,15668375072949646406
normal-o3,0,256,suffix-1,4096,take-swap-c,6,1048576,1048576,1,17677000,15668375072949646406
normal-o3,0,256,suffix-1,4096,rust-vec,6,1048576,1048576,1,15899000,15668375072949646406
normal-o3,0,256,suffix-2,16,whitefoot,0,1048576,524288,1,22145000,7440959976666623466
normal-o3,0,256,suffix-2,16,reverse-c,0,1048576,524288,1,35942000,7440959976666623466
normal-o3,0,256,suffix-2,16,direct-c,0,1048576,524288,1,21593000,7440959976666623466
normal-o3,0,256,suffix-2,16,swap-take-c,0,1048576,524288,1,35556000,7440959976666623466
normal-o3,0,256,suffix-2,16,take-swap-c,0,1048576,524288,1,22405000,7440959976666623466
normal-o3,0,256,suffix-2,16,rust-vec,0,1048576,524288,1,21771000,7440959976666623466
normal-o3,0,256,suffix-2,16,cpp-std-vector,0,1048576,524288,1,21679000,7440959976666623466
normal-o3,0,256,suffix-2,16,reverse-c,1,1048576,524288,1,35598000,5917089180867772268
normal-o3,0,256,suffix-2,16,direct-c,1,1048576,524288,1,21671000,5917089180867772268
normal-o3,0,256,suffix-2,16,swap-take-c,1,1048576,524288,1,35600000,5917089180867772268
normal-o3,0,256,suffix-2,16,take-swap-c,1,1048576,524288,1,22043000,5917089180867772268
normal-o3,0,256,suffix-2,16,rust-vec,1,1048576,524288,1,21692000,5917089180867772268
normal-o3,0,256,suffix-2,16,cpp-std-vector,1,1048576,524288,1,21551000,5917089180867772268
normal-o3,0,256,suffix-2,16,whitefoot,1,1048576,524288,1,21632000,5917089180867772268
normal-o3,0,256,suffix-2,16,direct-c,2,1048576,524288,1,21643000,4393218385068921070
normal-o3,0,256,suffix-2,16,swap-take-c,2,1048576,524288,1,35581000,4393218385068921070
normal-o3,0,256,suffix-2,16,take-swap-c,2,1048576,524288,1,21989000,4393218385068921070
normal-o3,0,256,suffix-2,16,rust-vec,2,1048576,524288,1,21522000,4393218385068921070
normal-o3,0,256,suffix-2,16,cpp-std-vector,2,1048576,524288,1,21706000,4393218385068921070
normal-o3,0,256,suffix-2,16,whitefoot,2,1048576,524288,1,22180000,4393218385068921070
normal-o3,0,256,suffix-2,16,reverse-c,2,1048576,524288,1,35802000,4393218385068921070
normal-o3,0,256,suffix-2,16,swap-take-c,3,1048576,524288,1,36322000,2869347589270069872
normal-o3,0,256,suffix-2,16,take-swap-c,3,1048576,524288,1,21967000,2869347589270069872
normal-o3,0,256,suffix-2,16,rust-vec,3,1048576,524288,1,21634000,2869347589270069872
normal-o3,0,256,suffix-2,16,cpp-std-vector,3,1048576,524288,1,21593000,2869347589270069872
normal-o3,0,256,suffix-2,16,whitefoot,3,1048576,524288,1,21610000,2869347589270069872
normal-o3,0,256,suffix-2,16,reverse-c,3,1048576,524288,1,35698000,2869347589270069872
normal-o3,0,256,suffix-2,16,direct-c,3,1048576,524288,1,21667000,2869347589270069872
normal-o3,0,256,suffix-2,16,take-swap-c,4,1048576,524288,1,21974000,1345476793471218674
normal-o3,0,256,suffix-2,16,rust-vec,4,1048576,524288,1,21506000,1345476793471218674
normal-o3,0,256,suffix-2,16,cpp-std-vector,4,1048576,524288,1,21688000,1345476793471218674
normal-o3,0,256,suffix-2,16,whitefoot,4,1048576,524288,1,21567000,1345476793471218674
normal-o3,0,256,suffix-2,16,reverse-c,4,1048576,524288,1,35642000,1345476793471218674
normal-o3,0,256,suffix-2,16,direct-c,4,1048576,524288,1,21641000,1345476793471218674
normal-o3,0,256,suffix-2,16,swap-take-c,4,1048576,524288,1,35680000,1345476793471218674
normal-o3,0,256,suffix-2,16,rust-vec,5,1048576,524288,1,21648000,18268350071381919092
normal-o3,0,256,suffix-2,16,cpp-std-vector,5,1048576,524288,1,21642000,18268350071381919092
normal-o3,0,256,suffix-2,16,whitefoot,5,1048576,524288,1,21982000,18268350071381919092
normal-o3,0,256,suffix-2,16,reverse-c,5,1048576,524288,1,36201000,18268350071381919092
normal-o3,0,256,suffix-2,16,direct-c,5,1048576,524288,1,21684000,18268350071381919092
normal-o3,0,256,suffix-2,16,swap-take-c,5,1048576,524288,1,35661000,18268350071381919092
normal-o3,0,256,suffix-2,16,take-swap-c,5,1048576,524288,1,21968000,18268350071381919092
normal-o3,0,256,suffix-2,16,cpp-std-vector,6,1048576,524288,1,21570000,16744479275583067894
normal-o3,0,256,suffix-2,16,whitefoot,6,1048576,524288,1,21549000,16744479275583067894
normal-o3,0,256,suffix-2,16,reverse-c,6,1048576,524288,1,35702000,16744479275583067894
normal-o3,0,256,suffix-2,16,direct-c,6,1048576,524288,1,21621000,16744479275583067894
normal-o3,0,256,suffix-2,16,swap-take-c,6,1048576,524288,1,35562000,16744479275583067894
normal-o3,0,256,suffix-2,16,take-swap-c,6,1048576,524288,1,21982000,16744479275583067894
normal-o3,0,256,suffix-2,16,rust-vec,6,1048576,524288,1,21608000,16744479275583067894
normal-o3,0,256,suffix-2,256,whitefoot,0,1048576,524288,1,21698000,2462342821806119658
normal-o3,0,256,suffix-2,256,reverse-c,0,1048576,524288,1,35633000,2462342821806119658
normal-o3,0,256,suffix-2,256,direct-c,0,1048576,524288,1,21761000,2462342821806119658
normal-o3,0,256,suffix-2,256,swap-take-c,0,1048576,524288,1,36385000,2462342821806119658
normal-o3,0,256,suffix-2,256,take-swap-c,0,1048576,524288,1,22069000,2462342821806119658
normal-o3,0,256,suffix-2,256,rust-vec,0,1048576,524288,1,22052000,2462342821806119658
normal-o3,0,256,suffix-2,256,cpp-std-vector,0,1048576,524288,1,22529000,2462342821806119658
normal-o3,0,256,suffix-2,256,reverse-c,1,1048576,524288,1,36018000,15413974867576442988
normal-o3,0,256,suffix-2,256,direct-c,1,1048576,524288,1,21813000,15413974867576442988
normal-o3,0,256,suffix-2,256,swap-take-c,1,1048576,524288,1,35681000,15413974867576442988
normal-o3,0,256,suffix-2,256,take-swap-c,1,1048576,524288,1,22008000,15413974867576442988
normal-o3,0,256,suffix-2,256,rust-vec,1,1048576,524288,1,21618000,15413974867576442988
normal-o3,0,256,suffix-2,256,cpp-std-vector,1,1048576,524288,1,21608000,15413974867576442988
normal-o3,0,256,suffix-2,256,whitefoot,1,1048576,524288,1,21483000,15413974867576442988
normal-o3,0,256,suffix-2,256,direct-c,2,1048576,524288,1,21600000,9918862839637214702
normal-o3,0,256,suffix-2,256,swap-take-c,2,1048576,524288,1,35545000,9918862839637214702
normal-o3,0,256,suffix-2,256,take-swap-c,2,1048576,524288,1,22151000,9918862839637214702
normal-o3,0,256,suffix-2,256,rust-vec,2,1048576,524288,1,21988000,9918862839637214702
normal-o3,0,256,suffix-2,256,cpp-std-vector,2,1048576,524288,1,22232000,9918862839637214702
normal-o3,0,256,suffix-2,256,whitefoot,2,1048576,524288,1,22015000,9918862839637214702
normal-o3,0,256,suffix-2,256,reverse-c,2,1048576,524288,1,36871000,9918862839637214702
normal-o3,0,256,suffix-2,256,swap-take-c,3,1048576,524288,1,35967000,4423750811697986416
normal-o3,0,256,suffix-2,256,take-swap-c,3,1048576,524288,1,22002000,4423750811697986416
normal-o3,0,256,suffix-2,256,rust-vec,3,1048576,524288,1,21834000,4423750811697986416
normal-o3,0,256,suffix-2,256,cpp-std-vector,3,1048576,524288,1,22640000,4423750811697986416
normal-o3,0,256,suffix-2,256,whitefoot,3,1048576,524288,1,21877000,4423750811697986416
normal-o3,0,256,suffix-2,256,reverse-c,3,1048576,524288,1,35670000,4423750811697986416
normal-o3,0,256,suffix-2,256,direct-c,3,1048576,524288,1,21547000,4423750811697986416
normal-o3,0,256,suffix-2,256,take-swap-c,4,1048576,524288,1,21967000,17375382857468309746
normal-o3,0,256,suffix-2,256,rust-vec,4,1048576,524288,1,21560000,17375382857468309746
normal-o3,0,256,suffix-2,256,cpp-std-vector,4,1048576,524288,1,21746000,17375382857468309746
normal-o3,0,256,suffix-2,256,whitefoot,4,1048576,524288,1,21644000,17375382857468309746
normal-o3,0,256,suffix-2,256,reverse-c,4,1048576,524288,1,36057000,17375382857468309746
normal-o3,0,256,suffix-2,256,direct-c,4,1048576,524288,1,22000000,17375382857468309746
normal-o3,0,256,suffix-2,256,swap-take-c,4,1048576,524288,1,35573000,17375382857468309746
normal-o3,0,256,suffix-2,256,rust-vec,5,1048576,524288,1,21580000,11880270829529081460
normal-o3,0,256,suffix-2,256,cpp-std-vector,5,1048576,524288,1,21598000,11880270829529081460
normal-o3,0,256,suffix-2,256,whitefoot,5,1048576,524288,1,21612000,11880270829529081460
normal-o3,0,256,suffix-2,256,reverse-c,5,1048576,524288,1,35660000,11880270829529081460
normal-o3,0,256,suffix-2,256,direct-c,5,1048576,524288,1,21702000,11880270829529081460
normal-o3,0,256,suffix-2,256,swap-take-c,5,1048576,524288,1,36734000,11880270829529081460
normal-o3,0,256,suffix-2,256,take-swap-c,5,1048576,524288,1,22679000,11880270829529081460
normal-o3,0,256,suffix-2,256,cpp-std-vector,6,1048576,524288,1,21796000,6385158801589853174
normal-o3,0,256,suffix-2,256,whitefoot,6,1048576,524288,1,21763000,6385158801589853174
normal-o3,0,256,suffix-2,256,reverse-c,6,1048576,524288,1,35722000,6385158801589853174
normal-o3,0,256,suffix-2,256,direct-c,6,1048576,524288,1,21611000,6385158801589853174
normal-o3,0,256,suffix-2,256,swap-take-c,6,1048576,524288,1,35576000,6385158801589853174
normal-o3,0,256,suffix-2,256,take-swap-c,6,1048576,524288,1,22024000,6385158801589853174
normal-o3,0,256,suffix-2,256,rust-vec,6,1048576,524288,1,21606000,6385158801589853174
normal-o3,0,256,suffix-2,4096,whitefoot,0,1048576,524288,1,22280000,9641278357841734378
normal-o3,0,256,suffix-2,4096,reverse-c,0,1048576,524288,1,37468000,9641278357841734378
normal-o3,0,256,suffix-2,4096,direct-c,0,1048576,524288,1,21829000,9641278357841734378
normal-o3,0,256,suffix-2,4096,swap-take-c,0,1048576,524288,1,35836000,9641278357841734378
normal-o3,0,256,suffix-2,4096,take-swap-c,0,1048576,524288,1,22263000,9641278357841734378
normal-o3,0,256,suffix-2,4096,rust-vec,0,1048576,524288,1,21931000,9641278357841734378
normal-o3,0,256,suffix-2,4096,cpp-std-vector,0,1048576,524288,1,21731000,9641278357841734378
normal-o3,0,256,suffix-2,4096,reverse-c,1,1048576,524288,1,35914000,1379187259122409580
normal-o3,0,256,suffix-2,4096,direct-c,1,1048576,524288,1,21832000,1379187259122409580
normal-o3,0,256,suffix-2,4096,swap-take-c,1,1048576,524288,1,35772000,1379187259122409580
normal-o3,0,256,suffix-2,4096,take-swap-c,1,1048576,524288,1,22906000,1379187259122409580
normal-o3,0,256,suffix-2,4096,rust-vec,1,1048576,524288,1,22377000,1379187259122409580
normal-o3,0,256,suffix-2,4096,cpp-std-vector,1,1048576,524288,1,21742000,1379187259122409580
normal-o3,0,256,suffix-2,4096,whitefoot,1,1048576,524288,1,21751000,1379187259122409580
normal-o3,0,256,suffix-2,4096,direct-c,2,1048576,524288,1,21757000,11563840234112636398
normal-o3,0,256,suffix-2,4096,swap-take-c,2,1048576,524288,1,35760000,11563840234112636398
normal-o3,0,256,suffix-2,4096,take-swap-c,2,1048576,524288,1,22231000,11563840234112636398
normal-o3,0,256,suffix-2,4096,rust-vec,2,1048576,524288,1,21719000,11563840234112636398
normal-o3,0,256,suffix-2,4096,cpp-std-vector,2,1048576,524288,1,21903000,11563840234112636398
normal-o3,0,256,suffix-2,4096,whitefoot,2,1048576,524288,1,21875000,11563840234112636398
normal-o3,0,256,suffix-2,4096,reverse-c,2,1048576,524288,1,35772000,11563840234112636398
normal-o3,0,256,suffix-2,4096,swap-take-c,3,1048576,524288,1,38818000,3301749135393311600
normal-o3,0,256,suffix-2,4096,take-swap-c,3,1048576,524288,1,23379000,3301749135393311600
normal-o3,0,256,suffix-2,4096,rust-vec,3,1048576,524288,1,22915000,3301749135393311600
normal-o3,0,256,suffix-2,4096,cpp-std-vector,3,1048576,524288,1,22299000,3301749135393311600
normal-o3,0,256,suffix-2,4096,whitefoot,3,1048576,524288,1,22316000,3301749135393311600
normal-o3,0,256,suffix-2,4096,reverse-c,3,1048576,524288,1,35743000,3301749135393311600
normal-o3,0,256,suffix-2,4096,direct-c,3,1048576,524288,1,21810000,3301749135393311600
normal-o3,0,256,suffix-2,4096,take-swap-c,4,1048576,524288,1,22082000,13486402110383538418
normal-o3,0,256,suffix-2,4096,rust-vec,4,1048576,524288,1,21755000,13486402110383538418
normal-o3,0,256,suffix-2,4096,cpp-std-vector,4,1048576,524288,1,21754000,13486402110383538418
normal-o3,0,256,suffix-2,4096,whitefoot,4,1048576,524288,1,21716000,13486402110383538418
normal-o3,0,256,suffix-2,4096,reverse-c,4,1048576,524288,1,35822000,13486402110383538418
normal-o3,0,256,suffix-2,4096,direct-c,4,1048576,524288,1,21812000,13486402110383538418
normal-o3,0,256,suffix-2,4096,swap-take-c,4,1048576,524288,1,35757000,13486402110383538418
normal-o3,0,256,suffix-2,4096,rust-vec,5,1048576,524288,1,21736000,5224311011664213620
normal-o3,0,256,suffix-2,4096,cpp-std-vector,5,1048576,524288,1,21873000,5224311011664213620
normal-o3,0,256,suffix-2,4096,whitefoot,5,1048576,524288,1,21673000,5224311011664213620
normal-o3,0,256,suffix-2,4096,reverse-c,5,1048576,524288,1,35881000,5224311011664213620
normal-o3,0,256,suffix-2,4096,direct-c,5,1048576,524288,1,21866000,5224311011664213620
normal-o3,0,256,suffix-2,4096,swap-take-c,5,1048576,524288,1,35730000,5224311011664213620
normal-o3,0,256,suffix-2,4096,take-swap-c,5,1048576,524288,1,22107000,5224311011664213620
normal-o3,0,256,suffix-2,4096,cpp-std-vector,6,1048576,524288,1,21756000,15408963986654440438
normal-o3,0,256,suffix-2,4096,whitefoot,6,1048576,524288,1,21797000,15408963986654440438
normal-o3,0,256,suffix-2,4096,reverse-c,6,1048576,524288,1,35746000,15408963986654440438
normal-o3,0,256,suffix-2,4096,direct-c,6,1048576,524288,1,22531000,15408963986654440438
normal-o3,0,256,suffix-2,4096,swap-take-c,6,1048576,524288,1,35703000,15408963986654440438
normal-o3,0,256,suffix-2,4096,take-swap-c,6,1048576,524288,1,22656000,15408963986654440438
normal-o3,0,256,suffix-2,4096,rust-vec,6,1048576,524288,1,22060000,15408963986654440438
normal-o3,0,256,suffix-3,16,whitefoot,0,1048576,349525,1,25419000,1054367555497166597
normal-o3,0,256,suffix-3,16,reverse-c,0,1048576,349525,1,35344000,1054367555497166597
normal-o3,0,256,suffix-3,16,direct-c,0,1048576,349525,1,25049000,1054367555497166597
normal-o3,0,256,suffix-3,16,swap-take-c,0,1048576,349525,1,35380000,1054367555497166597
normal-o3,0,256,suffix-3,16,take-swap-c,0,1048576,349525,1,31045000,1054367555497166597
normal-o3,0,256,suffix-3,16,rust-vec,0,1048576,349525,1,25096000,1054367555497166597
normal-o3,0,256,suffix-3,16,cpp-std-vector,0,1048576,349525,1,26062000,1054367555497166597
normal-o3,0,256,suffix-3,16,reverse-c,1,1048576,349525,1,36828000,5794397202544729692
normal-o3,0,256,suffix-3,16,direct-c,1,1048576,349525,1,25825000,5794397202544729692
normal-o3,0,256,suffix-3,16,swap-take-c,1,1048576,349525,1,35363000,5794397202544729692
normal-o3,0,256,suffix-3,16,take-swap-c,1,1048576,349525,1,31161000,5794397202544729692
normal-o3,0,256,suffix-3,16,rust-vec,1,1048576,349525,1,24991000,5794397202544729692
normal-o3,0,256,suffix-3,16,cpp-std-vector,1,1048576,349525,1,26072000,5794397202544729692
normal-o3,0,256,suffix-3,16,whitefoot,1,1048576,349525,1,25394000,5794397202544729692
normal-o3,0,256,suffix-3,16,direct-c,2,1048576,349525,1,25274000,10534426849592292787
normal-o3,0,256,suffix-3,16,swap-take-c,2,1048576,349525,1,35373000,10534426849592292787
normal-o3,0,256,suffix-3,16,take-swap-c,2,1048576,349525,1,31043000,10534426849592292787
normal-o3,0,256,suffix-3,16,rust-vec,2,1048576,349525,1,24983000,10534426849592292787
normal-o3,0,256,suffix-3,16,cpp-std-vector,2,1048576,349525,1,25970000,10534426849592292787
normal-o3,0,256,suffix-3,16,whitefoot,2,1048576,349525,1,25384000,10534426849592292787
normal-o3,0,256,suffix-3,16,reverse-c,2,1048576,349525,1,35452000,10534426849592292787
normal-o3,0,256,suffix-3,16,swap-take-c,3,1048576,349525,1,35492000,15274456496639855882
normal-o3,0,256,suffix-3,16,take-swap-c,3,1048576,349525,1,31073000,15274456496639855882
normal-o3,0,256,suffix-3,16,rust-vec,3,1048576,349525,1,24982000,15274456496639855882
normal-o3,0,256,suffix-3,16,cpp-std-vector,3,1048576,349525,1,26026000,15274456496639855882
normal-o3,0,256,suffix-3,16,whitefoot,3,1048576,349525,1,25423000,15274456496639855882
normal-o3,0,256,suffix-3,16,reverse-c,3,1048576,349525,1,35413000,15274456496639855882
normal-o3,0,256,suffix-3,16,direct-c,3,1048576,349525,1,24999000,15274456496639855882
normal-o3,0,256,suffix-3,16,take-swap-c,4,1048576,349525,1,31037000,1567742069977867361
normal-o3,0,256,suffix-3,16,rust-vec,4,1048576,349525,1,25329000,1567742069977867361
normal-o3,0,256,suffix-3,16,cpp-std-vector,4,1048576,349525,1,26722000,1567742069977867361
normal-o3,0,256,suffix-3,16,whitefoot,4,1048576,349525,1,25364000,1567742069977867361
normal-o3,0,256,suffix-3,16,reverse-c,4,1048576,349525,1,35368000,1567742069977867361
normal-o3,0,256,suffix-3,16,direct-c,4,1048576,349525,1,25017000,1567742069977867361
normal-o3,0,256,suffix-3,16,swap-take-c,4,1048576,349525,1,35309000,1567742069977867361
normal-o3,0,256,suffix-3,16,rust-vec,5,1048576,349525,1,25041000,6307771717025430456
normal-o3,0,256,suffix-3,16,cpp-std-vector,5,1048576,349525,1,25968000,6307771717025430456
normal-o3,0,256,suffix-3,16,whitefoot,5,1048576,349525,1,25990000,6307771717025430456
normal-o3,0,256,suffix-3,16,reverse-c,5,1048576,349525,1,36617000,6307771717025430456
normal-o3,0,256,suffix-3,16,direct-c,5,1048576,349525,1,25312000,6307771717025430456
normal-o3,0,256,suffix-3,16,swap-take-c,5,1048576,349525,1,35553000,6307771717025430456
normal-o3,0,256,suffix-3,16,take-swap-c,5,1048576,349525,1,31111000,6307771717025430456
normal-o3,0,256,suffix-3,16,cpp-std-vector,6,1048576,349525,1,26101000,11047801364072993551
normal-o3,0,256,suffix-3,16,whitefoot,6,1048576,349525,1,25408000,11047801364072993551
normal-o3,0,256,suffix-3,16,reverse-c,6,1048576,349525,1,35328000,11047801364072993551
normal-o3,0,256,suffix-3,16,direct-c,6,1048576,349525,1,25265000,11047801364072993551
normal-o3,0,256,suffix-3,16,swap-take-c,6,1048576,349525,1,35293000,11047801364072993551
normal-o3,0,256,suffix-3,16,take-swap-c,6,1048576,349525,1,31038000,11047801364072993551
normal-o3,0,256,suffix-3,16,rust-vec,6,1048576,349525,1,25012000,11047801364072993551
normal-o3,0,256,suffix-3,256,whitefoot,0,1048576,349525,1,25382000,15528439189922159621
normal-o3,0,256,suffix-3,256,reverse-c,0,1048576,349525,1,35473000,15528439189922159621
normal-o3,0,256,suffix-3,256,direct-c,0,1048576,349525,1,24923000,15528439189922159621
normal-o3,0,256,suffix-3,256,swap-take-c,0,1048576,349525,1,35288000,15528439189922159621
normal-o3,0,256,suffix-3,256,take-swap-c,0,1048576,349525,1,31071000,15528439189922159621
normal-o3,0,256,suffix-3,256,rust-vec,0,1048576,349525,1,25093000,15528439189922159621
normal-o3,0,256,suffix-3,256,cpp-std-vector,0,1048576,349525,1,26151000,15528439189922159621
normal-o3,0,256,suffix-3,256,reverse-c,1,1048576,349525,1,35338000,6728350532028667740
normal-o3,0,256,suffix-3,256,direct-c,1,1048576,349525,1,25016000,6728350532028667740
normal-o3,0,256,suffix-3,256,swap-take-c,1,1048576,349525,1,35646000,6728350532028667740
normal-o3,0,256,suffix-3,256,take-swap-c,1,1048576,349525,1,31743000,6728350532028667740
normal-o3,0,256,suffix-3,256,rust-vec,1,1048576,349525,1,25145000,6728350532028667740
normal-o3,0,256,suffix-3,256,cpp-std-vector,1,1048576,349525,1,26474000,6728350532028667740
normal-o3,0,256,suffix-3,256,whitefoot,1,1048576,349525,1,25695000,6728350532028667740
normal-o3,0,256,suffix-3,256,direct-c,2,1048576,349525,1,25375000,16375005947844727475
normal-o3,0,256,suffix-3,256,swap-take-c,2,1048576,349525,1,35289000,16375005947844727475
normal-o3,0,256,suffix-3,256,take-swap-c,2,1048576,349525,1,31154000,16375005947844727475
normal-o3,0,256,suffix-3,256,rust-vec,2,1048576,349525,1,24965000,16375005947844727475
normal-o3,0,256,suffix-3,256,cpp-std-vector,2,1048576,349525,1,26846000,16375005947844727475
normal-o3,0,256,suffix-3,256,whitefoot,2,1048576,349525,1,26348000,16375005947844727475
normal-o3,0,256,suffix-3,256,reverse-c,2,1048576,349525,1,35844000,16375005947844727475
normal-o3,0,256,suffix-3,256,swap-take-c,3,1048576,349525,1,35597000,7574917289951235594
normal-o3,0,256,suffix-3,256,take-swap-c,3,1048576,349525,1,31064000,7574917289951235594
normal-o3,0,256,suffix-3,256,rust-vec,3,1048576,349525,1,25029000,7574917289951235594
normal-o3,0,256,suffix-3,256,cpp-std-vector,3,1048576,349525,1,25954000,7574917289951235594
normal-o3,0,256,suffix-3,256,whitefoot,3,1048576,349525,1,25457000,7574917289951235594
normal-o3,0,256,suffix-3,256,reverse-c,3,1048576,349525,1,35377000,7574917289951235594
normal-o3,0,256,suffix-3,256,direct-c,3,1048576,349525,1,25250000,7574917289951235594
normal-o3,0,256,suffix-3,256,take-swap-c,4,1048576,349525,1,31095000,17221572705767295329
normal-o3,0,256,suffix-3,256,rust-vec,4,1048576,349525,1,25072000,17221572705767295329
normal-o3,0,256,suffix-3,256,cpp-std-vector,4,1048576,349525,1,25942000,17221572705767295329
normal-o3,0,256,suffix-3,256,whitefoot,4,1048576,349525,1,25483000,17221572705767295329
normal-o3,0,256,suffix-3,256,reverse-c,4,1048576,349525,1,35374000,17221572705767295329
normal-o3,0,256,suffix-3,256,direct-c,4,1048576,349525,1,25055000,17221572705767295329
normal-o3,0,256,suffix-3,256,swap-take-c,4,1048576,349525,1,35471000,17221572705767295329
normal-o3,0,256,suffix-3,256,rust-vec,5,1048576,349525,1,24981000,8421484047873803448
normal-o3,0,256,suffix-3,256,cpp-std-vector,5,1048576,349525,1,26120000,8421484047873803448
normal-o3,0,256,suffix-3,256,whitefoot,5,1048576,349525,1,25452000,8421484047873803448
normal-o3,0,256,suffix-3,256,reverse-c,5,1048576,349525,1,36200000,8421484047873803448
normal-o3,0,256,suffix-3,256,direct-c,5,1048576,349525,1,25876000,8421484047873803448
normal-o3,0,256,suffix-3,256,swap-take-c,5,1048576,349525,1,35910000,8421484047873803448
normal-o3,0,256,suffix-3,256,take-swap-c,5,1048576,349525,1,31070000,8421484047873803448
normal-o3,0,256,suffix-3,256,cpp-std-vector,6,1048576,349525,1,25904000,18068139463689863183
normal-o3,0,256,suffix-3,256,whitefoot,6,1048576,349525,1,25391000,18068139463689863183
normal-o3,0,256,suffix-3,256,reverse-c,6,1048576,349525,1,36077000,18068139463689863183
normal-o3,0,256,suffix-3,256,direct-c,6,1048576,349525,1,25289000,18068139463689863183
normal-o3,0,256,suffix-3,256,swap-take-c,6,1048576,349525,1,35423000,18068139463689863183
normal-o3,0,256,suffix-3,256,take-swap-c,6,1048576,349525,1,31146000,18068139463689863183
normal-o3,0,256,suffix-3,256,rust-vec,6,1048576,349525,1,25864000,18068139463689863183
normal-o3,0,256,suffix-3,4096,whitefoot,0,1048576,349525,1,25533000,15626320741824457733
normal-o3,0,256,suffix-3,4096,reverse-c,0,1048576,349525,1,35472000,15626320741824457733
normal-o3,0,256,suffix-3,4096,direct-c,0,1048576,349525,1,25211000,15626320741824457733
normal-o3,0,256,suffix-3,4096,swap-take-c,0,1048576,349525,1,35428000,15626320741824457733
normal-o3,0,256,suffix-3,4096,take-swap-c,0,1048576,349525,1,31251000,15626320741824457733
normal-o3,0,256,suffix-3,4096,rust-vec,0,1048576,349525,1,25150000,15626320741824457733
normal-o3,0,256,suffix-3,4096,cpp-std-vector,0,1048576,349525,1,26265000,15626320741824457733
normal-o3,0,256,suffix-3,4096,reverse-c,1,1048576,349525,1,35538000,11900565124691961692
normal-o3,0,256,suffix-3,4096,direct-c,1,1048576,349525,1,25179000,11900565124691961692
normal-o3,0,256,suffix-3,4096,swap-take-c,1,1048576,349525,1,35536000,11900565124691961692
normal-o3,0,256,suffix-3,4096,take-swap-c,1,1048576,349525,1,31375000,11900565124691961692
normal-o3,0,256,suffix-3,4096,rust-vec,1,1048576,349525,1,25220000,11900565124691961692
normal-o3,0,256,suffix-3,4096,cpp-std-vector,1,1048576,349525,1,26008000,11900565124691961692
normal-o3,0,256,suffix-3,4096,whitefoot,1,1048576,349525,1,25652000,11900565124691961692
normal-o3,0,256,suffix-3,4096,direct-c,2,1048576,349525,1,25280000,8174809507559465651
normal-o3,0,256,suffix-3,4096,swap-take-c,2,1048576,349525,1,35482000,8174809507559465651
normal-o3,0,256,suffix-3,4096,take-swap-c,2,1048576,349525,1,31206000,8174809507559465651
normal-o3,0,256,suffix-3,4096,rust-vec,2,1048576,349525,1,25183000,8174809507559465651
normal-o3,0,256,suffix-3,4096,cpp-std-vector,2,1048576,349525,1,26074000,8174809507559465651
normal-o3,0,256,suffix-3,4096,whitefoot,2,1048576,349525,1,25612000,8174809507559465651
normal-o3,0,256,suffix-3,4096,reverse-c,2,1048576,349525,1,35455000,8174809507559465651
normal-o3,0,256,suffix-3,4096,swap-take-c,3,1048576,349525,1,35506000,4449053890426969610
normal-o3,0,256,suffix-3,4096,take-swap-c,3,1048576,349525,1,31220000,4449053890426969610
normal-o3,0,256,suffix-3,4096,rust-vec,3,1048576,349525,1,25194000,4449053890426969610
normal-o3,0,256,suffix-3,4096,cpp-std-vector,3,1048576,349525,1,26215000,4449053890426969610
normal-o3,0,256,suffix-3,4096,whitefoot,3,1048576,349525,1,25635000,4449053890426969610
normal-o3,0,256,suffix-3,4096,reverse-c,3,1048576,349525,1,35434000,4449053890426969610
normal-o3,0,256,suffix-3,4096,direct-c,3,1048576,349525,1,26009000,4449053890426969610
normal-o3,0,256,suffix-3,4096,take-swap-c,4,1048576,349525,1,31900000,723298273294473569
normal-o3,0,256,suffix-3,4096,rust-vec,4,1048576,349525,1,26039000,723298273294473569
normal-o3,0,256,suffix-3,4096,cpp-std-vector,4,1048576,349525,1,29339000,723298273294473569
normal-o3,0,256,suffix-3,4096,whitefoot,4,1048576,349525,1,25626000,723298273294473569
normal-o3,0,256,suffix-3,4096,reverse-c,4,1048576,349525,1,35612000,723298273294473569
normal-o3,0,256,suffix-3,4096,direct-c,4,1048576,349525,1,25253000,723298273294473569
normal-o3,0,256,suffix-3,4096,swap-take-c,4,1048576,349525,1,35493000,723298273294473569
normal-o3,0,256,suffix-3,4096,rust-vec,5,1048576,349525,1,25128000,15444286729871529144
normal-o3,0,256,suffix-3,4096,cpp-std-vector,5,1048576,349525,1,26129000,15444286729871529144
normal-o3,0,256,suffix-3,4096,whitefoot,5,1048576,349525,1,25572000,15444286729871529144
normal-o3,0,256,suffix-3,4096,reverse-c,5,1048576,349525,1,35515000,15444286729871529144
normal-o3,0,256,suffix-3,4096,direct-c,5,1048576,349525,1,25193000,15444286729871529144
normal-o3,0,256,suffix-3,4096,swap-take-c,5,1048576,349525,1,35592000,15444286729871529144
normal-o3,0,256,suffix-3,4096,take-swap-c,5,1048576,349525,1,32152000,15444286729871529144
normal-o3,0,256,suffix-3,4096,cpp-std-vector,6,1048576,349525,1,26171000,11718531112739033103
normal-o3,0,256,suffix-3,4096,whitefoot,6,1048576,349525,1,25679000,11718531112739033103
normal-o3,0,256,suffix-3,4096,reverse-c,6,1048576,349525,1,35759000,11718531112739033103
normal-o3,0,256,suffix-3,4096,direct-c,6,1048576,349525,1,25198000,11718531112739033103
normal-o3,0,256,suffix-3,4096,swap-take-c,6,1048576,349525,1,35557000,11718531112739033103
normal-o3,0,256,suffix-3,4096,take-swap-c,6,1048576,349525,1,31837000,11718531112739033103
normal-o3,0,256,suffix-3,4096,rust-vec,6,1048576,349525,1,25144000,11718531112739033103
normal-o3,1,8,reserved,16,cpp-std-vector,0,1048576,65536,1,3146000,1613149332516896869
normal-o3,1,8,reserved,16,rust-vec,0,1048576,65536,1,2411000,1613149332516896869
normal-o3,1,8,reserved,16,take-swap-c,0,1048576,65536,1,3714000,1613149332516896869
normal-o3,1,8,reserved,16,swap-take-c,0,1048576,65536,1,3799000,1613149332516896869
normal-o3,1,8,reserved,16,direct-c,0,1048576,65536,1,3262000,1613149332516896869
normal-o3,1,8,reserved,16,reverse-c,0,1048576,65536,1,3945000,1613149332516896869
normal-o3,1,8,reserved,16,whitefoot,0,1048576,65536,1,3069000,1613149332516896869
normal-o3,1,8,reserved,16,rust-vec,1,1048576,65536,1,2379000,15534383740606742630
normal-o3,1,8,reserved,16,take-swap-c,1,1048576,65536,1,3698000,15534383740606742630
normal-o3,1,8,reserved,16,swap-take-c,1,1048576,65536,1,3826000,15534383740606742630
normal-o3,1,8,reserved,16,direct-c,1,1048576,65536,1,3247000,15534383740606742630
normal-o3,1,8,reserved,16,reverse-c,1,1048576,65536,1,4000000,15534383740606742630
normal-o3,1,8,reserved,16,whitefoot,1,1048576,65536,1,3117000,15534383740606742630
normal-o3,1,8,reserved,16,cpp-std-vector,1,1048576,65536,1,3133000,15534383740606742630
normal-o3,1,8,reserved,16,take-swap-c,2,1048576,65536,1,3698000,11203551505675976807
normal-o3,1,8,reserved,16,swap-take-c,2,1048576,65536,1,3790000,11203551505675976807
normal-o3,1,8,reserved,16,direct-c,2,1048576,65536,1,3249000,11203551505675976807
normal-o3,1,8,reserved,16,reverse-c,2,1048576,65536,1,3946000,11203551505675976807
normal-o3,1,8,reserved,16,whitefoot,2,1048576,65536,1,3061000,11203551505675976807
normal-o3,1,8,reserved,16,cpp-std-vector,2,1048576,65536,1,3139000,11203551505675976807
normal-o3,1,8,reserved,16,rust-vec,2,1048576,65536,1,2379000,11203551505675976807
normal-o3,1,8,reserved,16,swap-take-c,3,1048576,65536,1,3858000,598448321840808040
normal-o3,1,8,reserved,16,direct-c,3,1048576,65536,1,3251000,598448321840808040
normal-o3,1,8,reserved,16,reverse-c,3,1048576,65536,1,3941000,598448321840808040
normal-o3,1,8,reserved,16,whitefoot,3,1048576,65536,1,3078000,598448321840808040
normal-o3,1,8,reserved,16,cpp-std-vector,3,1048576,65536,1,3139000,598448321840808040
normal-o3,1,8,reserved,16,rust-vec,3,1048576,65536,1,2376000,598448321840808040
normal-o3,1,8,reserved,16,take-swap-c,3,1048576,65536,1,3676000,598448321840808040
normal-o3,1,8,reserved,16,direct-c,4,1048576,65536,1,3248000,3717605000514633833
normal-o3,1,8,reserved,16,reverse-c,4,1048576,65536,1,3935000,3717605000514633833
normal-o3,1,8,reserved,16,whitefoot,4,1048576,65536,1,3067000,3717605000514633833
normal-o3,1,8,reserved,16,cpp-std-vector,4,1048576,65536,1,3135000,3717605000514633833
normal-o3,1,8,reserved,16,rust-vec,4,1048576,65536,1,2449000,3717605000514633833
normal-o3,1,8,reserved,16,take-swap-c,4,1048576,65536,1,3673000,3717605000514633833
normal-o3,1,8,reserved,16,swap-take-c,4,1048576,65536,1,3791000,3717605000514633833
normal-o3,1,8,reserved,16,reverse-c,5,1048576,65536,1,3970000,7745013020975693930
normal-o3,1,8,reserved,16,whitefoot,5,1048576,65536,1,3067000,7745013020975693930
normal-o3,1,8,reserved,16,cpp-std-vector,5,1048576,65536,1,3147000,7745013020975693930
normal-o3,1,8,reserved,16,rust-vec,5,1048576,65536,1,2390000,7745013020975693930
normal-o3,1,8,reserved,16,take-swap-c,5,1048576,65536,1,3693000,7745013020975693930
normal-o3,1,8,reserved,16,swap-take-c,5,1048576,65536,1,3790000,7745013020975693930
normal-o3,1,8,reserved,16,direct-c,5,1048576,65536,1,3258000,7745013020975693930
normal-o3,1,8,reserved,16,whitefoot,6,1048576,65536,1,3086000,6351481337365135467
normal-o3,1,8,reserved,16,cpp-std-vector,6,1048576,65536,1,3134000,6351481337365135467
normal-o3,1,8,reserved,16,rust-vec,6,1048576,65536,1,2374000,6351481337365135467
normal-o3,1,8,reserved,16,take-swap-c,6,1048576,65536,1,3685000,6351481337365135467
normal-o3,1,8,reserved,16,swap-take-c,6,1048576,65536,1,3789000,6351481337365135467
normal-o3,1,8,reserved,16,direct-c,6,1048576,65536,1,3248000,6351481337365135467
normal-o3,1,8,reserved,16,reverse-c,6,1048576,65536,1,3948000,6351481337365135467
normal-o3,1,8,reserved,256,cpp-std-vector,0,1048576,4096,1,2158000,1498897996573024357
normal-o3,1,8,reserved,256,rust-vec,0,1048576,4096,1,1544000,1498897996573024357
normal-o3,1,8,reserved,256,take-swap-c,0,1048576,4096,1,2159000,1498897996573024357
normal-o3,1,8,reserved,256,swap-take-c,0,1048576,4096,1,2272000,1498897996573024357
normal-o3,1,8,reserved,256,direct-c,0,1048576,4096,1,1739000,1498897996573024357
normal-o3,1,8,reserved,256,reverse-c,0,1048576,4096,1,3242000,1498897996573024357
normal-o3,1,8,reserved,256,whitefoot,0,1048576,4096,1,1709000,1498897996573024357
normal-o3,1,8,reserved,256,rust-vec,1,1048576,4096,1,1586000,7707534785925595238
normal-o3,1,8,reserved,256,take-swap-c,1,1048576,4096,1,2174000,7707534785925595238
normal-o3,1,8,reserved,256,swap-take-c,1,1048576,4096,1,2117000,7707534785925595238
normal-o3,1,8,reserved,256,direct-c,1,1048576,4096,1,1698000,7707534785925595238
normal-o3,1,8,reserved,256,reverse-c,1,1048576,4096,1,3232000,7707534785925595238
normal-o3,1,8,reserved,256,whitefoot,1,1048576,4096,1,1711000,7707534785925595238
normal-o3,1,8,reserved,256,cpp-std-vector,1,1048576,4096,1,2154000,7707534785925595238
normal-o3,1,8,reserved,256,take-swap-c,2,1048576,4096,1,2169000,5506079726878842983
normal-o3,1,8,reserved,256,swap-take-c,2,1048576,4096,1,2119000,5506079726878842983
normal-o3,1,8,reserved,256,direct-c,2,1048576,4096,1,1705000,5506079726878842983
normal-o3,1,8,reserved,256,reverse-c,2,1048576,4096,1,3233000,5506079726878842983
normal-o3,1,8,reserved,256,whitefoot,2,1048576,4096,1,1766000,5506079726878842983
normal-o3,1,8,reserved,256,cpp-std-vector,2,1048576,4096,1,2098000,5506079726878842983
normal-o3,1,8,reserved,256,rust-vec,2,1048576,4096,1,1536000,5506079726878842983
normal-o3,1,8,reserved,256,swap-take-c,3,1048576,4096,1,2133000,5888291873035911272
normal-o3,1,8,reserved,256,direct-c,3,1048576,4096,1,1732000,5888291873035911272
normal-o3,1,8,reserved,256,reverse-c,3,1048576,4096,1,3257000,5888291873035911272
normal-o3,1,8,reserved,256,whitefoot,3,1048576,4096,1,1698000,5888291873035911272
normal-o3,1,8,reserved,256,cpp-std-vector,3,1048576,4096,1,2115000,5888291873035911272
normal-o3,1,8,reserved,256,rust-vec,3,1048576,4096,1,1536000,5888291873035911272
normal-o3,1,8,reserved,256,take-swap-c,3,1048576,4096,1,2157000,5888291873035911272
normal-o3,1,8,reserved,256,direct-c,4,1048576,4096,1,1704000,7512286317303570537
normal-o3,1,8,reserved,256,reverse-c,4,1048576,4096,1,3224000,7512286317303570537
normal-o3,1,8,reserved,256,whitefoot,4,1048576,4096,1,1701000,7512286317303570537
normal-o3,1,8,reserved,256,cpp-std-vector,4,1048576,4096,1,2139000,7512286317303570537
normal-o3,1,8,reserved,256,rust-vec,4,1048576,4096,1,1535000,7512286317303570537
normal-o3,1,8,reserved,256,take-swap-c,4,1048576,4096,1,2155000,7512286317303570537
normal-o3,1,8,reserved,256,swap-take-c,4,1048576,4096,1,2156000,7512286317303570537
normal-o3,1,8,reserved,256,reverse-c,5,1048576,4096,1,3250000,13357584908658163818
normal-o3,1,8,reserved,256,whitefoot,5,1048576,4096,1,1701000,13357584908658163818
normal-o3,1,8,reserved,256,cpp-std-vector,5,1048576,4096,1,2092000,13357584908658163818
normal-o3,1,8,reserved,256,rust-vec,5,1048576,4096,1,1535000,13357584908658163818
normal-o3,1,8,reserved,256,take-swap-c,5,1048576,4096,1,2153000,13357584908658163818
normal-o3,1,8,reserved,256,swap-take-c,5,1048576,4096,1,2103000,13357584908658163818
normal-o3,1,8,reserved,256,direct-c,5,1048576,4096,1,1698000,13357584908658163818
normal-o3,1,8,reserved,256,whitefoot,6,1048576,4096,1,1700000,10011933332678926443
normal-o3,1,8,reserved,256,cpp-std-vector,6,1048576,4096,1,2100000,10011933332678926443
normal-o3,1,8,reserved,256,rust-vec,6,1048576,4096,1,1541000,10011933332678926443
normal-o3,1,8,reserved,256,take-swap-c,6,1048576,4096,1,2154000,10011933332678926443
normal-o3,1,8,reserved,256,swap-take-c,6,1048576,4096,1,2095000,10011933332678926443
normal-o3,1,8,reserved,256,direct-c,6,1048576,4096,1,1699000,10011933332678926443
normal-o3,1,8,reserved,256,reverse-c,6,1048576,4096,1,3217000,10011933332678926443
normal-o3,1,8,reserved,4096,cpp-std-vector,0,1048576,256,1,2125000,2256710881311081573
normal-o3,1,8,reserved,4096,rust-vec,0,1048576,256,1,1540000,2256710881311081573
normal-o3,1,8,reserved,4096,take-swap-c,0,1048576,256,1,2049000,2256710881311081573
normal-o3,1,8,reserved,4096,swap-take-c,0,1048576,256,1,2144000,2256710881311081573
normal-o3,1,8,reserved,4096,direct-c,0,1048576,256,1,1646000,2256710881311081573
normal-o3,1,8,reserved,4096,reverse-c,0,1048576,256,1,2858000,2256710881311081573
normal-o3,1,8,reserved,4096,whitefoot,0,1048576,256,1,1690000,2256710881311081573
normal-o3,1,8,reserved,4096,rust-vec,1,1048576,256,1,1531000,6904654748820097126
normal-o3,1,8,reserved,4096,take-swap-c,1,1048576,256,1,2079000,6904654748820097126
normal-o3,1,8,reserved,4096,swap-take-c,1,1048576,256,1,2163000,6904654748820097126
normal-o3,1,8,reserved,4096,direct-c,1,1048576,256,1,1644000,6904654748820097126
normal-o3,1,8,reserved,4096,reverse-c,1,1048576,256,1,2855000,6904654748820097126
normal-o3,1,8,reserved,4096,whitefoot,1,1048576,256,1,1674000,6904654748820097126
normal-o3,1,8,reserved,4096,cpp-std-vector,1,1048576,256,1,2086000,6904654748820097126
normal-o3,1,8,reserved,4096,take-swap-c,2,1048576,256,1,2056000,16426223538089053287
normal-o3,1,8,reserved,4096,swap-take-c,2,1048576,256,1,2234000,16426223538089053287
normal-o3,1,8,reserved,4096,direct-c,2,1048576,256,1,1785000,16426223538089053287
normal-o3,1,8,reserved,4096,reverse-c,2,1048576,256,1,2952000,16426223538089053287
normal-o3,1,8,reserved,4096,whitefoot,2,1048576,256,1,1728000,16426223538089053287
normal-o3,1,8,reserved,4096,cpp-std-vector,2,1048576,256,1,2199000,16426223538089053287
normal-o3,1,8,reserved,4096,rust-vec,2,1048576,256,1,1533000,16426223538089053287
normal-o3,1,8,reserved,4096,swap-take-c,3,1048576,256,1,2272000,9531859752620511336
normal-o3,1,8,reserved,4096,direct-c,3,1048576,256,1,1661000,9531859752620511336
normal-o3,1,8,reserved,4096,reverse-c,3,1048576,256,1,2837000,9531859752620511336
normal-o3,1,8,reserved,4096,whitefoot,3,1048576,256,1,1691000,9531859752620511336
normal-o3,1,8,reserved,4096,cpp-std-vector,3,1048576,256,1,2215000,9531859752620511336
normal-o3,1,8,reserved,4096,rust-vec,3,1048576,256,1,1603000,9531859752620511336
normal-o3,1,8,reserved,4096,take-swap-c,3,1048576,256,1,2172000,9531859752620511336
normal-o3,1,8,reserved,4096,direct-c,4,1048576,256,1,1738000,14830550356061344873
normal-o3,1,8,reserved,4096,reverse-c,4,1048576,256,1,3007000,14830550356061344873
normal-o3,1,8,reserved,4096,whitefoot,4,1048576,256,1,1796000,14830550356061344873
normal-o3,1,8,reserved,4096,cpp-std-vector,4,1048576,256,1,2168000,14830550356061344873
normal-o3,1,8,reserved,4096,rust-vec,4,1048576,256,1,1622000,14830550356061344873
normal-o3,1,8,reserved,4096,take-swap-c,4,1048576,256,1,2146000,14830550356061344873
normal-o3,1,8,reserved,4096,swap-take-c,4,1048576,256,1,2144000,14830550356061344873
normal-o3,1,8,reserved,4096,reverse-c,5,1048576,256,1,2856000,11014393161628833898
normal-o3,1,8,reserved,4096,whitefoot,5,1048576,256,1,1688000,11014393161628833898
normal-o3,1,8,reserved,4096,cpp-std-vector,5,1048576,256,1,2136000,11014393161628833898
normal-o3,1,8,reserved,4096,rust-vec,5,1048576,256,1,1578000,11014393161628833898
normal-o3,1,8,reserved,4096,take-swap-c,5,1048576,256,1,2189000,11014393161628833898
normal-o3,1,8,reserved,4096,swap-take-c,5,1048576,256,1,2217000,11014393161628833898
normal-o3,1,8,reserved,4096,direct-c,5,1048576,256,1,1728000,11014393161628833898
normal-o3,1,8,reserved,4096,whitefoot,6,1048576,256,1,1676000,3531045655943011435
normal-o3,1,8,reserved,4096,cpp-std-vector,6,1048576,256,1,2120000,3531045655943011435
normal-o3,1,8,reserved,4096,rust-vec,6,1048576,256,1,1526000,3531045655943011435
normal-o3,1,8,reserved,4096,take-swap-c,6,1048576,256,1,2053000,3531045655943011435
normal-o3,1,8,reserved,4096,swap-take-c,6,1048576,256,1,2221000,3531045655943011435
normal-o3,1,8,reserved,4096,direct-c,6,1048576,256,1,1673000,3531045655943011435
normal-o3,1,8,reserved,4096,reverse-c,6,1048576,256,1,2854000,3531045655943011435
normal-o3,1,8,growth,16,cpp-std-vector,0,1048576,65536,1,9529000,1613149332516896869
normal-o3,1,8,growth,16,rust-vec,0,1048576,65536,1,9088000,1613149332516896869
normal-o3,1,8,growth,16,take-swap-c,0,1048576,65536,1,10508000,1613149332516896869
normal-o3,1,8,growth,16,swap-take-c,0,1048576,65536,1,10617000,1613149332516896869
normal-o3,1,8,growth,16,direct-c,0,1048576,65536,1,10031000,1613149332516896869
normal-o3,1,8,growth,16,reverse-c,0,1048576,65536,1,10870000,1613149332516896869
normal-o3,1,8,growth,16,whitefoot,0,1048576,65536,1,10265000,1613149332516896869
normal-o3,1,8,growth,16,rust-vec,1,1048576,65536,1,9708000,15534383740606742630
normal-o3,1,8,growth,16,take-swap-c,1,1048576,65536,1,10445000,15534383740606742630
normal-o3,1,8,growth,16,swap-take-c,1,1048576,65536,1,10598000,15534383740606742630
normal-o3,1,8,growth,16,direct-c,1,1048576,65536,1,10081000,15534383740606742630
normal-o3,1,8,growth,16,reverse-c,1,1048576,65536,1,10790000,15534383740606742630
normal-o3,1,8,growth,16,whitefoot,1,1048576,65536,1,10341000,15534383740606742630
normal-o3,1,8,growth,16,cpp-std-vector,1,1048576,65536,1,9534000,15534383740606742630
normal-o3,1,8,growth,16,take-swap-c,2,1048576,65536,1,10437000,11203551505675976807
normal-o3,1,8,growth,16,swap-take-c,2,1048576,65536,1,10646000,11203551505675976807
normal-o3,1,8,growth,16,direct-c,2,1048576,65536,1,10098000,11203551505675976807
normal-o3,1,8,growth,16,reverse-c,2,1048576,65536,1,10803000,11203551505675976807
normal-o3,1,8,growth,16,whitefoot,2,1048576,65536,1,10289000,11203551505675976807
normal-o3,1,8,growth,16,cpp-std-vector,2,1048576,65536,1,9609000,11203551505675976807
normal-o3,1,8,growth,16,rust-vec,2,1048576,65536,1,9113000,11203551505675976807
normal-o3,1,8,growth,16,swap-take-c,3,1048576,65536,1,10526000,598448321840808040
normal-o3,1,8,growth,16,direct-c,3,1048576,65536,1,10107000,598448321840808040
normal-o3,1,8,growth,16,reverse-c,3,1048576,65536,1,10812000,598448321840808040
normal-o3,1,8,growth,16,whitefoot,3,1048576,65536,1,10275000,598448321840808040
normal-o3,1,8,growth,16,cpp-std-vector,3,1048576,65536,1,9548000,598448321840808040
normal-o3,1,8,growth,16,rust-vec,3,1048576,65536,1,9179000,598448321840808040
normal-o3,1,8,growth,16,take-swap-c,3,1048576,65536,1,10485000,598448321840808040
normal-o3,1,8,growth,16,direct-c,4,1048576,65536,1,10090000,3717605000514633833
normal-o3,1,8,growth,16,reverse-c,4,1048576,65536,1,10825000,3717605000514633833
normal-o3,1,8,growth,16,whitefoot,4,1048576,65536,1,10292000,3717605000514633833
normal-o3,1,8,growth,16,cpp-std-vector,4,1048576,65536,1,9526000,3717605000514633833
normal-o3,1,8,growth,16,rust-vec,4,1048576,65536,1,9103000,3717605000514633833
normal-o3,1,8,growth,16,take-swap-c,4,1048576,65536,1,10493000,3717605000514633833
normal-o3,1,8,growth,16,swap-take-c,4,1048576,65536,1,10563000,3717605000514633833
normal-o3,1,8,growth,16,reverse-c,5,1048576,65536,1,10814000,7745013020975693930
normal-o3,1,8,growth,16,whitefoot,5,1048576,65536,1,10356000,7745013020975693930
normal-o3,1,8,growth,16,cpp-std-vector,5,1048576,65536,1,9592000,7745013020975693930
normal-o3,1,8,growth,16,rust-vec,5,1048576,65536,1,9131000,7745013020975693930
normal-o3,1,8,growth,16,take-swap-c,5,1048576,65536,1,10524000,7745013020975693930
normal-o3,1,8,growth,16,swap-take-c,5,1048576,65536,1,10620000,7745013020975693930
normal-o3,1,8,growth,16,direct-c,5,1048576,65536,1,10135000,7745013020975693930
normal-o3,1,8,growth,16,whitefoot,6,1048576,65536,1,10328000,6351481337365135467
normal-o3,1,8,growth,16,cpp-std-vector,6,1048576,65536,1,9615000,6351481337365135467
normal-o3,1,8,growth,16,rust-vec,6,1048576,65536,1,9976000,6351481337365135467
normal-o3,1,8,growth,16,take-swap-c,6,1048576,65536,1,10414000,6351481337365135467
normal-o3,1,8,growth,16,swap-take-c,6,1048576,65536,1,10624000,6351481337365135467
normal-o3,1,8,growth,16,direct-c,6,1048576,65536,1,10064000,6351481337365135467
normal-o3,1,8,growth,16,reverse-c,6,1048576,65536,1,10843000,6351481337365135467
normal-o3,1,8,growth,256,cpp-std-vector,0,1048576,4096,1,3285000,1498897996573024357
normal-o3,1,8,growth,256,rust-vec,0,1048576,4096,1,3013000,1498897996573024357
normal-o3,1,8,growth,256,take-swap-c,0,1048576,4096,1,3327000,1498897996573024357
normal-o3,1,8,growth,256,swap-take-c,0,1048576,4096,1,3342000,1498897996573024357
normal-o3,1,8,growth,256,direct-c,0,1048576,4096,1,2849000,1498897996573024357
normal-o3,1,8,growth,256,reverse-c,0,1048576,4096,1,4511000,1498897996573024357
normal-o3,1,8,growth,256,whitefoot,0,1048576,4096,1,2866000,1498897996573024357
normal-o3,1,8,growth,256,rust-vec,1,1048576,4096,1,2963000,7707534785925595238
normal-o3,1,8,growth,256,take-swap-c,1,1048576,4096,1,3353000,7707534785925595238
normal-o3,1,8,growth,256,swap-take-c,1,1048576,4096,1,3338000,7707534785925595238
normal-o3,1,8,growth,256,direct-c,1,1048576,4096,1,2852000,7707534785925595238
normal-o3,1,8,growth,256,reverse-c,1,1048576,4096,1,4430000,7707534785925595238
normal-o3,1,8,growth,256,whitefoot,1,1048576,4096,1,2885000,7707534785925595238
normal-o3,1,8,growth,256,cpp-std-vector,1,1048576,4096,1,3280000,7707534785925595238
normal-o3,1,8,growth,256,take-swap-c,2,1048576,4096,1,3388000,5506079726878842983
normal-o3,1,8,growth,256,swap-take-c,2,1048576,4096,1,3261000,5506079726878842983
normal-o3,1,8,growth,256,direct-c,2,1048576,4096,1,2902000,5506079726878842983
normal-o3,1,8,growth,256,reverse-c,2,1048576,4096,1,4386000,5506079726878842983
normal-o3,1,8,growth,256,whitefoot,2,1048576,4096,1,2866000,5506079726878842983
normal-o3,1,8,growth,256,cpp-std-vector,2,1048576,4096,1,3299000,5506079726878842983
normal-o3,1,8,growth,256,rust-vec,2,1048576,4096,1,2960000,5506079726878842983
normal-o3,1,8,growth,256,swap-take-c,3,1048576,4096,1,3282000,5888291873035911272
normal-o3,1,8,growth,256,direct-c,3,1048576,4096,1,2848000,5888291873035911272
normal-o3,1,8,growth,256,reverse-c,3,1048576,4096,1,4370000,5888291873035911272
normal-o3,1,8,growth,256,whitefoot,3,1048576,4096,1,2898000,5888291873035911272
normal-o3,1,8,growth,256,cpp-std-vector,3,1048576,4096,1,3329000,5888291873035911272
normal-o3,1,8,growth,256,rust-vec,3,1048576,4096,1,2928000,5888291873035911272
normal-o3,1,8,growth,256,take-swap-c,3,1048576,4096,1,3358000,5888291873035911272
normal-o3,1,8,growth,256,direct-c,4,1048576,4096,1,2844000,7512286317303570537
normal-o3,1,8,growth,256,reverse-c,4,1048576,4096,1,4375000,7512286317303570537
normal-o3,1,8,growth,256,whitefoot,4,1048576,4096,1,2867000,7512286317303570537
normal-o3,1,8,growth,256,cpp-std-vector,4,1048576,4096,1,3336000,7512286317303570537
normal-o3,1,8,growth,256,rust-vec,4,1048576,4096,1,2970000,7512286317303570537
normal-o3,1,8,growth,256,take-swap-c,4,1048576,4096,1,3398000,7512286317303570537
normal-o3,1,8,growth,256,swap-take-c,4,1048576,4096,1,3365000,7512286317303570537
normal-o3,1,8,growth,256,reverse-c,5,1048576,4096,1,4408000,13357584908658163818
normal-o3,1,8,growth,256,whitefoot,5,1048576,4096,1,2876000,13357584908658163818
normal-o3,1,8,growth,256,cpp-std-vector,5,1048576,4096,1,3262000,13357584908658163818
normal-o3,1,8,growth,256,rust-vec,5,1048576,4096,1,2963000,13357584908658163818
normal-o3,1,8,growth,256,take-swap-c,5,1048576,4096,1,3370000,13357584908658163818
normal-o3,1,8,growth,256,swap-take-c,5,1048576,4096,1,3351000,13357584908658163818
normal-o3,1,8,growth,256,direct-c,5,1048576,4096,1,2850000,13357584908658163818
normal-o3,1,8,growth,256,whitefoot,6,1048576,4096,1,2884000,10011933332678926443
normal-o3,1,8,growth,256,cpp-std-vector,6,1048576,4096,1,3274000,10011933332678926443
normal-o3,1,8,growth,256,rust-vec,6,1048576,4096,1,2962000,10011933332678926443
normal-o3,1,8,growth,256,take-swap-c,6,1048576,4096,1,3374000,10011933332678926443
normal-o3,1,8,growth,256,swap-take-c,6,1048576,4096,1,3357000,10011933332678926443
normal-o3,1,8,growth,256,direct-c,6,1048576,4096,1,2853000,10011933332678926443
normal-o3,1,8,growth,256,reverse-c,6,1048576,4096,1,4384000,10011933332678926443
normal-o3,1,8,growth,4096,cpp-std-vector,0,1048576,256,1,2426000,2256710881311081573
normal-o3,1,8,growth,4096,rust-vec,0,1048576,256,1,1932000,2256710881311081573
normal-o3,1,8,growth,4096,take-swap-c,0,1048576,256,1,2512000,2256710881311081573
normal-o3,1,8,growth,4096,swap-take-c,0,1048576,256,1,2580000,2256710881311081573
normal-o3,1,8,growth,4096,direct-c,0,1048576,256,1,2052000,2256710881311081573
normal-o3,1,8,growth,4096,reverse-c,0,1048576,256,1,3237000,2256710881311081573
normal-o3,1,8,growth,4096,whitefoot,0,1048576,256,1,2061000,2256710881311081573
normal-o3,1,8,growth,4096,rust-vec,1,1048576,256,1,1925000,6904654748820097126
normal-o3,1,8,growth,4096,take-swap-c,1,1048576,256,1,2456000,6904654748820097126
normal-o3,1,8,growth,4096,swap-take-c,1,1048576,256,1,2541000,6904654748820097126
normal-o3,1,8,growth,4096,direct-c,1,1048576,256,1,2041000,6904654748820097126
normal-o3,1,8,growth,4096,reverse-c,1,1048576,256,1,3227000,6904654748820097126
normal-o3,1,8,growth,4096,whitefoot,1,1048576,256,1,2061000,6904654748820097126
normal-o3,1,8,growth,4096,cpp-std-vector,1,1048576,256,1,2373000,6904654748820097126
normal-o3,1,8,growth,4096,take-swap-c,2,1048576,256,1,2451000,16426223538089053287
normal-o3,1,8,growth,4096,swap-take-c,2,1048576,256,1,2623000,16426223538089053287
normal-o3,1,8,growth,4096,direct-c,2,1048576,256,1,2046000,16426223538089053287
normal-o3,1,8,growth,4096,reverse-c,2,1048576,256,1,3239000,16426223538089053287
normal-o3,1,8,growth,4096,whitefoot,2,1048576,256,1,2054000,16426223538089053287
normal-o3,1,8,growth,4096,cpp-std-vector,2,1048576,256,1,2392000,16426223538089053287
normal-o3,1,8,growth,4096,rust-vec,2,1048576,256,1,1943000,16426223538089053287
normal-o3,1,8,growth,4096,swap-take-c,3,1048576,256,1,2545000,9531859752620511336
normal-o3,1,8,growth,4096,direct-c,3,1048576,256,1,2045000,9531859752620511336
normal-o3,1,8,growth,4096,reverse-c,3,1048576,256,1,3247000,9531859752620511336
normal-o3,1,8,growth,4096,whitefoot,3,1048576,256,1,2056000,9531859752620511336
normal-o3,1,8,growth,4096,cpp-std-vector,3,1048576,256,1,2422000,9531859752620511336
normal-o3,1,8,growth,4096,rust-vec,3,1048576,256,1,1945000,9531859752620511336
normal-o3,1,8,growth,4096,take-swap-c,3,1048576,256,1,2458000,9531859752620511336
normal-o3,1,8,growth,4096,direct-c,4,1048576,256,1,2088000,14830550356061344873
normal-o3,1,8,growth,4096,reverse-c,4,1048576,256,1,3282000,14830550356061344873
normal-o3,1,8,growth,4096,whitefoot,4,1048576,256,1,2058000,14830550356061344873
normal-o3,1,8,growth,4096,cpp-std-vector,4,1048576,256,1,2425000,14830550356061344873
normal-o3,1,8,growth,4096,rust-vec,4,1048576,256,1,1920000,14830550356061344873
normal-o3,1,8,growth,4096,take-swap-c,4,1048576,256,1,2455000,14830550356061344873
normal-o3,1,8,growth,4096,swap-take-c,4,1048576,256,1,2557000,14830550356061344873
normal-o3,1,8,growth,4096,reverse-c,5,1048576,256,1,3228000,11014393161628833898
normal-o3,1,8,growth,4096,whitefoot,5,1048576,256,1,2061000,11014393161628833898
normal-o3,1,8,growth,4096,cpp-std-vector,5,1048576,256,1,2373000,11014393161628833898
normal-o3,1,8,growth,4096,rust-vec,5,1048576,256,1,1931000,11014393161628833898
normal-o3,1,8,growth,4096,take-swap-c,5,1048576,256,1,2450000,11014393161628833898
normal-o3,1,8,growth,4096,swap-take-c,5,1048576,256,1,2545000,11014393161628833898
normal-o3,1,8,growth,4096,direct-c,5,1048576,256,1,2054000,11014393161628833898
normal-o3,1,8,growth,4096,whitefoot,6,1048576,256,1,2129000,3531045655943011435
normal-o3,1,8,growth,4096,cpp-std-vector,6,1048576,256,1,2401000,3531045655943011435
normal-o3,1,8,growth,4096,rust-vec,6,1048576,256,1,1989000,3531045655943011435
normal-o3,1,8,growth,4096,take-swap-c,6,1048576,256,1,2530000,3531045655943011435
normal-o3,1,8,growth,4096,swap-take-c,6,1048576,256,1,2640000,3531045655943011435
normal-o3,1,8,growth,4096,direct-c,6,1048576,256,1,2123000,3531045655943011435
normal-o3,1,8,growth,4096,reverse-c,6,1048576,256,1,3284000,3531045655943011435
normal-o3,1,8,reuse,16,cpp-std-vector,0,1048576,65536,1,2151000,1613149332516896869
normal-o3,1,8,reuse,16,rust-vec,0,1048576,65536,1,1234000,1613149332516896869
normal-o3,1,8,reuse,16,take-swap-c,0,1048576,65536,1,1970000,1613149332516896869
normal-o3,1,8,reuse,16,swap-take-c,0,1048576,65536,1,1914000,1613149332516896869
normal-o3,1,8,reuse,16,direct-c,0,1048576,65536,1,1763000,1613149332516896869
normal-o3,1,8,reuse,16,reverse-c,0,1048576,65536,1,2298000,1613149332516896869
normal-o3,1,8,reuse,16,whitefoot,0,1048576,65536,1,1236000,1613149332516896869
normal-o3,1,8,reuse,16,rust-vec,1,1048576,65536,1,1230000,15534383740606742630
normal-o3,1,8,reuse,16,take-swap-c,1,1048576,65536,1,2048000,15534383740606742630
normal-o3,1,8,reuse,16,swap-take-c,1,1048576,65536,1,1919000,15534383740606742630
normal-o3,1,8,reuse,16,direct-c,1,1048576,65536,1,1746000,15534383740606742630
normal-o3,1,8,reuse,16,reverse-c,1,1048576,65536,1,2269000,15534383740606742630
normal-o3,1,8,reuse,16,whitefoot,1,1048576,65536,1,1244000,15534383740606742630
normal-o3,1,8,reuse,16,cpp-std-vector,1,1048576,65536,1,2252000,15534383740606742630
normal-o3,1,8,reuse,16,take-swap-c,2,1048576,65536,1,1971000,11203551505675976807
normal-o3,1,8,reuse,16,swap-take-c,2,1048576,65536,1,1929000,11203551505675976807
normal-o3,1,8,reuse,16,direct-c,2,1048576,65536,1,1756000,11203551505675976807
normal-o3,1,8,reuse,16,reverse-c,2,1048576,65536,1,2270000,11203551505675976807
normal-o3,1,8,reuse,16,whitefoot,2,1048576,65536,1,1236000,11203551505675976807
normal-o3,1,8,reuse,16,cpp-std-vector,2,1048576,65536,1,2241000,11203551505675976807
normal-o3,1,8,reuse,16,rust-vec,2,1048576,65536,1,1233000,11203551505675976807
normal-o3,1,8,reuse,16,swap-take-c,3,1048576,65536,1,1918000,598448321840808040
normal-o3,1,8,reuse,16,direct-c,3,1048576,65536,1,1755000,598448321840808040
normal-o3,1,8,reuse,16,reverse-c,3,1048576,65536,1,2275000,598448321840808040
normal-o3,1,8,reuse,16,whitefoot,3,1048576,65536,1,1233000,598448321840808040
normal-o3,1,8,reuse,16,cpp-std-vector,3,1048576,65536,1,2162000,598448321840808040
normal-o3,1,8,reuse,16,rust-vec,3,1048576,65536,1,1314000,598448321840808040
normal-o3,1,8,reuse,16,take-swap-c,3,1048576,65536,1,1993000,598448321840808040
normal-o3,1,8,reuse,16,direct-c,4,1048576,65536,1,1771000,3717605000514633833
normal-o3,1,8,reuse,16,reverse-c,4,1048576,65536,1,2268000,3717605000514633833
normal-o3,1,8,reuse,16,whitefoot,4,1048576,65536,1,1247000,3717605000514633833
normal-o3,1,8,reuse,16,cpp-std-vector,4,1048576,65536,1,2154000,3717605000514633833
normal-o3,1,8,reuse,16,rust-vec,4,1048576,65536,1,1232000,3717605000514633833
normal-o3,1,8,reuse,16,take-swap-c,4,1048576,65536,1,1988000,3717605000514633833
normal-o3,1,8,reuse,16,swap-take-c,4,1048576,65536,1,1929000,3717605000514633833
normal-o3,1,8,reuse,16,reverse-c,5,1048576,65536,1,2337000,7745013020975693930
normal-o3,1,8,reuse,16,whitefoot,5,1048576,65536,1,1238000,7745013020975693930
normal-o3,1,8,reuse,16,cpp-std-vector,5,1048576,65536,1,2146000,7745013020975693930
normal-o3,1,8,reuse,16,rust-vec,5,1048576,65536,1,1231000,7745013020975693930
normal-o3,1,8,reuse,16,take-swap-c,5,1048576,65536,1,1991000,7745013020975693930
normal-o3,1,8,reuse,16,swap-take-c,5,1048576,65536,1,2000000,7745013020975693930
normal-o3,1,8,reuse,16,direct-c,5,1048576,65536,1,1808000,7745013020975693930
normal-o3,1,8,reuse,16,whitefoot,6,1048576,65536,1,1346000,6351481337365135467
normal-o3,1,8,reuse,16,cpp-std-vector,6,1048576,65536,1,2279000,6351481337365135467
normal-o3,1,8,reuse,16,rust-vec,6,1048576,65536,1,1255000,6351481337365135467
normal-o3,1,8,reuse,16,take-swap-c,6,1048576,65536,1,2037000,6351481337365135467
normal-o3,1,8,reuse,16,swap-take-c,6,1048576,65536,1,1975000,6351481337365135467
normal-o3,1,8,reuse,16,direct-c,6,1048576,65536,1,1771000,6351481337365135467
normal-o3,1,8,reuse,16,reverse-c,6,1048576,65536,1,2324000,6351481337365135467
normal-o3,1,8,reuse,256,cpp-std-vector,0,1048576,4096,1,2046000,1498897996573024357
normal-o3,1,8,reuse,256,rust-vec,0,1048576,4096,1,1482000,1498897996573024357
normal-o3,1,8,reuse,256,take-swap-c,0,1048576,4096,1,1978000,1498897996573024357
normal-o3,1,8,reuse,256,swap-take-c,0,1048576,4096,1,2045000,1498897996573024357
normal-o3,1,8,reuse,256,direct-c,0,1048576,4096,1,1535000,1498897996573024357
normal-o3,1,8,reuse,256,reverse-c,0,1048576,4096,1,3144000,1498897996573024357
normal-o3,1,8,reuse,256,whitefoot,0,1048576,4096,1,1532000,1498897996573024357
normal-o3,1,8,reuse,256,rust-vec,1,1048576,4096,1,1471000,7707534785925595238
normal-o3,1,8,reuse,256,take-swap-c,1,1048576,4096,1,1976000,7707534785925595238
normal-o3,1,8,reuse,256,swap-take-c,1,1048576,4096,1,2049000,7707534785925595238
normal-o3,1,8,reuse,256,direct-c,1,1048576,4096,1,1537000,7707534785925595238
normal-o3,1,8,reuse,256,reverse-c,1,1048576,4096,1,3308000,7707534785925595238
normal-o3,1,8,reuse,256,whitefoot,1,1048576,4096,1,1590000,7707534785925595238
normal-o3,1,8,reuse,256,cpp-std-vector,1,1048576,4096,1,2131000,7707534785925595238
normal-o3,1,8,reuse,256,take-swap-c,2,1048576,4096,1,2157000,5506079726878842983
normal-o3,1,8,reuse,256,swap-take-c,2,1048576,4096,1,2037000,5506079726878842983
normal-o3,1,8,reuse,256,direct-c,2,1048576,4096,1,1639000,5506079726878842983
normal-o3,1,8,reuse,256,reverse-c,2,1048576,4096,1,3351000,5506079726878842983
normal-o3,1,8,reuse,256,whitefoot,2,1048576,4096,1,1649000,5506079726878842983
normal-o3,1,8,reuse,256,cpp-std-vector,2,1048576,4096,1,2144000,5506079726878842983
normal-o3,1,8,reuse,256,rust-vec,2,1048576,4096,1,1535000,5506079726878842983
normal-o3,1,8,reuse,256,swap-take-c,3,1048576,4096,1,2001000,5888291873035911272
normal-o3,1,8,reuse,256,direct-c,3,1048576,4096,1,1588000,5888291873035911272
normal-o3,1,8,reuse,256,reverse-c,3,1048576,4096,1,3293000,5888291873035911272
normal-o3,1,8,reuse,256,whitefoot,3,1048576,4096,1,1596000,5888291873035911272
normal-o3,1,8,reuse,256,cpp-std-vector,3,1048576,4096,1,2120000,5888291873035911272
normal-o3,1,8,reuse,256,rust-vec,3,1048576,4096,1,1541000,5888291873035911272
normal-o3,1,8,reuse,256,take-swap-c,3,1048576,4096,1,2105000,5888291873035911272
normal-o3,1,8,reuse,256,direct-c,4,1048576,4096,1,1629000,7512286317303570537
normal-o3,1,8,reuse,256,reverse-c,4,1048576,4096,1,3193000,7512286317303570537
normal-o3,1,8,reuse,256,whitefoot,4,1048576,4096,1,1586000,7512286317303570537
normal-o3,1,8,reuse,256,cpp-std-vector,4,1048576,4096,1,2123000,7512286317303570537
normal-o3,1,8,reuse,256,rust-vec,4,1048576,4096,1,1516000,7512286317303570537
normal-o3,1,8,reuse,256,take-swap-c,4,1048576,4096,1,2090000,7512286317303570537
normal-o3,1,8,reuse,256,swap-take-c,4,1048576,4096,1,2118000,7512286317303570537
normal-o3,1,8,reuse,256,reverse-c,5,1048576,4096,1,3199000,13357584908658163818
normal-o3,1,8,reuse,256,whitefoot,5,1048576,4096,1,1531000,13357584908658163818
normal-o3,1,8,reuse,256,cpp-std-vector,5,1048576,4096,1,2020000,13357584908658163818
normal-o3,1,8,reuse,256,rust-vec,5,1048576,4096,1,1468000,13357584908658163818
normal-o3,1,8,reuse,256,take-swap-c,5,1048576,4096,1,1987000,13357584908658163818
normal-o3,1,8,reuse,256,swap-take-c,5,1048576,4096,1,1903000,13357584908658163818
normal-o3,1,8,reuse,256,direct-c,5,1048576,4096,1,1569000,13357584908658163818
normal-o3,1,8,reuse,256,whitefoot,6,1048576,4096,1,1643000,10011933332678926443
normal-o3,1,8,reuse,256,cpp-std-vector,6,1048576,4096,1,2087000,10011933332678926443
normal-o3,1,8,reuse,256,rust-vec,6,1048576,4096,1,1513000,10011933332678926443
normal-o3,1,8,reuse,256,take-swap-c,6,1048576,4096,1,2101000,10011933332678926443
normal-o3,1,8,reuse,256,swap-take-c,6,1048576,4096,1,2052000,10011933332678926443
normal-o3,1,8,reuse,256,direct-c,6,1048576,4096,1,1588000,10011933332678926443
normal-o3,1,8,reuse,256,reverse-c,6,1048576,4096,1,3187000,10011933332678926443
normal-o3,1,8,reuse,4096,cpp-std-vector,0,1048576,256,1,2062000,2256710881311081573
normal-o3,1,8,reuse,4096,rust-vec,0,1048576,256,1,1552000,2256710881311081573
normal-o3,1,8,reuse,4096,take-swap-c,0,1048576,256,1,2107000,2256710881311081573
normal-o3,1,8,reuse,4096,swap-take-c,0,1048576,256,1,2114000,2256710881311081573
normal-o3,1,8,reuse,4096,direct-c,0,1048576,256,1,1619000,2256710881311081573
normal-o3,1,8,reuse,4096,reverse-c,0,1048576,256,1,2811000,2256710881311081573
normal-o3,1,8,reuse,4096,whitefoot,0,1048576,256,1,1641000,2256710881311081573
normal-o3,1,8,reuse,4096,rust-vec,1,1048576,256,1,1502000,6904654748820097126
normal-o3,1,8,reuse,4096,take-swap-c,1,1048576,256,1,2092000,6904654748820097126
normal-o3,1,8,reuse,4096,swap-take-c,1,1048576,256,1,2112000,6904654748820097126
normal-o3,1,8,reuse,4096,direct-c,1,1048576,256,1,1617000,6904654748820097126
normal-o3,1,8,reuse,4096,reverse-c,1,1048576,256,1,2805000,6904654748820097126
normal-o3,1,8,reuse,4096,whitefoot,1,1048576,256,1,1638000,6904654748820097126
normal-o3,1,8,reuse,4096,cpp-std-vector,1,1048576,256,1,2002000,6904654748820097126
normal-o3,1,8,reuse,4096,take-swap-c,2,1048576,256,1,2023000,16426223538089053287
normal-o3,1,8,reuse,4096,swap-take-c,2,1048576,256,1,2118000,16426223538089053287
normal-o3,1,8,reuse,4096,direct-c,2,1048576,256,1,1616000,16426223538089053287
normal-o3,1,8,reuse,4096,reverse-c,2,1048576,256,1,2804000,16426223538089053287
normal-o3,1,8,reuse,4096,whitefoot,2,1048576,256,1,1635000,16426223538089053287
normal-o3,1,8,reuse,4096,cpp-std-vector,2,1048576,256,1,2079000,16426223538089053287
normal-o3,1,8,reuse,4096,rust-vec,2,1048576,256,1,1503000,16426223538089053287
normal-o3,1,8,reuse,4096,swap-take-c,3,1048576,256,1,2113000,9531859752620511336
normal-o3,1,8,reuse,4096,direct-c,3,1048576,256,1,1616000,9531859752620511336
normal-o3,1,8,reuse,4096,reverse-c,3,1048576,256,1,2806000,9531859752620511336
normal-o3,1,8,reuse,4096,whitefoot,3,1048576,256,1,1671000,9531859752620511336
normal-o3,1,8,reuse,4096,cpp-std-vector,3,1048576,256,1,1998000,9531859752620511336
normal-o3,1,8,reuse,4096,rust-vec,3,1048576,256,1,1506000,9531859752620511336
normal-o3,1,8,reuse,4096,take-swap-c,3,1048576,256,1,2060000,9531859752620511336
normal-o3,1,8,reuse,4096,direct-c,4,1048576,256,1,1619000,14830550356061344873
normal-o3,1,8,reuse,4096,reverse-c,4,1048576,256,1,2802000,14830550356061344873
normal-o3,1,8,reuse,4096,whitefoot,4,1048576,256,1,1635000,14830550356061344873
normal-o3,1,8,reuse,4096,cpp-std-vector,4,1048576,256,1,2079000,14830550356061344873
normal-o3,1,8,reuse,4096,rust-vec,4,1048576,256,1,1499000,14830550356061344873
normal-o3,1,8,reuse,4096,take-swap-c,4,1048576,256,1,2027000,14830550356061344873
normal-o3,1,8,reuse,4096,swap-take-c,4,1048576,256,1,2116000,14830550356061344873
normal-o3,1,8,reuse,4096,reverse-c,5,1048576,256,1,2802000,11014393161628833898
normal-o3,1,8,reuse,4096,whitefoot,5,1048576,256,1,1641000,11014393161628833898
normal-o3,1,8,reuse,4096,cpp-std-vector,5,1048576,256,1,2008000,11014393161628833898
normal-o3,1,8,reuse,4096,rust-vec,5,1048576,256,1,1511000,11014393161628833898
normal-o3,1,8,reuse,4096,take-swap-c,5,1048576,256,1,2050000,11014393161628833898
normal-o3,1,8,reuse,4096,swap-take-c,5,1048576,256,1,2153000,11014393161628833898
normal-o3,1,8,reuse,4096,direct-c,5,1048576,256,1,1620000,11014393161628833898
normal-o3,1,8,reuse,4096,whitefoot,6,1048576,256,1,1640000,3531045655943011435
normal-o3,1,8,reuse,4096,cpp-std-vector,6,1048576,256,1,2076000,3531045655943011435
normal-o3,1,8,reuse,4096,rust-vec,6,1048576,256,1,1503000,3531045655943011435
normal-o3,1,8,reuse,4096,take-swap-c,6,1048576,256,1,2026000,3531045655943011435
normal-o3,1,8,reuse,4096,swap-take-c,6,1048576,256,1,2112000,3531045655943011435
normal-o3,1,8,reuse,4096,direct-c,6,1048576,256,1,1617000,3531045655943011435
normal-o3,1,8,reuse,4096,reverse-c,6,1048576,256,1,2802000,3531045655943011435
normal-o3,1,8,suffix-0,16,cpp-std-vector,0,1048576,1048576,1,976000,1953714321357298
normal-o3,1,8,suffix-0,16,rust-vec,0,1048576,1048576,1,984000,1953714321357298
normal-o3,1,8,suffix-0,16,take-swap-c,0,1048576,1048576,1,987000,1953714321357298
normal-o3,1,8,suffix-0,16,swap-take-c,0,1048576,1048576,1,2783000,1953714321357298
normal-o3,1,8,suffix-0,16,direct-c,0,1048576,1048576,1,2764000,1953714321357298
normal-o3,1,8,suffix-0,16,reverse-c,0,1048576,1048576,1,980000,1953714321357298
normal-o3,1,8,suffix-0,16,whitefoot,0,1048576,1048576,1,979000,1953714321357298
normal-o3,1,8,suffix-0,16,rust-vec,1,1048576,1048576,1,986000,7188693379551418836
normal-o3,1,8,suffix-0,16,take-swap-c,1,1048576,1048576,1,984000,7188693379551418836
normal-o3,1,8,suffix-0,16,swap-take-c,1,1048576,1048576,1,2831000,7188693379551418836
normal-o3,1,8,suffix-0,16,direct-c,1,1048576,1048576,1,2797000,7188693379551418836
normal-o3,1,8,suffix-0,16,reverse-c,1,1048576,1048576,1,982000,7188693379551418836
normal-o3,1,8,suffix-0,16,whitefoot,1,1048576,1048576,1,982000,7188693379551418836
normal-o3,1,8,suffix-0,16,cpp-std-vector,1,1048576,1048576,1,982000,7188693379551418836
normal-o3,1,8,suffix-0,16,take-swap-c,2,1048576,1048576,1,976000,14375433044781480374
normal-o3,1,8,suffix-0,16,swap-take-c,2,1048576,1048576,1,2782000,14375433044781480374
normal-o3,1,8,suffix-0,16,direct-c,2,1048576,1048576,1,2763000,14375433044781480374
normal-o3,1,8,suffix-0,16,reverse-c,2,1048576,1048576,1,975000,14375433044781480374
normal-o3,1,8,suffix-0,16,whitefoot,2,1048576,1048576,1,987000,14375433044781480374
normal-o3,1,8,suffix-0,16,cpp-std-vector,2,1048576,1048576,1,981000,14375433044781480374
normal-o3,1,8,suffix-0,16,rust-vec,2,1048576,1048576,1,987000,14375433044781480374
normal-o3,1,8,suffix-0,16,swap-take-c,3,1048576,1048576,1,2780000,3115428636301990296
normal-o3,1,8,suffix-0,16,direct-c,3,1048576,1048576,1,2764000,3115428636301990296
normal-o3,1,8,suffix-0,16,reverse-c,3,1048576,1048576,1,975000,3115428636301990296
normal-o3,1,8,suffix-0,16,whitefoot,3,1048576,1048576,1,976000,3115428636301990296
normal-o3,1,8,suffix-0,16,cpp-std-vector,3,1048576,1048576,1,980000,3115428636301990296
normal-o3,1,8,suffix-0,16,rust-vec,3,1048576,1048576,1,987000,3115428636301990296
normal-o3,1,8,suffix-0,16,take-swap-c,3,1048576,1048576,1,985000,3115428636301990296
normal-o3,1,8,suffix-0,16,direct-c,4,1048576,1048576,1,2764000,10302168301532051834
normal-o3,1,8,suffix-0,16,reverse-c,4,1048576,1048576,1,998000,10302168301532051834
normal-o3,1,8,suffix-0,16,whitefoot,4,1048576,1048576,1,1029000,10302168301532051834
normal-o3,1,8,suffix-0,16,cpp-std-vector,4,1048576,1048576,1,979000,10302168301532051834
normal-o3,1,8,suffix-0,16,rust-vec,4,1048576,1048576,1,984000,10302168301532051834
normal-o3,1,8,suffix-0,16,take-swap-c,4,1048576,1048576,1,985000,10302168301532051834
normal-o3,1,8,suffix-0,16,swap-take-c,4,1048576,1048576,1,2792000,10302168301532051834
normal-o3,1,8,suffix-0,16,reverse-c,5,1048576,1048576,1,975000,17488907966762113372
normal-o3,1,8,suffix-0,16,whitefoot,5,1048576,1048576,1,986000,17488907966762113372
normal-o3,1,8,suffix-0,16,cpp-std-vector,5,1048576,1048576,1,982000,17488907966762113372
normal-o3,1,8,suffix-0,16,rust-vec,5,1048576,1048576,1,985000,17488907966762113372
normal-o3,1,8,suffix-0,16,take-swap-c,5,1048576,1048576,1,986000,17488907966762113372
normal-o3,1,8,suffix-0,16,swap-take-c,5,1048576,1048576,1,2827000,17488907966762113372
normal-o3,1,8,suffix-0,16,direct-c,5,1048576,1048576,1,2798000,17488907966762113372
normal-o3,1,8,suffix-0,16,whitefoot,6,1048576,1048576,1,988000,6228903558282623294
normal-o3,1,8,suffix-0,16,cpp-std-vector,6,1048576,1048576,1,982000,6228903558282623294
normal-o3,1,8,suffix-0,16,rust-vec,6,1048576,1048576,1,984000,6228903558282623294
normal-o3,1,8,suffix-0,16,take-swap-c,6,1048576,1048576,1,987000,6228903558282623294
normal-o3,1,8,suffix-0,16,swap-take-c,6,1048576,1048576,1,2740000,6228903558282623294
normal-o3,1,8,suffix-0,16,direct-c,6,1048576,1048576,1,2763000,6228903558282623294
normal-o3,1,8,suffix-0,16,reverse-c,6,1048576,1048576,1,977000,6228903558282623294
normal-o3,1,8,suffix-0,256,cpp-std-vector,0,1048576,1048576,1,983000,17116383760326379594
normal-o3,1,8,suffix-0,256,rust-vec,0,1048576,1048576,1,1025000,17116383760326379594
normal-o3,1,8,suffix-0,256,take-swap-c,0,1048576,1048576,1,1022000,17116383760326379594
normal-o3,1,8,suffix-0,256,swap-take-c,0,1048576,1048576,1,2743000,17116383760326379594
normal-o3,1,8,suffix-0,256,direct-c,0,1048576,1048576,1,2825000,17116383760326379594
normal-o3,1,8,suffix-0,256,reverse-c,0,1048576,1048576,1,1065000,17116383760326379594
normal-o3,1,8,suffix-0,256,whitefoot,0,1048576,1048576,1,1032000,17116383760326379594
normal-o3,1,8,suffix-0,256,rust-vec,1,1048576,1048576,1,990000,18422461136700962636
normal-o3,1,8,suffix-0,256,take-swap-c,1,1048576,1048576,1,999000,18422461136700962636
normal-o3,1,8,suffix-0,256,swap-take-c,1,1048576,1048576,1,2803000,18422461136700962636
normal-o3,1,8,suffix-0,256,direct-c,1,1048576,1048576,1,2826000,18422461136700962636
normal-o3,1,8,suffix-0,256,reverse-c,1,1048576,1048576,1,1025000,18422461136700962636
normal-o3,1,8,suffix-0,256,whitefoot,1,1048576,1048576,1,1025000,18422461136700962636
normal-o3,1,8,suffix-0,256,cpp-std-vector,1,1048576,1048576,1,1032000,18422461136700962636
normal-o3,1,8,suffix-0,256,take-swap-c,2,1048576,1048576,1,1019000,1281794439365994062
normal-o3,1,8,suffix-0,256,swap-take-c,2,1048576,1048576,1,2886000,1281794439365994062
normal-o3,1,8,suffix-0,256,direct-c,2,1048576,1048576,1,2874000,1281794439365994062
normal-o3,1,8,suffix-0,256,reverse-c,2,1048576,1048576,1,1027000,1281794439365994062
normal-o3,1,8,suffix-0,256,whitefoot,2,1048576,1048576,1,1020000,1281794439365994062
normal-o3,1,8,suffix-0,256,cpp-std-vector,2,1048576,1048576,1,1017000,1281794439365994062
normal-o3,1,8,suffix-0,256,rust-vec,2,1048576,1048576,1,1034000,1281794439365994062
normal-o3,1,8,suffix-0,256,swap-take-c,3,1048576,1048576,1,2945000,2587871815740577104
normal-o3,1,8,suffix-0,256,direct-c,3,1048576,1048576,1,2879000,2587871815740577104
normal-o3,1,8,suffix-0,256,reverse-c,3,1048576,1048576,1,1041000,2587871815740577104
normal-o3,1,8,suffix-0,256,whitefoot,3,1048576,1048576,1,1028000,2587871815740577104
normal-o3,1,8,suffix-0,256,cpp-std-vector,3,1048576,1048576,1,1034000,2587871815740577104
normal-o3,1,8,suffix-0,256,rust-vec,3,1048576,1048576,1,1043000,2587871815740577104
normal-o3,1,8,suffix-0,256,take-swap-c,3,1048576,1048576,1,1033000,2587871815740577104
normal-o3,1,8,suffix-0,256,direct-c,4,1048576,1048576,1,2855000,3893949192115160146
normal-o3,1,8,suffix-0,256,reverse-c,4,1048576,1048576,1,1012000,3893949192115160146
normal-o3,1,8,suffix-0,256,whitefoot,4,1048576,1048576,1,1025000,3893949192115160146
normal-o3,1,8,suffix-0,256,cpp-std-vector,4,1048576,1048576,1,1011000,3893949192115160146
normal-o3,1,8,suffix-0,256,rust-vec,4,1048576,1048576,1,1016000,3893949192115160146
normal-o3,1,8,suffix-0,256,take-swap-c,4,1048576,1048576,1,1014000,3893949192115160146
normal-o3,1,8,suffix-0,256,swap-take-c,4,1048576,1048576,1,2900000,3893949192115160146
normal-o3,1,8,suffix-0,256,reverse-c,5,1048576,1048576,1,1008000,5200026568489743188
normal-o3,1,8,suffix-0,256,whitefoot,5,1048576,1048576,1,1007000,5200026568489743188
normal-o3,1,8,suffix-0,256,cpp-std-vector,5,1048576,1048576,1,1010000,5200026568489743188
normal-o3,1,8,suffix-0,256,rust-vec,5,1048576,1048576,1,1017000,5200026568489743188
normal-o3,1,8,suffix-0,256,take-swap-c,5,1048576,1048576,1,1020000,5200026568489743188
normal-o3,1,8,suffix-0,256,swap-take-c,5,1048576,1048576,1,2879000,5200026568489743188
normal-o3,1,8,suffix-0,256,direct-c,5,1048576,1048576,1,2853000,5200026568489743188
normal-o3,1,8,suffix-0,256,whitefoot,6,1048576,1048576,1,1063000,6506103944864326230
normal-o3,1,8,suffix-0,256,cpp-std-vector,6,1048576,1048576,1,1036000,6506103944864326230
normal-o3,1,8,suffix-0,256,rust-vec,6,1048576,1048576,1,1015000,6506103944864326230
normal-o3,1,8,suffix-0,256,take-swap-c,6,1048576,1048576,1,1014000,6506103944864326230
normal-o3,1,8,suffix-0,256,swap-take-c,6,1048576,1048576,1,2904000,6506103944864326230
normal-o3,1,8,suffix-0,256,direct-c,6,1048576,1048576,1,2848000,6506103944864326230
normal-o3,1,8,suffix-0,256,reverse-c,6,1048576,1048576,1,1012000,6506103944864326230
normal-o3,1,8,suffix-0,4096,cpp-std-vector,0,1048576,1048576,1,1017000,4677669742816693706
normal-o3,1,8,suffix-0,4096,rust-vec,0,1048576,1048576,1,1020000,4677669742816693706
normal-o3,1,8,suffix-0,4096,take-swap-c,0,1048576,1048576,1,1019000,4677669742816693706
normal-o3,1,8,suffix-0,4096,swap-take-c,0,1048576,1048576,1,2871000,4677669742816693706
normal-o3,1,8,suffix-0,4096,direct-c,0,1048576,1048576,1,2860000,4677669742816693706
normal-o3,1,8,suffix-0,4096,reverse-c,0,1048576,1048576,1,1049000,4677669742816693706
normal-o3,1,8,suffix-0,4096,whitefoot,0,1048576,1048576,1,1051000,4677669742816693706
normal-o3,1,8,suffix-0,4096,rust-vec,1,1048576,1048576,1,1035000,3271637737093033676
normal-o3,1,8,suffix-0,4096,take-swap-c,1,1048576,1048576,1,1013000,3271637737093033676
normal-o3,1,8,suffix-0,4096,swap-take-c,1,1048576,1048576,1,2925000,3271637737093033676
normal-o3,1,8,suffix-0,4096,direct-c,1,1048576,1048576,1,2906000,3271637737093033676
normal-o3,1,8,suffix-0,4096,reverse-c,1,1048576,1048576,1,1053000,3271637737093033676
normal-o3,1,8,suffix-0,4096,whitefoot,1,1048576,1048576,1,1011000,3271637737093033676
normal-o3,1,8,suffix-0,4096,cpp-std-vector,1,1048576,1048576,1,1048000,3271637737093033676
normal-o3,1,8,suffix-0,4096,take-swap-c,2,1048576,1048576,1,1043000,1865605731369373646
normal-o3,1,8,suffix-0,4096,swap-take-c,2,1048576,1048576,1,2943000,1865605731369373646
normal-o3,1,8,suffix-0,4096,direct-c,2,1048576,1048576,1,2878000,1865605731369373646
normal-o3,1,8,suffix-0,4096,reverse-c,2,1048576,1048576,1,1024000,1865605731369373646
normal-o3,1,8,suffix-0,4096,whitefoot,2,1048576,1048576,1,1048000,1865605731369373646
normal-o3,1,8,suffix-0,4096,cpp-std-vector,2,1048576,1048576,1,1062000,1865605731369373646
normal-o3,1,8,suffix-0,4096,rust-vec,2,1048576,1048576,1,1073000,1865605731369373646
normal-o3,1,8,suffix-0,4096,swap-take-c,3,1048576,1048576,1,2883000,459573725645713616
normal-o3,1,8,suffix-0,4096,direct-c,3,1048576,1048576,1,2917000,459573725645713616
normal-o3,1,8,suffix-0,4096,reverse-c,3,1048576,1048576,1,1030000,459573725645713616
normal-o3,1,8,suffix-0,4096,whitefoot,3,1048576,1048576,1,1012000,459573725645713616
normal-o3,1,8,suffix-0,4096,cpp-std-vector,3,1048576,1048576,1,1017000,459573725645713616
normal-o3,1,8,suffix-0,4096,rust-vec,3,1048576,1048576,1,1046000,459573725645713616
normal-o3,1,8,suffix-0,4096,take-swap-c,3,1048576,1048576,1,1026000,459573725645713616
normal-o3,1,8,suffix-0,4096,direct-c,4,1048576,1048576,1,2880000,17500285793631605202
normal-o3,1,8,suffix-0,4096,reverse-c,4,1048576,1048576,1,1012000,17500285793631605202
normal-o3,1,8,suffix-0,4096,whitefoot,4,1048576,1048576,1,1013000,17500285793631605202
normal-o3,1,8,suffix-0,4096,cpp-std-vector,4,1048576,1048576,1,1016000,17500285793631605202
normal-o3,1,8,suffix-0,4096,rust-vec,4,1048576,1048576,1,1034000,17500285793631605202
normal-o3,1,8,suffix-0,4096,take-swap-c,4,1048576,1048576,1,1047000,17500285793631605202
normal-o3,1,8,suffix-0,4096,swap-take-c,4,1048576,1048576,1,2953000,17500285793631605202
normal-o3,1,8,suffix-0,4096,reverse-c,5,1048576,1048576,1,1039000,16094253787907945172
normal-o3,1,8,suffix-0,4096,whitefoot,5,1048576,1048576,1,1015000,16094253787907945172
normal-o3,1,8,suffix-0,4096,cpp-std-vector,5,1048576,1048576,1,1017000,16094253787907945172
normal-o3,1,8,suffix-0,4096,rust-vec,5,1048576,1048576,1,1020000,16094253787907945172
normal-o3,1,8,suffix-0,4096,take-swap-c,5,1048576,1048576,1,1033000,16094253787907945172
normal-o3,1,8,suffix-0,4096,swap-take-c,5,1048576,1048576,1,2901000,16094253787907945172
normal-o3,1,8,suffix-0,4096,direct-c,5,1048576,1048576,1,2871000,16094253787907945172
normal-o3,1,8,suffix-0,4096,whitefoot,6,1048576,1048576,1,1016000,14688221782184285142
normal-o3,1,8,suffix-0,4096,cpp-std-vector,6,1048576,1048576,1,1018000,14688221782184285142
normal-o3,1,8,suffix-0,4096,rust-vec,6,1048576,1048576,1,1024000,14688221782184285142
normal-o3,1,8,suffix-0,4096,take-swap-c,6,1048576,1048576,1,1022000,14688221782184285142
normal-o3,1,8,suffix-0,4096,swap-take-c,6,1048576,1048576,1,2893000,14688221782184285142
normal-o3,1,8,suffix-0,4096,direct-c,6,1048576,1048576,1,2859000,14688221782184285142
normal-o3,1,8,suffix-0,4096,reverse-c,6,1048576,1048576,1,1015000,14688221782184285142
normal-o3,1,8,suffix-1,16,cpp-std-vector,0,1048576,1048576,1,3168000,929898191272797080
normal-o3,1,8,suffix-1,16,rust-vec,0,1048576,1048576,1,1576000,929898191272797080
normal-o3,1,8,suffix-1,16,take-swap-c,0,1048576,1048576,1,3354000,929898191272797080
normal-o3,1,8,suffix-1,16,swap-take-c,0,1048576,1048576,1,3468000,929898191272797080
normal-o3,1,8,suffix-1,16,direct-c,0,1048576,1048576,1,2804000,929898191272797080
normal-o3,1,8,suffix-1,16,reverse-c,0,1048576,1048576,1,3236000,929898191272797080
normal-o3,1,8,suffix-1,16,whitefoot,0,1048576,1048576,1,2858000,929898191272797080
normal-o3,1,8,suffix-1,16,rust-vec,1,1048576,1048576,1,1576000,4026886324240061497
normal-o3,1,8,suffix-1,16,take-swap-c,1,1048576,1048576,1,3259000,4026886324240061497
normal-o3,1,8,suffix-1,16,swap-take-c,1,1048576,1048576,1,3379000,4026886324240061497
normal-o3,1,8,suffix-1,16,direct-c,1,1048576,1048576,1,2789000,4026886324240061497
normal-o3,1,8,suffix-1,16,reverse-c,1,1048576,1048576,1,3329000,4026886324240061497
normal-o3,1,8,suffix-1,16,whitefoot,1,1048576,1048576,1,2891000,4026886324240061497
normal-o3,1,8,suffix-1,16,cpp-std-vector,1,1048576,1048576,1,2937000,4026886324240061497
normal-o3,1,8,suffix-1,16,take-swap-c,2,1048576,1048576,1,3274000,7123874457207325914
normal-o3,1,8,suffix-1,16,swap-take-c,2,1048576,1048576,1,3367000,7123874457207325914
normal-o3,1,8,suffix-1,16,direct-c,2,1048576,1048576,1,2783000,7123874457207325914
normal-o3,1,8,suffix-1,16,reverse-c,2,1048576,1048576,1,3241000,7123874457207325914
normal-o3,1,8,suffix-1,16,whitefoot,2,1048576,1048576,1,2842000,7123874457207325914
normal-o3,1,8,suffix-1,16,cpp-std-vector,2,1048576,1048576,1,2924000,7123874457207325914
normal-o3,1,8,suffix-1,16,rust-vec,2,1048576,1048576,1,1554000,7123874457207325914
normal-o3,1,8,suffix-1,16,swap-take-c,3,1048576,1048576,1,3455000,10220862590174590331
normal-o3,1,8,suffix-1,16,direct-c,3,1048576,1048576,1,2800000,10220862590174590331
normal-o3,1,8,suffix-1,16,reverse-c,3,1048576,1048576,1,3237000,10220862590174590331
normal-o3,1,8,suffix-1,16,whitefoot,3,1048576,1048576,1,2905000,10220862590174590331
normal-o3,1,8,suffix-1,16,cpp-std-vector,3,1048576,1048576,1,2936000,10220862590174590331
normal-o3,1,8,suffix-1,16,rust-vec,3,1048576,1048576,1,1553000,10220862590174590331
normal-o3,1,8,suffix-1,16,take-swap-c,3,1048576,1048576,1,3241000,10220862590174590331
normal-o3,1,8,suffix-1,16,direct-c,4,1048576,1048576,1,2785000,13317850723141854748
normal-o3,1,8,suffix-1,16,reverse-c,4,1048576,1048576,1,3244000,13317850723141854748
normal-o3,1,8,suffix-1,16,whitefoot,4,1048576,1048576,1,2894000,13317850723141854748
normal-o3,1,8,suffix-1,16,cpp-std-vector,4,1048576,1048576,1,2996000,13317850723141854748
normal-o3,1,8,suffix-1,16,rust-vec,4,1048576,1048576,1,1547000,13317850723141854748
normal-o3,1,8,suffix-1,16,take-swap-c,4,1048576,1048576,1,3255000,13317850723141854748
normal-o3,1,8,suffix-1,16,swap-take-c,4,1048576,1048576,1,3376000,13317850723141854748
normal-o3,1,8,suffix-1,16,reverse-c,5,1048576,1048576,1,3241000,16414838856109119165
normal-o3,1,8,suffix-1,16,whitefoot,5,1048576,1048576,1,2843000,16414838856109119165
normal-o3,1,8,suffix-1,16,cpp-std-vector,5,1048576,1048576,1,2944000,16414838856109119165
normal-o3,1,8,suffix-1,16,rust-vec,5,1048576,1048576,1,1546000,16414838856109119165
normal-o3,1,8,suffix-1,16,take-swap-c,5,1048576,1048576,1,3220000,16414838856109119165
normal-o3,1,8,suffix-1,16,swap-take-c,5,1048576,1048576,1,3379000,16414838856109119165
normal-o3,1,8,suffix-1,16,direct-c,5,1048576,1048576,1,2813000,16414838856109119165
normal-o3,1,8,suffix-1,16,whitefoot,6,1048576,1048576,1,2894000,1065082915366831966
normal-o3,1,8,suffix-1,16,cpp-std-vector,6,1048576,1048576,1,2926000,1065082915366831966
normal-o3,1,8,suffix-1,16,rust-vec,6,1048576,1048576,1,1546000,1065082915366831966
normal-o3,1,8,suffix-1,16,take-swap-c,6,1048576,1048576,1,3241000,1065082915366831966
normal-o3,1,8,suffix-1,16,swap-take-c,6,1048576,1048576,1,3418000,1065082915366831966
normal-o3,1,8,suffix-1,16,direct-c,6,1048576,1048576,1,2784000,1065082915366831966
normal-o3,1,8,suffix-1,16,reverse-c,6,1048576,1048576,1,3235000,1065082915366831966
normal-o3,1,8,suffix-1,256,cpp-std-vector,0,1048576,1048576,1,2927000,14065998348325884944
normal-o3,1,8,suffix-1,256,rust-vec,0,1048576,1048576,1,1549000,14065998348325884944
normal-o3,1,8,suffix-1,256,take-swap-c,0,1048576,1048576,1,3275000,14065998348325884944
normal-o3,1,8,suffix-1,256,swap-take-c,0,1048576,1048576,1,3470000,14065998348325884944
normal-o3,1,8,suffix-1,256,direct-c,0,1048576,1048576,1,2786000,14065998348325884944
normal-o3,1,8,suffix-1,256,reverse-c,0,1048576,1048576,1,3269000,14065998348325884944
normal-o3,1,8,suffix-1,256,whitefoot,0,1048576,1048576,1,2850000,14065998348325884944
normal-o3,1,8,suffix-1,256,rust-vec,1,1048576,1048576,1,1546000,5008019667339890449
normal-o3,1,8,suffix-1,256,take-swap-c,1,1048576,1048576,1,3277000,5008019667339890449
normal-o3,1,8,suffix-1,256,swap-take-c,1,1048576,1048576,1,3375000,5008019667339890449
normal-o3,1,8,suffix-1,256,direct-c,1,1048576,1048576,1,2783000,5008019667339890449
normal-o3,1,8,suffix-1,256,reverse-c,1,1048576,1048576,1,3236000,5008019667339890449
normal-o3,1,8,suffix-1,256,whitefoot,1,1048576,1048576,1,2889000,5008019667339890449
normal-o3,1,8,suffix-1,256,cpp-std-vector,1,1048576,1048576,1,3009000,5008019667339890449
normal-o3,1,8,suffix-1,256,take-swap-c,2,1048576,1048576,1,3221000,14396785060063447570
normal-o3,1,8,suffix-1,256,swap-take-c,2,1048576,1048576,1,3430000,14396785060063447570
normal-o3,1,8,suffix-1,256,direct-c,2,1048576,1048576,1,2799000,14396785060063447570
normal-o3,1,8,suffix-1,256,reverse-c,2,1048576,1048576,1,3235000,14396785060063447570
normal-o3,1,8,suffix-1,256,whitefoot,2,1048576,1048576,1,2844000,14396785060063447570
normal-o3,1,8,suffix-1,256,cpp-std-vector,2,1048576,1048576,1,2934000,14396785060063447570
normal-o3,1,8,suffix-1,256,rust-vec,2,1048576,1048576,1,1553000,14396785060063447570
normal-o3,1,8,suffix-1,256,swap-take-c,3,1048576,1048576,1,3378000,5338806379077453075
normal-o3,1,8,suffix-1,256,direct-c,3,1048576,1048576,1,2788000,5338806379077453075
normal-o3,1,8,suffix-1,256,reverse-c,3,1048576,1048576,1,3337000,5338806379077453075
normal-o3,1,8,suffix-1,256,whitefoot,3,1048576,1048576,1,2847000,5338806379077453075
normal-o3,1,8,suffix-1,256,cpp-std-vector,3,1048576,1048576,1,2925000,5338806379077453075
normal-o3,1,8,suffix-1,256,rust-vec,3,1048576,1048576,1,1550000,5338806379077453075
normal-o3,1,8,suffix-1,256,take-swap-c,3,1048576,1048576,1,3241000,5338806379077453075
normal-o3,1,8,suffix-1,256,direct-c,4,1048576,1048576,1,2785000,14727571771801010196
normal-o3,1,8,suffix-1,256,reverse-c,4,1048576,1048576,1,3240000,14727571771801010196
normal-o3,1,8,suffix-1,256,whitefoot,4,1048576,1048576,1,2852000,14727571771801010196
normal-o3,1,8,suffix-1,256,cpp-std-vector,4,1048576,1048576,1,2926000,14727571771801010196
normal-o3,1,8,suffix-1,256,rust-vec,4,1048576,1048576,1,1543000,14727571771801010196
normal-o3,1,8,suffix-1,256,take-swap-c,4,1048576,1048576,1,3273000,14727571771801010196
normal-o3,1,8,suffix-1,256,swap-take-c,4,1048576,1048576,1,3443000,14727571771801010196
normal-o3,1,8,suffix-1,256,reverse-c,5,1048576,1048576,1,3233000,5669593090815015701
normal-o3,1,8,suffix-1,256,whitefoot,5,1048576,1048576,1,2889000,5669593090815015701
normal-o3,1,8,suffix-1,256,cpp-std-vector,5,1048576,1048576,1,2929000,5669593090815015701
normal-o3,1,8,suffix-1,256,rust-vec,5,1048576,1048576,1,1544000,5669593090815015701
normal-o3,1,8,suffix-1,256,take-swap-c,5,1048576,1048576,1,3252000,5669593090815015701
normal-o3,1,8,suffix-1,256,swap-take-c,5,1048576,1048576,1,3376000,5669593090815015701
normal-o3,1,8,suffix-1,256,direct-c,5,1048576,1048576,1,2784000,5669593090815015701
normal-o3,1,8,suffix-1,256,whitefoot,6,1048576,1048576,1,2866000,15058358483538572822
normal-o3,1,8,suffix-1,256,cpp-std-vector,6,1048576,1048576,1,2971000,15058358483538572822
normal-o3,1,8,suffix-1,256,rust-vec,6,1048576,1048576,1,1604000,15058358483538572822
normal-o3,1,8,suffix-1,256,take-swap-c,6,1048576,1048576,1,3226000,15058358483538572822
normal-o3,1,8,suffix-1,256,swap-take-c,6,1048576,1048576,1,3371000,15058358483538572822
normal-o3,1,8,suffix-1,256,direct-c,6,1048576,1048576,1,2794000,15058358483538572822
normal-o3,1,8,suffix-1,256,reverse-c,6,1048576,1048576,1,3238000,15058358483538572822
normal-o3,1,8,suffix-1,4096,cpp-std-vector,0,1048576,1048576,1,2938000,7456520226923789200
normal-o3,1,8,suffix-1,4096,rust-vec,0,1048576,1048576,1,1552000,7456520226923789200
normal-o3,1,8,suffix-1,4096,take-swap-c,0,1048576,1048576,1,3225000,7456520226923789200
normal-o3,1,8,suffix-1,4096,swap-take-c,0,1048576,1048576,1,3384000,7456520226923789200
normal-o3,1,8,suffix-1,4096,direct-c,0,1048576,1048576,1,2832000,7456520226923789200
normal-o3,1,8,suffix-1,4096,reverse-c,0,1048576,1048576,1,3438000,7456520226923789200
normal-o3,1,8,suffix-1,4096,whitefoot,0,1048576,1048576,1,2904000,7456520226923789200
normal-o3,1,8,suffix-1,4096,rust-vec,1,1048576,1048576,1,1548000,12459322446616091793
normal-o3,1,8,suffix-1,4096,take-swap-c,1,1048576,1048576,1,3253000,12459322446616091793
normal-o3,1,8,suffix-1,4096,swap-take-c,1,1048576,1048576,1,3380000,12459322446616091793
normal-o3,1,8,suffix-1,4096,direct-c,1,1048576,1048576,1,2793000,12459322446616091793
normal-o3,1,8,suffix-1,4096,reverse-c,1,1048576,1048576,1,3249000,12459322446616091793
normal-o3,1,8,suffix-1,4096,whitefoot,1,1048576,1048576,1,2853000,12459322446616091793
normal-o3,1,8,suffix-1,4096,cpp-std-vector,1,1048576,1048576,1,2935000,12459322446616091793
normal-o3,1,8,suffix-1,4096,take-swap-c,2,1048576,1048576,1,3277000,17462124666308394386
normal-o3,1,8,suffix-1,4096,swap-take-c,2,1048576,1048576,1,3454000,17462124666308394386
normal-o3,1,8,suffix-1,4096,direct-c,2,1048576,1048576,1,2900000,17462124666308394386
normal-o3,1,8,suffix-1,4096,reverse-c,2,1048576,1048576,1,3253000,17462124666308394386
normal-o3,1,8,suffix-1,4096,whitefoot,2,1048576,1048576,1,2888000,17462124666308394386
normal-o3,1,8,suffix-1,4096,cpp-std-vector,2,1048576,1048576,1,2945000,17462124666308394386
normal-o3,1,8,suffix-1,4096,rust-vec,2,1048576,1048576,1,1554000,17462124666308394386
normal-o3,1,8,suffix-1,4096,swap-take-c,3,1048576,1048576,1,3418000,4018182812291145363
normal-o3,1,8,suffix-1,4096,direct-c,3,1048576,1048576,1,2853000,4018182812291145363
normal-o3,1,8,suffix-1,4096,reverse-c,3,1048576,1048576,1,3344000,4018182812291145363
normal-o3,1,8,suffix-1,4096,whitefoot,3,1048576,1048576,1,2924000,4018182812291145363
normal-o3,1,8,suffix-1,4096,cpp-std-vector,3,1048576,1048576,1,2964000,4018182812291145363
normal-o3,1,8,suffix-1,4096,rust-vec,3,1048576,1048576,1,1618000,4018182812291145363
normal-o3,1,8,suffix-1,4096,take-swap-c,3,1048576,1048576,1,3289000,4018182812291145363
normal-o3,1,8,suffix-1,4096,direct-c,4,1048576,1048576,1,2795000,9020985031983447956
normal-o3,1,8,suffix-1,4096,reverse-c,4,1048576,1048576,1,3248000,9020985031983447956
normal-o3,1,8,suffix-1,4096,whitefoot,4,1048576,1048576,1,2870000,9020985031983447956
normal-o3,1,8,suffix-1,4096,cpp-std-vector,4,1048576,1048576,1,2935000,9020985031983447956
normal-o3,1,8,suffix-1,4096,rust-vec,4,1048576,1048576,1,1556000,9020985031983447956
normal-o3,1,8,suffix-1,4096,take-swap-c,4,1048576,1048576,1,3283000,9020985031983447956
normal-o3,1,8,suffix-1,4096,swap-take-c,4,1048576,1048576,1,3376000,9020985031983447956
normal-o3,1,8,suffix-1,4096,reverse-c,5,1048576,1048576,1,3241000,14023787251675750549
normal-o3,1,8,suffix-1,4096,whitefoot,5,1048576,1048576,1,3056000,14023787251675750549
normal-o3,1,8,suffix-1,4096,cpp-std-vector,5,1048576,1048576,1,3107000,14023787251675750549
normal-o3,1,8,suffix-1,4096,rust-vec,5,1048576,1048576,1,1638000,14023787251675750549
normal-o3,1,8,suffix-1,4096,take-swap-c,5,1048576,1048576,1,3460000,14023787251675750549
normal-o3,1,8,suffix-1,4096,swap-take-c,5,1048576,1048576,1,3561000,14023787251675750549
normal-o3,1,8,suffix-1,4096,direct-c,5,1048576,1048576,1,3021000,14023787251675750549
normal-o3,1,8,suffix-1,4096,whitefoot,6,1048576,1048576,1,2977000,579845397658501526
normal-o3,1,8,suffix-1,4096,cpp-std-vector,6,1048576,1048576,1,3045000,579845397658501526
normal-o3,1,8,suffix-1,4096,rust-vec,6,1048576,1048576,1,1603000,579845397658501526
normal-o3,1,8,suffix-1,4096,take-swap-c,6,1048576,1048576,1,3446000,579845397658501526
normal-o3,1,8,suffix-1,4096,swap-take-c,6,1048576,1048576,1,3523000,579845397658501526
normal-o3,1,8,suffix-1,4096,direct-c,6,1048576,1048576,1,2895000,579845397658501526
normal-o3,1,8,suffix-1,4096,reverse-c,6,1048576,1048576,1,3427000,579845397658501526
normal-o3,1,8,suffix-2,16,cpp-std-vector,0,1048576,524288,1,1714000,1685092048726590629
normal-o3,1,8,suffix-2,16,rust-vec,0,1048576,524288,1,1377000,1685092048726590629
normal-o3,1,8,suffix-2,16,take-swap-c,0,1048576,524288,1,3297000,1685092048726590629
normal-o3,1,8,suffix-2,16,swap-take-c,0,1048576,524288,1,2993000,1685092048726590629
normal-o3,1,8,suffix-2,16,direct-c,0,1048576,524288,1,1525000,1685092048726590629
normal-o3,1,8,suffix-2,16,reverse-c,0,1048576,524288,1,3340000,1685092048726590629
normal-o3,1,8,suffix-2,16,whitefoot,0,1048576,524288,1,1744000,1685092048726590629
normal-o3,1,8,suffix-2,16,rust-vec,1,1048576,524288,1,1299000,5769615109122455387
normal-o3,1,8,suffix-2,16,take-swap-c,1,1048576,524288,1,3189000,5769615109122455387
normal-o3,1,8,suffix-2,16,swap-take-c,1,1048576,524288,1,2840000,5769615109122455387
normal-o3,1,8,suffix-2,16,direct-c,1,1048576,524288,1,1493000,5769615109122455387
normal-o3,1,8,suffix-2,16,reverse-c,1,1048576,524288,1,3219000,5769615109122455387
normal-o3,1,8,suffix-2,16,whitefoot,1,1048576,524288,1,1730000,5769615109122455387
normal-o3,1,8,suffix-2,16,cpp-std-vector,1,1048576,524288,1,1628000,5769615109122455387
normal-o3,1,8,suffix-2,16,take-swap-c,2,1048576,524288,1,3071000,9854138169518320145
normal-o3,1,8,suffix-2,16,swap-take-c,2,1048576,524288,1,2828000,9854138169518320145
normal-o3,1,8,suffix-2,16,direct-c,2,1048576,524288,1,1459000,9854138169518320145
normal-o3,1,8,suffix-2,16,reverse-c,2,1048576,524288,1,3226000,9854138169518320145
normal-o3,1,8,suffix-2,16,whitefoot,2,1048576,524288,1,1727000,9854138169518320145
normal-o3,1,8,suffix-2,16,cpp-std-vector,2,1048576,524288,1,1628000,9854138169518320145
normal-o3,1,8,suffix-2,16,rust-vec,2,1048576,524288,1,1307000,9854138169518320145
normal-o3,1,8,suffix-2,16,swap-take-c,3,1048576,524288,1,2791000,13938661229914184903
normal-o3,1,8,suffix-2,16,direct-c,3,1048576,524288,1,1471000,13938661229914184903
normal-o3,1,8,suffix-2,16,reverse-c,3,1048576,524288,1,3319000,13938661229914184903
normal-o3,1,8,suffix-2,16,whitefoot,3,1048576,524288,1,1779000,13938661229914184903
normal-o3,1,8,suffix-2,16,cpp-std-vector,3,1048576,524288,1,1628000,13938661229914184903
normal-o3,1,8,suffix-2,16,rust-vec,3,1048576,524288,1,1300000,13938661229914184903
normal-o3,1,8,suffix-2,16,take-swap-c,3,1048576,524288,1,3184000,13938661229914184903
normal-o3,1,8,suffix-2,16,direct-c,4,1048576,524288,1,1467000,18023184290310049661
normal-o3,1,8,suffix-2,16,reverse-c,4,1048576,524288,1,3218000,18023184290310049661
normal-o3,1,8,suffix-2,16,whitefoot,4,1048576,524288,1,1728000,18023184290310049661
normal-o3,1,8,suffix-2,16,cpp-std-vector,4,1048576,524288,1,1627000,18023184290310049661
normal-o3,1,8,suffix-2,16,rust-vec,4,1048576,524288,1,1308000,18023184290310049661
normal-o3,1,8,suffix-2,16,take-swap-c,4,1048576,524288,1,3060000,18023184290310049661
normal-o3,1,8,suffix-2,16,swap-take-c,4,1048576,524288,1,2807000,18023184290310049661
normal-o3,1,8,suffix-2,16,reverse-c,5,1048576,524288,1,3272000,3660963276996362803
normal-o3,1,8,suffix-2,16,whitefoot,5,1048576,524288,1,1729000,3660963276996362803
normal-o3,1,8,suffix-2,16,cpp-std-vector,5,1048576,524288,1,1673000,3660963276996362803
normal-o3,1,8,suffix-2,16,rust-vec,5,1048576,524288,1,1333000,3660963276996362803
normal-o3,1,8,suffix-2,16,take-swap-c,5,1048576,524288,1,3186000,3660963276996362803
normal-o3,1,8,suffix-2,16,swap-take-c,5,1048576,524288,1,2792000,3660963276996362803
normal-o3,1,8,suffix-2,16,direct-c,5,1048576,524288,1,1461000,3660963276996362803
normal-o3,1,8,suffix-2,16,whitefoot,6,1048576,524288,1,1754000,7745486337392227561
normal-o3,1,8,suffix-2,16,cpp-std-vector,6,1048576,524288,1,1628000,7745486337392227561
normal-o3,1,8,suffix-2,16,rust-vec,6,1048576,524288,1,1300000,7745486337392227561
normal-o3,1,8,suffix-2,16,take-swap-c,6,1048576,524288,1,3193000,7745486337392227561
normal-o3,1,8,suffix-2,16,swap-take-c,6,1048576,524288,1,2794000,7745486337392227561
normal-o3,1,8,suffix-2,16,direct-c,6,1048576,524288,1,1461000,7745486337392227561
normal-o3,1,8,suffix-2,16,reverse-c,6,1048576,524288,1,3260000,7745486337392227561
normal-o3,1,8,suffix-2,256,cpp-std-vector,0,1048576,524288,1,1633000,4355278901963944061
normal-o3,1,8,suffix-2,256,rust-vec,0,1048576,524288,1,1302000,4355278901963944061
normal-o3,1,8,suffix-2,256,take-swap-c,0,1048576,524288,1,3399000,4355278901963944061
normal-o3,1,8,suffix-2,256,swap-take-c,0,1048576,524288,1,2778000,4355278901963944061
normal-o3,1,8,suffix-2,256,direct-c,0,1048576,524288,1,3554000,4355278901963944061
normal-o3,1,8,suffix-2,256,reverse-c,0,1048576,524288,1,3212000,4355278901963944061
normal-o3,1,8,suffix-2,256,whitefoot,0,1048576,524288,1,1735000,4355278901963944061
normal-o3,1,8,suffix-2,256,rust-vec,1,1048576,524288,1,1303000,15106128288498016595
normal-o3,1,8,suffix-2,256,take-swap-c,1,1048576,524288,1,3367000,15106128288498016595
normal-o3,1,8,suffix-2,256,swap-take-c,1,1048576,524288,1,2797000,15106128288498016595
normal-o3,1,8,suffix-2,256,direct-c,1,1048576,524288,1,3396000,15106128288498016595
normal-o3,1,8,suffix-2,256,reverse-c,1,1048576,524288,1,3200000,15106128288498016595
normal-o3,1,8,suffix-2,256,whitefoot,1,1048576,524288,1,1728000,15106128288498016595
normal-o3,1,8,suffix-2,256,cpp-std-vector,1,1048576,524288,1,1630000,15106128288498016595
normal-o3,1,8,suffix-2,256,take-swap-c,2,1048576,524288,1,3370000,7410233601322537513
normal-o3,1,8,suffix-2,256,swap-take-c,2,1048576,524288,1,2803000,7410233601322537513
normal-o3,1,8,suffix-2,256,direct-c,2,1048576,524288,1,2402000,7410233601322537513
normal-o3,1,8,suffix-2,256,reverse-c,2,1048576,524288,1,3229000,7410233601322537513
normal-o3,1,8,suffix-2,256,whitefoot,2,1048576,524288,1,1735000,7410233601322537513
normal-o3,1,8,suffix-2,256,cpp-std-vector,2,1048576,524288,1,1696000,7410233601322537513
normal-o3,1,8,suffix-2,256,rust-vec,2,1048576,524288,1,1314000,7410233601322537513
normal-o3,1,8,suffix-2,256,swap-take-c,3,1048576,524288,1,2785000,18161082987856610047
normal-o3,1,8,suffix-2,256,direct-c,3,1048576,524288,1,1727000,18161082987856610047
normal-o3,1,8,suffix-2,256,reverse-c,3,1048576,524288,1,3342000,18161082987856610047
normal-o3,1,8,suffix-2,256,whitefoot,3,1048576,524288,1,1788000,18161082987856610047
normal-o3,1,8,suffix-2,256,cpp-std-vector,3,1048576,524288,1,1678000,18161082987856610047
normal-o3,1,8,suffix-2,256,rust-vec,3,1048576,524288,1,1348000,18161082987856610047
normal-o3,1,8,suffix-2,256,take-swap-c,3,1048576,524288,1,3475000,18161082987856610047
normal-o3,1,8,suffix-2,256,direct-c,4,1048576,524288,1,1995000,10465188300681130965
normal-o3,1,8,suffix-2,256,reverse-c,4,1048576,524288,1,3283000,10465188300681130965
normal-o3,1,8,suffix-2,256,whitefoot,4,1048576,524288,1,1737000,10465188300681130965
normal-o3,1,8,suffix-2,256,cpp-std-vector,4,1048576,524288,1,1640000,10465188300681130965
normal-o3,1,8,suffix-2,256,rust-vec,4,1048576,524288,1,1308000,10465188300681130965
normal-o3,1,8,suffix-2,256,take-swap-c,4,1048576,524288,1,3385000,10465188300681130965
normal-o3,1,8,suffix-2,256,swap-take-c,4,1048576,524288,1,2793000,10465188300681130965
normal-o3,1,8,suffix-2,256,reverse-c,5,1048576,524288,1,3228000,2769293613505651883
normal-o3,1,8,suffix-2,256,whitefoot,5,1048576,524288,1,1732000,2769293613505651883
normal-o3,1,8,suffix-2,256,cpp-std-vector,5,1048576,524288,1,1654000,2769293613505651883
normal-o3,1,8,suffix-2,256,rust-vec,5,1048576,524288,1,1303000,2769293613505651883
normal-o3,1,8,suffix-2,256,take-swap-c,5,1048576,524288,1,3415000,2769293613505651883
normal-o3,1,8,suffix-2,256,swap-take-c,5,1048576,524288,1,2806000,2769293613505651883
normal-o3,1,8,suffix-2,256,direct-c,5,1048576,524288,1,2530000,2769293613505651883
normal-o3,1,8,suffix-2,256,whitefoot,6,1048576,524288,1,1751000,13520143000039724417
normal-o3,1,8,suffix-2,256,cpp-std-vector,6,1048576,524288,1,1633000,13520143000039724417
normal-o3,1,8,suffix-2,256,rust-vec,6,1048576,524288,1,1303000,13520143000039724417
normal-o3,1,8,suffix-2,256,take-swap-c,6,1048576,524288,1,3432000,13520143000039724417
normal-o3,1,8,suffix-2,256,swap-take-c,6,1048576,524288,1,2818000,13520143000039724417
normal-o3,1,8,suffix-2,256,direct-c,6,1048576,524288,1,4195000,13520143000039724417
normal-o3,1,8,suffix-2,256,reverse-c,6,1048576,524288,1,3289000,13520143000039724417
normal-o3,1,8,suffix-2,4096,cpp-std-vector,0,1048576,524288,1,1635000,16133918569289551357
normal-o3,1,8,suffix-2,4096,rust-vec,0,1048576,524288,1,1310000,16133918569289551357
normal-o3,1,8,suffix-2,4096,take-swap-c,0,1048576,524288,1,3242000,16133918569289551357
normal-o3,1,8,suffix-2,4096,swap-take-c,0,1048576,524288,1,2796000,16133918569289551357
normal-o3,1,8,suffix-2,4096,direct-c,0,1048576,524288,1,2893000,16133918569289551357
normal-o3,1,8,suffix-2,4096,reverse-c,0,1048576,524288,1,3302000,16133918569289551357
normal-o3,1,8,suffix-2,4096,whitefoot,0,1048576,524288,1,1735000,16133918569289551357
normal-o3,1,8,suffix-2,4096,rust-vec,1,1048576,524288,1,1305000,17698322704188874963
normal-o3,1,8,suffix-2,4096,take-swap-c,1,1048576,524288,1,3335000,17698322704188874963
normal-o3,1,8,suffix-2,4096,swap-take-c,1,1048576,524288,1,2889000,17698322704188874963
normal-o3,1,8,suffix-2,4096,direct-c,1,1048576,524288,1,3969000,17698322704188874963
normal-o3,1,8,suffix-2,4096,reverse-c,1,1048576,524288,1,3243000,17698322704188874963
normal-o3,1,8,suffix-2,4096,whitefoot,1,1048576,524288,1,1736000,17698322704188874963
normal-o3,1,8,suffix-2,4096,cpp-std-vector,1,1048576,524288,1,1632000,17698322704188874963
normal-o3,1,8,suffix-2,4096,take-swap-c,2,1048576,524288,1,3325000,815982765378646953
normal-o3,1,8,suffix-2,4096,swap-take-c,2,1048576,524288,1,2802000,815982765378646953
normal-o3,1,8,suffix-2,4096,direct-c,2,1048576,524288,1,2205000,815982765378646953
normal-o3,1,8,suffix-2,4096,reverse-c,2,1048576,524288,1,3223000,815982765378646953
normal-o3,1,8,suffix-2,4096,whitefoot,2,1048576,524288,1,1734000,815982765378646953
normal-o3,1,8,suffix-2,4096,cpp-std-vector,2,1048576,524288,1,1635000,815982765378646953
normal-o3,1,8,suffix-2,4096,rust-vec,2,1048576,524288,1,1305000,815982765378646953
normal-o3,1,8,suffix-2,4096,swap-take-c,3,1048576,524288,1,2805000,2380386900277970559
normal-o3,1,8,suffix-2,4096,direct-c,3,1048576,524288,1,2212000,2380386900277970559
normal-o3,1,8,suffix-2,4096,reverse-c,3,1048576,524288,1,3205000,2380386900277970559
normal-o3,1,8,suffix-2,4096,whitefoot,3,1048576,524288,1,1739000,2380386900277970559
normal-o3,1,8,suffix-2,4096,cpp-std-vector,3,1048576,524288,1,1633000,2380386900277970559
normal-o3,1,8,suffix-2,4096,rust-vec,3,1048576,524288,1,1308000,2380386900277970559
normal-o3,1,8,suffix-2,4096,take-swap-c,3,1048576,524288,1,3363000,2380386900277970559
normal-o3,1,8,suffix-2,4096,direct-c,4,1048576,524288,1,2667000,3944791035177294165
normal-o3,1,8,suffix-2,4096,reverse-c,4,1048576,524288,1,3250000,3944791035177294165
normal-o3,1,8,suffix-2,4096,whitefoot,4,1048576,524288,1,1753000,3944791035177294165
normal-o3,1,8,suffix-2,4096,cpp-std-vector,4,1048576,524288,1,1636000,3944791035177294165
normal-o3,1,8,suffix-2,4096,rust-vec,4,1048576,524288,1,1308000,3944791035177294165
normal-o3,1,8,suffix-2,4096,take-swap-c,4,1048576,524288,1,3290000,3944791035177294165
normal-o3,1,8,suffix-2,4096,swap-take-c,4,1048576,524288,1,2804000,3944791035177294165
normal-o3,1,8,suffix-2,4096,reverse-c,5,1048576,524288,1,3294000,5509195170076617771
normal-o3,1,8,suffix-2,4096,whitefoot,5,1048576,524288,1,1735000,5509195170076617771
normal-o3,1,8,suffix-2,4096,cpp-std-vector,5,1048576,524288,1,1632000,5509195170076617771
normal-o3,1,8,suffix-2,4096,rust-vec,5,1048576,524288,1,1310000,5509195170076617771
normal-o3,1,8,suffix-2,4096,take-swap-c,5,1048576,524288,1,3237000,5509195170076617771
normal-o3,1,8,suffix-2,4096,swap-take-c,5,1048576,524288,1,2797000,5509195170076617771
normal-o3,1,8,suffix-2,4096,direct-c,5,1048576,524288,1,3185000,5509195170076617771
normal-o3,1,8,suffix-2,4096,whitefoot,6,1048576,524288,1,1743000,7073599304975941377
normal-o3,1,8,suffix-2,4096,cpp-std-vector,6,1048576,524288,1,1670000,7073599304975941377
normal-o3,1,8,suffix-2,4096,rust-vec,6,1048576,524288,1,1334000,7073599304975941377
normal-o3,1,8,suffix-2,4096,take-swap-c,6,1048576,524288,1,3266000,7073599304975941377
normal-o3,1,8,suffix-2,4096,swap-take-c,6,1048576,524288,1,2798000,7073599304975941377
normal-o3,1,8,suffix-2,4096,direct-c,6,1048576,524288,1,3473000,7073599304975941377
normal-o3,1,8,suffix-2,4096,reverse-c,6,1048576,524288,1,3273000,7073599304975941377
normal-o3,1,8,suffix-3,16,cpp-std-vector,0,1048576,349525,1,1735000,3578158727730397437
normal-o3,1,8,suffix-3,16,rust-vec,0,1048576,349525,1,1302000,3578158727730397437
normal-o3,1,8,suffix-3,16,take-swap-c,0,1048576,349525,1,2296000,3578158727730397437
normal-o3,1,8,suffix-3,16,swap-take-c,0,1048576,349525,1,2232000,3578158727730397437
normal-o3,1,8,suffix-3,16,direct-c,0,1048576,349525,1,1325000,3578158727730397437
normal-o3,1,8,suffix-3,16,reverse-c,0,1048576,349525,1,2467000,3578158727730397437
normal-o3,1,8,suffix-3,16,whitefoot,0,1048576,349525,1,1361000,3578158727730397437
normal-o3,1,8,suffix-3,16,rust-vec,1,1048576,349525,1,1300000,10503294698975091330
normal-o3,1,8,suffix-3,16,take-swap-c,1,1048576,349525,1,2296000,10503294698975091330
normal-o3,1,8,suffix-3,16,swap-take-c,1,1048576,349525,1,2299000,10503294698975091330
normal-o3,1,8,suffix-3,16,direct-c,1,1048576,349525,1,1306000,10503294698975091330
normal-o3,1,8,suffix-3,16,reverse-c,1,1048576,349525,1,2464000,10503294698975091330
normal-o3,1,8,suffix-3,16,whitefoot,1,1048576,349525,1,1359000,10503294698975091330
normal-o3,1,8,suffix-3,16,cpp-std-vector,1,1048576,349525,1,1744000,10503294698975091330
normal-o3,1,8,suffix-3,16,take-swap-c,2,1048576,349525,1,2306000,17428430670219785223
normal-o3,1,8,suffix-3,16,swap-take-c,2,1048576,349525,1,2941000,17428430670219785223
normal-o3,1,8,suffix-3,16,direct-c,2,1048576,349525,1,1314000,17428430670219785223
normal-o3,1,8,suffix-3,16,reverse-c,2,1048576,349525,1,2504000,17428430670219785223
normal-o3,1,8,suffix-3,16,whitefoot,2,1048576,349525,1,1368000,17428430670219785223
normal-o3,1,8,suffix-3,16,cpp-std-vector,2,1048576,349525,1,1733000,17428430670219785223
normal-o3,1,8,suffix-3,16,rust-vec,2,1048576,349525,1,1300000,17428430670219785223
normal-o3,1,8,suffix-3,16,swap-take-c,3,1048576,349525,1,2186000,5906822567754927500
normal-o3,1,8,suffix-3,16,direct-c,3,1048576,349525,1,1315000,5906822567754927500
normal-o3,1,8,suffix-3,16,reverse-c,3,1048576,349525,1,2467000,5906822567754927500
normal-o3,1,8,suffix-3,16,whitefoot,3,1048576,349525,1,1360000,5906822567754927500
normal-o3,1,8,suffix-3,16,cpp-std-vector,3,1048576,349525,1,1740000,5906822567754927500
normal-o3,1,8,suffix-3,16,rust-vec,3,1048576,349525,1,1371000,5906822567754927500
normal-o3,1,8,suffix-3,16,take-swap-c,3,1048576,349525,1,2275000,5906822567754927500
normal-o3,1,8,suffix-3,16,direct-c,4,1048576,349525,1,1342000,12831958538999621393
normal-o3,1,8,suffix-3,16,reverse-c,4,1048576,349525,1,2463000,12831958538999621393
normal-o3,1,8,suffix-3,16,whitefoot,4,1048576,349525,1,1361000,12831958538999621393
normal-o3,1,8,suffix-3,16,cpp-std-vector,4,1048576,349525,1,1732000,12831958538999621393
normal-o3,1,8,suffix-3,16,rust-vec,4,1048576,349525,1,1305000,12831958538999621393
normal-o3,1,8,suffix-3,16,take-swap-c,4,1048576,349525,1,2277000,12831958538999621393
normal-o3,1,8,suffix-3,16,swap-take-c,4,1048576,349525,1,2222000,12831958538999621393
normal-o3,1,8,suffix-3,16,reverse-c,5,1048576,349525,1,2461000,1310350436534763670
normal-o3,1,8,suffix-3,16,whitefoot,5,1048576,349525,1,1358000,1310350436534763670
normal-o3,1,8,suffix-3,16,cpp-std-vector,5,1048576,349525,1,1736000,1310350436534763670
normal-o3,1,8,suffix-3,16,rust-vec,5,1048576,349525,1,1302000,1310350436534763670
normal-o3,1,8,suffix-3,16,take-swap-c,5,1048576,349525,1,2282000,1310350436534763670
normal-o3,1,8,suffix-3,16,swap-take-c,5,1048576,349525,1,2236000,1310350436534763670
normal-o3,1,8,suffix-3,16,direct-c,5,1048576,349525,1,1312000,1310350436534763670
normal-o3,1,8,suffix-3,16,whitefoot,6,1048576,349525,1,1427000,8235486407779457563
normal-o3,1,8,suffix-3,16,cpp-std-vector,6,1048576,349525,1,1765000,8235486407779457563
normal-o3,1,8,suffix-3,16,rust-vec,6,1048576,349525,1,1299000,8235486407779457563
normal-o3,1,8,suffix-3,16,take-swap-c,6,1048576,349525,1,2284000,8235486407779457563
normal-o3,1,8,suffix-3,16,swap-take-c,6,1048576,349525,1,2276000,8235486407779457563
normal-o3,1,8,suffix-3,16,direct-c,6,1048576,349525,1,1325000,8235486407779457563
normal-o3,1,8,suffix-3,16,reverse-c,6,1048576,349525,1,2469000,8235486407779457563
normal-o3,1,8,suffix-3,256,cpp-std-vector,0,1048576,349525,1,1736000,17932052123014486501
normal-o3,1,8,suffix-3,256,rust-vec,0,1048576,349525,1,1303000,17932052123014486501
normal-o3,1,8,suffix-3,256,take-swap-c,0,1048576,349525,1,2552000,17932052123014486501
normal-o3,1,8,suffix-3,256,swap-take-c,0,1048576,349525,1,2202000,17932052123014486501
normal-o3,1,8,suffix-3,256,direct-c,0,1048576,349525,1,1398000,17932052123014486501
normal-o3,1,8,suffix-3,256,reverse-c,0,1048576,349525,1,2555000,17932052123014486501
normal-o3,1,8,suffix-3,256,whitefoot,0,1048576,349525,1,1363000,17932052123014486501
normal-o3,1,8,suffix-3,256,rust-vec,1,1048576,349525,1,1304000,6179702327257408202
normal-o3,1,8,suffix-3,256,take-swap-c,1,1048576,349525,1,2352000,6179702327257408202
normal-o3,1,8,suffix-3,256,swap-take-c,1,1048576,349525,1,2284000,6179702327257408202
normal-o3,1,8,suffix-3,256,direct-c,1,1048576,349525,1,1393000,6179702327257408202
normal-o3,1,8,suffix-3,256,reverse-c,1,1048576,349525,1,2548000,6179702327257408202
normal-o3,1,8,suffix-3,256,whitefoot,1,1048576,349525,1,1360000,6179702327257408202
normal-o3,1,8,suffix-3,256,cpp-std-vector,1,1048576,349525,1,1736000,6179702327257408202
normal-o3,1,8,suffix-3,256,take-swap-c,2,1048576,349525,1,2431000,12874096605209881519
normal-o3,1,8,suffix-3,256,swap-take-c,2,1048576,349525,1,2212000,12874096605209881519
normal-o3,1,8,suffix-3,256,direct-c,2,1048576,349525,1,1415000,12874096605209881519
normal-o3,1,8,suffix-3,256,reverse-c,2,1048576,349525,1,2558000,12874096605209881519
normal-o3,1,8,suffix-3,256,whitefoot,2,1048576,349525,1,1359000,12874096605209881519
normal-o3,1,8,suffix-3,256,cpp-std-vector,2,1048576,349525,1,1733000,12874096605209881519
normal-o3,1,8,suffix-3,256,rust-vec,2,1048576,349525,1,1304000,12874096605209881519
normal-o3,1,8,suffix-3,256,swap-take-c,3,1048576,349525,1,3170000,1121746809452803220
normal-o3,1,8,suffix-3,256,direct-c,3,1048576,349525,1,1412000,1121746809452803220
normal-o3,1,8,suffix-3,256,reverse-c,3,1048576,349525,1,2557000,1121746809452803220
normal-o3,1,8,suffix-3,256,whitefoot,3,1048576,349525,1,1371000,1121746809452803220
normal-o3,1,8,suffix-3,256,cpp-std-vector,3,1048576,349525,1,1736000,1121746809452803220
normal-o3,1,8,suffix-3,256,rust-vec,3,1048576,349525,1,1320000,1121746809452803220
normal-o3,1,8,suffix-3,256,take-swap-c,3,1048576,349525,1,2340000,1121746809452803220
normal-o3,1,8,suffix-3,256,direct-c,4,1048576,349525,1,1393000,7816141087405276537
normal-o3,1,8,suffix-3,256,reverse-c,4,1048576,349525,1,2556000,7816141087405276537
normal-o3,1,8,suffix-3,256,whitefoot,4,1048576,349525,1,1363000,7816141087405276537
normal-o3,1,8,suffix-3,256,cpp-std-vector,4,1048576,349525,1,1757000,7816141087405276537
normal-o3,1,8,suffix-3,256,rust-vec,4,1048576,349525,1,1303000,7816141087405276537
normal-o3,1,8,suffix-3,256,take-swap-c,4,1048576,349525,1,2393000,7816141087405276537
normal-o3,1,8,suffix-3,256,swap-take-c,4,1048576,349525,1,2847000,7816141087405276537
normal-o3,1,8,suffix-3,256,reverse-c,5,1048576,349525,1,2555000,14510535365357749854
normal-o3,1,8,suffix-3,256,whitefoot,5,1048576,349525,1,1363000,14510535365357749854
normal-o3,1,8,suffix-3,256,cpp-std-vector,5,1048576,349525,1,1736000,14510535365357749854
normal-o3,1,8,suffix-3,256,rust-vec,5,1048576,349525,1,1299000,14510535365357749854
normal-o3,1,8,suffix-3,256,take-swap-c,5,1048576,349525,1,2307000,14510535365357749854
normal-o3,1,8,suffix-3,256,swap-take-c,5,1048576,349525,1,2213000,14510535365357749854
normal-o3,1,8,suffix-3,256,direct-c,5,1048576,349525,1,1391000,14510535365357749854
normal-o3,1,8,suffix-3,256,whitefoot,6,1048576,349525,1,1361000,2758185569600671555
normal-o3,1,8,suffix-3,256,cpp-std-vector,6,1048576,349525,1,1792000,2758185569600671555
normal-o3,1,8,suffix-3,256,rust-vec,6,1048576,349525,1,1316000,2758185569600671555
normal-o3,1,8,suffix-3,256,take-swap-c,6,1048576,349525,1,2317000,2758185569600671555
normal-o3,1,8,suffix-3,256,swap-take-c,6,1048576,349525,1,2247000,2758185569600671555
normal-o3,1,8,suffix-3,256,direct-c,6,1048576,349525,1,1400000,2758185569600671555
normal-o3,1,8,suffix-3,256,reverse-c,6,1048576,349525,1,2567000,2758185569600671555
normal-o3,1,8,suffix-3,4096,cpp-std-vector,0,1048576,349525,1,1741000,13042235847276202085
normal-o3,1,8,suffix-3,4096,rust-vec,0,1048576,349525,1,1306000,13042235847276202085
normal-o3,1,8,suffix-3,4096,take-swap-c,0,1048576,349525,1,2516000,13042235847276202085
normal-o3,1,8,suffix-3,4096,swap-take-c,0,1048576,349525,1,2264000,13042235847276202085
normal-o3,1,8,suffix-3,4096,direct-c,0,1048576,349525,1,1398000,13042235847276202085
normal-o3,1,8,suffix-3,4096,reverse-c,0,1048576,349525,1,2563000,13042235847276202085
normal-o3,1,8,suffix-3,4096,whitefoot,0,1048576,349525,1,1369000,13042235847276202085
normal-o3,1,8,suffix-3,4096,rust-vec,1,1048576,349525,1,1305000,12907392256605062986
normal-o3,1,8,suffix-3,4096,take-swap-c,1,1048576,349525,1,2351000,12907392256605062986
normal-o3,1,8,suffix-3,4096,swap-take-c,1,1048576,349525,1,2239000,12907392256605062986
normal-o3,1,8,suffix-3,4096,direct-c,1,1048576,349525,1,1438000,12907392256605062986
normal-o3,1,8,suffix-3,4096,reverse-c,1,1048576,349525,1,2631000,12907392256605062986
normal-o3,1,8,suffix-3,4096,whitefoot,1,1048576,349525,1,1372000,12907392256605062986
normal-o3,1,8,suffix-3,4096,cpp-std-vector,1,1048576,349525,1,1755000,12907392256605062986
normal-o3,1,8,suffix-3,4096,take-swap-c,2,1048576,349525,1,2389000,12772548665933923887
normal-o3,1,8,suffix-3,4096,swap-take-c,2,1048576,349525,1,2255000,12772548665933923887
normal-o3,1,8,suffix-3,4096,direct-c,2,1048576,349525,1,1404000,12772548665933923887
normal-o3,1,8,suffix-3,4096,reverse-c,2,1048576,349525,1,2560000,12772548665933923887
normal-o3,1,8,suffix-3,4096,whitefoot,2,1048576,349525,1,1366000,12772548665933923887
normal-o3,1,8,suffix-3,4096,cpp-std-vector,2,1048576,349525,1,1744000,12772548665933923887
normal-o3,1,8,suffix-3,4096,rust-vec,2,1048576,349525,1,1306000,12772548665933923887
normal-o3,1,8,suffix-3,4096,swap-take-c,3,1048576,349525,1,2350000,12637705075262784788
normal-o3,1,8,suffix-3,4096,direct-c,3,1048576,349525,1,1404000,12637705075262784788
normal-o3,1,8,suffix-3,4096,reverse-c,3,1048576,349525,1,2555000,12637705075262784788
normal-o3,1,8,suffix-3,4096,whitefoot,3,1048576,349525,1,1366000,12637705075262784788
normal-o3,1,8,suffix-3,4096,cpp-std-vector,3,1048576,349525,1,1747000,12637705075262784788
normal-o3,1,8,suffix-3,4096,rust-vec,3,1048576,349525,1,1315000,12637705075262784788
normal-o3,1,8,suffix-3,4096,take-swap-c,3,1048576,349525,1,2412000,12637705075262784788
normal-o3,1,8,suffix-3,4096,direct-c,4,1048576,349525,1,1426000,12502861484591645689
normal-o3,1,8,suffix-3,4096,reverse-c,4,1048576,349525,1,2552000,12502861484591645689
normal-o3,1,8,suffix-3,4096,whitefoot,4,1048576,349525,1,1367000,12502861484591645689
normal-o3,1,8,suffix-3,4096,cpp-std-vector,4,1048576,349525,1,1743000,12502861484591645689
normal-o3,1,8,suffix-3,4096,rust-vec,4,1048576,349525,1,1305000,12502861484591645689
normal-o3,1,8,suffix-3,4096,take-swap-c,4,1048576,349525,1,2375000,12502861484591645689
normal-o3,1,8,suffix-3,4096,swap-take-c,4,1048576,349525,1,2403000,12502861484591645689
normal-o3,1,8,suffix-3,4096,reverse-c,5,1048576,349525,1,2555000,12368017893920506590
normal-o3,1,8,suffix-3,4096,whitefoot,5,1048576,349525,1,1367000,12368017893920506590
normal-o3,1,8,suffix-3,4096,cpp-std-vector,5,1048576,349525,1,1753000,12368017893920506590
normal-o3,1,8,suffix-3,4096,rust-vec,5,1048576,349525,1,1304000,12368017893920506590
normal-o3,1,8,suffix-3,4096,take-swap-c,5,1048576,349525,1,2417000,12368017893920506590
normal-o3,1,8,suffix-3,4096,swap-take-c,5,1048576,349525,1,2238000,12368017893920506590
normal-o3,1,8,suffix-3,4096,direct-c,5,1048576,349525,1,1414000,12368017893920506590
normal-o3,1,8,suffix-3,4096,whitefoot,6,1048576,349525,1,1373000,12233174303249367491
normal-o3,1,8,suffix-3,4096,cpp-std-vector,6,1048576,349525,1,1743000,12233174303249367491
normal-o3,1,8,suffix-3,4096,rust-vec,6,1048576,349525,1,1307000,12233174303249367491
normal-o3,1,8,suffix-3,4096,take-swap-c,6,1048576,349525,1,2455000,12233174303249367491
normal-o3,1,8,suffix-3,4096,swap-take-c,6,1048576,349525,1,2268000,12233174303249367491
normal-o3,1,8,suffix-3,4096,direct-c,6,1048576,349525,1,1396000,12233174303249367491
normal-o3,1,8,suffix-3,4096,reverse-c,6,1048576,349525,1,2565000,12233174303249367491
normal-o3,1,256,reserved,16,cpp-std-vector,0,1048576,65536,1,44688000,16095999890136793189
normal-o3,1,256,reserved,16,rust-vec,0,1048576,65536,1,41380000,16095999890136793189
normal-o3,1,256,reserved,16,take-swap-c,0,1048576,65536,1,46080000,16095999890136793189
normal-o3,1,256,reserved,16,swap-take-c,0,1048576,65536,1,49430000,16095999890136793189
normal-o3,1,256,reserved,16,direct-c,0,1048576,65536,1,45696000,16095999890136793189
normal-o3,1,256,reserved,16,reverse-c,0,1048576,65536,1,50710000,16095999890136793189
normal-o3,1,256,reserved,16,whitefoot,0,1048576,65536,1,44519000,16095999890136793189
normal-o3,1,256,reserved,16,rust-vec,1,1048576,65536,1,41388000,10905710204835692646
normal-o3,1,256,reserved,16,take-swap-c,1,1048576,65536,1,46036000,10905710204835692646
normal-o3,1,256,reserved,16,swap-take-c,1,1048576,65536,1,50097000,10905710204835692646
normal-o3,1,256,reserved,16,direct-c,1,1048576,65536,1,46029000,10905710204835692646
normal-o3,1,256,reserved,16,reverse-c,1,1048576,65536,1,50204000,10905710204835692646
normal-o3,1,256,reserved,16,whitefoot,1,1048576,65536,1,42542000,10905710204835692646
normal-o3,1,256,reserved,16,cpp-std-vector,1,1048576,65536,1,44675000,10905710204835692646
normal-o3,1,256,reserved,16,take-swap-c,2,1048576,65536,1,48092000,1136678281099509863
normal-o3,1,256,reserved,16,swap-take-c,2,1048576,65536,1,49774000,1136678281099509863
normal-o3,1,256,reserved,16,direct-c,2,1048576,65536,1,45767000,1136678281099509863
normal-o3,1,256,reserved,16,reverse-c,2,1048576,65536,1,50255000,1136678281099509863
normal-o3,1,256,reserved,16,whitefoot,2,1048576,65536,1,42484000,1136678281099509863
normal-o3,1,256,reserved,16,cpp-std-vector,2,1048576,65536,1,44616000,1136678281099509863
normal-o3,1,256,reserved,16,rust-vec,2,1048576,65536,1,41425000,1136678281099509863
normal-o3,1,256,reserved,16,swap-take-c,3,1048576,65536,1,49512000,1916000061831479400
normal-o3,1,256,reserved,16,direct-c,3,1048576,65536,1,45644000,1916000061831479400
normal-o3,1,256,reserved,16,reverse-c,3,1048576,65536,1,51191000,1916000061831479400
normal-o3,1,256,reserved,16,whitefoot,3,1048576,65536,1,43808000,1916000061831479400
normal-o3,1,256,reserved,16,cpp-std-vector,3,1048576,65536,1,44604000,1916000061831479400
normal-o3,1,256,reserved,16,rust-vec,3,1048576,65536,1,41448000,1916000061831479400
normal-o3,1,256,reserved,16,take-swap-c,3,1048576,65536,1,46008000,1916000061831479400
normal-o3,1,256,reserved,16,direct-c,4,1048576,65536,1,45841000,317124334665105513
normal-o3,1,256,reserved,16,reverse-c,4,1048576,65536,1,50186000,317124334665105513
normal-o3,1,256,reserved,16,whitefoot,4,1048576,65536,1,42949000,317124334665105513
normal-o3,1,256,reserved,16,cpp-std-vector,4,1048576,65536,1,45496000,317124334665105513
normal-o3,1,256,reserved,16,rust-vec,4,1048576,65536,1,41401000,317124334665105513
normal-o3,1,256,reserved,16,take-swap-c,4,1048576,65536,1,46070000,317124334665105513
normal-o3,1,256,reserved,16,swap-take-c,4,1048576,65536,1,49442000,317124334665105513
normal-o3,1,256,reserved,16,reverse-c,5,1048576,65536,1,50190000,16344508304658628714
normal-o3,1,256,reserved,16,whitefoot,5,1048576,65536,1,42468000,16344508304658628714
normal-o3,1,256,reserved,16,cpp-std-vector,5,1048576,65536,1,44987000,16344508304658628714
normal-o3,1,256,reserved,16,rust-vec,5,1048576,65536,1,42770000,16344508304658628714
normal-o3,1,256,reserved,16,take-swap-c,5,1048576,65536,1,45983000,16344508304658628714
normal-o3,1,256,reserved,16,swap-take-c,5,1048576,65536,1,49323000,16344508304658628714
normal-o3,1,256,reserved,16,direct-c,5,1048576,65536,1,45765000,16344508304658628714
normal-o3,1,256,reserved,16,whitefoot,6,1048576,65536,1,42609000,17728104047323021419
normal-o3,1,256,reserved,16,cpp-std-vector,6,1048576,65536,1,44628000,17728104047323021419
normal-o3,1,256,reserved,16,rust-vec,6,1048576,65536,1,41420000,17728104047323021419
normal-o3,1,256,reserved,16,take-swap-c,6,1048576,65536,1,48011000,17728104047323021419
normal-o3,1,256,reserved,16,swap-take-c,6,1048576,65536,1,51270000,17728104047323021419
normal-o3,1,256,reserved,16,direct-c,6,1048576,65536,1,47221000,17728104047323021419
normal-o3,1,256,reserved,16,reverse-c,6,1048576,65536,1,50884000,17728104047323021419
normal-o3,1,256,reserved,256,cpp-std-vector,0,1048576,4096,1,42137000,5774473182449584229
normal-o3,1,256,reserved,256,rust-vec,0,1048576,4096,1,38997000,5774473182449584229
normal-o3,1,256,reserved,256,take-swap-c,0,1048576,4096,1,42212000,5774473182449584229
normal-o3,1,256,reserved,256,swap-take-c,0,1048576,4096,1,43954000,5774473182449584229
normal-o3,1,256,reserved,256,direct-c,0,1048576,4096,1,41102000,5774473182449584229
normal-o3,1,256,reserved,256,reverse-c,0,1048576,4096,1,46566000,5774473182449584229
normal-o3,1,256,reserved,256,whitefoot,0,1048576,4096,1,39422000,5774473182449584229
normal-o3,1,256,reserved,256,rust-vec,1,1048576,4096,1,39230000,730816566922926182
normal-o3,1,256,reserved,256,take-swap-c,1,1048576,4096,1,41514000,730816566922926182
normal-o3,1,256,reserved,256,swap-take-c,1,1048576,4096,1,43609000,730816566922926182
normal-o3,1,256,reserved,256,direct-c,1,1048576,4096,1,41070000,730816566922926182
normal-o3,1,256,reserved,256,reverse-c,1,1048576,4096,1,46683000,730816566922926182
normal-o3,1,256,reserved,256,whitefoot,1,1048576,4096,1,39355000,730816566922926182
normal-o3,1,256,reserved,256,cpp-std-vector,1,1048576,4096,1,42269000,730816566922926182
normal-o3,1,256,reserved,256,take-swap-c,2,1048576,4096,1,41807000,3951699326411303015
normal-o3,1,256,reserved,256,swap-take-c,2,1048576,4096,1,43730000,3951699326411303015
normal-o3,1,256,reserved,256,direct-c,2,1048576,4096,1,42469000,3951699326411303015
normal-o3,1,256,reserved,256,reverse-c,2,1048576,4096,1,47463000,3951699326411303015
normal-o3,1,256,reserved,256,whitefoot,2,1048576,4096,1,39287000,3951699326411303015
normal-o3,1,256,reserved,256,cpp-std-vector,2,1048576,4096,1,42166000,3951699326411303015
normal-o3,1,256,reserved,256,rust-vec,2,1048576,4096,1,39006000,3951699326411303015
normal-o3,1,256,reserved,256,swap-take-c,3,1048576,4096,1,44250000,4669976213855500392
normal-o3,1,256,reserved,256,direct-c,3,1048576,4096,1,41230000,4669976213855500392
normal-o3,1,256,reserved,256,reverse-c,3,1048576,4096,1,46624000,4669976213855500392
normal-o3,1,256,reserved,256,whitefoot,3,1048576,4096,1,40157000,4669976213855500392
normal-o3,1,256,reserved,256,cpp-std-vector,3,1048576,4096,1,43057000,4669976213855500392
normal-o3,1,256,reserved,256,rust-vec,3,1048576,4096,1,39192000,4669976213855500392
normal-o3,1,256,reserved,256,take-swap-c,3,1048576,4096,1,41487000,4669976213855500392
normal-o3,1,256,reserved,256,direct-c,4,1048576,4096,1,40990000,4748812814999455849
normal-o3,1,256,reserved,256,reverse-c,4,1048576,4096,1,46947000,4748812814999455849
normal-o3,1,256,reserved,256,whitefoot,4,1048576,4096,1,39299000,4748812814999455849
normal-o3,1,256,reserved,256,cpp-std-vector,4,1048576,4096,1,42151000,4748812814999455849
normal-o3,1,256,reserved,256,rust-vec,4,1048576,4096,1,39101000,4748812814999455849
normal-o3,1,256,reserved,256,take-swap-c,4,1048576,4096,1,41421000,4748812814999455849
normal-o3,1,256,reserved,256,swap-take-c,4,1048576,4096,1,43790000,4748812814999455849
normal-o3,1,256,reserved,256,reverse-c,5,1048576,4096,1,46797000,9617966251147630698
normal-o3,1,256,reserved,256,whitefoot,5,1048576,4096,1,39319000,9617966251147630698
normal-o3,1,256,reserved,256,cpp-std-vector,5,1048576,4096,1,43571000,9617966251147630698
normal-o3,1,256,reserved,256,rust-vec,5,1048576,4096,1,40411000,9617966251147630698
normal-o3,1,256,reserved,256,take-swap-c,5,1048576,4096,1,41476000,9617966251147630698
normal-o3,1,256,reserved,256,swap-take-c,5,1048576,4096,1,43739000,9617966251147630698
normal-o3,1,256,reserved,256,direct-c,5,1048576,4096,1,41302000,9617966251147630698
normal-o3,1,256,reserved,256,whitefoot,6,1048576,4096,1,39252000,14780350119149938795
normal-o3,1,256,reserved,256,cpp-std-vector,6,1048576,4096,1,42678000,14780350119149938795
normal-o3,1,256,reserved,256,rust-vec,6,1048576,4096,1,39297000,14780350119149938795
normal-o3,1,256,reserved,256,take-swap-c,6,1048576,4096,1,41653000,14780350119149938795
normal-o3,1,256,reserved,256,swap-take-c,6,1048576,4096,1,43692000,14780350119149938795
normal-o3,1,256,reserved,256,direct-c,6,1048576,4096,1,41363000,14780350119149938795
normal-o3,1,256,reserved,256,reverse-c,6,1048576,4096,1,47370000,14780350119149938795
normal-o3,1,256,reserved,4096,cpp-std-vector,0,1048576,256,1,43499000,7990118519889974501
normal-o3,1,256,reserved,4096,rust-vec,0,1048576,256,1,40885000,7990118519889974501
normal-o3,1,256,reserved,4096,take-swap-c,0,1048576,256,1,43006000,7990118519889974501
normal-o3,1,256,reserved,4096,swap-take-c,0,1048576,256,1,45146000,7990118519889974501
normal-o3,1,256,reserved,4096,direct-c,0,1048576,256,1,43033000,7990118519889974501
normal-o3,1,256,reserved,4096,reverse-c,0,1048576,256,1,49806000,7990118519889974501
normal-o3,1,256,reserved,4096,whitefoot,0,1048576,256,1,41045000,7990118519889974501
normal-o3,1,256,reserved,4096,rust-vec,1,1048576,256,1,40848000,10660244701728609766
normal-o3,1,256,reserved,4096,take-swap-c,1,1048576,256,1,43086000,10660244701728609766
normal-o3,1,256,reserved,4096,swap-take-c,1,1048576,256,1,46951000,10660244701728609766
normal-o3,1,256,reserved,4096,direct-c,1,1048576,256,1,43780000,10660244701728609766
normal-o3,1,256,reserved,4096,reverse-c,1,1048576,256,1,49430000,10660244701728609766
normal-o3,1,256,reserved,4096,whitefoot,1,1048576,256,1,40914000,10660244701728609766
normal-o3,1,256,reserved,4096,cpp-std-vector,1,1048576,256,1,43633000,10660244701728609766
normal-o3,1,256,reserved,4096,take-swap-c,2,1048576,256,1,43002000,3495536164771485415
normal-o3,1,256,reserved,4096,swap-take-c,2,1048576,256,1,45770000,3495536164771485415
normal-o3,1,256,reserved,4096,direct-c,2,1048576,256,1,44242000,3495536164771485415
normal-o3,1,256,reserved,4096,reverse-c,2,1048576,256,1,49875000,3495536164771485415
normal-o3,1,256,reserved,4096,whitefoot,2,1048576,256,1,40942000,3495536164771485415
normal-o3,1,256,reserved,4096,cpp-std-vector,2,1048576,256,1,43564000,3495536164771485415
normal-o3,1,256,reserved,4096,rust-vec,2,1048576,256,1,41280000,3495536164771485415
normal-o3,1,256,reserved,4096,swap-take-c,3,1048576,256,1,45160000,15148529761215748072
normal-o3,1,256,reserved,4096,direct-c,3,1048576,256,1,42922000,15148529761215748072
normal-o3,1,256,reserved,4096,reverse-c,3,1048576,256,1,49438000,15148529761215748072
normal-o3,1,256,reserved,4096,whitefoot,3,1048576,256,1,40896000,15148529761215748072
normal-o3,1,256,reserved,4096,cpp-std-vector,3,1048576,256,1,43610000,15148529761215748072
normal-o3,1,256,reserved,4096,rust-vec,3,1048576,256,1,40848000,15148529761215748072
normal-o3,1,256,reserved,4096,take-swap-c,3,1048576,256,1,43087000,15148529761215748072
normal-o3,1,256,reserved,4096,direct-c,4,1048576,256,1,42871000,9298652180223940841
normal-o3,1,256,reserved,4096,reverse-c,4,1048576,256,1,50607000,9298652180223940841
normal-o3,1,256,reserved,4096,whitefoot,4,1048576,256,1,41366000,9298652180223940841
normal-o3,1,256,reserved,4096,cpp-std-vector,4,1048576,256,1,43497000,9298652180223940841
normal-o3,1,256,reserved,4096,rust-vec,4,1048576,256,1,40773000,9298652180223940841
normal-o3,1,256,reserved,4096,take-swap-c,4,1048576,256,1,43000000,9298652180223940841
normal-o3,1,256,reserved,4096,swap-take-c,4,1048576,256,1,45223000,9298652180223940841
normal-o3,1,256,reserved,4096,reverse-c,5,1048576,256,1,49342000,8375064059273222634
normal-o3,1,256,reserved,4096,whitefoot,5,1048576,256,1,40932000,8375064059273222634
normal-o3,1,256,reserved,4096,cpp-std-vector,5,1048576,256,1,43544000,8375064059273222634
normal-o3,1,256,reserved,4096,rust-vec,5,1048576,256,1,40823000,8375064059273222634
normal-o3,1,256,reserved,4096,take-swap-c,5,1048576,256,1,43108000,8375064059273222634
normal-o3,1,256,reserved,4096,swap-take-c,5,1048576,256,1,45517000,8375064059273222634
normal-o3,1,256,reserved,4096,direct-c,5,1048576,256,1,42818000,8375064059273222634
normal-o3,1,256,reserved,4096,whitefoot,6,1048576,256,1,42255000,18409727464639388395
normal-o3,1,256,reserved,4096,cpp-std-vector,6,1048576,256,1,43589000,18409727464639388395
normal-o3,1,256,reserved,4096,rust-vec,6,1048576,256,1,40798000,18409727464639388395
normal-o3,1,256,reserved,4096,take-swap-c,6,1048576,256,1,43126000,18409727464639388395
normal-o3,1,256,reserved,4096,swap-take-c,6,1048576,256,1,45151000,18409727464639388395
normal-o3,1,256,reserved,4096,direct-c,6,1048576,256,1,42834000,18409727464639388395
normal-o3,1,256,reserved,4096,reverse-c,6,1048576,256,1,49518000,18409727464639388395
normal-o3,1,256,growth,16,cpp-std-vector,0,1048576,65536,1,58589000,16095999890136793189
normal-o3,1,256,growth,16,rust-vec,0,1048576,65536,1,56103000,16095999890136793189
normal-o3,1,256,growth,16,take-swap-c,0,1048576,65536,1,62690000,16095999890136793189
normal-o3,1,256,growth,16,swap-take-c,0,1048576,65536,1,66057000,16095999890136793189
normal-o3,1,256,growth,16,direct-c,0,1048576,65536,1,61986000,16095999890136793189
normal-o3,1,256,growth,16,reverse-c,0,1048576,65536,1,66549000,16095999890136793189
normal-o3,1,256,growth,16,whitefoot,0,1048576,65536,1,59666000,16095999890136793189
normal-o3,1,256,growth,16,rust-vec,1,1048576,65536,1,56243000,10905710204835692646
normal-o3,1,256,growth,16,take-swap-c,1,1048576,65536,1,62569000,10905710204835692646
normal-o3,1,256,growth,16,swap-take-c,1,1048576,65536,1,66041000,10905710204835692646
normal-o3,1,256,growth,16,direct-c,1,1048576,65536,1,63116000,10905710204835692646
normal-o3,1,256,growth,16,reverse-c,1,1048576,65536,1,66738000,10905710204835692646
normal-o3,1,256,growth,16,whitefoot,1,1048576,65536,1,60358000,10905710204835692646
normal-o3,1,256,growth,16,cpp-std-vector,1,1048576,65536,1,58678000,10905710204835692646
normal-o3,1,256,growth,16,take-swap-c,2,1048576,65536,1,63201000,1136678281099509863
normal-o3,1,256,growth,16,swap-take-c,2,1048576,65536,1,67765000,1136678281099509863
normal-o3,1,256,growth,16,direct-c,2,1048576,65536,1,62253000,1136678281099509863
normal-o3,1,256,growth,16,reverse-c,2,1048576,65536,1,66564000,1136678281099509863
normal-o3,1,256,growth,16,whitefoot,2,1048576,65536,1,59946000,1136678281099509863
normal-o3,1,256,growth,16,cpp-std-vector,2,1048576,65536,1,58686000,1136678281099509863
normal-o3,1,256,growth,16,rust-vec,2,1048576,65536,1,56167000,1136678281099509863
normal-o3,1,256,growth,16,swap-take-c,3,1048576,65536,1,65908000,1916000061831479400
normal-o3,1,256,growth,16,direct-c,3,1048576,65536,1,62081000,1916000061831479400
normal-o3,1,256,growth,16,reverse-c,3,1048576,65536,1,66532000,1916000061831479400
normal-o3,1,256,growth,16,whitefoot,3,1048576,65536,1,59679000,1916000061831479400
normal-o3,1,256,growth,16,cpp-std-vector,3,1048576,65536,1,58499000,1916000061831479400
normal-o3,1,256,growth,16,rust-vec,3,1048576,65536,1,56699000,1916000061831479400
normal-o3,1,256,growth,16,take-swap-c,3,1048576,65536,1,62832000,1916000061831479400
normal-o3,1,256,growth,16,direct-c,4,1048576,65536,1,62638000,317124334665105513
normal-o3,1,256,growth,16,reverse-c,4,1048576,65536,1,68478000,317124334665105513
normal-o3,1,256,growth,16,whitefoot,4,1048576,65536,1,59663000,317124334665105513
normal-o3,1,256,growth,16,cpp-std-vector,4,1048576,65536,1,58654000,317124334665105513
normal-o3,1,256,growth,16,rust-vec,4,1048576,65536,1,56517000,317124334665105513
normal-o3,1,256,growth,16,take-swap-c,4,1048576,65536,1,62614000,317124334665105513
normal-o3,1,256,growth,16,swap-take-c,4,1048576,65536,1,65981000,317124334665105513
normal-o3,1,256,growth,16,reverse-c,5,1048576,65536,1,66525000,16344508304658628714
normal-o3,1,256,growth,16,whitefoot,5,1048576,65536,1,59769000,16344508304658628714
normal-o3,1,256,growth,16,cpp-std-vector,5,1048576,65536,1,58469000,16344508304658628714
normal-o3,1,256,growth,16,rust-vec,5,1048576,65536,1,56420000,16344508304658628714
normal-o3,1,256,growth,16,take-swap-c,5,1048576,65536,1,63206000,16344508304658628714
normal-o3,1,256,growth,16,swap-take-c,5,1048576,65536,1,66269000,16344508304658628714
normal-o3,1,256,growth,16,direct-c,5,1048576,65536,1,61902000,16344508304658628714
normal-o3,1,256,growth,16,whitefoot,6,1048576,65536,1,60473000,17728104047323021419
normal-o3,1,256,growth,16,cpp-std-vector,6,1048576,65536,1,58564000,17728104047323021419
normal-o3,1,256,growth,16,rust-vec,6,1048576,65536,1,56107000,17728104047323021419
normal-o3,1,256,growth,16,take-swap-c,6,1048576,65536,1,64143000,17728104047323021419
normal-o3,1,256,growth,16,swap-take-c,6,1048576,65536,1,67492000,17728104047323021419
normal-o3,1,256,growth,16,direct-c,6,1048576,65536,1,62096000,17728104047323021419
normal-o3,1,256,growth,16,reverse-c,6,1048576,65536,1,66570000,17728104047323021419
normal-o3,1,256,growth,256,cpp-std-vector,0,1048576,4096,1,57711000,5774473182449584229
normal-o3,1,256,growth,256,rust-vec,0,1048576,4096,1,46704000,5774473182449584229
normal-o3,1,256,growth,256,take-swap-c,0,1048576,4096,1,54793000,5774473182449584229
normal-o3,1,256,growth,256,swap-take-c,0,1048576,4096,1,57235000,5774473182449584229
normal-o3,1,256,growth,256,direct-c,0,1048576,4096,1,55731000,5774473182449584229
normal-o3,1,256,growth,256,reverse-c,0,1048576,4096,1,60654000,5774473182449584229
normal-o3,1,256,growth,256,whitefoot,0,1048576,4096,1,53110000,5774473182449584229
normal-o3,1,256,growth,256,rust-vec,1,1048576,4096,1,45544000,730816566922926182
normal-o3,1,256,growth,256,take-swap-c,1,1048576,4096,1,54556000,730816566922926182
normal-o3,1,256,growth,256,swap-take-c,1,1048576,4096,1,57539000,730816566922926182
normal-o3,1,256,growth,256,direct-c,1,1048576,4096,1,55028000,730816566922926182
normal-o3,1,256,growth,256,reverse-c,1,1048576,4096,1,60313000,730816566922926182
normal-o3,1,256,growth,256,whitefoot,1,1048576,4096,1,54094000,730816566922926182
normal-o3,1,256,growth,256,cpp-std-vector,1,1048576,4096,1,55848000,730816566922926182
normal-o3,1,256,growth,256,take-swap-c,2,1048576,4096,1,54292000,3951699326411303015
normal-o3,1,256,growth,256,swap-take-c,2,1048576,4096,1,56945000,3951699326411303015
normal-o3,1,256,growth,256,direct-c,2,1048576,4096,1,53832000,3951699326411303015
normal-o3,1,256,growth,256,reverse-c,2,1048576,4096,1,60107000,3951699326411303015
normal-o3,1,256,growth,256,whitefoot,2,1048576,4096,1,51906000,3951699326411303015
normal-o3,1,256,growth,256,cpp-std-vector,2,1048576,4096,1,56192000,3951699326411303015
normal-o3,1,256,growth,256,rust-vec,2,1048576,4096,1,45585000,3951699326411303015
normal-o3,1,256,growth,256,swap-take-c,3,1048576,4096,1,56929000,4669976213855500392
normal-o3,1,256,growth,256,direct-c,3,1048576,4096,1,54682000,4669976213855500392
normal-o3,1,256,growth,256,reverse-c,3,1048576,4096,1,60750000,4669976213855500392
normal-o3,1,256,growth,256,whitefoot,3,1048576,4096,1,52160000,4669976213855500392
normal-o3,1,256,growth,256,cpp-std-vector,3,1048576,4096,1,55599000,4669976213855500392
normal-o3,1,256,growth,256,rust-vec,3,1048576,4096,1,46208000,4669976213855500392
normal-o3,1,256,growth,256,take-swap-c,3,1048576,4096,1,54841000,4669976213855500392
normal-o3,1,256,growth,256,direct-c,4,1048576,4096,1,54445000,4748812814999455849
normal-o3,1,256,growth,256,reverse-c,4,1048576,4096,1,62635000,4748812814999455849
normal-o3,1,256,growth,256,whitefoot,4,1048576,4096,1,52404000,4748812814999455849
normal-o3,1,256,growth,256,cpp-std-vector,4,1048576,4096,1,55856000,4748812814999455849
normal-o3,1,256,growth,256,rust-vec,4,1048576,4096,1,45502000,4748812814999455849
normal-o3,1,256,growth,256,take-swap-c,4,1048576,4096,1,54341000,4748812814999455849
normal-o3,1,256,growth,256,swap-take-c,4,1048576,4096,1,57017000,4748812814999455849
normal-o3,1,256,growth,256,reverse-c,5,1048576,4096,1,61101000,9617966251147630698
normal-o3,1,256,growth,256,whitefoot,5,1048576,4096,1,51867000,9617966251147630698
normal-o3,1,256,growth,256,cpp-std-vector,5,1048576,4096,1,56142000,9617966251147630698
normal-o3,1,256,growth,256,rust-vec,5,1048576,4096,1,45793000,9617966251147630698
normal-o3,1,256,growth,256,take-swap-c,5,1048576,4096,1,54957000,9617966251147630698
normal-o3,1,256,growth,256,swap-take-c,5,1048576,4096,1,56876000,9617966251147630698
normal-o3,1,256,growth,256,direct-c,5,1048576,4096,1,54090000,9617966251147630698
normal-o3,1,256,growth,256,whitefoot,6,1048576,4096,1,52552000,14780350119149938795
normal-o3,1,256,growth,256,cpp-std-vector,6,1048576,4096,1,56381000,14780350119149938795
normal-o3,1,256,growth,256,rust-vec,6,1048576,4096,1,45461000,14780350119149938795
normal-o3,1,256,growth,256,take-swap-c,6,1048576,4096,1,54849000,14780350119149938795
normal-o3,1,256,growth,256,swap-take-c,6,1048576,4096,1,59637000,14780350119149938795
normal-o3,1,256,growth,256,direct-c,6,1048576,4096,1,54106000,14780350119149938795
normal-o3,1,256,growth,256,reverse-c,6,1048576,4096,1,60069000,14780350119149938795
normal-o3,1,256,growth,4096,cpp-std-vector,0,1048576,256,1,53207000,7990118519889974501
normal-o3,1,256,growth,4096,rust-vec,0,1048576,256,1,42790000,7990118519889974501
normal-o3,1,256,growth,4096,take-swap-c,0,1048576,256,1,57474000,7990118519889974501
normal-o3,1,256,growth,4096,swap-take-c,0,1048576,256,1,59305000,7990118519889974501
normal-o3,1,256,growth,4096,direct-c,0,1048576,256,1,54420000,7990118519889974501
normal-o3,1,256,growth,4096,reverse-c,0,1048576,256,1,60512000,7990118519889974501
normal-o3,1,256,growth,4096,whitefoot,0,1048576,256,1,52333000,7990118519889974501
normal-o3,1,256,growth,4096,rust-vec,1,1048576,256,1,41431000,10660244701728609766
normal-o3,1,256,growth,4096,take-swap-c,1,1048576,256,1,54643000,10660244701728609766
normal-o3,1,256,growth,4096,swap-take-c,1,1048576,256,1,56794000,10660244701728609766
normal-o3,1,256,growth,4096,direct-c,1,1048576,256,1,54316000,10660244701728609766
normal-o3,1,256,growth,4096,reverse-c,1,1048576,256,1,60814000,10660244701728609766
normal-o3,1,256,growth,4096,whitefoot,1,1048576,256,1,52535000,10660244701728609766
normal-o3,1,256,growth,4096,cpp-std-vector,1,1048576,256,1,52913000,10660244701728609766
normal-o3,1,256,growth,4096,take-swap-c,2,1048576,256,1,54352000,3495536164771485415
normal-o3,1,256,growth,4096,swap-take-c,2,1048576,256,1,56707000,3495536164771485415
normal-o3,1,256,growth,4096,direct-c,2,1048576,256,1,54555000,3495536164771485415
normal-o3,1,256,growth,4096,reverse-c,2,1048576,256,1,60689000,3495536164771485415
normal-o3,1,256,growth,4096,whitefoot,2,1048576,256,1,52409000,3495536164771485415
normal-o3,1,256,growth,4096,cpp-std-vector,2,1048576,256,1,51216000,3495536164771485415
normal-o3,1,256,growth,4096,rust-vec,2,1048576,256,1,41294000,3495536164771485415
normal-o3,1,256,growth,4096,swap-take-c,3,1048576,256,1,56549000,15148529761215748072
normal-o3,1,256,growth,4096,direct-c,3,1048576,256,1,54126000,15148529761215748072
normal-o3,1,256,growth,4096,reverse-c,3,1048576,256,1,60611000,15148529761215748072
normal-o3,1,256,growth,4096,whitefoot,3,1048576,256,1,52389000,15148529761215748072
normal-o3,1,256,growth,4096,cpp-std-vector,3,1048576,256,1,51016000,15148529761215748072
normal-o3,1,256,growth,4096,rust-vec,3,1048576,256,1,41283000,15148529761215748072
normal-o3,1,256,growth,4096,take-swap-c,3,1048576,256,1,54163000,15148529761215748072
normal-o3,1,256,growth,4096,direct-c,4,1048576,256,1,54377000,9298652180223940841
normal-o3,1,256,growth,4096,reverse-c,4,1048576,256,1,63186000,9298652180223940841
normal-o3,1,256,growth,4096,whitefoot,4,1048576,256,1,52483000,9298652180223940841
normal-o3,1,256,growth,4096,cpp-std-vector,4,1048576,256,1,52276000,9298652180223940841
normal-o3,1,256,growth,4096,rust-vec,4,1048576,256,1,42174000,9298652180223940841
normal-o3,1,256,growth,4096,take-swap-c,4,1048576,256,1,55726000,9298652180223940841
normal-o3,1,256,growth,4096,swap-take-c,4,1048576,256,1,56805000,9298652180223940841
normal-o3,1,256,growth,4096,reverse-c,5,1048576,256,1,60550000,8375064059273222634
normal-o3,1,256,growth,4096,whitefoot,5,1048576,256,1,52402000,8375064059273222634
normal-o3,1,256,growth,4096,cpp-std-vector,5,1048576,256,1,51582000,8375064059273222634
normal-o3,1,256,growth,4096,rust-vec,5,1048576,256,1,41390000,8375064059273222634
normal-o3,1,256,growth,4096,take-swap-c,5,1048576,256,1,54130000,8375064059273222634
normal-o3,1,256,growth,4096,swap-take-c,5,1048576,256,1,56512000,8375064059273222634
normal-o3,1,256,growth,4096,direct-c,5,1048576,256,1,53849000,8375064059273222634
normal-o3,1,256,growth,4096,whitefoot,6,1048576,256,1,52149000,18409727464639388395
normal-o3,1,256,growth,4096,cpp-std-vector,6,1048576,256,1,50557000,18409727464639388395
normal-o3,1,256,growth,4096,rust-vec,6,1048576,256,1,41309000,18409727464639388395
normal-o3,1,256,growth,4096,take-swap-c,6,1048576,256,1,54300000,18409727464639388395
normal-o3,1,256,growth,4096,swap-take-c,6,1048576,256,1,56650000,18409727464639388395
normal-o3,1,256,growth,4096,direct-c,6,1048576,256,1,54198000,18409727464639388395
normal-o3,1,256,growth,4096,reverse-c,6,1048576,256,1,63952000,18409727464639388395
normal-o3,1,256,reuse,16,cpp-std-vector,0,1048576,65536,1,43458000,16095999890136793189
normal-o3,1,256,reuse,16,rust-vec,0,1048576,65536,1,40915000,16095999890136793189
normal-o3,1,256,reuse,16,take-swap-c,0,1048576,65536,1,43936000,16095999890136793189
normal-o3,1,256,reuse,16,swap-take-c,0,1048576,65536,1,46849000,16095999890136793189
normal-o3,1,256,reuse,16,direct-c,0,1048576,65536,1,42951000,16095999890136793189
normal-o3,1,256,reuse,16,reverse-c,0,1048576,65536,1,47888000,16095999890136793189
normal-o3,1,256,reuse,16,whitefoot,0,1048576,65536,1,40616000,16095999890136793189
normal-o3,1,256,reuse,16,rust-vec,1,1048576,65536,1,40444000,10905710204835692646
normal-o3,1,256,reuse,16,take-swap-c,1,1048576,65536,1,43554000,10905710204835692646
normal-o3,1,256,reuse,16,swap-take-c,1,1048576,65536,1,46675000,10905710204835692646
normal-o3,1,256,reuse,16,direct-c,1,1048576,65536,1,43056000,10905710204835692646
normal-o3,1,256,reuse,16,reverse-c,1,1048576,65536,1,48700000,10905710204835692646
normal-o3,1,256,reuse,16,whitefoot,1,1048576,65536,1,40555000,10905710204835692646
normal-o3,1,256,reuse,16,cpp-std-vector,1,1048576,65536,1,43345000,10905710204835692646
normal-o3,1,256,reuse,16,take-swap-c,2,1048576,65536,1,43453000,1136678281099509863
normal-o3,1,256,reuse,16,swap-take-c,2,1048576,65536,1,46746000,1136678281099509863
normal-o3,1,256,reuse,16,direct-c,2,1048576,65536,1,43023000,1136678281099509863
normal-o3,1,256,reuse,16,reverse-c,2,1048576,65536,1,47980000,1136678281099509863
normal-o3,1,256,reuse,16,whitefoot,2,1048576,65536,1,41975000,1136678281099509863
normal-o3,1,256,reuse,16,cpp-std-vector,2,1048576,65536,1,44193000,1136678281099509863
normal-o3,1,256,reuse,16,rust-vec,2,1048576,65536,1,40219000,1136678281099509863
normal-o3,1,256,reuse,16,swap-take-c,3,1048576,65536,1,46609000,1916000061831479400
normal-o3,1,256,reuse,16,direct-c,3,1048576,65536,1,43129000,1916000061831479400
normal-o3,1,256,reuse,16,reverse-c,3,1048576,65536,1,48678000,1916000061831479400
normal-o3,1,256,reuse,16,whitefoot,3,1048576,65536,1,40529000,1916000061831479400
normal-o3,1,256,reuse,16,cpp-std-vector,3,1048576,65536,1,43449000,1916000061831479400
normal-o3,1,256,reuse,16,rust-vec,3,1048576,65536,1,40829000,1916000061831479400
normal-o3,1,256,reuse,16,take-swap-c,3,1048576,65536,1,44325000,1916000061831479400
normal-o3,1,256,reuse,16,direct-c,4,1048576,65536,1,42996000,317124334665105513
normal-o3,1,256,reuse,16,reverse-c,4,1048576,65536,1,48059000,317124334665105513
normal-o3,1,256,reuse,16,whitefoot,4,1048576,65536,1,40708000,317124334665105513
normal-o3,1,256,reuse,16,cpp-std-vector,4,1048576,65536,1,43392000,317124334665105513
normal-o3,1,256,reuse,16,rust-vec,4,1048576,65536,1,40283000,317124334665105513
normal-o3,1,256,reuse,16,take-swap-c,4,1048576,65536,1,43585000,317124334665105513
normal-o3,1,256,reuse,16,swap-take-c,4,1048576,65536,1,46647000,317124334665105513
normal-o3,1,256,reuse,16,reverse-c,5,1048576,65536,1,48009000,16344508304658628714
normal-o3,1,256,reuse,16,whitefoot,5,1048576,65536,1,40537000,16344508304658628714
normal-o3,1,256,reuse,16,cpp-std-vector,5,1048576,65536,1,43887000,16344508304658628714
normal-o3,1,256,reuse,16,rust-vec,5,1048576,65536,1,40374000,16344508304658628714
normal-o3,1,256,reuse,16,take-swap-c,5,1048576,65536,1,44770000,16344508304658628714
normal-o3,1,256,reuse,16,swap-take-c,5,1048576,65536,1,47660000,16344508304658628714
normal-o3,1,256,reuse,16,direct-c,5,1048576,65536,1,43009000,16344508304658628714
normal-o3,1,256,reuse,16,whitefoot,6,1048576,65536,1,40573000,17728104047323021419
normal-o3,1,256,reuse,16,cpp-std-vector,6,1048576,65536,1,43267000,17728104047323021419
normal-o3,1,256,reuse,16,rust-vec,6,1048576,65536,1,40194000,17728104047323021419
normal-o3,1,256,reuse,16,take-swap-c,6,1048576,65536,1,44573000,17728104047323021419
normal-o3,1,256,reuse,16,swap-take-c,6,1048576,65536,1,46633000,17728104047323021419
normal-o3,1,256,reuse,16,direct-c,6,1048576,65536,1,43065000,17728104047323021419
normal-o3,1,256,reuse,16,reverse-c,6,1048576,65536,1,47966000,17728104047323021419
normal-o3,1,256,reuse,256,cpp-std-vector,0,1048576,4096,1,41752000,5774473182449584229
normal-o3,1,256,reuse,256,rust-vec,0,1048576,4096,1,38476000,5774473182449584229
normal-o3,1,256,reuse,256,take-swap-c,0,1048576,4096,1,41160000,5774473182449584229
normal-o3,1,256,reuse,256,swap-take-c,0,1048576,4096,1,43181000,5774473182449584229
normal-o3,1,256,reuse,256,direct-c,0,1048576,4096,1,40704000,5774473182449584229
normal-o3,1,256,reuse,256,reverse-c,0,1048576,4096,1,46341000,5774473182449584229
normal-o3,1,256,reuse,256,whitefoot,0,1048576,4096,1,38712000,5774473182449584229
normal-o3,1,256,reuse,256,rust-vec,1,1048576,4096,1,38644000,730816566922926182
normal-o3,1,256,reuse,256,take-swap-c,1,1048576,4096,1,41148000,730816566922926182
normal-o3,1,256,reuse,256,swap-take-c,1,1048576,4096,1,43245000,730816566922926182
normal-o3,1,256,reuse,256,direct-c,1,1048576,4096,1,41768000,730816566922926182
normal-o3,1,256,reuse,256,reverse-c,1,1048576,4096,1,47654000,730816566922926182
normal-o3,1,256,reuse,256,whitefoot,1,1048576,4096,1,38718000,730816566922926182
normal-o3,1,256,reuse,256,cpp-std-vector,1,1048576,4096,1,41798000,730816566922926182
normal-o3,1,256,reuse,256,take-swap-c,2,1048576,4096,1,41402000,3951699326411303015
normal-o3,1,256,reuse,256,swap-take-c,2,1048576,4096,1,43232000,3951699326411303015
normal-o3,1,256,reuse,256,direct-c,2,1048576,4096,1,40900000,3951699326411303015
normal-o3,1,256,reuse,256,reverse-c,2,1048576,4096,1,46910000,3951699326411303015
normal-o3,1,256,reuse,256,whitefoot,2,1048576,4096,1,39405000,3951699326411303015
normal-o3,1,256,reuse,256,cpp-std-vector,2,1048576,4096,1,42397000,3951699326411303015
normal-o3,1,256,reuse,256,rust-vec,2,1048576,4096,1,39143000,3951699326411303015
normal-o3,1,256,reuse,256,swap-take-c,3,1048576,4096,1,43307000,4669976213855500392
normal-o3,1,256,reuse,256,direct-c,3,1048576,4096,1,40857000,4669976213855500392
normal-o3,1,256,reuse,256,reverse-c,3,1048576,4096,1,46405000,4669976213855500392
normal-o3,1,256,reuse,256,whitefoot,3,1048576,4096,1,38737000,4669976213855500392
normal-o3,1,256,reuse,256,cpp-std-vector,3,1048576,4096,1,41667000,4669976213855500392
normal-o3,1,256,reuse,256,rust-vec,3,1048576,4096,1,38528000,4669976213855500392
normal-o3,1,256,reuse,256,take-swap-c,3,1048576,4096,1,41102000,4669976213855500392
normal-o3,1,256,reuse,256,direct-c,4,1048576,4096,1,40791000,4748812814999455849
normal-o3,1,256,reuse,256,reverse-c,4,1048576,4096,1,46284000,4748812814999455849
normal-o3,1,256,reuse,256,whitefoot,4,1048576,4096,1,38722000,4748812814999455849
normal-o3,1,256,reuse,256,cpp-std-vector,4,1048576,4096,1,41778000,4748812814999455849
normal-o3,1,256,reuse,256,rust-vec,4,1048576,4096,1,39878000,4748812814999455849
normal-o3,1,256,reuse,256,take-swap-c,4,1048576,4096,1,42158000,4748812814999455849
normal-o3,1,256,reuse,256,swap-take-c,4,1048576,4096,1,43504000,4748812814999455849
normal-o3,1,256,reuse,256,reverse-c,5,1048576,4096,1,46306000,9617966251147630698
normal-o3,1,256,reuse,256,whitefoot,5,1048576,4096,1,38834000,9617966251147630698
normal-o3,1,256,reuse,256,cpp-std-vector,5,1048576,4096,1,41704000,9617966251147630698
normal-o3,1,256,reuse,256,rust-vec,5,1048576,4096,1,38539000,9617966251147630698
normal-o3,1,256,reuse,256,take-swap-c,5,1048576,4096,1,41202000,9617966251147630698
normal-o3,1,256,reuse,256,swap-take-c,5,1048576,4096,1,43234000,9617966251147630698
normal-o3,1,256,reuse,256,direct-c,5,1048576,4096,1,40898000,9617966251147630698
normal-o3,1,256,reuse,256,whitefoot,6,1048576,4096,1,38785000,14780350119149938795
normal-o3,1,256,reuse,256,cpp-std-vector,6,1048576,4096,1,41813000,14780350119149938795
normal-o3,1,256,reuse,256,rust-vec,6,1048576,4096,1,38892000,14780350119149938795
normal-o3,1,256,reuse,256,take-swap-c,6,1048576,4096,1,44693000,14780350119149938795
normal-o3,1,256,reuse,256,swap-take-c,6,1048576,4096,1,43482000,14780350119149938795
normal-o3,1,256,reuse,256,direct-c,6,1048576,4096,1,40872000,14780350119149938795
normal-o3,1,256,reuse,256,reverse-c,6,1048576,4096,1,46617000,14780350119149938795
normal-o3,1,256,reuse,4096,cpp-std-vector,0,1048576,256,1,43914000,7990118519889974501
normal-o3,1,256,reuse,4096,rust-vec,0,1048576,256,1,40722000,7990118519889974501
normal-o3,1,256,reuse,4096,take-swap-c,0,1048576,256,1,43113000,7990118519889974501
normal-o3,1,256,reuse,4096,swap-take-c,0,1048576,256,1,46458000,7990118519889974501
normal-o3,1,256,reuse,4096,direct-c,0,1048576,256,1,44256000,7990118519889974501
normal-o3,1,256,reuse,4096,reverse-c,0,1048576,256,1,49580000,7990118519889974501
normal-o3,1,256,reuse,4096,whitefoot,0,1048576,256,1,41433000,7990118519889974501
normal-o3,1,256,reuse,4096,rust-vec,1,1048576,256,1,40730000,10660244701728609766
normal-o3,1,256,reuse,4096,take-swap-c,1,1048576,256,1,43175000,10660244701728609766
normal-o3,1,256,reuse,4096,swap-take-c,1,1048576,256,1,45219000,10660244701728609766
normal-o3,1,256,reuse,4096,direct-c,1,1048576,256,1,44275000,10660244701728609766
normal-o3,1,256,reuse,4096,reverse-c,1,1048576,256,1,50583000,10660244701728609766
normal-o3,1,256,reuse,4096,whitefoot,1,1048576,256,1,40844000,10660244701728609766
normal-o3,1,256,reuse,4096,cpp-std-vector,1,1048576,256,1,43546000,10660244701728609766
normal-o3,1,256,reuse,4096,take-swap-c,2,1048576,256,1,43446000,3495536164771485415
normal-o3,1,256,reuse,4096,swap-take-c,2,1048576,256,1,45116000,3495536164771485415
normal-o3,1,256,reuse,4096,direct-c,2,1048576,256,1,43592000,3495536164771485415
normal-o3,1,256,reuse,4096,reverse-c,2,1048576,256,1,49700000,3495536164771485415
normal-o3,1,256,reuse,4096,whitefoot,2,1048576,256,1,40827000,3495536164771485415
normal-o3,1,256,reuse,4096,cpp-std-vector,2,1048576,256,1,43464000,3495536164771485415
normal-o3,1,256,reuse,4096,rust-vec,2,1048576,256,1,40756000,3495536164771485415
normal-o3,1,256,reuse,4096,swap-take-c,3,1048576,256,1,45171000,15148529761215748072
normal-o3,1,256,reuse,4096,direct-c,3,1048576,256,1,42882000,15148529761215748072
normal-o3,1,256,reuse,4096,reverse-c,3,1048576,256,1,49787000,15148529761215748072
normal-o3,1,256,reuse,4096,whitefoot,3,1048576,256,1,41654000,15148529761215748072
normal-o3,1,256,reuse,4096,cpp-std-vector,3,1048576,256,1,44643000,15148529761215748072
normal-o3,1,256,reuse,4096,rust-vec,3,1048576,256,1,40707000,15148529761215748072
normal-o3,1,256,reuse,4096,take-swap-c,3,1048576,256,1,43103000,15148529761215748072
normal-o3,1,256,reuse,4096,direct-c,4,1048576,256,1,42905000,9298652180223940841
normal-o3,1,256,reuse,4096,reverse-c,4,1048576,256,1,49539000,9298652180223940841
normal-o3,1,256,reuse,4096,whitefoot,4,1048576,256,1,40884000,9298652180223940841
normal-o3,1,256,reuse,4096,cpp-std-vector,4,1048576,256,1,43489000,9298652180223940841
normal-o3,1,256,reuse,4096,rust-vec,4,1048576,256,1,40719000,9298652180223940841
normal-o3,1,256,reuse,4096,take-swap-c,4,1048576,256,1,43450000,9298652180223940841
normal-o3,1,256,reuse,4096,swap-take-c,4,1048576,256,1,45201000,9298652180223940841
normal-o3,1,256,reuse,4096,reverse-c,5,1048576,256,1,49992000,8375064059273222634
normal-o3,1,256,reuse,4096,whitefoot,5,1048576,256,1,41068000,8375064059273222634
normal-o3,1,256,reuse,4096,cpp-std-vector,5,1048576,256,1,43472000,8375064059273222634
normal-o3,1,256,reuse,4096,rust-vec,5,1048576,256,1,40723000,8375064059273222634
normal-o3,1,256,reuse,4096,take-swap-c,5,1048576,256,1,43145000,8375064059273222634
normal-o3,1,256,reuse,4096,swap-take-c,5,1048576,256,1,45154000,8375064059273222634
normal-o3,1,256,reuse,4096,direct-c,5,1048576,256,1,42882000,8375064059273222634
normal-o3,1,256,reuse,4096,whitefoot,6,1048576,256,1,40846000,18409727464639388395
normal-o3,1,256,reuse,4096,cpp-std-vector,6,1048576,256,1,43632000,18409727464639388395
normal-o3,1,256,reuse,4096,rust-vec,6,1048576,256,1,41418000,18409727464639388395
normal-o3,1,256,reuse,4096,take-swap-c,6,1048576,256,1,44865000,18409727464639388395
normal-o3,1,256,reuse,4096,swap-take-c,6,1048576,256,1,45231000,18409727464639388395
normal-o3,1,256,reuse,4096,direct-c,6,1048576,256,1,42963000,18409727464639388395
normal-o3,1,256,reuse,4096,reverse-c,6,1048576,256,1,49579000,18409727464639388395
normal-o3,1,256,suffix-0,16,cpp-std-vector,0,1048576,1048576,1,2802000,6607130204449329354
normal-o3,1,256,suffix-0,16,rust-vec,0,1048576,1048576,1,988000,6607130204449329354
normal-o3,1,256,suffix-0,16,take-swap-c,0,1048576,1048576,1,4084000,6607130204449329354
normal-o3,1,256,suffix-0,16,swap-take-c,0,1048576,1048576,1,2872000,6607130204449329354
normal-o3,1,256,suffix-0,16,direct-c,0,1048576,1048576,1,2850000,6607130204449329354
normal-o3,1,256,suffix-0,16,reverse-c,0,1048576,1048576,1,2815000,6607130204449329354
normal-o3,1,256,suffix-0,16,whitefoot,0,1048576,1048576,1,2277000,6607130204449329354
normal-o3,1,256,suffix-0,16,rust-vec,1,1048576,1048576,1,990000,16952766600949476812
normal-o3,1,256,suffix-0,16,take-swap-c,1,1048576,1048576,1,4091000,16952766600949476812
normal-o3,1,256,suffix-0,16,swap-take-c,1,1048576,1048576,1,2871000,16952766600949476812
normal-o3,1,256,suffix-0,16,direct-c,1,1048576,1048576,1,2778000,16952766600949476812
normal-o3,1,256,suffix-0,16,reverse-c,1,1048576,1048576,1,2827000,16952766600949476812
normal-o3,1,256,suffix-0,16,whitefoot,1,1048576,1048576,1,2285000,16952766600949476812
normal-o3,1,256,suffix-0,16,cpp-std-vector,1,1048576,1048576,1,2789000,16952766600949476812
normal-o3,1,256,suffix-0,16,take-swap-c,2,1048576,1048576,1,3138000,8851658923740072654
normal-o3,1,256,suffix-0,16,swap-take-c,2,1048576,1048576,1,2879000,8851658923740072654
normal-o3,1,256,suffix-0,16,direct-c,2,1048576,1048576,1,2806000,8851658923740072654
normal-o3,1,256,suffix-0,16,reverse-c,2,1048576,1048576,1,2874000,8851658923740072654
normal-o3,1,256,suffix-0,16,whitefoot,2,1048576,1048576,1,2283000,8851658923740072654
normal-o3,1,256,suffix-0,16,cpp-std-vector,2,1048576,1048576,1,2767000,8851658923740072654
normal-o3,1,256,suffix-0,16,rust-vec,2,1048576,1048576,1,990000,8851658923740072654
normal-o3,1,256,suffix-0,16,swap-take-c,3,1048576,1048576,1,2880000,750551246530668496
normal-o3,1,256,suffix-0,16,direct-c,3,1048576,1048576,1,2779000,750551246530668496
normal-o3,1,256,suffix-0,16,reverse-c,3,1048576,1048576,1,2814000,750551246530668496
normal-o3,1,256,suffix-0,16,whitefoot,3,1048576,1048576,1,2319000,750551246530668496
normal-o3,1,256,suffix-0,16,cpp-std-vector,3,1048576,1048576,1,2792000,750551246530668496
normal-o3,1,256,suffix-0,16,rust-vec,3,1048576,1048576,1,989000,750551246530668496
normal-o3,1,256,suffix-0,16,take-swap-c,3,1048576,1048576,1,4082000,750551246530668496
normal-o3,1,256,suffix-0,16,direct-c,4,1048576,1048576,1,2780000,11096187643030815954
normal-o3,1,256,suffix-0,16,reverse-c,4,1048576,1048576,1,2866000,11096187643030815954
normal-o3,1,256,suffix-0,16,whitefoot,4,1048576,1048576,1,2288000,11096187643030815954
normal-o3,1,256,suffix-0,16,cpp-std-vector,4,1048576,1048576,1,2765000,11096187643030815954
normal-o3,1,256,suffix-0,16,rust-vec,4,1048576,1048576,1,988000,11096187643030815954
normal-o3,1,256,suffix-0,16,take-swap-c,4,1048576,1048576,1,3142000,11096187643030815954
normal-o3,1,256,suffix-0,16,swap-take-c,4,1048576,1048576,1,2905000,11096187643030815954
normal-o3,1,256,suffix-0,16,reverse-c,5,1048576,1048576,1,2822000,2995079965821411796
normal-o3,1,256,suffix-0,16,whitefoot,5,1048576,1048576,1,2286000,2995079965821411796
normal-o3,1,256,suffix-0,16,cpp-std-vector,5,1048576,1048576,1,2776000,2995079965821411796
normal-o3,1,256,suffix-0,16,rust-vec,5,1048576,1048576,1,988000,2995079965821411796
normal-o3,1,256,suffix-0,16,take-swap-c,5,1048576,1048576,1,4086000,2995079965821411796
normal-o3,1,256,suffix-0,16,swap-take-c,5,1048576,1048576,1,2870000,2995079965821411796
normal-o3,1,256,suffix-0,16,direct-c,5,1048576,1048576,1,2782000,2995079965821411796
normal-o3,1,256,suffix-0,16,whitefoot,6,1048576,1048576,1,2314000,13340716362321559254
normal-o3,1,256,suffix-0,16,cpp-std-vector,6,1048576,1048576,1,2761000,13340716362321559254
normal-o3,1,256,suffix-0,16,rust-vec,6,1048576,1048576,1,989000,13340716362321559254
normal-o3,1,256,suffix-0,16,take-swap-c,6,1048576,1048576,1,4078000,13340716362321559254
normal-o3,1,256,suffix-0,16,swap-take-c,6,1048576,1048576,1,2878000,13340716362321559254
normal-o3,1,256,suffix-0,16,direct-c,6,1048576,1048576,1,2813000,13340716362321559254
normal-o3,1,256,suffix-0,16,reverse-c,6,1048576,1048576,1,2811000,13340716362321559254
normal-o3,1,256,suffix-0,256,cpp-std-vector,0,1048576,1048576,1,2791000,16711255245857297866
normal-o3,1,256,suffix-0,256,rust-vec,0,1048576,1048576,1,1030000,16711255245857297866
normal-o3,1,256,suffix-0,256,take-swap-c,0,1048576,1048576,1,3145000,16711255245857297866
normal-o3,1,256,suffix-0,256,swap-take-c,0,1048576,1048576,1,2889000,16711255245857297866
normal-o3,1,256,suffix-0,256,direct-c,0,1048576,1048576,1,2787000,16711255245857297866
normal-o3,1,256,suffix-0,256,reverse-c,0,1048576,1048576,1,2913000,16711255245857297866
normal-o3,1,256,suffix-0,256,whitefoot,0,1048576,1048576,1,2286000,16711255245857297866
normal-o3,1,256,suffix-0,256,rust-vec,1,1048576,1048576,1,1043000,17222991059918444236
normal-o3,1,256,suffix-0,256,take-swap-c,1,1048576,1048576,1,4391000,17222991059918444236
normal-o3,1,256,suffix-0,256,swap-take-c,1,1048576,1048576,1,2891000,17222991059918444236
normal-o3,1,256,suffix-0,256,direct-c,1,1048576,1048576,1,2789000,17222991059918444236
normal-o3,1,256,suffix-0,256,reverse-c,1,1048576,1048576,1,2830000,17222991059918444236
normal-o3,1,256,suffix-0,256,whitefoot,1,1048576,1048576,1,2290000,17222991059918444236
normal-o3,1,256,suffix-0,256,cpp-std-vector,1,1048576,1048576,1,2800000,17222991059918444236
normal-o3,1,256,suffix-0,256,take-swap-c,2,1048576,1048576,1,4090000,17734726873979590606
normal-o3,1,256,suffix-0,256,swap-take-c,2,1048576,1048576,1,2910000,17734726873979590606
normal-o3,1,256,suffix-0,256,direct-c,2,1048576,1048576,1,2855000,17734726873979590606
normal-o3,1,256,suffix-0,256,reverse-c,2,1048576,1048576,1,2831000,17734726873979590606
normal-o3,1,256,suffix-0,256,whitefoot,2,1048576,1048576,1,2285000,17734726873979590606
normal-o3,1,256,suffix-0,256,cpp-std-vector,2,1048576,1048576,1,2787000,17734726873979590606
normal-o3,1,256,suffix-0,256,rust-vec,2,1048576,1048576,1,997000,17734726873979590606
normal-o3,1,256,suffix-0,256,swap-take-c,3,1048576,1048576,1,2928000,18246462688040736976
normal-o3,1,256,suffix-0,256,direct-c,3,1048576,1048576,1,2793000,18246462688040736976
normal-o3,1,256,suffix-0,256,reverse-c,3,1048576,1048576,1,2823000,18246462688040736976
normal-o3,1,256,suffix-0,256,whitefoot,3,1048576,1048576,1,2286000,18246462688040736976
normal-o3,1,256,suffix-0,256,cpp-std-vector,3,1048576,1048576,1,2773000,18246462688040736976
normal-o3,1,256,suffix-0,256,rust-vec,3,1048576,1048576,1,1022000,18246462688040736976
normal-o3,1,256,suffix-0,256,take-swap-c,3,1048576,1048576,1,4104000,18246462688040736976
normal-o3,1,256,suffix-0,256,direct-c,4,1048576,1048576,1,2787000,311454428392331730
normal-o3,1,256,suffix-0,256,reverse-c,4,1048576,1048576,1,2890000,311454428392331730
normal-o3,1,256,suffix-0,256,whitefoot,4,1048576,1048576,1,2283000,311454428392331730
normal-o3,1,256,suffix-0,256,cpp-std-vector,4,1048576,1048576,1,2770000,311454428392331730
normal-o3,1,256,suffix-0,256,rust-vec,4,1048576,1048576,1,995000,311454428392331730
normal-o3,1,256,suffix-0,256,take-swap-c,4,1048576,1048576,1,4103000,311454428392331730
normal-o3,1,256,suffix-0,256,swap-take-c,4,1048576,1048576,1,2886000,311454428392331730
normal-o3,1,256,suffix-0,256,reverse-c,5,1048576,1048576,1,2822000,823190242453478100
normal-o3,1,256,suffix-0,256,whitefoot,5,1048576,1048576,1,2286000,823190242453478100
normal-o3,1,256,suffix-0,256,cpp-std-vector,5,1048576,1048576,1,2772000,823190242453478100
normal-o3,1,256,suffix-0,256,rust-vec,5,1048576,1048576,1,1005000,823190242453478100
normal-o3,1,256,suffix-0,256,take-swap-c,5,1048576,1048576,1,4090000,823190242453478100
normal-o3,1,256,suffix-0,256,swap-take-c,5,1048576,1048576,1,2885000,823190242453478100
normal-o3,1,256,suffix-0,256,direct-c,5,1048576,1048576,1,2784000,823190242453478100
normal-o3,1,256,suffix-0,256,whitefoot,6,1048576,1048576,1,2317000,1334926056514624470
normal-o3,1,256,suffix-0,256,cpp-std-vector,6,1048576,1048576,1,2782000,1334926056514624470
normal-o3,1,256,suffix-0,256,rust-vec,6,1048576,1048576,1,993000,1334926056514624470
normal-o3,1,256,suffix-0,256,take-swap-c,6,1048576,1048576,1,4112000,1334926056514624470
normal-o3,1,256,suffix-0,256,swap-take-c,6,1048576,1048576,1,2907000,1334926056514624470
normal-o3,1,256,suffix-0,256,direct-c,6,1048576,1048576,1,2801000,1334926056514624470
normal-o3,1,256,suffix-0,256,reverse-c,6,1048576,1048576,1,2824000,1334926056514624470
normal-o3,1,256,suffix-0,4096,cpp-std-vector,0,1048576,1048576,1,2933000,7001658466579473866
normal-o3,1,256,suffix-0,4096,rust-vec,0,1048576,1048576,1,1127000,7001658466579473866
normal-o3,1,256,suffix-0,4096,take-swap-c,0,1048576,1048576,1,3285000,7001658466579473866
normal-o3,1,256,suffix-0,4096,swap-take-c,0,1048576,1048576,1,3044000,7001658466579473866
normal-o3,1,256,suffix-0,4096,direct-c,0,1048576,1048576,1,2981000,7001658466579473866
normal-o3,1,256,suffix-0,4096,reverse-c,0,1048576,1048576,1,2980000,7001658466579473866
normal-o3,1,256,suffix-0,4096,whitefoot,0,1048576,1048576,1,2416000,7001658466579473866
normal-o3,1,256,suffix-0,4096,rust-vec,1,1048576,1048576,1,1126000,100047013315307212
normal-o3,1,256,suffix-0,4096,take-swap-c,1,1048576,1048576,1,4232000,100047013315307212
normal-o3,1,256,suffix-0,4096,swap-take-c,1,1048576,1048576,1,3017000,100047013315307212
normal-o3,1,256,suffix-0,4096,direct-c,1,1048576,1048576,1,2918000,100047013315307212
normal-o3,1,256,suffix-0,4096,reverse-c,1,1048576,1048576,1,2986000,100047013315307212
normal-o3,1,256,suffix-0,4096,whitefoot,1,1048576,1048576,1,2424000,100047013315307212
normal-o3,1,256,suffix-0,4096,cpp-std-vector,1,1048576,1048576,1,2920000,100047013315307212
normal-o3,1,256,suffix-0,4096,take-swap-c,2,1048576,1048576,1,4229000,11645179633760692174
normal-o3,1,256,suffix-0,4096,swap-take-c,2,1048576,1048576,1,3073000,11645179633760692174
normal-o3,1,256,suffix-0,4096,direct-c,2,1048576,1048576,1,2929000,11645179633760692174
normal-o3,1,256,suffix-0,4096,reverse-c,2,1048576,1048576,1,2982000,11645179633760692174
normal-o3,1,256,suffix-0,4096,whitefoot,2,1048576,1048576,1,2420000,11645179633760692174
normal-o3,1,256,suffix-0,4096,cpp-std-vector,2,1048576,1048576,1,2919000,11645179633760692174
normal-o3,1,256,suffix-0,4096,rust-vec,2,1048576,1048576,1,1131000,11645179633760692174
normal-o3,1,256,suffix-0,4096,swap-take-c,3,1048576,1048576,1,3040000,4743568180496525520
normal-o3,1,256,suffix-0,4096,direct-c,3,1048576,1048576,1,2930000,4743568180496525520
normal-o3,1,256,suffix-0,4096,reverse-c,3,1048576,1048576,1,2986000,4743568180496525520
normal-o3,1,256,suffix-0,4096,whitefoot,3,1048576,1048576,1,2426000,4743568180496525520
normal-o3,1,256,suffix-0,4096,cpp-std-vector,3,1048576,1048576,1,2966000,4743568180496525520
normal-o3,1,256,suffix-0,4096,rust-vec,3,1048576,1048576,1,1164000,4743568180496525520
normal-o3,1,256,suffix-0,4096,take-swap-c,3,1048576,1048576,1,4294000,4743568180496525520
normal-o3,1,256,suffix-0,4096,direct-c,4,1048576,1048576,1,2919000,16288700800941910482
normal-o3,1,256,suffix-0,4096,reverse-c,4,1048576,1048576,1,2977000,16288700800941910482
normal-o3,1,256,suffix-0,4096,whitefoot,4,1048576,1048576,1,2426000,16288700800941910482
normal-o3,1,256,suffix-0,4096,cpp-std-vector,4,1048576,1048576,1,2924000,16288700800941910482
normal-o3,1,256,suffix-0,4096,rust-vec,4,1048576,1048576,1,1131000,16288700800941910482
normal-o3,1,256,suffix-0,4096,take-swap-c,4,1048576,1048576,1,4228000,16288700800941910482
normal-o3,1,256,suffix-0,4096,swap-take-c,4,1048576,1048576,1,3026000,16288700800941910482
normal-o3,1,256,suffix-0,4096,reverse-c,5,1048576,1048576,1,2983000,9387089347677743828
normal-o3,1,256,suffix-0,4096,whitefoot,5,1048576,1048576,1,2430000,9387089347677743828
normal-o3,1,256,suffix-0,4096,cpp-std-vector,5,1048576,1048576,1,2928000,9387089347677743828
normal-o3,1,256,suffix-0,4096,rust-vec,5,1048576,1048576,1,1128000,9387089347677743828
normal-o3,1,256,suffix-0,4096,take-swap-c,5,1048576,1048576,1,4332000,9387089347677743828
normal-o3,1,256,suffix-0,4096,swap-take-c,5,1048576,1048576,1,3018000,9387089347677743828
normal-o3,1,256,suffix-0,4096,direct-c,5,1048576,1048576,1,2917000,9387089347677743828
normal-o3,1,256,suffix-0,4096,whitefoot,6,1048576,1048576,1,2419000,2485477894413577174
normal-o3,1,256,suffix-0,4096,cpp-std-vector,6,1048576,1048576,1,2924000,2485477894413577174
normal-o3,1,256,suffix-0,4096,rust-vec,6,1048576,1048576,1,1131000,2485477894413577174
normal-o3,1,256,suffix-0,4096,take-swap-c,6,1048576,1048576,1,4224000,2485477894413577174
normal-o3,1,256,suffix-0,4096,swap-take-c,6,1048576,1048576,1,3018000,2485477894413577174
normal-o3,1,256,suffix-0,4096,direct-c,6,1048576,1048576,1,2925000,2485477894413577174
normal-o3,1,256,suffix-0,4096,reverse-c,6,1048576,1048576,1,2980000,2485477894413577174
normal-o3,1,256,suffix-1,16,cpp-std-vector,0,1048576,1048576,1,17003000,10077132583444572090
normal-o3,1,256,suffix-1,16,rust-vec,0,1048576,1048576,1,16079000,10077132583444572090
normal-o3,1,256,suffix-1,16,take-swap-c,0,1048576,1048576,1,17624000,10077132583444572090
normal-o3,1,256,suffix-1,16,swap-take-c,0,1048576,1048576,1,34468000,10077132583444572090
normal-o3,1,256,suffix-1,16,direct-c,0,1048576,1048576,1,15558000,10077132583444572090
normal-o3,1,256,suffix-1,16,reverse-c,0,1048576,1048576,1,34189000,10077132583444572090
normal-o3,1,256,suffix-1,16,whitefoot,0,1048576,1048576,1,35702000,10077132583444572090
normal-o3,1,256,suffix-1,16,rust-vec,1,1048576,1048576,1,15703000,18010505805122801404
normal-o3,1,256,suffix-1,16,take-swap-c,1,1048576,1048576,1,17583000,18010505805122801404
normal-o3,1,256,suffix-1,16,swap-take-c,1,1048576,1048576,1,34411000,18010505805122801404
normal-o3,1,256,suffix-1,16,direct-c,1,1048576,1048576,1,15555000,18010505805122801404
normal-o3,1,256,suffix-1,16,reverse-c,1,1048576,1048576,1,34341000,18010505805122801404
normal-o3,1,256,suffix-1,16,whitefoot,1,1048576,1048576,1,35687000,18010505805122801404
normal-o3,1,256,suffix-1,16,cpp-std-vector,1,1048576,1048576,1,16641000,18010505805122801404
normal-o3,1,256,suffix-1,16,take-swap-c,2,1048576,1048576,1,18334000,7497134953091479102
normal-o3,1,256,suffix-1,16,swap-take-c,2,1048576,1048576,1,35098000,7497134953091479102
normal-o3,1,256,suffix-1,16,direct-c,2,1048576,1048576,1,15542000,7497134953091479102
normal-o3,1,256,suffix-1,16,reverse-c,2,1048576,1048576,1,34454000,7497134953091479102
normal-o3,1,256,suffix-1,16,whitefoot,2,1048576,1048576,1,35671000,7497134953091479102
normal-o3,1,256,suffix-1,16,cpp-std-vector,2,1048576,1048576,1,16532000,7497134953091479102
normal-o3,1,256,suffix-1,16,rust-vec,2,1048576,1048576,1,15665000,7497134953091479102
normal-o3,1,256,suffix-1,16,swap-take-c,3,1048576,1048576,1,34481000,15430508174769708416
normal-o3,1,256,suffix-1,16,direct-c,3,1048576,1048576,1,15541000,15430508174769708416
normal-o3,1,256,suffix-1,16,reverse-c,3,1048576,1048576,1,34530000,15430508174769708416
normal-o3,1,256,suffix-1,16,whitefoot,3,1048576,1048576,1,18797000,15430508174769708416
normal-o3,1,256,suffix-1,16,cpp-std-vector,3,1048576,1048576,1,16544000,15430508174769708416
normal-o3,1,256,suffix-1,16,rust-vec,3,1048576,1048576,1,15667000,15430508174769708416
normal-o3,1,256,suffix-1,16,take-swap-c,3,1048576,1048576,1,17685000,15430508174769708416
normal-o3,1,256,suffix-1,16,direct-c,4,1048576,1048576,1,15972000,4917137322738386114
normal-o3,1,256,suffix-1,16,reverse-c,4,1048576,1048576,1,34390000,4917137322738386114
normal-o3,1,256,suffix-1,16,whitefoot,4,1048576,1048576,1,31356000,4917137322738386114
normal-o3,1,256,suffix-1,16,cpp-std-vector,4,1048576,1048576,1,16460000,4917137322738386114
normal-o3,1,256,suffix-1,16,rust-vec,4,1048576,1048576,1,15765000,4917137322738386114
normal-o3,1,256,suffix-1,16,take-swap-c,4,1048576,1048576,1,17734000,4917137322738386114
normal-o3,1,256,suffix-1,16,swap-take-c,4,1048576,1048576,1,34477000,4917137322738386114
normal-o3,1,256,suffix-1,16,reverse-c,5,1048576,1048576,1,34278000,12850510544416615428
normal-o3,1,256,suffix-1,16,whitefoot,5,1048576,1048576,1,26761000,12850510544416615428
normal-o3,1,256,suffix-1,16,cpp-std-vector,5,1048576,1048576,1,16546000,12850510544416615428
normal-o3,1,256,suffix-1,16,rust-vec,5,1048576,1048576,1,15655000,12850510544416615428
normal-o3,1,256,suffix-1,16,take-swap-c,5,1048576,1048576,1,17550000,12850510544416615428
normal-o3,1,256,suffix-1,16,swap-take-c,5,1048576,1048576,1,34587000,12850510544416615428
normal-o3,1,256,suffix-1,16,direct-c,5,1048576,1048576,1,16013000,12850510544416615428
normal-o3,1,256,suffix-1,16,whitefoot,6,1048576,1048576,1,35755000,2337139692385293126
normal-o3,1,256,suffix-1,16,cpp-std-vector,6,1048576,1048576,1,16463000,2337139692385293126
normal-o3,1,256,suffix-1,16,rust-vec,6,1048576,1048576,1,15777000,2337139692385293126
normal-o3,1,256,suffix-1,16,take-swap-c,6,1048576,1048576,1,17564000,2337139692385293126
normal-o3,1,256,suffix-1,16,swap-take-c,6,1048576,1048576,1,34420000,2337139692385293126
normal-o3,1,256,suffix-1,16,direct-c,6,1048576,1048576,1,15687000,2337139692385293126
normal-o3,1,256,suffix-1,16,reverse-c,6,1048576,1048576,1,34312000,2337139692385293126
normal-o3,1,256,suffix-1,256,cpp-std-vector,0,1048576,1048576,1,16508000,16136919648563323066
normal-o3,1,256,suffix-1,256,rust-vec,0,1048576,1048576,1,15869000,16136919648563323066
normal-o3,1,256,suffix-1,256,take-swap-c,0,1048576,1048576,1,18290000,16136919648563323066
normal-o3,1,256,suffix-1,256,swap-take-c,0,1048576,1048576,1,35976000,16136919648563323066
normal-o3,1,256,suffix-1,256,direct-c,0,1048576,1048576,1,15741000,16136919648563323066
normal-o3,1,256,suffix-1,256,reverse-c,0,1048576,1048576,1,35373000,16136919648563323066
normal-o3,1,256,suffix-1,256,whitefoot,0,1048576,1048576,1,37208000,16136919648563323066
normal-o3,1,256,suffix-1,256,rust-vec,1,1048576,1048576,1,15872000,7049943648979053564
normal-o3,1,256,suffix-1,256,take-swap-c,1,1048576,1048576,1,17753000,7049943648979053564
normal-o3,1,256,suffix-1,256,swap-take-c,1,1048576,1048576,1,34375000,7049943648979053564
normal-o3,1,256,suffix-1,256,direct-c,1,1048576,1048576,1,15840000,7049943648979053564
normal-o3,1,256,suffix-1,256,reverse-c,1,1048576,1048576,1,34555000,7049943648979053564
normal-o3,1,256,suffix-1,256,whitefoot,1,1048576,1048576,1,21548000,7049943648979053564
normal-o3,1,256,suffix-1,256,cpp-std-vector,1,1048576,1048576,1,16455000,7049943648979053564
normal-o3,1,256,suffix-1,256,take-swap-c,2,1048576,1048576,1,17617000,16409711723104335678
normal-o3,1,256,suffix-1,256,swap-take-c,2,1048576,1048576,1,34481000,16409711723104335678
normal-o3,1,256,suffix-1,256,direct-c,2,1048576,1048576,1,15656000,16409711723104335678
normal-o3,1,256,suffix-1,256,reverse-c,2,1048576,1048576,1,34296000,16409711723104335678
normal-o3,1,256,suffix-1,256,whitefoot,2,1048576,1048576,1,28365000,16409711723104335678
normal-o3,1,256,suffix-1,256,cpp-std-vector,2,1048576,1048576,1,16621000,16409711723104335678
normal-o3,1,256,suffix-1,256,rust-vec,2,1048576,1048576,1,15743000,16409711723104335678
normal-o3,1,256,suffix-1,256,swap-take-c,3,1048576,1048576,1,34299000,7322735723520066176
normal-o3,1,256,suffix-1,256,direct-c,3,1048576,1048576,1,15626000,7322735723520066176
normal-o3,1,256,suffix-1,256,reverse-c,3,1048576,1048576,1,34392000,7322735723520066176
normal-o3,1,256,suffix-1,256,whitefoot,3,1048576,1048576,1,27137000,7322735723520066176
normal-o3,1,256,suffix-1,256,cpp-std-vector,3,1048576,1048576,1,16603000,7322735723520066176
normal-o3,1,256,suffix-1,256,rust-vec,3,1048576,1048576,1,15685000,7322735723520066176
normal-o3,1,256,suffix-1,256,take-swap-c,3,1048576,1048576,1,17630000,7322735723520066176
normal-o3,1,256,suffix-1,256,direct-c,4,1048576,1048576,1,15701000,16682503797645348290
normal-o3,1,256,suffix-1,256,reverse-c,4,1048576,1048576,1,34276000,16682503797645348290
normal-o3,1,256,suffix-1,256,whitefoot,4,1048576,1048576,1,35870000,16682503797645348290
normal-o3,1,256,suffix-1,256,cpp-std-vector,4,1048576,1048576,1,16929000,16682503797645348290
normal-o3,1,256,suffix-1,256,rust-vec,4,1048576,1048576,1,16101000,16682503797645348290
normal-o3,1,256,suffix-1,256,take-swap-c,4,1048576,1048576,1,17547000,16682503797645348290
normal-o3,1,256,suffix-1,256,swap-take-c,4,1048576,1048576,1,34327000,16682503797645348290
normal-o3,1,256,suffix-1,256,reverse-c,5,1048576,1048576,1,34270000,7595527798061078788
normal-o3,1,256,suffix-1,256,whitefoot,5,1048576,1048576,1,33522000,7595527798061078788
normal-o3,1,256,suffix-1,256,cpp-std-vector,5,1048576,1048576,1,16517000,7595527798061078788
normal-o3,1,256,suffix-1,256,rust-vec,5,1048576,1048576,1,15687000,7595527798061078788
normal-o3,1,256,suffix-1,256,take-swap-c,5,1048576,1048576,1,17605000,7595527798061078788
normal-o3,1,256,suffix-1,256,swap-take-c,5,1048576,1048576,1,35191000,7595527798061078788
normal-o3,1,256,suffix-1,256,direct-c,5,1048576,1048576,1,16215000,7595527798061078788
normal-o3,1,256,suffix-1,256,whitefoot,6,1048576,1048576,1,22039000,16955295872186360902
normal-o3,1,256,suffix-1,256,cpp-std-vector,6,1048576,1048576,1,16608000,16955295872186360902
normal-o3,1,256,suffix-1,256,rust-vec,6,1048576,1048576,1,15693000,16955295872186360902
normal-o3,1,256,suffix-1,256,take-swap-c,6,1048576,1048576,1,17678000,16955295872186360902
normal-o3,1,256,suffix-1,256,swap-take-c,6,1048576,1048576,1,34414000,16955295872186360902
normal-o3,1,256,suffix-1,256,direct-c,6,1048576,1048576,1,15575000,16955295872186360902
normal-o3,1,256,suffix-1,256,reverse-c,6,1048576,1048576,1,34291000,16955295872186360902
normal-o3,1,256,suffix-1,4096,cpp-std-vector,0,1048576,1048576,1,16600000,11423154033847496890
normal-o3,1,256,suffix-1,4096,rust-vec,0,1048576,1048576,1,15809000,11423154033847496890
normal-o3,1,256,suffix-1,4096,take-swap-c,0,1048576,1048576,1,17863000,11423154033847496890
normal-o3,1,256,suffix-1,4096,swap-take-c,0,1048576,1048576,1,34517000,11423154033847496890
normal-o3,1,256,suffix-1,4096,direct-c,0,1048576,1048576,1,15694000,11423154033847496890
normal-o3,1,256,suffix-1,4096,reverse-c,0,1048576,1048576,1,34428000,11423154033847496890
normal-o3,1,256,suffix-1,4096,whitefoot,0,1048576,1048576,1,21067000,11423154033847496890
normal-o3,1,256,suffix-1,4096,rust-vec,1,1048576,1048576,1,15987000,18279605564934372348
normal-o3,1,256,suffix-1,4096,take-swap-c,1,1048576,1048576,1,17689000,18279605564934372348
normal-o3,1,256,suffix-1,4096,swap-take-c,1,1048576,1048576,1,34530000,18279605564934372348
normal-o3,1,256,suffix-1,4096,direct-c,1,1048576,1048576,1,15819000,18279605564934372348
normal-o3,1,256,suffix-1,4096,reverse-c,1,1048576,1048576,1,34440000,18279605564934372348
normal-o3,1,256,suffix-1,4096,whitefoot,1,1048576,1048576,1,35907000,18279605564934372348
normal-o3,1,256,suffix-1,4096,cpp-std-vector,1,1048576,1048576,1,16622000,18279605564934372348
normal-o3,1,256,suffix-1,4096,take-swap-c,2,1048576,1048576,1,17649000,6689313022311696190
normal-o3,1,256,suffix-1,4096,swap-take-c,2,1048576,1048576,1,35719000,6689313022311696190
normal-o3,1,256,suffix-1,4096,direct-c,2,1048576,1048576,1,16334000,6689313022311696190
normal-o3,1,256,suffix-1,4096,reverse-c,2,1048576,1048576,1,35278000,6689313022311696190
normal-o3,1,256,suffix-1,4096,whitefoot,2,1048576,1048576,1,30527000,6689313022311696190
normal-o3,1,256,suffix-1,4096,cpp-std-vector,2,1048576,1048576,1,16775000,6689313022311696190
normal-o3,1,256,suffix-1,4096,rust-vec,2,1048576,1048576,1,15942000,6689313022311696190
normal-o3,1,256,suffix-1,4096,swap-take-c,3,1048576,1048576,1,35158000,13545764553398571648
normal-o3,1,256,suffix-1,4096,direct-c,3,1048576,1048576,1,16244000,13545764553398571648
normal-o3,1,256,suffix-1,4096,reverse-c,3,1048576,1048576,1,34593000,13545764553398571648
normal-o3,1,256,suffix-1,4096,whitefoot,3,1048576,1048576,1,35882000,13545764553398571648
normal-o3,1,256,suffix-1,4096,cpp-std-vector,3,1048576,1048576,1,16588000,13545764553398571648
normal-o3,1,256,suffix-1,4096,rust-vec,3,1048576,1048576,1,15889000,13545764553398571648
normal-o3,1,256,suffix-1,4096,take-swap-c,3,1048576,1048576,1,17815000,13545764553398571648
normal-o3,1,256,suffix-1,4096,direct-c,4,1048576,1048576,1,16148000,1955472010775895490
normal-o3,1,256,suffix-1,4096,reverse-c,4,1048576,1048576,1,35750000,1955472010775895490
normal-o3,1,256,suffix-1,4096,whitefoot,4,1048576,1048576,1,23485000,1955472010775895490
normal-o3,1,256,suffix-1,4096,cpp-std-vector,4,1048576,1048576,1,16728000,1955472010775895490
normal-o3,1,256,suffix-1,4096,rust-vec,4,1048576,1048576,1,15944000,1955472010775895490
normal-o3,1,256,suffix-1,4096,take-swap-c,4,1048576,1048576,1,17698000,1955472010775895490
normal-o3,1,256,suffix-1,4096,swap-take-c,4,1048576,1048576,1,34589000,1955472010775895490
normal-o3,1,256,suffix-1,4096,reverse-c,5,1048576,1048576,1,34510000,8811923541862770948
normal-o3,1,256,suffix-1,4096,whitefoot,5,1048576,1048576,1,18943000,8811923541862770948
normal-o3,1,256,suffix-1,4096,cpp-std-vector,5,1048576,1048576,1,16704000,8811923541862770948
normal-o3,1,256,suffix-1,4096,rust-vec,5,1048576,1048576,1,15874000,8811923541862770948
normal-o3,1,256,suffix-1,4096,take-swap-c,5,1048576,1048576,1,18159000,8811923541862770948
normal-o3,1,256,suffix-1,4096,swap-take-c,5,1048576,1048576,1,34925000,8811923541862770948
normal-o3,1,256,suffix-1,4096,direct-c,5,1048576,1048576,1,15731000,8811923541862770948
normal-o3,1,256,suffix-1,4096,whitefoot,6,1048576,1048576,1,35915000,15668375072949646406
normal-o3,1,256,suffix-1,4096,cpp-std-vector,6,1048576,1048576,1,16625000,15668375072949646406
normal-o3,1,256,suffix-1,4096,rust-vec,6,1048576,1048576,1,15881000,15668375072949646406
normal-o3,1,256,suffix-1,4096,take-swap-c,6,1048576,1048576,1,17649000,15668375072949646406
normal-o3,1,256,suffix-1,4096,swap-take-c,6,1048576,1048576,1,34507000,15668375072949646406
normal-o3,1,256,suffix-1,4096,direct-c,6,1048576,1048576,1,15728000,15668375072949646406
normal-o3,1,256,suffix-1,4096,reverse-c,6,1048576,1048576,1,34526000,15668375072949646406
normal-o3,1,256,suffix-2,16,cpp-std-vector,0,1048576,524288,1,21595000,7440959976666623466
normal-o3,1,256,suffix-2,16,rust-vec,0,1048576,524288,1,21654000,7440959976666623466
normal-o3,1,256,suffix-2,16,take-swap-c,0,1048576,524288,1,22022000,7440959976666623466
normal-o3,1,256,suffix-2,16,swap-take-c,0,1048576,524288,1,35656000,7440959976666623466
normal-o3,1,256,suffix-2,16,direct-c,0,1048576,524288,1,21641000,7440959976666623466
normal-o3,1,256,suffix-2,16,reverse-c,0,1048576,524288,1,35614000,7440959976666623466
normal-o3,1,256,suffix-2,16,whitefoot,0,1048576,524288,1,21721000,7440959976666623466
normal-o3,1,256,suffix-2,16,rust-vec,1,1048576,524288,1,22217000,5917089180867772268
normal-o3,1,256,suffix-2,16,take-swap-c,1,1048576,524288,1,22021000,5917089180867772268
normal-o3,1,256,suffix-2,16,swap-take-c,1,1048576,524288,1,36074000,5917089180867772268
normal-o3,1,256,suffix-2,16,direct-c,1,1048576,524288,1,21769000,5917089180867772268
normal-o3,1,256,suffix-2,16,reverse-c,1,1048576,524288,1,35887000,5917089180867772268
normal-o3,1,256,suffix-2,16,whitefoot,1,1048576,524288,1,21902000,5917089180867772268
normal-o3,1,256,suffix-2,16,cpp-std-vector,1,1048576,524288,1,21906000,5917089180867772268
normal-o3,1,256,suffix-2,16,take-swap-c,2,1048576,524288,1,22036000,4393218385068921070
normal-o3,1,256,suffix-2,16,swap-take-c,2,1048576,524288,1,36863000,4393218385068921070
normal-o3,1,256,suffix-2,16,direct-c,2,1048576,524288,1,22534000,4393218385068921070
normal-o3,1,256,suffix-2,16,reverse-c,2,1048576,524288,1,36199000,4393218385068921070
normal-o3,1,256,suffix-2,16,whitefoot,2,1048576,524288,1,21529000,4393218385068921070
normal-o3,1,256,suffix-2,16,cpp-std-vector,2,1048576,524288,1,21650000,4393218385068921070
normal-o3,1,256,suffix-2,16,rust-vec,2,1048576,524288,1,21656000,4393218385068921070
normal-o3,1,256,suffix-2,16,swap-take-c,3,1048576,524288,1,35631000,2869347589270069872
normal-o3,1,256,suffix-2,16,direct-c,3,1048576,524288,1,21659000,2869347589270069872
normal-o3,1,256,suffix-2,16,reverse-c,3,1048576,524288,1,35649000,2869347589270069872
normal-o3,1,256,suffix-2,16,whitefoot,3,1048576,524288,1,21586000,2869347589270069872
normal-o3,1,256,suffix-2,16,cpp-std-vector,3,1048576,524288,1,21615000,2869347589270069872
normal-o3,1,256,suffix-2,16,rust-vec,3,1048576,524288,1,21619000,2869347589270069872
normal-o3,1,256,suffix-2,16,take-swap-c,3,1048576,524288,1,21881000,2869347589270069872
normal-o3,1,256,suffix-2,16,direct-c,4,1048576,524288,1,21647000,1345476793471218674
normal-o3,1,256,suffix-2,16,reverse-c,4,1048576,524288,1,35684000,1345476793471218674
normal-o3,1,256,suffix-2,16,whitefoot,4,1048576,524288,1,21500000,1345476793471218674
normal-o3,1,256,suffix-2,16,cpp-std-vector,4,1048576,524288,1,21700000,1345476793471218674
normal-o3,1,256,suffix-2,16,rust-vec,4,1048576,524288,1,21621000,1345476793471218674
normal-o3,1,256,suffix-2,16,take-swap-c,4,1048576,524288,1,21890000,1345476793471218674
normal-o3,1,256,suffix-2,16,swap-take-c,4,1048576,524288,1,35631000,1345476793471218674
normal-o3,1,256,suffix-2,16,reverse-c,5,1048576,524288,1,35682000,18268350071381919092
normal-o3,1,256,suffix-2,16,whitefoot,5,1048576,524288,1,21553000,18268350071381919092
normal-o3,1,256,suffix-2,16,cpp-std-vector,5,1048576,524288,1,21595000,18268350071381919092
normal-o3,1,256,suffix-2,16,rust-vec,5,1048576,524288,1,21603000,18268350071381919092
normal-o3,1,256,suffix-2,16,take-swap-c,5,1048576,524288,1,22078000,18268350071381919092
normal-o3,1,256,suffix-2,16,swap-take-c,5,1048576,524288,1,35678000,18268350071381919092
normal-o3,1,256,suffix-2,16,direct-c,5,1048576,524288,1,21623000,18268350071381919092
normal-o3,1,256,suffix-2,16,whitefoot,6,1048576,524288,1,21618000,16744479275583067894
normal-o3,1,256,suffix-2,16,cpp-std-vector,6,1048576,524288,1,21554000,16744479275583067894
normal-o3,1,256,suffix-2,16,rust-vec,6,1048576,524288,1,21683000,16744479275583067894
normal-o3,1,256,suffix-2,16,take-swap-c,6,1048576,524288,1,21938000,16744479275583067894
normal-o3,1,256,suffix-2,16,swap-take-c,6,1048576,524288,1,35691000,16744479275583067894
normal-o3,1,256,suffix-2,16,direct-c,6,1048576,524288,1,22278000,16744479275583067894
normal-o3,1,256,suffix-2,16,reverse-c,6,1048576,524288,1,37445000,16744479275583067894
normal-o3,1,256,suffix-2,256,cpp-std-vector,0,1048576,524288,1,21615000,2462342821806119658
normal-o3,1,256,suffix-2,256,rust-vec,0,1048576,524288,1,21612000,2462342821806119658
normal-o3,1,256,suffix-2,256,take-swap-c,0,1048576,524288,1,21905000,2462342821806119658
normal-o3,1,256,suffix-2,256,swap-take-c,0,1048576,524288,1,35613000,2462342821806119658
normal-o3,1,256,suffix-2,256,direct-c,0,1048576,524288,1,21711000,2462342821806119658
normal-o3,1,256,suffix-2,256,reverse-c,0,1048576,524288,1,35650000,2462342821806119658
normal-o3,1,256,suffix-2,256,whitefoot,0,1048576,524288,1,21661000,2462342821806119658
normal-o3,1,256,suffix-2,256,rust-vec,1,1048576,524288,1,21948000,15413974867576442988
normal-o3,1,256,suffix-2,256,take-swap-c,1,1048576,524288,1,22128000,15413974867576442988
normal-o3,1,256,suffix-2,256,swap-take-c,1,1048576,524288,1,35634000,15413974867576442988
normal-o3,1,256,suffix-2,256,direct-c,1,1048576,524288,1,21621000,15413974867576442988
normal-o3,1,256,suffix-2,256,reverse-c,1,1048576,524288,1,35629000,15413974867576442988
normal-o3,1,256,suffix-2,256,whitefoot,1,1048576,524288,1,21617000,15413974867576442988
normal-o3,1,256,suffix-2,256,cpp-std-vector,1,1048576,524288,1,21653000,15413974867576442988
normal-o3,1,256,suffix-2,256,take-swap-c,2,1048576,524288,1,22059000,9918862839637214702
normal-o3,1,256,suffix-2,256,swap-take-c,2,1048576,524288,1,35598000,9918862839637214702
normal-o3,1,256,suffix-2,256,direct-c,2,1048576,524288,1,21674000,9918862839637214702
normal-o3,1,256,suffix-2,256,reverse-c,2,1048576,524288,1,35664000,9918862839637214702
normal-o3,1,256,suffix-2,256,whitefoot,2,1048576,524288,1,22577000,9918862839637214702
normal-o3,1,256,suffix-2,256,cpp-std-vector,2,1048576,524288,1,22456000,9918862839637214702
normal-o3,1,256,suffix-2,256,rust-vec,2,1048576,524288,1,22403000,9918862839637214702
normal-o3,1,256,suffix-2,256,swap-take-c,3,1048576,524288,1,36441000,4423750811697986416
normal-o3,1,256,suffix-2,256,direct-c,3,1048576,524288,1,22337000,4423750811697986416
normal-o3,1,256,suffix-2,256,reverse-c,3,1048576,524288,1,35875000,4423750811697986416
normal-o3,1,256,suffix-2,256,whitefoot,3,1048576,524288,1,21505000,4423750811697986416
normal-o3,1,256,suffix-2,256,cpp-std-vector,3,1048576,524288,1,21625000,4423750811697986416
normal-o3,1,256,suffix-2,256,rust-vec,3,1048576,524288,1,21608000,4423750811697986416
normal-o3,1,256,suffix-2,256,take-swap-c,3,1048576,524288,1,21940000,4423750811697986416
normal-o3,1,256,suffix-2,256,direct-c,4,1048576,524288,1,21576000,17375382857468309746
normal-o3,1,256,suffix-2,256,reverse-c,4,1048576,524288,1,35640000,17375382857468309746
normal-o3,1,256,suffix-2,256,whitefoot,4,1048576,524288,1,21626000,17375382857468309746
normal-o3,1,256,suffix-2,256,cpp-std-vector,4,1048576,524288,1,21665000,17375382857468309746
normal-o3,1,256,suffix-2,256,rust-vec,4,1048576,524288,1,21547000,17375382857468309746
normal-o3,1,256,suffix-2,256,take-swap-c,4,1048576,524288,1,22040000,17375382857468309746
normal-o3,1,256,suffix-2,256,swap-take-c,4,1048576,524288,1,36792000,17375382857468309746
normal-o3,1,256,suffix-2,256,reverse-c,5,1048576,524288,1,36531000,11880270829529081460
normal-o3,1,256,suffix-2,256,whitefoot,5,1048576,524288,1,22212000,11880270829529081460
normal-o3,1,256,suffix-2,256,cpp-std-vector,5,1048576,524288,1,21669000,11880270829529081460
normal-o3,1,256,suffix-2,256,rust-vec,5,1048576,524288,1,21653000,11880270829529081460
normal-o3,1,256,suffix-2,256,take-swap-c,5,1048576,524288,1,21994000,11880270829529081460
normal-o3,1,256,suffix-2,256,swap-take-c,5,1048576,524288,1,35591000,11880270829529081460
normal-o3,1,256,suffix-2,256,direct-c,5,1048576,524288,1,21669000,11880270829529081460
normal-o3,1,256,suffix-2,256,whitefoot,6,1048576,524288,1,21704000,6385158801589853174
normal-o3,1,256,suffix-2,256,cpp-std-vector,6,1048576,524288,1,21632000,6385158801589853174
normal-o3,1,256,suffix-2,256,rust-vec,6,1048576,524288,1,21780000,6385158801589853174
normal-o3,1,256,suffix-2,256,take-swap-c,6,1048576,524288,1,22348000,6385158801589853174
normal-o3,1,256,suffix-2,256,swap-take-c,6,1048576,524288,1,36907000,6385158801589853174
normal-o3,1,256,suffix-2,256,direct-c,6,1048576,524288,1,21963000,6385158801589853174
normal-o3,1,256,suffix-2,256,reverse-c,6,1048576,524288,1,36210000,6385158801589853174
normal-o3,1,256,suffix-2,4096,cpp-std-vector,0,1048576,524288,1,21816000,9641278357841734378
normal-o3,1,256,suffix-2,4096,rust-vec,0,1048576,524288,1,21715000,9641278357841734378
normal-o3,1,256,suffix-2,4096,take-swap-c,0,1048576,524288,1,22184000,9641278357841734378
normal-o3,1,256,suffix-2,4096,swap-take-c,0,1048576,524288,1,35726000,9641278357841734378
normal-o3,1,256,suffix-2,4096,direct-c,0,1048576,524288,1,21754000,9641278357841734378
normal-o3,1,256,suffix-2,4096,reverse-c,0,1048576,524288,1,36198000,9641278357841734378
normal-o3,1,256,suffix-2,4096,whitefoot,0,1048576,524288,1,22128000,9641278357841734378
normal-o3,1,256,suffix-2,4096,rust-vec,1,1048576,524288,1,22392000,1379187259122409580
normal-o3,1,256,suffix-2,4096,take-swap-c,1,1048576,524288,1,22898000,1379187259122409580
normal-o3,1,256,suffix-2,4096,swap-take-c,1,1048576,524288,1,35899000,1379187259122409580
normal-o3,1,256,suffix-2,4096,direct-c,1,1048576,524288,1,21843000,1379187259122409580
normal-o3,1,256,suffix-2,4096,reverse-c,1,1048576,524288,1,35862000,1379187259122409580
normal-o3,1,256,suffix-2,4096,whitefoot,1,1048576,524288,1,21702000,1379187259122409580
normal-o3,1,256,suffix-2,4096,cpp-std-vector,1,1048576,524288,1,21802000,1379187259122409580
normal-o3,1,256,suffix-2,4096,take-swap-c,2,1048576,524288,1,22106000,11563840234112636398
normal-o3,1,256,suffix-2,4096,swap-take-c,2,1048576,524288,1,37316000,11563840234112636398
normal-o3,1,256,suffix-2,4096,direct-c,2,1048576,524288,1,22902000,11563840234112636398
normal-o3,1,256,suffix-2,4096,reverse-c,2,1048576,524288,1,36116000,11563840234112636398
normal-o3,1,256,suffix-2,4096,whitefoot,2,1048576,524288,1,21715000,11563840234112636398
normal-o3,1,256,suffix-2,4096,cpp-std-vector,2,1048576,524288,1,21732000,11563840234112636398
normal-o3,1,256,suffix-2,4096,rust-vec,2,1048576,524288,1,21850000,11563840234112636398
normal-o3,1,256,suffix-2,4096,swap-take-c,3,1048576,524288,1,36139000,3301749135393311600
normal-o3,1,256,suffix-2,4096,direct-c,3,1048576,524288,1,21715000,3301749135393311600
normal-o3,1,256,suffix-2,4096,reverse-c,3,1048576,524288,1,35889000,3301749135393311600
normal-o3,1,256,suffix-2,4096,whitefoot,3,1048576,524288,1,21755000,3301749135393311600
normal-o3,1,256,suffix-2,4096,cpp-std-vector,3,1048576,524288,1,21817000,3301749135393311600
normal-o3,1,256,suffix-2,4096,rust-vec,3,1048576,524288,1,21722000,3301749135393311600
normal-o3,1,256,suffix-2,4096,take-swap-c,3,1048576,524288,1,22159000,3301749135393311600
normal-o3,1,256,suffix-2,4096,direct-c,4,1048576,524288,1,21823000,13486402110383538418
normal-o3,1,256,suffix-2,4096,reverse-c,4,1048576,524288,1,35823000,13486402110383538418
normal-o3,1,256,suffix-2,4096,whitefoot,4,1048576,524288,1,21731000,13486402110383538418
normal-o3,1,256,suffix-2,4096,cpp-std-vector,4,1048576,524288,1,21747000,13486402110383538418
normal-o3,1,256,suffix-2,4096,rust-vec,4,1048576,524288,1,21803000,13486402110383538418
normal-o3,1,256,suffix-2,4096,take-swap-c,4,1048576,524288,1,22192000,13486402110383538418
normal-o3,1,256,suffix-2,4096,swap-take-c,4,1048576,524288,1,36215000,13486402110383538418
normal-o3,1,256,suffix-2,4096,reverse-c,5,1048576,524288,1,35793000,5224311011664213620
normal-o3,1,256,suffix-2,4096,whitefoot,5,1048576,524288,1,21750000,5224311011664213620
normal-o3,1,256,suffix-2,4096,cpp-std-vector,5,1048576,524288,1,21877000,5224311011664213620
normal-o3,1,256,suffix-2,4096,rust-vec,5,1048576,524288,1,21706000,5224311011664213620
normal-o3,1,256,suffix-2,4096,take-swap-c,5,1048576,524288,1,22184000,5224311011664213620
normal-o3,1,256,suffix-2,4096,swap-take-c,5,1048576,524288,1,36402000,5224311011664213620
normal-o3,1,256,suffix-2,4096,direct-c,5,1048576,524288,1,21827000,5224311011664213620
normal-o3,1,256,suffix-2,4096,whitefoot,6,1048576,524288,1,21705000,15408963986654440438
normal-o3,1,256,suffix-2,4096,cpp-std-vector,6,1048576,524288,1,21827000,15408963986654440438
normal-o3,1,256,suffix-2,4096,rust-vec,6,1048576,524288,1,21788000,15408963986654440438
normal-o3,1,256,suffix-2,4096,take-swap-c,6,1048576,524288,1,22140000,15408963986654440438
normal-o3,1,256,suffix-2,4096,swap-take-c,6,1048576,524288,1,35716000,15408963986654440438
normal-o3,1,256,suffix-2,4096,direct-c,6,1048576,524288,1,21811000,15408963986654440438
normal-o3,1,256,suffix-2,4096,reverse-c,6,1048576,524288,1,35900000,15408963986654440438
normal-o3,1,256,suffix-3,16,cpp-std-vector,0,1048576,349525,1,26097000,1054367555497166597
normal-o3,1,256,suffix-3,16,rust-vec,0,1048576,349525,1,25223000,1054367555497166597
normal-o3,1,256,suffix-3,16,take-swap-c,0,1048576,349525,1,32433000,1054367555497166597
normal-o3,1,256,suffix-3,16,swap-take-c,0,1048576,349525,1,37467000,1054367555497166597
normal-o3,1,256,suffix-3,16,direct-c,0,1048576,349525,1,25361000,1054367555497166597
normal-o3,1,256,suffix-3,16,reverse-c,0,1048576,349525,1,35450000,1054367555497166597
normal-o3,1,256,suffix-3,16,whitefoot,0,1048576,349525,1,25603000,1054367555497166597
normal-o3,1,256,suffix-3,16,rust-vec,1,1048576,349525,1,25047000,5794397202544729692
normal-o3,1,256,suffix-3,16,take-swap-c,1,1048576,349525,1,31111000,5794397202544729692
normal-o3,1,256,suffix-3,16,swap-take-c,1,1048576,349525,1,35389000,5794397202544729692
normal-o3,1,256,suffix-3,16,direct-c,1,1048576,349525,1,25100000,5794397202544729692
normal-o3,1,256,suffix-3,16,reverse-c,1,1048576,349525,1,35410000,5794397202544729692
normal-o3,1,256,suffix-3,16,whitefoot,1,1048576,349525,1,25524000,5794397202544729692
normal-o3,1,256,suffix-3,16,cpp-std-vector,1,1048576,349525,1,28177000,5794397202544729692
normal-o3,1,256,suffix-3,16,take-swap-c,2,1048576,349525,1,31138000,10534426849592292787
normal-o3,1,256,suffix-3,16,swap-take-c,2,1048576,349525,1,35406000,10534426849592292787
normal-o3,1,256,suffix-3,16,direct-c,2,1048576,349525,1,25052000,10534426849592292787
normal-o3,1,256,suffix-3,16,reverse-c,2,1048576,349525,1,35478000,10534426849592292787
normal-o3,1,256,suffix-3,16,whitefoot,2,1048576,349525,1,25405000,10534426849592292787
normal-o3,1,256,suffix-3,16,cpp-std-vector,2,1048576,349525,1,26082000,10534426849592292787
normal-o3,1,256,suffix-3,16,rust-vec,2,1048576,349525,1,25427000,10534426849592292787
normal-o3,1,256,suffix-3,16,swap-take-c,3,1048576,349525,1,35397000,15274456496639855882
normal-o3,1,256,suffix-3,16,direct-c,3,1048576,349525,1,25005000,15274456496639855882
normal-o3,1,256,suffix-3,16,reverse-c,3,1048576,349525,1,35405000,15274456496639855882
normal-o3,1,256,suffix-3,16,whitefoot,3,1048576,349525,1,25502000,15274456496639855882
normal-o3,1,256,suffix-3,16,cpp-std-vector,3,1048576,349525,1,26034000,15274456496639855882
normal-o3,1,256,suffix-3,16,rust-vec,3,1048576,349525,1,25060000,15274456496639855882
normal-o3,1,256,suffix-3,16,take-swap-c,3,1048576,349525,1,31333000,15274456496639855882
normal-o3,1,256,suffix-3,16,direct-c,4,1048576,349525,1,25114000,1567742069977867361
normal-o3,1,256,suffix-3,16,reverse-c,4,1048576,349525,1,35400000,1567742069977867361
normal-o3,1,256,suffix-3,16,whitefoot,4,1048576,349525,1,25449000,1567742069977867361
normal-o3,1,256,suffix-3,16,cpp-std-vector,4,1048576,349525,1,26179000,1567742069977867361
normal-o3,1,256,suffix-3,16,rust-vec,4,1048576,349525,1,25709000,1567742069977867361
normal-o3,1,256,suffix-3,16,take-swap-c,4,1048576,349525,1,32122000,1567742069977867361
normal-o3,1,256,suffix-3,16,swap-take-c,4,1048576,349525,1,35771000,1567742069977867361
normal-o3,1,256,suffix-3,16,reverse-c,5,1048576,349525,1,36174000,6307771717025430456
normal-o3,1,256,suffix-3,16,whitefoot,5,1048576,349525,1,26002000,6307771717025430456
normal-o3,1,256,suffix-3,16,cpp-std-vector,5,1048576,349525,1,26255000,6307771717025430456
normal-o3,1,256,suffix-3,16,rust-vec,5,1048576,349525,1,25401000,6307771717025430456
normal-o3,1,256,suffix-3,16,take-swap-c,5,1048576,349525,1,31542000,6307771717025430456
normal-o3,1,256,suffix-3,16,swap-take-c,5,1048576,349525,1,35558000,6307771717025430456
normal-o3,1,256,suffix-3,16,direct-c,5,1048576,349525,1,25549000,6307771717025430456
normal-o3,1,256,suffix-3,16,whitefoot,6,1048576,349525,1,25447000,11047801364072993551
normal-o3,1,256,suffix-3,16,cpp-std-vector,6,1048576,349525,1,26041000,11047801364072993551
normal-o3,1,256,suffix-3,16,rust-vec,6,1048576,349525,1,25053000,11047801364072993551
normal-o3,1,256,suffix-3,16,take-swap-c,6,1048576,349525,1,31116000,11047801364072993551
normal-o3,1,256,suffix-3,16,swap-take-c,6,1048576,349525,1,35429000,11047801364072993551
normal-o3,1,256,suffix-3,16,direct-c,6,1048576,349525,1,25119000,11047801364072993551
normal-o3,1,256,suffix-3,16,reverse-c,6,1048576,349525,1,35334000,11047801364072993551
normal-o3,1,256,suffix-3,256,cpp-std-vector,0,1048576,349525,1,26094000,15528439189922159621
normal-o3,1,256,suffix-3,256,rust-vec,0,1048576,349525,1,25040000,15528439189922159621
normal-o3,1,256,suffix-3,256,take-swap-c,0,1048576,349525,1,31088000,15528439189922159621
normal-o3,1,256,suffix-3,256,swap-take-c,0,1048576,349525,1,35801000,15528439189922159621
normal-o3,1,256,suffix-3,256,direct-c,0,1048576,349525,1,25884000,15528439189922159621
normal-o3,1,256,suffix-3,256,reverse-c,0,1048576,349525,1,35621000,15528439189922159621
normal-o3,1,256,suffix-3,256,whitefoot,0,1048576,349525,1,25559000,15528439189922159621
normal-o3,1,256,suffix-3,256,rust-vec,1,1048576,349525,1,25026000,6728350532028667740
normal-o3,1,256,suffix-3,256,take-swap-c,1,1048576,349525,1,31448000,6728350532028667740
normal-o3,1,256,suffix-3,256,swap-take-c,1,1048576,349525,1,35458000,6728350532028667740
normal-o3,1,256,suffix-3,256,direct-c,1,1048576,349525,1,25027000,6728350532028667740
normal-o3,1,256,suffix-3,256,reverse-c,1,1048576,349525,1,35483000,6728350532028667740
normal-o3,1,256,suffix-3,256,whitefoot,1,1048576,349525,1,25524000,6728350532028667740
normal-o3,1,256,suffix-3,256,cpp-std-vector,1,1048576,349525,1,26937000,6728350532028667740
normal-o3,1,256,suffix-3,256,take-swap-c,2,1048576,349525,1,31566000,16375005947844727475
normal-o3,1,256,suffix-3,256,swap-take-c,2,1048576,349525,1,35340000,16375005947844727475
normal-o3,1,256,suffix-3,256,direct-c,2,1048576,349525,1,25120000,16375005947844727475
normal-o3,1,256,suffix-3,256,reverse-c,2,1048576,349525,1,35505000,16375005947844727475
normal-o3,1,256,suffix-3,256,whitefoot,2,1048576,349525,1,25509000,16375005947844727475
normal-o3,1,256,suffix-3,256,cpp-std-vector,2,1048576,349525,1,26068000,16375005947844727475
normal-o3,1,256,suffix-3,256,rust-vec,2,1048576,349525,1,25198000,16375005947844727475
normal-o3,1,256,suffix-3,256,swap-take-c,3,1048576,349525,1,35291000,7574917289951235594
normal-o3,1,256,suffix-3,256,direct-c,3,1048576,349525,1,25116000,7574917289951235594
normal-o3,1,256,suffix-3,256,reverse-c,3,1048576,349525,1,35335000,7574917289951235594
normal-o3,1,256,suffix-3,256,whitefoot,3,1048576,349525,1,25467000,7574917289951235594
normal-o3,1,256,suffix-3,256,cpp-std-vector,3,1048576,349525,1,26037000,7574917289951235594
normal-o3,1,256,suffix-3,256,rust-vec,3,1048576,349525,1,24936000,7574917289951235594
normal-o3,1,256,suffix-3,256,take-swap-c,3,1048576,349525,1,31118000,7574917289951235594
normal-o3,1,256,suffix-3,256,direct-c,4,1048576,349525,1,25085000,17221572705767295329
normal-o3,1,256,suffix-3,256,reverse-c,4,1048576,349525,1,35313000,17221572705767295329
normal-o3,1,256,suffix-3,256,whitefoot,4,1048576,349525,1,25379000,17221572705767295329
normal-o3,1,256,suffix-3,256,cpp-std-vector,4,1048576,349525,1,26028000,17221572705767295329
normal-o3,1,256,suffix-3,256,rust-vec,4,1048576,349525,1,25080000,17221572705767295329
normal-o3,1,256,suffix-3,256,take-swap-c,4,1048576,349525,1,31093000,17221572705767295329
normal-o3,1,256,suffix-3,256,swap-take-c,4,1048576,349525,1,35643000,17221572705767295329
normal-o3,1,256,suffix-3,256,reverse-c,5,1048576,349525,1,35360000,8421484047873803448
normal-o3,1,256,suffix-3,256,whitefoot,5,1048576,349525,1,25405000,8421484047873803448
normal-o3,1,256,suffix-3,256,cpp-std-vector,5,1048576,349525,1,26029000,8421484047873803448
normal-o3,1,256,suffix-3,256,rust-vec,5,1048576,349525,1,25139000,8421484047873803448
normal-o3,1,256,suffix-3,256,take-swap-c,5,1048576,349525,1,31082000,8421484047873803448
normal-o3,1,256,suffix-3,256,swap-take-c,5,1048576,349525,1,35319000,8421484047873803448
normal-o3,1,256,suffix-3,256,direct-c,5,1048576,349525,1,24990000,8421484047873803448
normal-o3,1,256,suffix-3,256,whitefoot,6,1048576,349525,1,26029000,18068139463689863183
normal-o3,1,256,suffix-3,256,cpp-std-vector,6,1048576,349525,1,27056000,18068139463689863183
normal-o3,1,256,suffix-3,256,rust-vec,6,1048576,349525,1,25847000,18068139463689863183
normal-o3,1,256,suffix-3,256,take-swap-c,6,1048576,349525,1,31108000,18068139463689863183
normal-o3,1,256,suffix-3,256,swap-take-c,6,1048576,349525,1,35359000,18068139463689863183
normal-o3,1,256,suffix-3,256,direct-c,6,1048576,349525,1,25078000,18068139463689863183
normal-o3,1,256,suffix-3,256,reverse-c,6,1048576,349525,1,35304000,18068139463689863183
normal-o3,1,256,suffix-3,4096,cpp-std-vector,0,1048576,349525,1,26263000,15626320741824457733
normal-o3,1,256,suffix-3,4096,rust-vec,0,1048576,349525,1,25142000,15626320741824457733
normal-o3,1,256,suffix-3,4096,take-swap-c,0,1048576,349525,1,31248000,15626320741824457733
normal-o3,1,256,suffix-3,4096,swap-take-c,0,1048576,349525,1,36192000,15626320741824457733
normal-o3,1,256,suffix-3,4096,direct-c,0,1048576,349525,1,25261000,15626320741824457733
normal-o3,1,256,suffix-3,4096,reverse-c,0,1048576,349525,1,35501000,15626320741824457733
normal-o3,1,256,suffix-3,4096,whitefoot,0,1048576,349525,1,25533000,15626320741824457733
normal-o3,1,256,suffix-3,4096,rust-vec,1,1048576,349525,1,25207000,11900565124691961692
normal-o3,1,256,suffix-3,4096,take-swap-c,1,1048576,349525,1,31251000,11900565124691961692
normal-o3,1,256,suffix-3,4096,swap-take-c,1,1048576,349525,1,35484000,11900565124691961692
normal-o3,1,256,suffix-3,4096,direct-c,1,1048576,349525,1,25272000,11900565124691961692
normal-o3,1,256,suffix-3,4096,reverse-c,1,1048576,349525,1,35675000,11900565124691961692
normal-o3,1,256,suffix-3,4096,whitefoot,1,1048576,349525,1,25606000,11900565124691961692
normal-o3,1,256,suffix-3,4096,cpp-std-vector,1,1048576,349525,1,26127000,11900565124691961692
normal-o3,1,256,suffix-3,4096,take-swap-c,2,1048576,349525,1,31300000,8174809507559465651
normal-o3,1,256,suffix-3,4096,swap-take-c,2,1048576,349525,1,35561000,8174809507559465651
normal-o3,1,256,suffix-3,4096,direct-c,2,1048576,349525,1,25155000,8174809507559465651
normal-o3,1,256,suffix-3,4096,reverse-c,2,1048576,349525,1,35545000,8174809507559465651
normal-o3,1,256,suffix-3,4096,whitefoot,2,1048576,349525,1,25569000,8174809507559465651
normal-o3,1,256,suffix-3,4096,cpp-std-vector,2,1048576,349525,1,26086000,8174809507559465651
normal-o3,1,256,suffix-3,4096,rust-vec,2,1048576,349525,1,25209000,8174809507559465651
normal-o3,1,256,suffix-3,4096,swap-take-c,3,1048576,349525,1,35569000,4449053890426969610
normal-o3,1,256,suffix-3,4096,direct-c,3,1048576,349525,1,25206000,4449053890426969610
normal-o3,1,256,suffix-3,4096,reverse-c,3,1048576,349525,1,36410000,4449053890426969610
normal-o3,1,256,suffix-3,4096,whitefoot,3,1048576,349525,1,26774000,4449053890426969610
normal-o3,1,256,suffix-3,4096,cpp-std-vector,3,1048576,349525,1,26868000,4449053890426969610
normal-o3,1,256,suffix-3,4096,rust-vec,3,1048576,349525,1,25177000,4449053890426969610
normal-o3,1,256,suffix-3,4096,take-swap-c,3,1048576,349525,1,31247000,4449053890426969610
normal-o3,1,256,suffix-3,4096,direct-c,4,1048576,349525,1,25272000,723298273294473569
normal-o3,1,256,suffix-3,4096,reverse-c,4,1048576,349525,1,35534000,723298273294473569
normal-o3,1,256,suffix-3,4096,whitefoot,4,1048576,349525,1,25542000,723298273294473569
normal-o3,1,256,suffix-3,4096,cpp-std-vector,4,1048576,349525,1,26139000,723298273294473569
normal-o3,1,256,suffix-3,4096,rust-vec,4,1048576,349525,1,25473000,723298273294473569
normal-o3,1,256,suffix-3,4096,take-swap-c,4,1048576,349525,1,31229000,723298273294473569
normal-o3,1,256,suffix-3,4096,swap-take-c,4,1048576,349525,1,35504000,723298273294473569
normal-o3,1,256,suffix-3,4096,reverse-c,5,1048576,349525,1,35786000,15444286729871529144
normal-o3,1,256,suffix-3,4096,whitefoot,5,1048576,349525,1,25546000,15444286729871529144
normal-o3,1,256,suffix-3,4096,cpp-std-vector,5,1048576,349525,1,26279000,15444286729871529144
normal-o3,1,256,suffix-3,4096,rust-vec,5,1048576,349525,1,25186000,15444286729871529144
normal-o3,1,256,suffix-3,4096,take-swap-c,5,1048576,349525,1,32084000,15444286729871529144
normal-o3,1,256,suffix-3,4096,swap-take-c,5,1048576,349525,1,36852000,15444286729871529144
normal-o3,1,256,suffix-3,4096,direct-c,5,1048576,349525,1,25804000,15444286729871529144
normal-o3,1,256,suffix-3,4096,whitefoot,6,1048576,349525,1,26490000,11718531112739033103
normal-o3,1,256,suffix-3,4096,cpp-std-vector,6,1048576,349525,1,27298000,11718531112739033103
normal-o3,1,256,suffix-3,4096,rust-vec,6,1048576,349525,1,25956000,11718531112739033103
normal-o3,1,256,suffix-3,4096,take-swap-c,6,1048576,349525,1,32048000,11718531112739033103
normal-o3,1,256,suffix-3,4096,swap-take-c,6,1048576,349525,1,36560000,11718531112739033103
normal-o3,1,256,suffix-3,4096,direct-c,6,1048576,349525,1,25992000,11718531112739033103
normal-o3,1,256,suffix-3,4096,reverse-c,6,1048576,349525,1,36586000,11718531112739033103
