contract,cohort,element_bytes,path,count,variant,sample,work,rounds,traces,elapsed_ns,checksum
normal-o3,0,8,reserved,16,whitefoot,0,1048576,65536,1,3243000,1613149332516896869
normal-o3,0,8,reserved,16,reverse-c,0,1048576,65536,1,3995000,1613149332516896869
normal-o3,0,8,reserved,16,direct-c,0,1048576,65536,1,3242000,1613149332516896869
normal-o3,0,8,reserved,16,swap-take-c,0,1048576,65536,1,3779000,1613149332516896869
normal-o3,0,8,reserved,16,take-swap-c,0,1048576,65536,1,3958000,1613149332516896869
normal-o3,0,8,reserved,16,rust-vec,0,1048576,65536,1,2385000,1613149332516896869
normal-o3,0,8,reserved,16,cpp-std-vector,0,1048576,65536,1,3158000,1613149332516896869
normal-o3,0,8,reserved,16,reverse-c,1,1048576,65536,1,4021000,15534383740606742630
normal-o3,0,8,reserved,16,direct-c,1,1048576,65536,1,3237000,15534383740606742630
normal-o3,0,8,reserved,16,swap-take-c,1,1048576,65536,1,3778000,15534383740606742630
normal-o3,0,8,reserved,16,take-swap-c,1,1048576,65536,1,3680000,15534383740606742630
normal-o3,0,8,reserved,16,rust-vec,1,1048576,65536,1,2379000,15534383740606742630
normal-o3,0,8,reserved,16,cpp-std-vector,1,1048576,65536,1,3182000,15534383740606742630
normal-o3,0,8,reserved,16,whitefoot,1,1048576,65536,1,3060000,15534383740606742630
normal-o3,0,8,reserved,16,direct-c,2,1048576,65536,1,3237000,11203551505675976807
normal-o3,0,8,reserved,16,swap-take-c,2,1048576,65536,1,3779000,11203551505675976807
normal-o3,0,8,reserved,16,take-swap-c,2,1048576,65536,1,3679000,11203551505675976807
normal-o3,0,8,reserved,16,rust-vec,2,1048576,65536,1,2430000,11203551505675976807
normal-o3,0,8,reserved,16,cpp-std-vector,2,1048576,65536,1,3196000,11203551505675976807
normal-o3,0,8,reserved,16,whitefoot,2,1048576,65536,1,3065000,11203551505675976807
normal-o3,0,8,reserved,16,reverse-c,2,1048576,65536,1,3990000,11203551505675976807
normal-o3,0,8,reserved,16,swap-take-c,3,1048576,65536,1,3779000,598448321840808040
normal-o3,0,8,reserved,16,take-swap-c,3,1048576,65536,1,3683000,598448321840808040
normal-o3,0,8,reserved,16,rust-vec,3,1048576,65536,1,2384000,598448321840808040
normal-o3,0,8,reserved,16,cpp-std-vector,3,1048576,65536,1,3137000,598448321840808040
normal-o3,0,8,reserved,16,whitefoot,3,1048576,65536,1,3095000,598448321840808040
normal-o3,0,8,reserved,16,reverse-c,3,1048576,65536,1,3949000,598448321840808040
normal-o3,0,8,reserved,16,direct-c,3,1048576,65536,1,3303000,598448321840808040
normal-o3,0,8,reserved,16,take-swap-c,4,1048576,65536,1,3685000,3717605000514633833
normal-o3,0,8,reserved,16,rust-vec,4,1048576,65536,1,2384000,3717605000514633833
normal-o3,0,8,reserved,16,cpp-std-vector,4,1048576,65536,1,3152000,3717605000514633833
normal-o3,0,8,reserved,16,whitefoot,4,1048576,65536,1,3056000,3717605000514633833
normal-o3,0,8,reserved,16,reverse-c,4,1048576,65536,1,3943000,3717605000514633833
normal-o3,0,8,reserved,16,direct-c,4,1048576,65536,1,3242000,3717605000514633833
normal-o3,0,8,reserved,16,swap-take-c,4,1048576,65536,1,3779000,3717605000514633833
normal-o3,0,8,reserved,16,rust-vec,5,1048576,65536,1,2379000,7745013020975693930
normal-o3,0,8,reserved,16,cpp-std-vector,5,1048576,65536,1,3186000,7745013020975693930
normal-o3,0,8,reserved,16,whitefoot,5,1048576,65536,1,3073000,7745013020975693930
normal-o3,0,8,reserved,16,reverse-c,5,1048576,65536,1,3998000,7745013020975693930
normal-o3,0,8,reserved,16,direct-c,5,1048576,65536,1,3237000,7745013020975693930
normal-o3,0,8,reserved,16,swap-take-c,5,1048576,65536,1,3785000,7745013020975693930
normal-o3,0,8,reserved,16,take-swap-c,5,1048576,65536,1,3673000,7745013020975693930
normal-o3,0,8,reserved,16,cpp-std-vector,6,1048576,65536,1,3136000,6351481337365135467
normal-o3,0,8,reserved,16,whitefoot,6,1048576,65536,1,3061000,6351481337365135467
normal-o3,0,8,reserved,16,reverse-c,6,1048576,65536,1,3956000,6351481337365135467
normal-o3,0,8,reserved,16,direct-c,6,1048576,65536,1,3235000,6351481337365135467
normal-o3,0,8,reserved,16,swap-take-c,6,1048576,65536,1,3788000,6351481337365135467
normal-o3,0,8,reserved,16,take-swap-c,6,1048576,65536,1,3735000,6351481337365135467
normal-o3,0,8,reserved,16,rust-vec,6,1048576,65536,1,2382000,6351481337365135467
normal-o3,0,8,reserved,256,whitefoot,0,1048576,4096,1,1700000,1498897996573024357
normal-o3,0,8,reserved,256,reverse-c,0,1048576,4096,1,3208000,1498897996573024357
normal-o3,0,8,reserved,256,direct-c,0,1048576,4096,1,1701000,1498897996573024357
normal-o3,0,8,reserved,256,swap-take-c,0,1048576,4096,1,2213000,1498897996573024357
normal-o3,0,8,reserved,256,take-swap-c,0,1048576,4096,1,2148000,1498897996573024357
normal-o3,0,8,reserved,256,rust-vec,0,1048576,4096,1,1545000,1498897996573024357
normal-o3,0,8,reserved,256,cpp-std-vector,0,1048576,4096,1,2108000,1498897996573024357
normal-o3,0,8,reserved,256,reverse-c,1,1048576,4096,1,3207000,7707534785925595238
normal-o3,0,8,reserved,256,direct-c,1,1048576,4096,1,1706000,7707534785925595238
normal-o3,0,8,reserved,256,swap-take-c,1,1048576,4096,1,2215000,7707534785925595238
normal-o3,0,8,reserved,256,take-swap-c,1,1048576,4096,1,2159000,7707534785925595238
normal-o3,0,8,reserved,256,rust-vec,1,1048576,4096,1,1544000,7707534785925595238
normal-o3,0,8,reserved,256,cpp-std-vector,1,1048576,4096,1,2143000,7707534785925595238
normal-o3,0,8,reserved,256,whitefoot,1,1048576,4096,1,1810000,7707534785925595238
normal-o3,0,8,reserved,256,direct-c,2,1048576,4096,1,1774000,5506079726878842983
normal-o3,0,8,reserved,256,swap-take-c,2,1048576,4096,1,2242000,5506079726878842983
normal-o3,0,8,reserved,256,take-swap-c,2,1048576,4096,1,2352000,5506079726878842983
normal-o3,0,8,reserved,256,rust-vec,2,1048576,4096,1,1647000,5506079726878842983
normal-o3,0,8,reserved,256,cpp-std-vector,2,1048576,4096,1,2238000,5506079726878842983
normal-o3,0,8,reserved,256,whitefoot,2,1048576,4096,1,1816000,5506079726878842983
normal-o3,0,8,reserved,256,reverse-c,2,1048576,4096,1,3237000,5506079726878842983
normal-o3,0,8,reserved,256,swap-take-c,3,1048576,4096,1,2197000,5888291873035911272
normal-o3,0,8,reserved,256,take-swap-c,3,1048576,4096,1,2185000,5888291873035911272
normal-o3,0,8,reserved,256,rust-vec,3,1048576,4096,1,1541000,5888291873035911272
normal-o3,0,8,reserved,256,cpp-std-vector,3,1048576,4096,1,2139000,5888291873035911272
normal-o3,0,8,reserved,256,whitefoot,3,1048576,4096,1,1752000,5888291873035911272
normal-o3,0,8,reserved,256,reverse-c,3,1048576,4096,1,3398000,5888291873035911272
normal-o3,0,8,reserved,256,direct-c,3,1048576,4096,1,1779000,5888291873035911272
normal-o3,0,8,reserved,256,take-swap-c,4,1048576,4096,1,2260000,7512286317303570537
normal-o3,0,8,reserved,256,rust-vec,4,1048576,4096,1,1635000,7512286317303570537
normal-o3,0,8,reserved,256,cpp-std-vector,4,1048576,4096,1,2159000,7512286317303570537
normal-o3,0,8,reserved,256,whitefoot,4,1048576,4096,1,1759000,7512286317303570537
normal-o3,0,8,reserved,256,reverse-c,4,1048576,4096,1,3412000,7512286317303570537
normal-o3,0,8,reserved,256,direct-c,4,1048576,4096,1,1757000,7512286317303570537
normal-o3,0,8,reserved,256,swap-take-c,4,1048576,4096,1,2224000,7512286317303570537
normal-o3,0,8,reserved,256,rust-vec,5,1048576,4096,1,1590000,13357584908658163818
normal-o3,0,8,reserved,256,cpp-std-vector,5,1048576,4096,1,2193000,13357584908658163818
normal-o3,0,8,reserved,256,whitefoot,5,1048576,4096,1,1701000,13357584908658163818
normal-o3,0,8,reserved,256,reverse-c,5,1048576,4096,1,3200000,13357584908658163818
normal-o3,0,8,reserved,256,direct-c,5,1048576,4096,1,1696000,13357584908658163818
normal-o3,0,8,reserved,256,swap-take-c,5,1048576,4096,1,2096000,13357584908658163818
normal-o3,0,8,reserved,256,take-swap-c,5,1048576,4096,1,2167000,13357584908658163818
normal-o3,0,8,reserved,256,cpp-std-vector,6,1048576,4096,1,2126000,10011933332678926443
normal-o3,0,8,reserved,256,whitefoot,6,1048576,4096,1,1706000,10011933332678926443
normal-o3,0,8,reserved,256,reverse-c,6,1048576,4096,1,3202000,10011933332678926443
normal-o3,0,8,reserved,256,direct-c,6,1048576,4096,1,1715000,10011933332678926443
normal-o3,0,8,reserved,256,swap-take-c,6,1048576,4096,1,2101000,10011933332678926443
normal-o3,0,8,reserved,256,take-swap-c,6,1048576,4096,1,2189000,10011933332678926443
normal-o3,0,8,reserved,256,rust-vec,6,1048576,4096,1,1542000,10011933332678926443
normal-o3,0,8,reserved,4096,whitefoot,0,1048576,256,1,1671000,2256710881311081573
normal-o3,0,8,reserved,4096,reverse-c,0,1048576,256,1,2828000,2256710881311081573
normal-o3,0,8,reserved,4096,direct-c,0,1048576,256,1,1641000,2256710881311081573
normal-o3,0,8,reserved,4096,swap-take-c,0,1048576,256,1,2152000,2256710881311081573
normal-o3,0,8,reserved,4096,take-swap-c,0,1048576,256,1,2048000,2256710881311081573
normal-o3,0,8,reserved,4096,rust-vec,0,1048576,256,1,1529000,2256710881311081573
normal-o3,0,8,reserved,4096,cpp-std-vector,0,1048576,256,1,2107000,2256710881311081573
normal-o3,0,8,reserved,4096,reverse-c,1,1048576,256,1,2875000,6904654748820097126
normal-o3,0,8,reserved,4096,direct-c,1,1048576,256,1,1638000,6904654748820097126
normal-o3,0,8,reserved,4096,swap-take-c,1,1048576,256,1,2147000,6904654748820097126
normal-o3,0,8,reserved,4096,take-swap-c,1,1048576,256,1,2050000,6904654748820097126
normal-o3,0,8,reserved,4096,rust-vec,1,1048576,256,1,1532000,6904654748820097126
normal-o3,0,8,reserved,4096,cpp-std-vector,1,1048576,256,1,2049000,6904654748820097126
normal-o3,0,8,reserved,4096,whitefoot,1,1048576,256,1,1668000,6904654748820097126
normal-o3,0,8,reserved,4096,direct-c,2,1048576,256,1,1675000,16426223538089053287
normal-o3,0,8,reserved,4096,swap-take-c,2,1048576,256,1,2143000,16426223538089053287
normal-o3,0,8,reserved,4096,take-swap-c,2,1048576,256,1,2053000,16426223538089053287
normal-o3,0,8,reserved,4096,rust-vec,2,1048576,256,1,1528000,16426223538089053287
normal-o3,0,8,reserved,4096,cpp-std-vector,2,1048576,256,1,2108000,16426223538089053287
normal-o3,0,8,reserved,4096,whitefoot,2,1048576,256,1,1665000,16426223538089053287
normal-o3,0,8,reserved,4096,reverse-c,2,1048576,256,1,2845000,16426223538089053287
normal-o3,0,8,reserved,4096,swap-take-c,3,1048576,256,1,2143000,9531859752620511336
normal-o3,0,8,reserved,4096,take-swap-c,3,1048576,256,1,2079000,9531859752620511336
normal-o3,0,8,reserved,4096,rust-vec,3,1048576,256,1,1582000,9531859752620511336
normal-o3,0,8,reserved,4096,cpp-std-vector,3,1048576,256,1,2039000,9531859752620511336
normal-o3,0,8,reserved,4096,whitefoot,3,1048576,256,1,1667000,9531859752620511336
normal-o3,0,8,reserved,4096,reverse-c,3,1048576,256,1,2840000,9531859752620511336
normal-o3,0,8,reserved,4096,direct-c,3,1048576,256,1,1676000,9531859752620511336
normal-o3,0,8,reserved,4096,take-swap-c,4,1048576,256,1,2051000,14830550356061344873
normal-o3,0,8,reserved,4096,rust-vec,4,1048576,256,1,1527000,14830550356061344873
normal-o3,0,8,reserved,4096,cpp-std-vector,4,1048576,256,1,2110000,14830550356061344873
normal-o3,0,8,reserved,4096,whitefoot,4,1048576,256,1,1665000,14830550356061344873
normal-o3,0,8,reserved,4096,reverse-c,4,1048576,256,1,2848000,14830550356061344873
normal-o3,0,8,reserved,4096,direct-c,4,1048576,256,1,1638000,14830550356061344873
normal-o3,0,8,reserved,4096,swap-take-c,4,1048576,256,1,2142000,14830550356061344873
normal-o3,0,8,reserved,4096,rust-vec,5,1048576,256,1,1528000,11014393161628833898
normal-o3,0,8,reserved,4096,cpp-std-vector,5,1048576,256,1,2098000,11014393161628833898
normal-o3,0,8,reserved,4096,whitefoot,5,1048576,256,1,1668000,11014393161628833898
normal-o3,0,8,reserved,4096,reverse-c,5,1048576,256,1,2915000,11014393161628833898
normal-o3,0,8,reserved,4096,direct-c,5,1048576,256,1,1657000,11014393161628833898
normal-o3,0,8,reserved,4096,swap-take-c,5,1048576,256,1,2144000,11014393161628833898
normal-o3,0,8,reserved,4096,take-swap-c,5,1048576,256,1,2051000,11014393161628833898
normal-o3,0,8,reserved,4096,cpp-std-vector,6,1048576,256,1,2150000,3531045655943011435
normal-o3,0,8,reserved,4096,whitefoot,6,1048576,256,1,1736000,3531045655943011435
normal-o3,0,8,reserved,4096,reverse-c,6,1048576,256,1,3003000,3531045655943011435
normal-o3,0,8,reserved,4096,direct-c,6,1048576,256,1,1741000,3531045655943011435
normal-o3,0,8,reserved,4096,swap-take-c,6,1048576,256,1,2214000,3531045655943011435
normal-o3,0,8,reserved,4096,take-swap-c,6,1048576,256,1,2115000,3531045655943011435
normal-o3,0,8,reserved,4096,rust-vec,6,1048576,256,1,1574000,3531045655943011435
normal-o3,0,8,growth,16,whitefoot,0,1048576,65536,1,10534000,1613149332516896869
normal-o3,0,8,growth,16,reverse-c,0,1048576,65536,1,11175000,1613149332516896869
normal-o3,0,8,growth,16,direct-c,0,1048576,65536,1,10526000,1613149332516896869
normal-o3,0,8,growth,16,swap-take-c,0,1048576,65536,1,10710000,1613149332516896869
normal-o3,0,8,growth,16,take-swap-c,0,1048576,65536,1,10515000,1613149332516896869
normal-o3,0,8,growth,16,rust-vec,0,1048576,65536,1,9464000,1613149332516896869
normal-o3,0,8,growth,16,cpp-std-vector,0,1048576,65536,1,9842000,1613149332516896869
normal-o3,0,8,growth,16,reverse-c,1,1048576,65536,1,10838000,15534383740606742630
normal-o3,0,8,growth,16,direct-c,1,1048576,65536,1,10119000,15534383740606742630
normal-o3,0,8,growth,16,swap-take-c,1,1048576,65536,1,10973000,15534383740606742630
normal-o3,0,8,growth,16,take-swap-c,1,1048576,65536,1,10527000,15534383740606742630
normal-o3,0,8,growth,16,rust-vec,1,1048576,65536,1,9094000,15534383740606742630
normal-o3,0,8,growth,16,cpp-std-vector,1,1048576,65536,1,9559000,15534383740606742630
normal-o3,0,8,growth,16,whitefoot,1,1048576,65536,1,10227000,15534383740606742630
normal-o3,0,8,growth,16,direct-c,2,1048576,65536,1,10225000,11203551505675976807
normal-o3,0,8,growth,16,swap-take-c,2,1048576,65536,1,10566000,11203551505675976807
normal-o3,0,8,growth,16,take-swap-c,2,1048576,65536,1,10435000,11203551505675976807
normal-o3,0,8,growth,16,rust-vec,2,1048576,65536,1,9141000,11203551505675976807
normal-o3,0,8,growth,16,cpp-std-vector,2,1048576,65536,1,9555000,11203551505675976807
normal-o3,0,8,growth,16,whitefoot,2,1048576,65536,1,10159000,11203551505675976807
normal-o3,0,8,growth,16,reverse-c,2,1048576,65536,1,10852000,11203551505675976807
normal-o3,0,8,growth,16,swap-take-c,3,1048576,65536,1,10623000,598448321840808040
normal-o3,0,8,growth,16,take-swap-c,3,1048576,65536,1,10473000,598448321840808040
normal-o3,0,8,growth,16,rust-vec,3,1048576,65536,1,9090000,598448321840808040
normal-o3,0,8,growth,16,cpp-std-vector,3,1048576,65536,1,9623000,598448321840808040
normal-o3,0,8,growth,16,whitefoot,3,1048576,65536,1,10199000,598448321840808040
normal-o3,0,8,growth,16,reverse-c,3,1048576,65536,1,10823000,598448321840808040
normal-o3,0,8,growth,16,direct-c,3,1048576,65536,1,10564000,598448321840808040
normal-o3,0,8,growth,16,take-swap-c,4,1048576,65536,1,10464000,3717605000514633833
normal-o3,0,8,growth,16,rust-vec,4,1048576,65536,1,9105000,3717605000514633833
normal-o3,0,8,growth,16,cpp-std-vector,4,1048576,65536,1,9549000,3717605000514633833
normal-o3,0,8,growth,16,whitefoot,4,1048576,65536,1,10240000,3717605000514633833
normal-o3,0,8,growth,16,reverse-c,4,1048576,65536,1,10821000,3717605000514633833
normal-o3,0,8,growth,16,direct-c,4,1048576,65536,1,10056000,3717605000514633833
normal-o3,0,8,growth,16,swap-take-c,4,1048576,65536,1,10595000,3717605000514633833
normal-o3,0,8,growth,16,rust-vec,5,1048576,65536,1,9095000,7745013020975693930
normal-o3,0,8,growth,16,cpp-std-vector,5,1048576,65536,1,9552000,7745013020975693930
normal-o3,0,8,growth,16,whitefoot,5,1048576,65536,1,10208000,7745013020975693930
normal-o3,0,8,growth,16,reverse-c,5,1048576,65536,1,10839000,7745013020975693930
normal-o3,0,8,growth,16,direct-c,5,1048576,65536,1,10121000,7745013020975693930
normal-o3,0,8,growth,16,swap-take-c,5,1048576,65536,1,10626000,7745013020975693930
normal-o3,0,8,growth,16,take-swap-c,5,1048576,65536,1,10485000,7745013020975693930
normal-o3,0,8,growth,16,cpp-std-vector,6,1048576,65536,1,9554000,6351481337365135467
normal-o3,0,8,growth,16,whitefoot,6,1048576,65536,1,10185000,6351481337365135467
normal-o3,0,8,growth,16,reverse-c,6,1048576,65536,1,10873000,6351481337365135467
normal-o3,0,8,growth,16,direct-c,6,1048576,65536,1,10117000,6351481337365135467
normal-o3,0,8,growth,16,swap-take-c,6,1048576,65536,1,10617000,6351481337365135467
normal-o3,0,8,growth,16,take-swap-c,6,1048576,65536,1,10464000,6351481337365135467
normal-o3,0,8,growth,16,rust-vec,6,1048576,65536,1,9177000,6351481337365135467
normal-o3,0,8,growth,256,whitefoot,0,1048576,4096,1,2864000,1498897996573024357
normal-o3,0,8,growth,256,reverse-c,0,1048576,4096,1,4369000,1498897996573024357
normal-o3,0,8,growth,256,direct-c,0,1048576,4096,1,2847000,1498897996573024357
normal-o3,0,8,growth,256,swap-take-c,0,1048576,4096,1,3354000,1498897996573024357
normal-o3,0,8,growth,256,take-swap-c,0,1048576,4096,1,3365000,1498897996573024357
normal-o3,0,8,growth,256,rust-vec,0,1048576,4096,1,2967000,1498897996573024357
normal-o3,0,8,growth,256,cpp-std-vector,0,1048576,4096,1,3263000,1498897996573024357
normal-o3,0,8,growth,256,reverse-c,1,1048576,4096,1,4369000,7707534785925595238
normal-o3,0,8,growth,256,direct-c,1,1048576,4096,1,2864000,7707534785925595238
normal-o3,0,8,growth,256,swap-take-c,1,1048576,4096,1,3258000,7707534785925595238
normal-o3,0,8,growth,256,take-swap-c,1,1048576,4096,1,3380000,7707534785925595238
normal-o3,0,8,growth,256,rust-vec,1,1048576,4096,1,2957000,7707534785925595238
normal-o3,0,8,growth,256,cpp-std-vector,1,1048576,4096,1,3211000,7707534785925595238
normal-o3,0,8,growth,256,whitefoot,1,1048576,4096,1,2871000,7707534785925595238
normal-o3,0,8,growth,256,direct-c,2,1048576,4096,1,2838000,5506079726878842983
normal-o3,0,8,growth,256,swap-take-c,2,1048576,4096,1,3213000,5506079726878842983
normal-o3,0,8,growth,256,take-swap-c,2,1048576,4096,1,3414000,5506079726878842983
normal-o3,0,8,growth,256,rust-vec,2,1048576,4096,1,2944000,5506079726878842983
normal-o3,0,8,growth,256,cpp-std-vector,2,1048576,4096,1,3203000,5506079726878842983
normal-o3,0,8,growth,256,whitefoot,2,1048576,4096,1,2862000,5506079726878842983
normal-o3,0,8,growth,256,reverse-c,2,1048576,4096,1,4358000,5506079726878842983
normal-o3,0,8,growth,256,swap-take-c,3,1048576,4096,1,3352000,5888291873035911272
normal-o3,0,8,growth,256,take-swap-c,3,1048576,4096,1,3369000,5888291873035911272
normal-o3,0,8,growth,256,rust-vec,3,1048576,4096,1,2946000,5888291873035911272
normal-o3,0,8,growth,256,cpp-std-vector,3,1048576,4096,1,3167000,5888291873035911272
normal-o3,0,8,growth,256,whitefoot,3,1048576,4096,1,2881000,5888291873035911272
normal-o3,0,8,growth,256,reverse-c,3,1048576,4096,1,4409000,5888291873035911272
normal-o3,0,8,growth,256,direct-c,3,1048576,4096,1,2836000,5888291873035911272
normal-o3,0,8,growth,256,take-swap-c,4,1048576,4096,1,3296000,7512286317303570537
normal-o3,0,8,growth,256,rust-vec,4,1048576,4096,1,2950000,7512286317303570537
normal-o3,0,8,growth,256,cpp-std-vector,4,1048576,4096,1,3172000,7512286317303570537
normal-o3,0,8,growth,256,whitefoot,4,1048576,4096,1,2855000,7512286317303570537
normal-o3,0,8,growth,256,reverse-c,4,1048576,4096,1,4356000,7512286317303570537
normal-o3,0,8,growth,256,direct-c,4,1048576,4096,1,2836000,7512286317303570537
normal-o3,0,8,growth,256,swap-take-c,4,1048576,4096,1,3338000,7512286317303570537
normal-o3,0,8,growth,256,rust-vec,5,1048576,4096,1,2941000,13357584908658163818
normal-o3,0,8,growth,256,cpp-std-vector,5,1048576,4096,1,3234000,13357584908658163818
normal-o3,0,8,growth,256,whitefoot,5,1048576,4096,1,2862000,13357584908658163818
normal-o3,0,8,growth,256,reverse-c,5,1048576,4096,1,4370000,13357584908658163818
normal-o3,0,8,growth,256,direct-c,5,1048576,4096,1,2944000,13357584908658163818
normal-o3,0,8,growth,256,swap-take-c,5,1048576,4096,1,3353000,13357584908658163818
normal-o3,0,8,growth,256,take-swap-c,5,1048576,4096,1,3342000,13357584908658163818
normal-o3,0,8,growth,256,cpp-std-vector,6,1048576,4096,1,3182000,10011933332678926443
normal-o3,0,8,growth,256,whitefoot,6,1048576,4096,1,2900000,10011933332678926443
normal-o3,0,8,growth,256,reverse-c,6,1048576,4096,1,4367000,10011933332678926443
normal-o3,0,8,growth,256,direct-c,6,1048576,4096,1,2838000,10011933332678926443
normal-o3,0,8,growth,256,swap-take-c,6,1048576,4096,1,3417000,10011933332678926443
normal-o3,0,8,growth,256,take-swap-c,6,1048576,4096,1,3359000,10011933332678926443
normal-o3,0,8,growth,256,rust-vec,6,1048576,4096,1,2942000,10011933332678926443
normal-o3,0,8,growth,4096,whitefoot,0,1048576,256,1,2056000,2256710881311081573
normal-o3,0,8,growth,4096,reverse-c,0,1048576,256,1,3247000,2256710881311081573
normal-o3,0,8,growth,4096,direct-c,0,1048576,256,1,2039000,2256710881311081573
normal-o3,0,8,growth,4096,swap-take-c,0,1048576,256,1,2548000,2256710881311081573
normal-o3,0,8,growth,4096,take-swap-c,0,1048576,256,1,2439000,2256710881311081573
normal-o3,0,8,growth,4096,rust-vec,0,1048576,256,1,1917000,2256710881311081573
normal-o3,0,8,growth,4096,cpp-std-vector,0,1048576,256,1,2363000,2256710881311081573
normal-o3,0,8,growth,4096,reverse-c,1,1048576,256,1,3239000,6904654748820097126
normal-o3,0,8,growth,4096,direct-c,1,1048576,256,1,2045000,6904654748820097126
normal-o3,0,8,growth,4096,swap-take-c,1,1048576,256,1,2611000,6904654748820097126
normal-o3,0,8,growth,4096,take-swap-c,1,1048576,256,1,2447000,6904654748820097126
normal-o3,0,8,growth,4096,rust-vec,1,1048576,256,1,1918000,6904654748820097126
normal-o3,0,8,growth,4096,cpp-std-vector,1,1048576,256,1,2423000,6904654748820097126
normal-o3,0,8,growth,4096,whitefoot,1,1048576,256,1,2059000,6904654748820097126
normal-o3,0,8,growth,4096,direct-c,2,1048576,256,1,2045000,16426223538089053287
normal-o3,0,8,growth,4096,swap-take-c,2,1048576,256,1,2537000,16426223538089053287
normal-o3,0,8,growth,4096,take-swap-c,2,1048576,256,1,2479000,16426223538089053287
normal-o3,0,8,growth,4096,rust-vec,2,1048576,256,1,1925000,16426223538089053287
normal-o3,0,8,growth,4096,cpp-std-vector,2,1048576,256,1,2421000,16426223538089053287
normal-o3,0,8,growth,4096,whitefoot,2,1048576,256,1,2046000,16426223538089053287
normal-o3,0,8,growth,4096,reverse-c,2,1048576,256,1,3254000,16426223538089053287
normal-o3,0,8,growth,4096,swap-take-c,3,1048576,256,1,2546000,9531859752620511336
normal-o3,0,8,growth,4096,take-swap-c,3,1048576,256,1,2464000,9531859752620511336
normal-o3,0,8,growth,4096,rust-vec,3,1048576,256,1,1983000,9531859752620511336
normal-o3,0,8,growth,4096,cpp-std-vector,3,1048576,256,1,2362000,9531859752620511336
normal-o3,0,8,growth,4096,whitefoot,3,1048576,256,1,2051000,9531859752620511336
normal-o3,0,8,growth,4096,reverse-c,3,1048576,256,1,3239000,9531859752620511336
normal-o3,0,8,growth,4096,direct-c,3,1048576,256,1,2047000,9531859752620511336
normal-o3,0,8,growth,4096,take-swap-c,4,1048576,256,1,2458000,14830550356061344873
normal-o3,0,8,growth,4096,rust-vec,4,1048576,256,1,1927000,14830550356061344873
normal-o3,0,8,growth,4096,cpp-std-vector,4,1048576,256,1,2368000,14830550356061344873
normal-o3,0,8,growth,4096,whitefoot,4,1048576,256,1,2057000,14830550356061344873
normal-o3,0,8,growth,4096,reverse-c,4,1048576,256,1,3240000,14830550356061344873
normal-o3,0,8,growth,4096,direct-c,4,1048576,256,1,2042000,14830550356061344873
normal-o3,0,8,growth,4096,swap-take-c,4,1048576,256,1,2537000,14830550356061344873
normal-o3,0,8,growth,4096,rust-vec,5,1048576,256,1,1921000,11014393161628833898
normal-o3,0,8,growth,4096,cpp-std-vector,5,1048576,256,1,2432000,11014393161628833898
normal-o3,0,8,growth,4096,whitefoot,5,1048576,256,1,2071000,11014393161628833898
normal-o3,0,8,growth,4096,reverse-c,5,1048576,256,1,3237000,11014393161628833898
normal-o3,0,8,growth,4096,direct-c,5,1048576,256,1,2040000,11014393161628833898
normal-o3,0,8,growth,4096,swap-take-c,5,1048576,256,1,2549000,11014393161628833898
normal-o3,0,8,growth,4096,take-swap-c,5,1048576,256,1,2467000,11014393161628833898
normal-o3,0,8,growth,4096,cpp-std-vector,6,1048576,256,1,2423000,3531045655943011435
normal-o3,0,8,growth,4096,whitefoot,6,1048576,256,1,2044000,3531045655943011435
normal-o3,0,8,growth,4096,reverse-c,6,1048576,256,1,3244000,3531045655943011435
normal-o3,0,8,growth,4096,direct-c,6,1048576,256,1,2038000,3531045655943011435
normal-o3,0,8,growth,4096,swap-take-c,6,1048576,256,1,2539000,3531045655943011435
normal-o3,0,8,growth,4096,take-swap-c,6,1048576,256,1,2445000,3531045655943011435
normal-o3,0,8,growth,4096,rust-vec,6,1048576,256,1,1926000,3531045655943011435
normal-o3,0,8,reuse,16,whitefoot,0,1048576,65536,1,1235000,1613149332516896869
normal-o3,0,8,reuse,16,reverse-c,0,1048576,65536,1,2437000,1613149332516896869
normal-o3,0,8,reuse,16,direct-c,0,1048576,65536,1,1881000,1613149332516896869
normal-o3,0,8,reuse,16,swap-take-c,0,1048576,65536,1,2028000,1613149332516896869
normal-o3,0,8,reuse,16,take-swap-c,0,1048576,65536,1,2284000,1613149332516896869
normal-o3,0,8,reuse,16,rust-vec,0,1048576,65536,1,1319000,1613149332516896869
normal-o3,0,8,reuse,16,cpp-std-vector,0,1048576,65536,1,2374000,1613149332516896869
normal-o3,0,8,reuse,16,reverse-c,1,1048576,65536,1,2443000,15534383740606742630
normal-o3,0,8,reuse,16,direct-c,1,1048576,65536,1,1895000,15534383740606742630
normal-o3,0,8,reuse,16,swap-take-c,1,1048576,65536,1,2064000,15534383740606742630
normal-o3,0,8,reuse,16,take-swap-c,1,1048576,65536,1,2255000,15534383740606742630
normal-o3,0,8,reuse,16,rust-vec,1,1048576,65536,1,1309000,15534383740606742630
normal-o3,0,8,reuse,16,cpp-std-vector,1,1048576,65536,1,2241000,15534383740606742630
normal-o3,0,8,reuse,16,whitefoot,1,1048576,65536,1,1275000,15534383740606742630
normal-o3,0,8,reuse,16,direct-c,2,1048576,65536,1,1821000,11203551505675976807
normal-o3,0,8,reuse,16,swap-take-c,2,1048576,65536,1,2017000,11203551505675976807
normal-o3,0,8,reuse,16,take-swap-c,2,1048576,65536,1,2244000,11203551505675976807
normal-o3,0,8,reuse,16,rust-vec,2,1048576,65536,1,1366000,11203551505675976807
normal-o3,0,8,reuse,16,cpp-std-vector,2,1048576,65536,1,2338000,11203551505675976807
normal-o3,0,8,reuse,16,whitefoot,2,1048576,65536,1,1303000,11203551505675976807
normal-o3,0,8,reuse,16,reverse-c,2,1048576,65536,1,2424000,11203551505675976807
normal-o3,0,8,reuse,16,swap-take-c,3,1048576,65536,1,2008000,598448321840808040
normal-o3,0,8,reuse,16,take-swap-c,3,1048576,65536,1,2209000,598448321840808040
normal-o3,0,8,reuse,16,rust-vec,3,1048576,65536,1,1340000,598448321840808040
normal-o3,0,8,reuse,16,cpp-std-vector,3,1048576,65536,1,2245000,598448321840808040
normal-o3,0,8,reuse,16,whitefoot,3,1048576,65536,1,1293000,598448321840808040
normal-o3,0,8,reuse,16,reverse-c,3,1048576,65536,1,2389000,598448321840808040
normal-o3,0,8,reuse,16,direct-c,3,1048576,65536,1,1850000,598448321840808040
normal-o3,0,8,reuse,16,take-swap-c,4,1048576,65536,1,2228000,3717605000514633833
normal-o3,0,8,reuse,16,rust-vec,4,1048576,65536,1,1296000,3717605000514633833
normal-o3,0,8,reuse,16,cpp-std-vector,4,1048576,65536,1,2245000,3717605000514633833
normal-o3,0,8,reuse,16,whitefoot,4,1048576,65536,1,1270000,3717605000514633833
normal-o3,0,8,reuse,16,reverse-c,4,1048576,65536,1,2270000,3717605000514633833
normal-o3,0,8,reuse,16,direct-c,4,1048576,65536,1,1760000,3717605000514633833
normal-o3,0,8,reuse,16,swap-take-c,4,1048576,65536,1,1927000,3717605000514633833
normal-o3,0,8,reuse,16,rust-vec,5,1048576,65536,1,1286000,7745013020975693930
normal-o3,0,8,reuse,16,cpp-std-vector,5,1048576,65536,1,2180000,7745013020975693930
normal-o3,0,8,reuse,16,whitefoot,5,1048576,65536,1,1219000,7745013020975693930
normal-o3,0,8,reuse,16,reverse-c,5,1048576,65536,1,2270000,7745013020975693930
normal-o3,0,8,reuse,16,direct-c,5,1048576,65536,1,1765000,7745013020975693930
normal-o3,0,8,reuse,16,swap-take-c,5,1048576,65536,1,1923000,7745013020975693930
normal-o3,0,8,reuse,16,take-swap-c,5,1048576,65536,1,2182000,7745013020975693930
normal-o3,0,8,reuse,16,cpp-std-vector,6,1048576,65536,1,2150000,6351481337365135467
normal-o3,0,8,reuse,16,whitefoot,6,1048576,65536,1,1255000,6351481337365135467
normal-o3,0,8,reuse,16,reverse-c,6,1048576,65536,1,2271000,6351481337365135467
normal-o3,0,8,reuse,16,direct-c,6,1048576,65536,1,1732000,6351481337365135467
normal-o3,0,8,reuse,16,swap-take-c,6,1048576,65536,1,1930000,6351481337365135467
normal-o3,0,8,reuse,16,take-swap-c,6,1048576,65536,1,2128000,6351481337365135467
normal-o3,0,8,reuse,16,rust-vec,6,1048576,65536,1,1303000,6351481337365135467
normal-o3,0,8,reuse,256,whitefoot,0,1048576,4096,1,1527000,1498897996573024357
normal-o3,0,8,reuse,256,reverse-c,0,1048576,4096,1,3178000,1498897996573024357
normal-o3,0,8,reuse,256,direct-c,0,1048576,4096,1,1538000,1498897996573024357
normal-o3,0,8,reuse,256,swap-take-c,0,1048576,4096,1,2100000,1498897996573024357
normal-o3,0,8,reuse,256,take-swap-c,0,1048576,4096,1,2020000,1498897996573024357
normal-o3,0,8,reuse,256,rust-vec,0,1048576,4096,1,1471000,1498897996573024357
normal-o3,0,8,reuse,256,cpp-std-vector,0,1048576,4096,1,2063000,1498897996573024357
normal-o3,0,8,reuse,256,reverse-c,1,1048576,4096,1,3094000,7707534785925595238
normal-o3,0,8,reuse,256,direct-c,1,1048576,4096,1,1534000,7707534785925595238
normal-o3,0,8,reuse,256,swap-take-c,1,1048576,4096,1,2043000,7707534785925595238
normal-o3,0,8,reuse,256,take-swap-c,1,1048576,4096,1,1977000,7707534785925595238
normal-o3,0,8,reuse,256,rust-vec,1,1048576,4096,1,1470000,7707534785925595238
normal-o3,0,8,reuse,256,cpp-std-vector,1,1048576,4096,1,2067000,7707534785925595238
normal-o3,0,8,reuse,256,whitefoot,1,1048576,4096,1,1532000,7707534785925595238
normal-o3,0,8,reuse,256,direct-c,2,1048576,4096,1,1537000,5506079726878842983
normal-o3,0,8,reuse,256,swap-take-c,2,1048576,4096,1,2054000,5506079726878842983
normal-o3,0,8,reuse,256,take-swap-c,2,1048576,4096,1,2017000,5506079726878842983
normal-o3,0,8,reuse,256,rust-vec,2,1048576,4096,1,1469000,5506079726878842983
normal-o3,0,8,reuse,256,cpp-std-vector,2,1048576,4096,1,2115000,5506079726878842983
normal-o3,0,8,reuse,256,whitefoot,2,1048576,4096,1,1557000,5506079726878842983
normal-o3,0,8,reuse,256,reverse-c,2,1048576,4096,1,3129000,5506079726878842983
normal-o3,0,8,reuse,256,swap-take-c,3,1048576,4096,1,2012000,5888291873035911272
normal-o3,0,8,reuse,256,take-swap-c,3,1048576,4096,1,2065000,5888291873035911272
normal-o3,0,8,reuse,256,rust-vec,3,1048576,4096,1,1499000,5888291873035911272
normal-o3,0,8,reuse,256,cpp-std-vector,3,1048576,4096,1,2084000,5888291873035911272
normal-o3,0,8,reuse,256,whitefoot,3,1048576,4096,1,1544000,5888291873035911272
normal-o3,0,8,reuse,256,reverse-c,3,1048576,4096,1,3085000,5888291873035911272
normal-o3,0,8,reuse,256,direct-c,3,1048576,4096,1,1535000,5888291873035911272
normal-o3,0,8,reuse,256,take-swap-c,4,1048576,4096,1,2043000,7512286317303570537
normal-o3,0,8,reuse,256,rust-vec,4,1048576,4096,1,1513000,7512286317303570537
normal-o3,0,8,reuse,256,cpp-std-vector,4,1048576,4096,1,2123000,7512286317303570537
normal-o3,0,8,reuse,256,whitefoot,4,1048576,4096,1,1531000,7512286317303570537
normal-o3,0,8,reuse,256,reverse-c,4,1048576,4096,1,3145000,7512286317303570537
normal-o3,0,8,reuse,256,direct-c,4,1048576,4096,1,1537000,7512286317303570537
normal-o3,0,8,reuse,256,swap-take-c,4,1048576,4096,1,2129000,7512286317303570537
normal-o3,0,8,reuse,256,rust-vec,5,1048576,4096,1,1490000,13357584908658163818
normal-o3,0,8,reuse,256,cpp-std-vector,5,1048576,4096,1,2009000,13357584908658163818
normal-o3,0,8,reuse,256,whitefoot,5,1048576,4096,1,1530000,13357584908658163818
normal-o3,0,8,reuse,256,reverse-c,5,1048576,4096,1,3086000,13357584908658163818
normal-o3,0,8,reuse,256,direct-c,5,1048576,4096,1,1548000,13357584908658163818
normal-o3,0,8,reuse,256,swap-take-c,5,1048576,4096,1,1968000,13357584908658163818
normal-o3,0,8,reuse,256,take-swap-c,5,1048576,4096,1,2088000,13357584908658163818
normal-o3,0,8,reuse,256,cpp-std-vector,6,1048576,4096,1,2065000,10011933332678926443
normal-o3,0,8,reuse,256,whitefoot,6,1048576,4096,1,1527000,10011933332678926443
normal-o3,0,8,reuse,256,reverse-c,6,1048576,4096,1,3098000,10011933332678926443
normal-o3,0,8,reuse,256,direct-c,6,1048576,4096,1,1624000,10011933332678926443
normal-o3,0,8,reuse,256,swap-take-c,6,1048576,4096,1,1901000,10011933332678926443
normal-o3,0,8,reuse,256,take-swap-c,6,1048576,4096,1,1973000,10011933332678926443
normal-o3,0,8,reuse,256,rust-vec,6,1048576,4096,1,1469000,10011933332678926443
normal-o3,0,8,reuse,4096,whitefoot,0,1048576,256,1,1704000,2256710881311081573
normal-o3,0,8,reuse,4096,reverse-c,0,1048576,256,1,2792000,2256710881311081573
normal-o3,0,8,reuse,4096,direct-c,0,1048576,256,1,1616000,2256710881311081573
normal-o3,0,8,reuse,4096,swap-take-c,0,1048576,256,1,2111000,2256710881311081573
normal-o3,0,8,reuse,4096,take-swap-c,0,1048576,256,1,2022000,2256710881311081573
normal-o3,0,8,reuse,4096,rust-vec,0,1048576,256,1,1521000,2256710881311081573
normal-o3,0,8,reuse,4096,cpp-std-vector,0,1048576,256,1,2016000,2256710881311081573
normal-o3,0,8,reuse,4096,reverse-c,1,1048576,256,1,2814000,6904654748820097126
normal-o3,0,8,reuse,4096,direct-c,1,1048576,256,1,1618000,6904654748820097126
normal-o3,0,8,reuse,4096,swap-take-c,1,1048576,256,1,2198000,6904654748820097126
normal-o3,0,8,reuse,4096,take-swap-c,1,1048576,256,1,2087000,6904654748820097126
normal-o3,0,8,reuse,4096,rust-vec,1,1048576,256,1,1545000,6904654748820097126
normal-o3,0,8,reuse,4096,cpp-std-vector,1,1048576,256,1,2061000,6904654748820097126
normal-o3,0,8,reuse,4096,whitefoot,1,1048576,256,1,1685000,6904654748820097126
normal-o3,0,8,reuse,4096,direct-c,2,1048576,256,1,1674000,16426223538089053287
normal-o3,0,8,reuse,4096,swap-take-c,2,1048576,256,1,2176000,16426223538089053287
normal-o3,0,8,reuse,4096,take-swap-c,2,1048576,256,1,2141000,16426223538089053287
normal-o3,0,8,reuse,4096,rust-vec,2,1048576,256,1,1545000,16426223538089053287
normal-o3,0,8,reuse,4096,cpp-std-vector,2,1048576,256,1,2057000,16426223538089053287
normal-o3,0,8,reuse,4096,whitefoot,2,1048576,256,1,1693000,16426223538089053287
normal-o3,0,8,reuse,4096,reverse-c,2,1048576,256,1,2893000,16426223538089053287
normal-o3,0,8,reuse,4096,swap-take-c,3,1048576,256,1,2126000,9531859752620511336
normal-o3,0,8,reuse,4096,take-swap-c,3,1048576,256,1,2024000,9531859752620511336
normal-o3,0,8,reuse,4096,rust-vec,3,1048576,256,1,1503000,9531859752620511336
normal-o3,0,8,reuse,4096,cpp-std-vector,3,1048576,256,1,1997000,9531859752620511336
normal-o3,0,8,reuse,4096,whitefoot,3,1048576,256,1,1638000,9531859752620511336
normal-o3,0,8,reuse,4096,reverse-c,3,1048576,256,1,2803000,9531859752620511336
normal-o3,0,8,reuse,4096,direct-c,3,1048576,256,1,1619000,9531859752620511336
normal-o3,0,8,reuse,4096,take-swap-c,4,1048576,256,1,2028000,14830550356061344873
normal-o3,0,8,reuse,4096,rust-vec,4,1048576,256,1,1499000,14830550356061344873
normal-o3,0,8,reuse,4096,cpp-std-vector,4,1048576,256,1,2078000,14830550356061344873
normal-o3,0,8,reuse,4096,whitefoot,4,1048576,256,1,1638000,14830550356061344873
normal-o3,0,8,reuse,4096,reverse-c,4,1048576,256,1,2890000,14830550356061344873
normal-o3,0,8,reuse,4096,direct-c,4,1048576,256,1,1620000,14830550356061344873
normal-o3,0,8,reuse,4096,swap-take-c,4,1048576,256,1,2112000,14830550356061344873
normal-o3,0,8,reuse,4096,rust-vec,5,1048576,256,1,1501000,11014393161628833898
normal-o3,0,8,reuse,4096,cpp-std-vector,5,1048576,256,1,2078000,11014393161628833898
normal-o3,0,8,reuse,4096,whitefoot,5,1048576,256,1,1638000,11014393161628833898
normal-o3,0,8,reuse,4096,reverse-c,5,1048576,256,1,2802000,11014393161628833898
normal-o3,0,8,reuse,4096,direct-c,5,1048576,256,1,1619000,11014393161628833898
normal-o3,0,8,reuse,4096,swap-take-c,5,1048576,256,1,2113000,11014393161628833898
normal-o3,0,8,reuse,4096,take-swap-c,5,1048576,256,1,2027000,11014393161628833898
normal-o3,0,8,reuse,4096,cpp-std-vector,6,1048576,256,1,1997000,3531045655943011435
normal-o3,0,8,reuse,4096,whitefoot,6,1048576,256,1,1637000,3531045655943011435
normal-o3,0,8,reuse,4096,reverse-c,6,1048576,256,1,2791000,3531045655943011435
normal-o3,0,8,reuse,4096,direct-c,6,1048576,256,1,1619000,3531045655943011435
normal-o3,0,8,reuse,4096,swap-take-c,6,1048576,256,1,2119000,3531045655943011435
normal-o3,0,8,reuse,4096,take-swap-c,6,1048576,256,1,2027000,3531045655943011435
normal-o3,0,8,reuse,4096,rust-vec,6,1048576,256,1,1574000,3531045655943011435
normal-o3,0,8,suffix-0,16,whitefoot,0,1048576,1048576,1,980000,1953714321357298
normal-o3,0,8,suffix-0,16,reverse-c,0,1048576,1048576,1,982000,1953714321357298
normal-o3,0,8,suffix-0,16,direct-c,0,1048576,1048576,1,2764000,1953714321357298
normal-o3,0,8,suffix-0,16,swap-take-c,0,1048576,1048576,1,2815000,1953714321357298
normal-o3,0,8,suffix-0,16,take-swap-c,0,1048576,1048576,1,982000,1953714321357298
normal-o3,0,8,suffix-0,16,rust-vec,0,1048576,1048576,1,1002000,1953714321357298
normal-o3,0,8,suffix-0,16,cpp-std-vector,0,1048576,1048576,1,979000,1953714321357298
normal-o3,0,8,suffix-0,16,reverse-c,1,1048576,1048576,1,974000,7188693379551418836
normal-o3,0,8,suffix-0,16,direct-c,1,1048576,1048576,1,2761000,7188693379551418836
normal-o3,0,8,suffix-0,16,swap-take-c,1,1048576,1048576,1,2780000,7188693379551418836
normal-o3,0,8,suffix-0,16,take-swap-c,1,1048576,1048576,1,987000,7188693379551418836
normal-o3,0,8,suffix-0,16,rust-vec,1,1048576,1048576,1,1006000,7188693379551418836
normal-o3,0,8,suffix-0,16,cpp-std-vector,1,1048576,1048576,1,979000,7188693379551418836
normal-o3,0,8,suffix-0,16,whitefoot,1,1048576,1048576,1,980000,7188693379551418836
normal-o3,0,8,suffix-0,16,direct-c,2,1048576,1048576,1,2764000,14375433044781480374
normal-o3,0,8,suffix-0,16,swap-take-c,2,1048576,1048576,1,2869000,14375433044781480374
normal-o3,0,8,suffix-0,16,take-swap-c,2,1048576,1048576,1,1012000,14375433044781480374
normal-o3,0,8,suffix-0,16,rust-vec,2,1048576,1048576,1,1048000,14375433044781480374
normal-o3,0,8,suffix-0,16,cpp-std-vector,2,1048576,1048576,1,1106000,14375433044781480374
normal-o3,0,8,suffix-0,16,whitefoot,2,1048576,1048576,1,980000,14375433044781480374
normal-o3,0,8,suffix-0,16,reverse-c,2,1048576,1048576,1,984000,14375433044781480374
normal-o3,0,8,suffix-0,16,swap-take-c,3,1048576,1048576,1,2764000,3115428636301990296
normal-o3,0,8,suffix-0,16,take-swap-c,3,1048576,1048576,1,979000,3115428636301990296
normal-o3,0,8,suffix-0,16,rust-vec,3,1048576,1048576,1,1002000,3115428636301990296
normal-o3,0,8,suffix-0,16,cpp-std-vector,3,1048576,1048576,1,1000000,3115428636301990296
normal-o3,0,8,suffix-0,16,whitefoot,3,1048576,1048576,1,982000,3115428636301990296
normal-o3,0,8,suffix-0,16,reverse-c,3,1048576,1048576,1,978000,3115428636301990296
normal-o3,0,8,suffix-0,16,direct-c,3,1048576,1048576,1,2775000,3115428636301990296
normal-o3,0,8,suffix-0,16,take-swap-c,4,1048576,1048576,1,992000,10302168301532051834
normal-o3,0,8,suffix-0,16,rust-vec,4,1048576,1048576,1,997000,10302168301532051834
normal-o3,0,8,suffix-0,16,cpp-std-vector,4,1048576,1048576,1,1016000,10302168301532051834
normal-o3,0,8,suffix-0,16,whitefoot,4,1048576,1048576,1,982000,10302168301532051834
normal-o3,0,8,suffix-0,16,reverse-c,4,1048576,1048576,1,985000,10302168301532051834
normal-o3,0,8,suffix-0,16,direct-c,4,1048576,1048576,1,2767000,10302168301532051834
normal-o3,0,8,suffix-0,16,swap-take-c,4,1048576,1048576,1,2829000,10302168301532051834
normal-o3,0,8,suffix-0,16,rust-vec,5,1048576,1048576,1,1009000,17488907966762113372
normal-o3,0,8,suffix-0,16,cpp-std-vector,5,1048576,1048576,1,982000,17488907966762113372
normal-o3,0,8,suffix-0,16,whitefoot,5,1048576,1048576,1,984000,17488907966762113372
normal-o3,0,8,suffix-0,16,reverse-c,5,1048576,1048576,1,977000,17488907966762113372
normal-o3,0,8,suffix-0,16,direct-c,5,1048576,1048576,1,2771000,17488907966762113372
normal-o3,0,8,suffix-0,16,swap-take-c,5,1048576,1048576,1,2755000,17488907966762113372
normal-o3,0,8,suffix-0,16,take-swap-c,5,1048576,1048576,1,1001000,17488907966762113372
normal-o3,0,8,suffix-0,16,cpp-std-vector,6,1048576,1048576,1,982000,6228903558282623294
normal-o3,0,8,suffix-0,16,whitefoot,6,1048576,1048576,1,980000,6228903558282623294
normal-o3,0,8,suffix-0,16,reverse-c,6,1048576,1048576,1,977000,6228903558282623294
normal-o3,0,8,suffix-0,16,direct-c,6,1048576,1048576,1,2763000,6228903558282623294
normal-o3,0,8,suffix-0,16,swap-take-c,6,1048576,1048576,1,2803000,6228903558282623294
normal-o3,0,8,suffix-0,16,take-swap-c,6,1048576,1048576,1,989000,6228903558282623294
normal-o3,0,8,suffix-0,16,rust-vec,6,1048576,1048576,1,1003000,6228903558282623294
normal-o3,0,8,suffix-0,256,whitefoot,0,1048576,1048576,1,980000,17116383760326379594
normal-o3,0,8,suffix-0,256,reverse-c,0,1048576,1048576,1,977000,17116383760326379594
normal-o3,0,8,suffix-0,256,direct-c,0,1048576,1048576,1,2764000,17116383760326379594
normal-o3,0,8,suffix-0,256,swap-take-c,0,1048576,1048576,1,2811000,17116383760326379594
normal-o3,0,8,suffix-0,256,take-swap-c,0,1048576,1048576,1,979000,17116383760326379594
normal-o3,0,8,suffix-0,256,rust-vec,0,1048576,1048576,1,988000,17116383760326379594
normal-o3,0,8,suffix-0,256,cpp-std-vector,0,1048576,1048576,1,980000,17116383760326379594
normal-o3,0,8,suffix-0,256,reverse-c,1,1048576,1048576,1,978000,18422461136700962636
normal-o3,0,8,suffix-0,256,direct-c,1,1048576,1048576,1,2764000,18422461136700962636
normal-o3,0,8,suffix-0,256,swap-take-c,1,1048576,1048576,1,2772000,18422461136700962636
normal-o3,0,8,suffix-0,256,take-swap-c,1,1048576,1048576,1,979000,18422461136700962636
normal-o3,0,8,suffix-0,256,rust-vec,1,1048576,1048576,1,986000,18422461136700962636
normal-o3,0,8,suffix-0,256,cpp-std-vector,1,1048576,1048576,1,983000,18422461136700962636
normal-o3,0,8,suffix-0,256,whitefoot,1,1048576,1048576,1,1006000,18422461136700962636
normal-o3,0,8,suffix-0,256,direct-c,2,1048576,1048576,1,2766000,1281794439365994062
normal-o3,0,8,suffix-0,256,swap-take-c,2,1048576,1048576,1,2784000,1281794439365994062
normal-o3,0,8,suffix-0,256,take-swap-c,2,1048576,1048576,1,980000,1281794439365994062
normal-o3,0,8,suffix-0,256,rust-vec,2,1048576,1048576,1,985000,1281794439365994062
normal-o3,0,8,suffix-0,256,cpp-std-vector,2,1048576,1048576,1,983000,1281794439365994062
normal-o3,0,8,suffix-0,256,whitefoot,2,1048576,1048576,1,1110000,1281794439365994062
normal-o3,0,8,suffix-0,256,reverse-c,2,1048576,1048576,1,983000,1281794439365994062
normal-o3,0,8,suffix-0,256,swap-take-c,3,1048576,1048576,1,2765000,2587871815740577104
normal-o3,0,8,suffix-0,256,take-swap-c,3,1048576,1048576,1,993000,2587871815740577104
normal-o3,0,8,suffix-0,256,rust-vec,3,1048576,1048576,1,987000,2587871815740577104
normal-o3,0,8,suffix-0,256,cpp-std-vector,3,1048576,1048576,1,982000,2587871815740577104
normal-o3,0,8,suffix-0,256,whitefoot,3,1048576,1048576,1,980000,2587871815740577104
normal-o3,0,8,suffix-0,256,reverse-c,3,1048576,1048576,1,985000,2587871815740577104
normal-o3,0,8,suffix-0,256,direct-c,3,1048576,1048576,1,2765000,2587871815740577104
normal-o3,0,8,suffix-0,256,take-swap-c,4,1048576,1048576,1,981000,3893949192115160146
normal-o3,0,8,suffix-0,256,rust-vec,4,1048576,1048576,1,985000,3893949192115160146
normal-o3,0,8,suffix-0,256,cpp-std-vector,4,1048576,1048576,1,980000,3893949192115160146
normal-o3,0,8,suffix-0,256,whitefoot,4,1048576,1048576,1,982000,3893949192115160146
normal-o3,0,8,suffix-0,256,reverse-c,4,1048576,1048576,1,977000,3893949192115160146
normal-o3,0,8,suffix-0,256,direct-c,4,1048576,1048576,1,2769000,3893949192115160146
normal-o3,0,8,suffix-0,256,swap-take-c,4,1048576,1048576,1,2778000,3893949192115160146
normal-o3,0,8,suffix-0,256,rust-vec,5,1048576,1048576,1,1034000,5200026568489743188
normal-o3,0,8,suffix-0,256,cpp-std-vector,5,1048576,1048576,1,981000,5200026568489743188
normal-o3,0,8,suffix-0,256,whitefoot,5,1048576,1048576,1,982000,5200026568489743188
normal-o3,0,8,suffix-0,256,reverse-c,5,1048576,1048576,1,989000,5200026568489743188
normal-o3,0,8,suffix-0,256,direct-c,5,1048576,1048576,1,2762000,5200026568489743188
normal-o3,0,8,suffix-0,256,swap-take-c,5,1048576,1048576,1,2806000,5200026568489743188
normal-o3,0,8,suffix-0,256,take-swap-c,5,1048576,1048576,1,986000,5200026568489743188
normal-o3,0,8,suffix-0,256,cpp-std-vector,6,1048576,1048576,1,985000,6506103944864326230
normal-o3,0,8,suffix-0,256,whitefoot,6,1048576,1048576,1,982000,6506103944864326230
normal-o3,0,8,suffix-0,256,reverse-c,6,1048576,1048576,1,982000,6506103944864326230
normal-o3,0,8,suffix-0,256,direct-c,6,1048576,1048576,1,2764000,6506103944864326230
normal-o3,0,8,suffix-0,256,swap-take-c,6,1048576,1048576,1,2804000,6506103944864326230
normal-o3,0,8,suffix-0,256,take-swap-c,6,1048576,1048576,1,989000,6506103944864326230
normal-o3,0,8,suffix-0,256,rust-vec,6,1048576,1048576,1,985000,6506103944864326230
normal-o3,0,8,suffix-0,4096,whitefoot,0,1048576,1048576,1,985000,4677669742816693706
normal-o3,0,8,suffix-0,4096,reverse-c,0,1048576,1048576,1,983000,4677669742816693706
normal-o3,0,8,suffix-0,4096,direct-c,0,1048576,1048576,1,2770000,4677669742816693706
normal-o3,0,8,suffix-0,4096,swap-take-c,0,1048576,1048576,1,2766000,4677669742816693706
normal-o3,0,8,suffix-0,4096,take-swap-c,0,1048576,1048576,1,994000,4677669742816693706
normal-o3,0,8,suffix-0,4096,rust-vec,0,1048576,1048576,1,1050000,4677669742816693706
normal-o3,0,8,suffix-0,4096,cpp-std-vector,0,1048576,1048576,1,1002000,4677669742816693706
normal-o3,0,8,suffix-0,4096,reverse-c,1,1048576,1048576,1,984000,3271637737093033676
normal-o3,0,8,suffix-0,4096,direct-c,1,1048576,1048576,1,2769000,3271637737093033676
normal-o3,0,8,suffix-0,4096,swap-take-c,1,1048576,1048576,1,2853000,3271637737093033676
normal-o3,0,8,suffix-0,4096,take-swap-c,1,1048576,1048576,1,993000,3271637737093033676
normal-o3,0,8,suffix-0,4096,rust-vec,1,1048576,1048576,1,992000,3271637737093033676
normal-o3,0,8,suffix-0,4096,cpp-std-vector,1,1048576,1048576,1,989000,3271637737093033676
normal-o3,0,8,suffix-0,4096,whitefoot,1,1048576,1048576,1,991000,3271637737093033676
normal-o3,0,8,suffix-0,4096,direct-c,2,1048576,1048576,1,2769000,1865605731369373646
normal-o3,0,8,suffix-0,4096,swap-take-c,2,1048576,1048576,1,2824000,1865605731369373646
normal-o3,0,8,suffix-0,4096,take-swap-c,2,1048576,1048576,1,992000,1865605731369373646
normal-o3,0,8,suffix-0,4096,rust-vec,2,1048576,1048576,1,993000,1865605731369373646
normal-o3,0,8,suffix-0,4096,cpp-std-vector,2,1048576,1048576,1,987000,1865605731369373646
normal-o3,0,8,suffix-0,4096,whitefoot,2,1048576,1048576,1,989000,1865605731369373646
normal-o3,0,8,suffix-0,4096,reverse-c,2,1048576,1048576,1,981000,1865605731369373646
normal-o3,0,8,suffix-0,4096,swap-take-c,3,1048576,1048576,1,2797000,459573725645713616
normal-o3,0,8,suffix-0,4096,take-swap-c,3,1048576,1048576,1,992000,459573725645713616
normal-o3,0,8,suffix-0,4096,rust-vec,3,1048576,1048576,1,1000000,459573725645713616
normal-o3,0,8,suffix-0,4096,cpp-std-vector,3,1048576,1048576,1,987000,459573725645713616
normal-o3,0,8,suffix-0,4096,whitefoot,3,1048576,1048576,1,988000,459573725645713616
normal-o3,0,8,suffix-0,4096,reverse-c,3,1048576,1048576,1,984000,459573725645713616
normal-o3,0,8,suffix-0,4096,direct-c,3,1048576,1048576,1,2821000,459573725645713616
normal-o3,0,8,suffix-0,4096,take-swap-c,4,1048576,1048576,1,984000,17500285793631605202
normal-o3,0,8,suffix-0,4096,rust-vec,4,1048576,1048576,1,992000,17500285793631605202
normal-o3,0,8,suffix-0,4096,cpp-std-vector,4,1048576,1048576,1,988000,17500285793631605202
normal-o3,0,8,suffix-0,4096,whitefoot,4,1048576,1048576,1,988000,17500285793631605202
normal-o3,0,8,suffix-0,4096,reverse-c,4,1048576,1048576,1,981000,17500285793631605202
normal-o3,0,8,suffix-0,4096,direct-c,4,1048576,1048576,1,2769000,17500285793631605202
normal-o3,0,8,suffix-0,4096,swap-take-c,4,1048576,1048576,1,2782000,17500285793631605202
normal-o3,0,8,suffix-0,4096,rust-vec,5,1048576,1048576,1,993000,16094253787907945172
normal-o3,0,8,suffix-0,4096,cpp-std-vector,5,1048576,1048576,1,987000,16094253787907945172
normal-o3,0,8,suffix-0,4096,whitefoot,5,1048576,1048576,1,988000,16094253787907945172
normal-o3,0,8,suffix-0,4096,reverse-c,5,1048576,1048576,1,982000,16094253787907945172
normal-o3,0,8,suffix-0,4096,direct-c,5,1048576,1048576,1,2767000,16094253787907945172
normal-o3,0,8,suffix-0,4096,swap-take-c,5,1048576,1048576,1,2791000,16094253787907945172
normal-o3,0,8,suffix-0,4096,take-swap-c,5,1048576,1048576,1,981000,16094253787907945172
normal-o3,0,8,suffix-0,4096,cpp-std-vector,6,1048576,1048576,1,988000,14688221782184285142
normal-o3,0,8,suffix-0,4096,whitefoot,6,1048576,1048576,1,986000,14688221782184285142
normal-o3,0,8,suffix-0,4096,reverse-c,6,1048576,1048576,1,982000,14688221782184285142
normal-o3,0,8,suffix-0,4096,direct-c,6,1048576,1048576,1,2767000,14688221782184285142
normal-o3,0,8,suffix-0,4096,swap-take-c,6,1048576,1048576,1,2817000,14688221782184285142
normal-o3,0,8,suffix-0,4096,take-swap-c,6,1048576,1048576,1,981000,14688221782184285142
normal-o3,0,8,suffix-0,4096,rust-vec,6,1048576,1048576,1,997000,14688221782184285142
normal-o3,0,8,suffix-1,16,whitefoot,0,1048576,1048576,1,2784000,929898191272797080
normal-o3,0,8,suffix-1,16,reverse-c,0,1048576,1048576,1,3242000,929898191272797080
normal-o3,0,8,suffix-1,16,direct-c,0,1048576,1048576,1,2795000,929898191272797080
normal-o3,0,8,suffix-1,16,swap-take-c,0,1048576,1048576,1,3371000,929898191272797080
normal-o3,0,8,suffix-1,16,take-swap-c,0,1048576,1048576,1,3267000,929898191272797080
normal-o3,0,8,suffix-1,16,rust-vec,0,1048576,1048576,1,1543000,929898191272797080
normal-o3,0,8,suffix-1,16,cpp-std-vector,0,1048576,1048576,1,2927000,929898191272797080
normal-o3,0,8,suffix-1,16,reverse-c,1,1048576,1048576,1,3236000,4026886324240061497
normal-o3,0,8,suffix-1,16,direct-c,1,1048576,1048576,1,2806000,4026886324240061497
normal-o3,0,8,suffix-1,16,swap-take-c,1,1048576,1048576,1,3408000,4026886324240061497
normal-o3,0,8,suffix-1,16,take-swap-c,1,1048576,1048576,1,3279000,4026886324240061497
normal-o3,0,8,suffix-1,16,rust-vec,1,1048576,1048576,1,1545000,4026886324240061497
normal-o3,0,8,suffix-1,16,cpp-std-vector,1,1048576,1048576,1,2929000,4026886324240061497
normal-o3,0,8,suffix-1,16,whitefoot,1,1048576,1048576,1,2788000,4026886324240061497
normal-o3,0,8,suffix-1,16,direct-c,2,1048576,1048576,1,2784000,7123874457207325914
normal-o3,0,8,suffix-1,16,swap-take-c,2,1048576,1048576,1,3411000,7123874457207325914
normal-o3,0,8,suffix-1,16,take-swap-c,2,1048576,1048576,1,3217000,7123874457207325914
normal-o3,0,8,suffix-1,16,rust-vec,2,1048576,1048576,1,1559000,7123874457207325914
normal-o3,0,8,suffix-1,16,cpp-std-vector,2,1048576,1048576,1,2971000,7123874457207325914
normal-o3,0,8,suffix-1,16,whitefoot,2,1048576,1048576,1,2788000,7123874457207325914
normal-o3,0,8,suffix-1,16,reverse-c,2,1048576,1048576,1,3345000,7123874457207325914
normal-o3,0,8,suffix-1,16,swap-take-c,3,1048576,1048576,1,3372000,10220862590174590331
normal-o3,0,8,suffix-1,16,take-swap-c,3,1048576,1048576,1,3291000,10220862590174590331
normal-o3,0,8,suffix-1,16,rust-vec,3,1048576,1048576,1,1550000,10220862590174590331
normal-o3,0,8,suffix-1,16,cpp-std-vector,3,1048576,1048576,1,2927000,10220862590174590331
normal-o3,0,8,suffix-1,16,whitefoot,3,1048576,1048576,1,2795000,10220862590174590331
normal-o3,0,8,suffix-1,16,reverse-c,3,1048576,1048576,1,3240000,10220862590174590331
normal-o3,0,8,suffix-1,16,direct-c,3,1048576,1048576,1,2784000,10220862590174590331
normal-o3,0,8,suffix-1,16,take-swap-c,4,1048576,1048576,1,3281000,13317850723141854748
normal-o3,0,8,suffix-1,16,rust-vec,4,1048576,1048576,1,1543000,13317850723141854748
normal-o3,0,8,suffix-1,16,cpp-std-vector,4,1048576,1048576,1,2988000,13317850723141854748
normal-o3,0,8,suffix-1,16,whitefoot,4,1048576,1048576,1,2798000,13317850723141854748
normal-o3,0,8,suffix-1,16,reverse-c,4,1048576,1048576,1,3233000,13317850723141854748
normal-o3,0,8,suffix-1,16,direct-c,4,1048576,1048576,1,2790000,13317850723141854748
normal-o3,0,8,suffix-1,16,swap-take-c,4,1048576,1048576,1,3383000,13317850723141854748
normal-o3,0,8,suffix-1,16,rust-vec,5,1048576,1048576,1,1545000,16414838856109119165
normal-o3,0,8,suffix-1,16,cpp-std-vector,5,1048576,1048576,1,2928000,16414838856109119165
normal-o3,0,8,suffix-1,16,whitefoot,5,1048576,1048576,1,2785000,16414838856109119165
normal-o3,0,8,suffix-1,16,reverse-c,5,1048576,1048576,1,3275000,16414838856109119165
normal-o3,0,8,suffix-1,16,direct-c,5,1048576,1048576,1,2792000,16414838856109119165
normal-o3,0,8,suffix-1,16,swap-take-c,5,1048576,1048576,1,3374000,16414838856109119165
normal-o3,0,8,suffix-1,16,take-swap-c,5,1048576,1048576,1,3323000,16414838856109119165
normal-o3,0,8,suffix-1,16,cpp-std-vector,6,1048576,1048576,1,2924000,1065082915366831966
normal-o3,0,8,suffix-1,16,whitefoot,6,1048576,1048576,1,2790000,1065082915366831966
normal-o3,0,8,suffix-1,16,reverse-c,6,1048576,1048576,1,3239000,1065082915366831966
normal-o3,0,8,suffix-1,16,direct-c,6,1048576,1048576,1,2782000,1065082915366831966
normal-o3,0,8,suffix-1,16,swap-take-c,6,1048576,1048576,1,3374000,1065082915366831966
normal-o3,0,8,suffix-1,16,take-swap-c,6,1048576,1048576,1,3261000,1065082915366831966
normal-o3,0,8,suffix-1,16,rust-vec,6,1048576,1048576,1,1544000,1065082915366831966
normal-o3,0,8,suffix-1,256,whitefoot,0,1048576,1048576,1,3168000,14065998348325884944
normal-o3,0,8,suffix-1,256,reverse-c,0,1048576,1048576,1,3498000,14065998348325884944
normal-o3,0,8,suffix-1,256,direct-c,0,1048576,1048576,1,2795000,14065998348325884944
normal-o3,0,8,suffix-1,256,swap-take-c,0,1048576,1048576,1,3389000,14065998348325884944
normal-o3,0,8,suffix-1,256,take-swap-c,0,1048576,1048576,1,3273000,14065998348325884944
normal-o3,0,8,suffix-1,256,rust-vec,0,1048576,1048576,1,1549000,14065998348325884944
normal-o3,0,8,suffix-1,256,cpp-std-vector,0,1048576,1048576,1,2929000,14065998348325884944
normal-o3,0,8,suffix-1,256,reverse-c,1,1048576,1048576,1,3235000,5008019667339890449
normal-o3,0,8,suffix-1,256,direct-c,1,1048576,1048576,1,2794000,5008019667339890449
normal-o3,0,8,suffix-1,256,swap-take-c,1,1048576,1048576,1,3367000,5008019667339890449
normal-o3,0,8,suffix-1,256,take-swap-c,1,1048576,1048576,1,3274000,5008019667339890449
normal-o3,0,8,suffix-1,256,rust-vec,1,1048576,1048576,1,1549000,5008019667339890449
normal-o3,0,8,suffix-1,256,cpp-std-vector,1,1048576,1048576,1,2988000,5008019667339890449
normal-o3,0,8,suffix-1,256,whitefoot,1,1048576,1048576,1,2789000,5008019667339890449
normal-o3,0,8,suffix-1,256,direct-c,2,1048576,1048576,1,2786000,14396785060063447570
normal-o3,0,8,suffix-1,256,swap-take-c,2,1048576,1048576,1,3469000,14396785060063447570
normal-o3,0,8,suffix-1,256,take-swap-c,2,1048576,1048576,1,3270000,14396785060063447570
normal-o3,0,8,suffix-1,256,rust-vec,2,1048576,1048576,1,1546000,14396785060063447570
normal-o3,0,8,suffix-1,256,cpp-std-vector,2,1048576,1048576,1,2934000,14396785060063447570
normal-o3,0,8,suffix-1,256,whitefoot,2,1048576,1048576,1,2787000,14396785060063447570
normal-o3,0,8,suffix-1,256,reverse-c,2,1048576,1048576,1,3236000,14396785060063447570
normal-o3,0,8,suffix-1,256,swap-take-c,3,1048576,1048576,1,3391000,5338806379077453075
normal-o3,0,8,suffix-1,256,take-swap-c,3,1048576,1048576,1,3332000,5338806379077453075
normal-o3,0,8,suffix-1,256,rust-vec,3,1048576,1048576,1,1544000,5338806379077453075
normal-o3,0,8,suffix-1,256,cpp-std-vector,3,1048576,1048576,1,2925000,5338806379077453075
normal-o3,0,8,suffix-1,256,whitefoot,3,1048576,1048576,1,2796000,5338806379077453075
normal-o3,0,8,suffix-1,256,reverse-c,3,1048576,1048576,1,3239000,5338806379077453075
normal-o3,0,8,suffix-1,256,direct-c,3,1048576,1048576,1,2828000,5338806379077453075
normal-o3,0,8,suffix-1,256,take-swap-c,4,1048576,1048576,1,3278000,14727571771801010196
normal-o3,0,8,suffix-1,256,rust-vec,4,1048576,1048576,1,1543000,14727571771801010196
normal-o3,0,8,suffix-1,256,cpp-std-vector,4,1048576,1048576,1,2928000,14727571771801010196
normal-o3,0,8,suffix-1,256,whitefoot,4,1048576,1048576,1,2790000,14727571771801010196
normal-o3,0,8,suffix-1,256,reverse-c,4,1048576,1048576,1,3234000,14727571771801010196
normal-o3,0,8,suffix-1,256,direct-c,4,1048576,1048576,1,2852000,14727571771801010196
normal-o3,0,8,suffix-1,256,swap-take-c,4,1048576,1048576,1,3375000,14727571771801010196
normal-o3,0,8,suffix-1,256,rust-vec,5,1048576,1048576,1,1546000,5669593090815015701
normal-o3,0,8,suffix-1,256,cpp-std-vector,5,1048576,1048576,1,2934000,5669593090815015701
normal-o3,0,8,suffix-1,256,whitefoot,5,1048576,1048576,1,2788000,5669593090815015701
normal-o3,0,8,suffix-1,256,reverse-c,5,1048576,1048576,1,3235000,5669593090815015701
normal-o3,0,8,suffix-1,256,direct-c,5,1048576,1048576,1,2793000,5669593090815015701
normal-o3,0,8,suffix-1,256,swap-take-c,5,1048576,1048576,1,3370000,5669593090815015701
normal-o3,0,8,suffix-1,256,take-swap-c,5,1048576,1048576,1,3277000,5669593090815015701
normal-o3,0,8,suffix-1,256,cpp-std-vector,6,1048576,1048576,1,2926000,15058358483538572822
normal-o3,0,8,suffix-1,256,whitefoot,6,1048576,1048576,1,2859000,15058358483538572822
normal-o3,0,8,suffix-1,256,reverse-c,6,1048576,1048576,1,3233000,15058358483538572822
normal-o3,0,8,suffix-1,256,direct-c,6,1048576,1048576,1,2784000,15058358483538572822
normal-o3,0,8,suffix-1,256,swap-take-c,6,1048576,1048576,1,3378000,15058358483538572822
normal-o3,0,8,suffix-1,256,take-swap-c,6,1048576,1048576,1,3289000,15058358483538572822
normal-o3,0,8,suffix-1,256,rust-vec,6,1048576,1048576,1,1547000,15058358483538572822
normal-o3,0,8,suffix-1,4096,whitefoot,0,1048576,1048576,1,2793000,7456520226923789200
normal-o3,0,8,suffix-1,4096,reverse-c,0,1048576,1048576,1,3240000,7456520226923789200
normal-o3,0,8,suffix-1,4096,direct-c,0,1048576,1048576,1,2798000,7456520226923789200
normal-o3,0,8,suffix-1,4096,swap-take-c,0,1048576,1048576,1,3349000,7456520226923789200
normal-o3,0,8,suffix-1,4096,take-swap-c,0,1048576,1048576,1,3324000,7456520226923789200
normal-o3,0,8,suffix-1,4096,rust-vec,0,1048576,1048576,1,1552000,7456520226923789200
normal-o3,0,8,suffix-1,4096,cpp-std-vector,0,1048576,1048576,1,2935000,7456520226923789200
normal-o3,0,8,suffix-1,4096,reverse-c,1,1048576,1048576,1,3248000,12459322446616091793
normal-o3,0,8,suffix-1,4096,direct-c,1,1048576,1048576,1,2792000,12459322446616091793
normal-o3,0,8,suffix-1,4096,swap-take-c,1,1048576,1048576,1,3382000,12459322446616091793
normal-o3,0,8,suffix-1,4096,take-swap-c,1,1048576,1048576,1,3240000,12459322446616091793
normal-o3,0,8,suffix-1,4096,rust-vec,1,1048576,1048576,1,1552000,12459322446616091793
normal-o3,0,8,suffix-1,4096,cpp-std-vector,1,1048576,1048576,1,2935000,12459322446616091793
normal-o3,0,8,suffix-1,4096,whitefoot,1,1048576,1048576,1,2798000,12459322446616091793
normal-o3,0,8,suffix-1,4096,direct-c,2,1048576,1048576,1,2860000,17462124666308394386
normal-o3,0,8,suffix-1,4096,swap-take-c,2,1048576,1048576,1,3378000,17462124666308394386
normal-o3,0,8,suffix-1,4096,take-swap-c,2,1048576,1048576,1,3281000,17462124666308394386
normal-o3,0,8,suffix-1,4096,rust-vec,2,1048576,1048576,1,1556000,17462124666308394386
normal-o3,0,8,suffix-1,4096,cpp-std-vector,2,1048576,1048576,1,2962000,17462124666308394386
normal-o3,0,8,suffix-1,4096,whitefoot,2,1048576,1048576,1,2792000,17462124666308394386
normal-o3,0,8,suffix-1,4096,reverse-c,2,1048576,1048576,1,3248000,17462124666308394386
normal-o3,0,8,suffix-1,4096,swap-take-c,3,1048576,1048576,1,3380000,4018182812291145363
normal-o3,0,8,suffix-1,4096,take-swap-c,3,1048576,1048576,1,3273000,4018182812291145363
normal-o3,0,8,suffix-1,4096,rust-vec,3,1048576,1048576,1,1567000,4018182812291145363
normal-o3,0,8,suffix-1,4096,cpp-std-vector,3,1048576,1048576,1,2932000,4018182812291145363
normal-o3,0,8,suffix-1,4096,whitefoot,3,1048576,1048576,1,2860000,4018182812291145363
normal-o3,0,8,suffix-1,4096,reverse-c,3,1048576,1048576,1,3441000,4018182812291145363
normal-o3,0,8,suffix-1,4096,direct-c,3,1048576,1048576,1,2860000,4018182812291145363
normal-o3,0,8,suffix-1,4096,take-swap-c,4,1048576,1048576,1,3438000,9020985031983447956
normal-o3,0,8,suffix-1,4096,rust-vec,4,1048576,1048576,1,1639000,9020985031983447956
normal-o3,0,8,suffix-1,4096,cpp-std-vector,4,1048576,1048576,1,3136000,9020985031983447956
normal-o3,0,8,suffix-1,4096,whitefoot,4,1048576,1048576,1,3024000,9020985031983447956
normal-o3,0,8,suffix-1,4096,reverse-c,4,1048576,1048576,1,3388000,9020985031983447956
normal-o3,0,8,suffix-1,4096,direct-c,4,1048576,1048576,1,2936000,9020985031983447956
normal-o3,0,8,suffix-1,4096,swap-take-c,4,1048576,1048576,1,3516000,9020985031983447956
normal-o3,0,8,suffix-1,4096,rust-vec,5,1048576,1048576,1,1683000,14023787251675750549
normal-o3,0,8,suffix-1,4096,cpp-std-vector,5,1048576,1048576,1,3049000,14023787251675750549
normal-o3,0,8,suffix-1,4096,whitefoot,5,1048576,1048576,1,2913000,14023787251675750549
normal-o3,0,8,suffix-1,4096,reverse-c,5,1048576,1048576,1,3410000,14023787251675750549
normal-o3,0,8,suffix-1,4096,direct-c,5,1048576,1048576,1,2914000,14023787251675750549
normal-o3,0,8,suffix-1,4096,swap-take-c,5,1048576,1048576,1,3553000,14023787251675750549
normal-o3,0,8,suffix-1,4096,take-swap-c,5,1048576,1048576,1,3369000,14023787251675750549
normal-o3,0,8,suffix-1,4096,cpp-std-vector,6,1048576,1048576,1,3035000,579845397658501526
normal-o3,0,8,suffix-1,4096,whitefoot,6,1048576,1048576,1,2793000,579845397658501526
normal-o3,0,8,suffix-1,4096,reverse-c,6,1048576,1048576,1,3242000,579845397658501526
normal-o3,0,8,suffix-1,4096,direct-c,6,1048576,1048576,1,2875000,579845397658501526
normal-o3,0,8,suffix-1,4096,swap-take-c,6,1048576,1048576,1,3391000,579845397658501526
normal-o3,0,8,suffix-1,4096,take-swap-c,6,1048576,1048576,1,3311000,579845397658501526
normal-o3,0,8,suffix-1,4096,rust-vec,6,1048576,1048576,1,1552000,579845397658501526
normal-o3,0,8,suffix-2,16,whitefoot,0,1048576,524288,1,1462000,1685092048726590629
normal-o3,0,8,suffix-2,16,reverse-c,0,1048576,524288,1,3224000,1685092048726590629
normal-o3,0,8,suffix-2,16,direct-c,0,1048576,524288,1,1457000,1685092048726590629
normal-o3,0,8,suffix-2,16,swap-take-c,0,1048576,524288,1,2801000,1685092048726590629
normal-o3,0,8,suffix-2,16,take-swap-c,0,1048576,524288,1,3057000,1685092048726590629
normal-o3,0,8,suffix-2,16,rust-vec,0,1048576,524288,1,1300000,1685092048726590629
normal-o3,0,8,suffix-2,16,cpp-std-vector,0,1048576,524288,1,1625000,1685092048726590629
normal-o3,0,8,suffix-2,16,reverse-c,1,1048576,524288,1,3290000,5769615109122455387
normal-o3,0,8,suffix-2,16,direct-c,1,1048576,524288,1,1459000,5769615109122455387
normal-o3,0,8,suffix-2,16,swap-take-c,1,1048576,524288,1,2866000,5769615109122455387
normal-o3,0,8,suffix-2,16,take-swap-c,1,1048576,524288,1,3132000,5769615109122455387
normal-o3,0,8,suffix-2,16,rust-vec,1,1048576,524288,1,1303000,5769615109122455387
normal-o3,0,8,suffix-2,16,cpp-std-vector,1,1048576,524288,1,1627000,5769615109122455387
normal-o3,0,8,suffix-2,16,whitefoot,1,1048576,524288,1,1462000,5769615109122455387
normal-o3,0,8,suffix-2,16,direct-c,2,1048576,524288,1,1471000,9854138169518320145
normal-o3,0,8,suffix-2,16,swap-take-c,2,1048576,524288,1,2794000,9854138169518320145
normal-o3,0,8,suffix-2,16,take-swap-c,2,1048576,524288,1,3224000,9854138169518320145
normal-o3,0,8,suffix-2,16,rust-vec,2,1048576,524288,1,1302000,9854138169518320145
normal-o3,0,8,suffix-2,16,cpp-std-vector,2,1048576,524288,1,1630000,9854138169518320145
normal-o3,0,8,suffix-2,16,whitefoot,2,1048576,524288,1,1465000,9854138169518320145
normal-o3,0,8,suffix-2,16,reverse-c,2,1048576,524288,1,3098000,9854138169518320145
normal-o3,0,8,suffix-2,16,swap-take-c,3,1048576,524288,1,2793000,13938661229914184903
normal-o3,0,8,suffix-2,16,take-swap-c,3,1048576,524288,1,3174000,13938661229914184903
normal-o3,0,8,suffix-2,16,rust-vec,3,1048576,524288,1,1320000,13938661229914184903
normal-o3,0,8,suffix-2,16,cpp-std-vector,3,1048576,524288,1,1700000,13938661229914184903
normal-o3,0,8,suffix-2,16,whitefoot,3,1048576,524288,1,1465000,13938661229914184903
normal-o3,0,8,suffix-2,16,reverse-c,3,1048576,524288,1,3200000,13938661229914184903
normal-o3,0,8,suffix-2,16,direct-c,3,1048576,524288,1,1459000,13938661229914184903
normal-o3,0,8,suffix-2,16,take-swap-c,4,1048576,524288,1,3058000,18023184290310049661
normal-o3,0,8,suffix-2,16,rust-vec,4,1048576,524288,1,1302000,18023184290310049661
normal-o3,0,8,suffix-2,16,cpp-std-vector,4,1048576,524288,1,1627000,18023184290310049661
normal-o3,0,8,suffix-2,16,whitefoot,4,1048576,524288,1,1464000,18023184290310049661
normal-o3,0,8,suffix-2,16,reverse-c,4,1048576,524288,1,3278000,18023184290310049661
normal-o3,0,8,suffix-2,16,direct-c,4,1048576,524288,1,1457000,18023184290310049661
normal-o3,0,8,suffix-2,16,swap-take-c,4,1048576,524288,1,2792000,18023184290310049661
normal-o3,0,8,suffix-2,16,rust-vec,5,1048576,524288,1,1302000,3660963276996362803
normal-o3,0,8,suffix-2,16,cpp-std-vector,5,1048576,524288,1,1627000,3660963276996362803
normal-o3,0,8,suffix-2,16,whitefoot,5,1048576,524288,1,1467000,3660963276996362803
normal-o3,0,8,suffix-2,16,reverse-c,5,1048576,524288,1,3277000,3660963276996362803
normal-o3,0,8,suffix-2,16,direct-c,5,1048576,524288,1,1523000,3660963276996362803
normal-o3,0,8,suffix-2,16,swap-take-c,5,1048576,524288,1,2789000,3660963276996362803
normal-o3,0,8,suffix-2,16,take-swap-c,5,1048576,524288,1,3178000,3660963276996362803
normal-o3,0,8,suffix-2,16,cpp-std-vector,6,1048576,524288,1,1628000,7745486337392227561
normal-o3,0,8,suffix-2,16,whitefoot,6,1048576,524288,1,1583000,7745486337392227561
normal-o3,0,8,suffix-2,16,reverse-c,6,1048576,524288,1,3280000,7745486337392227561
normal-o3,0,8,suffix-2,16,direct-c,6,1048576,524288,1,1462000,7745486337392227561
normal-o3,0,8,suffix-2,16,swap-take-c,6,1048576,524288,1,2785000,7745486337392227561
normal-o3,0,8,suffix-2,16,take-swap-c,6,1048576,524288,1,3193000,7745486337392227561
normal-o3,0,8,suffix-2,16,rust-vec,6,1048576,524288,1,1302000,7745486337392227561
normal-o3,0,8,suffix-2,256,whitefoot,0,1048576,524288,1,1465000,4355278901963944061
normal-o3,0,8,suffix-2,256,reverse-c,0,1048576,524288,1,3269000,4355278901963944061
normal-o3,0,8,suffix-2,256,direct-c,0,1048576,524288,1,3137000,4355278901963944061
normal-o3,0,8,suffix-2,256,swap-take-c,0,1048576,524288,1,2792000,4355278901963944061
normal-o3,0,8,suffix-2,256,take-swap-c,0,1048576,524288,1,3276000,4355278901963944061
normal-o3,0,8,suffix-2,256,rust-vec,0,1048576,524288,1,1301000,4355278901963944061
normal-o3,0,8,suffix-2,256,cpp-std-vector,0,1048576,524288,1,1630000,4355278901963944061
normal-o3,0,8,suffix-2,256,reverse-c,1,1048576,524288,1,3245000,15106128288498016595
normal-o3,0,8,suffix-2,256,direct-c,1,1048576,524288,1,4133000,15106128288498016595
normal-o3,0,8,suffix-2,256,swap-take-c,1,1048576,524288,1,2843000,15106128288498016595
normal-o3,0,8,suffix-2,256,take-swap-c,1,1048576,524288,1,3484000,15106128288498016595
normal-o3,0,8,suffix-2,256,rust-vec,1,1048576,524288,1,1341000,15106128288498016595
normal-o3,0,8,suffix-2,256,cpp-std-vector,1,1048576,524288,1,1675000,15106128288498016595
normal-o3,0,8,suffix-2,256,whitefoot,1,1048576,524288,1,1516000,15106128288498016595
normal-o3,0,8,suffix-2,256,direct-c,2,1048576,524288,1,3160000,7410233601322537513
normal-o3,0,8,suffix-2,256,swap-take-c,2,1048576,524288,1,2909000,7410233601322537513
normal-o3,0,8,suffix-2,256,take-swap-c,2,1048576,524288,1,3488000,7410233601322537513
normal-o3,0,8,suffix-2,256,rust-vec,2,1048576,524288,1,1307000,7410233601322537513
normal-o3,0,8,suffix-2,256,cpp-std-vector,2,1048576,524288,1,1631000,7410233601322537513
normal-o3,0,8,suffix-2,256,whitefoot,2,1048576,524288,1,1472000,7410233601322537513
normal-o3,0,8,suffix-2,256,reverse-c,2,1048576,524288,1,3309000,7410233601322537513
normal-o3,0,8,suffix-2,256,swap-take-c,3,1048576,524288,1,2791000,18161082987856610047
normal-o3,0,8,suffix-2,256,take-swap-c,3,1048576,524288,1,3323000,18161082987856610047
normal-o3,0,8,suffix-2,256,rust-vec,3,1048576,524288,1,1302000,18161082987856610047
normal-o3,0,8,suffix-2,256,cpp-std-vector,3,1048576,524288,1,1629000,18161082987856610047
normal-o3,0,8,suffix-2,256,whitefoot,3,1048576,524288,1,1462000,18161082987856610047
normal-o3,0,8,suffix-2,256,reverse-c,3,1048576,524288,1,3203000,18161082987856610047
normal-o3,0,8,suffix-2,256,direct-c,3,1048576,524288,1,2737000,18161082987856610047
normal-o3,0,8,suffix-2,256,take-swap-c,4,1048576,524288,1,3402000,10465188300681130965
normal-o3,0,8,suffix-2,256,rust-vec,4,1048576,524288,1,1300000,10465188300681130965
normal-o3,0,8,suffix-2,256,cpp-std-vector,4,1048576,524288,1,1625000,10465188300681130965
normal-o3,0,8,suffix-2,256,whitefoot,4,1048576,524288,1,1462000,10465188300681130965
normal-o3,0,8,suffix-2,256,reverse-c,4,1048576,524288,1,3281000,10465188300681130965
normal-o3,0,8,suffix-2,256,direct-c,4,1048576,524288,1,2753000,10465188300681130965
normal-o3,0,8,suffix-2,256,swap-take-c,4,1048576,524288,1,2818000,10465188300681130965
normal-o3,0,8,suffix-2,256,rust-vec,5,1048576,524288,1,1300000,2769293613505651883
normal-o3,0,8,suffix-2,256,cpp-std-vector,5,1048576,524288,1,1648000,2769293613505651883
normal-o3,0,8,suffix-2,256,whitefoot,5,1048576,524288,1,1537000,2769293613505651883
normal-o3,0,8,suffix-2,256,reverse-c,5,1048576,524288,1,3304000,2769293613505651883
normal-o3,0,8,suffix-2,256,direct-c,5,1048576,524288,1,3046000,2769293613505651883
normal-o3,0,8,suffix-2,256,swap-take-c,5,1048576,524288,1,2885000,2769293613505651883
normal-o3,0,8,suffix-2,256,take-swap-c,5,1048576,524288,1,3346000,2769293613505651883
normal-o3,0,8,suffix-2,256,cpp-std-vector,6,1048576,524288,1,1676000,13520143000039724417
normal-o3,0,8,suffix-2,256,whitefoot,6,1048576,524288,1,1508000,13520143000039724417
normal-o3,0,8,suffix-2,256,reverse-c,6,1048576,524288,1,3303000,13520143000039724417
normal-o3,0,8,suffix-2,256,direct-c,6,1048576,524288,1,1607000,13520143000039724417
normal-o3,0,8,suffix-2,256,swap-take-c,6,1048576,524288,1,2836000,13520143000039724417
normal-o3,0,8,suffix-2,256,take-swap-c,6,1048576,524288,1,3401000,13520143000039724417
normal-o3,0,8,suffix-2,256,rust-vec,6,1048576,524288,1,1351000,13520143000039724417
normal-o3,0,8,suffix-2,4096,whitefoot,0,1048576,524288,1,1542000,16133918569289551357
normal-o3,0,8,suffix-2,4096,reverse-c,0,1048576,524288,1,3329000,16133918569289551357
normal-o3,0,8,suffix-2,4096,direct-c,0,1048576,524288,1,3740000,16133918569289551357
normal-o3,0,8,suffix-2,4096,swap-take-c,0,1048576,524288,1,2803000,16133918569289551357
normal-o3,0,8,suffix-2,4096,take-swap-c,0,1048576,524288,1,3322000,16133918569289551357
normal-o3,0,8,suffix-2,4096,rust-vec,0,1048576,524288,1,1367000,16133918569289551357
normal-o3,0,8,suffix-2,4096,cpp-std-vector,0,1048576,524288,1,1638000,16133918569289551357
normal-o3,0,8,suffix-2,4096,reverse-c,1,1048576,524288,1,3259000,17698322704188874963
normal-o3,0,8,suffix-2,4096,direct-c,1,1048576,524288,1,3620000,17698322704188874963
normal-o3,0,8,suffix-2,4096,swap-take-c,1,1048576,524288,1,2818000,17698322704188874963
normal-o3,0,8,suffix-2,4096,take-swap-c,1,1048576,524288,1,3255000,17698322704188874963
normal-o3,0,8,suffix-2,4096,rust-vec,1,1048576,524288,1,1305000,17698322704188874963
normal-o3,0,8,suffix-2,4096,cpp-std-vector,1,1048576,524288,1,1640000,17698322704188874963
normal-o3,0,8,suffix-2,4096,whitefoot,1,1048576,524288,1,1471000,17698322704188874963
normal-o3,0,8,suffix-2,4096,direct-c,2,1048576,524288,1,3493000,815982765378646953
normal-o3,0,8,suffix-2,4096,swap-take-c,2,1048576,524288,1,2823000,815982765378646953
normal-o3,0,8,suffix-2,4096,take-swap-c,2,1048576,524288,1,3259000,815982765378646953
normal-o3,0,8,suffix-2,4096,rust-vec,2,1048576,524288,1,1361000,815982765378646953
normal-o3,0,8,suffix-2,4096,cpp-std-vector,2,1048576,524288,1,1680000,815982765378646953
normal-o3,0,8,suffix-2,4096,whitefoot,2,1048576,524288,1,1491000,815982765378646953
normal-o3,0,8,suffix-2,4096,reverse-c,2,1048576,524288,1,3222000,815982765378646953
normal-o3,0,8,suffix-2,4096,swap-take-c,3,1048576,524288,1,2937000,2380386900277970559
normal-o3,0,8,suffix-2,4096,take-swap-c,3,1048576,524288,1,3382000,2380386900277970559
normal-o3,0,8,suffix-2,4096,rust-vec,3,1048576,524288,1,1308000,2380386900277970559
normal-o3,0,8,suffix-2,4096,cpp-std-vector,3,1048576,524288,1,1645000,2380386900277970559
normal-o3,0,8,suffix-2,4096,whitefoot,3,1048576,524288,1,1471000,2380386900277970559
normal-o3,0,8,suffix-2,4096,reverse-c,3,1048576,524288,1,3251000,2380386900277970559
normal-o3,0,8,suffix-2,4096,direct-c,3,1048576,524288,1,3546000,2380386900277970559
normal-o3,0,8,suffix-2,4096,take-swap-c,4,1048576,524288,1,3374000,3944791035177294165
normal-o3,0,8,suffix-2,4096,rust-vec,4,1048576,524288,1,1305000,3944791035177294165
normal-o3,0,8,suffix-2,4096,cpp-std-vector,4,1048576,524288,1,1635000,3944791035177294165
normal-o3,0,8,suffix-2,4096,whitefoot,4,1048576,524288,1,1530000,3944791035177294165
normal-o3,0,8,suffix-2,4096,reverse-c,4,1048576,524288,1,3344000,3944791035177294165
normal-o3,0,8,suffix-2,4096,direct-c,4,1048576,524288,1,3875000,3944791035177294165
normal-o3,0,8,suffix-2,4096,swap-take-c,4,1048576,524288,1,2806000,3944791035177294165
normal-o3,0,8,suffix-2,4096,rust-vec,5,1048576,524288,1,1308000,5509195170076617771
normal-o3,0,8,suffix-2,4096,cpp-std-vector,5,1048576,524288,1,1635000,5509195170076617771
normal-o3,0,8,suffix-2,4096,whitefoot,5,1048576,524288,1,1468000,5509195170076617771
normal-o3,0,8,suffix-2,4096,reverse-c,5,1048576,524288,1,3250000,5509195170076617771
normal-o3,0,8,suffix-2,4096,direct-c,5,1048576,524288,1,3008000,5509195170076617771
normal-o3,0,8,suffix-2,4096,swap-take-c,5,1048576,524288,1,2795000,5509195170076617771
normal-o3,0,8,suffix-2,4096,take-swap-c,5,1048576,524288,1,3242000,5509195170076617771
normal-o3,0,8,suffix-2,4096,cpp-std-vector,6,1048576,524288,1,1635000,7073599304975941377
normal-o3,0,8,suffix-2,4096,whitefoot,6,1048576,524288,1,1489000,7073599304975941377
normal-o3,0,8,suffix-2,4096,reverse-c,6,1048576,524288,1,3317000,7073599304975941377
normal-o3,0,8,suffix-2,4096,direct-c,6,1048576,524288,1,3408000,7073599304975941377
normal-o3,0,8,suffix-2,4096,swap-take-c,6,1048576,524288,1,2802000,7073599304975941377
normal-o3,0,8,suffix-2,4096,take-swap-c,6,1048576,524288,1,3392000,7073599304975941377
normal-o3,0,8,suffix-2,4096,rust-vec,6,1048576,524288,1,1309000,7073599304975941377
normal-o3,0,8,suffix-3,16,whitefoot,0,1048576,349525,1,1413000,3578158727730397437
normal-o3,0,8,suffix-3,16,reverse-c,0,1048576,349525,1,2479000,3578158727730397437
normal-o3,0,8,suffix-3,16,direct-c,0,1048576,349525,1,1323000,3578158727730397437
normal-o3,0,8,suffix-3,16,swap-take-c,0,1048576,349525,1,2202000,3578158727730397437
normal-o3,0,8,suffix-3,16,take-swap-c,0,1048576,349525,1,2299000,3578158727730397437
normal-o3,0,8,suffix-3,16,rust-vec,0,1048576,349525,1,1304000,3578158727730397437
normal-o3,0,8,suffix-3,16,cpp-std-vector,0,1048576,349525,1,1736000,3578158727730397437
normal-o3,0,8,suffix-3,16,reverse-c,1,1048576,349525,1,2481000,10503294698975091330
normal-o3,0,8,suffix-3,16,direct-c,1,1048576,349525,1,1357000,10503294698975091330
normal-o3,0,8,suffix-3,16,swap-take-c,1,1048576,349525,1,2314000,10503294698975091330
normal-o3,0,8,suffix-3,16,take-swap-c,1,1048576,349525,1,2265000,10503294698975091330
normal-o3,0,8,suffix-3,16,rust-vec,1,1048576,349525,1,1300000,10503294698975091330
normal-o3,0,8,suffix-3,16,cpp-std-vector,1,1048576,349525,1,1734000,10503294698975091330
normal-o3,0,8,suffix-3,16,whitefoot,1,1048576,349525,1,1409000,10503294698975091330
normal-o3,0,8,suffix-3,16,direct-c,2,1048576,349525,1,1334000,17428430670219785223
normal-o3,0,8,suffix-3,16,swap-take-c,2,1048576,349525,1,2215000,17428430670219785223
normal-o3,0,8,suffix-3,16,take-swap-c,2,1048576,349525,1,2269000,17428430670219785223
normal-o3,0,8,suffix-3,16,rust-vec,2,1048576,349525,1,1303000,17428430670219785223
normal-o3,0,8,suffix-3,16,cpp-std-vector,2,1048576,349525,1,1733000,17428430670219785223
normal-o3,0,8,suffix-3,16,whitefoot,2,1048576,349525,1,1415000,17428430670219785223
normal-o3,0,8,suffix-3,16,reverse-c,2,1048576,349525,1,2470000,17428430670219785223
normal-o3,0,8,suffix-3,16,swap-take-c,3,1048576,349525,1,2206000,5906822567754927500
normal-o3,0,8,suffix-3,16,take-swap-c,3,1048576,349525,1,2289000,5906822567754927500
normal-o3,0,8,suffix-3,16,rust-vec,3,1048576,349525,1,1303000,5906822567754927500
normal-o3,0,8,suffix-3,16,cpp-std-vector,3,1048576,349525,1,1740000,5906822567754927500
normal-o3,0,8,suffix-3,16,whitefoot,3,1048576,349525,1,1411000,5906822567754927500
normal-o3,0,8,suffix-3,16,reverse-c,3,1048576,349525,1,2558000,5906822567754927500
normal-o3,0,8,suffix-3,16,direct-c,3,1048576,349525,1,1319000,5906822567754927500
normal-o3,0,8,suffix-3,16,take-swap-c,4,1048576,349525,1,2278000,12831958538999621393
normal-o3,0,8,suffix-3,16,rust-vec,4,1048576,349525,1,1342000,12831958538999621393
normal-o3,0,8,suffix-3,16,cpp-std-vector,4,1048576,349525,1,1747000,12831958538999621393
normal-o3,0,8,suffix-3,16,whitefoot,4,1048576,349525,1,1420000,12831958538999621393
normal-o3,0,8,suffix-3,16,reverse-c,4,1048576,349525,1,2471000,12831958538999621393
normal-o3,0,8,suffix-3,16,direct-c,4,1048576,349525,1,1320000,12831958538999621393
normal-o3,0,8,suffix-3,16,swap-take-c,4,1048576,349525,1,2240000,12831958538999621393
normal-o3,0,8,suffix-3,16,rust-vec,5,1048576,349525,1,1299000,1310350436534763670
normal-o3,0,8,suffix-3,16,cpp-std-vector,5,1048576,349525,1,1740000,1310350436534763670
normal-o3,0,8,suffix-3,16,whitefoot,5,1048576,349525,1,1410000,1310350436534763670
normal-o3,0,8,suffix-3,16,reverse-c,5,1048576,349525,1,2464000,1310350436534763670
normal-o3,0,8,suffix-3,16,direct-c,5,1048576,349525,1,1321000,1310350436534763670
normal-o3,0,8,suffix-3,16,swap-take-c,5,1048576,349525,1,2231000,1310350436534763670
normal-o3,0,8,suffix-3,16,take-swap-c,5,1048576,349525,1,2292000,1310350436534763670
normal-o3,0,8,suffix-3,16,cpp-std-vector,6,1048576,349525,1,1735000,8235486407779457563
normal-o3,0,8,suffix-3,16,whitefoot,6,1048576,349525,1,1471000,8235486407779457563
normal-o3,0,8,suffix-3,16,reverse-c,6,1048576,349525,1,2499000,8235486407779457563
normal-o3,0,8,suffix-3,16,direct-c,6,1048576,349525,1,1325000,8235486407779457563
normal-o3,0,8,suffix-3,16,swap-take-c,6,1048576,349525,1,2222000,8235486407779457563
normal-o3,0,8,suffix-3,16,take-swap-c,6,1048576,349525,1,2273000,8235486407779457563
normal-o3,0,8,suffix-3,16,rust-vec,6,1048576,349525,1,1307000,8235486407779457563
normal-o3,0,8,suffix-3,256,whitefoot,0,1048576,349525,1,1411000,17932052123014486501
normal-o3,0,8,suffix-3,256,reverse-c,0,1048576,349525,1,2553000,17932052123014486501
normal-o3,0,8,suffix-3,256,direct-c,0,1048576,349525,1,1392000,17932052123014486501
normal-o3,0,8,suffix-3,256,swap-take-c,0,1048576,349525,1,2266000,17932052123014486501
normal-o3,0,8,suffix-3,256,take-swap-c,0,1048576,349525,1,2304000,17932052123014486501
normal-o3,0,8,suffix-3,256,rust-vec,0,1048576,349525,1,1303000,17932052123014486501
normal-o3,0,8,suffix-3,256,cpp-std-vector,0,1048576,349525,1,1733000,17932052123014486501
normal-o3,0,8,suffix-3,256,reverse-c,1,1048576,349525,1,2551000,6179702327257408202
normal-o3,0,8,suffix-3,256,direct-c,1,1048576,349525,1,1386000,6179702327257408202
normal-o3,0,8,suffix-3,256,swap-take-c,1,1048576,349525,1,2267000,6179702327257408202
normal-o3,0,8,suffix-3,256,take-swap-c,1,1048576,349525,1,2376000,6179702327257408202
normal-o3,0,8,suffix-3,256,rust-vec,1,1048576,349525,1,1300000,6179702327257408202
normal-o3,0,8,suffix-3,256,cpp-std-vector,1,1048576,349525,1,1733000,6179702327257408202
normal-o3,0,8,suffix-3,256,whitefoot,1,1048576,349525,1,1411000,6179702327257408202
normal-o3,0,8,suffix-3,256,direct-c,2,1048576,349525,1,1358000,12874096605209881519
normal-o3,0,8,suffix-3,256,swap-take-c,2,1048576,349525,1,2255000,12874096605209881519
normal-o3,0,8,suffix-3,256,take-swap-c,2,1048576,349525,1,2308000,12874096605209881519
normal-o3,0,8,suffix-3,256,rust-vec,2,1048576,349525,1,1300000,12874096605209881519
normal-o3,0,8,suffix-3,256,cpp-std-vector,2,1048576,349525,1,1736000,12874096605209881519
normal-o3,0,8,suffix-3,256,whitefoot,2,1048576,349525,1,1408000,12874096605209881519
normal-o3,0,8,suffix-3,256,reverse-c,2,1048576,349525,1,2558000,12874096605209881519
normal-o3,0,8,suffix-3,256,swap-take-c,3,1048576,349525,1,2403000,1121746809452803220
normal-o3,0,8,suffix-3,256,take-swap-c,3,1048576,349525,1,2325000,1121746809452803220
normal-o3,0,8,suffix-3,256,rust-vec,3,1048576,349525,1,1300000,1121746809452803220
normal-o3,0,8,suffix-3,256,cpp-std-vector,3,1048576,349525,1,1736000,1121746809452803220
normal-o3,0,8,suffix-3,256,whitefoot,3,1048576,349525,1,1415000,1121746809452803220
normal-o3,0,8,suffix-3,256,reverse-c,3,1048576,349525,1,2555000,1121746809452803220
normal-o3,0,8,suffix-3,256,direct-c,3,1048576,349525,1,1385000,1121746809452803220
normal-o3,0,8,suffix-3,256,take-swap-c,4,1048576,349525,1,2440000,7816141087405276537
normal-o3,0,8,suffix-3,256,rust-vec,4,1048576,349525,1,1302000,7816141087405276537
normal-o3,0,8,suffix-3,256,cpp-std-vector,4,1048576,349525,1,1736000,7816141087405276537
normal-o3,0,8,suffix-3,256,whitefoot,4,1048576,349525,1,1411000,7816141087405276537
normal-o3,0,8,suffix-3,256,reverse-c,4,1048576,349525,1,2561000,7816141087405276537
normal-o3,0,8,suffix-3,256,direct-c,4,1048576,349525,1,1379000,7816141087405276537
normal-o3,0,8,suffix-3,256,swap-take-c,4,1048576,349525,1,2252000,7816141087405276537
normal-o3,0,8,suffix-3,256,rust-vec,5,1048576,349525,1,1300000,14510535365357749854
normal-o3,0,8,suffix-3,256,cpp-std-vector,5,1048576,349525,1,1736000,14510535365357749854
normal-o3,0,8,suffix-3,256,whitefoot,5,1048576,349525,1,1409000,14510535365357749854
normal-o3,0,8,suffix-3,256,reverse-c,5,1048576,349525,1,2563000,14510535365357749854
normal-o3,0,8,suffix-3,256,direct-c,5,1048576,349525,1,1375000,14510535365357749854
normal-o3,0,8,suffix-3,256,swap-take-c,5,1048576,349525,1,2260000,14510535365357749854
normal-o3,0,8,suffix-3,256,take-swap-c,5,1048576,349525,1,2348000,14510535365357749854
normal-o3,0,8,suffix-3,256,cpp-std-vector,6,1048576,349525,1,1740000,2758185569600671555
normal-o3,0,8,suffix-3,256,whitefoot,6,1048576,349525,1,1408000,2758185569600671555
normal-o3,0,8,suffix-3,256,reverse-c,6,1048576,349525,1,2615000,2758185569600671555
normal-o3,0,8,suffix-3,256,direct-c,6,1048576,349525,1,1386000,2758185569600671555
normal-o3,0,8,suffix-3,256,swap-take-c,6,1048576,349525,1,2679000,2758185569600671555
normal-o3,0,8,suffix-3,256,take-swap-c,6,1048576,349525,1,2402000,2758185569600671555
normal-o3,0,8,suffix-3,256,rust-vec,6,1048576,349525,1,1303000,2758185569600671555
normal-o3,0,8,suffix-3,4096,whitefoot,0,1048576,349525,1,1418000,13042235847276202085
normal-o3,0,8,suffix-3,4096,reverse-c,0,1048576,349525,1,2556000,13042235847276202085
normal-o3,0,8,suffix-3,4096,direct-c,0,1048576,349525,1,1389000,13042235847276202085
normal-o3,0,8,suffix-3,4096,swap-take-c,0,1048576,349525,1,2242000,13042235847276202085
normal-o3,0,8,suffix-3,4096,take-swap-c,0,1048576,349525,1,2473000,13042235847276202085
normal-o3,0,8,suffix-3,4096,rust-vec,0,1048576,349525,1,1306000,13042235847276202085
normal-o3,0,8,suffix-3,4096,cpp-std-vector,0,1048576,349525,1,1741000,13042235847276202085
normal-o3,0,8,suffix-3,4096,reverse-c,1,1048576,349525,1,2562000,12907392256605062986
normal-o3,0,8,suffix-3,4096,direct-c,1,1048576,349525,1,1514000,12907392256605062986
normal-o3,0,8,suffix-3,4096,swap-take-c,1,1048576,349525,1,2288000,12907392256605062986
normal-o3,0,8,suffix-3,4096,take-swap-c,1,1048576,349525,1,2417000,12907392256605062986
normal-o3,0,8,suffix-3,4096,rust-vec,1,1048576,349525,1,1315000,12907392256605062986
normal-o3,0,8,suffix-3,4096,cpp-std-vector,1,1048576,349525,1,1770000,12907392256605062986
normal-o3,0,8,suffix-3,4096,whitefoot,1,1048576,349525,1,1450000,12907392256605062986
normal-o3,0,8,suffix-3,4096,direct-c,2,1048576,349525,1,1402000,12772548665933923887
normal-o3,0,8,suffix-3,4096,swap-take-c,2,1048576,349525,1,2246000,12772548665933923887
normal-o3,0,8,suffix-3,4096,take-swap-c,2,1048576,349525,1,2439000,12772548665933923887
normal-o3,0,8,suffix-3,4096,rust-vec,2,1048576,349525,1,1311000,12772548665933923887
normal-o3,0,8,suffix-3,4096,cpp-std-vector,2,1048576,349525,1,1754000,12772548665933923887
normal-o3,0,8,suffix-3,4096,whitefoot,2,1048576,349525,1,1413000,12772548665933923887
normal-o3,0,8,suffix-3,4096,reverse-c,2,1048576,349525,1,2562000,12772548665933923887
normal-o3,0,8,suffix-3,4096,swap-take-c,3,1048576,349525,1,2227000,12637705075262784788
normal-o3,0,8,suffix-3,4096,take-swap-c,3,1048576,349525,1,2384000,12637705075262784788
normal-o3,0,8,suffix-3,4096,rust-vec,3,1048576,349525,1,1305000,12637705075262784788
normal-o3,0,8,suffix-3,4096,cpp-std-vector,3,1048576,349525,1,1743000,12637705075262784788
normal-o3,0,8,suffix-3,4096,whitefoot,3,1048576,349525,1,1416000,12637705075262784788
normal-o3,0,8,suffix-3,4096,reverse-c,3,1048576,349525,1,2559000,12637705075262784788
normal-o3,0,8,suffix-3,4096,direct-c,3,1048576,349525,1,1405000,12637705075262784788
normal-o3,0,8,suffix-3,4096,take-swap-c,4,1048576,349525,1,2523000,12502861484591645689
normal-o3,0,8,suffix-3,4096,rust-vec,4,1048576,349525,1,1312000,12502861484591645689
normal-o3,0,8,suffix-3,4096,cpp-std-vector,4,1048576,349525,1,1741000,12502861484591645689
normal-o3,0,8,suffix-3,4096,whitefoot,4,1048576,349525,1,1414000,12502861484591645689
normal-o3,0,8,suffix-3,4096,reverse-c,4,1048576,349525,1,2560000,12502861484591645689
normal-o3,0,8,suffix-3,4096,direct-c,4,1048576,349525,1,1398000,12502861484591645689
normal-o3,0,8,suffix-3,4096,swap-take-c,4,1048576,349525,1,2370000,12502861484591645689
normal-o3,0,8,suffix-3,4096,rust-vec,5,1048576,349525,1,1317000,12368017893920506590
normal-o3,0,8,suffix-3,4096,cpp-std-vector,5,1048576,349525,1,1740000,12368017893920506590
normal-o3,0,8,suffix-3,4096,whitefoot,5,1048576,349525,1,1416000,12368017893920506590
normal-o3,0,8,suffix-3,4096,reverse-c,5,1048576,349525,1,2561000,12368017893920506590
normal-o3,0,8,suffix-3,4096,direct-c,5,1048576,349525,1,1386000,12368017893920506590
normal-o3,0,8,suffix-3,4096,swap-take-c,5,1048576,349525,1,2256000,12368017893920506590
normal-o3,0,8,suffix-3,4096,take-swap-c,5,1048576,349525,1,2290000,12368017893920506590
normal-o3,0,8,suffix-3,4096,cpp-std-vector,6,1048576,349525,1,1741000,12233174303249367491
normal-o3,0,8,suffix-3,4096,whitefoot,6,1048576,349525,1,1419000,12233174303249367491
normal-o3,0,8,suffix-3,4096,reverse-c,6,1048576,349525,1,2555000,12233174303249367491
normal-o3,0,8,suffix-3,4096,direct-c,6,1048576,349525,1,1416000,12233174303249367491
normal-o3,0,8,suffix-3,4096,swap-take-c,6,1048576,349525,1,2306000,12233174303249367491
normal-o3,0,8,suffix-3,4096,take-swap-c,6,1048576,349525,1,2448000,12233174303249367491
normal-o3,0,8,suffix-3,4096,rust-vec,6,1048576,349525,1,1310000,12233174303249367491
normal-o3,0,256,reserved,16,whitefoot,0,1048576,65536,1,42590000,16095999890136793189
normal-o3,0,256,reserved,16,reverse-c,0,1048576,65536,1,49957000,16095999890136793189
normal-o3,0,256,reserved,16,direct-c,0,1048576,65536,1,45799000,16095999890136793189
normal-o3,0,256,reserved,16,swap-take-c,0,1048576,65536,1,50362000,16095999890136793189
normal-o3,0,256,reserved,16,take-swap-c,0,1048576,65536,1,47591000,16095999890136793189
normal-o3,0,256,reserved,16,rust-vec,0,1048576,65536,1,41389000,16095999890136793189
normal-o3,0,256,reserved,16,cpp-std-vector,0,1048576,65536,1,44313000,16095999890136793189
normal-o3,0,256,reserved,16,reverse-c,1,1048576,65536,1,50035000,10905710204835692646
normal-o3,0,256,reserved,16,direct-c,1,1048576,65536,1,45758000,10905710204835692646
normal-o3,0,256,reserved,16,swap-take-c,1,1048576,65536,1,49473000,10905710204835692646
normal-o3,0,256,reserved,16,take-swap-c,1,1048576,65536,1,46636000,10905710204835692646
normal-o3,0,256,reserved,16,rust-vec,1,1048576,65536,1,41717000,10905710204835692646
normal-o3,0,256,reserved,16,cpp-std-vector,1,1048576,65536,1,45420000,10905710204835692646
normal-o3,0,256,reserved,16,whitefoot,1,1048576,65536,1,42226000,10905710204835692646
normal-o3,0,256,reserved,16,direct-c,2,1048576,65536,1,45737000,1136678281099509863
normal-o3,0,256,reserved,16,swap-take-c,2,1048576,65536,1,49444000,1136678281099509863
normal-o3,0,256,reserved,16,take-swap-c,2,1048576,65536,1,46021000,1136678281099509863
normal-o3,0,256,reserved,16,rust-vec,2,1048576,65536,1,41446000,1136678281099509863
normal-o3,0,256,reserved,16,cpp-std-vector,2,1048576,65536,1,45009000,1136678281099509863
normal-o3,0,256,reserved,16,whitefoot,2,1048576,65536,1,43509000,1136678281099509863
normal-o3,0,256,reserved,16,reverse-c,2,1048576,65536,1,50252000,1136678281099509863
normal-o3,0,256,reserved,16,swap-take-c,3,1048576,65536,1,49361000,1916000061831479400
normal-o3,0,256,reserved,16,take-swap-c,3,1048576,65536,1,46366000,1916000061831479400
normal-o3,0,256,reserved,16,rust-vec,3,1048576,65536,1,42861000,1916000061831479400
normal-o3,0,256,reserved,16,cpp-std-vector,3,1048576,65536,1,44803000,1916000061831479400
normal-o3,0,256,reserved,16,whitefoot,3,1048576,65536,1,42110000,1916000061831479400
normal-o3,0,256,reserved,16,reverse-c,3,1048576,65536,1,50132000,1916000061831479400
normal-o3,0,256,reserved,16,direct-c,3,1048576,65536,1,45717000,1916000061831479400
normal-o3,0,256,reserved,16,take-swap-c,4,1048576,65536,1,46048000,317124334665105513
normal-o3,0,256,reserved,16,rust-vec,4,1048576,65536,1,41353000,317124334665105513
normal-o3,0,256,reserved,16,cpp-std-vector,4,1048576,65536,1,44401000,317124334665105513
normal-o3,0,256,reserved,16,whitefoot,4,1048576,65536,1,42111000,317124334665105513
normal-o3,0,256,reserved,16,reverse-c,4,1048576,65536,1,51070000,317124334665105513
normal-o3,0,256,reserved,16,direct-c,4,1048576,65536,1,45844000,317124334665105513
normal-o3,0,256,reserved,16,swap-take-c,4,1048576,65536,1,49414000,317124334665105513
normal-o3,0,256,reserved,16,rust-vec,5,1048576,65536,1,41406000,16344508304658628714
normal-o3,0,256,reserved,16,cpp-std-vector,5,1048576,65536,1,44370000,16344508304658628714
normal-o3,0,256,reserved,16,whitefoot,5,1048576,65536,1,42312000,16344508304658628714
normal-o3,0,256,reserved,16,reverse-c,5,1048576,65536,1,50026000,16344508304658628714
normal-o3,0,256,reserved,16,direct-c,5,1048576,65536,1,45712000,16344508304658628714
normal-o3,0,256,reserved,16,swap-take-c,5,1048576,65536,1,49517000,16344508304658628714
normal-o3,0,256,reserved,16,take-swap-c,5,1048576,65536,1,45990000,16344508304658628714
normal-o3,0,256,reserved,16,cpp-std-vector,6,1048576,65536,1,44301000,17728104047323021419
normal-o3,0,256,reserved,16,whitefoot,6,1048576,65536,1,43795000,17728104047323021419
normal-o3,0,256,reserved,16,reverse-c,6,1048576,65536,1,51063000,17728104047323021419
normal-o3,0,256,reserved,16,direct-c,6,1048576,65536,1,45713000,17728104047323021419
normal-o3,0,256,reserved,16,swap-take-c,6,1048576,65536,1,49440000,17728104047323021419
normal-o3,0,256,reserved,16,take-swap-c,6,1048576,65536,1,45998000,17728104047323021419
normal-o3,0,256,reserved,16,rust-vec,6,1048576,65536,1,41420000,17728104047323021419
normal-o3,0,256,reserved,256,whitefoot,0,1048576,4096,1,39303000,5774473182449584229
normal-o3,0,256,reserved,256,reverse-c,0,1048576,4096,1,46691000,5774473182449584229
normal-o3,0,256,reserved,256,direct-c,0,1048576,4096,1,41333000,5774473182449584229
normal-o3,0,256,reserved,256,swap-take-c,0,1048576,4096,1,44150000,5774473182449584229
normal-o3,0,256,reserved,256,take-swap-c,0,1048576,4096,1,42455000,5774473182449584229
normal-o3,0,256,reserved,256,rust-vec,0,1048576,4096,1,39025000,5774473182449584229
normal-o3,0,256,reserved,256,cpp-std-vector,0,1048576,4096,1,41964000,5774473182449584229
normal-o3,0,256,reserved,256,reverse-c,1,1048576,4096,1,46675000,730816566922926182
normal-o3,0,256,reserved,256,direct-c,1,1048576,4096,1,41083000,730816566922926182
normal-o3,0,256,reserved,256,swap-take-c,1,1048576,4096,1,43611000,730816566922926182
normal-o3,0,256,reserved,256,take-swap-c,1,1048576,4096,1,41454000,730816566922926182
normal-o3,0,256,reserved,256,rust-vec,1,1048576,4096,1,39232000,730816566922926182
normal-o3,0,256,reserved,256,cpp-std-vector,1,1048576,4096,1,41802000,730816566922926182
normal-o3,0,256,reserved,256,whitefoot,1,1048576,4096,1,39310000,730816566922926182
normal-o3,0,256,reserved,256,direct-c,2,1048576,4096,1,42452000,3951699326411303015
normal-o3,0,256,reserved,256,swap-take-c,2,1048576,4096,1,43953000,3951699326411303015
normal-o3,0,256,reserved,256,take-swap-c,2,1048576,4096,1,41401000,3951699326411303015
normal-o3,0,256,reserved,256,rust-vec,2,1048576,4096,1,39066000,3951699326411303015
normal-o3,0,256,reserved,256,cpp-std-vector,2,1048576,4096,1,41759000,3951699326411303015
normal-o3,0,256,reserved,256,whitefoot,2,1048576,4096,1,39349000,3951699326411303015
normal-o3,0,256,reserved,256,reverse-c,2,1048576,4096,1,46624000,3951699326411303015
normal-o3,0,256,reserved,256,swap-take-c,3,1048576,4096,1,43686000,4669976213855500392
normal-o3,0,256,reserved,256,take-swap-c,3,1048576,4096,1,41610000,4669976213855500392
normal-o3,0,256,reserved,256,rust-vec,3,1048576,4096,1,39111000,4669976213855500392
normal-o3,0,256,reserved,256,cpp-std-vector,3,1048576,4096,1,41695000,4669976213855500392
normal-o3,0,256,reserved,256,whitefoot,3,1048576,4096,1,39332000,4669976213855500392
normal-o3,0,256,reserved,256,reverse-c,3,1048576,4096,1,46634000,4669976213855500392
normal-o3,0,256,reserved,256,direct-c,3,1048576,4096,1,41836000,4669976213855500392
normal-o3,0,256,reserved,256,take-swap-c,4,1048576,4096,1,41406000,4748812814999455849
normal-o3,0,256,reserved,256,rust-vec,4,1048576,4096,1,39151000,4748812814999455849
normal-o3,0,256,reserved,256,cpp-std-vector,4,1048576,4096,1,41834000,4748812814999455849
normal-o3,0,256,reserved,256,whitefoot,4,1048576,4096,1,39284000,4748812814999455849
normal-o3,0,256,reserved,256,reverse-c,4,1048576,4096,1,46600000,4748812814999455849
normal-o3,0,256,reserved,256,direct-c,4,1048576,4096,1,41112000,4748812814999455849
normal-o3,0,256,reserved,256,swap-take-c,4,1048576,4096,1,44000000,4748812814999455849
normal-o3,0,256,reserved,256,rust-vec,5,1048576,4096,1,39361000,9617966251147630698
normal-o3,0,256,reserved,256,cpp-std-vector,5,1048576,4096,1,43186000,9617966251147630698
normal-o3,0,256,reserved,256,whitefoot,5,1048576,4096,1,39538000,9617966251147630698
normal-o3,0,256,reserved,256,reverse-c,5,1048576,4096,1,46503000,9617966251147630698
normal-o3,0,256,reserved,256,direct-c,5,1048576,4096,1,41059000,9617966251147630698
normal-o3,0,256,reserved,256,swap-take-c,5,1048576,4096,1,43597000,9617966251147630698
normal-o3,0,256,reserved,256,take-swap-c,5,1048576,4096,1,41377000,9617966251147630698
normal-o3,0,256,reserved,256,cpp-std-vector,6,1048576,4096,1,41742000,14780350119149938795
normal-o3,0,256,reserved,256,whitefoot,6,1048576,4096,1,39316000,14780350119149938795
normal-o3,0,256,reserved,256,reverse-c,6,1048576,4096,1,46572000,14780350119149938795
normal-o3,0,256,reserved,256,direct-c,6,1048576,4096,1,41369000,14780350119149938795
normal-o3,0,256,reserved,256,swap-take-c,6,1048576,4096,1,44303000,14780350119149938795
normal-o3,0,256,reserved,256,take-swap-c,6,1048576,4096,1,41402000,14780350119149938795
normal-o3,0,256,reserved,256,rust-vec,6,1048576,4096,1,39024000,14780350119149938795
normal-o3,0,256,reserved,4096,whitefoot,0,1048576,256,1,41656000,7990118519889974501
normal-o3,0,256,reserved,4096,reverse-c,0,1048576,256,1,49503000,7990118519889974501
normal-o3,0,256,reserved,4096,direct-c,0,1048576,256,1,42884000,7990118519889974501
normal-o3,0,256,reserved,4096,swap-take-c,0,1048576,256,1,45221000,7990118519889974501
normal-o3,0,256,reserved,4096,take-swap-c,0,1048576,256,1,43050000,7990118519889974501
normal-o3,0,256,reserved,4096,rust-vec,0,1048576,256,1,40894000,7990118519889974501
normal-o3,0,256,reserved,4096,cpp-std-vector,0,1048576,256,1,43444000,7990118519889974501
normal-o3,0,256,reserved,4096,reverse-c,1,1048576,256,1,51295000,10660244701728609766
normal-o3,0,256,reserved,4096,direct-c,1,1048576,256,1,42809000,10660244701728609766
normal-o3,0,256,reserved,4096,swap-take-c,1,1048576,256,1,45265000,10660244701728609766
normal-o3,0,256,reserved,4096,take-swap-c,1,1048576,256,1,43216000,10660244701728609766
normal-o3,0,256,reserved,4096,rust-vec,1,1048576,256,1,40841000,10660244701728609766
normal-o3,0,256,reserved,4096,cpp-std-vector,1,1048576,256,1,43566000,10660244701728609766
normal-o3,0,256,reserved,4096,whitefoot,1,1048576,256,1,40934000,10660244701728609766
normal-o3,0,256,reserved,4096,direct-c,2,1048576,256,1,42964000,3495536164771485415
normal-o3,0,256,reserved,4096,swap-take-c,2,1048576,256,1,45252000,3495536164771485415
normal-o3,0,256,reserved,4096,take-swap-c,2,1048576,256,1,43085000,3495536164771485415
normal-o3,0,256,reserved,4096,rust-vec,2,1048576,256,1,40820000,3495536164771485415
normal-o3,0,256,reserved,4096,cpp-std-vector,2,1048576,256,1,43615000,3495536164771485415
normal-o3,0,256,reserved,4096,whitefoot,2,1048576,256,1,42216000,3495536164771485415
normal-o3,0,256,reserved,4096,reverse-c,2,1048576,256,1,49384000,3495536164771485415
normal-o3,0,256,reserved,4096,swap-take-c,3,1048576,256,1,45313000,15148529761215748072
normal-o3,0,256,reserved,4096,take-swap-c,3,1048576,256,1,43662000,15148529761215748072
normal-o3,0,256,reserved,4096,rust-vec,3,1048576,256,1,40839000,15148529761215748072
normal-o3,0,256,reserved,4096,cpp-std-vector,3,1048576,256,1,43396000,15148529761215748072
normal-o3,0,256,reserved,4096,whitefoot,3,1048576,256,1,40851000,15148529761215748072
normal-o3,0,256,reserved,4096,reverse-c,3,1048576,256,1,49895000,15148529761215748072
normal-o3,0,256,reserved,4096,direct-c,3,1048576,256,1,44993000,15148529761215748072
normal-o3,0,256,reserved,4096,take-swap-c,4,1048576,256,1,44783000,9298652180223940841
normal-o3,0,256,reserved,4096,rust-vec,4,1048576,256,1,42132000,9298652180223940841
normal-o3,0,256,reserved,4096,cpp-std-vector,4,1048576,256,1,43574000,9298652180223940841
normal-o3,0,256,reserved,4096,whitefoot,4,1048576,256,1,40887000,9298652180223940841
normal-o3,0,256,reserved,4096,reverse-c,4,1048576,256,1,49443000,9298652180223940841
normal-o3,0,256,reserved,4096,direct-c,4,1048576,256,1,42864000,9298652180223940841
normal-o3,0,256,reserved,4096,swap-take-c,4,1048576,256,1,45246000,9298652180223940841
normal-o3,0,256,reserved,4096,rust-vec,5,1048576,256,1,41087000,8375064059273222634
normal-o3,0,256,reserved,4096,cpp-std-vector,5,1048576,256,1,43496000,8375064059273222634
normal-o3,0,256,reserved,4096,whitefoot,5,1048576,256,1,40873000,8375064059273222634
normal-o3,0,256,reserved,4096,reverse-c,5,1048576,256,1,49442000,8375064059273222634
normal-o3,0,256,reserved,4096,direct-c,5,1048576,256,1,42996000,8375064059273222634
normal-o3,0,256,reserved,4096,swap-take-c,5,1048576,256,1,45213000,8375064059273222634
normal-o3,0,256,reserved,4096,take-swap-c,5,1048576,256,1,43009000,8375064059273222634
normal-o3,0,256,reserved,4096,cpp-std-vector,6,1048576,256,1,43438000,18409727464639388395
normal-o3,0,256,reserved,4096,whitefoot,6,1048576,256,1,40949000,18409727464639388395
normal-o3,0,256,reserved,4096,reverse-c,6,1048576,256,1,50571000,18409727464639388395
normal-o3,0,256,reserved,4096,direct-c,6,1048576,256,1,42947000,18409727464639388395
normal-o3,0,256,reserved,4096,swap-take-c,6,1048576,256,1,45291000,18409727464639388395
normal-o3,0,256,reserved,4096,take-swap-c,6,1048576,256,1,43011000,18409727464639388395
normal-o3,0,256,reserved,4096,rust-vec,6,1048576,256,1,41281000,18409727464639388395
normal-o3,0,256,growth,16,whitefoot,0,1048576,65536,1,59039000,16095999890136793189
normal-o3,0,256,growth,16,reverse-c,0,1048576,65536,1,66328000,16095999890136793189
normal-o3,0,256,growth,16,direct-c,0,1048576,65536,1,61510000,16095999890136793189
normal-o3,0,256,growth,16,swap-take-c,0,1048576,65536,1,66191000,16095999890136793189
normal-o3,0,256,growth,16,take-swap-c,0,1048576,65536,1,62525000,16095999890136793189
normal-o3,0,256,growth,16,rust-vec,0,1048576,65536,1,56043000,16095999890136793189
normal-o3,0,256,growth,16,cpp-std-vector,0,1048576,65536,1,58961000,16095999890136793189
normal-o3,0,256,growth,16,reverse-c,1,1048576,65536,1,66332000,10905710204835692646
normal-o3,0,256,growth,16,direct-c,1,1048576,65536,1,61567000,10905710204835692646
normal-o3,0,256,growth,16,swap-take-c,1,1048576,65536,1,66242000,10905710204835692646
normal-o3,0,256,growth,16,take-swap-c,1,1048576,65536,1,62457000,10905710204835692646
normal-o3,0,256,growth,16,rust-vec,1,1048576,65536,1,56403000,10905710204835692646
normal-o3,0,256,growth,16,cpp-std-vector,1,1048576,65536,1,59123000,10905710204835692646
normal-o3,0,256,growth,16,whitefoot,1,1048576,65536,1,59197000,10905710204835692646
normal-o3,0,256,growth,16,direct-c,2,1048576,65536,1,62501000,1136678281099509863
normal-o3,0,256,growth,16,swap-take-c,2,1048576,65536,1,66196000,1136678281099509863
normal-o3,0,256,growth,16,take-swap-c,2,1048576,65536,1,62833000,1136678281099509863
normal-o3,0,256,growth,16,rust-vec,2,1048576,65536,1,56246000,1136678281099509863
normal-o3,0,256,growth,16,cpp-std-vector,2,1048576,65536,1,58568000,1136678281099509863
normal-o3,0,256,growth,16,whitefoot,2,1048576,65536,1,59261000,1136678281099509863
normal-o3,0,256,growth,16,reverse-c,2,1048576,65536,1,66731000,1136678281099509863
normal-o3,0,256,growth,16,swap-take-c,3,1048576,65536,1,66224000,1916000061831479400
normal-o3,0,256,growth,16,take-swap-c,3,1048576,65536,1,62525000,1916000061831479400
normal-o3,0,256,growth,16,rust-vec,3,1048576,65536,1,56497000,1916000061831479400
normal-o3,0,256,growth,16,cpp-std-vector,3,1048576,65536,1,58781000,1916000061831479400
normal-o3,0,256,growth,16,whitefoot,3,1048576,65536,1,59839000,1916000061831479400
normal-o3,0,256,growth,16,reverse-c,3,1048576,65536,1,66473000,1916000061831479400
normal-o3,0,256,growth,16,direct-c,3,1048576,65536,1,61932000,1916000061831479400
normal-o3,0,256,growth,16,take-swap-c,4,1048576,65536,1,63481000,317124334665105513
normal-o3,0,256,growth,16,rust-vec,4,1048576,65536,1,58110000,317124334665105513
normal-o3,0,256,growth,16,cpp-std-vector,4,1048576,65536,1,58746000,317124334665105513
normal-o3,0,256,growth,16,whitefoot,4,1048576,65536,1,59265000,317124334665105513
normal-o3,0,256,growth,16,reverse-c,4,1048576,65536,1,66681000,317124334665105513
normal-o3,0,256,growth,16,direct-c,4,1048576,65536,1,61776000,317124334665105513
normal-o3,0,256,growth,16,swap-take-c,4,1048576,65536,1,66063000,317124334665105513
normal-o3,0,256,growth,16,rust-vec,5,1048576,65536,1,56959000,16344508304658628714
normal-o3,0,256,growth,16,cpp-std-vector,5,1048576,65536,1,58901000,16344508304658628714
normal-o3,0,256,growth,16,whitefoot,5,1048576,65536,1,59519000,16344508304658628714
normal-o3,0,256,growth,16,reverse-c,5,1048576,65536,1,66759000,16344508304658628714
normal-o3,0,256,growth,16,direct-c,5,1048576,65536,1,62562000,16344508304658628714
normal-o3,0,256,growth,16,swap-take-c,5,1048576,65536,1,66191000,16344508304658628714
normal-o3,0,256,growth,16,take-swap-c,5,1048576,65536,1,62442000,16344508304658628714
normal-o3,0,256,growth,16,cpp-std-vector,6,1048576,65536,1,58694000,17728104047323021419
normal-o3,0,256,growth,16,whitefoot,6,1048576,65536,1,60275000,17728104047323021419
normal-o3,0,256,growth,16,reverse-c,6,1048576,65536,1,68740000,17728104047323021419
normal-o3,0,256,growth,16,direct-c,6,1048576,65536,1,61706000,17728104047323021419
normal-o3,0,256,growth,16,swap-take-c,6,1048576,65536,1,66253000,17728104047323021419
normal-o3,0,256,growth,16,take-swap-c,6,1048576,65536,1,62431000,17728104047323021419
normal-o3,0,256,growth,16,rust-vec,6,1048576,65536,1,56343000,17728104047323021419
normal-o3,0,256,growth,256,whitefoot,0,1048576,4096,1,51690000,5774473182449584229
normal-o3,0,256,growth,256,reverse-c,0,1048576,4096,1,60436000,5774473182449584229
normal-o3,0,256,growth,256,direct-c,0,1048576,4096,1,54127000,5774473182449584229
normal-o3,0,256,growth,256,swap-take-c,0,1048576,4096,1,57168000,5774473182449584229
normal-o3,0,256,growth,256,take-swap-c,0,1048576,4096,1,54508000,5774473182449584229
normal-o3,0,256,growth,256,rust-vec,0,1048576,4096,1,45226000,5774473182449584229
normal-o3,0,256,growth,256,cpp-std-vector,0,1048576,4096,1,55258000,5774473182449584229
normal-o3,0,256,growth,256,reverse-c,1,1048576,4096,1,59942000,730816566922926182
normal-o3,0,256,growth,256,direct-c,1,1048576,4096,1,53862000,730816566922926182
normal-o3,0,256,growth,256,swap-take-c,1,1048576,4096,1,56976000,730816566922926182
normal-o3,0,256,growth,256,take-swap-c,1,1048576,4096,1,55306000,730816566922926182
normal-o3,0,256,growth,256,rust-vec,1,1048576,4096,1,46909000,730816566922926182
normal-o3,0,256,growth,256,cpp-std-vector,1,1048576,4096,1,55325000,730816566922926182
normal-o3,0,256,growth,256,whitefoot,1,1048576,4096,1,51970000,730816566922926182
normal-o3,0,256,growth,256,direct-c,2,1048576,4096,1,53940000,3951699326411303015
normal-o3,0,256,growth,256,swap-take-c,2,1048576,4096,1,56968000,3951699326411303015
normal-o3,0,256,growth,256,take-swap-c,2,1048576,4096,1,54383000,3951699326411303015
normal-o3,0,256,growth,256,rust-vec,2,1048576,4096,1,46424000,3951699326411303015
normal-o3,0,256,growth,256,cpp-std-vector,2,1048576,4096,1,56360000,3951699326411303015
normal-o3,0,256,growth,256,whitefoot,2,1048576,4096,1,51888000,3951699326411303015
normal-o3,0,256,growth,256,reverse-c,2,1048576,4096,1,59965000,3951699326411303015
normal-o3,0,256,growth,256,swap-take-c,3,1048576,4096,1,56834000,4669976213855500392
normal-o3,0,256,growth,256,take-swap-c,3,1048576,4096,1,54272000,4669976213855500392
normal-o3,0,256,growth,256,rust-vec,3,1048576,4096,1,45262000,4669976213855500392
normal-o3,0,256,growth,256,cpp-std-vector,3,1048576,4096,1,55283000,4669976213855500392
normal-o3,0,256,growth,256,whitefoot,3,1048576,4096,1,51834000,4669976213855500392
normal-o3,0,256,growth,256,reverse-c,3,1048576,4096,1,60079000,4669976213855500392
normal-o3,0,256,growth,256,direct-c,3,1048576,4096,1,55106000,4669976213855500392
normal-o3,0,256,growth,256,take-swap-c,4,1048576,4096,1,55005000,4748812814999455849
normal-o3,0,256,growth,256,rust-vec,4,1048576,4096,1,45976000,4748812814999455849
normal-o3,0,256,growth,256,cpp-std-vector,4,1048576,4096,1,55304000,4748812814999455849
normal-o3,0,256,growth,256,whitefoot,4,1048576,4096,1,52045000,4748812814999455849
normal-o3,0,256,growth,256,reverse-c,4,1048576,4096,1,60334000,4748812814999455849
normal-o3,0,256,growth,256,direct-c,4,1048576,4096,1,54243000,4748812814999455849
normal-o3,0,256,growth,256,swap-take-c,4,1048576,4096,1,56940000,4748812814999455849
normal-o3,0,256,growth,256,rust-vec,5,1048576,4096,1,45435000,9617966251147630698
normal-o3,0,256,growth,256,cpp-std-vector,5,1048576,4096,1,55495000,9617966251147630698
normal-o3,0,256,growth,256,whitefoot,5,1048576,4096,1,51699000,9617966251147630698
normal-o3,0,256,growth,256,reverse-c,5,1048576,4096,1,60143000,9617966251147630698
normal-o3,0,256,growth,256,direct-c,5,1048576,4096,1,53859000,9617966251147630698
normal-o3,0,256,growth,256,swap-take-c,5,1048576,4096,1,57047000,9617966251147630698
normal-o3,0,256,growth,256,take-swap-c,5,1048576,4096,1,54442000,9617966251147630698
normal-o3,0,256,growth,256,cpp-std-vector,6,1048576,4096,1,55647000,14780350119149938795
normal-o3,0,256,growth,256,whitefoot,6,1048576,4096,1,51743000,14780350119149938795
normal-o3,0,256,growth,256,reverse-c,6,1048576,4096,1,61525000,14780350119149938795
normal-o3,0,256,growth,256,direct-c,6,1048576,4096,1,55562000,14780350119149938795
normal-o3,0,256,growth,256,swap-take-c,6,1048576,4096,1,56875000,14780350119149938795
normal-o3,0,256,growth,256,take-swap-c,6,1048576,4096,1,55405000,14780350119149938795
normal-o3,0,256,growth,256,rust-vec,6,1048576,4096,1,45243000,14780350119149938795
normal-o3,0,256,growth,4096,whitefoot,0,1048576,256,1,52814000,7990118519889974501
normal-o3,0,256,growth,4096,reverse-c,0,1048576,256,1,61509000,7990118519889974501
normal-o3,0,256,growth,4096,direct-c,0,1048576,256,1,54479000,7990118519889974501
normal-o3,0,256,growth,4096,swap-take-c,0,1048576,256,1,56831000,7990118519889974501
normal-o3,0,256,growth,4096,take-swap-c,0,1048576,256,1,54628000,7990118519889974501
normal-o3,0,256,growth,4096,rust-vec,0,1048576,256,1,41359000,7990118519889974501
normal-o3,0,256,growth,4096,cpp-std-vector,0,1048576,256,1,52519000,7990118519889974501
normal-o3,0,256,growth,4096,reverse-c,1,1048576,256,1,62119000,10660244701728609766
normal-o3,0,256,growth,4096,direct-c,1,1048576,256,1,54649000,10660244701728609766
normal-o3,0,256,growth,4096,swap-take-c,1,1048576,256,1,57133000,10660244701728609766
normal-o3,0,256,growth,4096,take-swap-c,1,1048576,256,1,55087000,10660244701728609766
normal-o3,0,256,growth,4096,rust-vec,1,1048576,256,1,41581000,10660244701728609766
normal-o3,0,256,growth,4096,cpp-std-vector,1,1048576,256,1,54649000,10660244701728609766
normal-o3,0,256,growth,4096,whitefoot,1,1048576,256,1,53059000,10660244701728609766
normal-o3,0,256,growth,4096,direct-c,2,1048576,256,1,54519000,3495536164771485415
normal-o3,0,256,growth,4096,swap-take-c,2,1048576,256,1,57187000,3495536164771485415
normal-o3,0,256,growth,4096,take-swap-c,2,1048576,256,1,55563000,3495536164771485415
normal-o3,0,256,growth,4096,rust-vec,2,1048576,256,1,41429000,3495536164771485415
normal-o3,0,256,growth,4096,cpp-std-vector,2,1048576,256,1,52456000,3495536164771485415
normal-o3,0,256,growth,4096,whitefoot,2,1048576,256,1,52521000,3495536164771485415
normal-o3,0,256,growth,4096,reverse-c,2,1048576,256,1,61544000,3495536164771485415
normal-o3,0,256,growth,4096,swap-take-c,3,1048576,256,1,56801000,15148529761215748072
normal-o3,0,256,growth,4096,take-swap-c,3,1048576,256,1,54470000,15148529761215748072
normal-o3,0,256,growth,4096,rust-vec,3,1048576,256,1,41381000,15148529761215748072
normal-o3,0,256,growth,4096,cpp-std-vector,3,1048576,256,1,51876000,15148529761215748072
normal-o3,0,256,growth,4096,whitefoot,3,1048576,256,1,52475000,15148529761215748072
normal-o3,0,256,growth,4096,reverse-c,3,1048576,256,1,61022000,15148529761215748072
normal-o3,0,256,growth,4096,direct-c,3,1048576,256,1,54593000,15148529761215748072
normal-o3,0,256,growth,4096,take-swap-c,4,1048576,256,1,54682000,9298652180223940841
normal-o3,0,256,growth,4096,rust-vec,4,1048576,256,1,43093000,9298652180223940841
normal-o3,0,256,growth,4096,cpp-std-vector,4,1048576,256,1,53446000,9298652180223940841
normal-o3,0,256,growth,4096,whitefoot,4,1048576,256,1,52403000,9298652180223940841
normal-o3,0,256,growth,4096,reverse-c,4,1048576,256,1,61248000,9298652180223940841
normal-o3,0,256,growth,4096,direct-c,4,1048576,256,1,54606000,9298652180223940841
normal-o3,0,256,growth,4096,swap-take-c,4,1048576,256,1,57605000,9298652180223940841
normal-o3,0,256,growth,4096,rust-vec,5,1048576,256,1,41445000,8375064059273222634
normal-o3,0,256,growth,4096,cpp-std-vector,5,1048576,256,1,53123000,8375064059273222634
normal-o3,0,256,growth,4096,whitefoot,5,1048576,256,1,52906000,8375064059273222634
normal-o3,0,256,growth,4096,reverse-c,5,1048576,256,1,62104000,8375064059273222634
normal-o3,0,256,growth,4096,direct-c,5,1048576,256,1,54311000,8375064059273222634
normal-o3,0,256,growth,4096,swap-take-c,5,1048576,256,1,56778000,8375064059273222634
normal-o3,0,256,growth,4096,take-swap-c,5,1048576,256,1,54928000,8375064059273222634
normal-o3,0,256,growth,4096,cpp-std-vector,6,1048576,256,1,52276000,18409727464639388395
normal-o3,0,256,growth,4096,whitefoot,6,1048576,256,1,52495000,18409727464639388395
normal-o3,0,256,growth,4096,reverse-c,6,1048576,256,1,61637000,18409727464639388395
normal-o3,0,256,growth,4096,direct-c,6,1048576,256,1,54551000,18409727464639388395
normal-o3,0,256,growth,4096,swap-take-c,6,1048576,256,1,60031000,18409727464639388395
normal-o3,0,256,growth,4096,take-swap-c,6,1048576,256,1,55416000,18409727464639388395
normal-o3,0,256,growth,4096,rust-vec,6,1048576,256,1,41463000,18409727464639388395
normal-o3,0,256,reuse,16,whitefoot,0,1048576,65536,1,40570000,16095999890136793189
normal-o3,0,256,reuse,16,reverse-c,0,1048576,65536,1,47756000,16095999890136793189
normal-o3,0,256,reuse,16,direct-c,0,1048576,65536,1,43046000,16095999890136793189
normal-o3,0,256,reuse,16,swap-take-c,0,1048576,65536,1,47454000,16095999890136793189
normal-o3,0,256,reuse,16,take-swap-c,0,1048576,65536,1,43457000,16095999890136793189
normal-o3,0,256,reuse,16,rust-vec,0,1048576,65536,1,40261000,16095999890136793189
normal-o3,0,256,reuse,16,cpp-std-vector,0,1048576,65536,1,43020000,16095999890136793189
normal-o3,0,256,reuse,16,reverse-c,1,1048576,65536,1,47825000,10905710204835692646
normal-o3,0,256,reuse,16,direct-c,1,1048576,65536,1,43055000,10905710204835692646
normal-o3,0,256,reuse,16,swap-take-c,1,1048576,65536,1,46613000,10905710204835692646
normal-o3,0,256,reuse,16,take-swap-c,1,1048576,65536,1,44440000,10905710204835692646
normal-o3,0,256,reuse,16,rust-vec,1,1048576,65536,1,41352000,10905710204835692646
normal-o3,0,256,reuse,16,cpp-std-vector,1,1048576,65536,1,43457000,10905710204835692646
normal-o3,0,256,reuse,16,whitefoot,1,1048576,65536,1,40456000,10905710204835692646
normal-o3,0,256,reuse,16,direct-c,2,1048576,65536,1,42976000,1136678281099509863
normal-o3,0,256,reuse,16,swap-take-c,2,1048576,65536,1,46618000,1136678281099509863
normal-o3,0,256,reuse,16,take-swap-c,2,1048576,65536,1,43922000,1136678281099509863
normal-o3,0,256,reuse,16,rust-vec,2,1048576,65536,1,41642000,1136678281099509863
normal-o3,0,256,reuse,16,cpp-std-vector,2,1048576,65536,1,43331000,1136678281099509863
normal-o3,0,256,reuse,16,whitefoot,2,1048576,65536,1,40499000,1136678281099509863
normal-o3,0,256,reuse,16,reverse-c,2,1048576,65536,1,47853000,1136678281099509863
normal-o3,0,256,reuse,16,swap-take-c,3,1048576,65536,1,46589000,1916000061831479400
normal-o3,0,256,reuse,16,take-swap-c,3,1048576,65536,1,43471000,1916000061831479400
normal-o3,0,256,reuse,16,rust-vec,3,1048576,65536,1,40232000,1916000061831479400
normal-o3,0,256,reuse,16,cpp-std-vector,3,1048576,65536,1,43167000,1916000061831479400
normal-o3,0,256,reuse,16,whitefoot,3,1048576,65536,1,41052000,1916000061831479400
normal-o3,0,256,reuse,16,reverse-c,3,1048576,65536,1,48075000,1916000061831479400
normal-o3,0,256,reuse,16,direct-c,3,1048576,65536,1,43009000,1916000061831479400
normal-o3,0,256,reuse,16,take-swap-c,4,1048576,65536,1,43508000,317124334665105513
normal-o3,0,256,reuse,16,rust-vec,4,1048576,65536,1,40307000,317124334665105513
normal-o3,0,256,reuse,16,cpp-std-vector,4,1048576,65536,1,43066000,317124334665105513
normal-o3,0,256,reuse,16,whitefoot,4,1048576,65536,1,40767000,317124334665105513
normal-o3,0,256,reuse,16,reverse-c,4,1048576,65536,1,47801000,317124334665105513
normal-o3,0,256,reuse,16,direct-c,4,1048576,65536,1,43069000,317124334665105513
normal-o3,0,256,reuse,16,swap-take-c,4,1048576,65536,1,46602000,317124334665105513
normal-o3,0,256,reuse,16,rust-vec,5,1048576,65536,1,40221000,16344508304658628714
normal-o3,0,256,reuse,16,cpp-std-vector,5,1048576,65536,1,43116000,16344508304658628714
normal-o3,0,256,reuse,16,whitefoot,5,1048576,65536,1,42193000,16344508304658628714
normal-o3,0,256,reuse,16,reverse-c,5,1048576,65536,1,48873000,16344508304658628714
normal-o3,0,256,reuse,16,direct-c,5,1048576,65536,1,42957000,16344508304658628714
normal-o3,0,256,reuse,16,swap-take-c,5,1048576,65536,1,46692000,16344508304658628714
normal-o3,0,256,reuse,16,take-swap-c,5,1048576,65536,1,43518000,16344508304658628714
normal-o3,0,256,reuse,16,cpp-std-vector,6,1048576,65536,1,43073000,17728104047323021419
normal-o3,0,256,reuse,16,whitefoot,6,1048576,65536,1,40549000,17728104047323021419
normal-o3,0,256,reuse,16,reverse-c,6,1048576,65536,1,47791000,17728104047323021419
normal-o3,0,256,reuse,16,direct-c,6,1048576,65536,1,43342000,17728104047323021419
normal-o3,0,256,reuse,16,swap-take-c,6,1048576,65536,1,46733000,17728104047323021419
normal-o3,0,256,reuse,16,take-swap-c,6,1048576,65536,1,44065000,17728104047323021419
normal-o3,0,256,reuse,16,rust-vec,6,1048576,65536,1,40514000,17728104047323021419
normal-o3,0,256,reuse,256,whitefoot,0,1048576,4096,1,38759000,5774473182449584229
normal-o3,0,256,reuse,256,reverse-c,0,1048576,4096,1,46335000,5774473182449584229
normal-o3,0,256,reuse,256,direct-c,0,1048576,4096,1,41474000,5774473182449584229
normal-o3,0,256,reuse,256,swap-take-c,0,1048576,4096,1,43172000,5774473182449584229
normal-o3,0,256,reuse,256,take-swap-c,0,1048576,4096,1,41268000,5774473182449584229
normal-o3,0,256,reuse,256,rust-vec,0,1048576,4096,1,38600000,5774473182449584229
normal-o3,0,256,reuse,256,cpp-std-vector,0,1048576,4096,1,41306000,5774473182449584229
normal-o3,0,256,reuse,256,reverse-c,1,1048576,4096,1,46362000,730816566922926182
normal-o3,0,256,reuse,256,direct-c,1,1048576,4096,1,41560000,730816566922926182
normal-o3,0,256,reuse,256,swap-take-c,1,1048576,4096,1,45059000,730816566922926182
normal-o3,0,256,reuse,256,take-swap-c,1,1048576,4096,1,41146000,730816566922926182
normal-o3,0,256,reuse,256,rust-vec,1,1048576,4096,1,38618000,730816566922926182
normal-o3,0,256,reuse,256,cpp-std-vector,1,1048576,4096,1,41349000,730816566922926182
normal-o3,0,256,reuse,256,whitefoot,1,1048576,4096,1,38739000,730816566922926182
normal-o3,0,256,reuse,256,direct-c,2,1048576,4096,1,40736000,3951699326411303015
normal-o3,0,256,reuse,256,swap-take-c,2,1048576,4096,1,43293000,3951699326411303015
normal-o3,0,256,reuse,256,take-swap-c,2,1048576,4096,1,41166000,3951699326411303015
normal-o3,0,256,reuse,256,rust-vec,2,1048576,4096,1,38565000,3951699326411303015
normal-o3,0,256,reuse,256,cpp-std-vector,2,1048576,4096,1,41367000,3951699326411303015
normal-o3,0,256,reuse,256,whitefoot,2,1048576,4096,1,38763000,3951699326411303015
normal-o3,0,256,reuse,256,reverse-c,2,1048576,4096,1,46244000,3951699326411303015
normal-o3,0,256,reuse,256,swap-take-c,3,1048576,4096,1,43545000,4669976213855500392
normal-o3,0,256,reuse,256,take-swap-c,3,1048576,4096,1,41152000,4669976213855500392
normal-o3,0,256,reuse,256,rust-vec,3,1048576,4096,1,38726000,4669976213855500392
normal-o3,0,256,reuse,256,cpp-std-vector,3,1048576,4096,1,41374000,4669976213855500392
normal-o3,0,256,reuse,256,whitefoot,3,1048576,4096,1,38746000,4669976213855500392
normal-o3,0,256,reuse,256,reverse-c,3,1048576,4096,1,46203000,4669976213855500392
normal-o3,0,256,reuse,256,direct-c,3,1048576,4096,1,40707000,4669976213855500392
normal-o3,0,256,reuse,256,take-swap-c,4,1048576,4096,1,41124000,4748812814999455849
normal-o3,0,256,reuse,256,rust-vec,4,1048576,4096,1,38482000,4748812814999455849
normal-o3,0,256,reuse,256,cpp-std-vector,4,1048576,4096,1,42992000,4748812814999455849
normal-o3,0,256,reuse,256,whitefoot,4,1048576,4096,1,39792000,4748812814999455849
normal-o3,0,256,reuse,256,reverse-c,4,1048576,4096,1,46417000,4748812814999455849
normal-o3,0,256,reuse,256,direct-c,4,1048576,4096,1,40793000,4748812814999455849
normal-o3,0,256,reuse,256,swap-take-c,4,1048576,4096,1,43138000,4748812814999455849
normal-o3,0,256,reuse,256,rust-vec,5,1048576,4096,1,38544000,9617966251147630698
normal-o3,0,256,reuse,256,cpp-std-vector,5,1048576,4096,1,41286000,9617966251147630698
normal-o3,0,256,reuse,256,whitefoot,5,1048576,4096,1,38720000,9617966251147630698
normal-o3,0,256,reuse,256,reverse-c,5,1048576,4096,1,46236000,9617966251147630698
normal-o3,0,256,reuse,256,direct-c,5,1048576,4096,1,40684000,9617966251147630698
normal-o3,0,256,reuse,256,swap-take-c,5,1048576,4096,1,43114000,9617966251147630698
normal-o3,0,256,reuse,256,take-swap-c,5,1048576,4096,1,41201000,9617966251147630698
normal-o3,0,256,reuse,256,cpp-std-vector,6,1048576,4096,1,41271000,14780350119149938795
normal-o3,0,256,reuse,256,whitefoot,6,1048576,4096,1,38708000,14780350119149938795
normal-o3,0,256,reuse,256,reverse-c,6,1048576,4096,1,47223000,14780350119149938795
normal-o3,0,256,reuse,256,direct-c,6,1048576,4096,1,40923000,14780350119149938795
normal-o3,0,256,reuse,256,swap-take-c,6,1048576,4096,1,43294000,14780350119149938795
normal-o3,0,256,reuse,256,take-swap-c,6,1048576,4096,1,41107000,14780350119149938795
normal-o3,0,256,reuse,256,rust-vec,6,1048576,4096,1,38609000,14780350119149938795
normal-o3,0,256,reuse,4096,whitefoot,0,1048576,256,1,40846000,7990118519889974501
normal-o3,0,256,reuse,4096,reverse-c,0,1048576,256,1,49513000,7990118519889974501
normal-o3,0,256,reuse,4096,direct-c,0,1048576,256,1,44853000,7990118519889974501
normal-o3,0,256,reuse,4096,swap-take-c,0,1048576,256,1,46126000,7990118519889974501
normal-o3,0,256,reuse,4096,take-swap-c,0,1048576,256,1,43155000,7990118519889974501
normal-o3,0,256,reuse,4096,rust-vec,0,1048576,256,1,40763000,7990118519889974501
normal-o3,0,256,reuse,4096,cpp-std-vector,0,1048576,256,1,43341000,7990118519889974501
normal-o3,0,256,reuse,4096,reverse-c,1,1048576,256,1,49464000,10660244701728609766
normal-o3,0,256,reuse,4096,direct-c,1,1048576,256,1,42973000,10660244701728609766
normal-o3,0,256,reuse,4096,swap-take-c,1,1048576,256,1,45084000,10660244701728609766
normal-o3,0,256,reuse,4096,take-swap-c,1,1048576,256,1,43209000,10660244701728609766
normal-o3,0,256,reuse,4096,rust-vec,1,1048576,256,1,40697000,10660244701728609766
normal-o3,0,256,reuse,4096,cpp-std-vector,1,1048576,256,1,43378000,10660244701728609766
normal-o3,0,256,reuse,4096,whitefoot,1,1048576,256,1,40884000,10660244701728609766
normal-o3,0,256,reuse,4096,direct-c,2,1048576,256,1,42927000,3495536164771485415
normal-o3,0,256,reuse,4096,swap-take-c,2,1048576,256,1,45236000,3495536164771485415
normal-o3,0,256,reuse,4096,take-swap-c,2,1048576,256,1,43356000,3495536164771485415
normal-o3,0,256,reuse,4096,rust-vec,2,1048576,256,1,42097000,3495536164771485415
normal-o3,0,256,reuse,4096,cpp-std-vector,2,1048576,256,1,43322000,3495536164771485415
normal-o3,0,256,reuse,4096,whitefoot,2,1048576,256,1,41031000,3495536164771485415
normal-o3,0,256,reuse,4096,reverse-c,2,1048576,256,1,49899000,3495536164771485415
normal-o3,0,256,reuse,4096,swap-take-c,3,1048576,256,1,45208000,15148529761215748072
normal-o3,0,256,reuse,4096,take-swap-c,3,1048576,256,1,44769000,15148529761215748072
normal-o3,0,256,reuse,4096,rust-vec,3,1048576,256,1,42471000,15148529761215748072
normal-o3,0,256,reuse,4096,cpp-std-vector,3,1048576,256,1,44900000,15148529761215748072
normal-o3,0,256,reuse,4096,whitefoot,3,1048576,256,1,40867000,15148529761215748072
normal-o3,0,256,reuse,4096,reverse-c,3,1048576,256,1,49532000,15148529761215748072
normal-o3,0,256,reuse,4096,direct-c,3,1048576,256,1,42896000,15148529761215748072
normal-o3,0,256,reuse,4096,take-swap-c,4,1048576,256,1,43286000,9298652180223940841
normal-o3,0,256,reuse,4096,rust-vec,4,1048576,256,1,40812000,9298652180223940841
normal-o3,0,256,reuse,4096,cpp-std-vector,4,1048576,256,1,43451000,9298652180223940841
normal-o3,0,256,reuse,4096,whitefoot,4,1048576,256,1,40790000,9298652180223940841
normal-o3,0,256,reuse,4096,reverse-c,4,1048576,256,1,49562000,9298652180223940841
normal-o3,0,256,reuse,4096,direct-c,4,1048576,256,1,42984000,9298652180223940841
normal-o3,0,256,reuse,4096,swap-take-c,4,1048576,256,1,45091000,9298652180223940841
normal-o3,0,256,reuse,4096,rust-vec,5,1048576,256,1,40785000,8375064059273222634
normal-o3,0,256,reuse,4096,cpp-std-vector,5,1048576,256,1,43444000,8375064059273222634
normal-o3,0,256,reuse,4096,whitefoot,5,1048576,256,1,40778000,8375064059273222634
normal-o3,0,256,reuse,4096,reverse-c,5,1048576,256,1,49532000,8375064059273222634
normal-o3,0,256,reuse,4096,direct-c,5,1048576,256,1,43805000,8375064059273222634
normal-o3,0,256,reuse,4096,swap-take-c,5,1048576,256,1,45228000,8375064059273222634
normal-o3,0,256,reuse,4096,take-swap-c,5,1048576,256,1,43121000,8375064059273222634
normal-o3,0,256,reuse,4096,cpp-std-vector,6,1048576,256,1,43413000,18409727464639388395
normal-o3,0,256,reuse,4096,whitefoot,6,1048576,256,1,41158000,18409727464639388395
normal-o3,0,256,reuse,4096,reverse-c,6,1048576,256,1,50862000,18409727464639388395
normal-o3,0,256,reuse,4096,direct-c,6,1048576,256,1,42989000,18409727464639388395
normal-o3,0,256,reuse,4096,swap-take-c,6,1048576,256,1,45154000,18409727464639388395
normal-o3,0,256,reuse,4096,take-swap-c,6,1048576,256,1,43127000,18409727464639388395
normal-o3,0,256,reuse,4096,rust-vec,6,1048576,256,1,41287000,18409727464639388395
normal-o3,0,256,suffix-0,16,whitefoot,0,1048576,1048576,1,1303000,6607130204449329354
normal-o3,0,256,suffix-0,16,reverse-c,0,1048576,1048576,1,2811000,6607130204449329354
normal-o3,0,256,suffix-0,16,direct-c,0,1048576,1048576,1,2788000,6607130204449329354
normal-o3,0,256,suffix-0,16,swap-take-c,0,1048576,1048576,1,2880000,6607130204449329354
normal-o3,0,256,suffix-0,16,take-swap-c,0,1048576,1048576,1,3138000,6607130204449329354
normal-o3,0,256,suffix-0,16,rust-vec,0,1048576,1048576,1,987000,6607130204449329354
normal-o3,0,256,suffix-0,16,cpp-std-vector,0,1048576,1048576,1,2770000,6607130204449329354
normal-o3,0,256,suffix-0,16,reverse-c,1,1048576,1048576,1,2815000,16952766600949476812
normal-o3,0,256,suffix-0,16,direct-c,1,1048576,1048576,1,2779000,16952766600949476812
normal-o3,0,256,suffix-0,16,swap-take-c,1,1048576,1048576,1,2876000,16952766600949476812
normal-o3,0,256,suffix-0,16,take-swap-c,1,1048576,1048576,1,3144000,16952766600949476812
normal-o3,0,256,suffix-0,16,rust-vec,1,1048576,1048576,1,990000,16952766600949476812
normal-o3,0,256,suffix-0,16,cpp-std-vector,1,1048576,1048576,1,2838000,16952766600949476812
normal-o3,0,256,suffix-0,16,whitefoot,1,1048576,1048576,1,1305000,16952766600949476812
normal-o3,0,256,suffix-0,16,direct-c,2,1048576,1048576,1,2776000,8851658923740072654
normal-o3,0,256,suffix-0,16,swap-take-c,2,1048576,1048576,1,2917000,8851658923740072654
normal-o3,0,256,suffix-0,16,take-swap-c,2,1048576,1048576,1,4108000,8851658923740072654
normal-o3,0,256,suffix-0,16,rust-vec,2,1048576,1048576,1,987000,8851658923740072654
normal-o3,0,256,suffix-0,16,cpp-std-vector,2,1048576,1048576,1,2780000,8851658923740072654
normal-o3,0,256,suffix-0,16,whitefoot,2,1048576,1048576,1,1312000,8851658923740072654
normal-o3,0,256,suffix-0,16,reverse-c,2,1048576,1048576,1,2821000,8851658923740072654
normal-o3,0,256,suffix-0,16,swap-take-c,3,1048576,1048576,1,2871000,750551246530668496
normal-o3,0,256,suffix-0,16,take-swap-c,3,1048576,1048576,1,3137000,750551246530668496
normal-o3,0,256,suffix-0,16,rust-vec,3,1048576,1048576,1,997000,750551246530668496
normal-o3,0,256,suffix-0,16,cpp-std-vector,3,1048576,1048576,1,2785000,750551246530668496
normal-o3,0,256,suffix-0,16,whitefoot,3,1048576,1048576,1,1367000,750551246530668496
normal-o3,0,256,suffix-0,16,reverse-c,3,1048576,1048576,1,2888000,750551246530668496
normal-o3,0,256,suffix-0,16,direct-c,3,1048576,1048576,1,2779000,750551246530668496
normal-o3,0,256,suffix-0,16,take-swap-c,4,1048576,1048576,1,4085000,11096187643030815954
normal-o3,0,256,suffix-0,16,rust-vec,4,1048576,1048576,1,996000,11096187643030815954
normal-o3,0,256,suffix-0,16,cpp-std-vector,4,1048576,1048576,1,2767000,11096187643030815954
normal-o3,0,256,suffix-0,16,whitefoot,4,1048576,1048576,1,1303000,11096187643030815954
normal-o3,0,256,suffix-0,16,reverse-c,4,1048576,1048576,1,2814000,11096187643030815954
normal-o3,0,256,suffix-0,16,direct-c,4,1048576,1048576,1,2780000,11096187643030815954
normal-o3,0,256,suffix-0,16,swap-take-c,4,1048576,1048576,1,2878000,11096187643030815954
normal-o3,0,256,suffix-0,16,rust-vec,5,1048576,1048576,1,990000,2995079965821411796
normal-o3,0,256,suffix-0,16,cpp-std-vector,5,1048576,1048576,1,2760000,2995079965821411796
normal-o3,0,256,suffix-0,16,whitefoot,5,1048576,1048576,1,1307000,2995079965821411796
normal-o3,0,256,suffix-0,16,reverse-c,5,1048576,1048576,1,2813000,2995079965821411796
normal-o3,0,256,suffix-0,16,direct-c,5,1048576,1048576,1,2855000,2995079965821411796
normal-o3,0,256,suffix-0,16,swap-take-c,5,1048576,1048576,1,2871000,2995079965821411796
normal-o3,0,256,suffix-0,16,take-swap-c,5,1048576,1048576,1,4125000,2995079965821411796
normal-o3,0,256,suffix-0,16,cpp-std-vector,6,1048576,1048576,1,2783000,13340716362321559254
normal-o3,0,256,suffix-0,16,whitefoot,6,1048576,1048576,1,1300000,13340716362321559254
normal-o3,0,256,suffix-0,16,reverse-c,6,1048576,1048576,1,2811000,13340716362321559254
normal-o3,0,256,suffix-0,16,direct-c,6,1048576,1048576,1,2776000,13340716362321559254
normal-o3,0,256,suffix-0,16,swap-take-c,6,1048576,1048576,1,2882000,13340716362321559254
normal-o3,0,256,suffix-0,16,take-swap-c,6,1048576,1048576,1,3135000,13340716362321559254
normal-o3,0,256,suffix-0,16,rust-vec,6,1048576,1048576,1,991000,13340716362321559254
normal-o3,0,256,suffix-0,256,whitefoot,0,1048576,1048576,1,1311000,16711255245857297866
normal-o3,0,256,suffix-0,256,reverse-c,0,1048576,1048576,1,2821000,16711255245857297866
normal-o3,0,256,suffix-0,256,direct-c,0,1048576,1048576,1,2848000,16711255245857297866
normal-o3,0,256,suffix-0,256,swap-take-c,0,1048576,1048576,1,2879000,16711255245857297866
normal-o3,0,256,suffix-0,256,take-swap-c,0,1048576,1048576,1,4116000,16711255245857297866
normal-o3,0,256,suffix-0,256,rust-vec,0,1048576,1048576,1,1011000,16711255245857297866
normal-o3,0,256,suffix-0,256,cpp-std-vector,0,1048576,1048576,1,2778000,16711255245857297866
normal-o3,0,256,suffix-0,256,reverse-c,1,1048576,1048576,1,2823000,17222991059918444236
normal-o3,0,256,suffix-0,256,direct-c,1,1048576,1048576,1,2785000,17222991059918444236
normal-o3,0,256,suffix-0,256,swap-take-c,1,1048576,1048576,1,2884000,17222991059918444236
normal-o3,0,256,suffix-0,256,take-swap-c,1,1048576,1048576,1,3191000,17222991059918444236
normal-o3,0,256,suffix-0,256,rust-vec,1,1048576,1048576,1,1027000,17222991059918444236
normal-o3,0,256,suffix-0,256,cpp-std-vector,1,1048576,1048576,1,2855000,17222991059918444236
normal-o3,0,256,suffix-0,256,whitefoot,1,1048576,1048576,1,1417000,17222991059918444236
normal-o3,0,256,suffix-0,256,direct-c,2,1048576,1048576,1,2789000,17734726873979590606
normal-o3,0,256,suffix-0,256,swap-take-c,2,1048576,1048576,1,2890000,17734726873979590606
normal-o3,0,256,suffix-0,256,take-swap-c,2,1048576,1048576,1,4142000,17734726873979590606
normal-o3,0,256,suffix-0,256,rust-vec,2,1048576,1048576,1,996000,17734726873979590606
normal-o3,0,256,suffix-0,256,cpp-std-vector,2,1048576,1048576,1,2774000,17734726873979590606
normal-o3,0,256,suffix-0,256,whitefoot,2,1048576,1048576,1,1332000,17734726873979590606
normal-o3,0,256,suffix-0,256,reverse-c,2,1048576,1048576,1,2847000,17734726873979590606
normal-o3,0,256,suffix-0,256,swap-take-c,3,1048576,1048576,1,2914000,18246462688040736976
normal-o3,0,256,suffix-0,256,take-swap-c,3,1048576,1048576,1,4109000,18246462688040736976
normal-o3,0,256,suffix-0,256,rust-vec,3,1048576,1048576,1,997000,18246462688040736976
normal-o3,0,256,suffix-0,256,cpp-std-vector,3,1048576,1048576,1,2778000,18246462688040736976
normal-o3,0,256,suffix-0,256,whitefoot,3,1048576,1048576,1,1316000,18246462688040736976
normal-o3,0,256,suffix-0,256,reverse-c,3,1048576,1048576,1,2840000,18246462688040736976
normal-o3,0,256,suffix-0,256,direct-c,3,1048576,1048576,1,2787000,18246462688040736976
normal-o3,0,256,suffix-0,256,take-swap-c,4,1048576,1048576,1,4169000,311454428392331730
normal-o3,0,256,suffix-0,256,rust-vec,4,1048576,1048576,1,994000,311454428392331730
normal-o3,0,256,suffix-0,256,cpp-std-vector,4,1048576,1048576,1,2768000,311454428392331730
normal-o3,0,256,suffix-0,256,whitefoot,4,1048576,1048576,1,1311000,311454428392331730
normal-o3,0,256,suffix-0,256,reverse-c,4,1048576,1048576,1,2827000,311454428392331730
normal-o3,0,256,suffix-0,256,direct-c,4,1048576,1048576,1,2789000,311454428392331730
normal-o3,0,256,suffix-0,256,swap-take-c,4,1048576,1048576,1,2878000,311454428392331730
normal-o3,0,256,suffix-0,256,rust-vec,5,1048576,1048576,1,990000,823190242453478100
normal-o3,0,256,suffix-0,256,cpp-std-vector,5,1048576,1048576,1,2793000,823190242453478100
normal-o3,0,256,suffix-0,256,whitefoot,5,1048576,1048576,1,1308000,823190242453478100
normal-o3,0,256,suffix-0,256,reverse-c,5,1048576,1048576,1,2824000,823190242453478100
normal-o3,0,256,suffix-0,256,direct-c,5,1048576,1048576,1,2784000,823190242453478100
normal-o3,0,256,suffix-0,256,swap-take-c,5,1048576,1048576,1,2893000,823190242453478100
normal-o3,0,256,suffix-0,256,take-swap-c,5,1048576,1048576,1,4139000,823190242453478100
normal-o3,0,256,suffix-0,256,cpp-std-vector,6,1048576,1048576,1,2788000,1334926056514624470
normal-o3,0,256,suffix-0,256,whitefoot,6,1048576,1048576,1,1308000,1334926056514624470
normal-o3,0,256,suffix-0,256,reverse-c,6,1048576,1048576,1,2820000,1334926056514624470
normal-o3,0,256,suffix-0,256,direct-c,6,1048576,1048576,1,2791000,1334926056514624470
normal-o3,0,256,suffix-0,256,swap-take-c,6,1048576,1048576,1,2887000,1334926056514624470
normal-o3,0,256,suffix-0,256,take-swap-c,6,1048576,1048576,1,4099000,1334926056514624470
normal-o3,0,256,suffix-0,256,rust-vec,6,1048576,1048576,1,1035000,1334926056514624470
normal-o3,0,256,suffix-0,4096,whitefoot,0,1048576,1048576,1,1441000,7001658466579473866
normal-o3,0,256,suffix-0,4096,reverse-c,0,1048576,1048576,1,2979000,7001658466579473866
normal-o3,0,256,suffix-0,4096,direct-c,0,1048576,1048576,1,2923000,7001658466579473866
normal-o3,0,256,suffix-0,4096,swap-take-c,0,1048576,1048576,1,3019000,7001658466579473866
normal-o3,0,256,suffix-0,4096,take-swap-c,0,1048576,1048576,1,4303000,7001658466579473866
normal-o3,0,256,suffix-0,4096,rust-vec,0,1048576,1048576,1,1129000,7001658466579473866
normal-o3,0,256,suffix-0,4096,cpp-std-vector,0,1048576,1048576,1,2917000,7001658466579473866
normal-o3,0,256,suffix-0,4096,reverse-c,1,1048576,1048576,1,2986000,100047013315307212
normal-o3,0,256,suffix-0,4096,direct-c,1,1048576,1048576,1,2924000,100047013315307212
normal-o3,0,256,suffix-0,4096,swap-take-c,1,1048576,1048576,1,3013000,100047013315307212
normal-o3,0,256,suffix-0,4096,take-swap-c,1,1048576,1048576,1,4226000,100047013315307212
normal-o3,0,256,suffix-0,4096,rust-vec,1,1048576,1048576,1,1129000,100047013315307212
normal-o3,0,256,suffix-0,4096,cpp-std-vector,1,1048576,1048576,1,2954000,100047013315307212
normal-o3,0,256,suffix-0,4096,whitefoot,1,1048576,1048576,1,1442000,100047013315307212
normal-o3,0,256,suffix-0,4096,direct-c,2,1048576,1048576,1,2924000,11645179633760692174
normal-o3,0,256,suffix-0,4096,swap-take-c,2,1048576,1048576,1,3019000,11645179633760692174
normal-o3,0,256,suffix-0,4096,take-swap-c,2,1048576,1048576,1,4298000,11645179633760692174
normal-o3,0,256,suffix-0,4096,rust-vec,2,1048576,1048576,1,1129000,11645179633760692174
normal-o3,0,256,suffix-0,4096,cpp-std-vector,2,1048576,1048576,1,2919000,11645179633760692174
normal-o3,0,256,suffix-0,4096,whitefoot,2,1048576,1048576,1,1445000,11645179633760692174
normal-o3,0,256,suffix-0,4096,reverse-c,2,1048576,1048576,1,2986000,11645179633760692174
normal-o3,0,256,suffix-0,4096,swap-take-c,3,1048576,1048576,1,3025000,4743568180496525520
normal-o3,0,256,suffix-0,4096,take-swap-c,3,1048576,1048576,1,4222000,4743568180496525520
normal-o3,0,256,suffix-0,4096,rust-vec,3,1048576,1048576,1,1123000,4743568180496525520
normal-o3,0,256,suffix-0,4096,cpp-std-vector,3,1048576,1048576,1,2916000,4743568180496525520
normal-o3,0,256,suffix-0,4096,whitefoot,3,1048576,1048576,1,1440000,4743568180496525520
normal-o3,0,256,suffix-0,4096,reverse-c,3,1048576,1048576,1,2976000,4743568180496525520
normal-o3,0,256,suffix-0,4096,direct-c,3,1048576,1048576,1,2924000,4743568180496525520
normal-o3,0,256,suffix-0,4096,take-swap-c,4,1048576,1048576,1,4257000,16288700800941910482
normal-o3,0,256,suffix-0,4096,rust-vec,4,1048576,1048576,1,1155000,16288700800941910482
normal-o3,0,256,suffix-0,4096,cpp-std-vector,4,1048576,1048576,1,2910000,16288700800941910482
normal-o3,0,256,suffix-0,4096,whitefoot,4,1048576,1048576,1,1440000,16288700800941910482
normal-o3,0,256,suffix-0,4096,reverse-c,4,1048576,1048576,1,2976000,16288700800941910482
normal-o3,0,256,suffix-0,4096,direct-c,4,1048576,1048576,1,2926000,16288700800941910482
normal-o3,0,256,suffix-0,4096,swap-take-c,4,1048576,1048576,1,3021000,16288700800941910482
normal-o3,0,256,suffix-0,4096,rust-vec,5,1048576,1048576,1,1126000,9387089347677743828
normal-o3,0,256,suffix-0,4096,cpp-std-vector,5,1048576,1048576,1,2961000,9387089347677743828
normal-o3,0,256,suffix-0,4096,whitefoot,5,1048576,1048576,1,1446000,9387089347677743828
normal-o3,0,256,suffix-0,4096,reverse-c,5,1048576,1048576,1,2978000,9387089347677743828
normal-o3,0,256,suffix-0,4096,direct-c,5,1048576,1048576,1,2922000,9387089347677743828
normal-o3,0,256,suffix-0,4096,swap-take-c,5,1048576,1048576,1,3019000,9387089347677743828
normal-o3,0,256,suffix-0,4096,take-swap-c,5,1048576,1048576,1,4228000,9387089347677743828
normal-o3,0,256,suffix-0,4096,cpp-std-vector,6,1048576,1048576,1,2964000,2485477894413577174
normal-o3,0,256,suffix-0,4096,whitefoot,6,1048576,1048576,1,1442000,2485477894413577174
normal-o3,0,256,suffix-0,4096,reverse-c,6,1048576,1048576,1,2975000,2485477894413577174
normal-o3,0,256,suffix-0,4096,direct-c,6,1048576,1048576,1,2986000,2485477894413577174
normal-o3,0,256,suffix-0,4096,swap-take-c,6,1048576,1048576,1,3026000,2485477894413577174
normal-o3,0,256,suffix-0,4096,take-swap-c,6,1048576,1048576,1,4220000,2485477894413577174
normal-o3,0,256,suffix-0,4096,rust-vec,6,1048576,1048576,1,1130000,2485477894413577174
normal-o3,0,256,suffix-1,16,whitefoot,0,1048576,1048576,1,16157000,10077132583444572090
normal-o3,0,256,suffix-1,16,reverse-c,0,1048576,1048576,1,34997000,10077132583444572090
normal-o3,0,256,suffix-1,16,direct-c,0,1048576,1048576,1,15588000,10077132583444572090
normal-o3,0,256,suffix-1,16,swap-take-c,0,1048576,1048576,1,34300000,10077132583444572090
normal-o3,0,256,suffix-1,16,take-swap-c,0,1048576,1048576,1,17511000,10077132583444572090
normal-o3,0,256,suffix-1,16,rust-vec,0,1048576,1048576,1,15733000,10077132583444572090
normal-o3,0,256,suffix-1,16,cpp-std-vector,0,1048576,1048576,1,16452000,10077132583444572090
normal-o3,0,256,suffix-1,16,reverse-c,1,1048576,1048576,1,34814000,18010505805122801404
normal-o3,0,256,suffix-1,16,direct-c,1,1048576,1048576,1,15559000,18010505805122801404
normal-o3,0,256,suffix-1,16,swap-take-c,1,1048576,1048576,1,34340000,18010505805122801404
normal-o3,0,256,suffix-1,16,take-swap-c,1,1048576,1048576,1,17664000,18010505805122801404
normal-o3,0,256,suffix-1,16,rust-vec,1,1048576,1048576,1,15663000,18010505805122801404
normal-o3,0,256,suffix-1,16,cpp-std-vector,1,1048576,1048576,1,16772000,18010505805122801404
normal-o3,0,256,suffix-1,16,whitefoot,1,1048576,1048576,1,16885000,18010505805122801404
normal-o3,0,256,suffix-1,16,direct-c,2,1048576,1048576,1,16173000,7497134953091479102
normal-o3,0,256,suffix-1,16,swap-take-c,2,1048576,1048576,1,34543000,7497134953091479102
normal-o3,0,256,suffix-1,16,take-swap-c,2,1048576,1048576,1,17562000,7497134953091479102
normal-o3,0,256,suffix-1,16,rust-vec,2,1048576,1048576,1,15658000,7497134953091479102
normal-o3,0,256,suffix-1,16,cpp-std-vector,2,1048576,1048576,1,16523000,7497134953091479102
normal-o3,0,256,suffix-1,16,whitefoot,2,1048576,1048576,1,15917000,7497134953091479102
normal-o3,0,256,suffix-1,16,reverse-c,2,1048576,1048576,1,34269000,7497134953091479102
normal-o3,0,256,suffix-1,16,swap-take-c,3,1048576,1048576,1,34365000,15430508174769708416
normal-o3,0,256,suffix-1,16,take-swap-c,3,1048576,1048576,1,17595000,15430508174769708416
normal-o3,0,256,suffix-1,16,rust-vec,3,1048576,1048576,1,15651000,15430508174769708416
normal-o3,0,256,suffix-1,16,cpp-std-vector,3,1048576,1048576,1,16503000,15430508174769708416
normal-o3,0,256,suffix-1,16,whitefoot,3,1048576,1048576,1,15781000,15430508174769708416
normal-o3,0,256,suffix-1,16,reverse-c,3,1048576,1048576,1,34368000,15430508174769708416
normal-o3,0,256,suffix-1,16,direct-c,3,1048576,1048576,1,15739000,15430508174769708416
normal-o3,0,256,suffix-1,16,take-swap-c,4,1048576,1048576,1,17526000,4917137322738386114
normal-o3,0,256,suffix-1,16,rust-vec,4,1048576,1048576,1,15662000,4917137322738386114
normal-o3,0,256,suffix-1,16,cpp-std-vector,4,1048576,1048576,1,16561000,4917137322738386114
normal-o3,0,256,suffix-1,16,whitefoot,4,1048576,1048576,1,15917000,4917137322738386114
normal-o3,0,256,suffix-1,16,reverse-c,4,1048576,1048576,1,34333000,4917137322738386114
normal-o3,0,256,suffix-1,16,direct-c,4,1048576,1048576,1,15738000,4917137322738386114
normal-o3,0,256,suffix-1,16,swap-take-c,4,1048576,1048576,1,34593000,4917137322738386114
normal-o3,0,256,suffix-1,16,rust-vec,5,1048576,1048576,1,15700000,12850510544416615428
normal-o3,0,256,suffix-1,16,cpp-std-vector,5,1048576,1048576,1,16523000,12850510544416615428
normal-o3,0,256,suffix-1,16,whitefoot,5,1048576,1048576,1,15922000,12850510544416615428
normal-o3,0,256,suffix-1,16,reverse-c,5,1048576,1048576,1,34188000,12850510544416615428
normal-o3,0,256,suffix-1,16,direct-c,5,1048576,1048576,1,15635000,12850510544416615428
normal-o3,0,256,suffix-1,16,swap-take-c,5,1048576,1048576,1,34389000,12850510544416615428
normal-o3,0,256,suffix-1,16,take-swap-c,5,1048576,1048576,1,17514000,12850510544416615428
normal-o3,0,256,suffix-1,16,cpp-std-vector,6,1048576,1048576,1,16472000,2337139692385293126
normal-o3,0,256,suffix-1,16,whitefoot,6,1048576,1048576,1,15953000,2337139692385293126
normal-o3,0,256,suffix-1,16,reverse-c,6,1048576,1048576,1,34333000,2337139692385293126
normal-o3,0,256,suffix-1,16,direct-c,6,1048576,1048576,1,15541000,2337139692385293126
normal-o3,0,256,suffix-1,16,swap-take-c,6,1048576,1048576,1,34486000,2337139692385293126
normal-o3,0,256,suffix-1,16,take-swap-c,6,1048576,1048576,1,17650000,2337139692385293126
normal-o3,0,256,suffix-1,16,rust-vec,6,1048576,1048576,1,15654000,2337139692385293126
normal-o3,0,256,suffix-1,256,whitefoot,0,1048576,1048576,1,15980000,16136919648563323066
normal-o3,0,256,suffix-1,256,reverse-c,0,1048576,1048576,1,34820000,16136919648563323066
normal-o3,0,256,suffix-1,256,direct-c,0,1048576,1048576,1,16037000,16136919648563323066
normal-o3,0,256,suffix-1,256,swap-take-c,0,1048576,1048576,1,35211000,16136919648563323066
normal-o3,0,256,suffix-1,256,take-swap-c,0,1048576,1048576,1,18202000,16136919648563323066
normal-o3,0,256,suffix-1,256,rust-vec,0,1048576,1048576,1,16275000,16136919648563323066
normal-o3,0,256,suffix-1,256,cpp-std-vector,0,1048576,1048576,1,16790000,16136919648563323066
normal-o3,0,256,suffix-1,256,reverse-c,1,1048576,1048576,1,34206000,7049943648979053564
normal-o3,0,256,suffix-1,256,direct-c,1,1048576,1048576,1,15535000,7049943648979053564
normal-o3,0,256,suffix-1,256,swap-take-c,1,1048576,1048576,1,34444000,7049943648979053564
normal-o3,0,256,suffix-1,256,take-swap-c,1,1048576,1048576,1,17693000,7049943648979053564
normal-o3,0,256,suffix-1,256,rust-vec,1,1048576,1048576,1,15659000,7049943648979053564
normal-o3,0,256,suffix-1,256,cpp-std-vector,1,1048576,1048576,1,16536000,7049943648979053564
normal-o3,0,256,suffix-1,256,whitefoot,1,1048576,1048576,1,15947000,7049943648979053564
normal-o3,0,256,suffix-1,256,direct-c,2,1048576,1048576,1,15572000,16409711723104335678
normal-o3,0,256,suffix-1,256,swap-take-c,2,1048576,1048576,1,34346000,16409711723104335678
normal-o3,0,256,suffix-1,256,take-swap-c,2,1048576,1048576,1,17590000,16409711723104335678
normal-o3,0,256,suffix-1,256,rust-vec,2,1048576,1048576,1,15668000,16409711723104335678
normal-o3,0,256,suffix-1,256,cpp-std-vector,2,1048576,1048576,1,16536000,16409711723104335678
normal-o3,0,256,suffix-1,256,whitefoot,2,1048576,1048576,1,15962000,16409711723104335678
normal-o3,0,256,suffix-1,256,reverse-c,2,1048576,1048576,1,34271000,16409711723104335678
normal-o3,0,256,suffix-1,256,swap-take-c,3,1048576,1048576,1,34451000,7322735723520066176
normal-o3,0,256,suffix-1,256,take-swap-c,3,1048576,1048576,1,17565000,7322735723520066176
normal-o3,0,256,suffix-1,256,rust-vec,3,1048576,1048576,1,15701000,7322735723520066176
normal-o3,0,256,suffix-1,256,cpp-std-vector,3,1048576,1048576,1,16542000,7322735723520066176
normal-o3,0,256,suffix-1,256,whitefoot,3,1048576,1048576,1,15908000,7322735723520066176
normal-o3,0,256,suffix-1,256,reverse-c,3,1048576,1048576,1,34172000,7322735723520066176
normal-o3,0,256,suffix-1,256,direct-c,3,1048576,1048576,1,15636000,7322735723520066176
normal-o3,0,256,suffix-1,256,take-swap-c,4,1048576,1048576,1,17570000,16682503797645348290
normal-o3,0,256,suffix-1,256,rust-vec,4,1048576,1048576,1,15665000,16682503797645348290
normal-o3,0,256,suffix-1,256,cpp-std-vector,4,1048576,1048576,1,16519000,16682503797645348290
normal-o3,0,256,suffix-1,256,whitefoot,4,1048576,1048576,1,15971000,16682503797645348290
normal-o3,0,256,suffix-1,256,reverse-c,4,1048576,1048576,1,34386000,16682503797645348290
normal-o3,0,256,suffix-1,256,direct-c,4,1048576,1048576,1,15633000,16682503797645348290
normal-o3,0,256,suffix-1,256,swap-take-c,4,1048576,1048576,1,34407000,16682503797645348290
normal-o3,0,256,suffix-1,256,rust-vec,5,1048576,1048576,1,15708000,7595527798061078788
normal-o3,0,256,suffix-1,256,cpp-std-vector,5,1048576,1048576,1,16562000,7595527798061078788
normal-o3,0,256,suffix-1,256,whitefoot,5,1048576,1048576,1,15947000,7595527798061078788
normal-o3,0,256,suffix-1,256,reverse-c,5,1048576,1048576,1,34268000,7595527798061078788
normal-o3,0,256,suffix-1,256,direct-c,5,1048576,1048576,1,15614000,7595527798061078788
normal-o3,0,256,suffix-1,256,swap-take-c,5,1048576,1048576,1,34374000,7595527798061078788
normal-o3,0,256,suffix-1,256,take-swap-c,5,1048576,1048576,1,17497000,7595527798061078788
normal-o3,0,256,suffix-1,256,cpp-std-vector,6,1048576,1048576,1,16422000,16955295872186360902
normal-o3,0,256,suffix-1,256,whitefoot,6,1048576,1048576,1,15954000,16955295872186360902
normal-o3,0,256,suffix-1,256,reverse-c,6,1048576,1048576,1,34262000,16955295872186360902
normal-o3,0,256,suffix-1,256,direct-c,6,1048576,1048576,1,15547000,16955295872186360902
normal-o3,0,256,suffix-1,256,swap-take-c,6,1048576,1048576,1,35803000,16955295872186360902
normal-o3,0,256,suffix-1,256,take-swap-c,6,1048576,1048576,1,18269000,16955295872186360902
normal-o3,0,256,suffix-1,256,rust-vec,6,1048576,1048576,1,16371000,16955295872186360902
normal-o3,0,256,suffix-1,4096,whitefoot,0,1048576,1048576,1,18458000,11423154033847496890
normal-o3,0,256,suffix-1,4096,reverse-c,0,1048576,1048576,1,35067000,11423154033847496890
normal-o3,0,256,suffix-1,4096,direct-c,0,1048576,1048576,1,15738000,11423154033847496890
normal-o3,0,256,suffix-1,4096,swap-take-c,0,1048576,1048576,1,34612000,11423154033847496890
normal-o3,0,256,suffix-1,4096,take-swap-c,0,1048576,1048576,1,17711000,11423154033847496890
normal-o3,0,256,suffix-1,4096,rust-vec,0,1048576,1048576,1,16029000,11423154033847496890
normal-o3,0,256,suffix-1,4096,cpp-std-vector,0,1048576,1048576,1,16723000,11423154033847496890
normal-o3,0,256,suffix-1,4096,reverse-c,1,1048576,1048576,1,34431000,18279605564934372348
normal-o3,0,256,suffix-1,4096,direct-c,1,1048576,1048576,1,15786000,18279605564934372348
normal-o3,0,256,suffix-1,4096,swap-take-c,1,1048576,1048576,1,34748000,18279605564934372348
normal-o3,0,256,suffix-1,4096,take-swap-c,1,1048576,1048576,1,17631000,18279605564934372348
normal-o3,0,256,suffix-1,4096,rust-vec,1,1048576,1048576,1,15814000,18279605564934372348
normal-o3,0,256,suffix-1,4096,cpp-std-vector,1,1048576,1048576,1,16677000,18279605564934372348
normal-o3,0,256,suffix-1,4096,whitefoot,1,1048576,1048576,1,16053000,18279605564934372348
normal-o3,0,256,suffix-1,4096,direct-c,2,1048576,1048576,1,15688000,6689313022311696190
normal-o3,0,256,suffix-1,4096,swap-take-c,2,1048576,1048576,1,34828000,6689313022311696190
normal-o3,0,256,suffix-1,4096,take-swap-c,2,1048576,1048576,1,17825000,6689313022311696190
normal-o3,0,256,suffix-1,4096,rust-vec,2,1048576,1048576,1,15902000,6689313022311696190
normal-o3,0,256,suffix-1,4096,cpp-std-vector,2,1048576,1048576,1,16823000,6689313022311696190
normal-o3,0,256,suffix-1,4096,whitefoot,2,1048576,1048576,1,16137000,6689313022311696190
normal-o3,0,256,suffix-1,4096,reverse-c,2,1048576,1048576,1,34392000,6689313022311696190
normal-o3,0,256,suffix-1,4096,swap-take-c,3,1048576,1048576,1,34565000,13545764553398571648
normal-o3,0,256,suffix-1,4096,take-swap-c,3,1048576,1048576,1,17779000,13545764553398571648
normal-o3,0,256,suffix-1,4096,rust-vec,3,1048576,1048576,1,15869000,13545764553398571648
normal-o3,0,256,suffix-1,4096,cpp-std-vector,3,1048576,1048576,1,16581000,13545764553398571648
normal-o3,0,256,suffix-1,4096,whitefoot,3,1048576,1048576,1,16033000,13545764553398571648
normal-o3,0,256,suffix-1,4096,reverse-c,3,1048576,1048576,1,34668000,13545764553398571648
normal-o3,0,256,suffix-1,4096,direct-c,3,1048576,1048576,1,15697000,13545764553398571648
normal-o3,0,256,suffix-1,4096,take-swap-c,4,1048576,1048576,1,17738000,1955472010775895490
normal-o3,0,256,suffix-1,4096,rust-vec,4,1048576,1048576,1,15787000,1955472010775895490
normal-o3,0,256,suffix-1,4096,cpp-std-vector,4,1048576,1048576,1,16716000,1955472010775895490
normal-o3,0,256,suffix-1,4096,whitefoot,4,1048576,1048576,1,16081000,1955472010775895490
normal-o3,0,256,suffix-1,4096,reverse-c,4,1048576,1048576,1,34551000,1955472010775895490
normal-o3,0,256,suffix-1,4096,direct-c,4,1048576,1048576,1,15814000,1955472010775895490
normal-o3,0,256,suffix-1,4096,swap-take-c,4,1048576,1048576,1,34678000,1955472010775895490
normal-o3,0,256,suffix-1,4096,rust-vec,5,1048576,1048576,1,15918000,8811923541862770948
normal-o3,0,256,suffix-1,4096,cpp-std-vector,5,1048576,1048576,1,16623000,8811923541862770948
normal-o3,0,256,suffix-1,4096,whitefoot,5,1048576,1048576,1,16502000,8811923541862770948
normal-o3,0,256,suffix-1,4096,reverse-c,5,1048576,1048576,1,35565000,8811923541862770948
normal-o3,0,256,suffix-1,4096,direct-c,5,1048576,1048576,1,16348000,8811923541862770948
normal-o3,0,256,suffix-1,4096,swap-take-c,5,1048576,1048576,1,35071000,8811923541862770948
normal-o3,0,256,suffix-1,4096,take-swap-c,5,1048576,1048576,1,17913000,8811923541862770948
normal-o3,0,256,suffix-1,4096,cpp-std-vector,6,1048576,1048576,1,16680000,15668375072949646406
normal-o3,0,256,suffix-1,4096,whitefoot,6,1048576,1048576,1,16103000,15668375072949646406
normal-o3,0,256,suffix-1,4096,reverse-c,6,1048576,1048576,1,34358000,15668375072949646406
normal-o3,0,256,suffix-1,4096,direct-c,6,1048576,1048576,1,15743000,15668375072949646406
normal-o3,0,256,suffix-1,4096,swap-take-c,6,1048576,1048576,1,34623000,15668375072949646406
normal-o3,0,256,suffix-1,4096,take-swap-c,6,1048576,1048576,1,17919000,15668375072949646406
normal-o3,0,256,suffix-1,4096,rust-vec,6,1048576,1048576,1,15853000,15668375072949646406
normal-o3,0,256,suffix-2,16,whitefoot,0,1048576,524288,1,21900000,7440959976666623466
normal-o3,0,256,suffix-2,16,reverse-c,0,1048576,524288,1,35670000,7440959976666623466
normal-o3,0,256,suffix-2,16,direct-c,0,1048576,524288,1,22137000,7440959976666623466
normal-o3,0,256,suffix-2,16,swap-take-c,0,1048576,524288,1,36762000,7440959976666623466
normal-o3,0,256,suffix-2,16,take-swap-c,0,1048576,524288,1,22528000,7440959976666623466
normal-o3,0,256,suffix-2,16,rust-vec,0,1048576,524288,1,21605000,7440959976666623466
normal-o3,0,256,suffix-2,16,cpp-std-vector,0,1048576,524288,1,21605000,7440959976666623466
normal-o3,0,256,suffix-2,16,reverse-c,1,1048576,524288,1,35596000,5917089180867772268
normal-o3,0,256,suffix-2,16,direct-c,1,1048576,524288,1,21568000,5917089180867772268
normal-o3,0,256,suffix-2,16,swap-take-c,1,1048576,524288,1,35573000,5917089180867772268
normal-o3,0,256,suffix-2,16,take-swap-c,1,1048576,524288,1,21942000,5917089180867772268
normal-o3,0,256,suffix-2,16,rust-vec,1,1048576,524288,1,21589000,5917089180867772268
normal-o3,0,256,suffix-2,16,cpp-std-vector,1,1048576,524288,1,21675000,5917089180867772268
normal-o3,0,256,suffix-2,16,whitefoot,1,1048576,524288,1,21699000,5917089180867772268
normal-o3,0,256,suffix-2,16,direct-c,2,1048576,524288,1,21587000,4393218385068921070
normal-o3,0,256,suffix-2,16,swap-take-c,2,1048576,524288,1,35594000,4393218385068921070
normal-o3,0,256,suffix-2,16,take-swap-c,2,1048576,524288,1,22047000,4393218385068921070
normal-o3,0,256,suffix-2,16,rust-vec,2,1048576,524288,1,21543000,4393218385068921070
normal-o3,0,256,suffix-2,16,cpp-std-vector,2,1048576,524288,1,21661000,4393218385068921070
normal-o3,0,256,suffix-2,16,whitefoot,2,1048576,524288,1,21631000,4393218385068921070
normal-o3,0,256,suffix-2,16,reverse-c,2,1048576,524288,1,35564000,4393218385068921070
normal-o3,0,256,suffix-2,16,swap-take-c,3,1048576,524288,1,35657000,2869347589270069872
normal-o3,0,256,suffix-2,16,take-swap-c,3,1048576,524288,1,22023000,2869347589270069872
normal-o3,0,256,suffix-2,16,rust-vec,3,1048576,524288,1,21813000,2869347589270069872
normal-o3,0,256,suffix-2,16,cpp-std-vector,3,1048576,524288,1,22269000,2869347589270069872
normal-o3,0,256,suffix-2,16,whitefoot,3,1048576,524288,1,22484000,2869347589270069872
normal-o3,0,256,suffix-2,16,reverse-c,3,1048576,524288,1,36168000,2869347589270069872
normal-o3,0,256,suffix-2,16,direct-c,3,1048576,524288,1,21626000,2869347589270069872
normal-o3,0,256,suffix-2,16,take-swap-c,4,1048576,524288,1,22651000,1345476793471218674
normal-o3,0,256,suffix-2,16,rust-vec,4,1048576,524288,1,21606000,1345476793471218674
normal-o3,0,256,suffix-2,16,cpp-std-vector,4,1048576,524288,1,21682000,1345476793471218674
normal-o3,0,256,suffix-2,16,whitefoot,4,1048576,524288,1,21627000,1345476793471218674
normal-o3,0,256,suffix-2,16,reverse-c,4,1048576,524288,1,35624000,1345476793471218674
normal-o3,0,256,suffix-2,16,direct-c,4,1048576,524288,1,21613000,1345476793471218674
normal-o3,0,256,suffix-2,16,swap-take-c,4,1048576,524288,1,35532000,1345476793471218674
normal-o3,0,256,suffix-2,16,rust-vec,5,1048576,524288,1,21584000,18268350071381919092
normal-o3,0,256,suffix-2,16,cpp-std-vector,5,1048576,524288,1,21615000,18268350071381919092
normal-o3,0,256,suffix-2,16,whitefoot,5,1048576,524288,1,21610000,18268350071381919092
normal-o3,0,256,suffix-2,16,reverse-c,5,1048576,524288,1,35670000,18268350071381919092
normal-o3,0,256,suffix-2,16,direct-c,5,1048576,524288,1,22101000,18268350071381919092
normal-o3,0,256,suffix-2,16,swap-take-c,5,1048576,524288,1,35653000,18268350071381919092
normal-o3,0,256,suffix-2,16,take-swap-c,5,1048576,524288,1,22025000,18268350071381919092
normal-o3,0,256,suffix-2,16,cpp-std-vector,6,1048576,524288,1,21524000,16744479275583067894
normal-o3,0,256,suffix-2,16,whitefoot,6,1048576,524288,1,21580000,16744479275583067894
normal-o3,0,256,suffix-2,16,reverse-c,6,1048576,524288,1,35631000,16744479275583067894
normal-o3,0,256,suffix-2,16,direct-c,6,1048576,524288,1,21599000,16744479275583067894
normal-o3,0,256,suffix-2,16,swap-take-c,6,1048576,524288,1,35543000,16744479275583067894
normal-o3,0,256,suffix-2,16,take-swap-c,6,1048576,524288,1,21982000,16744479275583067894
normal-o3,0,256,suffix-2,16,rust-vec,6,1048576,524288,1,21582000,16744479275583067894
normal-o3,0,256,suffix-2,256,whitefoot,0,1048576,524288,1,21722000,2462342821806119658
normal-o3,0,256,suffix-2,256,reverse-c,0,1048576,524288,1,35646000,2462342821806119658
normal-o3,0,256,suffix-2,256,direct-c,0,1048576,524288,1,21601000,2462342821806119658
normal-o3,0,256,suffix-2,256,swap-take-c,0,1048576,524288,1,35566000,2462342821806119658
normal-o3,0,256,suffix-2,256,take-swap-c,0,1048576,524288,1,21991000,2462342821806119658
normal-o3,0,256,suffix-2,256,rust-vec,0,1048576,524288,1,21594000,2462342821806119658
normal-o3,0,256,suffix-2,256,cpp-std-vector,0,1048576,524288,1,21583000,2462342821806119658
normal-o3,0,256,suffix-2,256,reverse-c,1,1048576,524288,1,36554000,15413974867576442988
normal-o3,0,256,suffix-2,256,direct-c,1,1048576,524288,1,22451000,15413974867576442988
normal-o3,0,256,suffix-2,256,swap-take-c,1,1048576,524288,1,36220000,15413974867576442988
normal-o3,0,256,suffix-2,256,take-swap-c,1,1048576,524288,1,21960000,15413974867576442988
normal-o3,0,256,suffix-2,256,rust-vec,1,1048576,524288,1,21599000,15413974867576442988
normal-o3,0,256,suffix-2,256,cpp-std-vector,1,1048576,524288,1,21598000,15413974867576442988
normal-o3,0,256,suffix-2,256,whitefoot,1,1048576,524288,1,21532000,15413974867576442988
normal-o3,0,256,suffix-2,256,direct-c,2,1048576,524288,1,21740000,9918862839637214702
normal-o3,0,256,suffix-2,256,swap-take-c,2,1048576,524288,1,36134000,9918862839637214702
normal-o3,0,256,suffix-2,256,take-swap-c,2,1048576,524288,1,22009000,9918862839637214702
normal-o3,0,256,suffix-2,256,rust-vec,2,1048576,524288,1,21631000,9918862839637214702
normal-o3,0,256,suffix-2,256,cpp-std-vector,2,1048576,524288,1,21583000,9918862839637214702
normal-o3,0,256,suffix-2,256,whitefoot,2,1048576,524288,1,21682000,9918862839637214702
normal-o3,0,256,suffix-2,256,reverse-c,2,1048576,524288,1,35602000,9918862839637214702
normal-o3,0,256,suffix-2,256,swap-take-c,3,1048576,524288,1,35588000,4423750811697986416
normal-o3,0,256,suffix-2,256,take-swap-c,3,1048576,524288,1,22009000,4423750811697986416
normal-o3,0,256,suffix-2,256,rust-vec,3,1048576,524288,1,21647000,4423750811697986416
normal-o3,0,256,suffix-2,256,cpp-std-vector,3,1048576,524288,1,21669000,4423750811697986416
normal-o3,0,256,suffix-2,256,whitefoot,3,1048576,524288,1,21764000,4423750811697986416
normal-o3,0,256,suffix-2,256,reverse-c,3,1048576,524288,1,35683000,4423750811697986416
normal-o3,0,256,suffix-2,256,direct-c,3,1048576,524288,1,21810000,4423750811697986416
normal-o3,0,256,suffix-2,256,take-swap-c,4,1048576,524288,1,21977000,17375382857468309746
normal-o3,0,256,suffix-2,256,rust-vec,4,1048576,524288,1,21617000,17375382857468309746
normal-o3,0,256,suffix-2,256,cpp-std-vector,4,1048576,524288,1,21577000,17375382857468309746
normal-o3,0,256,suffix-2,256,whitefoot,4,1048576,524288,1,21607000,17375382857468309746
normal-o3,0,256,suffix-2,256,reverse-c,4,1048576,524288,1,35641000,17375382857468309746
normal-o3,0,256,suffix-2,256,direct-c,4,1048576,524288,1,21647000,17375382857468309746
normal-o3,0,256,suffix-2,256,swap-take-c,4,1048576,524288,1,35750000,17375382857468309746
normal-o3,0,256,suffix-2,256,rust-vec,5,1048576,524288,1,21589000,11880270829529081460
normal-o3,0,256,suffix-2,256,cpp-std-vector,5,1048576,524288,1,21605000,11880270829529081460
normal-o3,0,256,suffix-2,256,whitefoot,5,1048576,524288,1,21616000,11880270829529081460
normal-o3,0,256,suffix-2,256,reverse-c,5,1048576,524288,1,35670000,11880270829529081460
normal-o3,0,256,suffix-2,256,direct-c,5,1048576,524288,1,21665000,11880270829529081460
normal-o3,0,256,suffix-2,256,swap-take-c,5,1048576,524288,1,35590000,11880270829529081460
normal-o3,0,256,suffix-2,256,take-swap-c,5,1048576,524288,1,21946000,11880270829529081460
normal-o3,0,256,suffix-2,256,cpp-std-vector,6,1048576,524288,1,21858000,6385158801589853174
normal-o3,0,256,suffix-2,256,whitefoot,6,1048576,524288,1,22373000,6385158801589853174
normal-o3,0,256,suffix-2,256,reverse-c,6,1048576,524288,1,37123000,6385158801589853174
normal-o3,0,256,suffix-2,256,direct-c,6,1048576,524288,1,21651000,6385158801589853174
normal-o3,0,256,suffix-2,256,swap-take-c,6,1048576,524288,1,35556000,6385158801589853174
normal-o3,0,256,suffix-2,256,take-swap-c,6,1048576,524288,1,21977000,6385158801589853174
normal-o3,0,256,suffix-2,256,rust-vec,6,1048576,524288,1,21665000,6385158801589853174
normal-o3,0,256,suffix-2,4096,whitefoot,0,1048576,524288,1,21662000,9641278357841734378
normal-o3,0,256,suffix-2,4096,reverse-c,0,1048576,524288,1,37108000,9641278357841734378
normal-o3,0,256,suffix-2,4096,direct-c,0,1048576,524288,1,22157000,9641278357841734378
normal-o3,0,256,suffix-2,4096,swap-take-c,0,1048576,524288,1,35763000,9641278357841734378
normal-o3,0,256,suffix-2,4096,take-swap-c,0,1048576,524288,1,22164000,9641278357841734378
normal-o3,0,256,suffix-2,4096,rust-vec,0,1048576,524288,1,21671000,9641278357841734378
normal-o3,0,256,suffix-2,4096,cpp-std-vector,0,1048576,524288,1,21809000,9641278357841734378
normal-o3,0,256,suffix-2,4096,reverse-c,1,1048576,524288,1,35739000,1379187259122409580
normal-o3,0,256,suffix-2,4096,direct-c,1,1048576,524288,1,21808000,1379187259122409580
normal-o3,0,256,suffix-2,4096,swap-take-c,1,1048576,524288,1,35693000,1379187259122409580
normal-o3,0,256,suffix-2,4096,take-swap-c,1,1048576,524288,1,22223000,1379187259122409580
normal-o3,0,256,suffix-2,4096,rust-vec,1,1048576,524288,1,21662000,1379187259122409580
normal-o3,0,256,suffix-2,4096,cpp-std-vector,1,1048576,524288,1,21782000,1379187259122409580
normal-o3,0,256,suffix-2,4096,whitefoot,1,1048576,524288,1,21773000,1379187259122409580
normal-o3,0,256,suffix-2,4096,direct-c,2,1048576,524288,1,21825000,11563840234112636398
normal-o3,0,256,suffix-2,4096,swap-take-c,2,1048576,524288,1,35759000,11563840234112636398
normal-o3,0,256,suffix-2,4096,take-swap-c,2,1048576,524288,1,22187000,11563840234112636398
normal-o3,0,256,suffix-2,4096,rust-vec,2,1048576,524288,1,21918000,11563840234112636398
normal-o3,0,256,suffix-2,4096,cpp-std-vector,2,1048576,524288,1,21898000,11563840234112636398
normal-o3,0,256,suffix-2,4096,whitefoot,2,1048576,524288,1,21701000,11563840234112636398
normal-o3,0,256,suffix-2,4096,reverse-c,2,1048576,524288,1,35794000,11563840234112636398
normal-o3,0,256,suffix-2,4096,swap-take-c,3,1048576,524288,1,35765000,3301749135393311600
normal-o3,0,256,suffix-2,4096,take-swap-c,3,1048576,524288,1,22130000,3301749135393311600
normal-o3,0,256,suffix-2,4096,rust-vec,3,1048576,524288,1,21677000,3301749135393311600
normal-o3,0,256,suffix-2,4096,cpp-std-vector,3,1048576,524288,1,21807000,3301749135393311600
normal-o3,0,256,suffix-2,4096,whitefoot,3,1048576,524288,1,21735000,3301749135393311600
normal-o3,0,256,suffix-2,4096,reverse-c,3,1048576,524288,1,36343000,3301749135393311600
normal-o3,0,256,suffix-2,4096,direct-c,3,1048576,524288,1,23183000,3301749135393311600
normal-o3,0,256,suffix-2,4096,take-swap-c,4,1048576,524288,1,22435000,13486402110383538418
normal-o3,0,256,suffix-2,4096,rust-vec,4,1048576,524288,1,21749000,13486402110383538418
normal-o3,0,256,suffix-2,4096,cpp-std-vector,4,1048576,524288,1,21808000,13486402110383538418
normal-o3,0,256,suffix-2,4096,whitefoot,4,1048576,524288,1,21925000,13486402110383538418
normal-o3,0,256,suffix-2,4096,reverse-c,4,1048576,524288,1,35908000,13486402110383538418
normal-o3,0,256,suffix-2,4096,direct-c,4,1048576,524288,1,21820000,13486402110383538418
normal-o3,0,256,suffix-2,4096,swap-take-c,4,1048576,524288,1,35780000,13486402110383538418
normal-o3,0,256,suffix-2,4096,rust-vec,5,1048576,524288,1,21729000,5224311011664213620
normal-o3,0,256,suffix-2,4096,cpp-std-vector,5,1048576,524288,1,21865000,5224311011664213620
normal-o3,0,256,suffix-2,4096,whitefoot,5,1048576,524288,1,21763000,5224311011664213620
normal-o3,0,256,suffix-2,4096,reverse-c,5,1048576,524288,1,36292000,5224311011664213620
normal-o3,0,256,suffix-2,4096,direct-c,5,1048576,524288,1,22257000,5224311011664213620
normal-o3,0,256,suffix-2,4096,swap-take-c,5,1048576,524288,1,35735000,5224311011664213620
normal-o3,0,256,suffix-2,4096,take-swap-c,5,1048576,524288,1,22169000,5224311011664213620
normal-o3,0,256,suffix-2,4096,cpp-std-vector,6,1048576,524288,1,21708000,15408963986654440438
normal-o3,0,256,suffix-2,4096,whitefoot,6,1048576,524288,1,21764000,15408963986654440438
normal-o3,0,256,suffix-2,4096,reverse-c,6,1048576,524288,1,35761000,15408963986654440438
normal-o3,0,256,suffix-2,4096,direct-c,6,1048576,524288,1,21794000,15408963986654440438
normal-o3,0,256,suffix-2,4096,swap-take-c,6,1048576,524288,1,35673000,15408963986654440438
normal-o3,0,256,suffix-2,4096,take-swap-c,6,1048576,524288,1,22029000,15408963986654440438
normal-o3,0,256,suffix-2,4096,rust-vec,6,1048576,524288,1,21725000,15408963986654440438
normal-o3,0,256,suffix-3,16,whitefoot,0,1048576,349525,1,24897000,1054367555497166597
normal-o3,0,256,suffix-3,16,reverse-c,0,1048576,349525,1,35579000,1054367555497166597
normal-o3,0,256,suffix-3,16,direct-c,0,1048576,349525,1,25069000,1054367555497166597
normal-o3,0,256,suffix-3,16,swap-take-c,0,1048576,349525,1,35495000,1054367555497166597
normal-o3,0,256,suffix-3,16,take-swap-c,0,1048576,349525,1,31105000,1054367555497166597
normal-o3,0,256,suffix-3,16,rust-vec,0,1048576,349525,1,24938000,1054367555497166597
normal-o3,0,256,suffix-3,16,cpp-std-vector,0,1048576,349525,1,26072000,1054367555497166597
normal-o3,0,256,suffix-3,16,reverse-c,1,1048576,349525,1,36353000,5794397202544729692
normal-o3,0,256,suffix-3,16,direct-c,1,1048576,349525,1,25488000,5794397202544729692
normal-o3,0,256,suffix-3,16,swap-take-c,1,1048576,349525,1,35587000,5794397202544729692
normal-o3,0,256,suffix-3,16,take-swap-c,1,1048576,349525,1,32189000,5794397202544729692
normal-o3,0,256,suffix-3,16,rust-vec,1,1048576,349525,1,25672000,5794397202544729692
normal-o3,0,256,suffix-3,16,cpp-std-vector,1,1048576,349525,1,26101000,5794397202544729692
normal-o3,0,256,suffix-3,16,whitefoot,1,1048576,349525,1,24894000,5794397202544729692
normal-o3,0,256,suffix-3,16,direct-c,2,1048576,349525,1,25103000,10534426849592292787
normal-o3,0,256,suffix-3,16,swap-take-c,2,1048576,349525,1,35406000,10534426849592292787
normal-o3,0,256,suffix-3,16,take-swap-c,2,1048576,349525,1,31171000,10534426849592292787
normal-o3,0,256,suffix-3,16,rust-vec,2,1048576,349525,1,24989000,10534426849592292787
normal-o3,0,256,suffix-3,16,cpp-std-vector,2,1048576,349525,1,26077000,10534426849592292787
normal-o3,0,256,suffix-3,16,whitefoot,2,1048576,349525,1,24800000,10534426849592292787
normal-o3,0,256,suffix-3,16,reverse-c,2,1048576,349525,1,35486000,10534426849592292787
normal-o3,0,256,suffix-3,16,swap-take-c,3,1048576,349525,1,35567000,15274456496639855882
normal-o3,0,256,suffix-3,16,take-swap-c,3,1048576,349525,1,31757000,15274456496639855882
normal-o3,0,256,suffix-3,16,rust-vec,3,1048576,349525,1,25074000,15274456496639855882
normal-o3,0,256,suffix-3,16,cpp-std-vector,3,1048576,349525,1,25817000,15274456496639855882
normal-o3,0,256,suffix-3,16,whitefoot,3,1048576,349525,1,24829000,15274456496639855882
normal-o3,0,256,suffix-3,16,reverse-c,3,1048576,349525,1,35470000,15274456496639855882
normal-o3,0,256,suffix-3,16,direct-c,3,1048576,349525,1,25103000,15274456496639855882
normal-o3,0,256,suffix-3,16,take-swap-c,4,1048576,349525,1,31198000,1567742069977867361
normal-o3,0,256,suffix-3,16,rust-vec,4,1048576,349525,1,24946000,1567742069977867361
normal-o3,0,256,suffix-3,16,cpp-std-vector,4,1048576,349525,1,26936000,1567742069977867361
normal-o3,0,256,suffix-3,16,whitefoot,4,1048576,349525,1,25742000,1567742069977867361
normal-o3,0,256,suffix-3,16,reverse-c,4,1048576,349525,1,36099000,1567742069977867361
normal-o3,0,256,suffix-3,16,direct-c,4,1048576,349525,1,25119000,1567742069977867361
normal-o3,0,256,suffix-3,16,swap-take-c,4,1048576,349525,1,35330000,1567742069977867361
normal-o3,0,256,suffix-3,16,rust-vec,5,1048576,349525,1,25000000,6307771717025430456
normal-o3,0,256,suffix-3,16,cpp-std-vector,5,1048576,349525,1,25997000,6307771717025430456
normal-o3,0,256,suffix-3,16,whitefoot,5,1048576,349525,1,24745000,6307771717025430456
normal-o3,0,256,suffix-3,16,reverse-c,5,1048576,349525,1,35474000,6307771717025430456
normal-o3,0,256,suffix-3,16,direct-c,5,1048576,349525,1,25011000,6307771717025430456
normal-o3,0,256,suffix-3,16,swap-take-c,5,1048576,349525,1,37480000,6307771717025430456
normal-o3,0,256,suffix-3,16,take-swap-c,5,1048576,349525,1,33298000,6307771717025430456
normal-o3,0,256,suffix-3,16,cpp-std-vector,6,1048576,349525,1,26087000,11047801364072993551
normal-o3,0,256,suffix-3,16,whitefoot,6,1048576,349525,1,24808000,11047801364072993551
normal-o3,0,256,suffix-3,16,reverse-c,6,1048576,349525,1,35436000,11047801364072993551
normal-o3,0,256,suffix-3,16,direct-c,6,1048576,349525,1,25035000,11047801364072993551
normal-o3,0,256,suffix-3,16,swap-take-c,6,1048576,349525,1,35382000,11047801364072993551
normal-o3,0,256,suffix-3,16,take-swap-c,6,1048576,349525,1,31077000,11047801364072993551
normal-o3,0,256,suffix-3,16,rust-vec,6,1048576,349525,1,25078000,11047801364072993551
normal-o3,0,256,suffix-3,256,whitefoot,0,1048576,349525,1,24948000,15528439189922159621
normal-o3,0,256,suffix-3,256,reverse-c,0,1048576,349525,1,35471000,15528439189922159621
normal-o3,0,256,suffix-3,256,direct-c,0,1048576,349525,1,25094000,15528439189922159621
normal-o3,0,256,suffix-3,256,swap-take-c,0,1048576,349525,1,35340000,15528439189922159621
normal-o3,0,256,suffix-3,256,take-swap-c,0,1048576,349525,1,31417000,15528439189922159621
normal-o3,0,256,suffix-3,256,rust-vec,0,1048576,349525,1,25643000,15528439189922159621
normal-o3,0,256,suffix-3,256,cpp-std-vector,0,1048576,349525,1,26192000,15528439189922159621
normal-o3,0,256,suffix-3,256,reverse-c,1,1048576,349525,1,35510000,6728350532028667740
normal-o3,0,256,suffix-3,256,direct-c,1,1048576,349525,1,25034000,6728350532028667740
normal-o3,0,256,suffix-3,256,swap-take-c,1,1048576,349525,1,35335000,6728350532028667740
normal-o3,0,256,suffix-3,256,take-swap-c,1,1048576,349525,1,31091000,6728350532028667740
normal-o3,0,256,suffix-3,256,rust-vec,1,1048576,349525,1,25065000,6728350532028667740
normal-o3,0,256,suffix-3,256,cpp-std-vector,1,1048576,349525,1,26096000,6728350532028667740
normal-o3,0,256,suffix-3,256,whitefoot,1,1048576,349525,1,25292000,6728350532028667740
normal-o3,0,256,suffix-3,256,direct-c,2,1048576,349525,1,25072000,16375005947844727475
normal-o3,0,256,suffix-3,256,swap-take-c,2,1048576,349525,1,35329000,16375005947844727475
normal-o3,0,256,suffix-3,256,take-swap-c,2,1048576,349525,1,31108000,16375005947844727475
normal-o3,0,256,suffix-3,256,rust-vec,2,1048576,349525,1,25163000,16375005947844727475
normal-o3,0,256,suffix-3,256,cpp-std-vector,2,1048576,349525,1,25839000,16375005947844727475
normal-o3,0,256,suffix-3,256,whitefoot,2,1048576,349525,1,24866000,16375005947844727475
normal-o3,0,256,suffix-3,256,reverse-c,2,1048576,349525,1,35433000,16375005947844727475
normal-o3,0,256,suffix-3,256,swap-take-c,3,1048576,349525,1,36605000,7574917289951235594
normal-o3,0,256,suffix-3,256,take-swap-c,3,1048576,349525,1,31578000,7574917289951235594
normal-o3,0,256,suffix-3,256,rust-vec,3,1048576,349525,1,24934000,7574917289951235594
normal-o3,0,256,suffix-3,256,cpp-std-vector,3,1048576,349525,1,26056000,7574917289951235594
normal-o3,0,256,suffix-3,256,whitefoot,3,1048576,349525,1,24899000,7574917289951235594
normal-o3,0,256,suffix-3,256,reverse-c,3,1048576,349525,1,35475000,7574917289951235594
normal-o3,0,256,suffix-3,256,direct-c,3,1048576,349525,1,25061000,7574917289951235594
normal-o3,0,256,suffix-3,256,take-swap-c,4,1048576,349525,1,31083000,17221572705767295329
normal-o3,0,256,suffix-3,256,rust-vec,4,1048576,349525,1,25042000,17221572705767295329
normal-o3,0,256,suffix-3,256,cpp-std-vector,4,1048576,349525,1,26059000,17221572705767295329
normal-o3,0,256,suffix-3,256,whitefoot,4,1048576,349525,1,24872000,17221572705767295329
normal-o3,0,256,suffix-3,256,reverse-c,4,1048576,349525,1,35522000,17221572705767295329
normal-o3,0,256,suffix-3,256,direct-c,4,1048576,349525,1,25032000,17221572705767295329
normal-o3,0,256,suffix-3,256,swap-take-c,4,1048576,349525,1,35415000,17221572705767295329
normal-o3,0,256,suffix-3,256,rust-vec,5,1048576,349525,1,25029000,8421484047873803448
normal-o3,0,256,suffix-3,256,cpp-std-vector,5,1048576,349525,1,25846000,8421484047873803448
normal-o3,0,256,suffix-3,256,whitefoot,5,1048576,349525,1,25280000,8421484047873803448
normal-o3,0,256,suffix-3,256,reverse-c,5,1048576,349525,1,36287000,8421484047873803448
normal-o3,0,256,suffix-3,256,direct-c,5,1048576,349525,1,25136000,8421484047873803448
normal-o3,0,256,suffix-3,256,swap-take-c,5,1048576,349525,1,35389000,8421484047873803448
normal-o3,0,256,suffix-3,256,take-swap-c,5,1048576,349525,1,31084000,8421484047873803448
normal-o3,0,256,suffix-3,256,cpp-std-vector,6,1048576,349525,1,26148000,18068139463689863183
normal-o3,0,256,suffix-3,256,whitefoot,6,1048576,349525,1,24911000,18068139463689863183
normal-o3,0,256,suffix-3,256,reverse-c,6,1048576,349525,1,35428000,18068139463689863183
normal-o3,0,256,suffix-3,256,direct-c,6,1048576,349525,1,25016000,18068139463689863183
normal-o3,0,256,suffix-3,256,swap-take-c,6,1048576,349525,1,35310000,18068139463689863183
normal-o3,0,256,suffix-3,256,take-swap-c,6,1048576,349525,1,31027000,18068139463689863183
normal-o3,0,256,suffix-3,256,rust-vec,6,1048576,349525,1,25024000,18068139463689863183
normal-o3,0,256,suffix-3,4096,whitefoot,0,1048576,349525,1,25030000,15626320741824457733
normal-o3,0,256,suffix-3,4096,reverse-c,0,1048576,349525,1,37064000,15626320741824457733
normal-o3,0,256,suffix-3,4096,direct-c,0,1048576,349525,1,26038000,15626320741824457733
normal-o3,0,256,suffix-3,4096,swap-take-c,0,1048576,349525,1,35483000,15626320741824457733
normal-o3,0,256,suffix-3,4096,take-swap-c,0,1048576,349525,1,31228000,15626320741824457733
normal-o3,0,256,suffix-3,4096,rust-vec,0,1048576,349525,1,25148000,15626320741824457733
normal-o3,0,256,suffix-3,4096,cpp-std-vector,0,1048576,349525,1,26201000,15626320741824457733
normal-o3,0,256,suffix-3,4096,reverse-c,1,1048576,349525,1,35637000,11900565124691961692
normal-o3,0,256,suffix-3,4096,direct-c,1,1048576,349525,1,25325000,11900565124691961692
normal-o3,0,256,suffix-3,4096,swap-take-c,1,1048576,349525,1,35511000,11900565124691961692
normal-o3,0,256,suffix-3,4096,take-swap-c,1,1048576,349525,1,31211000,11900565124691961692
normal-o3,0,256,suffix-3,4096,rust-vec,1,1048576,349525,1,25223000,11900565124691961692
normal-o3,0,256,suffix-3,4096,cpp-std-vector,1,1048576,349525,1,26153000,11900565124691961692
normal-o3,0,256,suffix-3,4096,whitefoot,1,1048576,349525,1,25019000,11900565124691961692
normal-o3,0,256,suffix-3,4096,direct-c,2,1048576,349525,1,25316000,8174809507559465651
normal-o3,0,256,suffix-3,4096,swap-take-c,2,1048576,349525,1,35488000,8174809507559465651
normal-o3,0,256,suffix-3,4096,take-swap-c,2,1048576,349525,1,31398000,8174809507559465651
normal-o3,0,256,suffix-3,4096,rust-vec,2,1048576,349525,1,25135000,8174809507559465651
normal-o3,0,256,suffix-3,4096,cpp-std-vector,2,1048576,349525,1,26342000,8174809507559465651
normal-o3,0,256,suffix-3,4096,whitefoot,2,1048576,349525,1,25013000,8174809507559465651
normal-o3,0,256,suffix-3,4096,reverse-c,2,1048576,349525,1,36031000,8174809507559465651
normal-o3,0,256,suffix-3,4096,swap-take-c,3,1048576,349525,1,35494000,4449053890426969610
normal-o3,0,256,suffix-3,4096,take-swap-c,3,1048576,349525,1,31189000,4449053890426969610
normal-o3,0,256,suffix-3,4096,rust-vec,3,1048576,349525,1,25208000,4449053890426969610
normal-o3,0,256,suffix-3,4096,cpp-std-vector,3,1048576,349525,1,26109000,4449053890426969610
normal-o3,0,256,suffix-3,4096,whitefoot,3,1048576,349525,1,25044000,4449053890426969610
normal-o3,0,256,suffix-3,4096,reverse-c,3,1048576,349525,1,35607000,4449053890426969610
normal-o3,0,256,suffix-3,4096,direct-c,3,1048576,349525,1,25166000,4449053890426969610
normal-o3,0,256,suffix-3,4096,take-swap-c,4,1048576,349525,1,31296000,723298273294473569
normal-o3,0,256,suffix-3,4096,rust-vec,4,1048576,349525,1,25176000,723298273294473569
normal-o3,0,256,suffix-3,4096,cpp-std-vector,4,1048576,349525,1,26253000,723298273294473569
normal-o3,0,256,suffix-3,4096,whitefoot,4,1048576,349525,1,25985000,723298273294473569
normal-o3,0,256,suffix-3,4096,reverse-c,4,1048576,349525,1,36820000,723298273294473569
normal-o3,0,256,suffix-3,4096,direct-c,4,1048576,349525,1,26240000,723298273294473569
normal-o3,0,256,suffix-3,4096,swap-take-c,4,1048576,349525,1,35643000,723298273294473569
normal-o3,0,256,suffix-3,4096,rust-vec,5,1048576,349525,1,25143000,15444286729871529144
normal-o3,0,256,suffix-3,4096,cpp-std-vector,5,1048576,349525,1,26514000,15444286729871529144
normal-o3,0,256,suffix-3,4096,whitefoot,5,1048576,349525,1,26839000,15444286729871529144
normal-o3,0,256,suffix-3,4096,reverse-c,5,1048576,349525,1,35782000,15444286729871529144
normal-o3,0,256,suffix-3,4096,direct-c,5,1048576,349525,1,26225000,15444286729871529144
normal-o3,0,256,suffix-3,4096,swap-take-c,5,1048576,349525,1,36919000,15444286729871529144
normal-o3,0,256,suffix-3,4096,take-swap-c,5,1048576,349525,1,32233000,15444286729871529144
normal-o3,0,256,suffix-3,4096,cpp-std-vector,6,1048576,349525,1,26142000,11718531112739033103
normal-o3,0,256,suffix-3,4096,whitefoot,6,1048576,349525,1,25129000,11718531112739033103
normal-o3,0,256,suffix-3,4096,reverse-c,6,1048576,349525,1,35565000,11718531112739033103
normal-o3,0,256,suffix-3,4096,direct-c,6,1048576,349525,1,25224000,11718531112739033103
normal-o3,0,256,suffix-3,4096,swap-take-c,6,1048576,349525,1,35441000,11718531112739033103
normal-o3,0,256,suffix-3,4096,take-swap-c,6,1048576,349525,1,31206000,11718531112739033103
normal-o3,0,256,suffix-3,4096,rust-vec,6,1048576,349525,1,25095000,11718531112739033103
normal-o3,1,8,reserved,16,cpp-std-vector,0,1048576,65536,1,3236000,1613149332516896869
normal-o3,1,8,reserved,16,rust-vec,0,1048576,65536,1,2385000,1613149332516896869
normal-o3,1,8,reserved,16,take-swap-c,0,1048576,65536,1,3691000,1613149332516896869
normal-o3,1,8,reserved,16,swap-take-c,0,1048576,65536,1,3783000,1613149332516896869
normal-o3,1,8,reserved,16,direct-c,0,1048576,65536,1,3247000,1613149332516896869
normal-o3,1,8,reserved,16,reverse-c,0,1048576,65536,1,3941000,1613149332516896869
normal-o3,1,8,reserved,16,whitefoot,0,1048576,65536,1,3060000,1613149332516896869
normal-o3,1,8,reserved,16,rust-vec,1,1048576,65536,1,2376000,15534383740606742630
normal-o3,1,8,reserved,16,take-swap-c,1,1048576,65536,1,3678000,15534383740606742630
normal-o3,1,8,reserved,16,swap-take-c,1,1048576,65536,1,3783000,15534383740606742630
normal-o3,1,8,reserved,16,direct-c,1,1048576,65536,1,3339000,15534383740606742630
normal-o3,1,8,reserved,16,reverse-c,1,1048576,65536,1,3980000,15534383740606742630
normal-o3,1,8,reserved,16,whitefoot,1,1048576,65536,1,3079000,15534383740606742630
normal-o3,1,8,reserved,16,cpp-std-vector,1,1048576,65536,1,3138000,15534383740606742630
normal-o3,1,8,reserved,16,take-swap-c,2,1048576,65536,1,3692000,11203551505675976807
normal-o3,1,8,reserved,16,swap-take-c,2,1048576,65536,1,3781000,11203551505675976807
normal-o3,1,8,reserved,16,direct-c,2,1048576,65536,1,3253000,11203551505675976807
normal-o3,1,8,reserved,16,reverse-c,2,1048576,65536,1,3961000,11203551505675976807
normal-o3,1,8,reserved,16,whitefoot,2,1048576,65536,1,3056000,11203551505675976807
normal-o3,1,8,reserved,16,cpp-std-vector,2,1048576,65536,1,3148000,11203551505675976807
normal-o3,1,8,reserved,16,rust-vec,2,1048576,65536,1,2457000,11203551505675976807
normal-o3,1,8,reserved,16,swap-take-c,3,1048576,65536,1,3798000,598448321840808040
normal-o3,1,8,reserved,16,direct-c,3,1048576,65536,1,3256000,598448321840808040
normal-o3,1,8,reserved,16,reverse-c,3,1048576,65536,1,3962000,598448321840808040
normal-o3,1,8,reserved,16,whitefoot,3,1048576,65536,1,3098000,598448321840808040
normal-o3,1,8,reserved,16,cpp-std-vector,3,1048576,65536,1,3175000,598448321840808040
normal-o3,1,8,reserved,16,rust-vec,3,1048576,65536,1,2381000,598448321840808040
normal-o3,1,8,reserved,16,take-swap-c,3,1048576,65536,1,3668000,598448321840808040
normal-o3,1,8,reserved,16,direct-c,4,1048576,65536,1,3236000,3717605000514633833
normal-o3,1,8,reserved,16,reverse-c,4,1048576,65536,1,3952000,3717605000514633833
normal-o3,1,8,reserved,16,whitefoot,4,1048576,65536,1,3139000,3717605000514633833
normal-o3,1,8,reserved,16,cpp-std-vector,4,1048576,65536,1,3140000,3717605000514633833
normal-o3,1,8,reserved,16,rust-vec,4,1048576,65536,1,2382000,3717605000514633833
normal-o3,1,8,reserved,16,take-swap-c,4,1048576,65536,1,3670000,3717605000514633833
normal-o3,1,8,reserved,16,swap-take-c,4,1048576,65536,1,3789000,3717605000514633833
normal-o3,1,8,reserved,16,reverse-c,5,1048576,65536,1,4029000,7745013020975693930
normal-o3,1,8,reserved,16,whitefoot,5,1048576,65536,1,3184000,7745013020975693930
normal-o3,1,8,reserved,16,cpp-std-vector,5,1048576,65536,1,3199000,7745013020975693930
normal-o3,1,8,reserved,16,rust-vec,5,1048576,65536,1,2426000,7745013020975693930
normal-o3,1,8,reserved,16,take-swap-c,5,1048576,65536,1,3743000,7745013020975693930
normal-o3,1,8,reserved,16,swap-take-c,5,1048576,65536,1,3917000,7745013020975693930
normal-o3,1,8,reserved,16,direct-c,5,1048576,65536,1,3372000,7745013020975693930
normal-o3,1,8,reserved,16,whitefoot,6,1048576,65536,1,3176000,6351481337365135467
normal-o3,1,8,reserved,16,cpp-std-vector,6,1048576,65536,1,3277000,6351481337365135467
normal-o3,1,8,reserved,16,rust-vec,6,1048576,65536,1,2618000,6351481337365135467
normal-o3,1,8,reserved,16,take-swap-c,6,1048576,65536,1,3738000,6351481337365135467
normal-o3,1,8,reserved,16,swap-take-c,6,1048576,65536,1,3924000,6351481337365135467
normal-o3,1,8,reserved,16,direct-c,6,1048576,65536,1,3240000,6351481337365135467
normal-o3,1,8,reserved,16,reverse-c,6,1048576,65536,1,3947000,6351481337365135467
normal-o3,1,8,reserved,256,cpp-std-vector,0,1048576,4096,1,2131000,1498897996573024357
normal-o3,1,8,reserved,256,rust-vec,0,1048576,4096,1,1553000,1498897996573024357
normal-o3,1,8,reserved,256,take-swap-c,0,1048576,4096,1,2265000,1498897996573024357
normal-o3,1,8,reserved,256,swap-take-c,0,1048576,4096,1,2228000,1498897996573024357
normal-o3,1,8,reserved,256,direct-c,0,1048576,4096,1,1699000,1498897996573024357
normal-o3,1,8,reserved,256,reverse-c,0,1048576,4096,1,3203000,1498897996573024357
normal-o3,1,8,reserved,256,whitefoot,0,1048576,4096,1,1713000,1498897996573024357
normal-o3,1,8,reserved,256,rust-vec,1,1048576,4096,1,1539000,7707534785925595238
normal-o3,1,8,reserved,256,take-swap-c,1,1048576,4096,1,2149000,7707534785925595238
normal-o3,1,8,reserved,256,swap-take-c,1,1048576,4096,1,2215000,7707534785925595238
normal-o3,1,8,reserved,256,direct-c,1,1048576,4096,1,1703000,7707534785925595238
normal-o3,1,8,reserved,256,reverse-c,1,1048576,4096,1,3212000,7707534785925595238
normal-o3,1,8,reserved,256,whitefoot,1,1048576,4096,1,1702000,7707534785925595238
normal-o3,1,8,reserved,256,cpp-std-vector,1,1048576,4096,1,2087000,7707534785925595238
normal-o3,1,8,reserved,256,take-swap-c,2,1048576,4096,1,2157000,5506079726878842983
normal-o3,1,8,reserved,256,swap-take-c,2,1048576,4096,1,2216000,5506079726878842983
normal-o3,1,8,reserved,256,direct-c,2,1048576,4096,1,1727000,5506079726878842983
normal-o3,1,8,reserved,256,reverse-c,2,1048576,4096,1,3269000,5506079726878842983
normal-o3,1,8,reserved,256,whitefoot,2,1048576,4096,1,1714000,5506079726878842983
normal-o3,1,8,reserved,256,cpp-std-vector,2,1048576,4096,1,2116000,5506079726878842983
normal-o3,1,8,reserved,256,rust-vec,2,1048576,4096,1,1581000,5506079726878842983
normal-o3,1,8,reserved,256,swap-take-c,3,1048576,4096,1,2228000,5888291873035911272
normal-o3,1,8,reserved,256,direct-c,3,1048576,4096,1,1698000,5888291873035911272
normal-o3,1,8,reserved,256,reverse-c,3,1048576,4096,1,3212000,5888291873035911272
normal-o3,1,8,reserved,256,whitefoot,3,1048576,4096,1,1702000,5888291873035911272
normal-o3,1,8,reserved,256,cpp-std-vector,3,1048576,4096,1,2120000,5888291873035911272
normal-o3,1,8,reserved,256,rust-vec,3,1048576,4096,1,1569000,5888291873035911272
normal-o3,1,8,reserved,256,take-swap-c,3,1048576,4096,1,2158000,5888291873035911272
normal-o3,1,8,reserved,256,direct-c,4,1048576,4096,1,1696000,7512286317303570537
normal-o3,1,8,reserved,256,reverse-c,4,1048576,4096,1,3221000,7512286317303570537
normal-o3,1,8,reserved,256,whitefoot,4,1048576,4096,1,1704000,7512286317303570537
normal-o3,1,8,reserved,256,cpp-std-vector,4,1048576,4096,1,2169000,7512286317303570537
normal-o3,1,8,reserved,256,rust-vec,4,1048576,4096,1,1576000,7512286317303570537
normal-o3,1,8,reserved,256,take-swap-c,4,1048576,4096,1,2155000,7512286317303570537
normal-o3,1,8,reserved,256,swap-take-c,4,1048576,4096,1,2212000,7512286317303570537
normal-o3,1,8,reserved,256,reverse-c,5,1048576,4096,1,3229000,13357584908658163818
normal-o3,1,8,reserved,256,whitefoot,5,1048576,4096,1,1708000,13357584908658163818
normal-o3,1,8,reserved,256,cpp-std-vector,5,1048576,4096,1,2151000,13357584908658163818
normal-o3,1,8,reserved,256,rust-vec,5,1048576,4096,1,1554000,13357584908658163818
normal-o3,1,8,reserved,256,take-swap-c,5,1048576,4096,1,2161000,13357584908658163818
normal-o3,1,8,reserved,256,swap-take-c,5,1048576,4096,1,2199000,13357584908658163818
normal-o3,1,8,reserved,256,direct-c,5,1048576,4096,1,1719000,13357584908658163818
normal-o3,1,8,reserved,256,whitefoot,6,1048576,4096,1,1701000,10011933332678926443
normal-o3,1,8,reserved,256,cpp-std-vector,6,1048576,4096,1,2079000,10011933332678926443
normal-o3,1,8,reserved,256,rust-vec,6,1048576,4096,1,1541000,10011933332678926443
normal-o3,1,8,reserved,256,take-swap-c,6,1048576,4096,1,2160000,10011933332678926443
normal-o3,1,8,reserved,256,swap-take-c,6,1048576,4096,1,2217000,10011933332678926443
normal-o3,1,8,reserved,256,direct-c,6,1048576,4096,1,1728000,10011933332678926443
normal-o3,1,8,reserved,256,reverse-c,6,1048576,4096,1,3294000,10011933332678926443
normal-o3,1,8,reserved,4096,cpp-std-vector,0,1048576,256,1,2108000,2256710881311081573
normal-o3,1,8,reserved,4096,rust-vec,0,1048576,256,1,1526000,2256710881311081573
normal-o3,1,8,reserved,4096,take-swap-c,0,1048576,256,1,2066000,2256710881311081573
normal-o3,1,8,reserved,4096,swap-take-c,0,1048576,256,1,2152000,2256710881311081573
normal-o3,1,8,reserved,4096,direct-c,0,1048576,256,1,1648000,2256710881311081573
normal-o3,1,8,reserved,4096,reverse-c,0,1048576,256,1,2843000,2256710881311081573
normal-o3,1,8,reserved,4096,whitefoot,0,1048576,256,1,1670000,2256710881311081573
normal-o3,1,8,reserved,4096,rust-vec,1,1048576,256,1,1525000,6904654748820097126
normal-o3,1,8,reserved,4096,take-swap-c,1,1048576,256,1,2056000,6904654748820097126
normal-o3,1,8,reserved,4096,swap-take-c,1,1048576,256,1,2143000,6904654748820097126
normal-o3,1,8,reserved,4096,direct-c,1,1048576,256,1,1638000,6904654748820097126
normal-o3,1,8,reserved,4096,reverse-c,1,1048576,256,1,2851000,6904654748820097126
normal-o3,1,8,reserved,4096,whitefoot,1,1048576,256,1,1665000,6904654748820097126
normal-o3,1,8,reserved,4096,cpp-std-vector,1,1048576,256,1,2125000,6904654748820097126
normal-o3,1,8,reserved,4096,take-swap-c,2,1048576,256,1,2054000,16426223538089053287
normal-o3,1,8,reserved,4096,swap-take-c,2,1048576,256,1,2149000,16426223538089053287
normal-o3,1,8,reserved,4096,direct-c,2,1048576,256,1,1636000,16426223538089053287
normal-o3,1,8,reserved,4096,reverse-c,2,1048576,256,1,2856000,16426223538089053287
normal-o3,1,8,reserved,4096,whitefoot,2,1048576,256,1,1671000,16426223538089053287
normal-o3,1,8,reserved,4096,cpp-std-vector,2,1048576,256,1,2039000,16426223538089053287
normal-o3,1,8,reserved,4096,rust-vec,2,1048576,256,1,1526000,16426223538089053287
normal-o3,1,8,reserved,4096,swap-take-c,3,1048576,256,1,2145000,9531859752620511336
normal-o3,1,8,reserved,4096,direct-c,3,1048576,256,1,1648000,9531859752620511336
normal-o3,1,8,reserved,4096,reverse-c,3,1048576,256,1,2851000,9531859752620511336
normal-o3,1,8,reserved,4096,whitefoot,3,1048576,256,1,1665000,9531859752620511336
normal-o3,1,8,reserved,4096,cpp-std-vector,3,1048576,256,1,2111000,9531859752620511336
normal-o3,1,8,reserved,4096,rust-vec,3,1048576,256,1,1537000,9531859752620511336
normal-o3,1,8,reserved,4096,take-swap-c,3,1048576,256,1,2062000,9531859752620511336
normal-o3,1,8,reserved,4096,direct-c,4,1048576,256,1,1679000,14830550356061344873
normal-o3,1,8,reserved,4096,reverse-c,4,1048576,256,1,2885000,14830550356061344873
normal-o3,1,8,reserved,4096,whitefoot,4,1048576,256,1,1662000,14830550356061344873
normal-o3,1,8,reserved,4096,cpp-std-vector,4,1048576,256,1,2034000,14830550356061344873
normal-o3,1,8,reserved,4096,rust-vec,4,1048576,256,1,1530000,14830550356061344873
normal-o3,1,8,reserved,4096,take-swap-c,4,1048576,256,1,2070000,14830550356061344873
normal-o3,1,8,reserved,4096,swap-take-c,4,1048576,256,1,2150000,14830550356061344873
normal-o3,1,8,reserved,4096,reverse-c,5,1048576,256,1,2840000,11014393161628833898
normal-o3,1,8,reserved,4096,whitefoot,5,1048576,256,1,1683000,11014393161628833898
normal-o3,1,8,reserved,4096,cpp-std-vector,5,1048576,256,1,2076000,11014393161628833898
normal-o3,1,8,reserved,4096,rust-vec,5,1048576,256,1,1528000,11014393161628833898
normal-o3,1,8,reserved,4096,take-swap-c,5,1048576,256,1,2054000,11014393161628833898
normal-o3,1,8,reserved,4096,swap-take-c,5,1048576,256,1,2147000,11014393161628833898
normal-o3,1,8,reserved,4096,direct-c,5,1048576,256,1,1643000,11014393161628833898
normal-o3,1,8,reserved,4096,whitefoot,6,1048576,256,1,1673000,3531045655943011435
normal-o3,1,8,reserved,4096,cpp-std-vector,6,1048576,256,1,2034000,3531045655943011435
normal-o3,1,8,reserved,4096,rust-vec,6,1048576,256,1,1525000,3531045655943011435
normal-o3,1,8,reserved,4096,take-swap-c,6,1048576,256,1,2161000,3531045655943011435
normal-o3,1,8,reserved,4096,swap-take-c,6,1048576,256,1,2145000,3531045655943011435
normal-o3,1,8,reserved,4096,direct-c,6,1048576,256,1,1647000,3531045655943011435
normal-o3,1,8,reserved,4096,reverse-c,6,1048576,256,1,2849000,3531045655943011435
normal-o3,1,8,growth,16,cpp-std-vector,0,1048576,65536,1,9547000,1613149332516896869
normal-o3,1,8,growth,16,rust-vec,0,1048576,65536,1,9125000,1613149332516896869
normal-o3,1,8,growth,16,take-swap-c,0,1048576,65536,1,11418000,1613149332516896869
normal-o3,1,8,growth,16,swap-take-c,0,1048576,65536,1,11190000,1613149332516896869
normal-o3,1,8,growth,16,direct-c,0,1048576,65536,1,10504000,1613149332516896869
normal-o3,1,8,growth,16,reverse-c,0,1048576,65536,1,11362000,1613149332516896869
normal-o3,1,8,growth,16,whitefoot,0,1048576,65536,1,10669000,1613149332516896869
normal-o3,1,8,growth,16,rust-vec,1,1048576,65536,1,9394000,15534383740606742630
normal-o3,1,8,growth,16,take-swap-c,1,1048576,65536,1,10635000,15534383740606742630
normal-o3,1,8,growth,16,swap-take-c,1,1048576,65536,1,10596000,15534383740606742630
normal-o3,1,8,growth,16,direct-c,1,1048576,65536,1,10120000,15534383740606742630
normal-o3,1,8,growth,16,reverse-c,1,1048576,65536,1,10885000,15534383740606742630
normal-o3,1,8,growth,16,whitefoot,1,1048576,65536,1,10192000,15534383740606742630
normal-o3,1,8,growth,16,cpp-std-vector,1,1048576,65536,1,9574000,15534383740606742630
normal-o3,1,8,growth,16,take-swap-c,2,1048576,65536,1,10414000,11203551505675976807
normal-o3,1,8,growth,16,swap-take-c,2,1048576,65536,1,10650000,11203551505675976807
normal-o3,1,8,growth,16,direct-c,2,1048576,65536,1,10099000,11203551505675976807
normal-o3,1,8,growth,16,reverse-c,2,1048576,65536,1,10748000,11203551505675976807
normal-o3,1,8,growth,16,whitefoot,2,1048576,65536,1,10287000,11203551505675976807
normal-o3,1,8,growth,16,cpp-std-vector,2,1048576,65536,1,9554000,11203551505675976807
normal-o3,1,8,growth,16,rust-vec,2,1048576,65536,1,9111000,11203551505675976807
normal-o3,1,8,growth,16,swap-take-c,3,1048576,65536,1,10562000,598448321840808040
normal-o3,1,8,growth,16,direct-c,3,1048576,65536,1,10173000,598448321840808040
normal-o3,1,8,growth,16,reverse-c,3,1048576,65536,1,10865000,598448321840808040
normal-o3,1,8,growth,16,whitefoot,3,1048576,65536,1,10212000,598448321840808040
normal-o3,1,8,growth,16,cpp-std-vector,3,1048576,65536,1,9645000,598448321840808040
normal-o3,1,8,growth,16,rust-vec,3,1048576,65536,1,9238000,598448321840808040
normal-o3,1,8,growth,16,take-swap-c,3,1048576,65536,1,10507000,598448321840808040
normal-o3,1,8,growth,16,direct-c,4,1048576,65536,1,10130000,3717605000514633833
normal-o3,1,8,growth,16,reverse-c,4,1048576,65536,1,10797000,3717605000514633833
normal-o3,1,8,growth,16,whitefoot,4,1048576,65536,1,10175000,3717605000514633833
normal-o3,1,8,growth,16,cpp-std-vector,4,1048576,65536,1,9577000,3717605000514633833
normal-o3,1,8,growth,16,rust-vec,4,1048576,65536,1,9162000,3717605000514633833
normal-o3,1,8,growth,16,take-swap-c,4,1048576,65536,1,10440000,3717605000514633833
normal-o3,1,8,growth,16,swap-take-c,4,1048576,65536,1,10611000,3717605000514633833
normal-o3,1,8,growth,16,reverse-c,5,1048576,65536,1,10866000,7745013020975693930
normal-o3,1,8,growth,16,whitefoot,5,1048576,65536,1,10217000,7745013020975693930
normal-o3,1,8,growth,16,cpp-std-vector,5,1048576,65536,1,9565000,7745013020975693930
normal-o3,1,8,growth,16,rust-vec,5,1048576,65536,1,9104000,7745013020975693930
normal-o3,1,8,growth,16,take-swap-c,5,1048576,65536,1,10797000,7745013020975693930
normal-o3,1,8,growth,16,swap-take-c,5,1048576,65536,1,10598000,7745013020975693930
normal-o3,1,8,growth,16,direct-c,5,1048576,65536,1,10084000,7745013020975693930
normal-o3,1,8,growth,16,whitefoot,6,1048576,65536,1,10299000,6351481337365135467
normal-o3,1,8,growth,16,cpp-std-vector,6,1048576,65536,1,9557000,6351481337365135467
normal-o3,1,8,growth,16,rust-vec,6,1048576,65536,1,9115000,6351481337365135467
normal-o3,1,8,growth,16,take-swap-c,6,1048576,65536,1,10460000,6351481337365135467
normal-o3,1,8,growth,16,swap-take-c,6,1048576,65536,1,11130000,6351481337365135467
normal-o3,1,8,growth,16,direct-c,6,1048576,65536,1,10144000,6351481337365135467
normal-o3,1,8,growth,16,reverse-c,6,1048576,65536,1,10780000,6351481337365135467
normal-o3,1,8,growth,256,cpp-std-vector,0,1048576,4096,1,3236000,1498897996573024357
normal-o3,1,8,growth,256,rust-vec,0,1048576,4096,1,2978000,1498897996573024357
normal-o3,1,8,growth,256,take-swap-c,0,1048576,4096,1,3299000,1498897996573024357
normal-o3,1,8,growth,256,swap-take-c,0,1048576,4096,1,3339000,1498897996573024357
normal-o3,1,8,growth,256,direct-c,0,1048576,4096,1,2843000,1498897996573024357
normal-o3,1,8,growth,256,reverse-c,0,1048576,4096,1,4361000,1498897996573024357
normal-o3,1,8,growth,256,whitefoot,0,1048576,4096,1,2856000,1498897996573024357
normal-o3,1,8,growth,256,rust-vec,1,1048576,4096,1,2952000,7707534785925595238
normal-o3,1,8,growth,256,take-swap-c,1,1048576,4096,1,3360000,7707534785925595238
normal-o3,1,8,growth,256,swap-take-c,1,1048576,4096,1,3346000,7707534785925595238
normal-o3,1,8,growth,256,direct-c,1,1048576,4096,1,2832000,7707534785925595238
normal-o3,1,8,growth,256,reverse-c,1,1048576,4096,1,4426000,7707534785925595238
normal-o3,1,8,growth,256,whitefoot,1,1048576,4096,1,2869000,7707534785925595238
normal-o3,1,8,growth,256,cpp-std-vector,1,1048576,4096,1,3186000,7707534785925595238
normal-o3,1,8,growth,256,take-swap-c,2,1048576,4096,1,3309000,5506079726878842983
normal-o3,1,8,growth,256,swap-take-c,2,1048576,4096,1,3346000,5506079726878842983
normal-o3,1,8,growth,256,direct-c,2,1048576,4096,1,2858000,5506079726878842983
normal-o3,1,8,growth,256,reverse-c,2,1048576,4096,1,4387000,5506079726878842983
normal-o3,1,8,growth,256,whitefoot,2,1048576,4096,1,2867000,5506079726878842983
normal-o3,1,8,growth,256,cpp-std-vector,2,1048576,4096,1,3200000,5506079726878842983
normal-o3,1,8,growth,256,rust-vec,2,1048576,4096,1,2985000,5506079726878842983
normal-o3,1,8,growth,256,swap-take-c,3,1048576,4096,1,3400000,5888291873035911272
normal-o3,1,8,growth,256,direct-c,3,1048576,4096,1,2858000,5888291873035911272
normal-o3,1,8,growth,256,reverse-c,3,1048576,4096,1,4362000,5888291873035911272
normal-o3,1,8,growth,256,whitefoot,3,1048576,4096,1,2881000,5888291873035911272
normal-o3,1,8,growth,256,cpp-std-vector,3,1048576,4096,1,3250000,5888291873035911272
normal-o3,1,8,growth,256,rust-vec,3,1048576,4096,1,2973000,5888291873035911272
normal-o3,1,8,growth,256,take-swap-c,3,1048576,4096,1,3384000,5888291873035911272
normal-o3,1,8,growth,256,direct-c,4,1048576,4096,1,2843000,7512286317303570537
normal-o3,1,8,growth,256,reverse-c,4,1048576,4096,1,4362000,7512286317303570537
normal-o3,1,8,growth,256,whitefoot,4,1048576,4096,1,2873000,7512286317303570537
normal-o3,1,8,growth,256,cpp-std-vector,4,1048576,4096,1,3234000,7512286317303570537
normal-o3,1,8,growth,256,rust-vec,4,1048576,4096,1,2935000,7512286317303570537
normal-o3,1,8,growth,256,take-swap-c,4,1048576,4096,1,3353000,7512286317303570537
normal-o3,1,8,growth,256,swap-take-c,4,1048576,4096,1,3349000,7512286317303570537
normal-o3,1,8,growth,256,reverse-c,5,1048576,4096,1,4352000,13357584908658163818
normal-o3,1,8,growth,256,whitefoot,5,1048576,4096,1,2876000,13357584908658163818
normal-o3,1,8,growth,256,cpp-std-vector,5,1048576,4096,1,3195000,13357584908658163818
normal-o3,1,8,growth,256,rust-vec,5,1048576,4096,1,2945000,13357584908658163818
normal-o3,1,8,growth,256,take-swap-c,5,1048576,4096,1,3365000,13357584908658163818
normal-o3,1,8,growth,256,swap-take-c,5,1048576,4096,1,3341000,13357584908658163818
normal-o3,1,8,growth,256,direct-c,5,1048576,4096,1,2886000,13357584908658163818
normal-o3,1,8,growth,256,whitefoot,6,1048576,4096,1,2851000,10011933332678926443
normal-o3,1,8,growth,256,cpp-std-vector,6,1048576,4096,1,3200000,10011933332678926443
normal-o3,1,8,growth,256,rust-vec,6,1048576,4096,1,2992000,10011933332678926443
normal-o3,1,8,growth,256,take-swap-c,6,1048576,4096,1,3362000,10011933332678926443
normal-o3,1,8,growth,256,swap-take-c,6,1048576,4096,1,3337000,10011933332678926443
normal-o3,1,8,growth,256,direct-c,6,1048576,4096,1,2853000,10011933332678926443
normal-o3,1,8,growth,256,reverse-c,6,1048576,4096,1,4354000,10011933332678926443
normal-o3,1,8,growth,4096,cpp-std-vector,0,1048576,256,1,2395000,2256710881311081573
normal-o3,1,8,growth,4096,rust-vec,0,1048576,256,1,1927000,2256710881311081573
normal-o3,1,8,growth,4096,take-swap-c,0,1048576,256,1,2531000,2256710881311081573
normal-o3,1,8,growth,4096,swap-take-c,0,1048576,256,1,2561000,2256710881311081573
normal-o3,1,8,growth,4096,direct-c,0,1048576,256,1,2058000,2256710881311081573
normal-o3,1,8,growth,4096,reverse-c,0,1048576,256,1,3275000,2256710881311081573
normal-o3,1,8,growth,4096,whitefoot,0,1048576,256,1,2051000,2256710881311081573
normal-o3,1,8,growth,4096,rust-vec,1,1048576,256,1,1927000,6904654748820097126
normal-o3,1,8,growth,4096,take-swap-c,1,1048576,256,1,2451000,6904654748820097126
normal-o3,1,8,growth,4096,swap-take-c,1,1048576,256,1,2581000,6904654748820097126
normal-o3,1,8,growth,4096,direct-c,1,1048576,256,1,2047000,6904654748820097126
normal-o3,1,8,growth,4096,reverse-c,1,1048576,256,1,3214000,6904654748820097126
normal-o3,1,8,growth,4096,whitefoot,1,1048576,256,1,2047000,6904654748820097126
normal-o3,1,8,growth,4096,cpp-std-vector,1,1048576,256,1,2366000,6904654748820097126
normal-o3,1,8,growth,4096,take-swap-c,2,1048576,256,1,2447000,16426223538089053287
normal-o3,1,8,growth,4096,swap-take-c,2,1048576,256,1,2609000,16426223538089053287
normal-o3,1,8,growth,4096,direct-c,2,1048576,256,1,2048000,16426223538089053287
normal-o3,1,8,growth,4096,reverse-c,2,1048576,256,1,3237000,16426223538089053287
normal-o3,1,8,growth,4096,whitefoot,2,1048576,256,1,2047000,16426223538089053287
normal-o3,1,8,growth,4096,cpp-std-vector,2,1048576,256,1,2404000,16426223538089053287
normal-o3,1,8,growth,4096,rust-vec,2,1048576,256,1,1926000,16426223538089053287
normal-o3,1,8,growth,4096,swap-take-c,3,1048576,256,1,2544000,9531859752620511336
normal-o3,1,8,growth,4096,direct-c,3,1048576,256,1,2060000,9531859752620511336
normal-o3,1,8,growth,4096,reverse-c,3,1048576,256,1,3247000,9531859752620511336
normal-o3,1,8,growth,4096,whitefoot,3,1048576,256,1,2045000,9531859752620511336
normal-o3,1,8,growth,4096,cpp-std-vector,3,1048576,256,1,2441000,9531859752620511336
normal-o3,1,8,growth,4096,rust-vec,3,1048576,256,1,1922000,9531859752620511336
normal-o3,1,8,growth,4096,take-swap-c,3,1048576,256,1,2456000,9531859752620511336
normal-o3,1,8,growth,4096,direct-c,4,1048576,256,1,2042000,14830550356061344873
normal-o3,1,8,growth,4096,reverse-c,4,1048576,256,1,3324000,14830550356061344873
normal-o3,1,8,growth,4096,whitefoot,4,1048576,256,1,2057000,14830550356061344873
normal-o3,1,8,growth,4096,cpp-std-vector,4,1048576,256,1,2431000,14830550356061344873
normal-o3,1,8,growth,4096,rust-vec,4,1048576,256,1,1930000,14830550356061344873
normal-o3,1,8,growth,4096,take-swap-c,4,1048576,256,1,2560000,14830550356061344873
normal-o3,1,8,growth,4096,swap-take-c,4,1048576,256,1,2543000,14830550356061344873
normal-o3,1,8,growth,4096,reverse-c,5,1048576,256,1,3237000,11014393161628833898
normal-o3,1,8,growth,4096,whitefoot,5,1048576,256,1,2063000,11014393161628833898
normal-o3,1,8,growth,4096,cpp-std-vector,5,1048576,256,1,2378000,11014393161628833898
normal-o3,1,8,growth,4096,rust-vec,5,1048576,256,1,1932000,11014393161628833898
normal-o3,1,8,growth,4096,take-swap-c,5,1048576,256,1,2445000,11014393161628833898
normal-o3,1,8,growth,4096,swap-take-c,5,1048576,256,1,2629000,11014393161628833898
normal-o3,1,8,growth,4096,direct-c,5,1048576,256,1,2103000,11014393161628833898
normal-o3,1,8,growth,4096,whitefoot,6,1048576,256,1,2203000,3531045655943011435
normal-o3,1,8,growth,4096,cpp-std-vector,6,1048576,256,1,2442000,3531045655943011435
normal-o3,1,8,growth,4096,rust-vec,6,1048576,256,1,1997000,3531045655943011435
normal-o3,1,8,growth,4096,take-swap-c,6,1048576,256,1,2526000,3531045655943011435
normal-o3,1,8,growth,4096,swap-take-c,6,1048576,256,1,2629000,3531045655943011435
normal-o3,1,8,growth,4096,direct-c,6,1048576,256,1,2112000,3531045655943011435
normal-o3,1,8,growth,4096,reverse-c,6,1048576,256,1,3324000,3531045655943011435
normal-o3,1,8,reuse,16,cpp-std-vector,0,1048576,65536,1,2151000,1613149332516896869
normal-o3,1,8,reuse,16,rust-vec,0,1048576,65536,1,1232000,1613149332516896869
normal-o3,1,8,reuse,16,take-swap-c,0,1048576,65536,1,2170000,1613149332516896869
normal-o3,1,8,reuse,16,swap-take-c,0,1048576,65536,1,1922000,1613149332516896869
normal-o3,1,8,reuse,16,direct-c,0,1048576,65536,1,1775000,1613149332516896869
normal-o3,1,8,reuse,16,reverse-c,0,1048576,65536,1,2284000,1613149332516896869
normal-o3,1,8,reuse,16,whitefoot,0,1048576,65536,1,1238000,1613149332516896869
normal-o3,1,8,reuse,16,rust-vec,1,1048576,65536,1,1308000,15534383740606742630
normal-o3,1,8,reuse,16,take-swap-c,1,1048576,65536,1,2175000,15534383740606742630
normal-o3,1,8,reuse,16,swap-take-c,1,1048576,65536,1,1926000,15534383740606742630
normal-o3,1,8,reuse,16,direct-c,1,1048576,65536,1,1760000,15534383740606742630
normal-o3,1,8,reuse,16,reverse-c,1,1048576,65536,1,2282000,15534383740606742630
normal-o3,1,8,reuse,16,whitefoot,1,1048576,65536,1,1250000,15534383740606742630
normal-o3,1,8,reuse,16,cpp-std-vector,1,1048576,65536,1,2261000,15534383740606742630
normal-o3,1,8,reuse,16,take-swap-c,2,1048576,65536,1,2162000,11203551505675976807
normal-o3,1,8,reuse,16,swap-take-c,2,1048576,65536,1,1936000,11203551505675976807
normal-o3,1,8,reuse,16,direct-c,2,1048576,65536,1,1767000,11203551505675976807
normal-o3,1,8,reuse,16,reverse-c,2,1048576,65536,1,2270000,11203551505675976807
normal-o3,1,8,reuse,16,whitefoot,2,1048576,65536,1,1257000,11203551505675976807
normal-o3,1,8,reuse,16,cpp-std-vector,2,1048576,65536,1,2158000,11203551505675976807
normal-o3,1,8,reuse,16,rust-vec,2,1048576,65536,1,1236000,11203551505675976807
normal-o3,1,8,reuse,16,swap-take-c,3,1048576,65536,1,1923000,598448321840808040
normal-o3,1,8,reuse,16,direct-c,3,1048576,65536,1,1768000,598448321840808040
normal-o3,1,8,reuse,16,reverse-c,3,1048576,65536,1,2312000,598448321840808040
normal-o3,1,8,reuse,16,whitefoot,3,1048576,65536,1,1224000,598448321840808040
normal-o3,1,8,reuse,16,cpp-std-vector,3,1048576,65536,1,2216000,598448321840808040
normal-o3,1,8,reuse,16,rust-vec,3,1048576,65536,1,1234000,598448321840808040
normal-o3,1,8,reuse,16,take-swap-c,3,1048576,65536,1,2165000,598448321840808040
normal-o3,1,8,reuse,16,direct-c,4,1048576,65536,1,1760000,3717605000514633833
normal-o3,1,8,reuse,16,reverse-c,4,1048576,65536,1,2272000,3717605000514633833
normal-o3,1,8,reuse,16,whitefoot,4,1048576,65536,1,1367000,3717605000514633833
normal-o3,1,8,reuse,16,cpp-std-vector,4,1048576,65536,1,2245000,3717605000514633833
normal-o3,1,8,reuse,16,rust-vec,4,1048576,65536,1,1233000,3717605000514633833
normal-o3,1,8,reuse,16,take-swap-c,4,1048576,65536,1,2172000,3717605000514633833
normal-o3,1,8,reuse,16,swap-take-c,4,1048576,65536,1,1924000,3717605000514633833
normal-o3,1,8,reuse,16,reverse-c,5,1048576,65536,1,2279000,7745013020975693930
normal-o3,1,8,reuse,16,whitefoot,5,1048576,65536,1,1261000,7745013020975693930
normal-o3,1,8,reuse,16,cpp-std-vector,5,1048576,65536,1,2162000,7745013020975693930
normal-o3,1,8,reuse,16,rust-vec,5,1048576,65536,1,1232000,7745013020975693930
normal-o3,1,8,reuse,16,take-swap-c,5,1048576,65536,1,2175000,7745013020975693930
normal-o3,1,8,reuse,16,swap-take-c,5,1048576,65536,1,1923000,7745013020975693930
normal-o3,1,8,reuse,16,direct-c,5,1048576,65536,1,1769000,7745013020975693930
normal-o3,1,8,reuse,16,whitefoot,6,1048576,65536,1,1250000,6351481337365135467
normal-o3,1,8,reuse,16,cpp-std-vector,6,1048576,65536,1,2234000,6351481337365135467
normal-o3,1,8,reuse,16,rust-vec,6,1048576,65536,1,1235000,6351481337365135467
normal-o3,1,8,reuse,16,take-swap-c,6,1048576,65536,1,2162000,6351481337365135467
normal-o3,1,8,reuse,16,swap-take-c,6,1048576,65536,1,1924000,6351481337365135467
normal-o3,1,8,reuse,16,direct-c,6,1048576,65536,1,1766000,6351481337365135467
normal-o3,1,8,reuse,16,reverse-c,6,1048576,65536,1,2277000,6351481337365135467
normal-o3,1,8,reuse,256,cpp-std-vector,0,1048576,4096,1,2008000,1498897996573024357
normal-o3,1,8,reuse,256,rust-vec,0,1048576,4096,1,1467000,1498897996573024357
normal-o3,1,8,reuse,256,take-swap-c,0,1048576,4096,1,2022000,1498897996573024357
normal-o3,1,8,reuse,256,swap-take-c,0,1048576,4096,1,2048000,1498897996573024357
normal-o3,1,8,reuse,256,direct-c,0,1048576,4096,1,1545000,1498897996573024357
normal-o3,1,8,reuse,256,reverse-c,0,1048576,4096,1,3155000,1498897996573024357
normal-o3,1,8,reuse,256,whitefoot,0,1048576,4096,1,1573000,1498897996573024357
normal-o3,1,8,reuse,256,rust-vec,1,1048576,4096,1,1476000,7707534785925595238
normal-o3,1,8,reuse,256,take-swap-c,1,1048576,4096,1,1980000,7707534785925595238
normal-o3,1,8,reuse,256,swap-take-c,1,1048576,4096,1,2108000,7707534785925595238
normal-o3,1,8,reuse,256,direct-c,1,1048576,4096,1,1586000,7707534785925595238
normal-o3,1,8,reuse,256,reverse-c,1,1048576,4096,1,3142000,7707534785925595238
normal-o3,1,8,reuse,256,whitefoot,1,1048576,4096,1,1525000,7707534785925595238
normal-o3,1,8,reuse,256,cpp-std-vector,1,1048576,4096,1,2009000,7707534785925595238
normal-o3,1,8,reuse,256,take-swap-c,2,1048576,4096,1,1976000,5506079726878842983
normal-o3,1,8,reuse,256,swap-take-c,2,1048576,4096,1,2068000,5506079726878842983
normal-o3,1,8,reuse,256,direct-c,2,1048576,4096,1,1531000,5506079726878842983
normal-o3,1,8,reuse,256,reverse-c,2,1048576,4096,1,3104000,5506079726878842983
normal-o3,1,8,reuse,256,whitefoot,2,1048576,4096,1,1533000,5506079726878842983
normal-o3,1,8,reuse,256,cpp-std-vector,2,1048576,4096,1,2010000,5506079726878842983
normal-o3,1,8,reuse,256,rust-vec,2,1048576,4096,1,1467000,5506079726878842983
normal-o3,1,8,reuse,256,swap-take-c,3,1048576,4096,1,2044000,5888291873035911272
normal-o3,1,8,reuse,256,direct-c,3,1048576,4096,1,1537000,5888291873035911272
normal-o3,1,8,reuse,256,reverse-c,3,1048576,4096,1,3095000,5888291873035911272
normal-o3,1,8,reuse,256,whitefoot,3,1048576,4096,1,1530000,5888291873035911272
normal-o3,1,8,reuse,256,cpp-std-vector,3,1048576,4096,1,2075000,5888291873035911272
normal-o3,1,8,reuse,256,rust-vec,3,1048576,4096,1,1517000,5888291873035911272
normal-o3,1,8,reuse,256,take-swap-c,3,1048576,4096,1,2016000,5888291873035911272
normal-o3,1,8,reuse,256,direct-c,4,1048576,4096,1,1535000,7512286317303570537
normal-o3,1,8,reuse,256,reverse-c,4,1048576,4096,1,3120000,7512286317303570537
normal-o3,1,8,reuse,256,whitefoot,4,1048576,4096,1,1638000,7512286317303570537
normal-o3,1,8,reuse,256,cpp-std-vector,4,1048576,4096,1,2038000,7512286317303570537
normal-o3,1,8,reuse,256,rust-vec,4,1048576,4096,1,1479000,7512286317303570537
normal-o3,1,8,reuse,256,take-swap-c,4,1048576,4096,1,2028000,7512286317303570537
normal-o3,1,8,reuse,256,swap-take-c,4,1048576,4096,1,2043000,7512286317303570537
normal-o3,1,8,reuse,256,reverse-c,5,1048576,4096,1,3188000,13357584908658163818
normal-o3,1,8,reuse,256,whitefoot,5,1048576,4096,1,1527000,13357584908658163818
normal-o3,1,8,reuse,256,cpp-std-vector,5,1048576,4096,1,2084000,13357584908658163818
normal-o3,1,8,reuse,256,rust-vec,5,1048576,4096,1,1471000,13357584908658163818
normal-o3,1,8,reuse,256,take-swap-c,5,1048576,4096,1,1997000,13357584908658163818
normal-o3,1,8,reuse,256,swap-take-c,5,1048576,4096,1,1964000,13357584908658163818
normal-o3,1,8,reuse,256,direct-c,5,1048576,4096,1,1548000,13357584908658163818
normal-o3,1,8,reuse,256,whitefoot,6,1048576,4096,1,1543000,10011933332678926443
normal-o3,1,8,reuse,256,cpp-std-vector,6,1048576,4096,1,2021000,10011933332678926443
normal-o3,1,8,reuse,256,rust-vec,6,1048576,4096,1,1479000,10011933332678926443
normal-o3,1,8,reuse,256,take-swap-c,6,1048576,4096,1,2021000,10011933332678926443
normal-o3,1,8,reuse,256,swap-take-c,6,1048576,4096,1,2110000,10011933332678926443
normal-o3,1,8,reuse,256,direct-c,6,1048576,4096,1,1544000,10011933332678926443
normal-o3,1,8,reuse,256,reverse-c,6,1048576,4096,1,3152000,10011933332678926443
normal-o3,1,8,reuse,4096,cpp-std-vector,0,1048576,256,1,2007000,2256710881311081573
normal-o3,1,8,reuse,4096,rust-vec,0,1048576,256,1,1501000,2256710881311081573
normal-o3,1,8,reuse,4096,take-swap-c,0,1048576,256,1,2432000,2256710881311081573
normal-o3,1,8,reuse,4096,swap-take-c,0,1048576,256,1,2116000,2256710881311081573
normal-o3,1,8,reuse,4096,direct-c,0,1048576,256,1,1624000,2256710881311081573
normal-o3,1,8,reuse,4096,reverse-c,0,1048576,256,1,2814000,2256710881311081573
normal-o3,1,8,reuse,4096,whitefoot,0,1048576,256,1,1644000,2256710881311081573
normal-o3,1,8,reuse,4096,rust-vec,1,1048576,256,1,1609000,6904654748820097126
normal-o3,1,8,reuse,4096,take-swap-c,1,1048576,256,1,2208000,6904654748820097126
normal-o3,1,8,reuse,4096,swap-take-c,1,1048576,256,1,2255000,6904654748820097126
normal-o3,1,8,reuse,4096,direct-c,1,1048576,256,1,1688000,6904654748820097126
normal-o3,1,8,reuse,4096,reverse-c,1,1048576,256,1,2911000,6904654748820097126
normal-o3,1,8,reuse,4096,whitefoot,1,1048576,256,1,1670000,6904654748820097126
normal-o3,1,8,reuse,4096,cpp-std-vector,1,1048576,256,1,2158000,6904654748820097126
normal-o3,1,8,reuse,4096,take-swap-c,2,1048576,256,1,2152000,16426223538089053287
normal-o3,1,8,reuse,4096,swap-take-c,2,1048576,256,1,2254000,16426223538089053287
normal-o3,1,8,reuse,4096,direct-c,2,1048576,256,1,1718000,16426223538089053287
normal-o3,1,8,reuse,4096,reverse-c,2,1048576,256,1,2888000,16426223538089053287
normal-o3,1,8,reuse,4096,whitefoot,2,1048576,256,1,1654000,16426223538089053287
normal-o3,1,8,reuse,4096,cpp-std-vector,2,1048576,256,1,2156000,16426223538089053287
normal-o3,1,8,reuse,4096,rust-vec,2,1048576,256,1,1608000,16426223538089053287
normal-o3,1,8,reuse,4096,swap-take-c,3,1048576,256,1,2245000,9531859752620511336
normal-o3,1,8,reuse,4096,direct-c,3,1048576,256,1,1714000,9531859752620511336
normal-o3,1,8,reuse,4096,reverse-c,3,1048576,256,1,2939000,9531859752620511336
normal-o3,1,8,reuse,4096,whitefoot,3,1048576,256,1,1740000,9531859752620511336
normal-o3,1,8,reuse,4096,cpp-std-vector,3,1048576,256,1,2176000,9531859752620511336
normal-o3,1,8,reuse,4096,rust-vec,3,1048576,256,1,1606000,9531859752620511336
normal-o3,1,8,reuse,4096,take-swap-c,3,1048576,256,1,2161000,9531859752620511336
normal-o3,1,8,reuse,4096,direct-c,4,1048576,256,1,1734000,14830550356061344873
normal-o3,1,8,reuse,4096,reverse-c,4,1048576,256,1,2953000,14830550356061344873
normal-o3,1,8,reuse,4096,whitefoot,4,1048576,256,1,1740000,14830550356061344873
normal-o3,1,8,reuse,4096,cpp-std-vector,4,1048576,256,1,2138000,14830550356061344873
normal-o3,1,8,reuse,4096,rust-vec,4,1048576,256,1,1624000,14830550356061344873
normal-o3,1,8,reuse,4096,take-swap-c,4,1048576,256,1,2170000,14830550356061344873
normal-o3,1,8,reuse,4096,swap-take-c,4,1048576,256,1,2217000,14830550356061344873
normal-o3,1,8,reuse,4096,reverse-c,5,1048576,256,1,2831000,11014393161628833898
normal-o3,1,8,reuse,4096,whitefoot,5,1048576,256,1,1673000,11014393161628833898
normal-o3,1,8,reuse,4096,cpp-std-vector,5,1048576,256,1,2015000,11014393161628833898
normal-o3,1,8,reuse,4096,rust-vec,5,1048576,256,1,1560000,11014393161628833898
normal-o3,1,8,reuse,4096,take-swap-c,5,1048576,256,1,2027000,11014393161628833898
normal-o3,1,8,reuse,4096,swap-take-c,5,1048576,256,1,2118000,11014393161628833898
normal-o3,1,8,reuse,4096,direct-c,5,1048576,256,1,1620000,11014393161628833898
normal-o3,1,8,reuse,4096,whitefoot,6,1048576,256,1,1646000,3531045655943011435
normal-o3,1,8,reuse,4096,cpp-std-vector,6,1048576,256,1,2047000,3531045655943011435
normal-o3,1,8,reuse,4096,rust-vec,6,1048576,256,1,1502000,3531045655943011435
normal-o3,1,8,reuse,4096,take-swap-c,6,1048576,256,1,2025000,3531045655943011435
normal-o3,1,8,reuse,4096,swap-take-c,6,1048576,256,1,2114000,3531045655943011435
normal-o3,1,8,reuse,4096,direct-c,6,1048576,256,1,1620000,3531045655943011435
normal-o3,1,8,reuse,4096,reverse-c,6,1048576,256,1,2813000,3531045655943011435
normal-o3,1,8,suffix-0,16,cpp-std-vector,0,1048576,1048576,1,981000,1953714321357298
normal-o3,1,8,suffix-0,16,rust-vec,0,1048576,1048576,1,999000,1953714321357298
normal-o3,1,8,suffix-0,16,take-swap-c,0,1048576,1048576,1,992000,1953714321357298
normal-o3,1,8,suffix-0,16,swap-take-c,0,1048576,1048576,1,2758000,1953714321357298
normal-o3,1,8,suffix-0,16,direct-c,0,1048576,1048576,1,2763000,1953714321357298
normal-o3,1,8,suffix-0,16,reverse-c,0,1048576,1048576,1,975000,1953714321357298
normal-o3,1,8,suffix-0,16,whitefoot,0,1048576,1048576,1,993000,1953714321357298
normal-o3,1,8,suffix-0,16,rust-vec,1,1048576,1048576,1,1001000,7188693379551418836
normal-o3,1,8,suffix-0,16,take-swap-c,1,1048576,1048576,1,984000,7188693379551418836
normal-o3,1,8,suffix-0,16,swap-take-c,1,1048576,1048576,1,2737000,7188693379551418836
normal-o3,1,8,suffix-0,16,direct-c,1,1048576,1048576,1,2767000,7188693379551418836
normal-o3,1,8,suffix-0,16,reverse-c,1,1048576,1048576,1,981000,7188693379551418836
normal-o3,1,8,suffix-0,16,whitefoot,1,1048576,1048576,1,982000,7188693379551418836
normal-o3,1,8,suffix-0,16,cpp-std-vector,1,1048576,1048576,1,985000,7188693379551418836
normal-o3,1,8,suffix-0,16,take-swap-c,2,1048576,1048576,1,980000,14375433044781480374
normal-o3,1,8,suffix-0,16,swap-take-c,2,1048576,1048576,1,2779000,14375433044781480374
normal-o3,1,8,suffix-0,16,direct-c,2,1048576,1048576,1,2761000,14375433044781480374
normal-o3,1,8,suffix-0,16,reverse-c,2,1048576,1048576,1,978000,14375433044781480374
normal-o3,1,8,suffix-0,16,whitefoot,2,1048576,1048576,1,985000,14375433044781480374
normal-o3,1,8,suffix-0,16,cpp-std-vector,2,1048576,1048576,1,981000,14375433044781480374
normal-o3,1,8,suffix-0,16,rust-vec,2,1048576,1048576,1,997000,14375433044781480374
normal-o3,1,8,suffix-0,16,swap-take-c,3,1048576,1048576,1,2758000,3115428636301990296
normal-o3,1,8,suffix-0,16,direct-c,3,1048576,1048576,1,2772000,3115428636301990296
normal-o3,1,8,suffix-0,16,reverse-c,3,1048576,1048576,1,981000,3115428636301990296
normal-o3,1,8,suffix-0,16,whitefoot,3,1048576,1048576,1,987000,3115428636301990296
normal-o3,1,8,suffix-0,16,cpp-std-vector,3,1048576,1048576,1,986000,3115428636301990296
normal-o3,1,8,suffix-0,16,rust-vec,3,1048576,1048576,1,996000,3115428636301990296
normal-o3,1,8,suffix-0,16,take-swap-c,3,1048576,1048576,1,986000,3115428636301990296
normal-o3,1,8,suffix-0,16,direct-c,4,1048576,1048576,1,2810000,10302168301532051834
normal-o3,1,8,suffix-0,16,reverse-c,4,1048576,1048576,1,976000,10302168301532051834
normal-o3,1,8,suffix-0,16,whitefoot,4,1048576,1048576,1,983000,10302168301532051834
normal-o3,1,8,suffix-0,16,cpp-std-vector,4,1048576,1048576,1,979000,10302168301532051834
normal-o3,1,8,suffix-0,16,rust-vec,4,1048576,1048576,1,1052000,10302168301532051834
normal-o3,1,8,suffix-0,16,take-swap-c,4,1048576,1048576,1,977000,10302168301532051834
normal-o3,1,8,suffix-0,16,swap-take-c,4,1048576,1048576,1,2796000,10302168301532051834
normal-o3,1,8,suffix-0,16,reverse-c,5,1048576,1048576,1,1014000,17488907966762113372
normal-o3,1,8,suffix-0,16,whitefoot,5,1048576,1048576,1,1010000,17488907966762113372
normal-o3,1,8,suffix-0,16,cpp-std-vector,5,1048576,1048576,1,1110000,17488907966762113372
normal-o3,1,8,suffix-0,16,rust-vec,5,1048576,1048576,1,1321000,17488907966762113372
normal-o3,1,8,suffix-0,16,take-swap-c,5,1048576,1048576,1,1030000,17488907966762113372
normal-o3,1,8,suffix-0,16,swap-take-c,5,1048576,1048576,1,3091000,17488907966762113372
normal-o3,1,8,suffix-0,16,direct-c,5,1048576,1048576,1,2998000,17488907966762113372
normal-o3,1,8,suffix-0,16,whitefoot,6,1048576,1048576,1,984000,6228903558282623294
normal-o3,1,8,suffix-0,16,cpp-std-vector,6,1048576,1048576,1,993000,6228903558282623294
normal-o3,1,8,suffix-0,16,rust-vec,6,1048576,1048576,1,1053000,6228903558282623294
normal-o3,1,8,suffix-0,16,take-swap-c,6,1048576,1048576,1,1186000,6228903558282623294
normal-o3,1,8,suffix-0,16,swap-take-c,6,1048576,1048576,1,2927000,6228903558282623294
normal-o3,1,8,suffix-0,16,direct-c,6,1048576,1048576,1,2811000,6228903558282623294
normal-o3,1,8,suffix-0,16,reverse-c,6,1048576,1048576,1,1012000,6228903558282623294
normal-o3,1,8,suffix-0,256,cpp-std-vector,0,1048576,1048576,1,1026000,17116383760326379594
normal-o3,1,8,suffix-0,256,rust-vec,0,1048576,1048576,1,985000,17116383760326379594
normal-o3,1,8,suffix-0,256,take-swap-c,0,1048576,1048576,1,977000,17116383760326379594
normal-o3,1,8,suffix-0,256,swap-take-c,0,1048576,1048576,1,2820000,17116383760326379594
normal-o3,1,8,suffix-0,256,direct-c,0,1048576,1048576,1,2844000,17116383760326379594
normal-o3,1,8,suffix-0,256,reverse-c,0,1048576,1048576,1,976000,17116383760326379594
normal-o3,1,8,suffix-0,256,whitefoot,0,1048576,1048576,1,983000,17116383760326379594
normal-o3,1,8,suffix-0,256,rust-vec,1,1048576,1048576,1,985000,18422461136700962636
normal-o3,1,8,suffix-0,256,take-swap-c,1,1048576,1048576,1,1085000,18422461136700962636
normal-o3,1,8,suffix-0,256,swap-take-c,1,1048576,1048576,1,2973000,18422461136700962636
normal-o3,1,8,suffix-0,256,direct-c,1,1048576,1048576,1,2884000,18422461136700962636
normal-o3,1,8,suffix-0,256,reverse-c,1,1048576,1048576,1,1010000,18422461136700962636
normal-o3,1,8,suffix-0,256,whitefoot,1,1048576,1048576,1,984000,18422461136700962636
normal-o3,1,8,suffix-0,256,cpp-std-vector,1,1048576,1048576,1,1045000,18422461136700962636
normal-o3,1,8,suffix-0,256,take-swap-c,2,1048576,1048576,1,986000,1281794439365994062
normal-o3,1,8,suffix-0,256,swap-take-c,2,1048576,1048576,1,2871000,1281794439365994062
normal-o3,1,8,suffix-0,256,direct-c,2,1048576,1048576,1,2839000,1281794439365994062
normal-o3,1,8,suffix-0,256,reverse-c,2,1048576,1048576,1,1020000,1281794439365994062
normal-o3,1,8,suffix-0,256,whitefoot,2,1048576,1048576,1,1018000,1281794439365994062
normal-o3,1,8,suffix-0,256,cpp-std-vector,2,1048576,1048576,1,987000,1281794439365994062
normal-o3,1,8,suffix-0,256,rust-vec,2,1048576,1048576,1,1032000,1281794439365994062
normal-o3,1,8,suffix-0,256,swap-take-c,3,1048576,1048576,1,2873000,2587871815740577104
normal-o3,1,8,suffix-0,256,direct-c,3,1048576,1048576,1,2771000,2587871815740577104
normal-o3,1,8,suffix-0,256,reverse-c,3,1048576,1048576,1,986000,2587871815740577104
normal-o3,1,8,suffix-0,256,whitefoot,3,1048576,1048576,1,996000,2587871815740577104
normal-o3,1,8,suffix-0,256,cpp-std-vector,3,1048576,1048576,1,1016000,2587871815740577104
normal-o3,1,8,suffix-0,256,rust-vec,3,1048576,1048576,1,1001000,2587871815740577104
normal-o3,1,8,suffix-0,256,take-swap-c,3,1048576,1048576,1,975000,2587871815740577104
normal-o3,1,8,suffix-0,256,direct-c,4,1048576,1048576,1,2793000,3893949192115160146
normal-o3,1,8,suffix-0,256,reverse-c,4,1048576,1048576,1,975000,3893949192115160146
normal-o3,1,8,suffix-0,256,whitefoot,4,1048576,1048576,1,994000,3893949192115160146
normal-o3,1,8,suffix-0,256,cpp-std-vector,4,1048576,1048576,1,990000,3893949192115160146
normal-o3,1,8,suffix-0,256,rust-vec,4,1048576,1048576,1,997000,3893949192115160146
normal-o3,1,8,suffix-0,256,take-swap-c,4,1048576,1048576,1,1012000,3893949192115160146
normal-o3,1,8,suffix-0,256,swap-take-c,4,1048576,1048576,1,2780000,3893949192115160146
normal-o3,1,8,suffix-0,256,reverse-c,5,1048576,1048576,1,1021000,5200026568489743188
normal-o3,1,8,suffix-0,256,whitefoot,5,1048576,1048576,1,981000,5200026568489743188
normal-o3,1,8,suffix-0,256,cpp-std-vector,5,1048576,1048576,1,980000,5200026568489743188
normal-o3,1,8,suffix-0,256,rust-vec,5,1048576,1048576,1,985000,5200026568489743188
normal-o3,1,8,suffix-0,256,take-swap-c,5,1048576,1048576,1,1007000,5200026568489743188
normal-o3,1,8,suffix-0,256,swap-take-c,5,1048576,1048576,1,2818000,5200026568489743188
normal-o3,1,8,suffix-0,256,direct-c,5,1048576,1048576,1,2797000,5200026568489743188
normal-o3,1,8,suffix-0,256,whitefoot,6,1048576,1048576,1,980000,6506103944864326230
normal-o3,1,8,suffix-0,256,cpp-std-vector,6,1048576,1048576,1,981000,6506103944864326230
normal-o3,1,8,suffix-0,256,rust-vec,6,1048576,1048576,1,990000,6506103944864326230
normal-o3,1,8,suffix-0,256,take-swap-c,6,1048576,1048576,1,1015000,6506103944864326230
normal-o3,1,8,suffix-0,256,swap-take-c,6,1048576,1048576,1,2900000,6506103944864326230
normal-o3,1,8,suffix-0,256,direct-c,6,1048576,1048576,1,2790000,6506103944864326230
normal-o3,1,8,suffix-0,256,reverse-c,6,1048576,1048576,1,985000,6506103944864326230
normal-o3,1,8,suffix-0,4096,cpp-std-vector,0,1048576,1048576,1,990000,4677669742816693706
normal-o3,1,8,suffix-0,4096,rust-vec,0,1048576,1048576,1,1010000,4677669742816693706
normal-o3,1,8,suffix-0,4096,take-swap-c,0,1048576,1048576,1,1008000,4677669742816693706
normal-o3,1,8,suffix-0,4096,swap-take-c,0,1048576,1048576,1,2789000,4677669742816693706
normal-o3,1,8,suffix-0,4096,direct-c,0,1048576,1048576,1,2807000,4677669742816693706
normal-o3,1,8,suffix-0,4096,reverse-c,0,1048576,1048576,1,990000,4677669742816693706
normal-o3,1,8,suffix-0,4096,whitefoot,0,1048576,1048576,1,1005000,4677669742816693706
normal-o3,1,8,suffix-0,4096,rust-vec,1,1048576,1048576,1,1017000,3271637737093033676
normal-o3,1,8,suffix-0,4096,take-swap-c,1,1048576,1048576,1,1016000,3271637737093033676
normal-o3,1,8,suffix-0,4096,swap-take-c,1,1048576,1048576,1,2753000,3271637737093033676
normal-o3,1,8,suffix-0,4096,direct-c,1,1048576,1048576,1,2840000,3271637737093033676
normal-o3,1,8,suffix-0,4096,reverse-c,1,1048576,1048576,1,986000,3271637737093033676
normal-o3,1,8,suffix-0,4096,whitefoot,1,1048576,1048576,1,996000,3271637737093033676
normal-o3,1,8,suffix-0,4096,cpp-std-vector,1,1048576,1048576,1,993000,3271637737093033676
normal-o3,1,8,suffix-0,4096,take-swap-c,2,1048576,1048576,1,1001000,1865605731369373646
normal-o3,1,8,suffix-0,4096,swap-take-c,2,1048576,1048576,1,2844000,1865605731369373646
normal-o3,1,8,suffix-0,4096,direct-c,2,1048576,1048576,1,2779000,1865605731369373646
normal-o3,1,8,suffix-0,4096,reverse-c,2,1048576,1048576,1,982000,1865605731369373646
normal-o3,1,8,suffix-0,4096,whitefoot,2,1048576,1048576,1,985000,1865605731369373646
normal-o3,1,8,suffix-0,4096,cpp-std-vector,2,1048576,1048576,1,987000,1865605731369373646
normal-o3,1,8,suffix-0,4096,rust-vec,2,1048576,1048576,1,992000,1865605731369373646
normal-o3,1,8,suffix-0,4096,swap-take-c,3,1048576,1048576,1,2833000,459573725645713616
normal-o3,1,8,suffix-0,4096,direct-c,3,1048576,1048576,1,2779000,459573725645713616
normal-o3,1,8,suffix-0,4096,reverse-c,3,1048576,1048576,1,981000,459573725645713616
normal-o3,1,8,suffix-0,4096,whitefoot,3,1048576,1048576,1,988000,459573725645713616
normal-o3,1,8,suffix-0,4096,cpp-std-vector,3,1048576,1048576,1,991000,459573725645713616
normal-o3,1,8,suffix-0,4096,rust-vec,3,1048576,1048576,1,989000,459573725645713616
normal-o3,1,8,suffix-0,4096,take-swap-c,3,1048576,1048576,1,990000,459573725645713616
normal-o3,1,8,suffix-0,4096,direct-c,4,1048576,1048576,1,2869000,17500285793631605202
normal-o3,1,8,suffix-0,4096,reverse-c,4,1048576,1048576,1,990000,17500285793631605202
normal-o3,1,8,suffix-0,4096,whitefoot,4,1048576,1048576,1,988000,17500285793631605202
normal-o3,1,8,suffix-0,4096,cpp-std-vector,4,1048576,1048576,1,989000,17500285793631605202
normal-o3,1,8,suffix-0,4096,rust-vec,4,1048576,1048576,1,989000,17500285793631605202
normal-o3,1,8,suffix-0,4096,take-swap-c,4,1048576,1048576,1,990000,17500285793631605202
normal-o3,1,8,suffix-0,4096,swap-take-c,4,1048576,1048576,1,2770000,17500285793631605202
normal-o3,1,8,suffix-0,4096,reverse-c,5,1048576,1048576,1,988000,16094253787907945172
normal-o3,1,8,suffix-0,4096,whitefoot,5,1048576,1048576,1,995000,16094253787907945172
normal-o3,1,8,suffix-0,4096,cpp-std-vector,5,1048576,1048576,1,991000,16094253787907945172
normal-o3,1,8,suffix-0,4096,rust-vec,5,1048576,1048576,1,990000,16094253787907945172
normal-o3,1,8,suffix-0,4096,take-swap-c,5,1048576,1048576,1,983000,16094253787907945172
normal-o3,1,8,suffix-0,4096,swap-take-c,5,1048576,1048576,1,2792000,16094253787907945172
normal-o3,1,8,suffix-0,4096,direct-c,5,1048576,1048576,1,2791000,16094253787907945172
normal-o3,1,8,suffix-0,4096,whitefoot,6,1048576,1048576,1,985000,14688221782184285142
normal-o3,1,8,suffix-0,4096,cpp-std-vector,6,1048576,1048576,1,989000,14688221782184285142
normal-o3,1,8,suffix-0,4096,rust-vec,6,1048576,1048576,1,989000,14688221782184285142
normal-o3,1,8,suffix-0,4096,take-swap-c,6,1048576,1048576,1,991000,14688221782184285142
normal-o3,1,8,suffix-0,4096,swap-take-c,6,1048576,1048576,1,2821000,14688221782184285142
normal-o3,1,8,suffix-0,4096,direct-c,6,1048576,1048576,1,2794000,14688221782184285142
normal-o3,1,8,suffix-0,4096,reverse-c,6,1048576,1048576,1,998000,14688221782184285142
normal-o3,1,8,suffix-1,16,cpp-std-vector,0,1048576,1048576,1,2952000,929898191272797080
normal-o3,1,8,suffix-1,16,rust-vec,0,1048576,1048576,1,1620000,929898191272797080
normal-o3,1,8,suffix-1,16,take-swap-c,0,1048576,1048576,1,3290000,929898191272797080
normal-o3,1,8,suffix-1,16,swap-take-c,0,1048576,1048576,1,3393000,929898191272797080
normal-o3,1,8,suffix-1,16,direct-c,0,1048576,1048576,1,2810000,929898191272797080
normal-o3,1,8,suffix-1,16,reverse-c,0,1048576,1048576,1,3257000,929898191272797080
normal-o3,1,8,suffix-1,16,whitefoot,0,1048576,1048576,1,2805000,929898191272797080
normal-o3,1,8,suffix-1,16,rust-vec,1,1048576,1048576,1,1547000,4026886324240061497
normal-o3,1,8,suffix-1,16,take-swap-c,1,1048576,1048576,1,3225000,4026886324240061497
normal-o3,1,8,suffix-1,16,swap-take-c,1,1048576,1048576,1,3381000,4026886324240061497
normal-o3,1,8,suffix-1,16,direct-c,1,1048576,1048576,1,2790000,4026886324240061497
normal-o3,1,8,suffix-1,16,reverse-c,1,1048576,1048576,1,3259000,4026886324240061497
normal-o3,1,8,suffix-1,16,whitefoot,1,1048576,1048576,1,2870000,4026886324240061497
normal-o3,1,8,suffix-1,16,cpp-std-vector,1,1048576,1048576,1,2972000,4026886324240061497
normal-o3,1,8,suffix-1,16,take-swap-c,2,1048576,1048576,1,3247000,7123874457207325914
normal-o3,1,8,suffix-1,16,swap-take-c,2,1048576,1048576,1,3391000,7123874457207325914
normal-o3,1,8,suffix-1,16,direct-c,2,1048576,1048576,1,2780000,7123874457207325914
normal-o3,1,8,suffix-1,16,reverse-c,2,1048576,1048576,1,3257000,7123874457207325914
normal-o3,1,8,suffix-1,16,whitefoot,2,1048576,1048576,1,2788000,7123874457207325914
normal-o3,1,8,suffix-1,16,cpp-std-vector,2,1048576,1048576,1,2926000,7123874457207325914
normal-o3,1,8,suffix-1,16,rust-vec,2,1048576,1048576,1,1546000,7123874457207325914
normal-o3,1,8,suffix-1,16,swap-take-c,3,1048576,1048576,1,3393000,10220862590174590331
normal-o3,1,8,suffix-1,16,direct-c,3,1048576,1048576,1,2840000,10220862590174590331
normal-o3,1,8,suffix-1,16,reverse-c,3,1048576,1048576,1,3232000,10220862590174590331
normal-o3,1,8,suffix-1,16,whitefoot,3,1048576,1048576,1,2785000,10220862590174590331
normal-o3,1,8,suffix-1,16,cpp-std-vector,3,1048576,1048576,1,2933000,10220862590174590331
normal-o3,1,8,suffix-1,16,rust-vec,3,1048576,1048576,1,1546000,10220862590174590331
normal-o3,1,8,suffix-1,16,take-swap-c,3,1048576,1048576,1,3269000,10220862590174590331
normal-o3,1,8,suffix-1,16,direct-c,4,1048576,1048576,1,2793000,13317850723141854748
normal-o3,1,8,suffix-1,16,reverse-c,4,1048576,1048576,1,3235000,13317850723141854748
normal-o3,1,8,suffix-1,16,whitefoot,4,1048576,1048576,1,2782000,13317850723141854748
normal-o3,1,8,suffix-1,16,cpp-std-vector,4,1048576,1048576,1,2933000,13317850723141854748
normal-o3,1,8,suffix-1,16,rust-vec,4,1048576,1048576,1,1620000,13317850723141854748
normal-o3,1,8,suffix-1,16,take-swap-c,4,1048576,1048576,1,3447000,13317850723141854748
normal-o3,1,8,suffix-1,16,swap-take-c,4,1048576,1048576,1,3395000,13317850723141854748
normal-o3,1,8,suffix-1,16,reverse-c,5,1048576,1048576,1,3333000,16414838856109119165
normal-o3,1,8,suffix-1,16,whitefoot,5,1048576,1048576,1,2965000,16414838856109119165
normal-o3,1,8,suffix-1,16,cpp-std-vector,5,1048576,1048576,1,2929000,16414838856109119165
normal-o3,1,8,suffix-1,16,rust-vec,5,1048576,1048576,1,1544000,16414838856109119165
normal-o3,1,8,suffix-1,16,take-swap-c,5,1048576,1048576,1,3274000,16414838856109119165
normal-o3,1,8,suffix-1,16,swap-take-c,5,1048576,1048576,1,3476000,16414838856109119165
normal-o3,1,8,suffix-1,16,direct-c,5,1048576,1048576,1,2808000,16414838856109119165
normal-o3,1,8,suffix-1,16,whitefoot,6,1048576,1048576,1,2895000,1065082915366831966
normal-o3,1,8,suffix-1,16,cpp-std-vector,6,1048576,1048576,1,2925000,1065082915366831966
normal-o3,1,8,suffix-1,16,rust-vec,6,1048576,1048576,1,1549000,1065082915366831966
normal-o3,1,8,suffix-1,16,take-swap-c,6,1048576,1048576,1,3274000,1065082915366831966
normal-o3,1,8,suffix-1,16,swap-take-c,6,1048576,1048576,1,3381000,1065082915366831966
normal-o3,1,8,suffix-1,16,direct-c,6,1048576,1048576,1,2817000,1065082915366831966
normal-o3,1,8,suffix-1,16,reverse-c,6,1048576,1048576,1,3242000,1065082915366831966
normal-o3,1,8,suffix-1,256,cpp-std-vector,0,1048576,1048576,1,2931000,14065998348325884944
normal-o3,1,8,suffix-1,256,rust-vec,0,1048576,1048576,1,1556000,14065998348325884944
normal-o3,1,8,suffix-1,256,take-swap-c,0,1048576,1048576,1,3253000,14065998348325884944
normal-o3,1,8,suffix-1,256,swap-take-c,0,1048576,1048576,1,3392000,14065998348325884944
normal-o3,1,8,suffix-1,256,direct-c,0,1048576,1048576,1,2849000,14065998348325884944
normal-o3,1,8,suffix-1,256,reverse-c,0,1048576,1048576,1,3241000,14065998348325884944
normal-o3,1,8,suffix-1,256,whitefoot,0,1048576,1048576,1,2801000,14065998348325884944
normal-o3,1,8,suffix-1,256,rust-vec,1,1048576,1048576,1,1554000,5008019667339890449
normal-o3,1,8,suffix-1,256,take-swap-c,1,1048576,1048576,1,3274000,5008019667339890449
normal-o3,1,8,suffix-1,256,swap-take-c,1,1048576,1048576,1,3429000,5008019667339890449
normal-o3,1,8,suffix-1,256,direct-c,1,1048576,1048576,1,2960000,5008019667339890449
normal-o3,1,8,suffix-1,256,reverse-c,1,1048576,1048576,1,3273000,5008019667339890449
normal-o3,1,8,suffix-1,256,whitefoot,1,1048576,1048576,1,2804000,5008019667339890449
normal-o3,1,8,suffix-1,256,cpp-std-vector,1,1048576,1048576,1,2929000,5008019667339890449
normal-o3,1,8,suffix-1,256,take-swap-c,2,1048576,1048576,1,3271000,14396785060063447570
normal-o3,1,8,suffix-1,256,swap-take-c,2,1048576,1048576,1,3417000,14396785060063447570
normal-o3,1,8,suffix-1,256,direct-c,2,1048576,1048576,1,2869000,14396785060063447570
normal-o3,1,8,suffix-1,256,reverse-c,2,1048576,1048576,1,3258000,14396785060063447570
normal-o3,1,8,suffix-1,256,whitefoot,2,1048576,1048576,1,2809000,14396785060063447570
normal-o3,1,8,suffix-1,256,cpp-std-vector,2,1048576,1048576,1,2940000,14396785060063447570
normal-o3,1,8,suffix-1,256,rust-vec,2,1048576,1048576,1,1566000,14396785060063447570
normal-o3,1,8,suffix-1,256,swap-take-c,3,1048576,1048576,1,3378000,5338806379077453075
normal-o3,1,8,suffix-1,256,direct-c,3,1048576,1048576,1,2790000,5338806379077453075
normal-o3,1,8,suffix-1,256,reverse-c,3,1048576,1048576,1,3236000,5338806379077453075
normal-o3,1,8,suffix-1,256,whitefoot,3,1048576,1048576,1,2854000,5338806379077453075
normal-o3,1,8,suffix-1,256,cpp-std-vector,3,1048576,1048576,1,2927000,5338806379077453075
normal-o3,1,8,suffix-1,256,rust-vec,3,1048576,1048576,1,1554000,5338806379077453075
normal-o3,1,8,suffix-1,256,take-swap-c,3,1048576,1048576,1,3284000,5338806379077453075
normal-o3,1,8,suffix-1,256,direct-c,4,1048576,1048576,1,2793000,14727571771801010196
normal-o3,1,8,suffix-1,256,reverse-c,4,1048576,1048576,1,3239000,14727571771801010196
normal-o3,1,8,suffix-1,256,whitefoot,4,1048576,1048576,1,2798000,14727571771801010196
normal-o3,1,8,suffix-1,256,cpp-std-vector,4,1048576,1048576,1,2942000,14727571771801010196
normal-o3,1,8,suffix-1,256,rust-vec,4,1048576,1048576,1,1552000,14727571771801010196
normal-o3,1,8,suffix-1,256,take-swap-c,4,1048576,1048576,1,3249000,14727571771801010196
normal-o3,1,8,suffix-1,256,swap-take-c,4,1048576,1048576,1,3383000,14727571771801010196
normal-o3,1,8,suffix-1,256,reverse-c,5,1048576,1048576,1,3313000,5669593090815015701
normal-o3,1,8,suffix-1,256,whitefoot,5,1048576,1048576,1,2788000,5669593090815015701
normal-o3,1,8,suffix-1,256,cpp-std-vector,5,1048576,1048576,1,2937000,5669593090815015701
normal-o3,1,8,suffix-1,256,rust-vec,5,1048576,1048576,1,1557000,5669593090815015701
normal-o3,1,8,suffix-1,256,take-swap-c,5,1048576,1048576,1,3243000,5669593090815015701
normal-o3,1,8,suffix-1,256,swap-take-c,5,1048576,1048576,1,3377000,5669593090815015701
normal-o3,1,8,suffix-1,256,direct-c,5,1048576,1048576,1,2787000,5669593090815015701
normal-o3,1,8,suffix-1,256,whitefoot,6,1048576,1048576,1,2788000,15058358483538572822
normal-o3,1,8,suffix-1,256,cpp-std-vector,6,1048576,1048576,1,2926000,15058358483538572822
normal-o3,1,8,suffix-1,256,rust-vec,6,1048576,1048576,1,1551000,15058358483538572822
normal-o3,1,8,suffix-1,256,take-swap-c,6,1048576,1048576,1,3274000,15058358483538572822
normal-o3,1,8,suffix-1,256,swap-take-c,6,1048576,1048576,1,3443000,15058358483538572822
normal-o3,1,8,suffix-1,256,direct-c,6,1048576,1048576,1,2784000,15058358483538572822
normal-o3,1,8,suffix-1,256,reverse-c,6,1048576,1048576,1,3235000,15058358483538572822
normal-o3,1,8,suffix-1,4096,cpp-std-vector,0,1048576,1048576,1,2934000,7456520226923789200
normal-o3,1,8,suffix-1,4096,rust-vec,0,1048576,1048576,1,1549000,7456520226923789200
normal-o3,1,8,suffix-1,4096,take-swap-c,0,1048576,1048576,1,3224000,7456520226923789200
normal-o3,1,8,suffix-1,4096,swap-take-c,0,1048576,1048576,1,3386000,7456520226923789200
normal-o3,1,8,suffix-1,4096,direct-c,0,1048576,1048576,1,2805000,7456520226923789200
normal-o3,1,8,suffix-1,4096,reverse-c,0,1048576,1048576,1,3248000,7456520226923789200
normal-o3,1,8,suffix-1,4096,whitefoot,0,1048576,1048576,1,2828000,7456520226923789200
normal-o3,1,8,suffix-1,4096,rust-vec,1,1048576,1048576,1,1551000,12459322446616091793
normal-o3,1,8,suffix-1,4096,take-swap-c,1,1048576,1048576,1,3276000,12459322446616091793
normal-o3,1,8,suffix-1,4096,swap-take-c,1,1048576,1048576,1,3387000,12459322446616091793
normal-o3,1,8,suffix-1,4096,direct-c,1,1048576,1048576,1,2800000,12459322446616091793
normal-o3,1,8,suffix-1,4096,reverse-c,1,1048576,1048576,1,3240000,12459322446616091793
normal-o3,1,8,suffix-1,4096,whitefoot,1,1048576,1048576,1,2800000,12459322446616091793
normal-o3,1,8,suffix-1,4096,cpp-std-vector,1,1048576,1048576,1,2933000,12459322446616091793
normal-o3,1,8,suffix-1,4096,take-swap-c,2,1048576,1048576,1,3258000,17462124666308394386
normal-o3,1,8,suffix-1,4096,swap-take-c,2,1048576,1048576,1,3696000,17462124666308394386
normal-o3,1,8,suffix-1,4096,direct-c,2,1048576,1048576,1,3070000,17462124666308394386
normal-o3,1,8,suffix-1,4096,reverse-c,2,1048576,1048576,1,3244000,17462124666308394386
normal-o3,1,8,suffix-1,4096,whitefoot,2,1048576,1048576,1,2829000,17462124666308394386
normal-o3,1,8,suffix-1,4096,cpp-std-vector,2,1048576,1048576,1,2935000,17462124666308394386
normal-o3,1,8,suffix-1,4096,rust-vec,2,1048576,1048576,1,1549000,17462124666308394386
normal-o3,1,8,suffix-1,4096,swap-take-c,3,1048576,1048576,1,3372000,4018182812291145363
normal-o3,1,8,suffix-1,4096,direct-c,3,1048576,1048576,1,2792000,4018182812291145363
normal-o3,1,8,suffix-1,4096,reverse-c,3,1048576,1048576,1,3243000,4018182812291145363
normal-o3,1,8,suffix-1,4096,whitefoot,3,1048576,1048576,1,2827000,4018182812291145363
normal-o3,1,8,suffix-1,4096,cpp-std-vector,3,1048576,1048576,1,2935000,4018182812291145363
normal-o3,1,8,suffix-1,4096,rust-vec,3,1048576,1048576,1,1549000,4018182812291145363
normal-o3,1,8,suffix-1,4096,take-swap-c,3,1048576,1048576,1,3279000,4018182812291145363
normal-o3,1,8,suffix-1,4096,direct-c,4,1048576,1048576,1,2790000,9020985031983447956
normal-o3,1,8,suffix-1,4096,reverse-c,4,1048576,1048576,1,3246000,9020985031983447956
normal-o3,1,8,suffix-1,4096,whitefoot,4,1048576,1048576,1,2809000,9020985031983447956
normal-o3,1,8,suffix-1,4096,cpp-std-vector,4,1048576,1048576,1,2932000,9020985031983447956
normal-o3,1,8,suffix-1,4096,rust-vec,4,1048576,1048576,1,1549000,9020985031983447956
normal-o3,1,8,suffix-1,4096,take-swap-c,4,1048576,1048576,1,3262000,9020985031983447956
normal-o3,1,8,suffix-1,4096,swap-take-c,4,1048576,1048576,1,3382000,9020985031983447956
normal-o3,1,8,suffix-1,4096,reverse-c,5,1048576,1048576,1,3251000,14023787251675750549
normal-o3,1,8,suffix-1,4096,whitefoot,5,1048576,1048576,1,2795000,14023787251675750549
normal-o3,1,8,suffix-1,4096,cpp-std-vector,5,1048576,1048576,1,3014000,14023787251675750549
normal-o3,1,8,suffix-1,4096,rust-vec,5,1048576,1048576,1,1601000,14023787251675750549
normal-o3,1,8,suffix-1,4096,take-swap-c,5,1048576,1048576,1,3358000,14023787251675750549
normal-o3,1,8,suffix-1,4096,swap-take-c,5,1048576,1048576,1,3480000,14023787251675750549
normal-o3,1,8,suffix-1,4096,direct-c,5,1048576,1048576,1,2885000,14023787251675750549
normal-o3,1,8,suffix-1,4096,whitefoot,6,1048576,1048576,1,2879000,579845397658501526
normal-o3,1,8,suffix-1,4096,cpp-std-vector,6,1048576,1048576,1,3029000,579845397658501526
normal-o3,1,8,suffix-1,4096,rust-vec,6,1048576,1048576,1,1599000,579845397658501526
normal-o3,1,8,suffix-1,4096,take-swap-c,6,1048576,1048576,1,3374000,579845397658501526
normal-o3,1,8,suffix-1,4096,swap-take-c,6,1048576,1048576,1,3513000,579845397658501526
normal-o3,1,8,suffix-1,4096,direct-c,6,1048576,1048576,1,2814000,579845397658501526
normal-o3,1,8,suffix-1,4096,reverse-c,6,1048576,1048576,1,3309000,579845397658501526
normal-o3,1,8,suffix-2,16,cpp-std-vector,0,1048576,524288,1,1627000,1685092048726590629
normal-o3,1,8,suffix-2,16,rust-vec,0,1048576,524288,1,1302000,1685092048726590629
normal-o3,1,8,suffix-2,16,take-swap-c,0,1048576,524288,1,3192000,1685092048726590629
normal-o3,1,8,suffix-2,16,swap-take-c,0,1048576,524288,1,2802000,1685092048726590629
normal-o3,1,8,suffix-2,16,direct-c,0,1048576,524288,1,1459000,1685092048726590629
normal-o3,1,8,suffix-2,16,reverse-c,0,1048576,524288,1,3212000,1685092048726590629
normal-o3,1,8,suffix-2,16,whitefoot,0,1048576,524288,1,1465000,1685092048726590629
normal-o3,1,8,suffix-2,16,rust-vec,1,1048576,524288,1,1304000,5769615109122455387
normal-o3,1,8,suffix-2,16,take-swap-c,1,1048576,524288,1,3195000,5769615109122455387
normal-o3,1,8,suffix-2,16,swap-take-c,1,1048576,524288,1,2792000,5769615109122455387
normal-o3,1,8,suffix-2,16,direct-c,1,1048576,524288,1,1462000,5769615109122455387
normal-o3,1,8,suffix-2,16,reverse-c,1,1048576,524288,1,3285000,5769615109122455387
normal-o3,1,8,suffix-2,16,whitefoot,1,1048576,524288,1,1543000,5769615109122455387
normal-o3,1,8,suffix-2,16,cpp-std-vector,1,1048576,524288,1,1646000,5769615109122455387
normal-o3,1,8,suffix-2,16,take-swap-c,2,1048576,524288,1,3071000,9854138169518320145
normal-o3,1,8,suffix-2,16,swap-take-c,2,1048576,524288,1,2806000,9854138169518320145
normal-o3,1,8,suffix-2,16,direct-c,2,1048576,524288,1,1465000,9854138169518320145
normal-o3,1,8,suffix-2,16,reverse-c,2,1048576,524288,1,3296000,9854138169518320145
normal-o3,1,8,suffix-2,16,whitefoot,2,1048576,524288,1,1462000,9854138169518320145
normal-o3,1,8,suffix-2,16,cpp-std-vector,2,1048576,524288,1,1625000,9854138169518320145
normal-o3,1,8,suffix-2,16,rust-vec,2,1048576,524288,1,1300000,9854138169518320145
normal-o3,1,8,suffix-2,16,swap-take-c,3,1048576,524288,1,2803000,13938661229914184903
normal-o3,1,8,suffix-2,16,direct-c,3,1048576,524288,1,1458000,13938661229914184903
normal-o3,1,8,suffix-2,16,reverse-c,3,1048576,524288,1,3279000,13938661229914184903
normal-o3,1,8,suffix-2,16,whitefoot,3,1048576,524288,1,1465000,13938661229914184903
normal-o3,1,8,suffix-2,16,cpp-std-vector,3,1048576,524288,1,1641000,13938661229914184903
normal-o3,1,8,suffix-2,16,rust-vec,3,1048576,524288,1,1303000,13938661229914184903
normal-o3,1,8,suffix-2,16,take-swap-c,3,1048576,524288,1,3266000,13938661229914184903
normal-o3,1,8,suffix-2,16,direct-c,4,1048576,524288,1,1456000,18023184290310049661
normal-o3,1,8,suffix-2,16,reverse-c,4,1048576,524288,1,3103000,18023184290310049661
normal-o3,1,8,suffix-2,16,whitefoot,4,1048576,524288,1,1465000,18023184290310049661
normal-o3,1,8,suffix-2,16,cpp-std-vector,4,1048576,524288,1,1631000,18023184290310049661
normal-o3,1,8,suffix-2,16,rust-vec,4,1048576,524288,1,1302000,18023184290310049661
normal-o3,1,8,suffix-2,16,take-swap-c,4,1048576,524288,1,3186000,18023184290310049661
normal-o3,1,8,suffix-2,16,swap-take-c,4,1048576,524288,1,2882000,18023184290310049661
normal-o3,1,8,suffix-2,16,reverse-c,5,1048576,524288,1,3261000,3660963276996362803
normal-o3,1,8,suffix-2,16,whitefoot,5,1048576,524288,1,1467000,3660963276996362803
normal-o3,1,8,suffix-2,16,cpp-std-vector,5,1048576,524288,1,1625000,3660963276996362803
normal-o3,1,8,suffix-2,16,rust-vec,5,1048576,524288,1,1300000,3660963276996362803
normal-o3,1,8,suffix-2,16,take-swap-c,5,1048576,524288,1,3064000,3660963276996362803
normal-o3,1,8,suffix-2,16,swap-take-c,5,1048576,524288,1,2795000,3660963276996362803
normal-o3,1,8,suffix-2,16,direct-c,5,1048576,524288,1,1514000,3660963276996362803
normal-o3,1,8,suffix-2,16,whitefoot,6,1048576,524288,1,1462000,7745486337392227561
normal-o3,1,8,suffix-2,16,cpp-std-vector,6,1048576,524288,1,1628000,7745486337392227561
normal-o3,1,8,suffix-2,16,rust-vec,6,1048576,524288,1,1303000,7745486337392227561
normal-o3,1,8,suffix-2,16,take-swap-c,6,1048576,524288,1,3191000,7745486337392227561
normal-o3,1,8,suffix-2,16,swap-take-c,6,1048576,524288,1,2796000,7745486337392227561
normal-o3,1,8,suffix-2,16,direct-c,6,1048576,524288,1,1461000,7745486337392227561
normal-o3,1,8,suffix-2,16,reverse-c,6,1048576,524288,1,3275000,7745486337392227561
normal-o3,1,8,suffix-2,256,cpp-std-vector,0,1048576,524288,1,1631000,4355278901963944061
normal-o3,1,8,suffix-2,256,rust-vec,0,1048576,524288,1,1300000,4355278901963944061
normal-o3,1,8,suffix-2,256,take-swap-c,0,1048576,524288,1,3276000,4355278901963944061
normal-o3,1,8,suffix-2,256,swap-take-c,0,1048576,524288,1,2792000,4355278901963944061
normal-o3,1,8,suffix-2,256,direct-c,0,1048576,524288,1,2378000,4355278901963944061
normal-o3,1,8,suffix-2,256,reverse-c,0,1048576,524288,1,3315000,4355278901963944061
normal-o3,1,8,suffix-2,256,whitefoot,0,1048576,524288,1,1535000,4355278901963944061
normal-o3,1,8,suffix-2,256,rust-vec,1,1048576,524288,1,1360000,15106128288498016595
normal-o3,1,8,suffix-2,256,take-swap-c,1,1048576,524288,1,3433000,15106128288498016595
normal-o3,1,8,suffix-2,256,swap-take-c,1,1048576,524288,1,2863000,15106128288498016595
normal-o3,1,8,suffix-2,256,direct-c,1,1048576,524288,1,1855000,15106128288498016595
normal-o3,1,8,suffix-2,256,reverse-c,1,1048576,524288,1,3292000,15106128288498016595
normal-o3,1,8,suffix-2,256,whitefoot,1,1048576,524288,1,1500000,15106128288498016595
normal-o3,1,8,suffix-2,256,cpp-std-vector,1,1048576,524288,1,1658000,15106128288498016595
normal-o3,1,8,suffix-2,256,take-swap-c,2,1048576,524288,1,3293000,7410233601322537513
normal-o3,1,8,suffix-2,256,swap-take-c,2,1048576,524288,1,2801000,7410233601322537513
normal-o3,1,8,suffix-2,256,direct-c,2,1048576,524288,1,1897000,7410233601322537513
normal-o3,1,8,suffix-2,256,reverse-c,2,1048576,524288,1,3348000,7410233601322537513
normal-o3,1,8,suffix-2,256,whitefoot,2,1048576,524288,1,1546000,7410233601322537513
normal-o3,1,8,suffix-2,256,cpp-std-vector,2,1048576,524288,1,1708000,7410233601322537513
normal-o3,1,8,suffix-2,256,rust-vec,2,1048576,524288,1,1343000,7410233601322537513
normal-o3,1,8,suffix-2,256,swap-take-c,3,1048576,524288,1,2922000,18161082987856610047
normal-o3,1,8,suffix-2,256,direct-c,3,1048576,524288,1,2408000,18161082987856610047
normal-o3,1,8,suffix-2,256,reverse-c,3,1048576,524288,1,3371000,18161082987856610047
normal-o3,1,8,suffix-2,256,whitefoot,3,1048576,524288,1,1515000,18161082987856610047
normal-o3,1,8,suffix-2,256,cpp-std-vector,3,1048576,524288,1,1678000,18161082987856610047
normal-o3,1,8,suffix-2,256,rust-vec,3,1048576,524288,1,1379000,18161082987856610047
normal-o3,1,8,suffix-2,256,take-swap-c,3,1048576,524288,1,3532000,18161082987856610047
normal-o3,1,8,suffix-2,256,direct-c,4,1048576,524288,1,3926000,10465188300681130965
normal-o3,1,8,suffix-2,256,reverse-c,4,1048576,524288,1,3206000,10465188300681130965
normal-o3,1,8,suffix-2,256,whitefoot,4,1048576,524288,1,1465000,10465188300681130965
normal-o3,1,8,suffix-2,256,cpp-std-vector,4,1048576,524288,1,1627000,10465188300681130965
normal-o3,1,8,suffix-2,256,rust-vec,4,1048576,524288,1,1321000,10465188300681130965
normal-o3,1,8,suffix-2,256,take-swap-c,4,1048576,524288,1,3313000,10465188300681130965
normal-o3,1,8,suffix-2,256,swap-take-c,4,1048576,524288,1,2855000,10465188300681130965
normal-o3,1,8,suffix-2,256,reverse-c,5,1048576,524288,1,3296000,2769293613505651883
normal-o3,1,8,suffix-2,256,whitefoot,5,1048576,524288,1,1486000,2769293613505651883
normal-o3,1,8,suffix-2,256,cpp-std-vector,5,1048576,524288,1,1628000,2769293613505651883
normal-o3,1,8,suffix-2,256,rust-vec,5,1048576,524288,1,1303000,2769293613505651883
normal-o3,1,8,suffix-2,256,take-swap-c,5,1048576,524288,1,3386000,2769293613505651883
normal-o3,1,8,suffix-2,256,swap-take-c,5,1048576,524288,1,2831000,2769293613505651883
normal-o3,1,8,suffix-2,256,direct-c,5,1048576,524288,1,3512000,2769293613505651883
normal-o3,1,8,suffix-2,256,whitefoot,6,1048576,524288,1,1469000,13520143000039724417
normal-o3,1,8,suffix-2,256,cpp-std-vector,6,1048576,524288,1,1625000,13520143000039724417
normal-o3,1,8,suffix-2,256,rust-vec,6,1048576,524288,1,1302000,13520143000039724417
normal-o3,1,8,suffix-2,256,take-swap-c,6,1048576,524288,1,3240000,13520143000039724417
normal-o3,1,8,suffix-2,256,swap-take-c,6,1048576,524288,1,2871000,13520143000039724417
normal-o3,1,8,suffix-2,256,direct-c,6,1048576,524288,1,3843000,13520143000039724417
normal-o3,1,8,suffix-2,256,reverse-c,6,1048576,524288,1,3200000,13520143000039724417
normal-o3,1,8,suffix-2,4096,cpp-std-vector,0,1048576,524288,1,1633000,16133918569289551357
normal-o3,1,8,suffix-2,4096,rust-vec,0,1048576,524288,1,1314000,16133918569289551357
normal-o3,1,8,suffix-2,4096,take-swap-c,0,1048576,524288,1,3355000,16133918569289551357
normal-o3,1,8,suffix-2,4096,swap-take-c,0,1048576,524288,1,2814000,16133918569289551357
normal-o3,1,8,suffix-2,4096,direct-c,0,1048576,524288,1,3512000,16133918569289551357
normal-o3,1,8,suffix-2,4096,reverse-c,0,1048576,524288,1,3250000,16133918569289551357
normal-o3,1,8,suffix-2,4096,whitefoot,0,1048576,524288,1,1470000,16133918569289551357
normal-o3,1,8,suffix-2,4096,rust-vec,1,1048576,524288,1,1308000,17698322704188874963
normal-o3,1,8,suffix-2,4096,take-swap-c,1,1048576,524288,1,3371000,17698322704188874963
normal-o3,1,8,suffix-2,4096,swap-take-c,1,1048576,524288,1,2800000,17698322704188874963
normal-o3,1,8,suffix-2,4096,direct-c,1,1048576,524288,1,2531000,17698322704188874963
normal-o3,1,8,suffix-2,4096,reverse-c,1,1048576,524288,1,3330000,17698322704188874963
normal-o3,1,8,suffix-2,4096,whitefoot,1,1048576,524288,1,1473000,17698322704188874963
normal-o3,1,8,suffix-2,4096,cpp-std-vector,1,1048576,524288,1,1635000,17698322704188874963
normal-o3,1,8,suffix-2,4096,take-swap-c,2,1048576,524288,1,3391000,815982765378646953
normal-o3,1,8,suffix-2,4096,swap-take-c,2,1048576,524288,1,2802000,815982765378646953
normal-o3,1,8,suffix-2,4096,direct-c,2,1048576,524288,1,3337000,815982765378646953
normal-o3,1,8,suffix-2,4096,reverse-c,2,1048576,524288,1,3277000,815982765378646953
normal-o3,1,8,suffix-2,4096,whitefoot,2,1048576,524288,1,1470000,815982765378646953
normal-o3,1,8,suffix-2,4096,cpp-std-vector,2,1048576,524288,1,1650000,815982765378646953
normal-o3,1,8,suffix-2,4096,rust-vec,2,1048576,524288,1,1310000,815982765378646953
normal-o3,1,8,suffix-2,4096,swap-take-c,3,1048576,524288,1,2891000,2380386900277970559
normal-o3,1,8,suffix-2,4096,direct-c,3,1048576,524288,1,4005000,2380386900277970559
normal-o3,1,8,suffix-2,4096,reverse-c,3,1048576,524288,1,3208000,2380386900277970559
normal-o3,1,8,suffix-2,4096,whitefoot,3,1048576,524288,1,1475000,2380386900277970559
normal-o3,1,8,suffix-2,4096,cpp-std-vector,3,1048576,524288,1,1641000,2380386900277970559
normal-o3,1,8,suffix-2,4096,rust-vec,3,1048576,524288,1,1315000,2380386900277970559
normal-o3,1,8,suffix-2,4096,take-swap-c,3,1048576,524288,1,3376000,2380386900277970559
normal-o3,1,8,suffix-2,4096,direct-c,4,1048576,524288,1,2575000,3944791035177294165
normal-o3,1,8,suffix-2,4096,reverse-c,4,1048576,524288,1,3213000,3944791035177294165
normal-o3,1,8,suffix-2,4096,whitefoot,4,1048576,524288,1,1468000,3944791035177294165
normal-o3,1,8,suffix-2,4096,cpp-std-vector,4,1048576,524288,1,1632000,3944791035177294165
normal-o3,1,8,suffix-2,4096,rust-vec,4,1048576,524288,1,1306000,3944791035177294165
normal-o3,1,8,suffix-2,4096,take-swap-c,4,1048576,524288,1,3382000,3944791035177294165
normal-o3,1,8,suffix-2,4096,swap-take-c,4,1048576,524288,1,2864000,3944791035177294165
normal-o3,1,8,suffix-2,4096,reverse-c,5,1048576,524288,1,3210000,5509195170076617771
normal-o3,1,8,suffix-2,4096,whitefoot,5,1048576,524288,1,1470000,5509195170076617771
normal-o3,1,8,suffix-2,4096,cpp-std-vector,5,1048576,524288,1,1635000,5509195170076617771
normal-o3,1,8,suffix-2,4096,rust-vec,5,1048576,524288,1,1313000,5509195170076617771
normal-o3,1,8,suffix-2,4096,take-swap-c,5,1048576,524288,1,3395000,5509195170076617771
normal-o3,1,8,suffix-2,4096,swap-take-c,5,1048576,524288,1,2811000,5509195170076617771
normal-o3,1,8,suffix-2,4096,direct-c,5,1048576,524288,1,3828000,5509195170076617771
normal-o3,1,8,suffix-2,4096,whitefoot,6,1048576,524288,1,1467000,7073599304975941377
normal-o3,1,8,suffix-2,4096,cpp-std-vector,6,1048576,524288,1,1635000,7073599304975941377
normal-o3,1,8,suffix-2,4096,rust-vec,6,1048576,524288,1,1308000,7073599304975941377
normal-o3,1,8,suffix-2,4096,take-swap-c,6,1048576,524288,1,3365000,7073599304975941377
normal-o3,1,8,suffix-2,4096,swap-take-c,6,1048576,524288,1,2807000,7073599304975941377
normal-o3,1,8,suffix-2,4096,direct-c,6,1048576,524288,1,1573000,7073599304975941377
normal-o3,1,8,suffix-2,4096,reverse-c,6,1048576,524288,1,3261000,7073599304975941377
normal-o3,1,8,suffix-3,16,cpp-std-vector,0,1048576,349525,1,1736000,3578158727730397437
normal-o3,1,8,suffix-3,16,rust-vec,0,1048576,349525,1,1302000,3578158727730397437
normal-o3,1,8,suffix-3,16,take-swap-c,0,1048576,349525,1,2291000,3578158727730397437
normal-o3,1,8,suffix-3,16,swap-take-c,0,1048576,349525,1,2264000,3578158727730397437
normal-o3,1,8,suffix-3,16,direct-c,0,1048576,349525,1,1323000,3578158727730397437
normal-o3,1,8,suffix-3,16,reverse-c,0,1048576,349525,1,2472000,3578158727730397437
normal-o3,1,8,suffix-3,16,whitefoot,0,1048576,349525,1,1411000,3578158727730397437
normal-o3,1,8,suffix-3,16,rust-vec,1,1048576,349525,1,1306000,10503294698975091330
normal-o3,1,8,suffix-3,16,take-swap-c,1,1048576,349525,1,2285000,10503294698975091330
normal-o3,1,8,suffix-3,16,swap-take-c,1,1048576,349525,1,2290000,10503294698975091330
normal-o3,1,8,suffix-3,16,direct-c,1,1048576,349525,1,1322000,10503294698975091330
normal-o3,1,8,suffix-3,16,reverse-c,1,1048576,349525,1,2475000,10503294698975091330
normal-o3,1,8,suffix-3,16,whitefoot,1,1048576,349525,1,1414000,10503294698975091330
normal-o3,1,8,suffix-3,16,cpp-std-vector,1,1048576,349525,1,1735000,10503294698975091330
normal-o3,1,8,suffix-3,16,take-swap-c,2,1048576,349525,1,2341000,17428430670219785223
normal-o3,1,8,suffix-3,16,swap-take-c,2,1048576,349525,1,2190000,17428430670219785223
normal-o3,1,8,suffix-3,16,direct-c,2,1048576,349525,1,1321000,17428430670219785223
normal-o3,1,8,suffix-3,16,reverse-c,2,1048576,349525,1,2470000,17428430670219785223
normal-o3,1,8,suffix-3,16,whitefoot,2,1048576,349525,1,1408000,17428430670219785223
normal-o3,1,8,suffix-3,16,cpp-std-vector,2,1048576,349525,1,1742000,17428430670219785223
normal-o3,1,8,suffix-3,16,rust-vec,2,1048576,349525,1,1306000,17428430670219785223
normal-o3,1,8,suffix-3,16,swap-take-c,3,1048576,349525,1,2217000,5906822567754927500
normal-o3,1,8,suffix-3,16,direct-c,3,1048576,349525,1,1319000,5906822567754927500
normal-o3,1,8,suffix-3,16,reverse-c,3,1048576,349525,1,2485000,5906822567754927500
normal-o3,1,8,suffix-3,16,whitefoot,3,1048576,349525,1,1413000,5906822567754927500
normal-o3,1,8,suffix-3,16,cpp-std-vector,3,1048576,349525,1,1736000,5906822567754927500
normal-o3,1,8,suffix-3,16,rust-vec,3,1048576,349525,1,1303000,5906822567754927500
normal-o3,1,8,suffix-3,16,take-swap-c,3,1048576,349525,1,2270000,5906822567754927500
normal-o3,1,8,suffix-3,16,direct-c,4,1048576,349525,1,1322000,12831958538999621393
normal-o3,1,8,suffix-3,16,reverse-c,4,1048576,349525,1,2483000,12831958538999621393
normal-o3,1,8,suffix-3,16,whitefoot,4,1048576,349525,1,1410000,12831958538999621393
normal-o3,1,8,suffix-3,16,cpp-std-vector,4,1048576,349525,1,1755000,12831958538999621393
normal-o3,1,8,suffix-3,16,rust-vec,4,1048576,349525,1,1347000,12831958538999621393
normal-o3,1,8,suffix-3,16,take-swap-c,4,1048576,349525,1,2285000,12831958538999621393
normal-o3,1,8,suffix-3,16,swap-take-c,4,1048576,349525,1,2173000,12831958538999621393
normal-o3,1,8,suffix-3,16,reverse-c,5,1048576,349525,1,2471000,1310350436534763670
normal-o3,1,8,suffix-3,16,whitefoot,5,1048576,349525,1,1426000,1310350436534763670
normal-o3,1,8,suffix-3,16,cpp-std-vector,5,1048576,349525,1,1738000,1310350436534763670
normal-o3,1,8,suffix-3,16,rust-vec,5,1048576,349525,1,1303000,1310350436534763670
normal-o3,1,8,suffix-3,16,take-swap-c,5,1048576,349525,1,2275000,1310350436534763670
normal-o3,1,8,suffix-3,16,swap-take-c,5,1048576,349525,1,2201000,1310350436534763670
normal-o3,1,8,suffix-3,16,direct-c,5,1048576,349525,1,1375000,1310350436534763670
normal-o3,1,8,suffix-3,16,whitefoot,6,1048576,349525,1,1408000,8235486407779457563
normal-o3,1,8,suffix-3,16,cpp-std-vector,6,1048576,349525,1,1735000,8235486407779457563
normal-o3,1,8,suffix-3,16,rust-vec,6,1048576,349525,1,1302000,8235486407779457563
normal-o3,1,8,suffix-3,16,take-swap-c,6,1048576,349525,1,2273000,8235486407779457563
normal-o3,1,8,suffix-3,16,swap-take-c,6,1048576,349525,1,2164000,8235486407779457563
normal-o3,1,8,suffix-3,16,direct-c,6,1048576,349525,1,1336000,8235486407779457563
normal-o3,1,8,suffix-3,16,reverse-c,6,1048576,349525,1,2492000,8235486407779457563
normal-o3,1,8,suffix-3,256,cpp-std-vector,0,1048576,349525,1,1743000,17932052123014486501
normal-o3,1,8,suffix-3,256,rust-vec,0,1048576,349525,1,1301000,17932052123014486501
normal-o3,1,8,suffix-3,256,take-swap-c,0,1048576,349525,1,2429000,17932052123014486501
normal-o3,1,8,suffix-3,256,swap-take-c,0,1048576,349525,1,2231000,17932052123014486501
normal-o3,1,8,suffix-3,256,direct-c,0,1048576,349525,1,1482000,17932052123014486501
normal-o3,1,8,suffix-3,256,reverse-c,0,1048576,349525,1,2577000,17932052123014486501
normal-o3,1,8,suffix-3,256,whitefoot,0,1048576,349525,1,1412000,17932052123014486501
normal-o3,1,8,suffix-3,256,rust-vec,1,1048576,349525,1,1301000,6179702327257408202
normal-o3,1,8,suffix-3,256,take-swap-c,1,1048576,349525,1,2386000,6179702327257408202
normal-o3,1,8,suffix-3,256,swap-take-c,1,1048576,349525,1,2251000,6179702327257408202
normal-o3,1,8,suffix-3,256,direct-c,1,1048576,349525,1,1383000,6179702327257408202
normal-o3,1,8,suffix-3,256,reverse-c,1,1048576,349525,1,2563000,6179702327257408202
normal-o3,1,8,suffix-3,256,whitefoot,1,1048576,349525,1,1412000,6179702327257408202
normal-o3,1,8,suffix-3,256,cpp-std-vector,1,1048576,349525,1,1734000,6179702327257408202
normal-o3,1,8,suffix-3,256,take-swap-c,2,1048576,349525,1,2390000,12874096605209881519
normal-o3,1,8,suffix-3,256,swap-take-c,2,1048576,349525,1,2356000,12874096605209881519
normal-o3,1,8,suffix-3,256,direct-c,2,1048576,349525,1,1385000,12874096605209881519
normal-o3,1,8,suffix-3,256,reverse-c,2,1048576,349525,1,2556000,12874096605209881519
normal-o3,1,8,suffix-3,256,whitefoot,2,1048576,349525,1,1417000,12874096605209881519
normal-o3,1,8,suffix-3,256,cpp-std-vector,2,1048576,349525,1,1733000,12874096605209881519
normal-o3,1,8,suffix-3,256,rust-vec,2,1048576,349525,1,1312000,12874096605209881519
normal-o3,1,8,suffix-3,256,swap-take-c,3,1048576,349525,1,2267000,1121746809452803220
normal-o3,1,8,suffix-3,256,direct-c,3,1048576,349525,1,1373000,1121746809452803220
normal-o3,1,8,suffix-3,256,reverse-c,3,1048576,349525,1,2654000,1121746809452803220
normal-o3,1,8,suffix-3,256,whitefoot,3,1048576,349525,1,1411000,1121746809452803220
normal-o3,1,8,suffix-3,256,cpp-std-vector,3,1048576,349525,1,1736000,1121746809452803220
normal-o3,1,8,suffix-3,256,rust-vec,3,1048576,349525,1,1299000,1121746809452803220
normal-o3,1,8,suffix-3,256,take-swap-c,3,1048576,349525,1,2323000,1121746809452803220
normal-o3,1,8,suffix-3,256,direct-c,4,1048576,349525,1,1368000,7816141087405276537
normal-o3,1,8,suffix-3,256,reverse-c,4,1048576,349525,1,2613000,7816141087405276537
normal-o3,1,8,suffix-3,256,whitefoot,4,1048576,349525,1,1408000,7816141087405276537
normal-o3,1,8,suffix-3,256,cpp-std-vector,4,1048576,349525,1,1736000,7816141087405276537
normal-o3,1,8,suffix-3,256,rust-vec,4,1048576,349525,1,1300000,7816141087405276537
normal-o3,1,8,suffix-3,256,take-swap-c,4,1048576,349525,1,2454000,7816141087405276537
normal-o3,1,8,suffix-3,256,swap-take-c,4,1048576,349525,1,2243000,7816141087405276537
normal-o3,1,8,suffix-3,256,reverse-c,5,1048576,349525,1,2551000,14510535365357749854
normal-o3,1,8,suffix-3,256,whitefoot,5,1048576,349525,1,1408000,14510535365357749854
normal-o3,1,8,suffix-3,256,cpp-std-vector,5,1048576,349525,1,1741000,14510535365357749854
normal-o3,1,8,suffix-3,256,rust-vec,5,1048576,349525,1,1303000,14510535365357749854
normal-o3,1,8,suffix-3,256,take-swap-c,5,1048576,349525,1,2438000,14510535365357749854
normal-o3,1,8,suffix-3,256,swap-take-c,5,1048576,349525,1,2254000,14510535365357749854
normal-o3,1,8,suffix-3,256,direct-c,5,1048576,349525,1,1372000,14510535365357749854
normal-o3,1,8,suffix-3,256,whitefoot,6,1048576,349525,1,1414000,2758185569600671555
normal-o3,1,8,suffix-3,256,cpp-std-vector,6,1048576,349525,1,1736000,2758185569600671555
normal-o3,1,8,suffix-3,256,rust-vec,6,1048576,349525,1,1300000,2758185569600671555
normal-o3,1,8,suffix-3,256,take-swap-c,6,1048576,349525,1,2419000,2758185569600671555
normal-o3,1,8,suffix-3,256,swap-take-c,6,1048576,349525,1,3170000,2758185569600671555
normal-o3,1,8,suffix-3,256,direct-c,6,1048576,349525,1,1381000,2758185569600671555
normal-o3,1,8,suffix-3,256,reverse-c,6,1048576,349525,1,2554000,2758185569600671555
normal-o3,1,8,suffix-3,4096,cpp-std-vector,0,1048576,349525,1,1744000,13042235847276202085
normal-o3,1,8,suffix-3,4096,rust-vec,0,1048576,349525,1,1308000,13042235847276202085
normal-o3,1,8,suffix-3,4096,take-swap-c,0,1048576,349525,1,2405000,13042235847276202085
normal-o3,1,8,suffix-3,4096,swap-take-c,0,1048576,349525,1,2244000,13042235847276202085
normal-o3,1,8,suffix-3,4096,direct-c,0,1048576,349525,1,1400000,13042235847276202085
normal-o3,1,8,suffix-3,4096,reverse-c,0,1048576,349525,1,2569000,13042235847276202085
normal-o3,1,8,suffix-3,4096,whitefoot,0,1048576,349525,1,1413000,13042235847276202085
normal-o3,1,8,suffix-3,4096,rust-vec,1,1048576,349525,1,1308000,12907392256605062986
normal-o3,1,8,suffix-3,4096,take-swap-c,1,1048576,349525,1,2417000,12907392256605062986
normal-o3,1,8,suffix-3,4096,swap-take-c,1,1048576,349525,1,2249000,12907392256605062986
normal-o3,1,8,suffix-3,4096,direct-c,1,1048576,349525,1,1389000,12907392256605062986
normal-o3,1,8,suffix-3,4096,reverse-c,1,1048576,349525,1,2559000,12907392256605062986
normal-o3,1,8,suffix-3,4096,whitefoot,1,1048576,349525,1,1416000,12907392256605062986
normal-o3,1,8,suffix-3,4096,cpp-std-vector,1,1048576,349525,1,1804000,12907392256605062986
normal-o3,1,8,suffix-3,4096,take-swap-c,2,1048576,349525,1,2337000,12772548665933923887
normal-o3,1,8,suffix-3,4096,swap-take-c,2,1048576,349525,1,2262000,12772548665933923887
normal-o3,1,8,suffix-3,4096,direct-c,2,1048576,349525,1,1453000,12772548665933923887
normal-o3,1,8,suffix-3,4096,reverse-c,2,1048576,349525,1,2552000,12772548665933923887
normal-o3,1,8,suffix-3,4096,whitefoot,2,1048576,349525,1,1416000,12772548665933923887
normal-o3,1,8,suffix-3,4096,cpp-std-vector,2,1048576,349525,1,1748000,12772548665933923887
normal-o3,1,8,suffix-3,4096,rust-vec,2,1048576,349525,1,1315000,12772548665933923887
normal-o3,1,8,suffix-3,4096,swap-take-c,3,1048576,349525,1,2268000,12637705075262784788
normal-o3,1,8,suffix-3,4096,direct-c,3,1048576,349525,1,1389000,12637705075262784788
normal-o3,1,8,suffix-3,4096,reverse-c,3,1048576,349525,1,2554000,12637705075262784788
normal-o3,1,8,suffix-3,4096,whitefoot,3,1048576,349525,1,1417000,12637705075262784788
normal-o3,1,8,suffix-3,4096,cpp-std-vector,3,1048576,349525,1,1740000,12637705075262784788
normal-o3,1,8,suffix-3,4096,rust-vec,3,1048576,349525,1,1314000,12637705075262784788
normal-o3,1,8,suffix-3,4096,take-swap-c,3,1048576,349525,1,2409000,12637705075262784788
normal-o3,1,8,suffix-3,4096,direct-c,4,1048576,349525,1,1389000,12502861484591645689
normal-o3,1,8,suffix-3,4096,reverse-c,4,1048576,349525,1,2556000,12502861484591645689
normal-o3,1,8,suffix-3,4096,whitefoot,4,1048576,349525,1,1417000,12502861484591645689
normal-o3,1,8,suffix-3,4096,cpp-std-vector,4,1048576,349525,1,1750000,12502861484591645689
normal-o3,1,8,suffix-3,4096,rust-vec,4,1048576,349525,1,1307000,12502861484591645689
normal-o3,1,8,suffix-3,4096,take-swap-c,4,1048576,349525,1,2458000,12502861484591645689
normal-o3,1,8,suffix-3,4096,swap-take-c,4,1048576,349525,1,2354000,12502861484591645689
normal-o3,1,8,suffix-3,4096,reverse-c,5,1048576,349525,1,2598000,12368017893920506590
normal-o3,1,8,suffix-3,4096,whitefoot,5,1048576,349525,1,1444000,12368017893920506590
normal-o3,1,8,suffix-3,4096,cpp-std-vector,5,1048576,349525,1,1757000,12368017893920506590
normal-o3,1,8,suffix-3,4096,rust-vec,5,1048576,349525,1,1308000,12368017893920506590
normal-o3,1,8,suffix-3,4096,take-swap-c,5,1048576,349525,1,2308000,12368017893920506590
normal-o3,1,8,suffix-3,4096,swap-take-c,5,1048576,349525,1,2206000,12368017893920506590
normal-o3,1,8,suffix-3,4096,direct-c,5,1048576,349525,1,1389000,12368017893920506590
normal-o3,1,8,suffix-3,4096,whitefoot,6,1048576,349525,1,1423000,12233174303249367491
normal-o3,1,8,suffix-3,4096,cpp-std-vector,6,1048576,349525,1,1741000,12233174303249367491
normal-o3,1,8,suffix-3,4096,rust-vec,6,1048576,349525,1,1308000,12233174303249367491
normal-o3,1,8,suffix-3,4096,take-swap-c,6,1048576,349525,1,2330000,12233174303249367491
normal-o3,1,8,suffix-3,4096,swap-take-c,6,1048576,349525,1,2234000,12233174303249367491
normal-o3,1,8,suffix-3,4096,direct-c,6,1048576,349525,1,1393000,12233174303249367491
normal-o3,1,8,suffix-3,4096,reverse-c,6,1048576,349525,1,2565000,12233174303249367491
normal-o3,1,256,reserved,16,cpp-std-vector,0,1048576,65536,1,44573000,16095999890136793189
normal-o3,1,256,reserved,16,rust-vec,0,1048576,65536,1,41469000,16095999890136793189
normal-o3,1,256,reserved,16,take-swap-c,0,1048576,65536,1,46230000,16095999890136793189
normal-o3,1,256,reserved,16,swap-take-c,0,1048576,65536,1,49536000,16095999890136793189
normal-o3,1,256,reserved,16,direct-c,0,1048576,65536,1,45749000,16095999890136793189
normal-o3,1,256,reserved,16,reverse-c,0,1048576,65536,1,50335000,16095999890136793189
normal-o3,1,256,reserved,16,whitefoot,0,1048576,65536,1,43053000,16095999890136793189
normal-o3,1,256,reserved,16,rust-vec,1,1048576,65536,1,41722000,10905710204835692646
normal-o3,1,256,reserved,16,take-swap-c,1,1048576,65536,1,47699000,10905710204835692646
normal-o3,1,256,reserved,16,swap-take-c,1,1048576,65536,1,49777000,10905710204835692646
normal-o3,1,256,reserved,16,direct-c,1,1048576,65536,1,45799000,10905710204835692646
normal-o3,1,256,reserved,16,reverse-c,1,1048576,65536,1,50063000,10905710204835692646
normal-o3,1,256,reserved,16,whitefoot,1,1048576,65536,1,42109000,10905710204835692646
normal-o3,1,256,reserved,16,cpp-std-vector,1,1048576,65536,1,44467000,10905710204835692646
normal-o3,1,256,reserved,16,take-swap-c,2,1048576,65536,1,46061000,1136678281099509863
normal-o3,1,256,reserved,16,swap-take-c,2,1048576,65536,1,49669000,1136678281099509863
normal-o3,1,256,reserved,16,direct-c,2,1048576,65536,1,46414000,1136678281099509863
normal-o3,1,256,reserved,16,reverse-c,2,1048576,65536,1,50685000,1136678281099509863
normal-o3,1,256,reserved,16,whitefoot,2,1048576,65536,1,42096000,1136678281099509863
normal-o3,1,256,reserved,16,cpp-std-vector,2,1048576,65536,1,44374000,1136678281099509863
normal-o3,1,256,reserved,16,rust-vec,2,1048576,65536,1,41576000,1136678281099509863
normal-o3,1,256,reserved,16,swap-take-c,3,1048576,65536,1,49437000,1916000061831479400
normal-o3,1,256,reserved,16,direct-c,3,1048576,65536,1,45742000,1916000061831479400
normal-o3,1,256,reserved,16,reverse-c,3,1048576,65536,1,50127000,1916000061831479400
normal-o3,1,256,reserved,16,whitefoot,3,1048576,65536,1,42125000,1916000061831479400
normal-o3,1,256,reserved,16,cpp-std-vector,3,1048576,65536,1,44433000,1916000061831479400
normal-o3,1,256,reserved,16,rust-vec,3,1048576,65536,1,41439000,1916000061831479400
normal-o3,1,256,reserved,16,take-swap-c,3,1048576,65536,1,47609000,1916000061831479400
normal-o3,1,256,reserved,16,direct-c,4,1048576,65536,1,46397000,317124334665105513
normal-o3,1,256,reserved,16,reverse-c,4,1048576,65536,1,50096000,317124334665105513
normal-o3,1,256,reserved,16,whitefoot,4,1048576,65536,1,42138000,317124334665105513
normal-o3,1,256,reserved,16,cpp-std-vector,4,1048576,65536,1,44308000,317124334665105513
normal-o3,1,256,reserved,16,rust-vec,4,1048576,65536,1,41391000,317124334665105513
normal-o3,1,256,reserved,16,take-swap-c,4,1048576,65536,1,46100000,317124334665105513
normal-o3,1,256,reserved,16,swap-take-c,4,1048576,65536,1,49485000,317124334665105513
normal-o3,1,256,reserved,16,reverse-c,5,1048576,65536,1,50109000,16344508304658628714
normal-o3,1,256,reserved,16,whitefoot,5,1048576,65536,1,42270000,16344508304658628714
normal-o3,1,256,reserved,16,cpp-std-vector,5,1048576,65536,1,44425000,16344508304658628714
normal-o3,1,256,reserved,16,rust-vec,5,1048576,65536,1,41430000,16344508304658628714
normal-o3,1,256,reserved,16,take-swap-c,5,1048576,65536,1,46020000,16344508304658628714
normal-o3,1,256,reserved,16,swap-take-c,5,1048576,65536,1,49541000,16344508304658628714
normal-o3,1,256,reserved,16,direct-c,5,1048576,65536,1,45808000,16344508304658628714
normal-o3,1,256,reserved,16,whitefoot,6,1048576,65536,1,42102000,17728104047323021419
normal-o3,1,256,reserved,16,cpp-std-vector,6,1048576,65536,1,44335000,17728104047323021419
normal-o3,1,256,reserved,16,rust-vec,6,1048576,65536,1,41558000,17728104047323021419
normal-o3,1,256,reserved,16,take-swap-c,6,1048576,65536,1,46191000,17728104047323021419
normal-o3,1,256,reserved,16,swap-take-c,6,1048576,65536,1,49510000,17728104047323021419
normal-o3,1,256,reserved,16,direct-c,6,1048576,65536,1,46018000,17728104047323021419
normal-o3,1,256,reserved,16,reverse-c,6,1048576,65536,1,52220000,17728104047323021419
normal-o3,1,256,reserved,256,cpp-std-vector,0,1048576,4096,1,41784000,5774473182449584229
normal-o3,1,256,reserved,256,rust-vec,0,1048576,4096,1,39056000,5774473182449584229
normal-o3,1,256,reserved,256,take-swap-c,0,1048576,4096,1,41351000,5774473182449584229
normal-o3,1,256,reserved,256,swap-take-c,0,1048576,4096,1,43660000,5774473182449584229
normal-o3,1,256,reserved,256,direct-c,0,1048576,4096,1,41133000,5774473182449584229
normal-o3,1,256,reserved,256,reverse-c,0,1048576,4096,1,47061000,5774473182449584229
normal-o3,1,256,reserved,256,whitefoot,0,1048576,4096,1,39327000,5774473182449584229
normal-o3,1,256,reserved,256,rust-vec,1,1048576,4096,1,39179000,730816566922926182
normal-o3,1,256,reserved,256,take-swap-c,1,1048576,4096,1,41525000,730816566922926182
normal-o3,1,256,reserved,256,swap-take-c,1,1048576,4096,1,43654000,730816566922926182
normal-o3,1,256,reserved,256,direct-c,1,1048576,4096,1,41061000,730816566922926182
normal-o3,1,256,reserved,256,reverse-c,1,1048576,4096,1,46597000,730816566922926182
normal-o3,1,256,reserved,256,whitefoot,1,1048576,4096,1,39285000,730816566922926182
normal-o3,1,256,reserved,256,cpp-std-vector,1,1048576,4096,1,41882000,730816566922926182
normal-o3,1,256,reserved,256,take-swap-c,2,1048576,4096,1,41542000,3951699326411303015
normal-o3,1,256,reserved,256,swap-take-c,2,1048576,4096,1,43600000,3951699326411303015
normal-o3,1,256,reserved,256,direct-c,2,1048576,4096,1,40993000,3951699326411303015
normal-o3,1,256,reserved,256,reverse-c,2,1048576,4096,1,46630000,3951699326411303015
normal-o3,1,256,reserved,256,whitefoot,2,1048576,4096,1,39497000,3951699326411303015
normal-o3,1,256,reserved,256,cpp-std-vector,2,1048576,4096,1,43360000,3951699326411303015
normal-o3,1,256,reserved,256,rust-vec,2,1048576,4096,1,39620000,3951699326411303015
normal-o3,1,256,reserved,256,swap-take-c,3,1048576,4096,1,44038000,4669976213855500392
normal-o3,1,256,reserved,256,direct-c,3,1048576,4096,1,41009000,4669976213855500392
normal-o3,1,256,reserved,256,reverse-c,3,1048576,4096,1,46670000,4669976213855500392
normal-o3,1,256,reserved,256,whitefoot,3,1048576,4096,1,39279000,4669976213855500392
normal-o3,1,256,reserved,256,cpp-std-vector,3,1048576,4096,1,42123000,4669976213855500392
normal-o3,1,256,reserved,256,rust-vec,3,1048576,4096,1,39876000,4669976213855500392
normal-o3,1,256,reserved,256,take-swap-c,3,1048576,4096,1,42119000,4669976213855500392
normal-o3,1,256,reserved,256,direct-c,4,1048576,4096,1,41035000,4748812814999455849
normal-o3,1,256,reserved,256,reverse-c,4,1048576,4096,1,46859000,4748812814999455849
normal-o3,1,256,reserved,256,whitefoot,4,1048576,4096,1,39507000,4748812814999455849
normal-o3,1,256,reserved,256,cpp-std-vector,4,1048576,4096,1,42034000,4748812814999455849
normal-o3,1,256,reserved,256,rust-vec,4,1048576,4096,1,40181000,4748812814999455849
normal-o3,1,256,reserved,256,take-swap-c,4,1048576,4096,1,42386000,4748812814999455849
normal-o3,1,256,reserved,256,swap-take-c,4,1048576,4096,1,43620000,4748812814999455849
normal-o3,1,256,reserved,256,reverse-c,5,1048576,4096,1,46615000,9617966251147630698
normal-o3,1,256,reserved,256,whitefoot,5,1048576,4096,1,39301000,9617966251147630698
normal-o3,1,256,reserved,256,cpp-std-vector,5,1048576,4096,1,41836000,9617966251147630698
normal-o3,1,256,reserved,256,rust-vec,5,1048576,4096,1,39093000,9617966251147630698
normal-o3,1,256,reserved,256,take-swap-c,5,1048576,4096,1,41433000,9617966251147630698
normal-o3,1,256,reserved,256,swap-take-c,5,1048576,4096,1,43841000,9617966251147630698
normal-o3,1,256,reserved,256,direct-c,5,1048576,4096,1,42041000,9617966251147630698
normal-o3,1,256,reserved,256,whitefoot,6,1048576,4096,1,39258000,14780350119149938795
normal-o3,1,256,reserved,256,cpp-std-vector,6,1048576,4096,1,42595000,14780350119149938795
normal-o3,1,256,reserved,256,rust-vec,6,1048576,4096,1,39299000,14780350119149938795
normal-o3,1,256,reserved,256,take-swap-c,6,1048576,4096,1,41393000,14780350119149938795
normal-o3,1,256,reserved,256,swap-take-c,6,1048576,4096,1,43692000,14780350119149938795
normal-o3,1,256,reserved,256,direct-c,6,1048576,4096,1,41011000,14780350119149938795
normal-o3,1,256,reserved,256,reverse-c,6,1048576,4096,1,46658000,14780350119149938795
normal-o3,1,256,reserved,4096,cpp-std-vector,0,1048576,256,1,43501000,7990118519889974501
normal-o3,1,256,reserved,4096,rust-vec,0,1048576,256,1,40792000,7990118519889974501
normal-o3,1,256,reserved,4096,take-swap-c,0,1048576,256,1,43060000,7990118519889974501
normal-o3,1,256,reserved,4096,swap-take-c,0,1048576,256,1,45216000,7990118519889974501
normal-o3,1,256,reserved,4096,direct-c,0,1048576,256,1,42856000,7990118519889974501
normal-o3,1,256,reserved,4096,reverse-c,0,1048576,256,1,49420000,7990118519889974501
normal-o3,1,256,reserved,4096,whitefoot,0,1048576,256,1,41042000,7990118519889974501
normal-o3,1,256,reserved,4096,rust-vec,1,1048576,256,1,40851000,10660244701728609766
normal-o3,1,256,reserved,4096,take-swap-c,1,1048576,256,1,43068000,10660244701728609766
normal-o3,1,256,reserved,4096,swap-take-c,1,1048576,256,1,45163000,10660244701728609766
normal-o3,1,256,reserved,4096,direct-c,1,1048576,256,1,43046000,10660244701728609766
normal-o3,1,256,reserved,4096,reverse-c,1,1048576,256,1,49818000,10660244701728609766
normal-o3,1,256,reserved,4096,whitefoot,1,1048576,256,1,42176000,10660244701728609766
normal-o3,1,256,reserved,4096,cpp-std-vector,1,1048576,256,1,43689000,10660244701728609766
normal-o3,1,256,reserved,4096,take-swap-c,2,1048576,256,1,43109000,3495536164771485415
normal-o3,1,256,reserved,4096,swap-take-c,2,1048576,256,1,45369000,3495536164771485415
normal-o3,1,256,reserved,4096,direct-c,2,1048576,256,1,43424000,3495536164771485415
normal-o3,1,256,reserved,4096,reverse-c,2,1048576,256,1,49424000,3495536164771485415
normal-o3,1,256,reserved,4096,whitefoot,2,1048576,256,1,40986000,3495536164771485415
normal-o3,1,256,reserved,4096,cpp-std-vector,2,1048576,256,1,43540000,3495536164771485415
normal-o3,1,256,reserved,4096,rust-vec,2,1048576,256,1,40837000,3495536164771485415
normal-o3,1,256,reserved,4096,swap-take-c,3,1048576,256,1,45158000,15148529761215748072
normal-o3,1,256,reserved,4096,direct-c,3,1048576,256,1,42853000,15148529761215748072
normal-o3,1,256,reserved,4096,reverse-c,3,1048576,256,1,49645000,15148529761215748072
normal-o3,1,256,reserved,4096,whitefoot,3,1048576,256,1,41029000,15148529761215748072
normal-o3,1,256,reserved,4096,cpp-std-vector,3,1048576,256,1,43542000,15148529761215748072
normal-o3,1,256,reserved,4096,rust-vec,3,1048576,256,1,40820000,15148529761215748072
normal-o3,1,256,reserved,4096,take-swap-c,3,1048576,256,1,43166000,15148529761215748072
normal-o3,1,256,reserved,4096,direct-c,4,1048576,256,1,42813000,9298652180223940841
normal-o3,1,256,reserved,4096,reverse-c,4,1048576,256,1,49443000,9298652180223940841
normal-o3,1,256,reserved,4096,whitefoot,4,1048576,256,1,41036000,9298652180223940841
normal-o3,1,256,reserved,4096,cpp-std-vector,4,1048576,256,1,43449000,9298652180223940841
normal-o3,1,256,reserved,4096,rust-vec,4,1048576,256,1,42339000,9298652180223940841
normal-o3,1,256,reserved,4096,take-swap-c,4,1048576,256,1,43722000,9298652180223940841
normal-o3,1,256,reserved,4096,swap-take-c,4,1048576,256,1,45185000,9298652180223940841
normal-o3,1,256,reserved,4096,reverse-c,5,1048576,256,1,49419000,8375064059273222634
normal-o3,1,256,reserved,4096,whitefoot,5,1048576,256,1,40975000,8375064059273222634
normal-o3,1,256,reserved,4096,cpp-std-vector,5,1048576,256,1,53638000,8375064059273222634
normal-o3,1,256,reserved,4096,rust-vec,5,1048576,256,1,41038000,8375064059273222634
normal-o3,1,256,reserved,4096,take-swap-c,5,1048576,256,1,43179000,8375064059273222634
normal-o3,1,256,reserved,4096,swap-take-c,5,1048576,256,1,45281000,8375064059273222634
normal-o3,1,256,reserved,4096,direct-c,5,1048576,256,1,42961000,8375064059273222634
normal-o3,1,256,reserved,4096,whitefoot,6,1048576,256,1,40904000,18409727464639388395
normal-o3,1,256,reserved,4096,cpp-std-vector,6,1048576,256,1,43411000,18409727464639388395
normal-o3,1,256,reserved,4096,rust-vec,6,1048576,256,1,40821000,18409727464639388395
normal-o3,1,256,reserved,4096,take-swap-c,6,1048576,256,1,43136000,18409727464639388395
normal-o3,1,256,reserved,4096,swap-take-c,6,1048576,256,1,45128000,18409727464639388395
normal-o3,1,256,reserved,4096,direct-c,6,1048576,256,1,42829000,18409727464639388395
normal-o3,1,256,reserved,4096,reverse-c,6,1048576,256,1,49398000,18409727464639388395
normal-o3,1,256,growth,16,cpp-std-vector,0,1048576,65536,1,58611000,16095999890136793189
normal-o3,1,256,growth,16,rust-vec,0,1048576,65536,1,56189000,16095999890136793189
normal-o3,1,256,growth,16,take-swap-c,0,1048576,65536,1,64595000,16095999890136793189
normal-o3,1,256,growth,16,swap-take-c,0,1048576,65536,1,66792000,16095999890136793189
normal-o3,1,256,growth,16,direct-c,0,1048576,65536,1,61637000,16095999890136793189
normal-o3,1,256,growth,16,reverse-c,0,1048576,65536,1,66445000,16095999890136793189
normal-o3,1,256,growth,16,whitefoot,0,1048576,65536,1,59158000,16095999890136793189
normal-o3,1,256,growth,16,rust-vec,1,1048576,65536,1,56450000,10905710204835692646
normal-o3,1,256,growth,16,take-swap-c,1,1048576,65536,1,62554000,10905710204835692646
normal-o3,1,256,growth,16,swap-take-c,1,1048576,65536,1,66142000,10905710204835692646
normal-o3,1,256,growth,16,direct-c,1,1048576,65536,1,61658000,10905710204835692646
normal-o3,1,256,growth,16,reverse-c,1,1048576,65536,1,66373000,10905710204835692646
normal-o3,1,256,growth,16,whitefoot,1,1048576,65536,1,59181000,10905710204835692646
normal-o3,1,256,growth,16,cpp-std-vector,1,1048576,65536,1,58664000,10905710204835692646
normal-o3,1,256,growth,16,take-swap-c,2,1048576,65536,1,62531000,1136678281099509863
normal-o3,1,256,growth,16,swap-take-c,2,1048576,65536,1,66138000,1136678281099509863
normal-o3,1,256,growth,16,direct-c,2,1048576,65536,1,61801000,1136678281099509863
normal-o3,1,256,growth,16,reverse-c,2,1048576,65536,1,68969000,1136678281099509863
normal-o3,1,256,growth,16,whitefoot,2,1048576,65536,1,59130000,1136678281099509863
normal-o3,1,256,growth,16,cpp-std-vector,2,1048576,65536,1,58810000,1136678281099509863
normal-o3,1,256,growth,16,rust-vec,2,1048576,65536,1,56253000,1136678281099509863
normal-o3,1,256,growth,16,swap-take-c,3,1048576,65536,1,66127000,1916000061831479400
normal-o3,1,256,growth,16,direct-c,3,1048576,65536,1,62242000,1916000061831479400
normal-o3,1,256,growth,16,reverse-c,3,1048576,65536,1,66584000,1916000061831479400
normal-o3,1,256,growth,16,whitefoot,3,1048576,65536,1,59460000,1916000061831479400
normal-o3,1,256,growth,16,cpp-std-vector,3,1048576,65536,1,58751000,1916000061831479400
normal-o3,1,256,growth,16,rust-vec,3,1048576,65536,1,56421000,1916000061831479400
normal-o3,1,256,growth,16,take-swap-c,3,1048576,65536,1,64199000,1916000061831479400
normal-o3,1,256,growth,16,direct-c,4,1048576,65536,1,61648000,317124334665105513
normal-o3,1,256,growth,16,reverse-c,4,1048576,65536,1,66430000,317124334665105513
normal-o3,1,256,growth,16,whitefoot,4,1048576,65536,1,59267000,317124334665105513
normal-o3,1,256,growth,16,cpp-std-vector,4,1048576,65536,1,58612000,317124334665105513
normal-o3,1,256,growth,16,rust-vec,4,1048576,65536,1,57591000,317124334665105513
normal-o3,1,256,growth,16,take-swap-c,4,1048576,65536,1,64055000,317124334665105513
normal-o3,1,256,growth,16,swap-take-c,4,1048576,65536,1,66246000,317124334665105513
normal-o3,1,256,growth,16,reverse-c,5,1048576,65536,1,66348000,16344508304658628714
normal-o3,1,256,growth,16,whitefoot,5,1048576,65536,1,59190000,16344508304658628714
normal-o3,1,256,growth,16,cpp-std-vector,5,1048576,65536,1,58503000,16344508304658628714
normal-o3,1,256,growth,16,rust-vec,5,1048576,65536,1,56482000,16344508304658628714
normal-o3,1,256,growth,16,take-swap-c,5,1048576,65536,1,63118000,16344508304658628714
normal-o3,1,256,growth,16,swap-take-c,5,1048576,65536,1,66200000,16344508304658628714
normal-o3,1,256,growth,16,direct-c,5,1048576,65536,1,61601000,16344508304658628714
normal-o3,1,256,growth,16,whitefoot,6,1048576,65536,1,59235000,17728104047323021419
normal-o3,1,256,growth,16,cpp-std-vector,6,1048576,65536,1,58630000,17728104047323021419
normal-o3,1,256,growth,16,rust-vec,6,1048576,65536,1,56134000,17728104047323021419
normal-o3,1,256,growth,16,take-swap-c,6,1048576,65536,1,62472000,17728104047323021419
normal-o3,1,256,growth,16,swap-take-c,6,1048576,65536,1,66193000,17728104047323021419
normal-o3,1,256,growth,16,direct-c,6,1048576,65536,1,63112000,17728104047323021419
normal-o3,1,256,growth,16,reverse-c,6,1048576,65536,1,67217000,17728104047323021419
normal-o3,1,256,growth,256,cpp-std-vector,0,1048576,4096,1,55425000,5774473182449584229
normal-o3,1,256,growth,256,rust-vec,0,1048576,4096,1,45295000,5774473182449584229
normal-o3,1,256,growth,256,take-swap-c,0,1048576,4096,1,54341000,5774473182449584229
normal-o3,1,256,growth,256,swap-take-c,0,1048576,4096,1,56892000,5774473182449584229
normal-o3,1,256,growth,256,direct-c,0,1048576,4096,1,53768000,5774473182449584229
normal-o3,1,256,growth,256,reverse-c,0,1048576,4096,1,60220000,5774473182449584229
normal-o3,1,256,growth,256,whitefoot,0,1048576,4096,1,52709000,5774473182449584229
normal-o3,1,256,growth,256,rust-vec,1,1048576,4096,1,45357000,730816566922926182
normal-o3,1,256,growth,256,take-swap-c,1,1048576,4096,1,54327000,730816566922926182
normal-o3,1,256,growth,256,swap-take-c,1,1048576,4096,1,56867000,730816566922926182
normal-o3,1,256,growth,256,direct-c,1,1048576,4096,1,53877000,730816566922926182
normal-o3,1,256,growth,256,reverse-c,1,1048576,4096,1,60041000,730816566922926182
normal-o3,1,256,growth,256,whitefoot,1,1048576,4096,1,51788000,730816566922926182
normal-o3,1,256,growth,256,cpp-std-vector,1,1048576,4096,1,55458000,730816566922926182
normal-o3,1,256,growth,256,take-swap-c,2,1048576,4096,1,56633000,3951699326411303015
normal-o3,1,256,growth,256,swap-take-c,2,1048576,4096,1,57848000,3951699326411303015
normal-o3,1,256,growth,256,direct-c,2,1048576,4096,1,54141000,3951699326411303015
normal-o3,1,256,growth,256,reverse-c,2,1048576,4096,1,60239000,3951699326411303015
normal-o3,1,256,growth,256,whitefoot,2,1048576,4096,1,51811000,3951699326411303015
normal-o3,1,256,growth,256,cpp-std-vector,2,1048576,4096,1,55546000,3951699326411303015
normal-o3,1,256,growth,256,rust-vec,2,1048576,4096,1,45365000,3951699326411303015
normal-o3,1,256,growth,256,swap-take-c,3,1048576,4096,1,56901000,4669976213855500392
normal-o3,1,256,growth,256,direct-c,3,1048576,4096,1,53971000,4669976213855500392
normal-o3,1,256,growth,256,reverse-c,3,1048576,4096,1,60661000,4669976213855500392
normal-o3,1,256,growth,256,whitefoot,3,1048576,4096,1,52102000,4669976213855500392
normal-o3,1,256,growth,256,cpp-std-vector,3,1048576,4096,1,55703000,4669976213855500392
normal-o3,1,256,growth,256,rust-vec,3,1048576,4096,1,45373000,4669976213855500392
normal-o3,1,256,growth,256,take-swap-c,3,1048576,4096,1,54492000,4669976213855500392
normal-o3,1,256,growth,256,direct-c,4,1048576,4096,1,54068000,4748812814999455849
normal-o3,1,256,growth,256,reverse-c,4,1048576,4096,1,60279000,4748812814999455849
normal-o3,1,256,growth,256,whitefoot,4,1048576,4096,1,51774000,4748812814999455849
normal-o3,1,256,growth,256,cpp-std-vector,4,1048576,4096,1,57969000,4748812814999455849
normal-o3,1,256,growth,256,rust-vec,4,1048576,4096,1,45611000,4748812814999455849
normal-o3,1,256,growth,256,take-swap-c,4,1048576,4096,1,54425000,4748812814999455849
normal-o3,1,256,growth,256,swap-take-c,4,1048576,4096,1,56817000,4748812814999455849
normal-o3,1,256,growth,256,reverse-c,5,1048576,4096,1,60126000,9617966251147630698
normal-o3,1,256,growth,256,whitefoot,5,1048576,4096,1,51767000,9617966251147630698
normal-o3,1,256,growth,256,cpp-std-vector,5,1048576,4096,1,55284000,9617966251147630698
normal-o3,1,256,growth,256,rust-vec,5,1048576,4096,1,45211000,9617966251147630698
normal-o3,1,256,growth,256,take-swap-c,5,1048576,4096,1,54412000,9617966251147630698
normal-o3,1,256,growth,256,swap-take-c,5,1048576,4096,1,56861000,9617966251147630698
normal-o3,1,256,growth,256,direct-c,5,1048576,4096,1,53772000,9617966251147630698
normal-o3,1,256,growth,256,whitefoot,6,1048576,4096,1,54754000,14780350119149938795
normal-o3,1,256,growth,256,cpp-std-vector,6,1048576,4096,1,59021000,14780350119149938795
normal-o3,1,256,growth,256,rust-vec,6,1048576,4096,1,48151000,14780350119149938795
normal-o3,1,256,growth,256,take-swap-c,6,1048576,4096,1,58258000,14780350119149938795
normal-o3,1,256,growth,256,swap-take-c,6,1048576,4096,1,59004000,14780350119149938795
normal-o3,1,256,growth,256,direct-c,6,1048576,4096,1,55360000,14780350119149938795
normal-o3,1,256,growth,256,reverse-c,6,1048576,4096,1,62956000,14780350119149938795
normal-o3,1,256,growth,4096,cpp-std-vector,0,1048576,256,1,53769000,7990118519889974501
normal-o3,1,256,growth,4096,rust-vec,0,1048576,256,1,42357000,7990118519889974501
normal-o3,1,256,growth,4096,take-swap-c,0,1048576,256,1,56566000,7990118519889974501
normal-o3,1,256,growth,4096,swap-take-c,0,1048576,256,1,58626000,7990118519889974501
normal-o3,1,256,growth,4096,direct-c,0,1048576,256,1,56044000,7990118519889974501
normal-o3,1,256,growth,4096,reverse-c,0,1048576,256,1,63013000,7990118519889974501
normal-o3,1,256,growth,4096,whitefoot,0,1048576,256,1,54376000,7990118519889974501
normal-o3,1,256,growth,4096,rust-vec,1,1048576,256,1,42410000,10660244701728609766
normal-o3,1,256,growth,4096,take-swap-c,1,1048576,256,1,56405000,10660244701728609766
normal-o3,1,256,growth,4096,swap-take-c,1,1048576,256,1,58304000,10660244701728609766
normal-o3,1,256,growth,4096,direct-c,1,1048576,256,1,55880000,10660244701728609766
normal-o3,1,256,growth,4096,reverse-c,1,1048576,256,1,62085000,10660244701728609766
normal-o3,1,256,growth,4096,whitefoot,1,1048576,256,1,52725000,10660244701728609766
normal-o3,1,256,growth,4096,cpp-std-vector,1,1048576,256,1,51409000,10660244701728609766
normal-o3,1,256,growth,4096,take-swap-c,2,1048576,256,1,57558000,3495536164771485415
normal-o3,1,256,growth,4096,swap-take-c,2,1048576,256,1,58725000,3495536164771485415
normal-o3,1,256,growth,4096,direct-c,2,1048576,256,1,56122000,3495536164771485415
normal-o3,1,256,growth,4096,reverse-c,2,1048576,256,1,62414000,3495536164771485415
normal-o3,1,256,growth,4096,whitefoot,2,1048576,256,1,53523000,3495536164771485415
normal-o3,1,256,growth,4096,cpp-std-vector,2,1048576,256,1,52031000,3495536164771485415
normal-o3,1,256,growth,4096,rust-vec,2,1048576,256,1,42097000,3495536164771485415
normal-o3,1,256,growth,4096,swap-take-c,3,1048576,256,1,56999000,15148529761215748072
normal-o3,1,256,growth,4096,direct-c,3,1048576,256,1,55542000,15148529761215748072
normal-o3,1,256,growth,4096,reverse-c,3,1048576,256,1,61914000,15148529761215748072
normal-o3,1,256,growth,4096,whitefoot,3,1048576,256,1,53912000,15148529761215748072
normal-o3,1,256,growth,4096,cpp-std-vector,3,1048576,256,1,53507000,15148529761215748072
normal-o3,1,256,growth,4096,rust-vec,3,1048576,256,1,41238000,15148529761215748072
normal-o3,1,256,growth,4096,take-swap-c,3,1048576,256,1,56124000,15148529761215748072
normal-o3,1,256,growth,4096,direct-c,4,1048576,256,1,56434000,9298652180223940841
normal-o3,1,256,growth,4096,reverse-c,4,1048576,256,1,61383000,9298652180223940841
normal-o3,1,256,growth,4096,whitefoot,4,1048576,256,1,52912000,9298652180223940841
normal-o3,1,256,growth,4096,cpp-std-vector,4,1048576,256,1,53357000,9298652180223940841
normal-o3,1,256,growth,4096,rust-vec,4,1048576,256,1,43219000,9298652180223940841
normal-o3,1,256,growth,4096,take-swap-c,4,1048576,256,1,56646000,9298652180223940841
normal-o3,1,256,growth,4096,swap-take-c,4,1048576,256,1,57725000,9298652180223940841
normal-o3,1,256,growth,4096,reverse-c,5,1048576,256,1,62498000,8375064059273222634
normal-o3,1,256,growth,4096,whitefoot,5,1048576,256,1,53858000,8375064059273222634
normal-o3,1,256,growth,4096,cpp-std-vector,5,1048576,256,1,52565000,8375064059273222634
normal-o3,1,256,growth,4096,rust-vec,5,1048576,256,1,42185000,8375064059273222634
normal-o3,1,256,growth,4096,take-swap-c,5,1048576,256,1,56611000,8375064059273222634
normal-o3,1,256,growth,4096,swap-take-c,5,1048576,256,1,57460000,8375064059273222634
normal-o3,1,256,growth,4096,direct-c,5,1048576,256,1,55866000,8375064059273222634
normal-o3,1,256,growth,4096,whitefoot,6,1048576,256,1,54005000,18409727464639388395
normal-o3,1,256,growth,4096,cpp-std-vector,6,1048576,256,1,52311000,18409727464639388395
normal-o3,1,256,growth,4096,rust-vec,6,1048576,256,1,42693000,18409727464639388395
normal-o3,1,256,growth,4096,take-swap-c,6,1048576,256,1,54787000,18409727464639388395
normal-o3,1,256,growth,4096,swap-take-c,6,1048576,256,1,57805000,18409727464639388395
normal-o3,1,256,growth,4096,direct-c,6,1048576,256,1,55659000,18409727464639388395
normal-o3,1,256,growth,4096,reverse-c,6,1048576,256,1,61266000,18409727464639388395
normal-o3,1,256,reuse,16,cpp-std-vector,0,1048576,65536,1,44289000,16095999890136793189
normal-o3,1,256,reuse,16,rust-vec,0,1048576,65536,1,40199000,16095999890136793189
normal-o3,1,256,reuse,16,take-swap-c,0,1048576,65536,1,100458000,16095999890136793189
normal-o3,1,256,reuse,16,swap-take-c,0,1048576,65536,1,50539000,16095999890136793189
normal-o3,1,256,reuse,16,direct-c,0,1048576,65536,1,44456000,16095999890136793189
normal-o3,1,256,reuse,16,reverse-c,0,1048576,65536,1,48037000,16095999890136793189
normal-o3,1,256,reuse,16,whitefoot,0,1048576,65536,1,40600000,16095999890136793189
normal-o3,1,256,reuse,16,rust-vec,1,1048576,65536,1,41009000,10905710204835692646
normal-o3,1,256,reuse,16,take-swap-c,1,1048576,65536,1,43774000,10905710204835692646
normal-o3,1,256,reuse,16,swap-take-c,1,1048576,65536,1,48078000,10905710204835692646
normal-o3,1,256,reuse,16,direct-c,1,1048576,65536,1,43904000,10905710204835692646
normal-o3,1,256,reuse,16,reverse-c,1,1048576,65536,1,48005000,10905710204835692646
normal-o3,1,256,reuse,16,whitefoot,1,1048576,65536,1,41506000,10905710204835692646
normal-o3,1,256,reuse,16,cpp-std-vector,1,1048576,65536,1,43090000,10905710204835692646
normal-o3,1,256,reuse,16,take-swap-c,2,1048576,65536,1,44644000,1136678281099509863
normal-o3,1,256,reuse,16,swap-take-c,2,1048576,65536,1,47228000,1136678281099509863
normal-o3,1,256,reuse,16,direct-c,2,1048576,65536,1,44157000,1136678281099509863
normal-o3,1,256,reuse,16,reverse-c,2,1048576,65536,1,48710000,1136678281099509863
normal-o3,1,256,reuse,16,whitefoot,2,1048576,65536,1,40913000,1136678281099509863
normal-o3,1,256,reuse,16,cpp-std-vector,2,1048576,65536,1,44668000,1136678281099509863
normal-o3,1,256,reuse,16,rust-vec,2,1048576,65536,1,40255000,1136678281099509863
normal-o3,1,256,reuse,16,swap-take-c,3,1048576,65536,1,47723000,1916000061831479400
normal-o3,1,256,reuse,16,direct-c,3,1048576,65536,1,43488000,1916000061831479400
normal-o3,1,256,reuse,16,reverse-c,3,1048576,65536,1,49014000,1916000061831479400
normal-o3,1,256,reuse,16,whitefoot,3,1048576,65536,1,40821000,1916000061831479400
normal-o3,1,256,reuse,16,cpp-std-vector,3,1048576,65536,1,43577000,1916000061831479400
normal-o3,1,256,reuse,16,rust-vec,3,1048576,65536,1,41310000,1916000061831479400
normal-o3,1,256,reuse,16,take-swap-c,3,1048576,65536,1,44448000,1916000061831479400
normal-o3,1,256,reuse,16,direct-c,4,1048576,65536,1,43964000,317124334665105513
normal-o3,1,256,reuse,16,reverse-c,4,1048576,65536,1,49156000,317124334665105513
normal-o3,1,256,reuse,16,whitefoot,4,1048576,65536,1,40448000,317124334665105513
normal-o3,1,256,reuse,16,cpp-std-vector,4,1048576,65536,1,43671000,317124334665105513
normal-o3,1,256,reuse,16,rust-vec,4,1048576,65536,1,41124000,317124334665105513
normal-o3,1,256,reuse,16,take-swap-c,4,1048576,65536,1,43903000,317124334665105513
normal-o3,1,256,reuse,16,swap-take-c,4,1048576,65536,1,47629000,317124334665105513
normal-o3,1,256,reuse,16,reverse-c,5,1048576,65536,1,49022000,16344508304658628714
normal-o3,1,256,reuse,16,whitefoot,5,1048576,65536,1,40453000,16344508304658628714
normal-o3,1,256,reuse,16,cpp-std-vector,5,1048576,65536,1,44014000,16344508304658628714
normal-o3,1,256,reuse,16,rust-vec,5,1048576,65536,1,42043000,16344508304658628714
normal-o3,1,256,reuse,16,take-swap-c,5,1048576,65536,1,45048000,16344508304658628714
normal-o3,1,256,reuse,16,swap-take-c,5,1048576,65536,1,46787000,16344508304658628714
normal-o3,1,256,reuse,16,direct-c,5,1048576,65536,1,43446000,16344508304658628714
normal-o3,1,256,reuse,16,whitefoot,6,1048576,65536,1,40456000,17728104047323021419
normal-o3,1,256,reuse,16,cpp-std-vector,6,1048576,65536,1,44189000,17728104047323021419
normal-o3,1,256,reuse,16,rust-vec,6,1048576,65536,1,40498000,17728104047323021419
normal-o3,1,256,reuse,16,take-swap-c,6,1048576,65536,1,44500000,17728104047323021419
normal-o3,1,256,reuse,16,swap-take-c,6,1048576,65536,1,46714000,17728104047323021419
normal-o3,1,256,reuse,16,direct-c,6,1048576,65536,1,43031000,17728104047323021419
normal-o3,1,256,reuse,16,reverse-c,6,1048576,65536,1,48172000,17728104047323021419
normal-o3,1,256,reuse,256,cpp-std-vector,0,1048576,4096,1,41411000,5774473182449584229
normal-o3,1,256,reuse,256,rust-vec,0,1048576,4096,1,38563000,5774473182449584229
normal-o3,1,256,reuse,256,take-swap-c,0,1048576,4096,1,41219000,5774473182449584229
normal-o3,1,256,reuse,256,swap-take-c,0,1048576,4096,1,43196000,5774473182449584229
normal-o3,1,256,reuse,256,direct-c,0,1048576,4096,1,40893000,5774473182449584229
normal-o3,1,256,reuse,256,reverse-c,0,1048576,4096,1,46448000,5774473182449584229
normal-o3,1,256,reuse,256,whitefoot,0,1048576,4096,1,38835000,5774473182449584229
normal-o3,1,256,reuse,256,rust-vec,1,1048576,4096,1,38628000,730816566922926182
normal-o3,1,256,reuse,256,take-swap-c,1,1048576,4096,1,41162000,730816566922926182
normal-o3,1,256,reuse,256,swap-take-c,1,1048576,4096,1,43187000,730816566922926182
normal-o3,1,256,reuse,256,direct-c,1,1048576,4096,1,41366000,730816566922926182
normal-o3,1,256,reuse,256,reverse-c,1,1048576,4096,1,48396000,730816566922926182
normal-o3,1,256,reuse,256,whitefoot,1,1048576,4096,1,38849000,730816566922926182
normal-o3,1,256,reuse,256,cpp-std-vector,1,1048576,4096,1,41271000,730816566922926182
normal-o3,1,256,reuse,256,take-swap-c,2,1048576,4096,1,41135000,3951699326411303015
normal-o3,1,256,reuse,256,swap-take-c,2,1048576,4096,1,43211000,3951699326411303015
normal-o3,1,256,reuse,256,direct-c,2,1048576,4096,1,40935000,3951699326411303015
normal-o3,1,256,reuse,256,reverse-c,2,1048576,4096,1,47686000,3951699326411303015
normal-o3,1,256,reuse,256,whitefoot,2,1048576,4096,1,39284000,3951699326411303015
normal-o3,1,256,reuse,256,cpp-std-vector,2,1048576,4096,1,41341000,3951699326411303015
normal-o3,1,256,reuse,256,rust-vec,2,1048576,4096,1,38472000,3951699326411303015
normal-o3,1,256,reuse,256,swap-take-c,3,1048576,4096,1,43847000,4669976213855500392
normal-o3,1,256,reuse,256,direct-c,3,1048576,4096,1,41716000,4669976213855500392
normal-o3,1,256,reuse,256,reverse-c,3,1048576,4096,1,46840000,4669976213855500392
normal-o3,1,256,reuse,256,whitefoot,3,1048576,4096,1,38740000,4669976213855500392
normal-o3,1,256,reuse,256,cpp-std-vector,3,1048576,4096,1,41228000,4669976213855500392
normal-o3,1,256,reuse,256,rust-vec,3,1048576,4096,1,38504000,4669976213855500392
normal-o3,1,256,reuse,256,take-swap-c,3,1048576,4096,1,41181000,4669976213855500392
normal-o3,1,256,reuse,256,direct-c,4,1048576,4096,1,40749000,4748812814999455849
normal-o3,1,256,reuse,256,reverse-c,4,1048576,4096,1,46410000,4748812814999455849
normal-o3,1,256,reuse,256,whitefoot,4,1048576,4096,1,38704000,4748812814999455849
normal-o3,1,256,reuse,256,cpp-std-vector,4,1048576,4096,1,41921000,4748812814999455849
normal-o3,1,256,reuse,256,rust-vec,4,1048576,4096,1,40318000,4748812814999455849
normal-o3,1,256,reuse,256,take-swap-c,4,1048576,4096,1,41407000,4748812814999455849
normal-o3,1,256,reuse,256,swap-take-c,4,1048576,4096,1,44035000,4748812814999455849
normal-o3,1,256,reuse,256,reverse-c,5,1048576,4096,1,46308000,9617966251147630698
normal-o3,1,256,reuse,256,whitefoot,5,1048576,4096,1,38738000,9617966251147630698
normal-o3,1,256,reuse,256,cpp-std-vector,5,1048576,4096,1,41298000,9617966251147630698
normal-o3,1,256,reuse,256,rust-vec,5,1048576,4096,1,38515000,9617966251147630698
normal-o3,1,256,reuse,256,take-swap-c,5,1048576,4096,1,41132000,9617966251147630698
normal-o3,1,256,reuse,256,swap-take-c,5,1048576,4096,1,43192000,9617966251147630698
normal-o3,1,256,reuse,256,direct-c,5,1048576,4096,1,40731000,9617966251147630698
normal-o3,1,256,reuse,256,whitefoot,6,1048576,4096,1,38804000,14780350119149938795
normal-o3,1,256,reuse,256,cpp-std-vector,6,1048576,4096,1,41269000,14780350119149938795
normal-o3,1,256,reuse,256,rust-vec,6,1048576,4096,1,38489000,14780350119149938795
normal-o3,1,256,reuse,256,take-swap-c,6,1048576,4096,1,41118000,14780350119149938795
normal-o3,1,256,reuse,256,swap-take-c,6,1048576,4096,1,43145000,14780350119149938795
normal-o3,1,256,reuse,256,direct-c,6,1048576,4096,1,40738000,14780350119149938795
normal-o3,1,256,reuse,256,reverse-c,6,1048576,4096,1,46228000,14780350119149938795
normal-o3,1,256,reuse,4096,cpp-std-vector,0,1048576,256,1,43386000,7990118519889974501
normal-o3,1,256,reuse,4096,rust-vec,0,1048576,256,1,40843000,7990118519889974501
normal-o3,1,256,reuse,4096,take-swap-c,0,1048576,256,1,43163000,7990118519889974501
normal-o3,1,256,reuse,4096,swap-take-c,0,1048576,256,1,45547000,7990118519889974501
normal-o3,1,256,reuse,4096,direct-c,0,1048576,256,1,44838000,7990118519889974501
normal-o3,1,256,reuse,4096,reverse-c,0,1048576,256,1,49892000,7990118519889974501
normal-o3,1,256,reuse,4096,whitefoot,0,1048576,256,1,40863000,7990118519889974501
normal-o3,1,256,reuse,4096,rust-vec,1,1048576,256,1,40807000,10660244701728609766
normal-o3,1,256,reuse,4096,take-swap-c,1,1048576,256,1,43318000,10660244701728609766
normal-o3,1,256,reuse,4096,swap-take-c,1,1048576,256,1,45163000,10660244701728609766
normal-o3,1,256,reuse,4096,direct-c,1,1048576,256,1,42892000,10660244701728609766
normal-o3,1,256,reuse,4096,reverse-c,1,1048576,256,1,49734000,10660244701728609766
normal-o3,1,256,reuse,4096,whitefoot,1,1048576,256,1,40792000,10660244701728609766
normal-o3,1,256,reuse,4096,cpp-std-vector,1,1048576,256,1,43428000,10660244701728609766
normal-o3,1,256,reuse,4096,take-swap-c,2,1048576,256,1,43156000,3495536164771485415
normal-o3,1,256,reuse,4096,swap-take-c,2,1048576,256,1,45207000,3495536164771485415
normal-o3,1,256,reuse,4096,direct-c,2,1048576,256,1,42848000,3495536164771485415
normal-o3,1,256,reuse,4096,reverse-c,2,1048576,256,1,49509000,3495536164771485415
normal-o3,1,256,reuse,4096,whitefoot,2,1048576,256,1,40756000,3495536164771485415
normal-o3,1,256,reuse,4096,cpp-std-vector,2,1048576,256,1,43419000,3495536164771485415
normal-o3,1,256,reuse,4096,rust-vec,2,1048576,256,1,40736000,3495536164771485415
normal-o3,1,256,reuse,4096,swap-take-c,3,1048576,256,1,45148000,15148529761215748072
normal-o3,1,256,reuse,4096,direct-c,3,1048576,256,1,42893000,15148529761215748072
normal-o3,1,256,reuse,4096,reverse-c,3,1048576,256,1,49797000,15148529761215748072
normal-o3,1,256,reuse,4096,whitefoot,3,1048576,256,1,42274000,15148529761215748072
normal-o3,1,256,reuse,4096,cpp-std-vector,3,1048576,256,1,43956000,15148529761215748072
normal-o3,1,256,reuse,4096,rust-vec,3,1048576,256,1,40690000,15148529761215748072
normal-o3,1,256,reuse,4096,take-swap-c,3,1048576,256,1,43160000,15148529761215748072
normal-o3,1,256,reuse,4096,direct-c,4,1048576,256,1,43650000,9298652180223940841
normal-o3,1,256,reuse,4096,reverse-c,4,1048576,256,1,49665000,9298652180223940841
normal-o3,1,256,reuse,4096,whitefoot,4,1048576,256,1,40819000,9298652180223940841
normal-o3,1,256,reuse,4096,cpp-std-vector,4,1048576,256,1,43316000,9298652180223940841
normal-o3,1,256,reuse,4096,rust-vec,4,1048576,256,1,41049000,9298652180223940841
normal-o3,1,256,reuse,4096,take-swap-c,4,1048576,256,1,43417000,9298652180223940841
normal-o3,1,256,reuse,4096,swap-take-c,4,1048576,256,1,45119000,9298652180223940841
normal-o3,1,256,reuse,4096,reverse-c,5,1048576,256,1,49455000,8375064059273222634
normal-o3,1,256,reuse,4096,whitefoot,5,1048576,256,1,40833000,8375064059273222634
normal-o3,1,256,reuse,4096,cpp-std-vector,5,1048576,256,1,43327000,8375064059273222634
normal-o3,1,256,reuse,4096,rust-vec,5,1048576,256,1,40705000,8375064059273222634
normal-o3,1,256,reuse,4096,take-swap-c,5,1048576,256,1,43161000,8375064059273222634
normal-o3,1,256,reuse,4096,swap-take-c,5,1048576,256,1,45157000,8375064059273222634
normal-o3,1,256,reuse,4096,direct-c,5,1048576,256,1,42946000,8375064059273222634
normal-o3,1,256,reuse,4096,whitefoot,6,1048576,256,1,40806000,18409727464639388395
normal-o3,1,256,reuse,4096,cpp-std-vector,6,1048576,256,1,43430000,18409727464639388395
normal-o3,1,256,reuse,4096,rust-vec,6,1048576,256,1,40776000,18409727464639388395
normal-o3,1,256,reuse,4096,take-swap-c,6,1048576,256,1,44612000,18409727464639388395
normal-o3,1,256,reuse,4096,swap-take-c,6,1048576,256,1,46222000,18409727464639388395
normal-o3,1,256,reuse,4096,direct-c,6,1048576,256,1,42891000,18409727464639388395
normal-o3,1,256,reuse,4096,reverse-c,6,1048576,256,1,49535000,18409727464639388395
normal-o3,1,256,suffix-0,16,cpp-std-vector,0,1048576,1048576,1,2830000,6607130204449329354
normal-o3,1,256,suffix-0,16,rust-vec,0,1048576,1048576,1,988000,6607130204449329354
normal-o3,1,256,suffix-0,16,take-swap-c,0,1048576,1048576,1,4095000,6607130204449329354
normal-o3,1,256,suffix-0,16,swap-take-c,0,1048576,1048576,1,2976000,6607130204449329354
normal-o3,1,256,suffix-0,16,direct-c,0,1048576,1048576,1,2788000,6607130204449329354
normal-o3,1,256,suffix-0,16,reverse-c,0,1048576,1048576,1,2817000,6607130204449329354
normal-o3,1,256,suffix-0,16,whitefoot,0,1048576,1048576,1,1300000,6607130204449329354
normal-o3,1,256,suffix-0,16,rust-vec,1,1048576,1048576,1,984000,16952766600949476812
normal-o3,1,256,suffix-0,16,take-swap-c,1,1048576,1048576,1,4085000,16952766600949476812
normal-o3,1,256,suffix-0,16,swap-take-c,1,1048576,1048576,1,2878000,16952766600949476812
normal-o3,1,256,suffix-0,16,direct-c,1,1048576,1048576,1,2784000,16952766600949476812
normal-o3,1,256,suffix-0,16,reverse-c,1,1048576,1048576,1,2814000,16952766600949476812
normal-o3,1,256,suffix-0,16,whitefoot,1,1048576,1048576,1,1312000,16952766600949476812
normal-o3,1,256,suffix-0,16,cpp-std-vector,1,1048576,1048576,1,2863000,16952766600949476812
normal-o3,1,256,suffix-0,16,take-swap-c,2,1048576,1048576,1,4208000,8851658923740072654
normal-o3,1,256,suffix-0,16,swap-take-c,2,1048576,1048576,1,2978000,8851658923740072654
normal-o3,1,256,suffix-0,16,direct-c,2,1048576,1048576,1,2797000,8851658923740072654
normal-o3,1,256,suffix-0,16,reverse-c,2,1048576,1048576,1,2815000,8851658923740072654
normal-o3,1,256,suffix-0,16,whitefoot,2,1048576,1048576,1,1325000,8851658923740072654
normal-o3,1,256,suffix-0,16,cpp-std-vector,2,1048576,1048576,1,2773000,8851658923740072654
normal-o3,1,256,suffix-0,16,rust-vec,2,1048576,1048576,1,987000,8851658923740072654
normal-o3,1,256,suffix-0,16,swap-take-c,3,1048576,1048576,1,2871000,750551246530668496
normal-o3,1,256,suffix-0,16,direct-c,3,1048576,1048576,1,2779000,750551246530668496
normal-o3,1,256,suffix-0,16,reverse-c,3,1048576,1048576,1,2814000,750551246530668496
normal-o3,1,256,suffix-0,16,whitefoot,3,1048576,1048576,1,1303000,750551246530668496
normal-o3,1,256,suffix-0,16,cpp-std-vector,3,1048576,1048576,1,2764000,750551246530668496
normal-o3,1,256,suffix-0,16,rust-vec,3,1048576,1048576,1,991000,750551246530668496
normal-o3,1,256,suffix-0,16,take-swap-c,3,1048576,1048576,1,4158000,750551246530668496
normal-o3,1,256,suffix-0,16,direct-c,4,1048576,1048576,1,2782000,11096187643030815954
normal-o3,1,256,suffix-0,16,reverse-c,4,1048576,1048576,1,2812000,11096187643030815954
normal-o3,1,256,suffix-0,16,whitefoot,4,1048576,1048576,1,1304000,11096187643030815954
normal-o3,1,256,suffix-0,16,cpp-std-vector,4,1048576,1048576,1,2771000,11096187643030815954
normal-o3,1,256,suffix-0,16,rust-vec,4,1048576,1048576,1,987000,11096187643030815954
normal-o3,1,256,suffix-0,16,take-swap-c,4,1048576,1048576,1,4089000,11096187643030815954
normal-o3,1,256,suffix-0,16,swap-take-c,4,1048576,1048576,1,2876000,11096187643030815954
normal-o3,1,256,suffix-0,16,reverse-c,5,1048576,1048576,1,2928000,2995079965821411796
normal-o3,1,256,suffix-0,16,whitefoot,5,1048576,1048576,1,1344000,2995079965821411796
normal-o3,1,256,suffix-0,16,cpp-std-vector,5,1048576,1048576,1,2852000,2995079965821411796
normal-o3,1,256,suffix-0,16,rust-vec,5,1048576,1048576,1,1022000,2995079965821411796
normal-o3,1,256,suffix-0,16,take-swap-c,5,1048576,1048576,1,4219000,2995079965821411796
normal-o3,1,256,suffix-0,16,swap-take-c,5,1048576,1048576,1,3024000,2995079965821411796
normal-o3,1,256,suffix-0,16,direct-c,5,1048576,1048576,1,2865000,2995079965821411796
normal-o3,1,256,suffix-0,16,whitefoot,6,1048576,1048576,1,1342000,13340716362321559254
normal-o3,1,256,suffix-0,16,cpp-std-vector,6,1048576,1048576,1,2849000,13340716362321559254
normal-o3,1,256,suffix-0,16,rust-vec,6,1048576,1048576,1,1055000,13340716362321559254
normal-o3,1,256,suffix-0,16,take-swap-c,6,1048576,1048576,1,4181000,13340716362321559254
normal-o3,1,256,suffix-0,16,swap-take-c,6,1048576,1048576,1,2879000,13340716362321559254
normal-o3,1,256,suffix-0,16,direct-c,6,1048576,1048576,1,2783000,13340716362321559254
normal-o3,1,256,suffix-0,16,reverse-c,6,1048576,1048576,1,2823000,13340716362321559254
normal-o3,1,256,suffix-0,256,cpp-std-vector,0,1048576,1048576,1,2772000,16711255245857297866
normal-o3,1,256,suffix-0,256,rust-vec,0,1048576,1048576,1,994000,16711255245857297866
normal-o3,1,256,suffix-0,256,take-swap-c,0,1048576,1048576,1,3148000,16711255245857297866
normal-o3,1,256,suffix-0,256,swap-take-c,0,1048576,1048576,1,2970000,16711255245857297866
normal-o3,1,256,suffix-0,256,direct-c,0,1048576,1048576,1,2790000,16711255245857297866
normal-o3,1,256,suffix-0,256,reverse-c,0,1048576,1048576,1,2833000,16711255245857297866
normal-o3,1,256,suffix-0,256,whitefoot,0,1048576,1048576,1,1309000,16711255245857297866
normal-o3,1,256,suffix-0,256,rust-vec,1,1048576,1048576,1,1001000,17222991059918444236
normal-o3,1,256,suffix-0,256,take-swap-c,1,1048576,1048576,1,4096000,17222991059918444236
normal-o3,1,256,suffix-0,256,swap-take-c,1,1048576,1048576,1,2878000,17222991059918444236
normal-o3,1,256,suffix-0,256,direct-c,1,1048576,1048576,1,2787000,17222991059918444236
normal-o3,1,256,suffix-0,256,reverse-c,1,1048576,1048576,1,2827000,17222991059918444236
normal-o3,1,256,suffix-0,256,whitefoot,1,1048576,1048576,1,1311000,17222991059918444236
normal-o3,1,256,suffix-0,256,cpp-std-vector,1,1048576,1048576,1,2772000,17222991059918444236
normal-o3,1,256,suffix-0,256,take-swap-c,2,1048576,1048576,1,4092000,17734726873979590606
normal-o3,1,256,suffix-0,256,swap-take-c,2,1048576,1048576,1,2903000,17734726873979590606
normal-o3,1,256,suffix-0,256,direct-c,2,1048576,1048576,1,2848000,17734726873979590606
normal-o3,1,256,suffix-0,256,reverse-c,2,1048576,1048576,1,2827000,17734726873979590606
normal-o3,1,256,suffix-0,256,whitefoot,2,1048576,1048576,1,1311000,17734726873979590606
normal-o3,1,256,suffix-0,256,cpp-std-vector,2,1048576,1048576,1,2773000,17734726873979590606
normal-o3,1,256,suffix-0,256,rust-vec,2,1048576,1048576,1,1013000,17734726873979590606
normal-o3,1,256,suffix-0,256,swap-take-c,3,1048576,1048576,1,2882000,18246462688040736976
normal-o3,1,256,suffix-0,256,direct-c,3,1048576,1048576,1,2787000,18246462688040736976
normal-o3,1,256,suffix-0,256,reverse-c,3,1048576,1048576,1,2823000,18246462688040736976
normal-o3,1,256,suffix-0,256,whitefoot,3,1048576,1048576,1,1314000,18246462688040736976
normal-o3,1,256,suffix-0,256,cpp-std-vector,3,1048576,1048576,1,2772000,18246462688040736976
normal-o3,1,256,suffix-0,256,rust-vec,3,1048576,1048576,1,1000000,18246462688040736976
normal-o3,1,256,suffix-0,256,take-swap-c,3,1048576,1048576,1,4095000,18246462688040736976
normal-o3,1,256,suffix-0,256,direct-c,4,1048576,1048576,1,2788000,311454428392331730
normal-o3,1,256,suffix-0,256,reverse-c,4,1048576,1048576,1,2905000,311454428392331730
normal-o3,1,256,suffix-0,256,whitefoot,4,1048576,1048576,1,1308000,311454428392331730
normal-o3,1,256,suffix-0,256,cpp-std-vector,4,1048576,1048576,1,2770000,311454428392331730
normal-o3,1,256,suffix-0,256,rust-vec,4,1048576,1048576,1,994000,311454428392331730
normal-o3,1,256,suffix-0,256,take-swap-c,4,1048576,1048576,1,4093000,311454428392331730
normal-o3,1,256,suffix-0,256,swap-take-c,4,1048576,1048576,1,2885000,311454428392331730
normal-o3,1,256,suffix-0,256,reverse-c,5,1048576,1048576,1,2824000,823190242453478100
normal-o3,1,256,suffix-0,256,whitefoot,5,1048576,1048576,1,1311000,823190242453478100
normal-o3,1,256,suffix-0,256,cpp-std-vector,5,1048576,1048576,1,2782000,823190242453478100
normal-o3,1,256,suffix-0,256,rust-vec,5,1048576,1048576,1,997000,823190242453478100
normal-o3,1,256,suffix-0,256,take-swap-c,5,1048576,1048576,1,4097000,823190242453478100
normal-o3,1,256,suffix-0,256,swap-take-c,5,1048576,1048576,1,2889000,823190242453478100
normal-o3,1,256,suffix-0,256,direct-c,5,1048576,1048576,1,2793000,823190242453478100
normal-o3,1,256,suffix-0,256,whitefoot,6,1048576,1048576,1,1347000,1334926056514624470
normal-o3,1,256,suffix-0,256,cpp-std-vector,6,1048576,1048576,1,2871000,1334926056514624470
normal-o3,1,256,suffix-0,256,rust-vec,6,1048576,1048576,1,1003000,1334926056514624470
normal-o3,1,256,suffix-0,256,take-swap-c,6,1048576,1048576,1,4088000,1334926056514624470
normal-o3,1,256,suffix-0,256,swap-take-c,6,1048576,1048576,1,2893000,1334926056514624470
normal-o3,1,256,suffix-0,256,direct-c,6,1048576,1048576,1,2792000,1334926056514624470
normal-o3,1,256,suffix-0,256,reverse-c,6,1048576,1048576,1,2826000,1334926056514624470
normal-o3,1,256,suffix-0,4096,cpp-std-vector,0,1048576,1048576,1,2922000,7001658466579473866
normal-o3,1,256,suffix-0,4096,rust-vec,0,1048576,1048576,1,1120000,7001658466579473866
normal-o3,1,256,suffix-0,4096,take-swap-c,0,1048576,1048576,1,3290000,7001658466579473866
normal-o3,1,256,suffix-0,4096,swap-take-c,0,1048576,1048576,1,3021000,7001658466579473866
normal-o3,1,256,suffix-0,4096,direct-c,0,1048576,1048576,1,2930000,7001658466579473866
normal-o3,1,256,suffix-0,4096,reverse-c,0,1048576,1048576,1,3086000,7001658466579473866
normal-o3,1,256,suffix-0,4096,whitefoot,0,1048576,1048576,1,1440000,7001658466579473866
normal-o3,1,256,suffix-0,4096,rust-vec,1,1048576,1048576,1,1127000,100047013315307212
normal-o3,1,256,suffix-0,4096,take-swap-c,1,1048576,1048576,1,4222000,100047013315307212
normal-o3,1,256,suffix-0,4096,swap-take-c,1,1048576,1048576,1,3025000,100047013315307212
normal-o3,1,256,suffix-0,4096,direct-c,1,1048576,1048576,1,2919000,100047013315307212
normal-o3,1,256,suffix-0,4096,reverse-c,1,1048576,1048576,1,2979000,100047013315307212
normal-o3,1,256,suffix-0,4096,whitefoot,1,1048576,1048576,1,1444000,100047013315307212
normal-o3,1,256,suffix-0,4096,cpp-std-vector,1,1048576,1048576,1,2929000,100047013315307212
normal-o3,1,256,suffix-0,4096,take-swap-c,2,1048576,1048576,1,4222000,11645179633760692174
normal-o3,1,256,suffix-0,4096,swap-take-c,2,1048576,1048576,1,3120000,11645179633760692174
normal-o3,1,256,suffix-0,4096,direct-c,2,1048576,1048576,1,2917000,11645179633760692174
normal-o3,1,256,suffix-0,4096,reverse-c,2,1048576,1048576,1,3046000,11645179633760692174
normal-o3,1,256,suffix-0,4096,whitefoot,2,1048576,1048576,1,1439000,11645179633760692174
normal-o3,1,256,suffix-0,4096,cpp-std-vector,2,1048576,1048576,1,2917000,11645179633760692174
normal-o3,1,256,suffix-0,4096,rust-vec,2,1048576,1048576,1,1131000,11645179633760692174
normal-o3,1,256,suffix-0,4096,swap-take-c,3,1048576,1048576,1,3020000,4743568180496525520
normal-o3,1,256,suffix-0,4096,direct-c,3,1048576,1048576,1,2925000,4743568180496525520
normal-o3,1,256,suffix-0,4096,reverse-c,3,1048576,1048576,1,2982000,4743568180496525520
normal-o3,1,256,suffix-0,4096,whitefoot,3,1048576,1048576,1,1442000,4743568180496525520
normal-o3,1,256,suffix-0,4096,cpp-std-vector,3,1048576,1048576,1,2931000,4743568180496525520
normal-o3,1,256,suffix-0,4096,rust-vec,3,1048576,1048576,1,1122000,4743568180496525520
normal-o3,1,256,suffix-0,4096,take-swap-c,3,1048576,1048576,1,4224000,4743568180496525520
normal-o3,1,256,suffix-0,4096,direct-c,4,1048576,1048576,1,2924000,16288700800941910482
normal-o3,1,256,suffix-0,4096,reverse-c,4,1048576,1048576,1,2978000,16288700800941910482
normal-o3,1,256,suffix-0,4096,whitefoot,4,1048576,1048576,1,1470000,16288700800941910482
normal-o3,1,256,suffix-0,4096,cpp-std-vector,4,1048576,1048576,1,3016000,16288700800941910482
normal-o3,1,256,suffix-0,4096,rust-vec,4,1048576,1048576,1,1132000,16288700800941910482
normal-o3,1,256,suffix-0,4096,take-swap-c,4,1048576,1048576,1,4255000,16288700800941910482
normal-o3,1,256,suffix-0,4096,swap-take-c,4,1048576,1048576,1,3019000,16288700800941910482
normal-o3,1,256,suffix-0,4096,reverse-c,5,1048576,1048576,1,3021000,9387089347677743828
normal-o3,1,256,suffix-0,4096,whitefoot,5,1048576,1048576,1,1442000,9387089347677743828
normal-o3,1,256,suffix-0,4096,cpp-std-vector,5,1048576,1048576,1,2915000,9387089347677743828
normal-o3,1,256,suffix-0,4096,rust-vec,5,1048576,1048576,1,1132000,9387089347677743828
normal-o3,1,256,suffix-0,4096,take-swap-c,5,1048576,1048576,1,4313000,9387089347677743828
normal-o3,1,256,suffix-0,4096,swap-take-c,5,1048576,1048576,1,3041000,9387089347677743828
normal-o3,1,256,suffix-0,4096,direct-c,5,1048576,1048576,1,2917000,9387089347677743828
normal-o3,1,256,suffix-0,4096,whitefoot,6,1048576,1048576,1,1453000,2485477894413577174
normal-o3,1,256,suffix-0,4096,cpp-std-vector,6,1048576,1048576,1,3006000,2485477894413577174
normal-o3,1,256,suffix-0,4096,rust-vec,6,1048576,1048576,1,1136000,2485477894413577174
normal-o3,1,256,suffix-0,4096,take-swap-c,6,1048576,1048576,1,4227000,2485477894413577174
normal-o3,1,256,suffix-0,4096,swap-take-c,6,1048576,1048576,1,3044000,2485477894413577174
normal-o3,1,256,suffix-0,4096,direct-c,6,1048576,1048576,1,2969000,2485477894413577174
normal-o3,1,256,suffix-0,4096,reverse-c,6,1048576,1048576,1,2983000,2485477894413577174
normal-o3,1,256,suffix-1,16,cpp-std-vector,0,1048576,1048576,1,16456000,10077132583444572090
normal-o3,1,256,suffix-1,16,rust-vec,0,1048576,1048576,1,15702000,10077132583444572090
normal-o3,1,256,suffix-1,16,take-swap-c,0,1048576,1048576,1,17515000,10077132583444572090
normal-o3,1,256,suffix-1,16,swap-take-c,0,1048576,1048576,1,34423000,10077132583444572090
normal-o3,1,256,suffix-1,16,direct-c,0,1048576,1048576,1,15611000,10077132583444572090
normal-o3,1,256,suffix-1,16,reverse-c,0,1048576,1048576,1,35172000,10077132583444572090
normal-o3,1,256,suffix-1,16,whitefoot,0,1048576,1048576,1,15850000,10077132583444572090
normal-o3,1,256,suffix-1,16,rust-vec,1,1048576,1048576,1,15648000,18010505805122801404
normal-o3,1,256,suffix-1,16,take-swap-c,1,1048576,1048576,1,17612000,18010505805122801404
normal-o3,1,256,suffix-1,16,swap-take-c,1,1048576,1048576,1,34469000,18010505805122801404
normal-o3,1,256,suffix-1,16,direct-c,1,1048576,1048576,1,15543000,18010505805122801404
normal-o3,1,256,suffix-1,16,reverse-c,1,1048576,1048576,1,34234000,18010505805122801404
normal-o3,1,256,suffix-1,16,whitefoot,1,1048576,1048576,1,16022000,18010505805122801404
normal-o3,1,256,suffix-1,16,cpp-std-vector,1,1048576,1048576,1,16451000,18010505805122801404
normal-o3,1,256,suffix-1,16,take-swap-c,2,1048576,1048576,1,17529000,7497134953091479102
normal-o3,1,256,suffix-1,16,swap-take-c,2,1048576,1048576,1,35670000,7497134953091479102
normal-o3,1,256,suffix-1,16,direct-c,2,1048576,1048576,1,16270000,7497134953091479102
normal-o3,1,256,suffix-1,16,reverse-c,2,1048576,1048576,1,35148000,7497134953091479102
normal-o3,1,256,suffix-1,16,whitefoot,2,1048576,1048576,1,15917000,7497134953091479102
normal-o3,1,256,suffix-1,16,cpp-std-vector,2,1048576,1048576,1,16448000,7497134953091479102
normal-o3,1,256,suffix-1,16,rust-vec,2,1048576,1048576,1,15702000,7497134953091479102
normal-o3,1,256,suffix-1,16,swap-take-c,3,1048576,1048576,1,34387000,15430508174769708416
normal-o3,1,256,suffix-1,16,direct-c,3,1048576,1048576,1,15630000,15430508174769708416
normal-o3,1,256,suffix-1,16,reverse-c,3,1048576,1048576,1,34125000,15430508174769708416
normal-o3,1,256,suffix-1,16,whitefoot,3,1048576,1048576,1,15943000,15430508174769708416
normal-o3,1,256,suffix-1,16,cpp-std-vector,3,1048576,1048576,1,16784000,15430508174769708416
normal-o3,1,256,suffix-1,16,rust-vec,3,1048576,1048576,1,16161000,15430508174769708416
normal-o3,1,256,suffix-1,16,take-swap-c,3,1048576,1048576,1,18531000,15430508174769708416
normal-o3,1,256,suffix-1,16,direct-c,4,1048576,1048576,1,15631000,4917137322738386114
normal-o3,1,256,suffix-1,16,reverse-c,4,1048576,1048576,1,34602000,4917137322738386114
normal-o3,1,256,suffix-1,16,whitefoot,4,1048576,1048576,1,16286000,4917137322738386114
normal-o3,1,256,suffix-1,16,cpp-std-vector,4,1048576,1048576,1,16516000,4917137322738386114
normal-o3,1,256,suffix-1,16,rust-vec,4,1048576,1048576,1,15648000,4917137322738386114
normal-o3,1,256,suffix-1,16,take-swap-c,4,1048576,1048576,1,17618000,4917137322738386114
normal-o3,1,256,suffix-1,16,swap-take-c,4,1048576,1048576,1,34485000,4917137322738386114
normal-o3,1,256,suffix-1,16,reverse-c,5,1048576,1048576,1,34244000,12850510544416615428
normal-o3,1,256,suffix-1,16,whitefoot,5,1048576,1048576,1,15886000,12850510544416615428
normal-o3,1,256,suffix-1,16,cpp-std-vector,5,1048576,1048576,1,16527000,12850510544416615428
normal-o3,1,256,suffix-1,16,rust-vec,5,1048576,1048576,1,15705000,12850510544416615428
normal-o3,1,256,suffix-1,16,take-swap-c,5,1048576,1048576,1,17562000,12850510544416615428
normal-o3,1,256,suffix-1,16,swap-take-c,5,1048576,1048576,1,34503000,12850510544416615428
normal-o3,1,256,suffix-1,16,direct-c,5,1048576,1048576,1,15547000,12850510544416615428
normal-o3,1,256,suffix-1,16,whitefoot,6,1048576,1048576,1,16217000,2337139692385293126
normal-o3,1,256,suffix-1,16,cpp-std-vector,6,1048576,1048576,1,17046000,2337139692385293126
normal-o3,1,256,suffix-1,16,rust-vec,6,1048576,1048576,1,16227000,2337139692385293126
normal-o3,1,256,suffix-1,16,take-swap-c,6,1048576,1048576,1,18054000,2337139692385293126
normal-o3,1,256,suffix-1,16,swap-take-c,6,1048576,1048576,1,34518000,2337139692385293126
normal-o3,1,256,suffix-1,16,direct-c,6,1048576,1048576,1,15545000,2337139692385293126
normal-o3,1,256,suffix-1,16,reverse-c,6,1048576,1048576,1,34211000,2337139692385293126
normal-o3,1,256,suffix-1,256,cpp-std-vector,0,1048576,1048576,1,16550000,16136919648563323066
normal-o3,1,256,suffix-1,256,rust-vec,0,1048576,1048576,1,15669000,16136919648563323066
normal-o3,1,256,suffix-1,256,take-swap-c,0,1048576,1048576,1,17548000,16136919648563323066
normal-o3,1,256,suffix-1,256,swap-take-c,0,1048576,1048576,1,34480000,16136919648563323066
normal-o3,1,256,suffix-1,256,direct-c,0,1048576,1048576,1,15554000,16136919648563323066
normal-o3,1,256,suffix-1,256,reverse-c,0,1048576,1048576,1,34293000,16136919648563323066
normal-o3,1,256,suffix-1,256,whitefoot,0,1048576,1048576,1,15833000,16136919648563323066
normal-o3,1,256,suffix-1,256,rust-vec,1,1048576,1048576,1,15712000,7049943648979053564
normal-o3,1,256,suffix-1,256,take-swap-c,1,1048576,1048576,1,18058000,7049943648979053564
normal-o3,1,256,suffix-1,256,swap-take-c,1,1048576,1048576,1,36277000,7049943648979053564
normal-o3,1,256,suffix-1,256,direct-c,1,1048576,1048576,1,16130000,7049943648979053564
normal-o3,1,256,suffix-1,256,reverse-c,1,1048576,1048576,1,34155000,7049943648979053564
normal-o3,1,256,suffix-1,256,whitefoot,1,1048576,1048576,1,16037000,7049943648979053564
normal-o3,1,256,suffix-1,256,cpp-std-vector,1,1048576,1048576,1,16587000,7049943648979053564
normal-o3,1,256,suffix-1,256,take-swap-c,2,1048576,1048576,1,17602000,16409711723104335678
normal-o3,1,256,suffix-1,256,swap-take-c,2,1048576,1048576,1,34401000,16409711723104335678
normal-o3,1,256,suffix-1,256,direct-c,2,1048576,1048576,1,15630000,16409711723104335678
normal-o3,1,256,suffix-1,256,reverse-c,2,1048576,1048576,1,34235000,16409711723104335678
normal-o3,1,256,suffix-1,256,whitefoot,2,1048576,1048576,1,15852000,16409711723104335678
normal-o3,1,256,suffix-1,256,cpp-std-vector,2,1048576,1048576,1,16575000,16409711723104335678
normal-o3,1,256,suffix-1,256,rust-vec,2,1048576,1048576,1,15695000,16409711723104335678
normal-o3,1,256,suffix-1,256,swap-take-c,3,1048576,1048576,1,34473000,7322735723520066176
normal-o3,1,256,suffix-1,256,direct-c,3,1048576,1048576,1,15602000,7322735723520066176
normal-o3,1,256,suffix-1,256,reverse-c,3,1048576,1048576,1,34768000,7322735723520066176
normal-o3,1,256,suffix-1,256,whitefoot,3,1048576,1048576,1,16390000,7322735723520066176
normal-o3,1,256,suffix-1,256,cpp-std-vector,3,1048576,1048576,1,16568000,7322735723520066176
normal-o3,1,256,suffix-1,256,rust-vec,3,1048576,1048576,1,15722000,7322735723520066176
normal-o3,1,256,suffix-1,256,take-swap-c,3,1048576,1048576,1,17635000,7322735723520066176
normal-o3,1,256,suffix-1,256,direct-c,4,1048576,1048576,1,15638000,16682503797645348290
normal-o3,1,256,suffix-1,256,reverse-c,4,1048576,1048576,1,34173000,16682503797645348290
normal-o3,1,256,suffix-1,256,whitefoot,4,1048576,1048576,1,15931000,16682503797645348290
normal-o3,1,256,suffix-1,256,cpp-std-vector,4,1048576,1048576,1,16553000,16682503797645348290
normal-o3,1,256,suffix-1,256,rust-vec,4,1048576,1048576,1,15670000,16682503797645348290
normal-o3,1,256,suffix-1,256,take-swap-c,4,1048576,1048576,1,17671000,16682503797645348290
normal-o3,1,256,suffix-1,256,swap-take-c,4,1048576,1048576,1,34429000,16682503797645348290
normal-o3,1,256,suffix-1,256,reverse-c,5,1048576,1048576,1,34317000,7595527798061078788
normal-o3,1,256,suffix-1,256,whitefoot,5,1048576,1048576,1,15996000,7595527798061078788
normal-o3,1,256,suffix-1,256,cpp-std-vector,5,1048576,1048576,1,16767000,7595527798061078788
normal-o3,1,256,suffix-1,256,rust-vec,5,1048576,1048576,1,15817000,7595527798061078788
normal-o3,1,256,suffix-1,256,take-swap-c,5,1048576,1048576,1,17568000,7595527798061078788
normal-o3,1,256,suffix-1,256,swap-take-c,5,1048576,1048576,1,34409000,7595527798061078788
normal-o3,1,256,suffix-1,256,direct-c,5,1048576,1048576,1,15536000,7595527798061078788
normal-o3,1,256,suffix-1,256,whitefoot,6,1048576,1048576,1,15946000,16955295872186360902
normal-o3,1,256,suffix-1,256,cpp-std-vector,6,1048576,1048576,1,16528000,16955295872186360902
normal-o3,1,256,suffix-1,256,rust-vec,6,1048576,1048576,1,15682000,16955295872186360902
normal-o3,1,256,suffix-1,256,take-swap-c,6,1048576,1048576,1,17525000,16955295872186360902
normal-o3,1,256,suffix-1,256,swap-take-c,6,1048576,1048576,1,35957000,16955295872186360902
normal-o3,1,256,suffix-1,256,direct-c,6,1048576,1048576,1,16033000,16955295872186360902
normal-o3,1,256,suffix-1,256,reverse-c,6,1048576,1048576,1,34227000,16955295872186360902
normal-o3,1,256,suffix-1,4096,cpp-std-vector,0,1048576,1048576,1,17355000,11423154033847496890
normal-o3,1,256,suffix-1,4096,rust-vec,0,1048576,1048576,1,16428000,11423154033847496890
normal-o3,1,256,suffix-1,4096,take-swap-c,0,1048576,1048576,1,17681000,11423154033847496890
normal-o3,1,256,suffix-1,4096,swap-take-c,0,1048576,1048576,1,34591000,11423154033847496890
normal-o3,1,256,suffix-1,4096,direct-c,0,1048576,1048576,1,15683000,11423154033847496890
normal-o3,1,256,suffix-1,4096,reverse-c,0,1048576,1048576,1,34408000,11423154033847496890
normal-o3,1,256,suffix-1,4096,whitefoot,0,1048576,1048576,1,16053000,11423154033847496890
normal-o3,1,256,suffix-1,4096,rust-vec,1,1048576,1048576,1,15877000,18279605564934372348
normal-o3,1,256,suffix-1,4096,take-swap-c,1,1048576,1048576,1,17577000,18279605564934372348
normal-o3,1,256,suffix-1,4096,swap-take-c,1,1048576,1048576,1,34542000,18279605564934372348
normal-o3,1,256,suffix-1,4096,direct-c,1,1048576,1048576,1,15982000,18279605564934372348
normal-o3,1,256,suffix-1,4096,reverse-c,1,1048576,1048576,1,34551000,18279605564934372348
normal-o3,1,256,suffix-1,4096,whitefoot,1,1048576,1048576,1,16075000,18279605564934372348
normal-o3,1,256,suffix-1,4096,cpp-std-vector,1,1048576,1048576,1,16605000,18279605564934372348
normal-o3,1,256,suffix-1,4096,take-swap-c,2,1048576,1048576,1,17665000,6689313022311696190
normal-o3,1,256,suffix-1,4096,swap-take-c,2,1048576,1048576,1,34480000,6689313022311696190
normal-o3,1,256,suffix-1,4096,direct-c,2,1048576,1048576,1,15778000,6689313022311696190
normal-o3,1,256,suffix-1,4096,reverse-c,2,1048576,1048576,1,34418000,6689313022311696190
normal-o3,1,256,suffix-1,4096,whitefoot,2,1048576,1048576,1,16435000,6689313022311696190
normal-o3,1,256,suffix-1,4096,cpp-std-vector,2,1048576,1048576,1,16982000,6689313022311696190
normal-o3,1,256,suffix-1,4096,rust-vec,2,1048576,1048576,1,16748000,6689313022311696190
normal-o3,1,256,suffix-1,4096,swap-take-c,3,1048576,1048576,1,34644000,13545764553398571648
normal-o3,1,256,suffix-1,4096,direct-c,3,1048576,1048576,1,15711000,13545764553398571648
normal-o3,1,256,suffix-1,4096,reverse-c,3,1048576,1048576,1,34483000,13545764553398571648
normal-o3,1,256,suffix-1,4096,whitefoot,3,1048576,1048576,1,16206000,13545764553398571648
normal-o3,1,256,suffix-1,4096,cpp-std-vector,3,1048576,1048576,1,16626000,13545764553398571648
normal-o3,1,256,suffix-1,4096,rust-vec,3,1048576,1048576,1,15921000,13545764553398571648
normal-o3,1,256,suffix-1,4096,take-swap-c,3,1048576,1048576,1,17718000,13545764553398571648
normal-o3,1,256,suffix-1,4096,direct-c,4,1048576,1048576,1,15742000,1955472010775895490
normal-o3,1,256,suffix-1,4096,reverse-c,4,1048576,1048576,1,34522000,1955472010775895490
normal-o3,1,256,suffix-1,4096,whitefoot,4,1048576,1048576,1,16033000,1955472010775895490
normal-o3,1,256,suffix-1,4096,cpp-std-vector,4,1048576,1048576,1,16680000,1955472010775895490
normal-o3,1,256,suffix-1,4096,rust-vec,4,1048576,1048576,1,15787000,1955472010775895490
normal-o3,1,256,suffix-1,4096,take-swap-c,4,1048576,1048576,1,17947000,1955472010775895490
normal-o3,1,256,suffix-1,4096,swap-take-c,4,1048576,1048576,1,34488000,1955472010775895490
normal-o3,1,256,suffix-1,4096,reverse-c,5,1048576,1048576,1,34376000,8811923541862770948
normal-o3,1,256,suffix-1,4096,whitefoot,5,1048576,1048576,1,16070000,8811923541862770948
normal-o3,1,256,suffix-1,4096,cpp-std-vector,5,1048576,1048576,1,16620000,8811923541862770948
normal-o3,1,256,suffix-1,4096,rust-vec,5,1048576,1048576,1,15898000,8811923541862770948
normal-o3,1,256,suffix-1,4096,take-swap-c,5,1048576,1048576,1,17685000,8811923541862770948
normal-o3,1,256,suffix-1,4096,swap-take-c,5,1048576,1048576,1,35807000,8811923541862770948
normal-o3,1,256,suffix-1,4096,direct-c,5,1048576,1048576,1,16463000,8811923541862770948
normal-o3,1,256,suffix-1,4096,whitefoot,6,1048576,1048576,1,16187000,15668375072949646406
normal-o3,1,256,suffix-1,4096,cpp-std-vector,6,1048576,1048576,1,16636000,15668375072949646406
normal-o3,1,256,suffix-1,4096,rust-vec,6,1048576,1048576,1,15886000,15668375072949646406
normal-o3,1,256,suffix-1,4096,take-swap-c,6,1048576,1048576,1,17710000,15668375072949646406
normal-o3,1,256,suffix-1,4096,swap-take-c,6,1048576,1048576,1,34535000,15668375072949646406
normal-o3,1,256,suffix-1,4096,direct-c,6,1048576,1048576,1,15748000,15668375072949646406
normal-o3,1,256,suffix-1,4096,reverse-c,6,1048576,1048576,1,34495000,15668375072949646406
normal-o3,1,256,suffix-2,16,cpp-std-vector,0,1048576,524288,1,21570000,7440959976666623466
normal-o3,1,256,suffix-2,16,rust-vec,0,1048576,524288,1,21563000,7440959976666623466
normal-o3,1,256,suffix-2,16,take-swap-c,0,1048576,524288,1,22020000,7440959976666623466
normal-o3,1,256,suffix-2,16,swap-take-c,0,1048576,524288,1,35589000,7440959976666623466
normal-o3,1,256,suffix-2,16,direct-c,0,1048576,524288,1,21558000,7440959976666623466
normal-o3,1,256,suffix-2,16,reverse-c,0,1048576,524288,1,35601000,7440959976666623466
normal-o3,1,256,suffix-2,16,whitefoot,0,1048576,524288,1,21599000,7440959976666623466
normal-o3,1,256,suffix-2,16,rust-vec,1,1048576,524288,1,21536000,5917089180867772268
normal-o3,1,256,suffix-2,16,take-swap-c,1,1048576,524288,1,22040000,5917089180867772268
normal-o3,1,256,suffix-2,16,swap-take-c,1,1048576,524288,1,35550000,5917089180867772268
normal-o3,1,256,suffix-2,16,direct-c,1,1048576,524288,1,21830000,5917089180867772268
normal-o3,1,256,suffix-2,16,reverse-c,1,1048576,524288,1,36504000,5917089180867772268
normal-o3,1,256,suffix-2,16,whitefoot,1,1048576,524288,1,21562000,5917089180867772268
normal-o3,1,256,suffix-2,16,cpp-std-vector,1,1048576,524288,1,21651000,5917089180867772268
normal-o3,1,256,suffix-2,16,take-swap-c,2,1048576,524288,1,21955000,4393218385068921070
normal-o3,1,256,suffix-2,16,swap-take-c,2,1048576,524288,1,35558000,4393218385068921070
normal-o3,1,256,suffix-2,16,direct-c,2,1048576,524288,1,21635000,4393218385068921070
normal-o3,1,256,suffix-2,16,reverse-c,2,1048576,524288,1,35733000,4393218385068921070
normal-o3,1,256,suffix-2,16,whitefoot,2,1048576,524288,1,21514000,4393218385068921070
normal-o3,1,256,suffix-2,16,cpp-std-vector,2,1048576,524288,1,21674000,4393218385068921070
normal-o3,1,256,suffix-2,16,rust-vec,2,1048576,524288,1,21662000,4393218385068921070
normal-o3,1,256,suffix-2,16,swap-take-c,3,1048576,524288,1,35660000,2869347589270069872
normal-o3,1,256,suffix-2,16,direct-c,3,1048576,524288,1,21708000,2869347589270069872
normal-o3,1,256,suffix-2,16,reverse-c,3,1048576,524288,1,35897000,2869347589270069872
normal-o3,1,256,suffix-2,16,whitefoot,3,1048576,524288,1,21567000,2869347589270069872
normal-o3,1,256,suffix-2,16,cpp-std-vector,3,1048576,524288,1,21592000,2869347589270069872
normal-o3,1,256,suffix-2,16,rust-vec,3,1048576,524288,1,22175000,2869347589270069872
normal-o3,1,256,suffix-2,16,take-swap-c,3,1048576,524288,1,23222000,2869347589270069872
normal-o3,1,256,suffix-2,16,direct-c,4,1048576,524288,1,21863000,1345476793471218674
normal-o3,1,256,suffix-2,16,reverse-c,4,1048576,524288,1,35534000,1345476793471218674
normal-o3,1,256,suffix-2,16,whitefoot,4,1048576,524288,1,21573000,1345476793471218674
normal-o3,1,256,suffix-2,16,cpp-std-vector,4,1048576,524288,1,21613000,1345476793471218674
normal-o3,1,256,suffix-2,16,rust-vec,4,1048576,524288,1,21591000,1345476793471218674
normal-o3,1,256,suffix-2,16,take-swap-c,4,1048576,524288,1,22260000,1345476793471218674
normal-o3,1,256,suffix-2,16,swap-take-c,4,1048576,524288,1,35590000,1345476793471218674
normal-o3,1,256,suffix-2,16,reverse-c,5,1048576,524288,1,35563000,18268350071381919092
normal-o3,1,256,suffix-2,16,whitefoot,5,1048576,524288,1,21581000,18268350071381919092
normal-o3,1,256,suffix-2,16,cpp-std-vector,5,1048576,524288,1,21664000,18268350071381919092
normal-o3,1,256,suffix-2,16,rust-vec,5,1048576,524288,1,21565000,18268350071381919092
normal-o3,1,256,suffix-2,16,take-swap-c,5,1048576,524288,1,21957000,18268350071381919092
normal-o3,1,256,suffix-2,16,swap-take-c,5,1048576,524288,1,35578000,18268350071381919092
normal-o3,1,256,suffix-2,16,direct-c,5,1048576,524288,1,21689000,18268350071381919092
normal-o3,1,256,suffix-2,16,whitefoot,6,1048576,524288,1,22290000,16744479275583067894
normal-o3,1,256,suffix-2,16,cpp-std-vector,6,1048576,524288,1,21597000,16744479275583067894
normal-o3,1,256,suffix-2,16,rust-vec,6,1048576,524288,1,21711000,16744479275583067894
normal-o3,1,256,suffix-2,16,take-swap-c,6,1048576,524288,1,21952000,16744479275583067894
normal-o3,1,256,suffix-2,16,swap-take-c,6,1048576,524288,1,36112000,16744479275583067894
normal-o3,1,256,suffix-2,16,direct-c,6,1048576,524288,1,21654000,16744479275583067894
normal-o3,1,256,suffix-2,16,reverse-c,6,1048576,524288,1,36412000,16744479275583067894
normal-o3,1,256,suffix-2,256,cpp-std-vector,0,1048576,524288,1,21744000,2462342821806119658
normal-o3,1,256,suffix-2,256,rust-vec,0,1048576,524288,1,21554000,2462342821806119658
normal-o3,1,256,suffix-2,256,take-swap-c,0,1048576,524288,1,22658000,2462342821806119658
normal-o3,1,256,suffix-2,256,swap-take-c,0,1048576,524288,1,35587000,2462342821806119658
normal-o3,1,256,suffix-2,256,direct-c,0,1048576,524288,1,21677000,2462342821806119658
normal-o3,1,256,suffix-2,256,reverse-c,0,1048576,524288,1,35611000,2462342821806119658
normal-o3,1,256,suffix-2,256,whitefoot,0,1048576,524288,1,21530000,2462342821806119658
normal-o3,1,256,suffix-2,256,rust-vec,1,1048576,524288,1,21670000,15413974867576442988
normal-o3,1,256,suffix-2,256,take-swap-c,1,1048576,524288,1,21879000,15413974867576442988
normal-o3,1,256,suffix-2,256,swap-take-c,1,1048576,524288,1,35686000,15413974867576442988
normal-o3,1,256,suffix-2,256,direct-c,1,1048576,524288,1,22187000,15413974867576442988
normal-o3,1,256,suffix-2,256,reverse-c,1,1048576,524288,1,37153000,15413974867576442988
normal-o3,1,256,suffix-2,256,whitefoot,1,1048576,524288,1,22037000,15413974867576442988
normal-o3,1,256,suffix-2,256,cpp-std-vector,1,1048576,524288,1,21570000,15413974867576442988
normal-o3,1,256,suffix-2,256,take-swap-c,2,1048576,524288,1,22185000,9918862839637214702
normal-o3,1,256,suffix-2,256,swap-take-c,2,1048576,524288,1,35786000,9918862839637214702
normal-o3,1,256,suffix-2,256,direct-c,2,1048576,524288,1,21648000,9918862839637214702
normal-o3,1,256,suffix-2,256,reverse-c,2,1048576,524288,1,35571000,9918862839637214702
normal-o3,1,256,suffix-2,256,whitefoot,2,1048576,524288,1,21682000,9918862839637214702
normal-o3,1,256,suffix-2,256,cpp-std-vector,2,1048576,524288,1,21846000,9918862839637214702
normal-o3,1,256,suffix-2,256,rust-vec,2,1048576,524288,1,21638000,9918862839637214702
normal-o3,1,256,suffix-2,256,swap-take-c,3,1048576,524288,1,35564000,4423750811697986416
normal-o3,1,256,suffix-2,256,direct-c,3,1048576,524288,1,21603000,4423750811697986416
normal-o3,1,256,suffix-2,256,reverse-c,3,1048576,524288,1,35639000,4423750811697986416
normal-o3,1,256,suffix-2,256,whitefoot,3,1048576,524288,1,21627000,4423750811697986416
normal-o3,1,256,suffix-2,256,cpp-std-vector,3,1048576,524288,1,21688000,4423750811697986416
normal-o3,1,256,suffix-2,256,rust-vec,3,1048576,524288,1,21542000,4423750811697986416
normal-o3,1,256,suffix-2,256,take-swap-c,3,1048576,524288,1,21976000,4423750811697986416
normal-o3,1,256,suffix-2,256,direct-c,4,1048576,524288,1,21741000,17375382857468309746
normal-o3,1,256,suffix-2,256,reverse-c,4,1048576,524288,1,35630000,17375382857468309746
normal-o3,1,256,suffix-2,256,whitefoot,4,1048576,524288,1,21636000,17375382857468309746
normal-o3,1,256,suffix-2,256,cpp-std-vector,4,1048576,524288,1,21863000,17375382857468309746
normal-o3,1,256,suffix-2,256,rust-vec,4,1048576,524288,1,21821000,17375382857468309746
normal-o3,1,256,suffix-2,256,take-swap-c,4,1048576,524288,1,21956000,17375382857468309746
normal-o3,1,256,suffix-2,256,swap-take-c,4,1048576,524288,1,35739000,17375382857468309746
normal-o3,1,256,suffix-2,256,reverse-c,5,1048576,524288,1,35884000,11880270829529081460
normal-o3,1,256,suffix-2,256,whitefoot,5,1048576,524288,1,21670000,11880270829529081460
normal-o3,1,256,suffix-2,256,cpp-std-vector,5,1048576,524288,1,21783000,11880270829529081460
normal-o3,1,256,suffix-2,256,rust-vec,5,1048576,524288,1,21579000,11880270829529081460
normal-o3,1,256,suffix-2,256,take-swap-c,5,1048576,524288,1,22020000,11880270829529081460
normal-o3,1,256,suffix-2,256,swap-take-c,5,1048576,524288,1,35549000,11880270829529081460
normal-o3,1,256,suffix-2,256,direct-c,5,1048576,524288,1,21540000,11880270829529081460
normal-o3,1,256,suffix-2,256,whitefoot,6,1048576,524288,1,21628000,6385158801589853174
normal-o3,1,256,suffix-2,256,cpp-std-vector,6,1048576,524288,1,21525000,6385158801589853174
normal-o3,1,256,suffix-2,256,rust-vec,6,1048576,524288,1,21899000,6385158801589853174
normal-o3,1,256,suffix-2,256,take-swap-c,6,1048576,524288,1,22940000,6385158801589853174
normal-o3,1,256,suffix-2,256,swap-take-c,6,1048576,524288,1,37286000,6385158801589853174
normal-o3,1,256,suffix-2,256,direct-c,6,1048576,524288,1,22515000,6385158801589853174
normal-o3,1,256,suffix-2,256,reverse-c,6,1048576,524288,1,35757000,6385158801589853174
normal-o3,1,256,suffix-2,4096,cpp-std-vector,0,1048576,524288,1,21723000,9641278357841734378
normal-o3,1,256,suffix-2,4096,rust-vec,0,1048576,524288,1,21767000,9641278357841734378
normal-o3,1,256,suffix-2,4096,take-swap-c,0,1048576,524288,1,22108000,9641278357841734378
normal-o3,1,256,suffix-2,4096,swap-take-c,0,1048576,524288,1,35667000,9641278357841734378
normal-o3,1,256,suffix-2,4096,direct-c,0,1048576,524288,1,21718000,9641278357841734378
normal-o3,1,256,suffix-2,4096,reverse-c,0,1048576,524288,1,35867000,9641278357841734378
normal-o3,1,256,suffix-2,4096,whitefoot,0,1048576,524288,1,21729000,9641278357841734378
normal-o3,1,256,suffix-2,4096,rust-vec,1,1048576,524288,1,21743000,1379187259122409580
normal-o3,1,256,suffix-2,4096,take-swap-c,1,1048576,524288,1,22096000,1379187259122409580
normal-o3,1,256,suffix-2,4096,swap-take-c,1,1048576,524288,1,35725000,1379187259122409580
normal-o3,1,256,suffix-2,4096,direct-c,1,1048576,524288,1,22020000,1379187259122409580
normal-o3,1,256,suffix-2,4096,reverse-c,1,1048576,524288,1,35806000,1379187259122409580
normal-o3,1,256,suffix-2,4096,whitefoot,1,1048576,524288,1,21765000,1379187259122409580
normal-o3,1,256,suffix-2,4096,cpp-std-vector,1,1048576,524288,1,21813000,1379187259122409580
normal-o3,1,256,suffix-2,4096,take-swap-c,2,1048576,524288,1,22374000,11563840234112636398
normal-o3,1,256,suffix-2,4096,swap-take-c,2,1048576,524288,1,36133000,11563840234112636398
normal-o3,1,256,suffix-2,4096,direct-c,2,1048576,524288,1,21793000,11563840234112636398
normal-o3,1,256,suffix-2,4096,reverse-c,2,1048576,524288,1,35897000,11563840234112636398
normal-o3,1,256,suffix-2,4096,whitefoot,2,1048576,524288,1,22057000,11563840234112636398
normal-o3,1,256,suffix-2,4096,cpp-std-vector,2,1048576,524288,1,22321000,11563840234112636398
normal-o3,1,256,suffix-2,4096,rust-vec,2,1048576,524288,1,21727000,11563840234112636398
normal-o3,1,256,suffix-2,4096,swap-take-c,3,1048576,524288,1,36924000,3301749135393311600
normal-o3,1,256,suffix-2,4096,direct-c,3,1048576,524288,1,21941000,3301749135393311600
normal-o3,1,256,suffix-2,4096,reverse-c,3,1048576,524288,1,36345000,3301749135393311600
normal-o3,1,256,suffix-2,4096,whitefoot,3,1048576,524288,1,21703000,3301749135393311600
normal-o3,1,256,suffix-2,4096,cpp-std-vector,3,1048576,524288,1,21776000,3301749135393311600
normal-o3,1,256,suffix-2,4096,rust-vec,3,1048576,524288,1,21759000,3301749135393311600
normal-o3,1,256,suffix-2,4096,take-swap-c,3,1048576,524288,1,22041000,3301749135393311600
normal-o3,1,256,suffix-2,4096,direct-c,4,1048576,524288,1,21758000,13486402110383538418
normal-o3,1,256,suffix-2,4096,reverse-c,4,1048576,524288,1,37377000,13486402110383538418
normal-o3,1,256,suffix-2,4096,whitefoot,4,1048576,524288,1,22637000,13486402110383538418
normal-o3,1,256,suffix-2,4096,cpp-std-vector,4,1048576,524288,1,21868000,13486402110383538418
normal-o3,1,256,suffix-2,4096,rust-vec,4,1048576,524288,1,21672000,13486402110383538418
normal-o3,1,256,suffix-2,4096,take-swap-c,4,1048576,524288,1,22129000,13486402110383538418
normal-o3,1,256,suffix-2,4096,swap-take-c,4,1048576,524288,1,35695000,13486402110383538418
normal-o3,1,256,suffix-2,4096,reverse-c,5,1048576,524288,1,35816000,5224311011664213620
normal-o3,1,256,suffix-2,4096,whitefoot,5,1048576,524288,1,21689000,5224311011664213620
normal-o3,1,256,suffix-2,4096,cpp-std-vector,5,1048576,524288,1,21815000,5224311011664213620
normal-o3,1,256,suffix-2,4096,rust-vec,5,1048576,524288,1,21755000,5224311011664213620
normal-o3,1,256,suffix-2,4096,take-swap-c,5,1048576,524288,1,22013000,5224311011664213620
normal-o3,1,256,suffix-2,4096,swap-take-c,5,1048576,524288,1,35901000,5224311011664213620
normal-o3,1,256,suffix-2,4096,direct-c,5,1048576,524288,1,21775000,5224311011664213620
normal-o3,1,256,suffix-2,4096,whitefoot,6,1048576,524288,1,21701000,15408963986654440438
normal-o3,1,256,suffix-2,4096,cpp-std-vector,6,1048576,524288,1,21741000,15408963986654440438
normal-o3,1,256,suffix-2,4096,rust-vec,6,1048576,524288,1,21669000,15408963986654440438
normal-o3,1,256,suffix-2,4096,take-swap-c,6,1048576,524288,1,22158000,15408963986654440438
normal-o3,1,256,suffix-2,4096,swap-take-c,6,1048576,524288,1,35733000,15408963986654440438
normal-o3,1,256,suffix-2,4096,direct-c,6,1048576,524288,1,21895000,15408963986654440438
normal-o3,1,256,suffix-2,4096,reverse-c,6,1048576,524288,1,35754000,15408963986654440438
normal-o3,1,256,suffix-3,16,cpp-std-vector,0,1048576,349525,1,26010000,1054367555497166597
normal-o3,1,256,suffix-3,16,rust-vec,0,1048576,349525,1,25070000,1054367555497166597
normal-o3,1,256,suffix-3,16,take-swap-c,0,1048576,349525,1,31145000,1054367555497166597
normal-o3,1,256,suffix-3,16,swap-take-c,0,1048576,349525,1,35428000,1054367555497166597
normal-o3,1,256,suffix-3,16,direct-c,0,1048576,349525,1,25092000,1054367555497166597
normal-o3,1,256,suffix-3,16,reverse-c,0,1048576,349525,1,35480000,1054367555497166597
normal-o3,1,256,suffix-3,16,whitefoot,0,1048576,349525,1,25035000,1054367555497166597
normal-o3,1,256,suffix-3,16,rust-vec,1,1048576,349525,1,25424000,5794397202544729692
normal-o3,1,256,suffix-3,16,take-swap-c,1,1048576,349525,1,31727000,5794397202544729692
normal-o3,1,256,suffix-3,16,swap-take-c,1,1048576,349525,1,35396000,5794397202544729692
normal-o3,1,256,suffix-3,16,direct-c,1,1048576,349525,1,25039000,5794397202544729692
normal-o3,1,256,suffix-3,16,reverse-c,1,1048576,349525,1,35425000,5794397202544729692
normal-o3,1,256,suffix-3,16,whitefoot,1,1048576,349525,1,25387000,5794397202544729692
normal-o3,1,256,suffix-3,16,cpp-std-vector,1,1048576,349525,1,27079000,5794397202544729692
normal-o3,1,256,suffix-3,16,take-swap-c,2,1048576,349525,1,31155000,10534426849592292787
normal-o3,1,256,suffix-3,16,swap-take-c,2,1048576,349525,1,35337000,10534426849592292787
normal-o3,1,256,suffix-3,16,direct-c,2,1048576,349525,1,25102000,10534426849592292787
normal-o3,1,256,suffix-3,16,reverse-c,2,1048576,349525,1,35384000,10534426849592292787
normal-o3,1,256,suffix-3,16,whitefoot,2,1048576,349525,1,25135000,10534426849592292787
normal-o3,1,256,suffix-3,16,cpp-std-vector,2,1048576,349525,1,26564000,10534426849592292787
normal-o3,1,256,suffix-3,16,rust-vec,2,1048576,349525,1,25080000,10534426849592292787
normal-o3,1,256,suffix-3,16,swap-take-c,3,1048576,349525,1,35443000,15274456496639855882
normal-o3,1,256,suffix-3,16,direct-c,3,1048576,349525,1,25069000,15274456496639855882
normal-o3,1,256,suffix-3,16,reverse-c,3,1048576,349525,1,35388000,15274456496639855882
normal-o3,1,256,suffix-3,16,whitefoot,3,1048576,349525,1,24879000,15274456496639855882
normal-o3,1,256,suffix-3,16,cpp-std-vector,3,1048576,349525,1,26113000,15274456496639855882
normal-o3,1,256,suffix-3,16,rust-vec,3,1048576,349525,1,25027000,15274456496639855882
normal-o3,1,256,suffix-3,16,take-swap-c,3,1048576,349525,1,31083000,15274456496639855882
normal-o3,1,256,suffix-3,16,direct-c,4,1048576,349525,1,25135000,1567742069977867361
normal-o3,1,256,suffix-3,16,reverse-c,4,1048576,349525,1,35365000,1567742069977867361
normal-o3,1,256,suffix-3,16,whitefoot,4,1048576,349525,1,24818000,1567742069977867361
normal-o3,1,256,suffix-3,16,cpp-std-vector,4,1048576,349525,1,26050000,1567742069977867361
normal-o3,1,256,suffix-3,16,rust-vec,4,1048576,349525,1,24936000,1567742069977867361
normal-o3,1,256,suffix-3,16,take-swap-c,4,1048576,349525,1,31088000,1567742069977867361
normal-o3,1,256,suffix-3,16,swap-take-c,4,1048576,349525,1,35283000,1567742069977867361
normal-o3,1,256,suffix-3,16,reverse-c,5,1048576,349525,1,35354000,6307771717025430456
normal-o3,1,256,suffix-3,16,whitefoot,5,1048576,349525,1,25045000,6307771717025430456
normal-o3,1,256,suffix-3,16,cpp-std-vector,5,1048576,349525,1,25901000,6307771717025430456
normal-o3,1,256,suffix-3,16,rust-vec,5,1048576,349525,1,24997000,6307771717025430456
normal-o3,1,256,suffix-3,16,take-swap-c,5,1048576,349525,1,31075000,6307771717025430456
normal-o3,1,256,suffix-3,16,swap-take-c,5,1048576,349525,1,35760000,6307771717025430456
normal-o3,1,256,suffix-3,16,direct-c,5,1048576,349525,1,25595000,6307771717025430456
normal-o3,1,256,suffix-3,16,whitefoot,6,1048576,349525,1,25515000,11047801364072993551
normal-o3,1,256,suffix-3,16,cpp-std-vector,6,1048576,349525,1,27087000,11047801364072993551
normal-o3,1,256,suffix-3,16,rust-vec,6,1048576,349525,1,25224000,11047801364072993551
normal-o3,1,256,suffix-3,16,take-swap-c,6,1048576,349525,1,31087000,11047801364072993551
normal-o3,1,256,suffix-3,16,swap-take-c,6,1048576,349525,1,35273000,11047801364072993551
normal-o3,1,256,suffix-3,16,direct-c,6,1048576,349525,1,25131000,11047801364072993551
normal-o3,1,256,suffix-3,16,reverse-c,6,1048576,349525,1,35399000,11047801364072993551
normal-o3,1,256,suffix-3,256,cpp-std-vector,0,1048576,349525,1,26303000,15528439189922159621
normal-o3,1,256,suffix-3,256,rust-vec,0,1048576,349525,1,24919000,15528439189922159621
normal-o3,1,256,suffix-3,256,take-swap-c,0,1048576,349525,1,31024000,15528439189922159621
normal-o3,1,256,suffix-3,256,swap-take-c,0,1048576,349525,1,35354000,15528439189922159621
normal-o3,1,256,suffix-3,256,direct-c,0,1048576,349525,1,25042000,15528439189922159621
normal-o3,1,256,suffix-3,256,reverse-c,0,1048576,349525,1,35426000,15528439189922159621
normal-o3,1,256,suffix-3,256,whitefoot,0,1048576,349525,1,24937000,15528439189922159621
normal-o3,1,256,suffix-3,256,rust-vec,1,1048576,349525,1,24934000,6728350532028667740
normal-o3,1,256,suffix-3,256,take-swap-c,1,1048576,349525,1,31062000,6728350532028667740
normal-o3,1,256,suffix-3,256,swap-take-c,1,1048576,349525,1,35455000,6728350532028667740
normal-o3,1,256,suffix-3,256,direct-c,1,1048576,349525,1,25497000,6728350532028667740
normal-o3,1,256,suffix-3,256,reverse-c,1,1048576,349525,1,35442000,6728350532028667740
normal-o3,1,256,suffix-3,256,whitefoot,1,1048576,349525,1,24895000,6728350532028667740
normal-o3,1,256,suffix-3,256,cpp-std-vector,1,1048576,349525,1,26002000,6728350532028667740
normal-o3,1,256,suffix-3,256,take-swap-c,2,1048576,349525,1,31056000,16375005947844727475
normal-o3,1,256,suffix-3,256,swap-take-c,2,1048576,349525,1,35882000,16375005947844727475
normal-o3,1,256,suffix-3,256,direct-c,2,1048576,349525,1,25088000,16375005947844727475
normal-o3,1,256,suffix-3,256,reverse-c,2,1048576,349525,1,35501000,16375005947844727475
normal-o3,1,256,suffix-3,256,whitefoot,2,1048576,349525,1,25462000,16375005947844727475
normal-o3,1,256,suffix-3,256,cpp-std-vector,2,1048576,349525,1,26041000,16375005947844727475
normal-o3,1,256,suffix-3,256,rust-vec,2,1048576,349525,1,25039000,16375005947844727475
normal-o3,1,256,suffix-3,256,swap-take-c,3,1048576,349525,1,35313000,7574917289951235594
normal-o3,1,256,suffix-3,256,direct-c,3,1048576,349525,1,25193000,7574917289951235594
normal-o3,1,256,suffix-3,256,reverse-c,3,1048576,349525,1,36752000,7574917289951235594
normal-o3,1,256,suffix-3,256,whitefoot,3,1048576,349525,1,25856000,7574917289951235594
normal-o3,1,256,suffix-3,256,cpp-std-vector,3,1048576,349525,1,26190000,7574917289951235594
normal-o3,1,256,suffix-3,256,rust-vec,3,1048576,349525,1,24985000,7574917289951235594
normal-o3,1,256,suffix-3,256,take-swap-c,3,1048576,349525,1,30993000,7574917289951235594
normal-o3,1,256,suffix-3,256,direct-c,4,1048576,349525,1,25023000,17221572705767295329
normal-o3,1,256,suffix-3,256,reverse-c,4,1048576,349525,1,35406000,17221572705767295329
normal-o3,1,256,suffix-3,256,whitefoot,4,1048576,349525,1,24881000,17221572705767295329
normal-o3,1,256,suffix-3,256,cpp-std-vector,4,1048576,349525,1,25925000,17221572705767295329
normal-o3,1,256,suffix-3,256,rust-vec,4,1048576,349525,1,25110000,17221572705767295329
normal-o3,1,256,suffix-3,256,take-swap-c,4,1048576,349525,1,31062000,17221572705767295329
normal-o3,1,256,suffix-3,256,swap-take-c,4,1048576,349525,1,35318000,17221572705767295329
normal-o3,1,256,suffix-3,256,reverse-c,5,1048576,349525,1,35382000,8421484047873803448
normal-o3,1,256,suffix-3,256,whitefoot,5,1048576,349525,1,24842000,8421484047873803448
normal-o3,1,256,suffix-3,256,cpp-std-vector,5,1048576,349525,1,26017000,8421484047873803448
normal-o3,1,256,suffix-3,256,rust-vec,5,1048576,349525,1,25023000,8421484047873803448
normal-o3,1,256,suffix-3,256,take-swap-c,5,1048576,349525,1,31111000,8421484047873803448
normal-o3,1,256,suffix-3,256,swap-take-c,5,1048576,349525,1,35339000,8421484047873803448
normal-o3,1,256,suffix-3,256,direct-c,5,1048576,349525,1,25053000,8421484047873803448
normal-o3,1,256,suffix-3,256,whitefoot,6,1048576,349525,1,24917000,18068139463689863183
normal-o3,1,256,suffix-3,256,cpp-std-vector,6,1048576,349525,1,26235000,18068139463689863183
normal-o3,1,256,suffix-3,256,rust-vec,6,1048576,349525,1,24972000,18068139463689863183
normal-o3,1,256,suffix-3,256,take-swap-c,6,1048576,349525,1,31012000,18068139463689863183
normal-o3,1,256,suffix-3,256,swap-take-c,6,1048576,349525,1,35409000,18068139463689863183
normal-o3,1,256,suffix-3,256,direct-c,6,1048576,349525,1,25067000,18068139463689863183
normal-o3,1,256,suffix-3,256,reverse-c,6,1048576,349525,1,35411000,18068139463689863183
normal-o3,1,256,suffix-3,4096,cpp-std-vector,0,1048576,349525,1,25962000,15626320741824457733
normal-o3,1,256,suffix-3,4096,rust-vec,0,1048576,349525,1,25165000,15626320741824457733
normal-o3,1,256,suffix-3,4096,take-swap-c,0,1048576,349525,1,31162000,15626320741824457733
normal-o3,1,256,suffix-3,4096,swap-take-c,0,1048576,349525,1,36525000,15626320741824457733
normal-o3,1,256,suffix-3,4096,direct-c,0,1048576,349525,1,25873000,15626320741824457733
normal-o3,1,256,suffix-3,4096,reverse-c,0,1048576,349525,1,36525000,15626320741824457733
normal-o3,1,256,suffix-3,4096,whitefoot,0,1048576,349525,1,25332000,15626320741824457733
normal-o3,1,256,suffix-3,4096,rust-vec,1,1048576,349525,1,25122000,11900565124691961692
normal-o3,1,256,suffix-3,4096,take-swap-c,1,1048576,349525,1,31209000,11900565124691961692
normal-o3,1,256,suffix-3,4096,swap-take-c,1,1048576,349525,1,35568000,11900565124691961692
normal-o3,1,256,suffix-3,4096,direct-c,1,1048576,349525,1,25157000,11900565124691961692
normal-o3,1,256,suffix-3,4096,reverse-c,1,1048576,349525,1,35672000,11900565124691961692
normal-o3,1,256,suffix-3,4096,whitefoot,1,1048576,349525,1,25184000,11900565124691961692
normal-o3,1,256,suffix-3,4096,cpp-std-vector,1,1048576,349525,1,26693000,11900565124691961692
normal-o3,1,256,suffix-3,4096,take-swap-c,2,1048576,349525,1,31967000,8174809507559465651
normal-o3,1,256,suffix-3,4096,swap-take-c,2,1048576,349525,1,35346000,8174809507559465651
normal-o3,1,256,suffix-3,4096,direct-c,2,1048576,349525,1,25215000,8174809507559465651
normal-o3,1,256,suffix-3,4096,reverse-c,2,1048576,349525,1,35630000,8174809507559465651
normal-o3,1,256,suffix-3,4096,whitefoot,2,1048576,349525,1,24922000,8174809507559465651
normal-o3,1,256,suffix-3,4096,cpp-std-vector,2,1048576,349525,1,26230000,8174809507559465651
normal-o3,1,256,suffix-3,4096,rust-vec,2,1048576,349525,1,25711000,8174809507559465651
normal-o3,1,256,suffix-3,4096,swap-take-c,3,1048576,349525,1,35735000,4449053890426969610
normal-o3,1,256,suffix-3,4096,direct-c,3,1048576,349525,1,25534000,4449053890426969610
normal-o3,1,256,suffix-3,4096,reverse-c,3,1048576,349525,1,35749000,4449053890426969610
normal-o3,1,256,suffix-3,4096,whitefoot,3,1048576,349525,1,25017000,4449053890426969610
normal-o3,1,256,suffix-3,4096,cpp-std-vector,3,1048576,349525,1,25980000,4449053890426969610
normal-o3,1,256,suffix-3,4096,rust-vec,3,1048576,349525,1,25093000,4449053890426969610
normal-o3,1,256,suffix-3,4096,take-swap-c,3,1048576,349525,1,31237000,4449053890426969610
normal-o3,1,256,suffix-3,4096,direct-c,4,1048576,349525,1,25145000,723298273294473569
normal-o3,1,256,suffix-3,4096,reverse-c,4,1048576,349525,1,35601000,723298273294473569
normal-o3,1,256,suffix-3,4096,whitefoot,4,1048576,349525,1,24997000,723298273294473569
normal-o3,1,256,suffix-3,4096,cpp-std-vector,4,1048576,349525,1,26067000,723298273294473569
normal-o3,1,256,suffix-3,4096,rust-vec,4,1048576,349525,1,25207000,723298273294473569
normal-o3,1,256,suffix-3,4096,take-swap-c,4,1048576,349525,1,31257000,723298273294473569
normal-o3,1,256,suffix-3,4096,swap-take-c,4,1048576,349525,1,36669000,723298273294473569
normal-o3,1,256,suffix-3,4096,reverse-c,5,1048576,349525,1,36262000,15444286729871529144
normal-o3,1,256,suffix-3,4096,whitefoot,5,1048576,349525,1,24987000,15444286729871529144
normal-o3,1,256,suffix-3,4096,cpp-std-vector,5,1048576,349525,1,26460000,15444286729871529144
normal-o3,1,256,suffix-3,4096,rust-vec,5,1048576,349525,1,25440000,15444286729871529144
normal-o3,1,256,suffix-3,4096,take-swap-c,5,1048576,349525,1,31173000,15444286729871529144
normal-o3,1,256,suffix-3,4096,swap-take-c,5,1048576,349525,1,35453000,15444286729871529144
normal-o3,1,256,suffix-3,4096,direct-c,5,1048576,349525,1,25217000,15444286729871529144
normal-o3,1,256,suffix-3,4096,whitefoot,6,1048576,349525,1,25086000,11718531112739033103
normal-o3,1,256,suffix-3,4096,cpp-std-vector,6,1048576,349525,1,26300000,11718531112739033103
normal-o3,1,256,suffix-3,4096,rust-vec,6,1048576,349525,1,25241000,11718531112739033103
normal-o3,1,256,suffix-3,4096,take-swap-c,6,1048576,349525,1,31200000,11718531112739033103
normal-o3,1,256,suffix-3,4096,swap-take-c,6,1048576,349525,1,35521000,11718531112739033103
normal-o3,1,256,suffix-3,4096,direct-c,6,1048576,349525,1,25220000,11718531112739033103
normal-o3,1,256,suffix-3,4096,reverse-c,6,1048576,349525,1,35575000,11718531112739033103
