contract,cohort,element_bytes,path,count,variant,sample,work,rounds,traces,elapsed_ns,checksum
normal-o3,0,8,reserved,16,whitefoot,0,1048576,65536,1,3156000,1613149332516896869
normal-o3,0,8,reserved,16,reverse-c,0,1048576,65536,1,4030000,1613149332516896869
normal-o3,0,8,reserved,16,direct-c,0,1048576,65536,1,3523000,1613149332516896869
normal-o3,0,8,reserved,16,swap-take-c,0,1048576,65536,1,3853000,1613149332516896869
normal-o3,0,8,reserved,16,take-swap-c,0,1048576,65536,1,3962000,1613149332516896869
normal-o3,0,8,reserved,16,rust-vec,0,1048576,65536,1,2377000,1613149332516896869
normal-o3,0,8,reserved,16,cpp-std-vector,0,1048576,65536,1,3182000,1613149332516896869
normal-o3,0,8,reserved,16,reverse-c,1,1048576,65536,1,3925000,15534383740606742630
normal-o3,0,8,reserved,16,direct-c,1,1048576,65536,1,3382000,15534383740606742630
normal-o3,0,8,reserved,16,swap-take-c,1,1048576,65536,1,3784000,15534383740606742630
normal-o3,0,8,reserved,16,take-swap-c,1,1048576,65536,1,3668000,15534383740606742630
normal-o3,0,8,reserved,16,rust-vec,1,1048576,65536,1,2482000,15534383740606742630
normal-o3,0,8,reserved,16,cpp-std-vector,1,1048576,65536,1,3176000,15534383740606742630
normal-o3,0,8,reserved,16,whitefoot,1,1048576,65536,1,3057000,15534383740606742630
normal-o3,0,8,reserved,16,direct-c,2,1048576,65536,1,3268000,11203551505675976807
normal-o3,0,8,reserved,16,swap-take-c,2,1048576,65536,1,3792000,11203551505675976807
normal-o3,0,8,reserved,16,take-swap-c,2,1048576,65536,1,3669000,11203551505675976807
normal-o3,0,8,reserved,16,rust-vec,2,1048576,65536,1,2387000,11203551505675976807
normal-o3,0,8,reserved,16,cpp-std-vector,2,1048576,65536,1,3187000,11203551505675976807
normal-o3,0,8,reserved,16,whitefoot,2,1048576,65536,1,3048000,11203551505675976807
normal-o3,0,8,reserved,16,reverse-c,2,1048576,65536,1,3954000,11203551505675976807
normal-o3,0,8,reserved,16,swap-take-c,3,1048576,65536,1,3799000,598448321840808040
normal-o3,0,8,reserved,16,take-swap-c,3,1048576,65536,1,3682000,598448321840808040
normal-o3,0,8,reserved,16,rust-vec,3,1048576,65536,1,2373000,598448321840808040
normal-o3,0,8,reserved,16,cpp-std-vector,3,1048576,65536,1,3260000,598448321840808040
normal-o3,0,8,reserved,16,whitefoot,3,1048576,65536,1,3048000,598448321840808040
normal-o3,0,8,reserved,16,reverse-c,3,1048576,65536,1,3927000,598448321840808040
normal-o3,0,8,reserved,16,direct-c,3,1048576,65536,1,3306000,598448321840808040
normal-o3,0,8,reserved,16,take-swap-c,4,1048576,65536,1,3664000,3717605000514633833
normal-o3,0,8,reserved,16,rust-vec,4,1048576,65536,1,2392000,3717605000514633833
normal-o3,0,8,reserved,16,cpp-std-vector,4,1048576,65536,1,3187000,3717605000514633833
normal-o3,0,8,reserved,16,whitefoot,4,1048576,65536,1,3059000,3717605000514633833
normal-o3,0,8,reserved,16,reverse-c,4,1048576,65536,1,3923000,3717605000514633833
normal-o3,0,8,reserved,16,direct-c,4,1048576,65536,1,3270000,3717605000514633833
normal-o3,0,8,reserved,16,swap-take-c,4,1048576,65536,1,3801000,3717605000514633833
normal-o3,0,8,reserved,16,rust-vec,5,1048576,65536,1,2372000,7745013020975693930
normal-o3,0,8,reserved,16,cpp-std-vector,5,1048576,65536,1,3183000,7745013020975693930
normal-o3,0,8,reserved,16,whitefoot,5,1048576,65536,1,3073000,7745013020975693930
normal-o3,0,8,reserved,16,reverse-c,5,1048576,65536,1,3968000,7745013020975693930
normal-o3,0,8,reserved,16,direct-c,5,1048576,65536,1,3422000,7745013020975693930
normal-o3,0,8,reserved,16,swap-take-c,5,1048576,65536,1,3938000,7745013020975693930
normal-o3,0,8,reserved,16,take-swap-c,5,1048576,65536,1,3666000,7745013020975693930
normal-o3,0,8,reserved,16,cpp-std-vector,6,1048576,65536,1,3193000,6351481337365135467
normal-o3,0,8,reserved,16,whitefoot,6,1048576,65536,1,3056000,6351481337365135467
normal-o3,0,8,reserved,16,reverse-c,6,1048576,65536,1,3925000,6351481337365135467
normal-o3,0,8,reserved,16,direct-c,6,1048576,65536,1,3355000,6351481337365135467
normal-o3,0,8,reserved,16,swap-take-c,6,1048576,65536,1,3798000,6351481337365135467
normal-o3,0,8,reserved,16,take-swap-c,6,1048576,65536,1,3691000,6351481337365135467
normal-o3,0,8,reserved,16,rust-vec,6,1048576,65536,1,2393000,6351481337365135467
normal-o3,0,8,reserved,256,whitefoot,0,1048576,4096,1,1703000,1498897996573024357
normal-o3,0,8,reserved,256,reverse-c,0,1048576,4096,1,3203000,1498897996573024357
normal-o3,0,8,reserved,256,direct-c,0,1048576,4096,1,1717000,1498897996573024357
normal-o3,0,8,reserved,256,swap-take-c,0,1048576,4096,1,2217000,1498897996573024357
normal-o3,0,8,reserved,256,take-swap-c,0,1048576,4096,1,2147000,1498897996573024357
normal-o3,0,8,reserved,256,rust-vec,0,1048576,4096,1,1535000,1498897996573024357
normal-o3,0,8,reserved,256,cpp-std-vector,0,1048576,4096,1,2126000,1498897996573024357
normal-o3,0,8,reserved,256,reverse-c,1,1048576,4096,1,3200000,7707534785925595238
normal-o3,0,8,reserved,256,direct-c,1,1048576,4096,1,1700000,7707534785925595238
normal-o3,0,8,reserved,256,swap-take-c,1,1048576,4096,1,2219000,7707534785925595238
normal-o3,0,8,reserved,256,take-swap-c,1,1048576,4096,1,2157000,7707534785925595238
normal-o3,0,8,reserved,256,rust-vec,1,1048576,4096,1,1536000,7707534785925595238
normal-o3,0,8,reserved,256,cpp-std-vector,1,1048576,4096,1,2102000,7707534785925595238
normal-o3,0,8,reserved,256,whitefoot,1,1048576,4096,1,1708000,7707534785925595238
normal-o3,0,8,reserved,256,direct-c,2,1048576,4096,1,1701000,5506079726878842983
normal-o3,0,8,reserved,256,swap-take-c,2,1048576,4096,1,2224000,5506079726878842983
normal-o3,0,8,reserved,256,take-swap-c,2,1048576,4096,1,2189000,5506079726878842983
normal-o3,0,8,reserved,256,rust-vec,2,1048576,4096,1,1539000,5506079726878842983
normal-o3,0,8,reserved,256,cpp-std-vector,2,1048576,4096,1,2129000,5506079726878842983
normal-o3,0,8,reserved,256,whitefoot,2,1048576,4096,1,1701000,5506079726878842983
normal-o3,0,8,reserved,256,reverse-c,2,1048576,4096,1,3206000,5506079726878842983
normal-o3,0,8,reserved,256,swap-take-c,3,1048576,4096,1,2135000,5888291873035911272
normal-o3,0,8,reserved,256,take-swap-c,3,1048576,4096,1,2154000,5888291873035911272
normal-o3,0,8,reserved,256,rust-vec,3,1048576,4096,1,1535000,5888291873035911272
normal-o3,0,8,reserved,256,cpp-std-vector,3,1048576,4096,1,2090000,5888291873035911272
normal-o3,0,8,reserved,256,whitefoot,3,1048576,4096,1,1706000,5888291873035911272
normal-o3,0,8,reserved,256,reverse-c,3,1048576,4096,1,3202000,5888291873035911272
normal-o3,0,8,reserved,256,direct-c,3,1048576,4096,1,1701000,5888291873035911272
normal-o3,0,8,reserved,256,take-swap-c,4,1048576,4096,1,2153000,7512286317303570537
normal-o3,0,8,reserved,256,rust-vec,4,1048576,4096,1,1537000,7512286317303570537
normal-o3,0,8,reserved,256,cpp-std-vector,4,1048576,4096,1,2072000,7512286317303570537
normal-o3,0,8,reserved,256,whitefoot,4,1048576,4096,1,1701000,7512286317303570537
normal-o3,0,8,reserved,256,reverse-c,4,1048576,4096,1,3216000,7512286317303570537
normal-o3,0,8,reserved,256,direct-c,4,1048576,4096,1,1704000,7512286317303570537
normal-o3,0,8,reserved,256,swap-take-c,4,1048576,4096,1,2217000,7512286317303570537
normal-o3,0,8,reserved,256,rust-vec,5,1048576,4096,1,1539000,13357584908658163818
normal-o3,0,8,reserved,256,cpp-std-vector,5,1048576,4096,1,2101000,13357584908658163818
normal-o3,0,8,reserved,256,whitefoot,5,1048576,4096,1,1703000,13357584908658163818
normal-o3,0,8,reserved,256,reverse-c,5,1048576,4096,1,3202000,13357584908658163818
normal-o3,0,8,reserved,256,direct-c,5,1048576,4096,1,1698000,13357584908658163818
normal-o3,0,8,reserved,256,swap-take-c,5,1048576,4096,1,2222000,13357584908658163818
normal-o3,0,8,reserved,256,take-swap-c,5,1048576,4096,1,2150000,13357584908658163818
normal-o3,0,8,reserved,256,cpp-std-vector,6,1048576,4096,1,2149000,10011933332678926443
normal-o3,0,8,reserved,256,whitefoot,6,1048576,4096,1,1706000,10011933332678926443
normal-o3,0,8,reserved,256,reverse-c,6,1048576,4096,1,3251000,10011933332678926443
normal-o3,0,8,reserved,256,direct-c,6,1048576,4096,1,1700000,10011933332678926443
normal-o3,0,8,reserved,256,swap-take-c,6,1048576,4096,1,2226000,10011933332678926443
normal-o3,0,8,reserved,256,take-swap-c,6,1048576,4096,1,2164000,10011933332678926443
normal-o3,0,8,reserved,256,rust-vec,6,1048576,4096,1,1552000,10011933332678926443
normal-o3,0,8,reserved,4096,whitefoot,0,1048576,256,1,1668000,2256710881311081573
normal-o3,0,8,reserved,4096,reverse-c,0,1048576,256,1,2850000,2256710881311081573
normal-o3,0,8,reserved,4096,direct-c,0,1048576,256,1,1650000,2256710881311081573
normal-o3,0,8,reserved,4096,swap-take-c,0,1048576,256,1,2162000,2256710881311081573
normal-o3,0,8,reserved,4096,take-swap-c,0,1048576,256,1,2053000,2256710881311081573
normal-o3,0,8,reserved,4096,rust-vec,0,1048576,256,1,1528000,2256710881311081573
normal-o3,0,8,reserved,4096,cpp-std-vector,0,1048576,256,1,2037000,2256710881311081573
normal-o3,0,8,reserved,4096,reverse-c,1,1048576,256,1,2889000,6904654748820097126
normal-o3,0,8,reserved,4096,direct-c,1,1048576,256,1,1636000,6904654748820097126
normal-o3,0,8,reserved,4096,swap-take-c,1,1048576,256,1,2146000,6904654748820097126
normal-o3,0,8,reserved,4096,take-swap-c,1,1048576,256,1,2054000,6904654748820097126
normal-o3,0,8,reserved,4096,rust-vec,1,1048576,256,1,1525000,6904654748820097126
normal-o3,0,8,reserved,4096,cpp-std-vector,1,1048576,256,1,2053000,6904654748820097126
normal-o3,0,8,reserved,4096,whitefoot,1,1048576,256,1,1697000,6904654748820097126
normal-o3,0,8,reserved,4096,direct-c,2,1048576,256,1,1646000,16426223538089053287
normal-o3,0,8,reserved,4096,swap-take-c,2,1048576,256,1,2147000,16426223538089053287
normal-o3,0,8,reserved,4096,take-swap-c,2,1048576,256,1,2049000,16426223538089053287
normal-o3,0,8,reserved,4096,rust-vec,2,1048576,256,1,1531000,16426223538089053287
normal-o3,0,8,reserved,4096,cpp-std-vector,2,1048576,256,1,2037000,16426223538089053287
normal-o3,0,8,reserved,4096,whitefoot,2,1048576,256,1,1669000,16426223538089053287
normal-o3,0,8,reserved,4096,reverse-c,2,1048576,256,1,2850000,16426223538089053287
normal-o3,0,8,reserved,4096,swap-take-c,3,1048576,256,1,2155000,9531859752620511336
normal-o3,0,8,reserved,4096,take-swap-c,3,1048576,256,1,2054000,9531859752620511336
normal-o3,0,8,reserved,4096,rust-vec,3,1048576,256,1,1550000,9531859752620511336
normal-o3,0,8,reserved,4096,cpp-std-vector,3,1048576,256,1,2078000,9531859752620511336
normal-o3,0,8,reserved,4096,whitefoot,3,1048576,256,1,1665000,9531859752620511336
normal-o3,0,8,reserved,4096,reverse-c,3,1048576,256,1,2836000,9531859752620511336
normal-o3,0,8,reserved,4096,direct-c,3,1048576,256,1,1642000,9531859752620511336
normal-o3,0,8,reserved,4096,take-swap-c,4,1048576,256,1,2061000,14830550356061344873
normal-o3,0,8,reserved,4096,rust-vec,4,1048576,256,1,1526000,14830550356061344873
normal-o3,0,8,reserved,4096,cpp-std-vector,4,1048576,256,1,2110000,14830550356061344873
normal-o3,0,8,reserved,4096,whitefoot,4,1048576,256,1,1672000,14830550356061344873
normal-o3,0,8,reserved,4096,reverse-c,4,1048576,256,1,2842000,14830550356061344873
normal-o3,0,8,reserved,4096,direct-c,4,1048576,256,1,1639000,14830550356061344873
normal-o3,0,8,reserved,4096,swap-take-c,4,1048576,256,1,2148000,14830550356061344873
normal-o3,0,8,reserved,4096,rust-vec,5,1048576,256,1,1531000,11014393161628833898
normal-o3,0,8,reserved,4096,cpp-std-vector,5,1048576,256,1,2107000,11014393161628833898
normal-o3,0,8,reserved,4096,whitefoot,5,1048576,256,1,1667000,11014393161628833898
normal-o3,0,8,reserved,4096,reverse-c,5,1048576,256,1,2855000,11014393161628833898
normal-o3,0,8,reserved,4096,direct-c,5,1048576,256,1,1674000,11014393161628833898
normal-o3,0,8,reserved,4096,swap-take-c,5,1048576,256,1,2175000,11014393161628833898
normal-o3,0,8,reserved,4096,take-swap-c,5,1048576,256,1,2056000,11014393161628833898
normal-o3,0,8,reserved,4096,cpp-std-vector,6,1048576,256,1,2038000,3531045655943011435
normal-o3,0,8,reserved,4096,whitefoot,6,1048576,256,1,1675000,3531045655943011435
normal-o3,0,8,reserved,4096,reverse-c,6,1048576,256,1,2844000,3531045655943011435
normal-o3,0,8,reserved,4096,direct-c,6,1048576,256,1,1639000,3531045655943011435
normal-o3,0,8,reserved,4096,swap-take-c,6,1048576,256,1,2144000,3531045655943011435
normal-o3,0,8,reserved,4096,take-swap-c,6,1048576,256,1,2051000,3531045655943011435
normal-o3,0,8,reserved,4096,rust-vec,6,1048576,256,1,1538000,3531045655943011435
normal-o3,0,8,growth,16,whitefoot,0,1048576,65536,1,10723000,1613149332516896869
normal-o3,0,8,growth,16,reverse-c,0,1048576,65536,1,11891000,1613149332516896869
normal-o3,0,8,growth,16,direct-c,0,1048576,65536,1,10908000,1613149332516896869
normal-o3,0,8,growth,16,swap-take-c,0,1048576,65536,1,11159000,1613149332516896869
normal-o3,0,8,growth,16,take-swap-c,0,1048576,65536,1,11336000,1613149332516896869
normal-o3,0,8,growth,16,rust-vec,0,1048576,65536,1,9767000,1613149332516896869
normal-o3,0,8,growth,16,cpp-std-vector,0,1048576,65536,1,11020000,1613149332516896869
normal-o3,0,8,growth,16,reverse-c,1,1048576,65536,1,10789000,15534383740606742630
normal-o3,0,8,growth,16,direct-c,1,1048576,65536,1,10095000,15534383740606742630
normal-o3,0,8,growth,16,swap-take-c,1,1048576,65536,1,10637000,15534383740606742630
normal-o3,0,8,growth,16,take-swap-c,1,1048576,65536,1,10467000,15534383740606742630
normal-o3,0,8,growth,16,rust-vec,1,1048576,65536,1,9333000,15534383740606742630
normal-o3,0,8,growth,16,cpp-std-vector,1,1048576,65536,1,10783000,15534383740606742630
normal-o3,0,8,growth,16,whitefoot,1,1048576,65536,1,10427000,15534383740606742630
normal-o3,0,8,growth,16,direct-c,2,1048576,65536,1,10067000,11203551505675976807
normal-o3,0,8,growth,16,swap-take-c,2,1048576,65536,1,10573000,11203551505675976807
normal-o3,0,8,growth,16,take-swap-c,2,1048576,65536,1,10492000,11203551505675976807
normal-o3,0,8,growth,16,rust-vec,2,1048576,65536,1,9127000,11203551505675976807
normal-o3,0,8,growth,16,cpp-std-vector,2,1048576,65536,1,10958000,11203551505675976807
normal-o3,0,8,growth,16,whitefoot,2,1048576,65536,1,10558000,11203551505675976807
normal-o3,0,8,growth,16,reverse-c,2,1048576,65536,1,10919000,11203551505675976807
normal-o3,0,8,growth,16,swap-take-c,3,1048576,65536,1,10878000,598448321840808040
normal-o3,0,8,growth,16,take-swap-c,3,1048576,65536,1,10438000,598448321840808040
normal-o3,0,8,growth,16,rust-vec,3,1048576,65536,1,9121000,598448321840808040
normal-o3,0,8,growth,16,cpp-std-vector,3,1048576,65536,1,10678000,598448321840808040
normal-o3,0,8,growth,16,whitefoot,3,1048576,65536,1,10323000,598448321840808040
normal-o3,0,8,growth,16,reverse-c,3,1048576,65536,1,10763000,598448321840808040
normal-o3,0,8,growth,16,direct-c,3,1048576,65536,1,10094000,598448321840808040
normal-o3,0,8,growth,16,take-swap-c,4,1048576,65536,1,10501000,3717605000514633833
normal-o3,0,8,growth,16,rust-vec,4,1048576,65536,1,9128000,3717605000514633833
normal-o3,0,8,growth,16,cpp-std-vector,4,1048576,65536,1,10657000,3717605000514633833
normal-o3,0,8,growth,16,whitefoot,4,1048576,65536,1,10343000,3717605000514633833
normal-o3,0,8,growth,16,reverse-c,4,1048576,65536,1,10780000,3717605000514633833
normal-o3,0,8,growth,16,direct-c,4,1048576,65536,1,10320000,3717605000514633833
normal-o3,0,8,growth,16,swap-take-c,4,1048576,65536,1,10957000,3717605000514633833
normal-o3,0,8,growth,16,rust-vec,5,1048576,65536,1,9422000,7745013020975693930
normal-o3,0,8,growth,16,cpp-std-vector,5,1048576,65536,1,11008000,7745013020975693930
normal-o3,0,8,growth,16,whitefoot,5,1048576,65536,1,10773000,7745013020975693930
normal-o3,0,8,growth,16,reverse-c,5,1048576,65536,1,11159000,7745013020975693930
normal-o3,0,8,growth,16,direct-c,5,1048576,65536,1,10076000,7745013020975693930
normal-o3,0,8,growth,16,swap-take-c,5,1048576,65536,1,10548000,7745013020975693930
normal-o3,0,8,growth,16,take-swap-c,5,1048576,65536,1,10460000,7745013020975693930
normal-o3,0,8,growth,16,cpp-std-vector,6,1048576,65536,1,10642000,6351481337365135467
normal-o3,0,8,growth,16,whitefoot,6,1048576,65536,1,10388000,6351481337365135467
normal-o3,0,8,growth,16,reverse-c,6,1048576,65536,1,10760000,6351481337365135467
normal-o3,0,8,growth,16,direct-c,6,1048576,65536,1,10100000,6351481337365135467
normal-o3,0,8,growth,16,swap-take-c,6,1048576,65536,1,10615000,6351481337365135467
normal-o3,0,8,growth,16,take-swap-c,6,1048576,65536,1,10549000,6351481337365135467
normal-o3,0,8,growth,16,rust-vec,6,1048576,65536,1,9166000,6351481337365135467
normal-o3,0,8,growth,256,whitefoot,0,1048576,4096,1,2877000,1498897996573024357
normal-o3,0,8,growth,256,reverse-c,0,1048576,4096,1,4381000,1498897996573024357
normal-o3,0,8,growth,256,direct-c,0,1048576,4096,1,2834000,1498897996573024357
normal-o3,0,8,growth,256,swap-take-c,0,1048576,4096,1,3369000,1498897996573024357
normal-o3,0,8,growth,256,take-swap-c,0,1048576,4096,1,3355000,1498897996573024357
normal-o3,0,8,growth,256,rust-vec,0,1048576,4096,1,2943000,1498897996573024357
normal-o3,0,8,growth,256,cpp-std-vector,0,1048576,4096,1,3369000,1498897996573024357
normal-o3,0,8,growth,256,reverse-c,1,1048576,4096,1,4370000,7707534785925595238
normal-o3,0,8,growth,256,direct-c,1,1048576,4096,1,2834000,7707534785925595238
normal-o3,0,8,growth,256,swap-take-c,1,1048576,4096,1,3336000,7707534785925595238
normal-o3,0,8,growth,256,take-swap-c,1,1048576,4096,1,3359000,7707534785925595238
normal-o3,0,8,growth,256,rust-vec,1,1048576,4096,1,2963000,7707534785925595238
normal-o3,0,8,growth,256,cpp-std-vector,1,1048576,4096,1,3333000,7707534785925595238
normal-o3,0,8,growth,256,whitefoot,1,1048576,4096,1,2894000,7707534785925595238
normal-o3,0,8,growth,256,direct-c,2,1048576,4096,1,2843000,5506079726878842983
normal-o3,0,8,growth,256,swap-take-c,2,1048576,4096,1,3347000,5506079726878842983
normal-o3,0,8,growth,256,take-swap-c,2,1048576,4096,1,3309000,5506079726878842983
normal-o3,0,8,growth,256,rust-vec,2,1048576,4096,1,2956000,5506079726878842983
normal-o3,0,8,growth,256,cpp-std-vector,2,1048576,4096,1,3348000,5506079726878842983
normal-o3,0,8,growth,256,whitefoot,2,1048576,4096,1,2864000,5506079726878842983
normal-o3,0,8,growth,256,reverse-c,2,1048576,4096,1,4362000,5506079726878842983
normal-o3,0,8,growth,256,swap-take-c,3,1048576,4096,1,3352000,5888291873035911272
normal-o3,0,8,growth,256,take-swap-c,3,1048576,4096,1,3237000,5888291873035911272
normal-o3,0,8,growth,256,rust-vec,3,1048576,4096,1,3001000,5888291873035911272
normal-o3,0,8,growth,256,cpp-std-vector,3,1048576,4096,1,3323000,5888291873035911272
normal-o3,0,8,growth,256,whitefoot,3,1048576,4096,1,2858000,5888291873035911272
normal-o3,0,8,growth,256,reverse-c,3,1048576,4096,1,4376000,5888291873035911272
normal-o3,0,8,growth,256,direct-c,3,1048576,4096,1,2840000,5888291873035911272
normal-o3,0,8,growth,256,take-swap-c,4,1048576,4096,1,3295000,7512286317303570537
normal-o3,0,8,growth,256,rust-vec,4,1048576,4096,1,2967000,7512286317303570537
normal-o3,0,8,growth,256,cpp-std-vector,4,1048576,4096,1,3324000,7512286317303570537
normal-o3,0,8,growth,256,whitefoot,4,1048576,4096,1,2859000,7512286317303570537
normal-o3,0,8,growth,256,reverse-c,4,1048576,4096,1,4378000,7512286317303570537
normal-o3,0,8,growth,256,direct-c,4,1048576,4096,1,2859000,7512286317303570537
normal-o3,0,8,growth,256,swap-take-c,4,1048576,4096,1,3336000,7512286317303570537
normal-o3,0,8,growth,256,rust-vec,5,1048576,4096,1,2970000,13357584908658163818
normal-o3,0,8,growth,256,cpp-std-vector,5,1048576,4096,1,3331000,13357584908658163818
normal-o3,0,8,growth,256,whitefoot,5,1048576,4096,1,2858000,13357584908658163818
normal-o3,0,8,growth,256,reverse-c,5,1048576,4096,1,4402000,13357584908658163818
normal-o3,0,8,growth,256,direct-c,5,1048576,4096,1,2834000,13357584908658163818
normal-o3,0,8,growth,256,swap-take-c,5,1048576,4096,1,3345000,13357584908658163818
normal-o3,0,8,growth,256,take-swap-c,5,1048576,4096,1,3323000,13357584908658163818
normal-o3,0,8,growth,256,cpp-std-vector,6,1048576,4096,1,3325000,10011933332678926443
normal-o3,0,8,growth,256,whitefoot,6,1048576,4096,1,2884000,10011933332678926443
normal-o3,0,8,growth,256,reverse-c,6,1048576,4096,1,4363000,10011933332678926443
normal-o3,0,8,growth,256,direct-c,6,1048576,4096,1,2896000,10011933332678926443
normal-o3,0,8,growth,256,swap-take-c,6,1048576,4096,1,3512000,10011933332678926443
normal-o3,0,8,growth,256,take-swap-c,6,1048576,4096,1,3485000,10011933332678926443
normal-o3,0,8,growth,256,rust-vec,6,1048576,4096,1,3119000,10011933332678926443
normal-o3,0,8,growth,4096,whitefoot,0,1048576,256,1,2055000,2256710881311081573
normal-o3,0,8,growth,4096,reverse-c,0,1048576,256,1,3235000,2256710881311081573
normal-o3,0,8,growth,4096,direct-c,0,1048576,256,1,2070000,2256710881311081573
normal-o3,0,8,growth,4096,swap-take-c,0,1048576,256,1,2539000,2256710881311081573
normal-o3,0,8,growth,4096,take-swap-c,0,1048576,256,1,2459000,2256710881311081573
normal-o3,0,8,growth,4096,rust-vec,0,1048576,256,1,1916000,2256710881311081573
normal-o3,0,8,growth,4096,cpp-std-vector,0,1048576,256,1,2491000,2256710881311081573
normal-o3,0,8,growth,4096,reverse-c,1,1048576,256,1,3243000,6904654748820097126
normal-o3,0,8,growth,4096,direct-c,1,1048576,256,1,2043000,6904654748820097126
normal-o3,0,8,growth,4096,swap-take-c,1,1048576,256,1,2589000,6904654748820097126
normal-o3,0,8,growth,4096,take-swap-c,1,1048576,256,1,2463000,6904654748820097126
normal-o3,0,8,growth,4096,rust-vec,1,1048576,256,1,1932000,6904654748820097126
normal-o3,0,8,growth,4096,cpp-std-vector,1,1048576,256,1,2406000,6904654748820097126
normal-o3,0,8,growth,4096,whitefoot,1,1048576,256,1,2080000,6904654748820097126
normal-o3,0,8,growth,4096,direct-c,2,1048576,256,1,2046000,16426223538089053287
normal-o3,0,8,growth,4096,swap-take-c,2,1048576,256,1,2546000,16426223538089053287
normal-o3,0,8,growth,4096,take-swap-c,2,1048576,256,1,2443000,16426223538089053287
normal-o3,0,8,growth,4096,rust-vec,2,1048576,256,1,1921000,16426223538089053287
normal-o3,0,8,growth,4096,cpp-std-vector,2,1048576,256,1,2408000,16426223538089053287
normal-o3,0,8,growth,4096,whitefoot,2,1048576,256,1,2052000,16426223538089053287
normal-o3,0,8,growth,4096,reverse-c,2,1048576,256,1,3251000,16426223538089053287
normal-o3,0,8,growth,4096,swap-take-c,3,1048576,256,1,2552000,9531859752620511336
normal-o3,0,8,growth,4096,take-swap-c,3,1048576,256,1,2441000,9531859752620511336
normal-o3,0,8,growth,4096,rust-vec,3,1048576,256,1,1920000,9531859752620511336
normal-o3,0,8,growth,4096,cpp-std-vector,3,1048576,256,1,2415000,9531859752620511336
normal-o3,0,8,growth,4096,whitefoot,3,1048576,256,1,2108000,9531859752620511336
normal-o3,0,8,growth,4096,reverse-c,3,1048576,256,1,3281000,9531859752620511336
normal-o3,0,8,growth,4096,direct-c,3,1048576,256,1,2054000,9531859752620511336
normal-o3,0,8,growth,4096,take-swap-c,4,1048576,256,1,2454000,14830550356061344873
normal-o3,0,8,growth,4096,rust-vec,4,1048576,256,1,1922000,14830550356061344873
normal-o3,0,8,growth,4096,cpp-std-vector,4,1048576,256,1,2411000,14830550356061344873
normal-o3,0,8,growth,4096,whitefoot,4,1048576,256,1,2064000,14830550356061344873
normal-o3,0,8,growth,4096,reverse-c,4,1048576,256,1,3246000,14830550356061344873
normal-o3,0,8,growth,4096,direct-c,4,1048576,256,1,2054000,14830550356061344873
normal-o3,0,8,growth,4096,swap-take-c,4,1048576,256,1,2572000,14830550356061344873
normal-o3,0,8,growth,4096,rust-vec,5,1048576,256,1,1920000,11014393161628833898
normal-o3,0,8,growth,4096,cpp-std-vector,5,1048576,256,1,2415000,11014393161628833898
normal-o3,0,8,growth,4096,whitefoot,5,1048576,256,1,2062000,11014393161628833898
normal-o3,0,8,growth,4096,reverse-c,5,1048576,256,1,3245000,11014393161628833898
normal-o3,0,8,growth,4096,direct-c,5,1048576,256,1,2053000,11014393161628833898
normal-o3,0,8,growth,4096,swap-take-c,5,1048576,256,1,2591000,11014393161628833898
normal-o3,0,8,growth,4096,take-swap-c,5,1048576,256,1,2460000,11014393161628833898
normal-o3,0,8,growth,4096,cpp-std-vector,6,1048576,256,1,2409000,3531045655943011435
normal-o3,0,8,growth,4096,whitefoot,6,1048576,256,1,2061000,3531045655943011435
normal-o3,0,8,growth,4096,reverse-c,6,1048576,256,1,3239000,3531045655943011435
normal-o3,0,8,growth,4096,direct-c,6,1048576,256,1,2050000,3531045655943011435
normal-o3,0,8,growth,4096,swap-take-c,6,1048576,256,1,2551000,3531045655943011435
normal-o3,0,8,growth,4096,take-swap-c,6,1048576,256,1,2447000,3531045655943011435
normal-o3,0,8,growth,4096,rust-vec,6,1048576,256,1,1927000,3531045655943011435
normal-o3,0,8,reuse,16,whitefoot,0,1048576,65536,1,1253000,1613149332516896869
normal-o3,0,8,reuse,16,reverse-c,0,1048576,65536,1,2270000,1613149332516896869
normal-o3,0,8,reuse,16,direct-c,0,1048576,65536,1,1758000,1613149332516896869
normal-o3,0,8,reuse,16,swap-take-c,0,1048576,65536,1,1920000,1613149332516896869
normal-o3,0,8,reuse,16,take-swap-c,0,1048576,65536,1,1982000,1613149332516896869
normal-o3,0,8,reuse,16,rust-vec,0,1048576,65536,1,1267000,1613149332516896869
normal-o3,0,8,reuse,16,cpp-std-vector,0,1048576,65536,1,2248000,1613149332516896869
normal-o3,0,8,reuse,16,reverse-c,1,1048576,65536,1,2268000,15534383740606742630
normal-o3,0,8,reuse,16,direct-c,1,1048576,65536,1,1765000,15534383740606742630
normal-o3,0,8,reuse,16,swap-take-c,1,1048576,65536,1,1919000,15534383740606742630
normal-o3,0,8,reuse,16,take-swap-c,1,1048576,65536,1,1980000,15534383740606742630
normal-o3,0,8,reuse,16,rust-vec,1,1048576,65536,1,1236000,15534383740606742630
normal-o3,0,8,reuse,16,cpp-std-vector,1,1048576,65536,1,2146000,15534383740606742630
normal-o3,0,8,reuse,16,whitefoot,1,1048576,65536,1,1247000,15534383740606742630
normal-o3,0,8,reuse,16,direct-c,2,1048576,65536,1,1772000,11203551505675976807
normal-o3,0,8,reuse,16,swap-take-c,2,1048576,65536,1,1919000,11203551505675976807
normal-o3,0,8,reuse,16,take-swap-c,2,1048576,65536,1,1984000,11203551505675976807
normal-o3,0,8,reuse,16,rust-vec,2,1048576,65536,1,1229000,11203551505675976807
normal-o3,0,8,reuse,16,cpp-std-vector,2,1048576,65536,1,2151000,11203551505675976807
normal-o3,0,8,reuse,16,whitefoot,2,1048576,65536,1,1245000,11203551505675976807
normal-o3,0,8,reuse,16,reverse-c,2,1048576,65536,1,2268000,11203551505675976807
normal-o3,0,8,reuse,16,swap-take-c,3,1048576,65536,1,1914000,598448321840808040
normal-o3,0,8,reuse,16,take-swap-c,3,1048576,65536,1,1985000,598448321840808040
normal-o3,0,8,reuse,16,rust-vec,3,1048576,65536,1,1257000,598448321840808040
normal-o3,0,8,reuse,16,cpp-std-vector,3,1048576,65536,1,2157000,598448321840808040
normal-o3,0,8,reuse,16,whitefoot,3,1048576,65536,1,1222000,598448321840808040
normal-o3,0,8,reuse,16,reverse-c,3,1048576,65536,1,2271000,598448321840808040
normal-o3,0,8,reuse,16,direct-c,3,1048576,65536,1,1761000,598448321840808040
normal-o3,0,8,reuse,16,take-swap-c,4,1048576,65536,1,1988000,3717605000514633833
normal-o3,0,8,reuse,16,rust-vec,4,1048576,65536,1,1233000,3717605000514633833
normal-o3,0,8,reuse,16,cpp-std-vector,4,1048576,65536,1,2151000,3717605000514633833
normal-o3,0,8,reuse,16,whitefoot,4,1048576,65536,1,1246000,3717605000514633833
normal-o3,0,8,reuse,16,reverse-c,4,1048576,65536,1,2274000,3717605000514633833
normal-o3,0,8,reuse,16,direct-c,4,1048576,65536,1,1765000,3717605000514633833
normal-o3,0,8,reuse,16,swap-take-c,4,1048576,65536,1,1924000,3717605000514633833
normal-o3,0,8,reuse,16,rust-vec,5,1048576,65536,1,1235000,7745013020975693930
normal-o3,0,8,reuse,16,cpp-std-vector,5,1048576,65536,1,2149000,7745013020975693930
normal-o3,0,8,reuse,16,whitefoot,5,1048576,65536,1,1226000,7745013020975693930
normal-o3,0,8,reuse,16,reverse-c,5,1048576,65536,1,2268000,7745013020975693930
normal-o3,0,8,reuse,16,direct-c,5,1048576,65536,1,1771000,7745013020975693930
normal-o3,0,8,reuse,16,swap-take-c,5,1048576,65536,1,1918000,7745013020975693930
normal-o3,0,8,reuse,16,take-swap-c,5,1048576,65536,1,1984000,7745013020975693930
normal-o3,0,8,reuse,16,cpp-std-vector,6,1048576,65536,1,2153000,6351481337365135467
normal-o3,0,8,reuse,16,whitefoot,6,1048576,65536,1,1237000,6351481337365135467
normal-o3,0,8,reuse,16,reverse-c,6,1048576,65536,1,2269000,6351481337365135467
normal-o3,0,8,reuse,16,direct-c,6,1048576,65536,1,1760000,6351481337365135467
normal-o3,0,8,reuse,16,swap-take-c,6,1048576,65536,1,1920000,6351481337365135467
normal-o3,0,8,reuse,16,take-swap-c,6,1048576,65536,1,2007000,6351481337365135467
normal-o3,0,8,reuse,16,rust-vec,6,1048576,65536,1,1235000,6351481337365135467
normal-o3,0,8,reuse,256,whitefoot,0,1048576,4096,1,1528000,1498897996573024357
normal-o3,0,8,reuse,256,reverse-c,0,1048576,4096,1,3088000,1498897996573024357
normal-o3,0,8,reuse,256,direct-c,0,1048576,4096,1,1538000,1498897996573024357
normal-o3,0,8,reuse,256,swap-take-c,0,1048576,4096,1,2051000,1498897996573024357
normal-o3,0,8,reuse,256,take-swap-c,0,1048576,4096,1,1977000,1498897996573024357
normal-o3,0,8,reuse,256,rust-vec,0,1048576,4096,1,1470000,1498897996573024357
normal-o3,0,8,reuse,256,cpp-std-vector,0,1048576,4096,1,2069000,1498897996573024357
normal-o3,0,8,reuse,256,reverse-c,1,1048576,4096,1,3106000,7707534785925595238
normal-o3,0,8,reuse,256,direct-c,1,1048576,4096,1,1561000,7707534785925595238
normal-o3,0,8,reuse,256,swap-take-c,1,1048576,4096,1,2045000,7707534785925595238
normal-o3,0,8,reuse,256,take-swap-c,1,1048576,4096,1,1978000,7707534785925595238
normal-o3,0,8,reuse,256,rust-vec,1,1048576,4096,1,1468000,7707534785925595238
normal-o3,0,8,reuse,256,cpp-std-vector,1,1048576,4096,1,2036000,7707534785925595238
normal-o3,0,8,reuse,256,whitefoot,1,1048576,4096,1,1528000,7707534785925595238
normal-o3,0,8,reuse,256,direct-c,2,1048576,4096,1,1540000,5506079726878842983
normal-o3,0,8,reuse,256,swap-take-c,2,1048576,4096,1,2043000,5506079726878842983
normal-o3,0,8,reuse,256,take-swap-c,2,1048576,4096,1,1979000,5506079726878842983
normal-o3,0,8,reuse,256,rust-vec,2,1048576,4096,1,1474000,5506079726878842983
normal-o3,0,8,reuse,256,cpp-std-vector,2,1048576,4096,1,2037000,5506079726878842983
normal-o3,0,8,reuse,256,whitefoot,2,1048576,4096,1,1528000,5506079726878842983
normal-o3,0,8,reuse,256,reverse-c,2,1048576,4096,1,3092000,5506079726878842983
normal-o3,0,8,reuse,256,swap-take-c,3,1048576,4096,1,2048000,5888291873035911272
normal-o3,0,8,reuse,256,take-swap-c,3,1048576,4096,1,1994000,5888291873035911272
normal-o3,0,8,reuse,256,rust-vec,3,1048576,4096,1,1470000,5888291873035911272
normal-o3,0,8,reuse,256,cpp-std-vector,3,1048576,4096,1,2065000,5888291873035911272
normal-o3,0,8,reuse,256,whitefoot,3,1048576,4096,1,1553000,5888291873035911272
normal-o3,0,8,reuse,256,reverse-c,3,1048576,4096,1,3089000,5888291873035911272
normal-o3,0,8,reuse,256,direct-c,3,1048576,4096,1,1570000,5888291873035911272
normal-o3,0,8,reuse,256,take-swap-c,4,1048576,4096,1,2022000,7512286317303570537
normal-o3,0,8,reuse,256,rust-vec,4,1048576,4096,1,1475000,7512286317303570537
normal-o3,0,8,reuse,256,cpp-std-vector,4,1048576,4096,1,2069000,7512286317303570537
normal-o3,0,8,reuse,256,whitefoot,4,1048576,4096,1,1530000,7512286317303570537
normal-o3,0,8,reuse,256,reverse-c,4,1048576,4096,1,3084000,7512286317303570537
normal-o3,0,8,reuse,256,direct-c,4,1048576,4096,1,1538000,7512286317303570537
normal-o3,0,8,reuse,256,swap-take-c,4,1048576,4096,1,2050000,7512286317303570537
normal-o3,0,8,reuse,256,rust-vec,5,1048576,4096,1,1468000,13357584908658163818
normal-o3,0,8,reuse,256,cpp-std-vector,5,1048576,4096,1,2032000,13357584908658163818
normal-o3,0,8,reuse,256,whitefoot,5,1048576,4096,1,1529000,13357584908658163818
normal-o3,0,8,reuse,256,reverse-c,5,1048576,4096,1,3185000,13357584908658163818
normal-o3,0,8,reuse,256,direct-c,5,1048576,4096,1,1534000,13357584908658163818
normal-o3,0,8,reuse,256,swap-take-c,5,1048576,4096,1,1958000,13357584908658163818
normal-o3,0,8,reuse,256,take-swap-c,5,1048576,4096,1,2025000,13357584908658163818
normal-o3,0,8,reuse,256,cpp-std-vector,6,1048576,4096,1,2206000,10011933332678926443
normal-o3,0,8,reuse,256,whitefoot,6,1048576,4096,1,1588000,10011933332678926443
normal-o3,0,8,reuse,256,reverse-c,6,1048576,4096,1,3280000,10011933332678926443
normal-o3,0,8,reuse,256,direct-c,6,1048576,4096,1,1646000,10011933332678926443
normal-o3,0,8,reuse,256,swap-take-c,6,1048576,4096,1,2100000,10011933332678926443
normal-o3,0,8,reuse,256,take-swap-c,6,1048576,4096,1,2108000,10011933332678926443
normal-o3,0,8,reuse,256,rust-vec,6,1048576,4096,1,1573000,10011933332678926443
normal-o3,0,8,reuse,4096,whitefoot,0,1048576,256,1,1659000,2256710881311081573
normal-o3,0,8,reuse,4096,reverse-c,0,1048576,256,1,2806000,2256710881311081573
normal-o3,0,8,reuse,4096,direct-c,0,1048576,256,1,1731000,2256710881311081573
normal-o3,0,8,reuse,4096,swap-take-c,0,1048576,256,1,2184000,2256710881311081573
normal-o3,0,8,reuse,4096,take-swap-c,0,1048576,256,1,2115000,2256710881311081573
normal-o3,0,8,reuse,4096,rust-vec,0,1048576,256,1,1584000,2256710881311081573
normal-o3,0,8,reuse,4096,cpp-std-vector,0,1048576,256,1,2073000,2256710881311081573
normal-o3,0,8,reuse,4096,reverse-c,1,1048576,256,1,2890000,6904654748820097126
normal-o3,0,8,reuse,4096,direct-c,1,1048576,256,1,1669000,6904654748820097126
normal-o3,0,8,reuse,4096,swap-take-c,1,1048576,256,1,2225000,6904654748820097126
normal-o3,0,8,reuse,4096,take-swap-c,1,1048576,256,1,2112000,6904654748820097126
normal-o3,0,8,reuse,4096,rust-vec,1,1048576,256,1,1545000,6904654748820097126
normal-o3,0,8,reuse,4096,cpp-std-vector,1,1048576,256,1,2149000,6904654748820097126
normal-o3,0,8,reuse,4096,whitefoot,1,1048576,256,1,1729000,6904654748820097126
normal-o3,0,8,reuse,4096,direct-c,2,1048576,256,1,1668000,16426223538089053287
normal-o3,0,8,reuse,4096,swap-take-c,2,1048576,256,1,2221000,16426223538089053287
normal-o3,0,8,reuse,4096,take-swap-c,2,1048576,256,1,2109000,16426223538089053287
normal-o3,0,8,reuse,4096,rust-vec,2,1048576,256,1,1583000,16426223538089053287
normal-o3,0,8,reuse,4096,cpp-std-vector,2,1048576,256,1,2053000,16426223538089053287
normal-o3,0,8,reuse,4096,whitefoot,2,1048576,256,1,1704000,16426223538089053287
normal-o3,0,8,reuse,4096,reverse-c,2,1048576,256,1,2804000,16426223538089053287
normal-o3,0,8,reuse,4096,swap-take-c,3,1048576,256,1,2145000,9531859752620511336
normal-o3,0,8,reuse,4096,take-swap-c,3,1048576,256,1,2021000,9531859752620511336
normal-o3,0,8,reuse,4096,rust-vec,3,1048576,256,1,1502000,9531859752620511336
normal-o3,0,8,reuse,4096,cpp-std-vector,3,1048576,256,1,2083000,9531859752620511336
normal-o3,0,8,reuse,4096,whitefoot,3,1048576,256,1,1635000,9531859752620511336
normal-o3,0,8,reuse,4096,reverse-c,3,1048576,256,1,2803000,9531859752620511336
normal-o3,0,8,reuse,4096,direct-c,3,1048576,256,1,1624000,9531859752620511336
normal-o3,0,8,reuse,4096,take-swap-c,4,1048576,256,1,2025000,14830550356061344873
normal-o3,0,8,reuse,4096,rust-vec,4,1048576,256,1,1502000,14830550356061344873
normal-o3,0,8,reuse,4096,cpp-std-vector,4,1048576,256,1,2065000,14830550356061344873
normal-o3,0,8,reuse,4096,whitefoot,4,1048576,256,1,1635000,14830550356061344873
normal-o3,0,8,reuse,4096,reverse-c,4,1048576,256,1,2820000,14830550356061344873
normal-o3,0,8,reuse,4096,direct-c,4,1048576,256,1,1616000,14830550356061344873
normal-o3,0,8,reuse,4096,swap-take-c,4,1048576,256,1,2113000,14830550356061344873
normal-o3,0,8,reuse,4096,rust-vec,5,1048576,256,1,1520000,11014393161628833898
normal-o3,0,8,reuse,4096,cpp-std-vector,5,1048576,256,1,2001000,11014393161628833898
normal-o3,0,8,reuse,4096,whitefoot,5,1048576,256,1,1638000,11014393161628833898
normal-o3,0,8,reuse,4096,reverse-c,5,1048576,256,1,2823000,11014393161628833898
normal-o3,0,8,reuse,4096,direct-c,5,1048576,256,1,1619000,11014393161628833898
normal-o3,0,8,reuse,4096,swap-take-c,5,1048576,256,1,2123000,11014393161628833898
normal-o3,0,8,reuse,4096,take-swap-c,5,1048576,256,1,2023000,11014393161628833898
normal-o3,0,8,reuse,4096,cpp-std-vector,6,1048576,256,1,2076000,3531045655943011435
normal-o3,0,8,reuse,4096,whitefoot,6,1048576,256,1,1641000,3531045655943011435
normal-o3,0,8,reuse,4096,reverse-c,6,1048576,256,1,3032000,3531045655943011435
normal-o3,0,8,reuse,4096,direct-c,6,1048576,256,1,1622000,3531045655943011435
normal-o3,0,8,reuse,4096,swap-take-c,6,1048576,256,1,2107000,3531045655943011435
normal-o3,0,8,reuse,4096,take-swap-c,6,1048576,256,1,2022000,3531045655943011435
normal-o3,0,8,reuse,4096,rust-vec,6,1048576,256,1,1501000,3531045655943011435
normal-o3,0,8,suffix-0,16,whitefoot,0,1048576,1048576,1,982000,1953714321357298
normal-o3,0,8,suffix-0,16,reverse-c,0,1048576,1048576,1,982000,1953714321357298
normal-o3,0,8,suffix-0,16,direct-c,0,1048576,1048576,1,2766000,1953714321357298
normal-o3,0,8,suffix-0,16,swap-take-c,0,1048576,1048576,1,2792000,1953714321357298
normal-o3,0,8,suffix-0,16,take-swap-c,0,1048576,1048576,1,1001000,1953714321357298
normal-o3,0,8,suffix-0,16,rust-vec,0,1048576,1048576,1,1014000,1953714321357298
normal-o3,0,8,suffix-0,16,cpp-std-vector,0,1048576,1048576,1,980000,1953714321357298
normal-o3,0,8,suffix-0,16,reverse-c,1,1048576,1048576,1,976000,7188693379551418836
normal-o3,0,8,suffix-0,16,direct-c,1,1048576,1048576,1,2767000,7188693379551418836
normal-o3,0,8,suffix-0,16,swap-take-c,1,1048576,1048576,1,2791000,7188693379551418836
normal-o3,0,8,suffix-0,16,take-swap-c,1,1048576,1048576,1,985000,7188693379551418836
normal-o3,0,8,suffix-0,16,rust-vec,1,1048576,1048576,1,997000,7188693379551418836
normal-o3,0,8,suffix-0,16,cpp-std-vector,1,1048576,1048576,1,985000,7188693379551418836
normal-o3,0,8,suffix-0,16,whitefoot,1,1048576,1048576,1,983000,7188693379551418836
normal-o3,0,8,suffix-0,16,direct-c,2,1048576,1048576,1,2762000,14375433044781480374
normal-o3,0,8,suffix-0,16,swap-take-c,2,1048576,1048576,1,2780000,14375433044781480374
normal-o3,0,8,suffix-0,16,take-swap-c,2,1048576,1048576,1,980000,14375433044781480374
normal-o3,0,8,suffix-0,16,rust-vec,2,1048576,1048576,1,996000,14375433044781480374
normal-o3,0,8,suffix-0,16,cpp-std-vector,2,1048576,1048576,1,979000,14375433044781480374
normal-o3,0,8,suffix-0,16,whitefoot,2,1048576,1048576,1,980000,14375433044781480374
normal-o3,0,8,suffix-0,16,reverse-c,2,1048576,1048576,1,976000,14375433044781480374
normal-o3,0,8,suffix-0,16,swap-take-c,3,1048576,1048576,1,2975000,3115428636301990296
normal-o3,0,8,suffix-0,16,take-swap-c,3,1048576,1048576,1,985000,3115428636301990296
normal-o3,0,8,suffix-0,16,rust-vec,3,1048576,1048576,1,1006000,3115428636301990296
normal-o3,0,8,suffix-0,16,cpp-std-vector,3,1048576,1048576,1,981000,3115428636301990296
normal-o3,0,8,suffix-0,16,whitefoot,3,1048576,1048576,1,977000,3115428636301990296
normal-o3,0,8,suffix-0,16,reverse-c,3,1048576,1048576,1,976000,3115428636301990296
normal-o3,0,8,suffix-0,16,direct-c,3,1048576,1048576,1,2766000,3115428636301990296
normal-o3,0,8,suffix-0,16,take-swap-c,4,1048576,1048576,1,1002000,10302168301532051834
normal-o3,0,8,suffix-0,16,rust-vec,4,1048576,1048576,1,1003000,10302168301532051834
normal-o3,0,8,suffix-0,16,cpp-std-vector,4,1048576,1048576,1,981000,10302168301532051834
normal-o3,0,8,suffix-0,16,whitefoot,4,1048576,1048576,1,986000,10302168301532051834
normal-o3,0,8,suffix-0,16,reverse-c,4,1048576,1048576,1,980000,10302168301532051834
normal-o3,0,8,suffix-0,16,direct-c,4,1048576,1048576,1,2856000,10302168301532051834
normal-o3,0,8,suffix-0,16,swap-take-c,4,1048576,1048576,1,2911000,10302168301532051834
normal-o3,0,8,suffix-0,16,rust-vec,5,1048576,1048576,1,1055000,17488907966762113372
normal-o3,0,8,suffix-0,16,cpp-std-vector,5,1048576,1048576,1,1033000,17488907966762113372
normal-o3,0,8,suffix-0,16,whitefoot,5,1048576,1048576,1,1039000,17488907966762113372
normal-o3,0,8,suffix-0,16,reverse-c,5,1048576,1048576,1,998000,17488907966762113372
normal-o3,0,8,suffix-0,16,direct-c,5,1048576,1048576,1,2764000,17488907966762113372
normal-o3,0,8,suffix-0,16,swap-take-c,5,1048576,1048576,1,2808000,17488907966762113372
normal-o3,0,8,suffix-0,16,take-swap-c,5,1048576,1048576,1,978000,17488907966762113372
normal-o3,0,8,suffix-0,16,cpp-std-vector,6,1048576,1048576,1,979000,6228903558282623294
normal-o3,0,8,suffix-0,16,whitefoot,6,1048576,1048576,1,978000,6228903558282623294
normal-o3,0,8,suffix-0,16,reverse-c,6,1048576,1048576,1,975000,6228903558282623294
normal-o3,0,8,suffix-0,16,direct-c,6,1048576,1048576,1,2893000,6228903558282623294
normal-o3,0,8,suffix-0,16,swap-take-c,6,1048576,1048576,1,2895000,6228903558282623294
normal-o3,0,8,suffix-0,16,take-swap-c,6,1048576,1048576,1,1049000,6228903558282623294
normal-o3,0,8,suffix-0,16,rust-vec,6,1048576,1048576,1,1049000,6228903558282623294
normal-o3,0,8,suffix-0,256,whitefoot,0,1048576,1048576,1,980000,17116383760326379594
normal-o3,0,8,suffix-0,256,reverse-c,0,1048576,1048576,1,982000,17116383760326379594
normal-o3,0,8,suffix-0,256,direct-c,0,1048576,1048576,1,2765000,17116383760326379594
normal-o3,0,8,suffix-0,256,swap-take-c,0,1048576,1048576,1,2782000,17116383760326379594
normal-o3,0,8,suffix-0,256,take-swap-c,0,1048576,1048576,1,983000,17116383760326379594
normal-o3,0,8,suffix-0,256,rust-vec,0,1048576,1048576,1,990000,17116383760326379594
normal-o3,0,8,suffix-0,256,cpp-std-vector,0,1048576,1048576,1,980000,17116383760326379594
normal-o3,0,8,suffix-0,256,reverse-c,1,1048576,1048576,1,982000,18422461136700962636
normal-o3,0,8,suffix-0,256,direct-c,1,1048576,1048576,1,2794000,18422461136700962636
normal-o3,0,8,suffix-0,256,swap-take-c,1,1048576,1048576,1,2859000,18422461136700962636
normal-o3,0,8,suffix-0,256,take-swap-c,1,1048576,1048576,1,985000,18422461136700962636
normal-o3,0,8,suffix-0,256,rust-vec,1,1048576,1048576,1,992000,18422461136700962636
normal-o3,0,8,suffix-0,256,cpp-std-vector,1,1048576,1048576,1,980000,18422461136700962636
normal-o3,0,8,suffix-0,256,whitefoot,1,1048576,1048576,1,985000,18422461136700962636
normal-o3,0,8,suffix-0,256,direct-c,2,1048576,1048576,1,2772000,1281794439365994062
normal-o3,0,8,suffix-0,256,swap-take-c,2,1048576,1048576,1,3147000,1281794439365994062
normal-o3,0,8,suffix-0,256,take-swap-c,2,1048576,1048576,1,1049000,1281794439365994062
normal-o3,0,8,suffix-0,256,rust-vec,2,1048576,1048576,1,1019000,1281794439365994062
normal-o3,0,8,suffix-0,256,cpp-std-vector,2,1048576,1048576,1,987000,1281794439365994062
normal-o3,0,8,suffix-0,256,whitefoot,2,1048576,1048576,1,1003000,1281794439365994062
normal-o3,0,8,suffix-0,256,reverse-c,2,1048576,1048576,1,975000,1281794439365994062
normal-o3,0,8,suffix-0,256,swap-take-c,3,1048576,1048576,1,2765000,2587871815740577104
normal-o3,0,8,suffix-0,256,take-swap-c,3,1048576,1048576,1,977000,2587871815740577104
normal-o3,0,8,suffix-0,256,rust-vec,3,1048576,1048576,1,984000,2587871815740577104
normal-o3,0,8,suffix-0,256,cpp-std-vector,3,1048576,1048576,1,980000,2587871815740577104
normal-o3,0,8,suffix-0,256,whitefoot,3,1048576,1048576,1,1021000,2587871815740577104
normal-o3,0,8,suffix-0,256,reverse-c,3,1048576,1048576,1,1044000,2587871815740577104
normal-o3,0,8,suffix-0,256,direct-c,3,1048576,1048576,1,2944000,2587871815740577104
normal-o3,0,8,suffix-0,256,take-swap-c,4,1048576,1048576,1,1031000,3893949192115160146
normal-o3,0,8,suffix-0,256,rust-vec,4,1048576,1048576,1,1015000,3893949192115160146
normal-o3,0,8,suffix-0,256,cpp-std-vector,4,1048576,1048576,1,1006000,3893949192115160146
normal-o3,0,8,suffix-0,256,whitefoot,4,1048576,1048576,1,1032000,3893949192115160146
normal-o3,0,8,suffix-0,256,reverse-c,4,1048576,1048576,1,995000,3893949192115160146
normal-o3,0,8,suffix-0,256,direct-c,4,1048576,1048576,1,2795000,3893949192115160146
normal-o3,0,8,suffix-0,256,swap-take-c,4,1048576,1048576,1,2974000,3893949192115160146
normal-o3,0,8,suffix-0,256,rust-vec,5,1048576,1048576,1,1047000,5200026568489743188
normal-o3,0,8,suffix-0,256,cpp-std-vector,5,1048576,1048576,1,1044000,5200026568489743188
normal-o3,0,8,suffix-0,256,whitefoot,5,1048576,1048576,1,1047000,5200026568489743188
normal-o3,0,8,suffix-0,256,reverse-c,5,1048576,1048576,1,1039000,5200026568489743188
normal-o3,0,8,suffix-0,256,direct-c,5,1048576,1048576,1,2942000,5200026568489743188
normal-o3,0,8,suffix-0,256,swap-take-c,5,1048576,1048576,1,2981000,5200026568489743188
normal-o3,0,8,suffix-0,256,take-swap-c,5,1048576,1048576,1,1050000,5200026568489743188
normal-o3,0,8,suffix-0,256,cpp-std-vector,6,1048576,1048576,1,1043000,6506103944864326230
normal-o3,0,8,suffix-0,256,whitefoot,6,1048576,1048576,1,1045000,6506103944864326230
normal-o3,0,8,suffix-0,256,reverse-c,6,1048576,1048576,1,1039000,6506103944864326230
normal-o3,0,8,suffix-0,256,direct-c,6,1048576,1048576,1,2993000,6506103944864326230
normal-o3,0,8,suffix-0,256,swap-take-c,6,1048576,1048576,1,2958000,6506103944864326230
normal-o3,0,8,suffix-0,256,take-swap-c,6,1048576,1048576,1,1035000,6506103944864326230
normal-o3,0,8,suffix-0,256,rust-vec,6,1048576,1048576,1,1024000,6506103944864326230
normal-o3,0,8,suffix-0,4096,whitefoot,0,1048576,1048576,1,1016000,4677669742816693706
normal-o3,0,8,suffix-0,4096,reverse-c,0,1048576,1048576,1,994000,4677669742816693706
normal-o3,0,8,suffix-0,4096,direct-c,0,1048576,1048576,1,2784000,4677669742816693706
normal-o3,0,8,suffix-0,4096,swap-take-c,0,1048576,1048576,1,2829000,4677669742816693706
normal-o3,0,8,suffix-0,4096,take-swap-c,0,1048576,1048576,1,982000,4677669742816693706
normal-o3,0,8,suffix-0,4096,rust-vec,0,1048576,1048576,1,990000,4677669742816693706
normal-o3,0,8,suffix-0,4096,cpp-std-vector,0,1048576,1048576,1,986000,4677669742816693706
normal-o3,0,8,suffix-0,4096,reverse-c,1,1048576,1048576,1,1010000,3271637737093033676
normal-o3,0,8,suffix-0,4096,direct-c,1,1048576,1048576,1,2810000,3271637737093033676
normal-o3,0,8,suffix-0,4096,swap-take-c,1,1048576,1048576,1,3000000,3271637737093033676
normal-o3,0,8,suffix-0,4096,take-swap-c,1,1048576,1048576,1,1004000,3271637737093033676
normal-o3,0,8,suffix-0,4096,rust-vec,1,1048576,1048576,1,991000,3271637737093033676
normal-o3,0,8,suffix-0,4096,cpp-std-vector,1,1048576,1048576,1,995000,3271637737093033676
normal-o3,0,8,suffix-0,4096,whitefoot,1,1048576,1048576,1,993000,3271637737093033676
normal-o3,0,8,suffix-0,4096,direct-c,2,1048576,1048576,1,2776000,1865605731369373646
normal-o3,0,8,suffix-0,4096,swap-take-c,2,1048576,1048576,1,2908000,1865605731369373646
normal-o3,0,8,suffix-0,4096,take-swap-c,2,1048576,1048576,1,1039000,1865605731369373646
normal-o3,0,8,suffix-0,4096,rust-vec,2,1048576,1048576,1,1025000,1865605731369373646
normal-o3,0,8,suffix-0,4096,cpp-std-vector,2,1048576,1048576,1,1018000,1865605731369373646
normal-o3,0,8,suffix-0,4096,whitefoot,2,1048576,1048576,1,1012000,1865605731369373646
normal-o3,0,8,suffix-0,4096,reverse-c,2,1048576,1048576,1,1015000,1865605731369373646
normal-o3,0,8,suffix-0,4096,swap-take-c,3,1048576,1048576,1,2803000,459573725645713616
normal-o3,0,8,suffix-0,4096,take-swap-c,3,1048576,1048576,1,992000,459573725645713616
normal-o3,0,8,suffix-0,4096,rust-vec,3,1048576,1048576,1,990000,459573725645713616
normal-o3,0,8,suffix-0,4096,cpp-std-vector,3,1048576,1048576,1,997000,459573725645713616
normal-o3,0,8,suffix-0,4096,whitefoot,3,1048576,1048576,1,1020000,459573725645713616
normal-o3,0,8,suffix-0,4096,reverse-c,3,1048576,1048576,1,1015000,459573725645713616
normal-o3,0,8,suffix-0,4096,direct-c,3,1048576,1048576,1,2858000,459573725645713616
normal-o3,0,8,suffix-0,4096,take-swap-c,4,1048576,1048576,1,1016000,17500285793631605202
normal-o3,0,8,suffix-0,4096,rust-vec,4,1048576,1048576,1,1007000,17500285793631605202
normal-o3,0,8,suffix-0,4096,cpp-std-vector,4,1048576,1048576,1,984000,17500285793631605202
normal-o3,0,8,suffix-0,4096,whitefoot,4,1048576,1048576,1,987000,17500285793631605202
normal-o3,0,8,suffix-0,4096,reverse-c,4,1048576,1048576,1,984000,17500285793631605202
normal-o3,0,8,suffix-0,4096,direct-c,4,1048576,1048576,1,2771000,17500285793631605202
normal-o3,0,8,suffix-0,4096,swap-take-c,4,1048576,1048576,1,2832000,17500285793631605202
normal-o3,0,8,suffix-0,4096,rust-vec,5,1048576,1048576,1,990000,16094253787907945172
normal-o3,0,8,suffix-0,4096,cpp-std-vector,5,1048576,1048576,1,1006000,16094253787907945172
normal-o3,0,8,suffix-0,4096,whitefoot,5,1048576,1048576,1,987000,16094253787907945172
normal-o3,0,8,suffix-0,4096,reverse-c,5,1048576,1048576,1,983000,16094253787907945172
normal-o3,0,8,suffix-0,4096,direct-c,5,1048576,1048576,1,2773000,16094253787907945172
normal-o3,0,8,suffix-0,4096,swap-take-c,5,1048576,1048576,1,2797000,16094253787907945172
normal-o3,0,8,suffix-0,4096,take-swap-c,5,1048576,1048576,1,991000,16094253787907945172
normal-o3,0,8,suffix-0,4096,cpp-std-vector,6,1048576,1048576,1,987000,14688221782184285142
normal-o3,0,8,suffix-0,4096,whitefoot,6,1048576,1048576,1,983000,14688221782184285142
normal-o3,0,8,suffix-0,4096,reverse-c,6,1048576,1048576,1,984000,14688221782184285142
normal-o3,0,8,suffix-0,4096,direct-c,6,1048576,1048576,1,2772000,14688221782184285142
normal-o3,0,8,suffix-0,4096,swap-take-c,6,1048576,1048576,1,2794000,14688221782184285142
normal-o3,0,8,suffix-0,4096,take-swap-c,6,1048576,1048576,1,987000,14688221782184285142
normal-o3,0,8,suffix-0,4096,rust-vec,6,1048576,1048576,1,992000,14688221782184285142
normal-o3,0,8,suffix-1,16,whitefoot,0,1048576,1048576,1,1304000,929898191272797080
normal-o3,0,8,suffix-1,16,reverse-c,0,1048576,1048576,1,3277000,929898191272797080
normal-o3,0,8,suffix-1,16,direct-c,0,1048576,1048576,1,2794000,929898191272797080
normal-o3,0,8,suffix-1,16,swap-take-c,0,1048576,1048576,1,3383000,929898191272797080
normal-o3,0,8,suffix-1,16,take-swap-c,0,1048576,1048576,1,3252000,929898191272797080
normal-o3,0,8,suffix-1,16,rust-vec,0,1048576,1048576,1,1549000,929898191272797080
normal-o3,0,8,suffix-1,16,cpp-std-vector,0,1048576,1048576,1,2927000,929898191272797080
normal-o3,0,8,suffix-1,16,reverse-c,1,1048576,1048576,1,3241000,4026886324240061497
normal-o3,0,8,suffix-1,16,direct-c,1,1048576,1048576,1,2790000,4026886324240061497
normal-o3,0,8,suffix-1,16,swap-take-c,1,1048576,1048576,1,3374000,4026886324240061497
normal-o3,0,8,suffix-1,16,take-swap-c,1,1048576,1048576,1,3220000,4026886324240061497
normal-o3,0,8,suffix-1,16,rust-vec,1,1048576,1048576,1,1544000,4026886324240061497
normal-o3,0,8,suffix-1,16,cpp-std-vector,1,1048576,1048576,1,2949000,4026886324240061497
normal-o3,0,8,suffix-1,16,whitefoot,1,1048576,1048576,1,1300000,4026886324240061497
normal-o3,0,8,suffix-1,16,direct-c,2,1048576,1048576,1,2781000,7123874457207325914
normal-o3,0,8,suffix-1,16,swap-take-c,2,1048576,1048576,1,3388000,7123874457207325914
normal-o3,0,8,suffix-1,16,take-swap-c,2,1048576,1048576,1,3280000,7123874457207325914
normal-o3,0,8,suffix-1,16,rust-vec,2,1048576,1048576,1,1605000,7123874457207325914
normal-o3,0,8,suffix-1,16,cpp-std-vector,2,1048576,1048576,1,3036000,7123874457207325914
normal-o3,0,8,suffix-1,16,whitefoot,2,1048576,1048576,1,1303000,7123874457207325914
normal-o3,0,8,suffix-1,16,reverse-c,2,1048576,1048576,1,3277000,7123874457207325914
normal-o3,0,8,suffix-1,16,swap-take-c,3,1048576,1048576,1,3345000,10220862590174590331
normal-o3,0,8,suffix-1,16,take-swap-c,3,1048576,1048576,1,3279000,10220862590174590331
normal-o3,0,8,suffix-1,16,rust-vec,3,1048576,1048576,1,1576000,10220862590174590331
normal-o3,0,8,suffix-1,16,cpp-std-vector,3,1048576,1048576,1,2935000,10220862590174590331
normal-o3,0,8,suffix-1,16,whitefoot,3,1048576,1048576,1,1306000,10220862590174590331
normal-o3,0,8,suffix-1,16,reverse-c,3,1048576,1048576,1,3246000,10220862590174590331
normal-o3,0,8,suffix-1,16,direct-c,3,1048576,1048576,1,2785000,10220862590174590331
normal-o3,0,8,suffix-1,16,take-swap-c,4,1048576,1048576,1,3257000,13317850723141854748
normal-o3,0,8,suffix-1,16,rust-vec,4,1048576,1048576,1,1546000,13317850723141854748
normal-o3,0,8,suffix-1,16,cpp-std-vector,4,1048576,1048576,1,2925000,13317850723141854748
normal-o3,0,8,suffix-1,16,whitefoot,4,1048576,1048576,1,1300000,13317850723141854748
normal-o3,0,8,suffix-1,16,reverse-c,4,1048576,1048576,1,3239000,13317850723141854748
normal-o3,0,8,suffix-1,16,direct-c,4,1048576,1048576,1,2781000,13317850723141854748
normal-o3,0,8,suffix-1,16,swap-take-c,4,1048576,1048576,1,3339000,13317850723141854748
normal-o3,0,8,suffix-1,16,rust-vec,5,1048576,1048576,1,1581000,16414838856109119165
normal-o3,0,8,suffix-1,16,cpp-std-vector,5,1048576,1048576,1,2930000,16414838856109119165
normal-o3,0,8,suffix-1,16,whitefoot,5,1048576,1048576,1,1300000,16414838856109119165
normal-o3,0,8,suffix-1,16,reverse-c,5,1048576,1048576,1,3232000,16414838856109119165
normal-o3,0,8,suffix-1,16,direct-c,5,1048576,1048576,1,2792000,16414838856109119165
normal-o3,0,8,suffix-1,16,swap-take-c,5,1048576,1048576,1,3368000,16414838856109119165
normal-o3,0,8,suffix-1,16,take-swap-c,5,1048576,1048576,1,3243000,16414838856109119165
normal-o3,0,8,suffix-1,16,cpp-std-vector,6,1048576,1048576,1,2924000,1065082915366831966
normal-o3,0,8,suffix-1,16,whitefoot,6,1048576,1048576,1,1299000,1065082915366831966
normal-o3,0,8,suffix-1,16,reverse-c,6,1048576,1048576,1,3248000,1065082915366831966
normal-o3,0,8,suffix-1,16,direct-c,6,1048576,1048576,1,2796000,1065082915366831966
normal-o3,0,8,suffix-1,16,swap-take-c,6,1048576,1048576,1,3378000,1065082915366831966
normal-o3,0,8,suffix-1,16,take-swap-c,6,1048576,1048576,1,3251000,1065082915366831966
normal-o3,0,8,suffix-1,16,rust-vec,6,1048576,1048576,1,1550000,1065082915366831966
normal-o3,0,8,suffix-1,256,whitefoot,0,1048576,1048576,1,1305000,14065998348325884944
normal-o3,0,8,suffix-1,256,reverse-c,0,1048576,1048576,1,3240000,14065998348325884944
normal-o3,0,8,suffix-1,256,direct-c,0,1048576,1048576,1,2785000,14065998348325884944
normal-o3,0,8,suffix-1,256,swap-take-c,0,1048576,1048576,1,3370000,14065998348325884944
normal-o3,0,8,suffix-1,256,take-swap-c,0,1048576,1048576,1,3251000,14065998348325884944
normal-o3,0,8,suffix-1,256,rust-vec,0,1048576,1048576,1,1544000,14065998348325884944
normal-o3,0,8,suffix-1,256,cpp-std-vector,0,1048576,1048576,1,2942000,14065998348325884944
normal-o3,0,8,suffix-1,256,reverse-c,1,1048576,1048576,1,3273000,5008019667339890449
normal-o3,0,8,suffix-1,256,direct-c,1,1048576,1048576,1,2782000,5008019667339890449
normal-o3,0,8,suffix-1,256,swap-take-c,1,1048576,1048576,1,3357000,5008019667339890449
normal-o3,0,8,suffix-1,256,take-swap-c,1,1048576,1048576,1,3282000,5008019667339890449
normal-o3,0,8,suffix-1,256,rust-vec,1,1048576,1048576,1,1549000,5008019667339890449
normal-o3,0,8,suffix-1,256,cpp-std-vector,1,1048576,1048576,1,2929000,5008019667339890449
normal-o3,0,8,suffix-1,256,whitefoot,1,1048576,1048576,1,1300000,5008019667339890449
normal-o3,0,8,suffix-1,256,direct-c,2,1048576,1048576,1,2783000,14396785060063447570
normal-o3,0,8,suffix-1,256,swap-take-c,2,1048576,1048576,1,3363000,14396785060063447570
normal-o3,0,8,suffix-1,256,take-swap-c,2,1048576,1048576,1,3263000,14396785060063447570
normal-o3,0,8,suffix-1,256,rust-vec,2,1048576,1048576,1,1556000,14396785060063447570
normal-o3,0,8,suffix-1,256,cpp-std-vector,2,1048576,1048576,1,2932000,14396785060063447570
normal-o3,0,8,suffix-1,256,whitefoot,2,1048576,1048576,1,1319000,14396785060063447570
normal-o3,0,8,suffix-1,256,reverse-c,2,1048576,1048576,1,3253000,14396785060063447570
normal-o3,0,8,suffix-1,256,swap-take-c,3,1048576,1048576,1,3370000,5338806379077453075
normal-o3,0,8,suffix-1,256,take-swap-c,3,1048576,1048576,1,3277000,5338806379077453075
normal-o3,0,8,suffix-1,256,rust-vec,3,1048576,1048576,1,1550000,5338806379077453075
normal-o3,0,8,suffix-1,256,cpp-std-vector,3,1048576,1048576,1,2927000,5338806379077453075
normal-o3,0,8,suffix-1,256,whitefoot,3,1048576,1048576,1,1302000,5338806379077453075
normal-o3,0,8,suffix-1,256,reverse-c,3,1048576,1048576,1,3235000,5338806379077453075
normal-o3,0,8,suffix-1,256,direct-c,3,1048576,1048576,1,2829000,5338806379077453075
normal-o3,0,8,suffix-1,256,take-swap-c,4,1048576,1048576,1,3220000,14727571771801010196
normal-o3,0,8,suffix-1,256,rust-vec,4,1048576,1048576,1,1546000,14727571771801010196
normal-o3,0,8,suffix-1,256,cpp-std-vector,4,1048576,1048576,1,2959000,14727571771801010196
normal-o3,0,8,suffix-1,256,whitefoot,4,1048576,1048576,1,1300000,14727571771801010196
normal-o3,0,8,suffix-1,256,reverse-c,4,1048576,1048576,1,3235000,14727571771801010196
normal-o3,0,8,suffix-1,256,direct-c,4,1048576,1048576,1,2784000,14727571771801010196
normal-o3,0,8,suffix-1,256,swap-take-c,4,1048576,1048576,1,3381000,14727571771801010196
normal-o3,0,8,suffix-1,256,rust-vec,5,1048576,1048576,1,1546000,5669593090815015701
normal-o3,0,8,suffix-1,256,cpp-std-vector,5,1048576,1048576,1,2928000,5669593090815015701
normal-o3,0,8,suffix-1,256,whitefoot,5,1048576,1048576,1,1300000,5669593090815015701
normal-o3,0,8,suffix-1,256,reverse-c,5,1048576,1048576,1,3236000,5669593090815015701
normal-o3,0,8,suffix-1,256,direct-c,5,1048576,1048576,1,2784000,5669593090815015701
normal-o3,0,8,suffix-1,256,swap-take-c,5,1048576,1048576,1,3377000,5669593090815015701
normal-o3,0,8,suffix-1,256,take-swap-c,5,1048576,1048576,1,3273000,5669593090815015701
normal-o3,0,8,suffix-1,256,cpp-std-vector,6,1048576,1048576,1,2934000,15058358483538572822
normal-o3,0,8,suffix-1,256,whitefoot,6,1048576,1048576,1,1303000,15058358483538572822
normal-o3,0,8,suffix-1,256,reverse-c,6,1048576,1048576,1,3236000,15058358483538572822
normal-o3,0,8,suffix-1,256,direct-c,6,1048576,1048576,1,2786000,15058358483538572822
normal-o3,0,8,suffix-1,256,swap-take-c,6,1048576,1048576,1,3358000,15058358483538572822
normal-o3,0,8,suffix-1,256,take-swap-c,6,1048576,1048576,1,3262000,15058358483538572822
normal-o3,0,8,suffix-1,256,rust-vec,6,1048576,1048576,1,1584000,15058358483538572822
normal-o3,0,8,suffix-1,4096,whitefoot,0,1048576,1048576,1,1308000,7456520226923789200
normal-o3,0,8,suffix-1,4096,reverse-c,0,1048576,1048576,1,3239000,7456520226923789200
normal-o3,0,8,suffix-1,4096,direct-c,0,1048576,1048576,1,2797000,7456520226923789200
normal-o3,0,8,suffix-1,4096,swap-take-c,0,1048576,1048576,1,3432000,7456520226923789200
normal-o3,0,8,suffix-1,4096,take-swap-c,0,1048576,1048576,1,3280000,7456520226923789200
normal-o3,0,8,suffix-1,4096,rust-vec,0,1048576,1048576,1,1549000,7456520226923789200
normal-o3,0,8,suffix-1,4096,cpp-std-vector,0,1048576,1048576,1,2970000,7456520226923789200
normal-o3,0,8,suffix-1,4096,reverse-c,1,1048576,1048576,1,3241000,12459322446616091793
normal-o3,0,8,suffix-1,4096,direct-c,1,1048576,1048576,1,2792000,12459322446616091793
normal-o3,0,8,suffix-1,4096,swap-take-c,1,1048576,1048576,1,3344000,12459322446616091793
normal-o3,0,8,suffix-1,4096,take-swap-c,1,1048576,1048576,1,3228000,12459322446616091793
normal-o3,0,8,suffix-1,4096,rust-vec,1,1048576,1048576,1,1551000,12459322446616091793
normal-o3,0,8,suffix-1,4096,cpp-std-vector,1,1048576,1048576,1,2936000,12459322446616091793
normal-o3,0,8,suffix-1,4096,whitefoot,1,1048576,1048576,1,1308000,12459322446616091793
normal-o3,0,8,suffix-1,4096,direct-c,2,1048576,1048576,1,2813000,17462124666308394386
normal-o3,0,8,suffix-1,4096,swap-take-c,2,1048576,1048576,1,3373000,17462124666308394386
normal-o3,0,8,suffix-1,4096,take-swap-c,2,1048576,1048576,1,3227000,17462124666308394386
normal-o3,0,8,suffix-1,4096,rust-vec,2,1048576,1048576,1,1551000,17462124666308394386
normal-o3,0,8,suffix-1,4096,cpp-std-vector,2,1048576,1048576,1,2937000,17462124666308394386
normal-o3,0,8,suffix-1,4096,whitefoot,2,1048576,1048576,1,1349000,17462124666308394386
normal-o3,0,8,suffix-1,4096,reverse-c,2,1048576,1048576,1,3242000,17462124666308394386
normal-o3,0,8,suffix-1,4096,swap-take-c,3,1048576,1048576,1,3387000,4018182812291145363
normal-o3,0,8,suffix-1,4096,take-swap-c,3,1048576,1048576,1,3280000,4018182812291145363
normal-o3,0,8,suffix-1,4096,rust-vec,3,1048576,1048576,1,1552000,4018182812291145363
normal-o3,0,8,suffix-1,4096,cpp-std-vector,3,1048576,1048576,1,2937000,4018182812291145363
normal-o3,0,8,suffix-1,4096,whitefoot,3,1048576,1048576,1,1312000,4018182812291145363
normal-o3,0,8,suffix-1,4096,reverse-c,3,1048576,1048576,1,3277000,4018182812291145363
normal-o3,0,8,suffix-1,4096,direct-c,3,1048576,1048576,1,2792000,4018182812291145363
normal-o3,0,8,suffix-1,4096,take-swap-c,4,1048576,1048576,1,3234000,9020985031983447956
normal-o3,0,8,suffix-1,4096,rust-vec,4,1048576,1048576,1,1553000,9020985031983447956
normal-o3,0,8,suffix-1,4096,cpp-std-vector,4,1048576,1048576,1,2936000,9020985031983447956
normal-o3,0,8,suffix-1,4096,whitefoot,4,1048576,1048576,1,1319000,9020985031983447956
normal-o3,0,8,suffix-1,4096,reverse-c,4,1048576,1048576,1,3259000,9020985031983447956
normal-o3,0,8,suffix-1,4096,direct-c,4,1048576,1048576,1,2798000,9020985031983447956
normal-o3,0,8,suffix-1,4096,swap-take-c,4,1048576,1048576,1,3380000,9020985031983447956
normal-o3,0,8,suffix-1,4096,rust-vec,5,1048576,1048576,1,1552000,14023787251675750549
normal-o3,0,8,suffix-1,4096,cpp-std-vector,5,1048576,1048576,1,2941000,14023787251675750549
normal-o3,0,8,suffix-1,4096,whitefoot,5,1048576,1048576,1,1398000,14023787251675750549
normal-o3,0,8,suffix-1,4096,reverse-c,5,1048576,1048576,1,3246000,14023787251675750549
normal-o3,0,8,suffix-1,4096,direct-c,5,1048576,1048576,1,2791000,14023787251675750549
normal-o3,0,8,suffix-1,4096,swap-take-c,5,1048576,1048576,1,3391000,14023787251675750549
normal-o3,0,8,suffix-1,4096,take-swap-c,5,1048576,1048576,1,3283000,14023787251675750549
normal-o3,0,8,suffix-1,4096,cpp-std-vector,6,1048576,1048576,1,2934000,579845397658501526
normal-o3,0,8,suffix-1,4096,whitefoot,6,1048576,1048576,1,1308000,579845397658501526
normal-o3,0,8,suffix-1,4096,reverse-c,6,1048576,1048576,1,3248000,579845397658501526
normal-o3,0,8,suffix-1,4096,direct-c,6,1048576,1048576,1,2799000,579845397658501526
normal-o3,0,8,suffix-1,4096,swap-take-c,6,1048576,1048576,1,3378000,579845397658501526
normal-o3,0,8,suffix-1,4096,take-swap-c,6,1048576,1048576,1,3273000,579845397658501526
normal-o3,0,8,suffix-1,4096,rust-vec,6,1048576,1048576,1,1581000,579845397658501526
normal-o3,0,8,suffix-2,16,whitefoot,0,1048576,524288,1,855000,1685092048726590629
normal-o3,0,8,suffix-2,16,reverse-c,0,1048576,524288,1,3167000,1685092048726590629
normal-o3,0,8,suffix-2,16,direct-c,0,1048576,524288,1,1465000,1685092048726590629
normal-o3,0,8,suffix-2,16,swap-take-c,0,1048576,524288,1,2798000,1685092048726590629
normal-o3,0,8,suffix-2,16,take-swap-c,0,1048576,524288,1,3206000,1685092048726590629
normal-o3,0,8,suffix-2,16,rust-vec,0,1048576,524288,1,1308000,1685092048726590629
normal-o3,0,8,suffix-2,16,cpp-std-vector,0,1048576,524288,1,1633000,1685092048726590629
normal-o3,0,8,suffix-2,16,reverse-c,1,1048576,524288,1,3176000,5769615109122455387
normal-o3,0,8,suffix-2,16,direct-c,1,1048576,524288,1,1462000,5769615109122455387
normal-o3,0,8,suffix-2,16,swap-take-c,1,1048576,524288,1,2792000,5769615109122455387
normal-o3,0,8,suffix-2,16,take-swap-c,1,1048576,524288,1,3190000,5769615109122455387
normal-o3,0,8,suffix-2,16,rust-vec,1,1048576,524288,1,1300000,5769615109122455387
normal-o3,0,8,suffix-2,16,cpp-std-vector,1,1048576,524288,1,1627000,5769615109122455387
normal-o3,0,8,suffix-2,16,whitefoot,1,1048576,524288,1,854000,5769615109122455387
normal-o3,0,8,suffix-2,16,direct-c,2,1048576,524288,1,1460000,9854138169518320145
normal-o3,0,8,suffix-2,16,swap-take-c,2,1048576,524288,1,2793000,9854138169518320145
normal-o3,0,8,suffix-2,16,take-swap-c,2,1048576,524288,1,3079000,9854138169518320145
normal-o3,0,8,suffix-2,16,rust-vec,2,1048576,524288,1,1302000,9854138169518320145
normal-o3,0,8,suffix-2,16,cpp-std-vector,2,1048576,524288,1,1624000,9854138169518320145
normal-o3,0,8,suffix-2,16,whitefoot,2,1048576,524288,1,858000,9854138169518320145
normal-o3,0,8,suffix-2,16,reverse-c,2,1048576,524288,1,3114000,9854138169518320145
normal-o3,0,8,suffix-2,16,swap-take-c,3,1048576,524288,1,2781000,13938661229914184903
normal-o3,0,8,suffix-2,16,take-swap-c,3,1048576,524288,1,3064000,13938661229914184903
normal-o3,0,8,suffix-2,16,rust-vec,3,1048576,524288,1,1306000,13938661229914184903
normal-o3,0,8,suffix-2,16,cpp-std-vector,3,1048576,524288,1,1627000,13938661229914184903
normal-o3,0,8,suffix-2,16,whitefoot,3,1048576,524288,1,853000,13938661229914184903
normal-o3,0,8,suffix-2,16,reverse-c,3,1048576,524288,1,3184000,13938661229914184903
normal-o3,0,8,suffix-2,16,direct-c,3,1048576,524288,1,1459000,13938661229914184903
normal-o3,0,8,suffix-2,16,take-swap-c,4,1048576,524288,1,3263000,18023184290310049661
normal-o3,0,8,suffix-2,16,rust-vec,4,1048576,524288,1,1300000,18023184290310049661
normal-o3,0,8,suffix-2,16,cpp-std-vector,4,1048576,524288,1,1637000,18023184290310049661
normal-o3,0,8,suffix-2,16,whitefoot,4,1048576,524288,1,853000,18023184290310049661
normal-o3,0,8,suffix-2,16,reverse-c,4,1048576,524288,1,3204000,18023184290310049661
normal-o3,0,8,suffix-2,16,direct-c,4,1048576,524288,1,1467000,18023184290310049661
normal-o3,0,8,suffix-2,16,swap-take-c,4,1048576,524288,1,2791000,18023184290310049661
normal-o3,0,8,suffix-2,16,rust-vec,5,1048576,524288,1,1310000,3660963276996362803
normal-o3,0,8,suffix-2,16,cpp-std-vector,5,1048576,524288,1,1625000,3660963276996362803
normal-o3,0,8,suffix-2,16,whitefoot,5,1048576,524288,1,854000,3660963276996362803
normal-o3,0,8,suffix-2,16,reverse-c,5,1048576,524288,1,3190000,3660963276996362803
normal-o3,0,8,suffix-2,16,direct-c,5,1048576,524288,1,1460000,3660963276996362803
normal-o3,0,8,suffix-2,16,swap-take-c,5,1048576,524288,1,2785000,3660963276996362803
normal-o3,0,8,suffix-2,16,take-swap-c,5,1048576,524288,1,3200000,3660963276996362803
normal-o3,0,8,suffix-2,16,cpp-std-vector,6,1048576,524288,1,1629000,7745486337392227561
normal-o3,0,8,suffix-2,16,whitefoot,6,1048576,524288,1,852000,7745486337392227561
normal-o3,0,8,suffix-2,16,reverse-c,6,1048576,524288,1,3212000,7745486337392227561
normal-o3,0,8,suffix-2,16,direct-c,6,1048576,524288,1,1460000,7745486337392227561
normal-o3,0,8,suffix-2,16,swap-take-c,6,1048576,524288,1,2773000,7745486337392227561
normal-o3,0,8,suffix-2,16,take-swap-c,6,1048576,524288,1,3183000,7745486337392227561
normal-o3,0,8,suffix-2,16,rust-vec,6,1048576,524288,1,1315000,7745486337392227561
normal-o3,0,8,suffix-2,256,whitefoot,0,1048576,524288,1,855000,4355278901963944061
normal-o3,0,8,suffix-2,256,reverse-c,0,1048576,524288,1,3222000,4355278901963944061
normal-o3,0,8,suffix-2,256,direct-c,0,1048576,524288,1,1992000,4355278901963944061
normal-o3,0,8,suffix-2,256,swap-take-c,0,1048576,524288,1,2913000,4355278901963944061
normal-o3,0,8,suffix-2,256,take-swap-c,0,1048576,524288,1,3367000,4355278901963944061
normal-o3,0,8,suffix-2,256,rust-vec,0,1048576,524288,1,1308000,4355278901963944061
normal-o3,0,8,suffix-2,256,cpp-std-vector,0,1048576,524288,1,1635000,4355278901963944061
normal-o3,0,8,suffix-2,256,reverse-c,1,1048576,524288,1,3398000,15106128288498016595
normal-o3,0,8,suffix-2,256,direct-c,1,1048576,524288,1,1561000,15106128288498016595
normal-o3,0,8,suffix-2,256,swap-take-c,1,1048576,524288,1,2935000,15106128288498016595
normal-o3,0,8,suffix-2,256,take-swap-c,1,1048576,524288,1,3361000,15106128288498016595
normal-o3,0,8,suffix-2,256,rust-vec,1,1048576,524288,1,1352000,15106128288498016595
normal-o3,0,8,suffix-2,256,cpp-std-vector,1,1048576,524288,1,1693000,15106128288498016595
normal-o3,0,8,suffix-2,256,whitefoot,1,1048576,524288,1,891000,15106128288498016595
normal-o3,0,8,suffix-2,256,direct-c,2,1048576,524288,1,1770000,7410233601322537513
normal-o3,0,8,suffix-2,256,swap-take-c,2,1048576,524288,1,2946000,7410233601322537513
normal-o3,0,8,suffix-2,256,take-swap-c,2,1048576,524288,1,3363000,7410233601322537513
normal-o3,0,8,suffix-2,256,rust-vec,2,1048576,524288,1,1349000,7410233601322537513
normal-o3,0,8,suffix-2,256,cpp-std-vector,2,1048576,524288,1,1687000,7410233601322537513
normal-o3,0,8,suffix-2,256,whitefoot,2,1048576,524288,1,885000,7410233601322537513
normal-o3,0,8,suffix-2,256,reverse-c,2,1048576,524288,1,3394000,7410233601322537513
normal-o3,0,8,suffix-2,256,swap-take-c,3,1048576,524288,1,2936000,18161082987856610047
normal-o3,0,8,suffix-2,256,take-swap-c,3,1048576,524288,1,3362000,18161082987856610047
normal-o3,0,8,suffix-2,256,rust-vec,3,1048576,524288,1,1342000,18161082987856610047
normal-o3,0,8,suffix-2,256,cpp-std-vector,3,1048576,524288,1,1679000,18161082987856610047
normal-o3,0,8,suffix-2,256,whitefoot,3,1048576,524288,1,882000,18161082987856610047
normal-o3,0,8,suffix-2,256,reverse-c,3,1048576,524288,1,3302000,18161082987856610047
normal-o3,0,8,suffix-2,256,direct-c,3,1048576,524288,1,3587000,18161082987856610047
normal-o3,0,8,suffix-2,256,take-swap-c,4,1048576,524288,1,3483000,10465188300681130965
normal-o3,0,8,suffix-2,256,rust-vec,4,1048576,524288,1,1384000,10465188300681130965
normal-o3,0,8,suffix-2,256,cpp-std-vector,4,1048576,524288,1,1676000,10465188300681130965
normal-o3,0,8,suffix-2,256,whitefoot,4,1048576,524288,1,990000,10465188300681130965
normal-o3,0,8,suffix-2,256,reverse-c,4,1048576,524288,1,3351000,10465188300681130965
normal-o3,0,8,suffix-2,256,direct-c,4,1048576,524288,1,3203000,10465188300681130965
normal-o3,0,8,suffix-2,256,swap-take-c,4,1048576,524288,1,2829000,10465188300681130965
normal-o3,0,8,suffix-2,256,rust-vec,5,1048576,524288,1,1328000,2769293613505651883
normal-o3,0,8,suffix-2,256,cpp-std-vector,5,1048576,524288,1,1631000,2769293613505651883
normal-o3,0,8,suffix-2,256,whitefoot,5,1048576,524288,1,853000,2769293613505651883
normal-o3,0,8,suffix-2,256,reverse-c,5,1048576,524288,1,3223000,2769293613505651883
normal-o3,0,8,suffix-2,256,direct-c,5,1048576,524288,1,2400000,2769293613505651883
normal-o3,0,8,suffix-2,256,swap-take-c,5,1048576,524288,1,2807000,2769293613505651883
normal-o3,0,8,suffix-2,256,take-swap-c,5,1048576,524288,1,3307000,2769293613505651883
normal-o3,0,8,suffix-2,256,cpp-std-vector,6,1048576,524288,1,1628000,13520143000039724417
normal-o3,0,8,suffix-2,256,whitefoot,6,1048576,524288,1,856000,13520143000039724417
normal-o3,0,8,suffix-2,256,reverse-c,6,1048576,524288,1,3207000,13520143000039724417
normal-o3,0,8,suffix-2,256,direct-c,6,1048576,524288,1,3706000,13520143000039724417
normal-o3,0,8,suffix-2,256,swap-take-c,6,1048576,524288,1,2807000,13520143000039724417
normal-o3,0,8,suffix-2,256,take-swap-c,6,1048576,524288,1,3234000,13520143000039724417
normal-o3,0,8,suffix-2,256,rust-vec,6,1048576,524288,1,1300000,13520143000039724417
normal-o3,0,8,suffix-2,4096,whitefoot,0,1048576,524288,1,897000,16133918569289551357
normal-o3,0,8,suffix-2,4096,reverse-c,0,1048576,524288,1,3361000,16133918569289551357
normal-o3,0,8,suffix-2,4096,direct-c,0,1048576,524288,1,1872000,16133918569289551357
normal-o3,0,8,suffix-2,4096,swap-take-c,0,1048576,524288,1,2921000,16133918569289551357
normal-o3,0,8,suffix-2,4096,take-swap-c,0,1048576,524288,1,3272000,16133918569289551357
normal-o3,0,8,suffix-2,4096,rust-vec,0,1048576,524288,1,1315000,16133918569289551357
normal-o3,0,8,suffix-2,4096,cpp-std-vector,0,1048576,524288,1,1660000,16133918569289551357
normal-o3,0,8,suffix-2,4096,reverse-c,1,1048576,524288,1,3246000,17698322704188874963
normal-o3,0,8,suffix-2,4096,direct-c,1,1048576,524288,1,1884000,17698322704188874963
normal-o3,0,8,suffix-2,4096,swap-take-c,1,1048576,524288,1,2794000,17698322704188874963
normal-o3,0,8,suffix-2,4096,take-swap-c,1,1048576,524288,1,3449000,17698322704188874963
normal-o3,0,8,suffix-2,4096,rust-vec,1,1048576,524288,1,1388000,17698322704188874963
normal-o3,0,8,suffix-2,4096,cpp-std-vector,1,1048576,524288,1,1718000,17698322704188874963
normal-o3,0,8,suffix-2,4096,whitefoot,1,1048576,524288,1,895000,17698322704188874963
normal-o3,0,8,suffix-2,4096,direct-c,2,1048576,524288,1,2009000,815982765378646953
normal-o3,0,8,suffix-2,4096,swap-take-c,2,1048576,524288,1,2967000,815982765378646953
normal-o3,0,8,suffix-2,4096,take-swap-c,2,1048576,524288,1,3464000,815982765378646953
normal-o3,0,8,suffix-2,4096,rust-vec,2,1048576,524288,1,1355000,815982765378646953
normal-o3,0,8,suffix-2,4096,cpp-std-vector,2,1048576,524288,1,1742000,815982765378646953
normal-o3,0,8,suffix-2,4096,whitefoot,2,1048576,524288,1,906000,815982765378646953
normal-o3,0,8,suffix-2,4096,reverse-c,2,1048576,524288,1,3273000,815982765378646953
normal-o3,0,8,suffix-2,4096,swap-take-c,3,1048576,524288,1,2915000,2380386900277970559
normal-o3,0,8,suffix-2,4096,take-swap-c,3,1048576,524288,1,3344000,2380386900277970559
normal-o3,0,8,suffix-2,4096,rust-vec,3,1048576,524288,1,1305000,2380386900277970559
normal-o3,0,8,suffix-2,4096,cpp-std-vector,3,1048576,524288,1,1633000,2380386900277970559
normal-o3,0,8,suffix-2,4096,whitefoot,3,1048576,524288,1,880000,2380386900277970559
normal-o3,0,8,suffix-2,4096,reverse-c,3,1048576,524288,1,3210000,2380386900277970559
normal-o3,0,8,suffix-2,4096,direct-c,3,1048576,524288,1,3855000,2380386900277970559
normal-o3,0,8,suffix-2,4096,take-swap-c,4,1048576,524288,1,3398000,3944791035177294165
normal-o3,0,8,suffix-2,4096,rust-vec,4,1048576,524288,1,1306000,3944791035177294165
normal-o3,0,8,suffix-2,4096,cpp-std-vector,4,1048576,524288,1,1636000,3944791035177294165
normal-o3,0,8,suffix-2,4096,whitefoot,4,1048576,524288,1,860000,3944791035177294165
normal-o3,0,8,suffix-2,4096,reverse-c,4,1048576,524288,1,3317000,3944791035177294165
normal-o3,0,8,suffix-2,4096,direct-c,4,1048576,524288,1,3402000,3944791035177294165
normal-o3,0,8,suffix-2,4096,swap-take-c,4,1048576,524288,1,2807000,3944791035177294165
normal-o3,0,8,suffix-2,4096,rust-vec,5,1048576,524288,1,1312000,5509195170076617771
normal-o3,0,8,suffix-2,4096,cpp-std-vector,5,1048576,524288,1,1636000,5509195170076617771
normal-o3,0,8,suffix-2,4096,whitefoot,5,1048576,524288,1,862000,5509195170076617771
normal-o3,0,8,suffix-2,4096,reverse-c,5,1048576,524288,1,3210000,5509195170076617771
normal-o3,0,8,suffix-2,4096,direct-c,5,1048576,524288,1,3859000,5509195170076617771
normal-o3,0,8,suffix-2,4096,swap-take-c,5,1048576,524288,1,2877000,5509195170076617771
normal-o3,0,8,suffix-2,4096,take-swap-c,5,1048576,524288,1,3366000,5509195170076617771
normal-o3,0,8,suffix-2,4096,cpp-std-vector,6,1048576,524288,1,1640000,7073599304975941377
normal-o3,0,8,suffix-2,4096,whitefoot,6,1048576,524288,1,859000,7073599304975941377
normal-o3,0,8,suffix-2,4096,reverse-c,6,1048576,524288,1,3233000,7073599304975941377
normal-o3,0,8,suffix-2,4096,direct-c,6,1048576,524288,1,3913000,7073599304975941377
normal-o3,0,8,suffix-2,4096,swap-take-c,6,1048576,524288,1,2879000,7073599304975941377
normal-o3,0,8,suffix-2,4096,take-swap-c,6,1048576,524288,1,3370000,7073599304975941377
normal-o3,0,8,suffix-2,4096,rust-vec,6,1048576,524288,1,1308000,7073599304975941377
normal-o3,0,8,suffix-3,16,whitefoot,0,1048576,349525,1,1088000,3578158727730397437
normal-o3,0,8,suffix-3,16,reverse-c,0,1048576,349525,1,2489000,3578158727730397437
normal-o3,0,8,suffix-3,16,direct-c,0,1048576,349525,1,1309000,3578158727730397437
normal-o3,0,8,suffix-3,16,swap-take-c,0,1048576,349525,1,2159000,3578158727730397437
normal-o3,0,8,suffix-3,16,take-swap-c,0,1048576,349525,1,2290000,3578158727730397437
normal-o3,0,8,suffix-3,16,rust-vec,0,1048576,349525,1,1304000,3578158727730397437
normal-o3,0,8,suffix-3,16,cpp-std-vector,0,1048576,349525,1,1739000,3578158727730397437
normal-o3,0,8,suffix-3,16,reverse-c,1,1048576,349525,1,2497000,10503294698975091330
normal-o3,0,8,suffix-3,16,direct-c,1,1048576,349525,1,1303000,10503294698975091330
normal-o3,0,8,suffix-3,16,swap-take-c,1,1048576,349525,1,2198000,10503294698975091330
normal-o3,0,8,suffix-3,16,take-swap-c,1,1048576,349525,1,2296000,10503294698975091330
normal-o3,0,8,suffix-3,16,rust-vec,1,1048576,349525,1,1300000,10503294698975091330
normal-o3,0,8,suffix-3,16,cpp-std-vector,1,1048576,349525,1,1736000,10503294698975091330
normal-o3,0,8,suffix-3,16,whitefoot,1,1048576,349525,1,1086000,10503294698975091330
normal-o3,0,8,suffix-3,16,direct-c,2,1048576,349525,1,1306000,17428430670219785223
normal-o3,0,8,suffix-3,16,swap-take-c,2,1048576,349525,1,2201000,17428430670219785223
normal-o3,0,8,suffix-3,16,take-swap-c,2,1048576,349525,1,2273000,17428430670219785223
normal-o3,0,8,suffix-3,16,rust-vec,2,1048576,349525,1,1302000,17428430670219785223
normal-o3,0,8,suffix-3,16,cpp-std-vector,2,1048576,349525,1,1735000,17428430670219785223
normal-o3,0,8,suffix-3,16,whitefoot,2,1048576,349525,1,1083000,17428430670219785223
normal-o3,0,8,suffix-3,16,reverse-c,2,1048576,349525,1,2498000,17428430670219785223
normal-o3,0,8,suffix-3,16,swap-take-c,3,1048576,349525,1,2202000,5906822567754927500
normal-o3,0,8,suffix-3,16,take-swap-c,3,1048576,349525,1,2316000,5906822567754927500
normal-o3,0,8,suffix-3,16,rust-vec,3,1048576,349525,1,1300000,5906822567754927500
normal-o3,0,8,suffix-3,16,cpp-std-vector,3,1048576,349525,1,1735000,5906822567754927500
normal-o3,0,8,suffix-3,16,whitefoot,3,1048576,349525,1,1083000,5906822567754927500
normal-o3,0,8,suffix-3,16,reverse-c,3,1048576,349525,1,2502000,5906822567754927500
normal-o3,0,8,suffix-3,16,direct-c,3,1048576,349525,1,1308000,5906822567754927500
normal-o3,0,8,suffix-3,16,take-swap-c,4,1048576,349525,1,2319000,12831958538999621393
normal-o3,0,8,suffix-3,16,rust-vec,4,1048576,349525,1,1300000,12831958538999621393
normal-o3,0,8,suffix-3,16,cpp-std-vector,4,1048576,349525,1,1736000,12831958538999621393
normal-o3,0,8,suffix-3,16,whitefoot,4,1048576,349525,1,1094000,12831958538999621393
normal-o3,0,8,suffix-3,16,reverse-c,4,1048576,349525,1,2503000,12831958538999621393
normal-o3,0,8,suffix-3,16,direct-c,4,1048576,349525,1,1308000,12831958538999621393
normal-o3,0,8,suffix-3,16,swap-take-c,4,1048576,349525,1,2203000,12831958538999621393
normal-o3,0,8,suffix-3,16,rust-vec,5,1048576,349525,1,1303000,1310350436534763670
normal-o3,0,8,suffix-3,16,cpp-std-vector,5,1048576,349525,1,1738000,1310350436534763670
normal-o3,0,8,suffix-3,16,whitefoot,5,1048576,349525,1,1083000,1310350436534763670
normal-o3,0,8,suffix-3,16,reverse-c,5,1048576,349525,1,2493000,1310350436534763670
normal-o3,0,8,suffix-3,16,direct-c,5,1048576,349525,1,1308000,1310350436534763670
normal-o3,0,8,suffix-3,16,swap-take-c,5,1048576,349525,1,2200000,1310350436534763670
normal-o3,0,8,suffix-3,16,take-swap-c,5,1048576,349525,1,2318000,1310350436534763670
normal-o3,0,8,suffix-3,16,cpp-std-vector,6,1048576,349525,1,1733000,8235486407779457563
normal-o3,0,8,suffix-3,16,whitefoot,6,1048576,349525,1,1083000,8235486407779457563
normal-o3,0,8,suffix-3,16,reverse-c,6,1048576,349525,1,2512000,8235486407779457563
normal-o3,0,8,suffix-3,16,direct-c,6,1048576,349525,1,1326000,8235486407779457563
normal-o3,0,8,suffix-3,16,swap-take-c,6,1048576,349525,1,2203000,8235486407779457563
normal-o3,0,8,suffix-3,16,take-swap-c,6,1048576,349525,1,2293000,8235486407779457563
normal-o3,0,8,suffix-3,16,rust-vec,6,1048576,349525,1,1300000,8235486407779457563
normal-o3,0,8,suffix-3,256,whitefoot,0,1048576,349525,1,1086000,17932052123014486501
normal-o3,0,8,suffix-3,256,reverse-c,0,1048576,349525,1,2552000,17932052123014486501
normal-o3,0,8,suffix-3,256,direct-c,0,1048576,349525,1,1391000,17932052123014486501
normal-o3,0,8,suffix-3,256,swap-take-c,0,1048576,349525,1,2255000,17932052123014486501
normal-o3,0,8,suffix-3,256,take-swap-c,0,1048576,349525,1,2455000,17932052123014486501
normal-o3,0,8,suffix-3,256,rust-vec,0,1048576,349525,1,1372000,17932052123014486501
normal-o3,0,8,suffix-3,256,cpp-std-vector,0,1048576,349525,1,1768000,17932052123014486501
normal-o3,0,8,suffix-3,256,reverse-c,1,1048576,349525,1,2651000,6179702327257408202
normal-o3,0,8,suffix-3,256,direct-c,1,1048576,349525,1,1424000,6179702327257408202
normal-o3,0,8,suffix-3,256,swap-take-c,1,1048576,349525,1,2311000,6179702327257408202
normal-o3,0,8,suffix-3,256,take-swap-c,1,1048576,349525,1,2517000,6179702327257408202
normal-o3,0,8,suffix-3,256,rust-vec,1,1048576,349525,1,1377000,6179702327257408202
normal-o3,0,8,suffix-3,256,cpp-std-vector,1,1048576,349525,1,1789000,6179702327257408202
normal-o3,0,8,suffix-3,256,whitefoot,1,1048576,349525,1,1121000,6179702327257408202
normal-o3,0,8,suffix-3,256,direct-c,2,1048576,349525,1,1431000,12874096605209881519
normal-o3,0,8,suffix-3,256,swap-take-c,2,1048576,349525,1,2301000,12874096605209881519
normal-o3,0,8,suffix-3,256,take-swap-c,2,1048576,349525,1,2510000,12874096605209881519
normal-o3,0,8,suffix-3,256,rust-vec,2,1048576,349525,1,1337000,12874096605209881519
normal-o3,0,8,suffix-3,256,cpp-std-vector,2,1048576,349525,1,1738000,12874096605209881519
normal-o3,0,8,suffix-3,256,whitefoot,2,1048576,349525,1,1083000,12874096605209881519
normal-o3,0,8,suffix-3,256,reverse-c,2,1048576,349525,1,2555000,12874096605209881519
normal-o3,0,8,suffix-3,256,swap-take-c,3,1048576,349525,1,2280000,1121746809452803220
normal-o3,0,8,suffix-3,256,take-swap-c,3,1048576,349525,1,2415000,1121746809452803220
normal-o3,0,8,suffix-3,256,rust-vec,3,1048576,349525,1,1300000,1121746809452803220
normal-o3,0,8,suffix-3,256,cpp-std-vector,3,1048576,349525,1,1734000,1121746809452803220
normal-o3,0,8,suffix-3,256,whitefoot,3,1048576,349525,1,1094000,1121746809452803220
normal-o3,0,8,suffix-3,256,reverse-c,3,1048576,349525,1,2572000,1121746809452803220
normal-o3,0,8,suffix-3,256,direct-c,3,1048576,349525,1,1352000,1121746809452803220
normal-o3,0,8,suffix-3,256,take-swap-c,4,1048576,349525,1,2300000,7816141087405276537
normal-o3,0,8,suffix-3,256,rust-vec,4,1048576,349525,1,1302000,7816141087405276537
normal-o3,0,8,suffix-3,256,cpp-std-vector,4,1048576,349525,1,1733000,7816141087405276537
normal-o3,0,8,suffix-3,256,whitefoot,4,1048576,349525,1,1084000,7816141087405276537
normal-o3,0,8,suffix-3,256,reverse-c,4,1048576,349525,1,2554000,7816141087405276537
normal-o3,0,8,suffix-3,256,direct-c,4,1048576,349525,1,1379000,7816141087405276537
normal-o3,0,8,suffix-3,256,swap-take-c,4,1048576,349525,1,2267000,7816141087405276537
normal-o3,0,8,suffix-3,256,rust-vec,5,1048576,349525,1,1303000,14510535365357749854
normal-o3,0,8,suffix-3,256,cpp-std-vector,5,1048576,349525,1,1733000,14510535365357749854
normal-o3,0,8,suffix-3,256,whitefoot,5,1048576,349525,1,1093000,14510535365357749854
normal-o3,0,8,suffix-3,256,reverse-c,5,1048576,349525,1,2549000,14510535365357749854
normal-o3,0,8,suffix-3,256,direct-c,5,1048576,349525,1,1377000,14510535365357749854
normal-o3,0,8,suffix-3,256,swap-take-c,5,1048576,349525,1,2208000,14510535365357749854
normal-o3,0,8,suffix-3,256,take-swap-c,5,1048576,349525,1,2285000,14510535365357749854
normal-o3,0,8,suffix-3,256,cpp-std-vector,6,1048576,349525,1,1737000,2758185569600671555
normal-o3,0,8,suffix-3,256,whitefoot,6,1048576,349525,1,1121000,2758185569600671555
normal-o3,0,8,suffix-3,256,reverse-c,6,1048576,349525,1,2594000,2758185569600671555
normal-o3,0,8,suffix-3,256,direct-c,6,1048576,349525,1,1384000,2758185569600671555
normal-o3,0,8,suffix-3,256,swap-take-c,6,1048576,349525,1,2243000,2758185569600671555
normal-o3,0,8,suffix-3,256,take-swap-c,6,1048576,349525,1,2328000,2758185569600671555
normal-o3,0,8,suffix-3,256,rust-vec,6,1048576,349525,1,1302000,2758185569600671555
normal-o3,0,8,suffix-3,4096,whitefoot,0,1048576,349525,1,1092000,13042235847276202085
normal-o3,0,8,suffix-3,4096,reverse-c,0,1048576,349525,1,2565000,13042235847276202085
normal-o3,0,8,suffix-3,4096,direct-c,0,1048576,349525,1,1404000,13042235847276202085
normal-o3,0,8,suffix-3,4096,swap-take-c,0,1048576,349525,1,2260000,13042235847276202085
normal-o3,0,8,suffix-3,4096,take-swap-c,0,1048576,349525,1,2292000,13042235847276202085
normal-o3,0,8,suffix-3,4096,rust-vec,0,1048576,349525,1,1306000,13042235847276202085
normal-o3,0,8,suffix-3,4096,cpp-std-vector,0,1048576,349525,1,1743000,13042235847276202085
normal-o3,0,8,suffix-3,4096,reverse-c,1,1048576,349525,1,2556000,12907392256605062986
normal-o3,0,8,suffix-3,4096,direct-c,1,1048576,349525,1,1384000,12907392256605062986
normal-o3,0,8,suffix-3,4096,swap-take-c,1,1048576,349525,1,2251000,12907392256605062986
normal-o3,0,8,suffix-3,4096,take-swap-c,1,1048576,349525,1,2315000,12907392256605062986
normal-o3,0,8,suffix-3,4096,rust-vec,1,1048576,349525,1,1305000,12907392256605062986
normal-o3,0,8,suffix-3,4096,cpp-std-vector,1,1048576,349525,1,1747000,12907392256605062986
normal-o3,0,8,suffix-3,4096,whitefoot,1,1048576,349525,1,1091000,12907392256605062986
normal-o3,0,8,suffix-3,4096,direct-c,2,1048576,349525,1,1393000,12772548665933923887
normal-o3,0,8,suffix-3,4096,swap-take-c,2,1048576,349525,1,2245000,12772548665933923887
normal-o3,0,8,suffix-3,4096,take-swap-c,2,1048576,349525,1,2405000,12772548665933923887
normal-o3,0,8,suffix-3,4096,rust-vec,2,1048576,349525,1,1319000,12772548665933923887
normal-o3,0,8,suffix-3,4096,cpp-std-vector,2,1048576,349525,1,1741000,12772548665933923887
normal-o3,0,8,suffix-3,4096,whitefoot,2,1048576,349525,1,1092000,12772548665933923887
normal-o3,0,8,suffix-3,4096,reverse-c,2,1048576,349525,1,2567000,12772548665933923887
normal-o3,0,8,suffix-3,4096,swap-take-c,3,1048576,349525,1,2252000,12637705075262784788
normal-o3,0,8,suffix-3,4096,take-swap-c,3,1048576,349525,1,2345000,12637705075262784788
normal-o3,0,8,suffix-3,4096,rust-vec,3,1048576,349525,1,1306000,12637705075262784788
normal-o3,0,8,suffix-3,4096,cpp-std-vector,3,1048576,349525,1,1743000,12637705075262784788
normal-o3,0,8,suffix-3,4096,whitefoot,3,1048576,349525,1,1098000,12637705075262784788
normal-o3,0,8,suffix-3,4096,reverse-c,3,1048576,349525,1,2584000,12637705075262784788
normal-o3,0,8,suffix-3,4096,direct-c,3,1048576,349525,1,1385000,12637705075262784788
normal-o3,0,8,suffix-3,4096,take-swap-c,4,1048576,349525,1,2344000,12502861484591645689
normal-o3,0,8,suffix-3,4096,rust-vec,4,1048576,349525,1,1309000,12502861484591645689
normal-o3,0,8,suffix-3,4096,cpp-std-vector,4,1048576,349525,1,1753000,12502861484591645689
normal-o3,0,8,suffix-3,4096,whitefoot,4,1048576,349525,1,1089000,12502861484591645689
normal-o3,0,8,suffix-3,4096,reverse-c,4,1048576,349525,1,2548000,12502861484591645689
normal-o3,0,8,suffix-3,4096,direct-c,4,1048576,349525,1,1364000,12502861484591645689
normal-o3,0,8,suffix-3,4096,swap-take-c,4,1048576,349525,1,2249000,12502861484591645689
normal-o3,0,8,suffix-3,4096,rust-vec,5,1048576,349525,1,1308000,12368017893920506590
normal-o3,0,8,suffix-3,4096,cpp-std-vector,5,1048576,349525,1,1741000,12368017893920506590
normal-o3,0,8,suffix-3,4096,whitefoot,5,1048576,349525,1,1114000,12368017893920506590
normal-o3,0,8,suffix-3,4096,reverse-c,5,1048576,349525,1,2562000,12368017893920506590
normal-o3,0,8,suffix-3,4096,direct-c,5,1048576,349525,1,1373000,12368017893920506590
normal-o3,0,8,suffix-3,4096,swap-take-c,5,1048576,349525,1,2256000,12368017893920506590
normal-o3,0,8,suffix-3,4096,take-swap-c,5,1048576,349525,1,2421000,12368017893920506590
normal-o3,0,8,suffix-3,4096,cpp-std-vector,6,1048576,349525,1,1743000,12233174303249367491
normal-o3,0,8,suffix-3,4096,whitefoot,6,1048576,349525,1,1090000,12233174303249367491
normal-o3,0,8,suffix-3,4096,reverse-c,6,1048576,349525,1,2550000,12233174303249367491
normal-o3,0,8,suffix-3,4096,direct-c,6,1048576,349525,1,1419000,12233174303249367491
normal-o3,0,8,suffix-3,4096,swap-take-c,6,1048576,349525,1,2840000,12233174303249367491
normal-o3,0,8,suffix-3,4096,take-swap-c,6,1048576,349525,1,2401000,12233174303249367491
normal-o3,0,8,suffix-3,4096,rust-vec,6,1048576,349525,1,1306000,12233174303249367491
normal-o3,0,256,reserved,16,whitefoot,0,1048576,65536,1,42522000,16095999890136793189
normal-o3,0,256,reserved,16,reverse-c,0,1048576,65536,1,50467000,16095999890136793189
normal-o3,0,256,reserved,16,direct-c,0,1048576,65536,1,45779000,16095999890136793189
normal-o3,0,256,reserved,16,swap-take-c,0,1048576,65536,1,49505000,16095999890136793189
normal-o3,0,256,reserved,16,take-swap-c,0,1048576,65536,1,46095000,16095999890136793189
normal-o3,0,256,reserved,16,rust-vec,0,1048576,65536,1,41331000,16095999890136793189
normal-o3,0,256,reserved,16,cpp-std-vector,0,1048576,65536,1,44362000,16095999890136793189
normal-o3,0,256,reserved,16,reverse-c,1,1048576,65536,1,51811000,10905710204835692646
normal-o3,0,256,reserved,16,direct-c,1,1048576,65536,1,47740000,10905710204835692646
normal-o3,0,256,reserved,16,swap-take-c,1,1048576,65536,1,50233000,10905710204835692646
normal-o3,0,256,reserved,16,take-swap-c,1,1048576,65536,1,46044000,10905710204835692646
normal-o3,0,256,reserved,16,rust-vec,1,1048576,65536,1,41560000,10905710204835692646
normal-o3,0,256,reserved,16,cpp-std-vector,1,1048576,65536,1,44370000,10905710204835692646
normal-o3,0,256,reserved,16,whitefoot,1,1048576,65536,1,42288000,10905710204835692646
normal-o3,0,256,reserved,16,direct-c,2,1048576,65536,1,45793000,1136678281099509863
normal-o3,0,256,reserved,16,swap-take-c,2,1048576,65536,1,49762000,1136678281099509863
normal-o3,0,256,reserved,16,take-swap-c,2,1048576,65536,1,47382000,1136678281099509863
normal-o3,0,256,reserved,16,rust-vec,2,1048576,65536,1,42085000,1136678281099509863
normal-o3,0,256,reserved,16,cpp-std-vector,2,1048576,65536,1,45686000,1136678281099509863
normal-o3,0,256,reserved,16,whitefoot,2,1048576,65536,1,43116000,1136678281099509863
normal-o3,0,256,reserved,16,reverse-c,2,1048576,65536,1,50025000,1136678281099509863
normal-o3,0,256,reserved,16,swap-take-c,3,1048576,65536,1,49425000,1916000061831479400
normal-o3,0,256,reserved,16,take-swap-c,3,1048576,65536,1,46471000,1916000061831479400
normal-o3,0,256,reserved,16,rust-vec,3,1048576,65536,1,41332000,1916000061831479400
normal-o3,0,256,reserved,16,cpp-std-vector,3,1048576,65536,1,44307000,1916000061831479400
normal-o3,0,256,reserved,16,whitefoot,3,1048576,65536,1,42559000,1916000061831479400
normal-o3,0,256,reserved,16,reverse-c,3,1048576,65536,1,50039000,1916000061831479400
normal-o3,0,256,reserved,16,direct-c,3,1048576,65536,1,45755000,1916000061831479400
normal-o3,0,256,reserved,16,take-swap-c,4,1048576,65536,1,47621000,317124334665105513
normal-o3,0,256,reserved,16,rust-vec,4,1048576,65536,1,41629000,317124334665105513
normal-o3,0,256,reserved,16,cpp-std-vector,4,1048576,65536,1,44334000,317124334665105513
normal-o3,0,256,reserved,16,whitefoot,4,1048576,65536,1,42147000,317124334665105513
normal-o3,0,256,reserved,16,reverse-c,4,1048576,65536,1,49966000,317124334665105513
normal-o3,0,256,reserved,16,direct-c,4,1048576,65536,1,45788000,317124334665105513
normal-o3,0,256,reserved,16,swap-take-c,4,1048576,65536,1,49394000,317124334665105513
normal-o3,0,256,reserved,16,rust-vec,5,1048576,65536,1,41357000,16344508304658628714
normal-o3,0,256,reserved,16,cpp-std-vector,5,1048576,65536,1,44415000,16344508304658628714
normal-o3,0,256,reserved,16,whitefoot,5,1048576,65536,1,43014000,16344508304658628714
normal-o3,0,256,reserved,16,reverse-c,5,1048576,65536,1,50502000,16344508304658628714
normal-o3,0,256,reserved,16,direct-c,5,1048576,65536,1,45869000,16344508304658628714
normal-o3,0,256,reserved,16,swap-take-c,5,1048576,65536,1,49422000,16344508304658628714
normal-o3,0,256,reserved,16,take-swap-c,5,1048576,65536,1,46037000,16344508304658628714
normal-o3,0,256,reserved,16,cpp-std-vector,6,1048576,65536,1,44380000,17728104047323021419
normal-o3,0,256,reserved,16,whitefoot,6,1048576,65536,1,42284000,17728104047323021419
normal-o3,0,256,reserved,16,reverse-c,6,1048576,65536,1,49995000,17728104047323021419
normal-o3,0,256,reserved,16,direct-c,6,1048576,65536,1,45758000,17728104047323021419
normal-o3,0,256,reserved,16,swap-take-c,6,1048576,65536,1,49427000,17728104047323021419
normal-o3,0,256,reserved,16,take-swap-c,6,1048576,65536,1,46063000,17728104047323021419
normal-o3,0,256,reserved,16,rust-vec,6,1048576,65536,1,42662000,17728104047323021419
normal-o3,0,256,reserved,256,whitefoot,0,1048576,4096,1,38887000,5774473182449584229
normal-o3,0,256,reserved,256,reverse-c,0,1048576,4096,1,46537000,5774473182449584229
normal-o3,0,256,reserved,256,direct-c,0,1048576,4096,1,40927000,5774473182449584229
normal-o3,0,256,reserved,256,swap-take-c,0,1048576,4096,1,43486000,5774473182449584229
normal-o3,0,256,reserved,256,take-swap-c,0,1048576,4096,1,41313000,5774473182449584229
normal-o3,0,256,reserved,256,rust-vec,0,1048576,4096,1,39049000,5774473182449584229
normal-o3,0,256,reserved,256,cpp-std-vector,0,1048576,4096,1,41827000,5774473182449584229
normal-o3,0,256,reserved,256,reverse-c,1,1048576,4096,1,46562000,730816566922926182
normal-o3,0,256,reserved,256,direct-c,1,1048576,4096,1,41000000,730816566922926182
normal-o3,0,256,reserved,256,swap-take-c,1,1048576,4096,1,44273000,730816566922926182
normal-o3,0,256,reserved,256,take-swap-c,1,1048576,4096,1,41685000,730816566922926182
normal-o3,0,256,reserved,256,rust-vec,1,1048576,4096,1,39046000,730816566922926182
normal-o3,0,256,reserved,256,cpp-std-vector,1,1048576,4096,1,41754000,730816566922926182
normal-o3,0,256,reserved,256,whitefoot,1,1048576,4096,1,38973000,730816566922926182
normal-o3,0,256,reserved,256,direct-c,2,1048576,4096,1,41075000,3951699326411303015
normal-o3,0,256,reserved,256,swap-take-c,2,1048576,4096,1,43563000,3951699326411303015
normal-o3,0,256,reserved,256,take-swap-c,2,1048576,4096,1,41363000,3951699326411303015
normal-o3,0,256,reserved,256,rust-vec,2,1048576,4096,1,39018000,3951699326411303015
normal-o3,0,256,reserved,256,cpp-std-vector,2,1048576,4096,1,41780000,3951699326411303015
normal-o3,0,256,reserved,256,whitefoot,2,1048576,4096,1,40671000,3951699326411303015
normal-o3,0,256,reserved,256,reverse-c,2,1048576,4096,1,48306000,3951699326411303015
normal-o3,0,256,reserved,256,swap-take-c,3,1048576,4096,1,43510000,4669976213855500392
normal-o3,0,256,reserved,256,take-swap-c,3,1048576,4096,1,41308000,4669976213855500392
normal-o3,0,256,reserved,256,rust-vec,3,1048576,4096,1,38990000,4669976213855500392
normal-o3,0,256,reserved,256,cpp-std-vector,3,1048576,4096,1,41781000,4669976213855500392
normal-o3,0,256,reserved,256,whitefoot,3,1048576,4096,1,38949000,4669976213855500392
normal-o3,0,256,reserved,256,reverse-c,3,1048576,4096,1,46587000,4669976213855500392
normal-o3,0,256,reserved,256,direct-c,3,1048576,4096,1,40996000,4669976213855500392
normal-o3,0,256,reserved,256,take-swap-c,4,1048576,4096,1,41319000,4748812814999455849
normal-o3,0,256,reserved,256,rust-vec,4,1048576,4096,1,39399000,4748812814999455849
normal-o3,0,256,reserved,256,cpp-std-vector,4,1048576,4096,1,41901000,4748812814999455849
normal-o3,0,256,reserved,256,whitefoot,4,1048576,4096,1,38928000,4748812814999455849
normal-o3,0,256,reserved,256,reverse-c,4,1048576,4096,1,46721000,4748812814999455849
normal-o3,0,256,reserved,256,direct-c,4,1048576,4096,1,42151000,4748812814999455849
normal-o3,0,256,reserved,256,swap-take-c,4,1048576,4096,1,43507000,4748812814999455849
normal-o3,0,256,reserved,256,rust-vec,5,1048576,4096,1,38992000,9617966251147630698
normal-o3,0,256,reserved,256,cpp-std-vector,5,1048576,4096,1,41757000,9617966251147630698
normal-o3,0,256,reserved,256,whitefoot,5,1048576,4096,1,38962000,9617966251147630698
normal-o3,0,256,reserved,256,reverse-c,5,1048576,4096,1,46642000,9617966251147630698
normal-o3,0,256,reserved,256,direct-c,5,1048576,4096,1,40977000,9617966251147630698
normal-o3,0,256,reserved,256,swap-take-c,5,1048576,4096,1,43533000,9617966251147630698
normal-o3,0,256,reserved,256,take-swap-c,5,1048576,4096,1,43174000,9617966251147630698
normal-o3,0,256,reserved,256,cpp-std-vector,6,1048576,4096,1,42644000,14780350119149938795
normal-o3,0,256,reserved,256,whitefoot,6,1048576,4096,1,40430000,14780350119149938795
normal-o3,0,256,reserved,256,reverse-c,6,1048576,4096,1,47301000,14780350119149938795
normal-o3,0,256,reserved,256,direct-c,6,1048576,4096,1,41008000,14780350119149938795
normal-o3,0,256,reserved,256,swap-take-c,6,1048576,4096,1,43610000,14780350119149938795
normal-o3,0,256,reserved,256,take-swap-c,6,1048576,4096,1,42749000,14780350119149938795
normal-o3,0,256,reserved,256,rust-vec,6,1048576,4096,1,40209000,14780350119149938795
normal-o3,0,256,reserved,4096,whitefoot,0,1048576,256,1,40591000,7990118519889974501
normal-o3,0,256,reserved,4096,reverse-c,0,1048576,256,1,49402000,7990118519889974501
normal-o3,0,256,reserved,4096,direct-c,0,1048576,256,1,42870000,7990118519889974501
normal-o3,0,256,reserved,4096,swap-take-c,0,1048576,256,1,45126000,7990118519889974501
normal-o3,0,256,reserved,4096,take-swap-c,0,1048576,256,1,43417000,7990118519889974501
normal-o3,0,256,reserved,4096,rust-vec,0,1048576,256,1,40716000,7990118519889974501
normal-o3,0,256,reserved,4096,cpp-std-vector,0,1048576,256,1,44414000,7990118519889974501
normal-o3,0,256,reserved,4096,reverse-c,1,1048576,256,1,49312000,10660244701728609766
normal-o3,0,256,reserved,4096,direct-c,1,1048576,256,1,42852000,10660244701728609766
normal-o3,0,256,reserved,4096,swap-take-c,1,1048576,256,1,45181000,10660244701728609766
normal-o3,0,256,reserved,4096,take-swap-c,1,1048576,256,1,43074000,10660244701728609766
normal-o3,0,256,reserved,4096,rust-vec,1,1048576,256,1,40761000,10660244701728609766
normal-o3,0,256,reserved,4096,cpp-std-vector,1,1048576,256,1,45382000,10660244701728609766
normal-o3,0,256,reserved,4096,whitefoot,1,1048576,256,1,41297000,10660244701728609766
normal-o3,0,256,reserved,4096,direct-c,2,1048576,256,1,42842000,3495536164771485415
normal-o3,0,256,reserved,4096,swap-take-c,2,1048576,256,1,45084000,3495536164771485415
normal-o3,0,256,reserved,4096,take-swap-c,2,1048576,256,1,43046000,3495536164771485415
normal-o3,0,256,reserved,4096,rust-vec,2,1048576,256,1,40764000,3495536164771485415
normal-o3,0,256,reserved,4096,cpp-std-vector,2,1048576,256,1,43468000,3495536164771485415
normal-o3,0,256,reserved,4096,whitefoot,2,1048576,256,1,40594000,3495536164771485415
normal-o3,0,256,reserved,4096,reverse-c,2,1048576,256,1,49382000,3495536164771485415
normal-o3,0,256,reserved,4096,swap-take-c,3,1048576,256,1,45041000,15148529761215748072
normal-o3,0,256,reserved,4096,take-swap-c,3,1048576,256,1,43095000,15148529761215748072
normal-o3,0,256,reserved,4096,rust-vec,3,1048576,256,1,40989000,15148529761215748072
normal-o3,0,256,reserved,4096,cpp-std-vector,3,1048576,256,1,43477000,15148529761215748072
normal-o3,0,256,reserved,4096,whitefoot,3,1048576,256,1,40569000,15148529761215748072
normal-o3,0,256,reserved,4096,reverse-c,3,1048576,256,1,49385000,15148529761215748072
normal-o3,0,256,reserved,4096,direct-c,3,1048576,256,1,42714000,15148529761215748072
normal-o3,0,256,reserved,4096,take-swap-c,4,1048576,256,1,43346000,9298652180223940841
normal-o3,0,256,reserved,4096,rust-vec,4,1048576,256,1,41215000,9298652180223940841
normal-o3,0,256,reserved,4096,cpp-std-vector,4,1048576,256,1,43611000,9298652180223940841
normal-o3,0,256,reserved,4096,whitefoot,4,1048576,256,1,40534000,9298652180223940841
normal-o3,0,256,reserved,4096,reverse-c,4,1048576,256,1,49257000,9298652180223940841
normal-o3,0,256,reserved,4096,direct-c,4,1048576,256,1,44043000,9298652180223940841
normal-o3,0,256,reserved,4096,swap-take-c,4,1048576,256,1,46012000,9298652180223940841
normal-o3,0,256,reserved,4096,rust-vec,5,1048576,256,1,40768000,8375064059273222634
normal-o3,0,256,reserved,4096,cpp-std-vector,5,1048576,256,1,43500000,8375064059273222634
normal-o3,0,256,reserved,4096,whitefoot,5,1048576,256,1,40512000,8375064059273222634
normal-o3,0,256,reserved,4096,reverse-c,5,1048576,256,1,49336000,8375064059273222634
normal-o3,0,256,reserved,4096,direct-c,5,1048576,256,1,42840000,8375064059273222634
normal-o3,0,256,reserved,4096,swap-take-c,5,1048576,256,1,45032000,8375064059273222634
normal-o3,0,256,reserved,4096,take-swap-c,5,1048576,256,1,43520000,8375064059273222634
normal-o3,0,256,reserved,4096,cpp-std-vector,6,1048576,256,1,43569000,18409727464639388395
normal-o3,0,256,reserved,4096,whitefoot,6,1048576,256,1,40597000,18409727464639388395
normal-o3,0,256,reserved,4096,reverse-c,6,1048576,256,1,49223000,18409727464639388395
normal-o3,0,256,reserved,4096,direct-c,6,1048576,256,1,42876000,18409727464639388395
normal-o3,0,256,reserved,4096,swap-take-c,6,1048576,256,1,45137000,18409727464639388395
normal-o3,0,256,reserved,4096,take-swap-c,6,1048576,256,1,42973000,18409727464639388395
normal-o3,0,256,reserved,4096,rust-vec,6,1048576,256,1,40758000,18409727464639388395
normal-o3,0,256,growth,16,whitefoot,0,1048576,65536,1,59243000,16095999890136793189
normal-o3,0,256,growth,16,reverse-c,0,1048576,65536,1,66510000,16095999890136793189
normal-o3,0,256,growth,16,direct-c,0,1048576,65536,1,61651000,16095999890136793189
normal-o3,0,256,growth,16,swap-take-c,0,1048576,65536,1,65892000,16095999890136793189
normal-o3,0,256,growth,16,take-swap-c,0,1048576,65536,1,64789000,16095999890136793189
normal-o3,0,256,growth,16,rust-vec,0,1048576,65536,1,55925000,16095999890136793189
normal-o3,0,256,growth,16,cpp-std-vector,0,1048576,65536,1,60706000,16095999890136793189
normal-o3,0,256,growth,16,reverse-c,1,1048576,65536,1,66364000,10905710204835692646
normal-o3,0,256,growth,16,direct-c,1,1048576,65536,1,61570000,10905710204835692646
normal-o3,0,256,growth,16,swap-take-c,1,1048576,65536,1,65920000,10905710204835692646
normal-o3,0,256,growth,16,take-swap-c,1,1048576,65536,1,62357000,10905710204835692646
normal-o3,0,256,growth,16,rust-vec,1,1048576,65536,1,56205000,10905710204835692646
normal-o3,0,256,growth,16,cpp-std-vector,1,1048576,65536,1,60318000,10905710204835692646
normal-o3,0,256,growth,16,whitefoot,1,1048576,65536,1,59236000,10905710204835692646
normal-o3,0,256,growth,16,direct-c,2,1048576,65536,1,61505000,1136678281099509863
normal-o3,0,256,growth,16,swap-take-c,2,1048576,65536,1,66463000,1136678281099509863
normal-o3,0,256,growth,16,take-swap-c,2,1048576,65536,1,62435000,1136678281099509863
normal-o3,0,256,growth,16,rust-vec,2,1048576,65536,1,56940000,1136678281099509863
normal-o3,0,256,growth,16,cpp-std-vector,2,1048576,65536,1,62413000,1136678281099509863
normal-o3,0,256,growth,16,whitefoot,2,1048576,65536,1,59158000,1136678281099509863
normal-o3,0,256,growth,16,reverse-c,2,1048576,65536,1,66479000,1136678281099509863
normal-o3,0,256,growth,16,swap-take-c,3,1048576,65536,1,65907000,1916000061831479400
normal-o3,0,256,growth,16,take-swap-c,3,1048576,65536,1,62429000,1916000061831479400
normal-o3,0,256,growth,16,rust-vec,3,1048576,65536,1,56305000,1916000061831479400
normal-o3,0,256,growth,16,cpp-std-vector,3,1048576,65536,1,60475000,1916000061831479400
normal-o3,0,256,growth,16,whitefoot,3,1048576,65536,1,59210000,1916000061831479400
normal-o3,0,256,growth,16,reverse-c,3,1048576,65536,1,66394000,1916000061831479400
normal-o3,0,256,growth,16,direct-c,3,1048576,65536,1,61533000,1916000061831479400
normal-o3,0,256,growth,16,take-swap-c,4,1048576,65536,1,62502000,317124334665105513
normal-o3,0,256,growth,16,rust-vec,4,1048576,65536,1,56114000,317124334665105513
normal-o3,0,256,growth,16,cpp-std-vector,4,1048576,65536,1,60082000,317124334665105513
normal-o3,0,256,growth,16,whitefoot,4,1048576,65536,1,59265000,317124334665105513
normal-o3,0,256,growth,16,reverse-c,4,1048576,65536,1,68288000,317124334665105513
normal-o3,0,256,growth,16,direct-c,4,1048576,65536,1,63172000,317124334665105513
normal-o3,0,256,growth,16,swap-take-c,4,1048576,65536,1,65816000,317124334665105513
normal-o3,0,256,growth,16,rust-vec,5,1048576,65536,1,56293000,16344508304658628714
normal-o3,0,256,growth,16,cpp-std-vector,5,1048576,65536,1,60278000,16344508304658628714
normal-o3,0,256,growth,16,whitefoot,5,1048576,65536,1,59002000,16344508304658628714
normal-o3,0,256,growth,16,reverse-c,5,1048576,65536,1,66536000,16344508304658628714
normal-o3,0,256,growth,16,direct-c,5,1048576,65536,1,61538000,16344508304658628714
normal-o3,0,256,growth,16,swap-take-c,5,1048576,65536,1,65895000,16344508304658628714
normal-o3,0,256,growth,16,take-swap-c,5,1048576,65536,1,62903000,16344508304658628714
normal-o3,0,256,growth,16,cpp-std-vector,6,1048576,65536,1,61181000,17728104047323021419
normal-o3,0,256,growth,16,whitefoot,6,1048576,65536,1,59033000,17728104047323021419
normal-o3,0,256,growth,16,reverse-c,6,1048576,65536,1,66476000,17728104047323021419
normal-o3,0,256,growth,16,direct-c,6,1048576,65536,1,61540000,17728104047323021419
normal-o3,0,256,growth,16,swap-take-c,6,1048576,65536,1,65841000,17728104047323021419
normal-o3,0,256,growth,16,take-swap-c,6,1048576,65536,1,63385000,17728104047323021419
normal-o3,0,256,growth,16,rust-vec,6,1048576,65536,1,58320000,17728104047323021419
normal-o3,0,256,growth,256,whitefoot,0,1048576,4096,1,51480000,5774473182449584229
normal-o3,0,256,growth,256,reverse-c,0,1048576,4096,1,59941000,5774473182449584229
normal-o3,0,256,growth,256,direct-c,0,1048576,4096,1,53728000,5774473182449584229
normal-o3,0,256,growth,256,swap-take-c,0,1048576,4096,1,56681000,5774473182449584229
normal-o3,0,256,growth,256,take-swap-c,0,1048576,4096,1,54219000,5774473182449584229
normal-o3,0,256,growth,256,rust-vec,0,1048576,4096,1,45324000,5774473182449584229
normal-o3,0,256,growth,256,cpp-std-vector,0,1048576,4096,1,55175000,5774473182449584229
normal-o3,0,256,growth,256,reverse-c,1,1048576,4096,1,60007000,730816566922926182
normal-o3,0,256,growth,256,direct-c,1,1048576,4096,1,53764000,730816566922926182
normal-o3,0,256,growth,256,swap-take-c,1,1048576,4096,1,57107000,730816566922926182
normal-o3,0,256,growth,256,take-swap-c,1,1048576,4096,1,54263000,730816566922926182
normal-o3,0,256,growth,256,rust-vec,1,1048576,4096,1,45412000,730816566922926182
normal-o3,0,256,growth,256,cpp-std-vector,1,1048576,4096,1,55410000,730816566922926182
normal-o3,0,256,growth,256,whitefoot,1,1048576,4096,1,52011000,730816566922926182
normal-o3,0,256,growth,256,direct-c,2,1048576,4096,1,55868000,3951699326411303015
normal-o3,0,256,growth,256,swap-take-c,2,1048576,4096,1,58649000,3951699326411303015
normal-o3,0,256,growth,256,take-swap-c,2,1048576,4096,1,54581000,3951699326411303015
normal-o3,0,256,growth,256,rust-vec,2,1048576,4096,1,45577000,3951699326411303015
normal-o3,0,256,growth,256,cpp-std-vector,2,1048576,4096,1,55299000,3951699326411303015
normal-o3,0,256,growth,256,whitefoot,2,1048576,4096,1,51370000,3951699326411303015
normal-o3,0,256,growth,256,reverse-c,2,1048576,4096,1,59975000,3951699326411303015
normal-o3,0,256,growth,256,swap-take-c,3,1048576,4096,1,56722000,4669976213855500392
normal-o3,0,256,growth,256,take-swap-c,3,1048576,4096,1,54256000,4669976213855500392
normal-o3,0,256,growth,256,rust-vec,3,1048576,4096,1,45426000,4669976213855500392
normal-o3,0,256,growth,256,cpp-std-vector,3,1048576,4096,1,55484000,4669976213855500392
normal-o3,0,256,growth,256,whitefoot,3,1048576,4096,1,51399000,4669976213855500392
normal-o3,0,256,growth,256,reverse-c,3,1048576,4096,1,59968000,4669976213855500392
normal-o3,0,256,growth,256,direct-c,3,1048576,4096,1,53766000,4669976213855500392
normal-o3,0,256,growth,256,take-swap-c,4,1048576,4096,1,54203000,4748812814999455849
normal-o3,0,256,growth,256,rust-vec,4,1048576,4096,1,45361000,4748812814999455849
normal-o3,0,256,growth,256,cpp-std-vector,4,1048576,4096,1,55299000,4748812814999455849
normal-o3,0,256,growth,256,whitefoot,4,1048576,4096,1,51379000,4748812814999455849
normal-o3,0,256,growth,256,reverse-c,4,1048576,4096,1,62706000,4748812814999455849
normal-o3,0,256,growth,256,direct-c,4,1048576,4096,1,54350000,4748812814999455849
normal-o3,0,256,growth,256,swap-take-c,4,1048576,4096,1,57787000,4748812814999455849
normal-o3,0,256,growth,256,rust-vec,5,1048576,4096,1,45376000,9617966251147630698
normal-o3,0,256,growth,256,cpp-std-vector,5,1048576,4096,1,55353000,9617966251147630698
normal-o3,0,256,growth,256,whitefoot,5,1048576,4096,1,51408000,9617966251147630698
normal-o3,0,256,growth,256,reverse-c,5,1048576,4096,1,60043000,9617966251147630698
normal-o3,0,256,growth,256,direct-c,5,1048576,4096,1,54044000,9617966251147630698
normal-o3,0,256,growth,256,swap-take-c,5,1048576,4096,1,57017000,9617966251147630698
normal-o3,0,256,growth,256,take-swap-c,5,1048576,4096,1,54478000,9617966251147630698
normal-o3,0,256,growth,256,cpp-std-vector,6,1048576,4096,1,55877000,14780350119149938795
normal-o3,0,256,growth,256,whitefoot,6,1048576,4096,1,51607000,14780350119149938795
normal-o3,0,256,growth,256,reverse-c,6,1048576,4096,1,60075000,14780350119149938795
normal-o3,0,256,growth,256,direct-c,6,1048576,4096,1,54086000,14780350119149938795
normal-o3,0,256,growth,256,swap-take-c,6,1048576,4096,1,56806000,14780350119149938795
normal-o3,0,256,growth,256,take-swap-c,6,1048576,4096,1,54463000,14780350119149938795
normal-o3,0,256,growth,256,rust-vec,6,1048576,4096,1,45466000,14780350119149938795
normal-o3,0,256,growth,4096,whitefoot,0,1048576,256,1,53620000,7990118519889974501
normal-o3,0,256,growth,4096,reverse-c,0,1048576,256,1,63476000,7990118519889974501
normal-o3,0,256,growth,4096,direct-c,0,1048576,256,1,55982000,7990118519889974501
normal-o3,0,256,growth,4096,swap-take-c,0,1048576,256,1,57641000,7990118519889974501
normal-o3,0,256,growth,4096,take-swap-c,0,1048576,256,1,55695000,7990118519889974501
normal-o3,0,256,growth,4096,rust-vec,0,1048576,256,1,41259000,7990118519889974501
normal-o3,0,256,growth,4096,cpp-std-vector,0,1048576,256,1,52080000,7990118519889974501
normal-o3,0,256,growth,4096,reverse-c,1,1048576,256,1,62278000,10660244701728609766
normal-o3,0,256,growth,4096,direct-c,1,1048576,256,1,55164000,10660244701728609766
normal-o3,0,256,growth,4096,swap-take-c,1,1048576,256,1,57646000,10660244701728609766
normal-o3,0,256,growth,4096,take-swap-c,1,1048576,256,1,55543000,10660244701728609766
normal-o3,0,256,growth,4096,rust-vec,1,1048576,256,1,41266000,10660244701728609766
normal-o3,0,256,growth,4096,cpp-std-vector,1,1048576,256,1,51884000,10660244701728609766
normal-o3,0,256,growth,4096,whitefoot,1,1048576,256,1,52760000,10660244701728609766
normal-o3,0,256,growth,4096,direct-c,2,1048576,256,1,55030000,3495536164771485415
normal-o3,0,256,growth,4096,swap-take-c,2,1048576,256,1,57502000,3495536164771485415
normal-o3,0,256,growth,4096,take-swap-c,2,1048576,256,1,57721000,3495536164771485415
normal-o3,0,256,growth,4096,rust-vec,2,1048576,256,1,41956000,3495536164771485415
normal-o3,0,256,growth,4096,cpp-std-vector,2,1048576,256,1,52818000,3495536164771485415
normal-o3,0,256,growth,4096,whitefoot,2,1048576,256,1,56237000,3495536164771485415
normal-o3,0,256,growth,4096,reverse-c,2,1048576,256,1,63655000,3495536164771485415
normal-o3,0,256,growth,4096,swap-take-c,3,1048576,256,1,57889000,15148529761215748072
normal-o3,0,256,growth,4096,take-swap-c,3,1048576,256,1,55687000,15148529761215748072
normal-o3,0,256,growth,4096,rust-vec,3,1048576,256,1,41265000,15148529761215748072
normal-o3,0,256,growth,4096,cpp-std-vector,3,1048576,256,1,52267000,15148529761215748072
normal-o3,0,256,growth,4096,whitefoot,3,1048576,256,1,52724000,15148529761215748072
normal-o3,0,256,growth,4096,reverse-c,3,1048576,256,1,61779000,15148529761215748072
normal-o3,0,256,growth,4096,direct-c,3,1048576,256,1,55627000,15148529761215748072
normal-o3,0,256,growth,4096,take-swap-c,4,1048576,256,1,55569000,9298652180223940841
normal-o3,0,256,growth,4096,rust-vec,4,1048576,256,1,41245000,9298652180223940841
normal-o3,0,256,growth,4096,cpp-std-vector,4,1048576,256,1,51436000,9298652180223940841
normal-o3,0,256,growth,4096,whitefoot,4,1048576,256,1,52799000,9298652180223940841
normal-o3,0,256,growth,4096,reverse-c,4,1048576,256,1,63787000,9298652180223940841
normal-o3,0,256,growth,4096,direct-c,4,1048576,256,1,56735000,9298652180223940841
normal-o3,0,256,growth,4096,swap-take-c,4,1048576,256,1,59009000,9298652180223940841
normal-o3,0,256,growth,4096,rust-vec,5,1048576,256,1,41248000,8375064059273222634
normal-o3,0,256,growth,4096,cpp-std-vector,5,1048576,256,1,52364000,8375064059273222634
normal-o3,0,256,growth,4096,whitefoot,5,1048576,256,1,52684000,8375064059273222634
normal-o3,0,256,growth,4096,reverse-c,5,1048576,256,1,62640000,8375064059273222634
normal-o3,0,256,growth,4096,direct-c,5,1048576,256,1,55159000,8375064059273222634
normal-o3,0,256,growth,4096,swap-take-c,5,1048576,256,1,57796000,8375064059273222634
normal-o3,0,256,growth,4096,take-swap-c,5,1048576,256,1,55709000,8375064059273222634
normal-o3,0,256,growth,4096,cpp-std-vector,6,1048576,256,1,52294000,18409727464639388395
normal-o3,0,256,growth,4096,whitefoot,6,1048576,256,1,52765000,18409727464639388395
normal-o3,0,256,growth,4096,reverse-c,6,1048576,256,1,61912000,18409727464639388395
normal-o3,0,256,growth,4096,direct-c,6,1048576,256,1,55129000,18409727464639388395
normal-o3,0,256,growth,4096,swap-take-c,6,1048576,256,1,57891000,18409727464639388395
normal-o3,0,256,growth,4096,take-swap-c,6,1048576,256,1,55736000,18409727464639388395
normal-o3,0,256,growth,4096,rust-vec,6,1048576,256,1,41245000,18409727464639388395
normal-o3,0,256,reuse,16,whitefoot,0,1048576,65536,1,40158000,16095999890136793189
normal-o3,0,256,reuse,16,reverse-c,0,1048576,65536,1,47792000,16095999890136793189
normal-o3,0,256,reuse,16,direct-c,0,1048576,65536,1,43588000,16095999890136793189
normal-o3,0,256,reuse,16,swap-take-c,0,1048576,65536,1,48240000,16095999890136793189
normal-o3,0,256,reuse,16,take-swap-c,0,1048576,65536,1,43391000,16095999890136793189
normal-o3,0,256,reuse,16,rust-vec,0,1048576,65536,1,40135000,16095999890136793189
normal-o3,0,256,reuse,16,cpp-std-vector,0,1048576,65536,1,43079000,16095999890136793189
normal-o3,0,256,reuse,16,reverse-c,1,1048576,65536,1,47763000,10905710204835692646
normal-o3,0,256,reuse,16,direct-c,1,1048576,65536,1,43996000,10905710204835692646
normal-o3,0,256,reuse,16,swap-take-c,1,1048576,65536,1,46651000,10905710204835692646
normal-o3,0,256,reuse,16,take-swap-c,1,1048576,65536,1,43320000,10905710204835692646
normal-o3,0,256,reuse,16,rust-vec,1,1048576,65536,1,40199000,10905710204835692646
normal-o3,0,256,reuse,16,cpp-std-vector,1,1048576,65536,1,43148000,10905710204835692646
normal-o3,0,256,reuse,16,whitefoot,1,1048576,65536,1,40170000,10905710204835692646
normal-o3,0,256,reuse,16,direct-c,2,1048576,65536,1,42958000,1136678281099509863
normal-o3,0,256,reuse,16,swap-take-c,2,1048576,65536,1,46590000,1136678281099509863
normal-o3,0,256,reuse,16,take-swap-c,2,1048576,65536,1,43339000,1136678281099509863
normal-o3,0,256,reuse,16,rust-vec,2,1048576,65536,1,40234000,1136678281099509863
normal-o3,0,256,reuse,16,cpp-std-vector,2,1048576,65536,1,43047000,1136678281099509863
normal-o3,0,256,reuse,16,whitefoot,2,1048576,65536,1,40199000,1136678281099509863
normal-o3,0,256,reuse,16,reverse-c,2,1048576,65536,1,47782000,1136678281099509863
normal-o3,0,256,reuse,16,swap-take-c,3,1048576,65536,1,47921000,1916000061831479400
normal-o3,0,256,reuse,16,take-swap-c,3,1048576,65536,1,44870000,1916000061831479400
normal-o3,0,256,reuse,16,rust-vec,3,1048576,65536,1,41319000,1916000061831479400
normal-o3,0,256,reuse,16,cpp-std-vector,3,1048576,65536,1,44397000,1916000061831479400
normal-o3,0,256,reuse,16,whitefoot,3,1048576,65536,1,40739000,1916000061831479400
normal-o3,0,256,reuse,16,reverse-c,3,1048576,65536,1,47805000,1916000061831479400
normal-o3,0,256,reuse,16,direct-c,3,1048576,65536,1,43209000,1916000061831479400
normal-o3,0,256,reuse,16,take-swap-c,4,1048576,65536,1,43417000,317124334665105513
normal-o3,0,256,reuse,16,rust-vec,4,1048576,65536,1,40220000,317124334665105513
normal-o3,0,256,reuse,16,cpp-std-vector,4,1048576,65536,1,43619000,317124334665105513
normal-o3,0,256,reuse,16,whitefoot,4,1048576,65536,1,40801000,317124334665105513
normal-o3,0,256,reuse,16,reverse-c,4,1048576,65536,1,47857000,317124334665105513
normal-o3,0,256,reuse,16,direct-c,4,1048576,65536,1,43108000,317124334665105513
normal-o3,0,256,reuse,16,swap-take-c,4,1048576,65536,1,46677000,317124334665105513
normal-o3,0,256,reuse,16,rust-vec,5,1048576,65536,1,40152000,16344508304658628714
normal-o3,0,256,reuse,16,cpp-std-vector,5,1048576,65536,1,43056000,16344508304658628714
normal-o3,0,256,reuse,16,whitefoot,5,1048576,65536,1,40184000,16344508304658628714
normal-o3,0,256,reuse,16,reverse-c,5,1048576,65536,1,47776000,16344508304658628714
normal-o3,0,256,reuse,16,direct-c,5,1048576,65536,1,43010000,16344508304658628714
normal-o3,0,256,reuse,16,swap-take-c,5,1048576,65536,1,46558000,16344508304658628714
normal-o3,0,256,reuse,16,take-swap-c,5,1048576,65536,1,43310000,16344508304658628714
normal-o3,0,256,reuse,16,cpp-std-vector,6,1048576,65536,1,43057000,17728104047323021419
normal-o3,0,256,reuse,16,whitefoot,6,1048576,65536,1,40163000,17728104047323021419
normal-o3,0,256,reuse,16,reverse-c,6,1048576,65536,1,50113000,17728104047323021419
normal-o3,0,256,reuse,16,direct-c,6,1048576,65536,1,43426000,17728104047323021419
normal-o3,0,256,reuse,16,swap-take-c,6,1048576,65536,1,46576000,17728104047323021419
normal-o3,0,256,reuse,16,take-swap-c,6,1048576,65536,1,43330000,17728104047323021419
normal-o3,0,256,reuse,16,rust-vec,6,1048576,65536,1,40175000,17728104047323021419
normal-o3,0,256,reuse,256,whitefoot,0,1048576,4096,1,38399000,5774473182449584229
normal-o3,0,256,reuse,256,reverse-c,0,1048576,4096,1,46237000,5774473182449584229
normal-o3,0,256,reuse,256,direct-c,0,1048576,4096,1,40908000,5774473182449584229
normal-o3,0,256,reuse,256,swap-take-c,0,1048576,4096,1,44009000,5774473182449584229
normal-o3,0,256,reuse,256,take-swap-c,0,1048576,4096,1,41128000,5774473182449584229
normal-o3,0,256,reuse,256,rust-vec,0,1048576,4096,1,38470000,5774473182449584229
normal-o3,0,256,reuse,256,cpp-std-vector,0,1048576,4096,1,41288000,5774473182449584229
normal-o3,0,256,reuse,256,reverse-c,1,1048576,4096,1,46295000,730816566922926182
normal-o3,0,256,reuse,256,direct-c,1,1048576,4096,1,40643000,730816566922926182
normal-o3,0,256,reuse,256,swap-take-c,1,1048576,4096,1,43131000,730816566922926182
normal-o3,0,256,reuse,256,take-swap-c,1,1048576,4096,1,41004000,730816566922926182
normal-o3,0,256,reuse,256,rust-vec,1,1048576,4096,1,38448000,730816566922926182
normal-o3,0,256,reuse,256,cpp-std-vector,1,1048576,4096,1,41306000,730816566922926182
normal-o3,0,256,reuse,256,whitefoot,1,1048576,4096,1,38422000,730816566922926182
normal-o3,0,256,reuse,256,direct-c,2,1048576,4096,1,41890000,3951699326411303015
normal-o3,0,256,reuse,256,swap-take-c,2,1048576,4096,1,43060000,3951699326411303015
normal-o3,0,256,reuse,256,take-swap-c,2,1048576,4096,1,41220000,3951699326411303015
normal-o3,0,256,reuse,256,rust-vec,2,1048576,4096,1,38478000,3951699326411303015
normal-o3,0,256,reuse,256,cpp-std-vector,2,1048576,4096,1,41295000,3951699326411303015
normal-o3,0,256,reuse,256,whitefoot,2,1048576,4096,1,38358000,3951699326411303015
normal-o3,0,256,reuse,256,reverse-c,2,1048576,4096,1,46257000,3951699326411303015
normal-o3,0,256,reuse,256,swap-take-c,3,1048576,4096,1,43104000,4669976213855500392
normal-o3,0,256,reuse,256,take-swap-c,3,1048576,4096,1,41005000,4669976213855500392
normal-o3,0,256,reuse,256,rust-vec,3,1048576,4096,1,38514000,4669976213855500392
normal-o3,0,256,reuse,256,cpp-std-vector,3,1048576,4096,1,41296000,4669976213855500392
normal-o3,0,256,reuse,256,whitefoot,3,1048576,4096,1,38522000,4669976213855500392
normal-o3,0,256,reuse,256,reverse-c,3,1048576,4096,1,46603000,4669976213855500392
normal-o3,0,256,reuse,256,direct-c,3,1048576,4096,1,41825000,4669976213855500392
normal-o3,0,256,reuse,256,take-swap-c,4,1048576,4096,1,41058000,4748812814999455849
normal-o3,0,256,reuse,256,rust-vec,4,1048576,4096,1,38455000,4748812814999455849
normal-o3,0,256,reuse,256,cpp-std-vector,4,1048576,4096,1,41249000,4748812814999455849
normal-o3,0,256,reuse,256,whitefoot,4,1048576,4096,1,38466000,4748812814999455849
normal-o3,0,256,reuse,256,reverse-c,4,1048576,4096,1,46280000,4748812814999455849
normal-o3,0,256,reuse,256,direct-c,4,1048576,4096,1,40678000,4748812814999455849
normal-o3,0,256,reuse,256,swap-take-c,4,1048576,4096,1,43107000,4748812814999455849
normal-o3,0,256,reuse,256,rust-vec,5,1048576,4096,1,39843000,9617966251147630698
normal-o3,0,256,reuse,256,cpp-std-vector,5,1048576,4096,1,41935000,9617966251147630698
normal-o3,0,256,reuse,256,whitefoot,5,1048576,4096,1,38446000,9617966251147630698
normal-o3,0,256,reuse,256,reverse-c,5,1048576,4096,1,46283000,9617966251147630698
normal-o3,0,256,reuse,256,direct-c,5,1048576,4096,1,40640000,9617966251147630698
normal-o3,0,256,reuse,256,swap-take-c,5,1048576,4096,1,44003000,9617966251147630698
normal-o3,0,256,reuse,256,take-swap-c,5,1048576,4096,1,42344000,9617966251147630698
normal-o3,0,256,reuse,256,cpp-std-vector,6,1048576,4096,1,41216000,14780350119149938795
normal-o3,0,256,reuse,256,whitefoot,6,1048576,4096,1,38397000,14780350119149938795
normal-o3,0,256,reuse,256,reverse-c,6,1048576,4096,1,46235000,14780350119149938795
normal-o3,0,256,reuse,256,direct-c,6,1048576,4096,1,40663000,14780350119149938795
normal-o3,0,256,reuse,256,swap-take-c,6,1048576,4096,1,43089000,14780350119149938795
normal-o3,0,256,reuse,256,take-swap-c,6,1048576,4096,1,41859000,14780350119149938795
normal-o3,0,256,reuse,256,rust-vec,6,1048576,4096,1,38481000,14780350119149938795
normal-o3,0,256,reuse,4096,whitefoot,0,1048576,256,1,41267000,7990118519889974501
normal-o3,0,256,reuse,4096,reverse-c,0,1048576,256,1,49555000,7990118519889974501
normal-o3,0,256,reuse,4096,direct-c,0,1048576,256,1,42878000,7990118519889974501
normal-o3,0,256,reuse,4096,swap-take-c,0,1048576,256,1,45146000,7990118519889974501
normal-o3,0,256,reuse,4096,take-swap-c,0,1048576,256,1,43080000,7990118519889974501
normal-o3,0,256,reuse,4096,rust-vec,0,1048576,256,1,40664000,7990118519889974501
normal-o3,0,256,reuse,4096,cpp-std-vector,0,1048576,256,1,43619000,7990118519889974501
normal-o3,0,256,reuse,4096,reverse-c,1,1048576,256,1,52023000,10660244701728609766
normal-o3,0,256,reuse,4096,direct-c,1,1048576,256,1,43407000,10660244701728609766
normal-o3,0,256,reuse,4096,swap-take-c,1,1048576,256,1,45191000,10660244701728609766
normal-o3,0,256,reuse,4096,take-swap-c,1,1048576,256,1,43068000,10660244701728609766
normal-o3,0,256,reuse,4096,rust-vec,1,1048576,256,1,40704000,10660244701728609766
normal-o3,0,256,reuse,4096,cpp-std-vector,1,1048576,256,1,43338000,10660244701728609766
normal-o3,0,256,reuse,4096,whitefoot,1,1048576,256,1,40440000,10660244701728609766
normal-o3,0,256,reuse,4096,direct-c,2,1048576,256,1,42816000,3495536164771485415
normal-o3,0,256,reuse,4096,swap-take-c,2,1048576,256,1,45139000,3495536164771485415
normal-o3,0,256,reuse,4096,take-swap-c,2,1048576,256,1,43145000,3495536164771485415
normal-o3,0,256,reuse,4096,rust-vec,2,1048576,256,1,40885000,3495536164771485415
normal-o3,0,256,reuse,4096,cpp-std-vector,2,1048576,256,1,43433000,3495536164771485415
normal-o3,0,256,reuse,4096,whitefoot,2,1048576,256,1,40574000,3495536164771485415
normal-o3,0,256,reuse,4096,reverse-c,2,1048576,256,1,49398000,3495536164771485415
normal-o3,0,256,reuse,4096,swap-take-c,3,1048576,256,1,45028000,15148529761215748072
normal-o3,0,256,reuse,4096,take-swap-c,3,1048576,256,1,44050000,15148529761215748072
normal-o3,0,256,reuse,4096,rust-vec,3,1048576,256,1,40674000,15148529761215748072
normal-o3,0,256,reuse,4096,cpp-std-vector,3,1048576,256,1,43324000,15148529761215748072
normal-o3,0,256,reuse,4096,whitefoot,3,1048576,256,1,40477000,15148529761215748072
normal-o3,0,256,reuse,4096,reverse-c,3,1048576,256,1,49481000,15148529761215748072
normal-o3,0,256,reuse,4096,direct-c,3,1048576,256,1,43013000,15148529761215748072
normal-o3,0,256,reuse,4096,take-swap-c,4,1048576,256,1,45001000,9298652180223940841
normal-o3,0,256,reuse,4096,rust-vec,4,1048576,256,1,40780000,9298652180223940841
normal-o3,0,256,reuse,4096,cpp-std-vector,4,1048576,256,1,43545000,9298652180223940841
normal-o3,0,256,reuse,4096,whitefoot,4,1048576,256,1,40621000,9298652180223940841
normal-o3,0,256,reuse,4096,reverse-c,4,1048576,256,1,49415000,9298652180223940841
normal-o3,0,256,reuse,4096,direct-c,4,1048576,256,1,42947000,9298652180223940841
normal-o3,0,256,reuse,4096,swap-take-c,4,1048576,256,1,45055000,9298652180223940841
normal-o3,0,256,reuse,4096,rust-vec,5,1048576,256,1,40640000,8375064059273222634
normal-o3,0,256,reuse,4096,cpp-std-vector,5,1048576,256,1,43833000,8375064059273222634
normal-o3,0,256,reuse,4096,whitefoot,5,1048576,256,1,40531000,8375064059273222634
normal-o3,0,256,reuse,4096,reverse-c,5,1048576,256,1,49433000,8375064059273222634
normal-o3,0,256,reuse,4096,direct-c,5,1048576,256,1,43503000,8375064059273222634
normal-o3,0,256,reuse,4096,swap-take-c,5,1048576,256,1,46821000,8375064059273222634
normal-o3,0,256,reuse,4096,take-swap-c,5,1048576,256,1,45195000,8375064059273222634
normal-o3,0,256,reuse,4096,cpp-std-vector,6,1048576,256,1,44626000,18409727464639388395
normal-o3,0,256,reuse,4096,whitefoot,6,1048576,256,1,41582000,18409727464639388395
normal-o3,0,256,reuse,4096,reverse-c,6,1048576,256,1,50540000,18409727464639388395
normal-o3,0,256,reuse,4096,direct-c,6,1048576,256,1,42835000,18409727464639388395
normal-o3,0,256,reuse,4096,swap-take-c,6,1048576,256,1,45097000,18409727464639388395
normal-o3,0,256,reuse,4096,take-swap-c,6,1048576,256,1,43084000,18409727464639388395
normal-o3,0,256,reuse,4096,rust-vec,6,1048576,256,1,40986000,18409727464639388395
normal-o3,0,256,suffix-0,16,whitefoot,0,1048576,1048576,1,2768000,6607130204449329354
normal-o3,0,256,suffix-0,16,reverse-c,0,1048576,1048576,1,2825000,6607130204449329354
normal-o3,0,256,suffix-0,16,direct-c,0,1048576,1048576,1,2783000,6607130204449329354
normal-o3,0,256,suffix-0,16,swap-take-c,0,1048576,1048576,1,2875000,6607130204449329354
normal-o3,0,256,suffix-0,16,take-swap-c,0,1048576,1048576,1,4077000,6607130204449329354
normal-o3,0,256,suffix-0,16,rust-vec,0,1048576,1048576,1,978000,6607130204449329354
normal-o3,0,256,suffix-0,16,cpp-std-vector,0,1048576,1048576,1,2805000,6607130204449329354
normal-o3,0,256,suffix-0,16,reverse-c,1,1048576,1048576,1,2811000,16952766600949476812
normal-o3,0,256,suffix-0,16,direct-c,1,1048576,1048576,1,2786000,16952766600949476812
normal-o3,0,256,suffix-0,16,swap-take-c,1,1048576,1048576,1,2892000,16952766600949476812
normal-o3,0,256,suffix-0,16,take-swap-c,1,1048576,1048576,1,3136000,16952766600949476812
normal-o3,0,256,suffix-0,16,rust-vec,1,1048576,1048576,1,975000,16952766600949476812
normal-o3,0,256,suffix-0,16,cpp-std-vector,1,1048576,1048576,1,2765000,16952766600949476812
normal-o3,0,256,suffix-0,16,whitefoot,1,1048576,1048576,1,2769000,16952766600949476812
normal-o3,0,256,suffix-0,16,direct-c,2,1048576,1048576,1,2777000,8851658923740072654
normal-o3,0,256,suffix-0,16,swap-take-c,2,1048576,1048576,1,2873000,8851658923740072654
normal-o3,0,256,suffix-0,16,take-swap-c,2,1048576,1048576,1,3139000,8851658923740072654
normal-o3,0,256,suffix-0,16,rust-vec,2,1048576,1048576,1,976000,8851658923740072654
normal-o3,0,256,suffix-0,16,cpp-std-vector,2,1048576,1048576,1,2761000,8851658923740072654
normal-o3,0,256,suffix-0,16,whitefoot,2,1048576,1048576,1,2760000,8851658923740072654
normal-o3,0,256,suffix-0,16,reverse-c,2,1048576,1048576,1,2816000,8851658923740072654
normal-o3,0,256,suffix-0,16,swap-take-c,3,1048576,1048576,1,2896000,750551246530668496
normal-o3,0,256,suffix-0,16,take-swap-c,3,1048576,1048576,1,3318000,750551246530668496
normal-o3,0,256,suffix-0,16,rust-vec,3,1048576,1048576,1,1013000,750551246530668496
normal-o3,0,256,suffix-0,16,cpp-std-vector,3,1048576,1048576,1,2891000,750551246530668496
normal-o3,0,256,suffix-0,16,whitefoot,3,1048576,1048576,1,2951000,750551246530668496
normal-o3,0,256,suffix-0,16,reverse-c,3,1048576,1048576,1,3007000,750551246530668496
normal-o3,0,256,suffix-0,16,direct-c,3,1048576,1048576,1,2938000,750551246530668496
normal-o3,0,256,suffix-0,16,take-swap-c,4,1048576,1048576,1,4359000,11096187643030815954
normal-o3,0,256,suffix-0,16,rust-vec,4,1048576,1048576,1,1017000,11096187643030815954
normal-o3,0,256,suffix-0,16,cpp-std-vector,4,1048576,1048576,1,2905000,11096187643030815954
normal-o3,0,256,suffix-0,16,whitefoot,4,1048576,1048576,1,2855000,11096187643030815954
normal-o3,0,256,suffix-0,16,reverse-c,4,1048576,1048576,1,2957000,11096187643030815954
normal-o3,0,256,suffix-0,16,direct-c,4,1048576,1048576,1,2898000,11096187643030815954
normal-o3,0,256,suffix-0,16,swap-take-c,4,1048576,1048576,1,3023000,11096187643030815954
normal-o3,0,256,suffix-0,16,rust-vec,5,1048576,1048576,1,1009000,2995079965821411796
normal-o3,0,256,suffix-0,16,cpp-std-vector,5,1048576,1048576,1,2912000,2995079965821411796
normal-o3,0,256,suffix-0,16,whitefoot,5,1048576,1048576,1,2878000,2995079965821411796
normal-o3,0,256,suffix-0,16,reverse-c,5,1048576,1048576,1,2932000,2995079965821411796
normal-o3,0,256,suffix-0,16,direct-c,5,1048576,1048576,1,2917000,2995079965821411796
normal-o3,0,256,suffix-0,16,swap-take-c,5,1048576,1048576,1,2970000,2995079965821411796
normal-o3,0,256,suffix-0,16,take-swap-c,5,1048576,1048576,1,4278000,2995079965821411796
normal-o3,0,256,suffix-0,16,cpp-std-vector,6,1048576,1048576,1,2792000,13340716362321559254
normal-o3,0,256,suffix-0,16,whitefoot,6,1048576,1048576,1,2759000,13340716362321559254
normal-o3,0,256,suffix-0,16,reverse-c,6,1048576,1048576,1,2817000,13340716362321559254
normal-o3,0,256,suffix-0,16,direct-c,6,1048576,1048576,1,2777000,13340716362321559254
normal-o3,0,256,suffix-0,16,swap-take-c,6,1048576,1048576,1,2903000,13340716362321559254
normal-o3,0,256,suffix-0,16,take-swap-c,6,1048576,1048576,1,3141000,13340716362321559254
normal-o3,0,256,suffix-0,16,rust-vec,6,1048576,1048576,1,977000,13340716362321559254
normal-o3,0,256,suffix-0,256,whitefoot,0,1048576,1048576,1,2768000,16711255245857297866
normal-o3,0,256,suffix-0,256,reverse-c,0,1048576,1048576,1,2828000,16711255245857297866
normal-o3,0,256,suffix-0,256,direct-c,0,1048576,1048576,1,2785000,16711255245857297866
normal-o3,0,256,suffix-0,256,swap-take-c,0,1048576,1048576,1,2882000,16711255245857297866
normal-o3,0,256,suffix-0,256,take-swap-c,0,1048576,1048576,1,4090000,16711255245857297866
normal-o3,0,256,suffix-0,256,rust-vec,0,1048576,1048576,1,984000,16711255245857297866
normal-o3,0,256,suffix-0,256,cpp-std-vector,0,1048576,1048576,1,2785000,16711255245857297866
normal-o3,0,256,suffix-0,256,reverse-c,1,1048576,1048576,1,2823000,17222991059918444236
normal-o3,0,256,suffix-0,256,direct-c,1,1048576,1048576,1,2933000,17222991059918444236
normal-o3,0,256,suffix-0,256,swap-take-c,1,1048576,1048576,1,2890000,17222991059918444236
normal-o3,0,256,suffix-0,256,take-swap-c,1,1048576,1048576,1,4094000,17222991059918444236
normal-o3,0,256,suffix-0,256,rust-vec,1,1048576,1048576,1,993000,17222991059918444236
normal-o3,0,256,suffix-0,256,cpp-std-vector,1,1048576,1048576,1,2856000,17222991059918444236
normal-o3,0,256,suffix-0,256,whitefoot,1,1048576,1048576,1,2785000,17222991059918444236
normal-o3,0,256,suffix-0,256,direct-c,2,1048576,1048576,1,2787000,17734726873979590606
normal-o3,0,256,suffix-0,256,swap-take-c,2,1048576,1048576,1,2892000,17734726873979590606
normal-o3,0,256,suffix-0,256,take-swap-c,2,1048576,1048576,1,3187000,17734726873979590606
normal-o3,0,256,suffix-0,256,rust-vec,2,1048576,1048576,1,985000,17734726873979590606
normal-o3,0,256,suffix-0,256,cpp-std-vector,2,1048576,1048576,1,2783000,17734726873979590606
normal-o3,0,256,suffix-0,256,whitefoot,2,1048576,1048576,1,2770000,17734726873979590606
normal-o3,0,256,suffix-0,256,reverse-c,2,1048576,1048576,1,2837000,17734726873979590606
normal-o3,0,256,suffix-0,256,swap-take-c,3,1048576,1048576,1,2913000,18246462688040736976
normal-o3,0,256,suffix-0,256,take-swap-c,3,1048576,1048576,1,4108000,18246462688040736976
normal-o3,0,256,suffix-0,256,rust-vec,3,1048576,1048576,1,987000,18246462688040736976
normal-o3,0,256,suffix-0,256,cpp-std-vector,3,1048576,1048576,1,2775000,18246462688040736976
normal-o3,0,256,suffix-0,256,whitefoot,3,1048576,1048576,1,2777000,18246462688040736976
normal-o3,0,256,suffix-0,256,reverse-c,3,1048576,1048576,1,2823000,18246462688040736976
normal-o3,0,256,suffix-0,256,direct-c,3,1048576,1048576,1,2790000,18246462688040736976
normal-o3,0,256,suffix-0,256,take-swap-c,4,1048576,1048576,1,3143000,311454428392331730
normal-o3,0,256,suffix-0,256,rust-vec,4,1048576,1048576,1,984000,311454428392331730
normal-o3,0,256,suffix-0,256,cpp-std-vector,4,1048576,1048576,1,2783000,311454428392331730
normal-o3,0,256,suffix-0,256,whitefoot,4,1048576,1048576,1,2769000,311454428392331730
normal-o3,0,256,suffix-0,256,reverse-c,4,1048576,1048576,1,2821000,311454428392331730
normal-o3,0,256,suffix-0,256,direct-c,4,1048576,1048576,1,2790000,311454428392331730
normal-o3,0,256,suffix-0,256,swap-take-c,4,1048576,1048576,1,2898000,311454428392331730
normal-o3,0,256,suffix-0,256,rust-vec,5,1048576,1048576,1,983000,823190242453478100
normal-o3,0,256,suffix-0,256,cpp-std-vector,5,1048576,1048576,1,2777000,823190242453478100
normal-o3,0,256,suffix-0,256,whitefoot,5,1048576,1048576,1,2772000,823190242453478100
normal-o3,0,256,suffix-0,256,reverse-c,5,1048576,1048576,1,2827000,823190242453478100
normal-o3,0,256,suffix-0,256,direct-c,5,1048576,1048576,1,2784000,823190242453478100
normal-o3,0,256,suffix-0,256,swap-take-c,5,1048576,1048576,1,2886000,823190242453478100
normal-o3,0,256,suffix-0,256,take-swap-c,5,1048576,1048576,1,4098000,823190242453478100
normal-o3,0,256,suffix-0,256,cpp-std-vector,6,1048576,1048576,1,2769000,1334926056514624470
normal-o3,0,256,suffix-0,256,whitefoot,6,1048576,1048576,1,2767000,1334926056514624470
normal-o3,0,256,suffix-0,256,reverse-c,6,1048576,1048576,1,2825000,1334926056514624470
normal-o3,0,256,suffix-0,256,direct-c,6,1048576,1048576,1,2848000,1334926056514624470
normal-o3,0,256,suffix-0,256,swap-take-c,6,1048576,1048576,1,2925000,1334926056514624470
normal-o3,0,256,suffix-0,256,take-swap-c,6,1048576,1048576,1,4091000,1334926056514624470
normal-o3,0,256,suffix-0,256,rust-vec,6,1048576,1048576,1,984000,1334926056514624470
normal-o3,0,256,suffix-0,4096,whitefoot,0,1048576,1048576,1,2903000,7001658466579473866
normal-o3,0,256,suffix-0,4096,reverse-c,0,1048576,1048576,1,2981000,7001658466579473866
normal-o3,0,256,suffix-0,4096,direct-c,0,1048576,1048576,1,2927000,7001658466579473866
normal-o3,0,256,suffix-0,4096,swap-take-c,0,1048576,1048576,1,3011000,7001658466579473866
normal-o3,0,256,suffix-0,4096,take-swap-c,0,1048576,1048576,1,4226000,7001658466579473866
normal-o3,0,256,suffix-0,4096,rust-vec,0,1048576,1048576,1,1120000,7001658466579473866
normal-o3,0,256,suffix-0,4096,cpp-std-vector,0,1048576,1048576,1,2911000,7001658466579473866
normal-o3,0,256,suffix-0,4096,reverse-c,1,1048576,1048576,1,3002000,100047013315307212
normal-o3,0,256,suffix-0,4096,direct-c,1,1048576,1048576,1,2926000,100047013315307212
normal-o3,0,256,suffix-0,4096,swap-take-c,1,1048576,1048576,1,3018000,100047013315307212
normal-o3,0,256,suffix-0,4096,take-swap-c,1,1048576,1048576,1,4220000,100047013315307212
normal-o3,0,256,suffix-0,4096,rust-vec,1,1048576,1048576,1,1119000,100047013315307212
normal-o3,0,256,suffix-0,4096,cpp-std-vector,1,1048576,1048576,1,2921000,100047013315307212
normal-o3,0,256,suffix-0,4096,whitefoot,1,1048576,1048576,1,2901000,100047013315307212
normal-o3,0,256,suffix-0,4096,direct-c,2,1048576,1048576,1,2918000,11645179633760692174
normal-o3,0,256,suffix-0,4096,swap-take-c,2,1048576,1048576,1,3051000,11645179633760692174
normal-o3,0,256,suffix-0,4096,take-swap-c,2,1048576,1048576,1,3275000,11645179633760692174
normal-o3,0,256,suffix-0,4096,rust-vec,2,1048576,1048576,1,1119000,11645179633760692174
normal-o3,0,256,suffix-0,4096,cpp-std-vector,2,1048576,1048576,1,2915000,11645179633760692174
normal-o3,0,256,suffix-0,4096,whitefoot,2,1048576,1048576,1,2942000,11645179633760692174
normal-o3,0,256,suffix-0,4096,reverse-c,2,1048576,1048576,1,2980000,11645179633760692174
normal-o3,0,256,suffix-0,4096,swap-take-c,3,1048576,1048576,1,3017000,4743568180496525520
normal-o3,0,256,suffix-0,4096,take-swap-c,3,1048576,1048576,1,4227000,4743568180496525520
normal-o3,0,256,suffix-0,4096,rust-vec,3,1048576,1048576,1,1127000,4743568180496525520
normal-o3,0,256,suffix-0,4096,cpp-std-vector,3,1048576,1048576,1,2913000,4743568180496525520
normal-o3,0,256,suffix-0,4096,whitefoot,3,1048576,1048576,1,2913000,4743568180496525520
normal-o3,0,256,suffix-0,4096,reverse-c,3,1048576,1048576,1,3082000,4743568180496525520
normal-o3,0,256,suffix-0,4096,direct-c,3,1048576,1048576,1,2918000,4743568180496525520
normal-o3,0,256,suffix-0,4096,take-swap-c,4,1048576,1048576,1,4222000,16288700800941910482
normal-o3,0,256,suffix-0,4096,rust-vec,4,1048576,1048576,1,1121000,16288700800941910482
normal-o3,0,256,suffix-0,4096,cpp-std-vector,4,1048576,1048576,1,2913000,16288700800941910482
normal-o3,0,256,suffix-0,4096,whitefoot,4,1048576,1048576,1,2951000,16288700800941910482
normal-o3,0,256,suffix-0,4096,reverse-c,4,1048576,1048576,1,2980000,16288700800941910482
normal-o3,0,256,suffix-0,4096,direct-c,4,1048576,1048576,1,2925000,16288700800941910482
normal-o3,0,256,suffix-0,4096,swap-take-c,4,1048576,1048576,1,3034000,16288700800941910482
normal-o3,0,256,suffix-0,4096,rust-vec,5,1048576,1048576,1,1133000,9387089347677743828
normal-o3,0,256,suffix-0,4096,cpp-std-vector,5,1048576,1048576,1,2921000,9387089347677743828
normal-o3,0,256,suffix-0,4096,whitefoot,5,1048576,1048576,1,2902000,9387089347677743828
normal-o3,0,256,suffix-0,4096,reverse-c,5,1048576,1048576,1,2988000,9387089347677743828
normal-o3,0,256,suffix-0,4096,direct-c,5,1048576,1048576,1,2917000,9387089347677743828
normal-o3,0,256,suffix-0,4096,swap-take-c,5,1048576,1048576,1,3022000,9387089347677743828
normal-o3,0,256,suffix-0,4096,take-swap-c,5,1048576,1048576,1,4222000,9387089347677743828
normal-o3,0,256,suffix-0,4096,cpp-std-vector,6,1048576,1048576,1,2943000,2485477894413577174
normal-o3,0,256,suffix-0,4096,whitefoot,6,1048576,1048576,1,2902000,2485477894413577174
normal-o3,0,256,suffix-0,4096,reverse-c,6,1048576,1048576,1,2977000,2485477894413577174
normal-o3,0,256,suffix-0,4096,direct-c,6,1048576,1048576,1,2929000,2485477894413577174
normal-o3,0,256,suffix-0,4096,swap-take-c,6,1048576,1048576,1,3023000,2485477894413577174
normal-o3,0,256,suffix-0,4096,take-swap-c,6,1048576,1048576,1,4218000,2485477894413577174
normal-o3,0,256,suffix-0,4096,rust-vec,6,1048576,1048576,1,1118000,2485477894413577174
normal-o3,0,256,suffix-1,16,whitefoot,0,1048576,1048576,1,15687000,10077132583444572090
normal-o3,0,256,suffix-1,16,reverse-c,0,1048576,1048576,1,34548000,10077132583444572090
normal-o3,0,256,suffix-1,16,direct-c,0,1048576,1048576,1,15610000,10077132583444572090
normal-o3,0,256,suffix-1,16,swap-take-c,0,1048576,1048576,1,34299000,10077132583444572090
normal-o3,0,256,suffix-1,16,take-swap-c,0,1048576,1048576,1,17664000,10077132583444572090
normal-o3,0,256,suffix-1,16,rust-vec,0,1048576,1048576,1,15897000,10077132583444572090
normal-o3,0,256,suffix-1,16,cpp-std-vector,0,1048576,1048576,1,16541000,10077132583444572090
normal-o3,0,256,suffix-1,16,reverse-c,1,1048576,1048576,1,34204000,18010505805122801404
normal-o3,0,256,suffix-1,16,direct-c,1,1048576,1048576,1,15634000,18010505805122801404
normal-o3,0,256,suffix-1,16,swap-take-c,1,1048576,1048576,1,34552000,18010505805122801404
normal-o3,0,256,suffix-1,16,take-swap-c,1,1048576,1048576,1,17606000,18010505805122801404
normal-o3,0,256,suffix-1,16,rust-vec,1,1048576,1048576,1,15680000,18010505805122801404
normal-o3,0,256,suffix-1,16,cpp-std-vector,1,1048576,1048576,1,16505000,18010505805122801404
normal-o3,0,256,suffix-1,16,whitefoot,1,1048576,1048576,1,15654000,18010505805122801404
normal-o3,0,256,suffix-1,16,direct-c,2,1048576,1048576,1,15547000,7497134953091479102
normal-o3,0,256,suffix-1,16,swap-take-c,2,1048576,1048576,1,34371000,7497134953091479102
normal-o3,0,256,suffix-1,16,take-swap-c,2,1048576,1048576,1,17825000,7497134953091479102
normal-o3,0,256,suffix-1,16,rust-vec,2,1048576,1048576,1,16165000,7497134953091479102
normal-o3,0,256,suffix-1,16,cpp-std-vector,2,1048576,1048576,1,16685000,7497134953091479102
normal-o3,0,256,suffix-1,16,whitefoot,2,1048576,1048576,1,15767000,7497134953091479102
normal-o3,0,256,suffix-1,16,reverse-c,2,1048576,1048576,1,34228000,7497134953091479102
normal-o3,0,256,suffix-1,16,swap-take-c,3,1048576,1048576,1,36084000,15430508174769708416
normal-o3,0,256,suffix-1,16,take-swap-c,3,1048576,1048576,1,18625000,15430508174769708416
normal-o3,0,256,suffix-1,16,rust-vec,3,1048576,1048576,1,16454000,15430508174769708416
normal-o3,0,256,suffix-1,16,cpp-std-vector,3,1048576,1048576,1,16952000,15430508174769708416
normal-o3,0,256,suffix-1,16,whitefoot,3,1048576,1048576,1,16154000,15430508174769708416
normal-o3,0,256,suffix-1,16,reverse-c,3,1048576,1048576,1,35265000,15430508174769708416
normal-o3,0,256,suffix-1,16,direct-c,3,1048576,1048576,1,16055000,15430508174769708416
normal-o3,0,256,suffix-1,16,take-swap-c,4,1048576,1048576,1,18104000,4917137322738386114
normal-o3,0,256,suffix-1,16,rust-vec,4,1048576,1048576,1,16149000,4917137322738386114
normal-o3,0,256,suffix-1,16,cpp-std-vector,4,1048576,1048576,1,17120000,4917137322738386114
normal-o3,0,256,suffix-1,16,whitefoot,4,1048576,1048576,1,15986000,4917137322738386114
normal-o3,0,256,suffix-1,16,reverse-c,4,1048576,1048576,1,35741000,4917137322738386114
normal-o3,0,256,suffix-1,16,direct-c,4,1048576,1048576,1,16689000,4917137322738386114
normal-o3,0,256,suffix-1,16,swap-take-c,4,1048576,1048576,1,35468000,4917137322738386114
normal-o3,0,256,suffix-1,16,rust-vec,5,1048576,1048576,1,15740000,12850510544416615428
normal-o3,0,256,suffix-1,16,cpp-std-vector,5,1048576,1048576,1,16592000,12850510544416615428
normal-o3,0,256,suffix-1,16,whitefoot,5,1048576,1048576,1,15813000,12850510544416615428
normal-o3,0,256,suffix-1,16,reverse-c,5,1048576,1048576,1,34496000,12850510544416615428
normal-o3,0,256,suffix-1,16,direct-c,5,1048576,1048576,1,15629000,12850510544416615428
normal-o3,0,256,suffix-1,16,swap-take-c,5,1048576,1048576,1,34495000,12850510544416615428
normal-o3,0,256,suffix-1,16,take-swap-c,5,1048576,1048576,1,17558000,12850510544416615428
normal-o3,0,256,suffix-1,16,cpp-std-vector,6,1048576,1048576,1,16443000,2337139692385293126
normal-o3,0,256,suffix-1,16,whitefoot,6,1048576,1048576,1,15725000,2337139692385293126
normal-o3,0,256,suffix-1,16,reverse-c,6,1048576,1048576,1,34222000,2337139692385293126
normal-o3,0,256,suffix-1,16,direct-c,6,1048576,1048576,1,15530000,2337139692385293126
normal-o3,0,256,suffix-1,16,swap-take-c,6,1048576,1048576,1,34429000,2337139692385293126
normal-o3,0,256,suffix-1,16,take-swap-c,6,1048576,1048576,1,18302000,2337139692385293126
normal-o3,0,256,suffix-1,16,rust-vec,6,1048576,1048576,1,15645000,2337139692385293126
normal-o3,0,256,suffix-1,256,whitefoot,0,1048576,1048576,1,15684000,16136919648563323066
normal-o3,0,256,suffix-1,256,reverse-c,0,1048576,1048576,1,34273000,16136919648563323066
normal-o3,0,256,suffix-1,256,direct-c,0,1048576,1048576,1,15609000,16136919648563323066
normal-o3,0,256,suffix-1,256,swap-take-c,0,1048576,1048576,1,34363000,16136919648563323066
normal-o3,0,256,suffix-1,256,take-swap-c,0,1048576,1048576,1,17609000,16136919648563323066
normal-o3,0,256,suffix-1,256,rust-vec,0,1048576,1048576,1,15685000,16136919648563323066
normal-o3,0,256,suffix-1,256,cpp-std-vector,0,1048576,1048576,1,16457000,16136919648563323066
normal-o3,0,256,suffix-1,256,reverse-c,1,1048576,1048576,1,34139000,7049943648979053564
normal-o3,0,256,suffix-1,256,direct-c,1,1048576,1048576,1,15547000,7049943648979053564
normal-o3,0,256,suffix-1,256,swap-take-c,1,1048576,1048576,1,34407000,7049943648979053564
normal-o3,0,256,suffix-1,256,take-swap-c,1,1048576,1048576,1,17619000,7049943648979053564
normal-o3,0,256,suffix-1,256,rust-vec,1,1048576,1048576,1,16157000,7049943648979053564
normal-o3,0,256,suffix-1,256,cpp-std-vector,1,1048576,1048576,1,17137000,7049943648979053564
normal-o3,0,256,suffix-1,256,whitefoot,1,1048576,1048576,1,16554000,7049943648979053564
normal-o3,0,256,suffix-1,256,direct-c,2,1048576,1048576,1,16196000,16409711723104335678
normal-o3,0,256,suffix-1,256,swap-take-c,2,1048576,1048576,1,34744000,16409711723104335678
normal-o3,0,256,suffix-1,256,take-swap-c,2,1048576,1048576,1,17511000,16409711723104335678
normal-o3,0,256,suffix-1,256,rust-vec,2,1048576,1048576,1,15658000,16409711723104335678
normal-o3,0,256,suffix-1,256,cpp-std-vector,2,1048576,1048576,1,16488000,16409711723104335678
normal-o3,0,256,suffix-1,256,whitefoot,2,1048576,1048576,1,15690000,16409711723104335678
normal-o3,0,256,suffix-1,256,reverse-c,2,1048576,1048576,1,34152000,16409711723104335678
normal-o3,0,256,suffix-1,256,swap-take-c,3,1048576,1048576,1,34328000,7322735723520066176
normal-o3,0,256,suffix-1,256,take-swap-c,3,1048576,1048576,1,17499000,7322735723520066176
normal-o3,0,256,suffix-1,256,rust-vec,3,1048576,1048576,1,15660000,7322735723520066176
normal-o3,0,256,suffix-1,256,cpp-std-vector,3,1048576,1048576,1,16490000,7322735723520066176
normal-o3,0,256,suffix-1,256,whitefoot,3,1048576,1048576,1,15664000,7322735723520066176
normal-o3,0,256,suffix-1,256,reverse-c,3,1048576,1048576,1,34280000,7322735723520066176
normal-o3,0,256,suffix-1,256,direct-c,3,1048576,1048576,1,15565000,7322735723520066176
normal-o3,0,256,suffix-1,256,take-swap-c,4,1048576,1048576,1,17550000,16682503797645348290
normal-o3,0,256,suffix-1,256,rust-vec,4,1048576,1048576,1,15683000,16682503797645348290
normal-o3,0,256,suffix-1,256,cpp-std-vector,4,1048576,1048576,1,16466000,16682503797645348290
normal-o3,0,256,suffix-1,256,whitefoot,4,1048576,1048576,1,15681000,16682503797645348290
normal-o3,0,256,suffix-1,256,reverse-c,4,1048576,1048576,1,34547000,16682503797645348290
normal-o3,0,256,suffix-1,256,direct-c,4,1048576,1048576,1,15581000,16682503797645348290
normal-o3,0,256,suffix-1,256,swap-take-c,4,1048576,1048576,1,34928000,16682503797645348290
normal-o3,0,256,suffix-1,256,rust-vec,5,1048576,1048576,1,16225000,7595527798061078788
normal-o3,0,256,suffix-1,256,cpp-std-vector,5,1048576,1048576,1,16978000,7595527798061078788
normal-o3,0,256,suffix-1,256,whitefoot,5,1048576,1048576,1,16110000,7595527798061078788
normal-o3,0,256,suffix-1,256,reverse-c,5,1048576,1048576,1,34159000,7595527798061078788
normal-o3,0,256,suffix-1,256,direct-c,5,1048576,1048576,1,15571000,7595527798061078788
normal-o3,0,256,suffix-1,256,swap-take-c,5,1048576,1048576,1,34424000,7595527798061078788
normal-o3,0,256,suffix-1,256,take-swap-c,5,1048576,1048576,1,17538000,7595527798061078788
normal-o3,0,256,suffix-1,256,cpp-std-vector,6,1048576,1048576,1,16552000,16955295872186360902
normal-o3,0,256,suffix-1,256,whitefoot,6,1048576,1048576,1,15748000,16955295872186360902
normal-o3,0,256,suffix-1,256,reverse-c,6,1048576,1048576,1,34221000,16955295872186360902
normal-o3,0,256,suffix-1,256,direct-c,6,1048576,1048576,1,15577000,16955295872186360902
normal-o3,0,256,suffix-1,256,swap-take-c,6,1048576,1048576,1,34342000,16955295872186360902
normal-o3,0,256,suffix-1,256,take-swap-c,6,1048576,1048576,1,17778000,16955295872186360902
normal-o3,0,256,suffix-1,256,rust-vec,6,1048576,1048576,1,15726000,16955295872186360902
normal-o3,0,256,suffix-1,4096,whitefoot,0,1048576,1048576,1,15875000,11423154033847496890
normal-o3,0,256,suffix-1,4096,reverse-c,0,1048576,1048576,1,34362000,11423154033847496890
normal-o3,0,256,suffix-1,4096,direct-c,0,1048576,1048576,1,15713000,11423154033847496890
normal-o3,0,256,suffix-1,4096,swap-take-c,0,1048576,1048576,1,34487000,11423154033847496890
normal-o3,0,256,suffix-1,4096,take-swap-c,0,1048576,1048576,1,17658000,11423154033847496890
normal-o3,0,256,suffix-1,4096,rust-vec,0,1048576,1048576,1,16563000,11423154033847496890
normal-o3,0,256,suffix-1,4096,cpp-std-vector,0,1048576,1048576,1,17416000,11423154033847496890
normal-o3,0,256,suffix-1,4096,reverse-c,1,1048576,1048576,1,34751000,18279605564934372348
normal-o3,0,256,suffix-1,4096,direct-c,1,1048576,1048576,1,15727000,18279605564934372348
normal-o3,0,256,suffix-1,4096,swap-take-c,1,1048576,1048576,1,34702000,18279605564934372348
normal-o3,0,256,suffix-1,4096,take-swap-c,1,1048576,1048576,1,17825000,18279605564934372348
normal-o3,0,256,suffix-1,4096,rust-vec,1,1048576,1048576,1,15798000,18279605564934372348
normal-o3,0,256,suffix-1,4096,cpp-std-vector,1,1048576,1048576,1,16628000,18279605564934372348
normal-o3,0,256,suffix-1,4096,whitefoot,1,1048576,1048576,1,15778000,18279605564934372348
normal-o3,0,256,suffix-1,4096,direct-c,2,1048576,1048576,1,15736000,6689313022311696190
normal-o3,0,256,suffix-1,4096,swap-take-c,2,1048576,1048576,1,34428000,6689313022311696190
normal-o3,0,256,suffix-1,4096,take-swap-c,2,1048576,1048576,1,17678000,6689313022311696190
normal-o3,0,256,suffix-1,4096,rust-vec,2,1048576,1048576,1,15797000,6689313022311696190
normal-o3,0,256,suffix-1,4096,cpp-std-vector,2,1048576,1048576,1,16610000,6689313022311696190
normal-o3,0,256,suffix-1,4096,whitefoot,2,1048576,1048576,1,15827000,6689313022311696190
normal-o3,0,256,suffix-1,4096,reverse-c,2,1048576,1048576,1,34417000,6689313022311696190
normal-o3,0,256,suffix-1,4096,swap-take-c,3,1048576,1048576,1,34769000,13545764553398571648
normal-o3,0,256,suffix-1,4096,take-swap-c,3,1048576,1048576,1,17940000,13545764553398571648
normal-o3,0,256,suffix-1,4096,rust-vec,3,1048576,1048576,1,15790000,13545764553398571648
normal-o3,0,256,suffix-1,4096,cpp-std-vector,3,1048576,1048576,1,16897000,13545764553398571648
normal-o3,0,256,suffix-1,4096,whitefoot,3,1048576,1048576,1,15810000,13545764553398571648
normal-o3,0,256,suffix-1,4096,reverse-c,3,1048576,1048576,1,34355000,13545764553398571648
normal-o3,0,256,suffix-1,4096,direct-c,3,1048576,1048576,1,15707000,13545764553398571648
normal-o3,0,256,suffix-1,4096,take-swap-c,4,1048576,1048576,1,17741000,1955472010775895490
normal-o3,0,256,suffix-1,4096,rust-vec,4,1048576,1048576,1,15875000,1955472010775895490
normal-o3,0,256,suffix-1,4096,cpp-std-vector,4,1048576,1048576,1,16706000,1955472010775895490
normal-o3,0,256,suffix-1,4096,whitefoot,4,1048576,1048576,1,15814000,1955472010775895490
normal-o3,0,256,suffix-1,4096,reverse-c,4,1048576,1048576,1,35223000,1955472010775895490
normal-o3,0,256,suffix-1,4096,direct-c,4,1048576,1048576,1,15740000,1955472010775895490
normal-o3,0,256,suffix-1,4096,swap-take-c,4,1048576,1048576,1,34466000,1955472010775895490
normal-o3,0,256,suffix-1,4096,rust-vec,5,1048576,1048576,1,15826000,8811923541862770948
normal-o3,0,256,suffix-1,4096,cpp-std-vector,5,1048576,1048576,1,16607000,8811923541862770948
normal-o3,0,256,suffix-1,4096,whitefoot,5,1048576,1048576,1,15860000,8811923541862770948
normal-o3,0,256,suffix-1,4096,reverse-c,5,1048576,1048576,1,34228000,8811923541862770948
normal-o3,0,256,suffix-1,4096,direct-c,5,1048576,1048576,1,15707000,8811923541862770948
normal-o3,0,256,suffix-1,4096,swap-take-c,5,1048576,1048576,1,34581000,8811923541862770948
normal-o3,0,256,suffix-1,4096,take-swap-c,5,1048576,1048576,1,17561000,8811923541862770948
normal-o3,0,256,suffix-1,4096,cpp-std-vector,6,1048576,1048576,1,16595000,15668375072949646406
normal-o3,0,256,suffix-1,4096,whitefoot,6,1048576,1048576,1,15828000,15668375072949646406
normal-o3,0,256,suffix-1,4096,reverse-c,6,1048576,1048576,1,34459000,15668375072949646406
normal-o3,0,256,suffix-1,4096,direct-c,6,1048576,1048576,1,15680000,15668375072949646406
normal-o3,0,256,suffix-1,4096,swap-take-c,6,1048576,1048576,1,35566000,15668375072949646406
normal-o3,0,256,suffix-1,4096,take-swap-c,6,1048576,1048576,1,18410000,15668375072949646406
normal-o3,0,256,suffix-1,4096,rust-vec,6,1048576,1048576,1,16492000,15668375072949646406
normal-o3,0,256,suffix-2,16,whitefoot,0,1048576,524288,1,22006000,7440959976666623466
normal-o3,0,256,suffix-2,16,reverse-c,0,1048576,524288,1,35597000,7440959976666623466
normal-o3,0,256,suffix-2,16,direct-c,0,1048576,524288,1,21632000,7440959976666623466
normal-o3,0,256,suffix-2,16,swap-take-c,0,1048576,524288,1,35546000,7440959976666623466
normal-o3,0,256,suffix-2,16,take-swap-c,0,1048576,524288,1,21962000,7440959976666623466
normal-o3,0,256,suffix-2,16,rust-vec,0,1048576,524288,1,21528000,7440959976666623466
normal-o3,0,256,suffix-2,16,cpp-std-vector,0,1048576,524288,1,21601000,7440959976666623466
normal-o3,0,256,suffix-2,16,reverse-c,1,1048576,524288,1,35561000,5917089180867772268
normal-o3,0,256,suffix-2,16,direct-c,1,1048576,524288,1,21578000,5917089180867772268
normal-o3,0,256,suffix-2,16,swap-take-c,1,1048576,524288,1,35538000,5917089180867772268
normal-o3,0,256,suffix-2,16,take-swap-c,1,1048576,524288,1,21912000,5917089180867772268
normal-o3,0,256,suffix-2,16,rust-vec,1,1048576,524288,1,21570000,5917089180867772268
normal-o3,0,256,suffix-2,16,cpp-std-vector,1,1048576,524288,1,21551000,5917089180867772268
normal-o3,0,256,suffix-2,16,whitefoot,1,1048576,524288,1,21600000,5917089180867772268
normal-o3,0,256,suffix-2,16,direct-c,2,1048576,524288,1,21650000,4393218385068921070
normal-o3,0,256,suffix-2,16,swap-take-c,2,1048576,524288,1,35648000,4393218385068921070
normal-o3,0,256,suffix-2,16,take-swap-c,2,1048576,524288,1,21927000,4393218385068921070
normal-o3,0,256,suffix-2,16,rust-vec,2,1048576,524288,1,21658000,4393218385068921070
normal-o3,0,256,suffix-2,16,cpp-std-vector,2,1048576,524288,1,21683000,4393218385068921070
normal-o3,0,256,suffix-2,16,whitefoot,2,1048576,524288,1,21632000,4393218385068921070
normal-o3,0,256,suffix-2,16,reverse-c,2,1048576,524288,1,35618000,4393218385068921070
normal-o3,0,256,suffix-2,16,swap-take-c,3,1048576,524288,1,35557000,2869347589270069872
normal-o3,0,256,suffix-2,16,take-swap-c,3,1048576,524288,1,21909000,2869347589270069872
normal-o3,0,256,suffix-2,16,rust-vec,3,1048576,524288,1,21570000,2869347589270069872
normal-o3,0,256,suffix-2,16,cpp-std-vector,3,1048576,524288,1,21574000,2869347589270069872
normal-o3,0,256,suffix-2,16,whitefoot,3,1048576,524288,1,21525000,2869347589270069872
normal-o3,0,256,suffix-2,16,reverse-c,3,1048576,524288,1,35579000,2869347589270069872
normal-o3,0,256,suffix-2,16,direct-c,3,1048576,524288,1,21599000,2869347589270069872
normal-o3,0,256,suffix-2,16,take-swap-c,4,1048576,524288,1,21967000,1345476793471218674
normal-o3,0,256,suffix-2,16,rust-vec,4,1048576,524288,1,21637000,1345476793471218674
normal-o3,0,256,suffix-2,16,cpp-std-vector,4,1048576,524288,1,21640000,1345476793471218674
normal-o3,0,256,suffix-2,16,whitefoot,4,1048576,524288,1,21566000,1345476793471218674
normal-o3,0,256,suffix-2,16,reverse-c,4,1048576,524288,1,35594000,1345476793471218674
normal-o3,0,256,suffix-2,16,direct-c,4,1048576,524288,1,21586000,1345476793471218674
normal-o3,0,256,suffix-2,16,swap-take-c,4,1048576,524288,1,36108000,1345476793471218674
normal-o3,0,256,suffix-2,16,rust-vec,5,1048576,524288,1,22483000,18268350071381919092
normal-o3,0,256,suffix-2,16,cpp-std-vector,5,1048576,524288,1,21899000,18268350071381919092
normal-o3,0,256,suffix-2,16,whitefoot,5,1048576,524288,1,22092000,18268350071381919092
normal-o3,0,256,suffix-2,16,reverse-c,5,1048576,524288,1,35578000,18268350071381919092
normal-o3,0,256,suffix-2,16,direct-c,5,1048576,524288,1,21592000,18268350071381919092
normal-o3,0,256,suffix-2,16,swap-take-c,5,1048576,524288,1,35504000,18268350071381919092
normal-o3,0,256,suffix-2,16,take-swap-c,5,1048576,524288,1,21972000,18268350071381919092
normal-o3,0,256,suffix-2,16,cpp-std-vector,6,1048576,524288,1,21557000,16744479275583067894
normal-o3,0,256,suffix-2,16,whitefoot,6,1048576,524288,1,21552000,16744479275583067894
normal-o3,0,256,suffix-2,16,reverse-c,6,1048576,524288,1,35561000,16744479275583067894
normal-o3,0,256,suffix-2,16,direct-c,6,1048576,524288,1,21573000,16744479275583067894
normal-o3,0,256,suffix-2,16,swap-take-c,6,1048576,524288,1,35564000,16744479275583067894
normal-o3,0,256,suffix-2,16,take-swap-c,6,1048576,524288,1,21907000,16744479275583067894
normal-o3,0,256,suffix-2,16,rust-vec,6,1048576,524288,1,21521000,16744479275583067894
normal-o3,0,256,suffix-2,256,whitefoot,0,1048576,524288,1,21559000,2462342821806119658
normal-o3,0,256,suffix-2,256,reverse-c,0,1048576,524288,1,35665000,2462342821806119658
normal-o3,0,256,suffix-2,256,direct-c,0,1048576,524288,1,21607000,2462342821806119658
normal-o3,0,256,suffix-2,256,swap-take-c,0,1048576,524288,1,35577000,2462342821806119658
normal-o3,0,256,suffix-2,256,take-swap-c,0,1048576,524288,1,21944000,2462342821806119658
normal-o3,0,256,suffix-2,256,rust-vec,0,1048576,524288,1,21551000,2462342821806119658
normal-o3,0,256,suffix-2,256,cpp-std-vector,0,1048576,524288,1,21601000,2462342821806119658
normal-o3,0,256,suffix-2,256,reverse-c,1,1048576,524288,1,35578000,15413974867576442988
normal-o3,0,256,suffix-2,256,direct-c,1,1048576,524288,1,21606000,15413974867576442988
normal-o3,0,256,suffix-2,256,swap-take-c,1,1048576,524288,1,35523000,15413974867576442988
normal-o3,0,256,suffix-2,256,take-swap-c,1,1048576,524288,1,21965000,15413974867576442988
normal-o3,0,256,suffix-2,256,rust-vec,1,1048576,524288,1,21509000,15413974867576442988
normal-o3,0,256,suffix-2,256,cpp-std-vector,1,1048576,524288,1,21574000,15413974867576442988
normal-o3,0,256,suffix-2,256,whitefoot,1,1048576,524288,1,21550000,15413974867576442988
normal-o3,0,256,suffix-2,256,direct-c,2,1048576,524288,1,21677000,9918862839637214702
normal-o3,0,256,suffix-2,256,swap-take-c,2,1048576,524288,1,36608000,9918862839637214702
normal-o3,0,256,suffix-2,256,take-swap-c,2,1048576,524288,1,22984000,9918862839637214702
normal-o3,0,256,suffix-2,256,rust-vec,2,1048576,524288,1,24142000,9918862839637214702
normal-o3,0,256,suffix-2,256,cpp-std-vector,2,1048576,524288,1,22093000,9918862839637214702
normal-o3,0,256,suffix-2,256,whitefoot,2,1048576,524288,1,22012000,9918862839637214702
normal-o3,0,256,suffix-2,256,reverse-c,2,1048576,524288,1,35918000,9918862839637214702
normal-o3,0,256,suffix-2,256,swap-take-c,3,1048576,524288,1,35538000,4423750811697986416
normal-o3,0,256,suffix-2,256,take-swap-c,3,1048576,524288,1,22257000,4423750811697986416
normal-o3,0,256,suffix-2,256,rust-vec,3,1048576,524288,1,22177000,4423750811697986416
normal-o3,0,256,suffix-2,256,cpp-std-vector,3,1048576,524288,1,21581000,4423750811697986416
normal-o3,0,256,suffix-2,256,whitefoot,3,1048576,524288,1,21583000,4423750811697986416
normal-o3,0,256,suffix-2,256,reverse-c,3,1048576,524288,1,35642000,4423750811697986416
normal-o3,0,256,suffix-2,256,direct-c,3,1048576,524288,1,21583000,4423750811697986416
normal-o3,0,256,suffix-2,256,take-swap-c,4,1048576,524288,1,22009000,17375382857468309746
normal-o3,0,256,suffix-2,256,rust-vec,4,1048576,524288,1,21568000,17375382857468309746
normal-o3,0,256,suffix-2,256,cpp-std-vector,4,1048576,524288,1,21593000,17375382857468309746
normal-o3,0,256,suffix-2,256,whitefoot,4,1048576,524288,1,21562000,17375382857468309746
normal-o3,0,256,suffix-2,256,reverse-c,4,1048576,524288,1,35547000,17375382857468309746
normal-o3,0,256,suffix-2,256,direct-c,4,1048576,524288,1,21632000,17375382857468309746
normal-o3,0,256,suffix-2,256,swap-take-c,4,1048576,524288,1,35517000,17375382857468309746
normal-o3,0,256,suffix-2,256,rust-vec,5,1048576,524288,1,21572000,11880270829529081460
normal-o3,0,256,suffix-2,256,cpp-std-vector,5,1048576,524288,1,21585000,11880270829529081460
normal-o3,0,256,suffix-2,256,whitefoot,5,1048576,524288,1,21776000,11880270829529081460
normal-o3,0,256,suffix-2,256,reverse-c,5,1048576,524288,1,36193000,11880270829529081460
normal-o3,0,256,suffix-2,256,direct-c,5,1048576,524288,1,21614000,11880270829529081460
normal-o3,0,256,suffix-2,256,swap-take-c,5,1048576,524288,1,35591000,11880270829529081460
normal-o3,0,256,suffix-2,256,take-swap-c,5,1048576,524288,1,21990000,11880270829529081460
normal-o3,0,256,suffix-2,256,cpp-std-vector,6,1048576,524288,1,21535000,6385158801589853174
normal-o3,0,256,suffix-2,256,whitefoot,6,1048576,524288,1,21557000,6385158801589853174
normal-o3,0,256,suffix-2,256,reverse-c,6,1048576,524288,1,35575000,6385158801589853174
normal-o3,0,256,suffix-2,256,direct-c,6,1048576,524288,1,21628000,6385158801589853174
normal-o3,0,256,suffix-2,256,swap-take-c,6,1048576,524288,1,35559000,6385158801589853174
normal-o3,0,256,suffix-2,256,take-swap-c,6,1048576,524288,1,21933000,6385158801589853174
normal-o3,0,256,suffix-2,256,rust-vec,6,1048576,524288,1,21591000,6385158801589853174
normal-o3,0,256,suffix-2,4096,whitefoot,0,1048576,524288,1,22557000,9641278357841734378
normal-o3,0,256,suffix-2,4096,reverse-c,0,1048576,524288,1,36892000,9641278357841734378
normal-o3,0,256,suffix-2,4096,direct-c,0,1048576,524288,1,21763000,9641278357841734378
normal-o3,0,256,suffix-2,4096,swap-take-c,0,1048576,524288,1,35666000,9641278357841734378
normal-o3,0,256,suffix-2,4096,take-swap-c,0,1048576,524288,1,22145000,9641278357841734378
normal-o3,0,256,suffix-2,4096,rust-vec,0,1048576,524288,1,21689000,9641278357841734378
normal-o3,0,256,suffix-2,4096,cpp-std-vector,0,1048576,524288,1,21756000,9641278357841734378
normal-o3,0,256,suffix-2,4096,reverse-c,1,1048576,524288,1,35782000,1379187259122409580
normal-o3,0,256,suffix-2,4096,direct-c,1,1048576,524288,1,21707000,1379187259122409580
normal-o3,0,256,suffix-2,4096,swap-take-c,1,1048576,524288,1,36367000,1379187259122409580
normal-o3,0,256,suffix-2,4096,take-swap-c,1,1048576,524288,1,22395000,1379187259122409580
normal-o3,0,256,suffix-2,4096,rust-vec,1,1048576,524288,1,21762000,1379187259122409580
normal-o3,0,256,suffix-2,4096,cpp-std-vector,1,1048576,524288,1,21701000,1379187259122409580
normal-o3,0,256,suffix-2,4096,whitefoot,1,1048576,524288,1,21709000,1379187259122409580
normal-o3,0,256,suffix-2,4096,direct-c,2,1048576,524288,1,21764000,11563840234112636398
normal-o3,0,256,suffix-2,4096,swap-take-c,2,1048576,524288,1,35649000,11563840234112636398
normal-o3,0,256,suffix-2,4096,take-swap-c,2,1048576,524288,1,22157000,11563840234112636398
normal-o3,0,256,suffix-2,4096,rust-vec,2,1048576,524288,1,21674000,11563840234112636398
normal-o3,0,256,suffix-2,4096,cpp-std-vector,2,1048576,524288,1,21727000,11563840234112636398
normal-o3,0,256,suffix-2,4096,whitefoot,2,1048576,524288,1,21736000,11563840234112636398
normal-o3,0,256,suffix-2,4096,reverse-c,2,1048576,524288,1,35852000,11563840234112636398
normal-o3,0,256,suffix-2,4096,swap-take-c,3,1048576,524288,1,35734000,3301749135393311600
normal-o3,0,256,suffix-2,4096,take-swap-c,3,1048576,524288,1,22087000,3301749135393311600
normal-o3,0,256,suffix-2,4096,rust-vec,3,1048576,524288,1,21719000,3301749135393311600
normal-o3,0,256,suffix-2,4096,cpp-std-vector,3,1048576,524288,1,21724000,3301749135393311600
normal-o3,0,256,suffix-2,4096,whitefoot,3,1048576,524288,1,22402000,3301749135393311600
normal-o3,0,256,suffix-2,4096,reverse-c,3,1048576,524288,1,35890000,3301749135393311600
normal-o3,0,256,suffix-2,4096,direct-c,3,1048576,524288,1,21702000,3301749135393311600
normal-o3,0,256,suffix-2,4096,take-swap-c,4,1048576,524288,1,23064000,13486402110383538418
normal-o3,0,256,suffix-2,4096,rust-vec,4,1048576,524288,1,22410000,13486402110383538418
normal-o3,0,256,suffix-2,4096,cpp-std-vector,4,1048576,524288,1,22488000,13486402110383538418
normal-o3,0,256,suffix-2,4096,whitefoot,4,1048576,524288,1,21739000,13486402110383538418
normal-o3,0,256,suffix-2,4096,reverse-c,4,1048576,524288,1,35723000,13486402110383538418
normal-o3,0,256,suffix-2,4096,direct-c,4,1048576,524288,1,21727000,13486402110383538418
normal-o3,0,256,suffix-2,4096,swap-take-c,4,1048576,524288,1,35723000,13486402110383538418
normal-o3,0,256,suffix-2,4096,rust-vec,5,1048576,524288,1,21786000,5224311011664213620
normal-o3,0,256,suffix-2,4096,cpp-std-vector,5,1048576,524288,1,21860000,5224311011664213620
normal-o3,0,256,suffix-2,4096,whitefoot,5,1048576,524288,1,22201000,5224311011664213620
normal-o3,0,256,suffix-2,4096,reverse-c,5,1048576,524288,1,37189000,5224311011664213620
normal-o3,0,256,suffix-2,4096,direct-c,5,1048576,524288,1,22434000,5224311011664213620
normal-o3,0,256,suffix-2,4096,swap-take-c,5,1048576,524288,1,35652000,5224311011664213620
normal-o3,0,256,suffix-2,4096,take-swap-c,5,1048576,524288,1,22127000,5224311011664213620
normal-o3,0,256,suffix-2,4096,cpp-std-vector,6,1048576,524288,1,21782000,15408963986654440438
normal-o3,0,256,suffix-2,4096,whitefoot,6,1048576,524288,1,21857000,15408963986654440438
normal-o3,0,256,suffix-2,4096,reverse-c,6,1048576,524288,1,35776000,15408963986654440438
normal-o3,0,256,suffix-2,4096,direct-c,6,1048576,524288,1,21745000,15408963986654440438
normal-o3,0,256,suffix-2,4096,swap-take-c,6,1048576,524288,1,36540000,15408963986654440438
normal-o3,0,256,suffix-2,4096,take-swap-c,6,1048576,524288,1,22374000,15408963986654440438
normal-o3,0,256,suffix-2,4096,rust-vec,6,1048576,524288,1,21855000,15408963986654440438
normal-o3,0,256,suffix-3,16,whitefoot,0,1048576,349525,1,25057000,1054367555497166597
normal-o3,0,256,suffix-3,16,reverse-c,0,1048576,349525,1,35223000,1054367555497166597
normal-o3,0,256,suffix-3,16,direct-c,0,1048576,349525,1,24992000,1054367555497166597
normal-o3,0,256,suffix-3,16,swap-take-c,0,1048576,349525,1,35339000,1054367555497166597
normal-o3,0,256,suffix-3,16,take-swap-c,0,1048576,349525,1,31194000,1054367555497166597
normal-o3,0,256,suffix-3,16,rust-vec,0,1048576,349525,1,24989000,1054367555497166597
normal-o3,0,256,suffix-3,16,cpp-std-vector,0,1048576,349525,1,26038000,1054367555497166597
normal-o3,0,256,suffix-3,16,reverse-c,1,1048576,349525,1,35227000,5794397202544729692
normal-o3,0,256,suffix-3,16,direct-c,1,1048576,349525,1,25085000,5794397202544729692
normal-o3,0,256,suffix-3,16,swap-take-c,1,1048576,349525,1,35184000,5794397202544729692
normal-o3,0,256,suffix-3,16,take-swap-c,1,1048576,349525,1,30992000,5794397202544729692
normal-o3,0,256,suffix-3,16,rust-vec,1,1048576,349525,1,24975000,5794397202544729692
normal-o3,0,256,suffix-3,16,cpp-std-vector,1,1048576,349525,1,26081000,5794397202544729692
normal-o3,0,256,suffix-3,16,whitefoot,1,1048576,349525,1,25010000,5794397202544729692
normal-o3,0,256,suffix-3,16,direct-c,2,1048576,349525,1,25015000,10534426849592292787
normal-o3,0,256,suffix-3,16,swap-take-c,2,1048576,349525,1,35315000,10534426849592292787
normal-o3,0,256,suffix-3,16,take-swap-c,2,1048576,349525,1,32257000,10534426849592292787
normal-o3,0,256,suffix-3,16,rust-vec,2,1048576,349525,1,25983000,10534426849592292787
normal-o3,0,256,suffix-3,16,cpp-std-vector,2,1048576,349525,1,26526000,10534426849592292787
normal-o3,0,256,suffix-3,16,whitefoot,2,1048576,349525,1,24981000,10534426849592292787
normal-o3,0,256,suffix-3,16,reverse-c,2,1048576,349525,1,35235000,10534426849592292787
normal-o3,0,256,suffix-3,16,swap-take-c,3,1048576,349525,1,35189000,15274456496639855882
normal-o3,0,256,suffix-3,16,take-swap-c,3,1048576,349525,1,31018000,15274456496639855882
normal-o3,0,256,suffix-3,16,rust-vec,3,1048576,349525,1,24959000,15274456496639855882
normal-o3,0,256,suffix-3,16,cpp-std-vector,3,1048576,349525,1,25917000,15274456496639855882
normal-o3,0,256,suffix-3,16,whitefoot,3,1048576,349525,1,25016000,15274456496639855882
normal-o3,0,256,suffix-3,16,reverse-c,3,1048576,349525,1,35253000,15274456496639855882
normal-o3,0,256,suffix-3,16,direct-c,3,1048576,349525,1,25050000,15274456496639855882
normal-o3,0,256,suffix-3,16,take-swap-c,4,1048576,349525,1,30973000,1567742069977867361
normal-o3,0,256,suffix-3,16,rust-vec,4,1048576,349525,1,25696000,1567742069977867361
normal-o3,0,256,suffix-3,16,cpp-std-vector,4,1048576,349525,1,26380000,1567742069977867361
normal-o3,0,256,suffix-3,16,whitefoot,4,1048576,349525,1,25119000,1567742069977867361
normal-o3,0,256,suffix-3,16,reverse-c,4,1048576,349525,1,35212000,1567742069977867361
normal-o3,0,256,suffix-3,16,direct-c,4,1048576,349525,1,24970000,1567742069977867361
normal-o3,0,256,suffix-3,16,swap-take-c,4,1048576,349525,1,35664000,1567742069977867361
normal-o3,0,256,suffix-3,16,rust-vec,5,1048576,349525,1,25046000,6307771717025430456
normal-o3,0,256,suffix-3,16,cpp-std-vector,5,1048576,349525,1,25957000,6307771717025430456
normal-o3,0,256,suffix-3,16,whitefoot,5,1048576,349525,1,24849000,6307771717025430456
normal-o3,0,256,suffix-3,16,reverse-c,5,1048576,349525,1,35246000,6307771717025430456
normal-o3,0,256,suffix-3,16,direct-c,5,1048576,349525,1,25009000,6307771717025430456
normal-o3,0,256,suffix-3,16,swap-take-c,5,1048576,349525,1,35291000,6307771717025430456
normal-o3,0,256,suffix-3,16,take-swap-c,5,1048576,349525,1,31005000,6307771717025430456
normal-o3,0,256,suffix-3,16,cpp-std-vector,6,1048576,349525,1,25978000,11047801364072993551
normal-o3,0,256,suffix-3,16,whitefoot,6,1048576,349525,1,25075000,11047801364072993551
normal-o3,0,256,suffix-3,16,reverse-c,6,1048576,349525,1,35214000,11047801364072993551
normal-o3,0,256,suffix-3,16,direct-c,6,1048576,349525,1,25053000,11047801364072993551
normal-o3,0,256,suffix-3,16,swap-take-c,6,1048576,349525,1,35235000,11047801364072993551
normal-o3,0,256,suffix-3,16,take-swap-c,6,1048576,349525,1,31032000,11047801364072993551
normal-o3,0,256,suffix-3,16,rust-vec,6,1048576,349525,1,24950000,11047801364072993551
normal-o3,0,256,suffix-3,256,whitefoot,0,1048576,349525,1,26275000,15528439189922159621
normal-o3,0,256,suffix-3,256,reverse-c,0,1048576,349525,1,36134000,15528439189922159621
normal-o3,0,256,suffix-3,256,direct-c,0,1048576,349525,1,24984000,15528439189922159621
normal-o3,0,256,suffix-3,256,swap-take-c,0,1048576,349525,1,35320000,15528439189922159621
normal-o3,0,256,suffix-3,256,take-swap-c,0,1048576,349525,1,30996000,15528439189922159621
normal-o3,0,256,suffix-3,256,rust-vec,0,1048576,349525,1,25052000,15528439189922159621
normal-o3,0,256,suffix-3,256,cpp-std-vector,0,1048576,349525,1,25977000,15528439189922159621
normal-o3,0,256,suffix-3,256,reverse-c,1,1048576,349525,1,35286000,6728350532028667740
normal-o3,0,256,suffix-3,256,direct-c,1,1048576,349525,1,25029000,6728350532028667740
normal-o3,0,256,suffix-3,256,swap-take-c,1,1048576,349525,1,35377000,6728350532028667740
normal-o3,0,256,suffix-3,256,take-swap-c,1,1048576,349525,1,31132000,6728350532028667740
normal-o3,0,256,suffix-3,256,rust-vec,1,1048576,349525,1,24961000,6728350532028667740
normal-o3,0,256,suffix-3,256,cpp-std-vector,1,1048576,349525,1,26770000,6728350532028667740
normal-o3,0,256,suffix-3,256,whitefoot,1,1048576,349525,1,25295000,6728350532028667740
normal-o3,0,256,suffix-3,256,direct-c,2,1048576,349525,1,25056000,16375005947844727475
normal-o3,0,256,suffix-3,256,swap-take-c,2,1048576,349525,1,35196000,16375005947844727475
normal-o3,0,256,suffix-3,256,take-swap-c,2,1048576,349525,1,31342000,16375005947844727475
normal-o3,0,256,suffix-3,256,rust-vec,2,1048576,349525,1,25079000,16375005947844727475
normal-o3,0,256,suffix-3,256,cpp-std-vector,2,1048576,349525,1,25973000,16375005947844727475
normal-o3,0,256,suffix-3,256,whitefoot,2,1048576,349525,1,24964000,16375005947844727475
normal-o3,0,256,suffix-3,256,reverse-c,2,1048576,349525,1,35285000,16375005947844727475
normal-o3,0,256,suffix-3,256,swap-take-c,3,1048576,349525,1,35324000,7574917289951235594
normal-o3,0,256,suffix-3,256,take-swap-c,3,1048576,349525,1,30984000,7574917289951235594
normal-o3,0,256,suffix-3,256,rust-vec,3,1048576,349525,1,25020000,7574917289951235594
normal-o3,0,256,suffix-3,256,cpp-std-vector,3,1048576,349525,1,25877000,7574917289951235594
normal-o3,0,256,suffix-3,256,whitefoot,3,1048576,349525,1,24940000,7574917289951235594
normal-o3,0,256,suffix-3,256,reverse-c,3,1048576,349525,1,35260000,7574917289951235594
normal-o3,0,256,suffix-3,256,direct-c,3,1048576,349525,1,25063000,7574917289951235594
normal-o3,0,256,suffix-3,256,take-swap-c,4,1048576,349525,1,32368000,17221572705767295329
normal-o3,0,256,suffix-3,256,rust-vec,4,1048576,349525,1,25389000,17221572705767295329
normal-o3,0,256,suffix-3,256,cpp-std-vector,4,1048576,349525,1,25828000,17221572705767295329
normal-o3,0,256,suffix-3,256,whitefoot,4,1048576,349525,1,25286000,17221572705767295329
normal-o3,0,256,suffix-3,256,reverse-c,4,1048576,349525,1,35224000,17221572705767295329
normal-o3,0,256,suffix-3,256,direct-c,4,1048576,349525,1,25005000,17221572705767295329
normal-o3,0,256,suffix-3,256,swap-take-c,4,1048576,349525,1,35240000,17221572705767295329
normal-o3,0,256,suffix-3,256,rust-vec,5,1048576,349525,1,24999000,8421484047873803448
normal-o3,0,256,suffix-3,256,cpp-std-vector,5,1048576,349525,1,26026000,8421484047873803448
normal-o3,0,256,suffix-3,256,whitefoot,5,1048576,349525,1,24992000,8421484047873803448
normal-o3,0,256,suffix-3,256,reverse-c,5,1048576,349525,1,36021000,8421484047873803448
normal-o3,0,256,suffix-3,256,direct-c,5,1048576,349525,1,26380000,8421484047873803448
normal-o3,0,256,suffix-3,256,swap-take-c,5,1048576,349525,1,35568000,8421484047873803448
normal-o3,0,256,suffix-3,256,take-swap-c,5,1048576,349525,1,31075000,8421484047873803448
normal-o3,0,256,suffix-3,256,cpp-std-vector,6,1048576,349525,1,26082000,18068139463689863183
normal-o3,0,256,suffix-3,256,whitefoot,6,1048576,349525,1,25144000,18068139463689863183
normal-o3,0,256,suffix-3,256,reverse-c,6,1048576,349525,1,35247000,18068139463689863183
normal-o3,0,256,suffix-3,256,direct-c,6,1048576,349525,1,25574000,18068139463689863183
normal-o3,0,256,suffix-3,256,swap-take-c,6,1048576,349525,1,35879000,18068139463689863183
normal-o3,0,256,suffix-3,256,take-swap-c,6,1048576,349525,1,31491000,18068139463689863183
normal-o3,0,256,suffix-3,256,rust-vec,6,1048576,349525,1,24915000,18068139463689863183
normal-o3,0,256,suffix-3,4096,whitefoot,0,1048576,349525,1,25045000,15626320741824457733
normal-o3,0,256,suffix-3,4096,reverse-c,0,1048576,349525,1,35430000,15626320741824457733
normal-o3,0,256,suffix-3,4096,direct-c,0,1048576,349525,1,25137000,15626320741824457733
normal-o3,0,256,suffix-3,4096,swap-take-c,0,1048576,349525,1,35411000,15626320741824457733
normal-o3,0,256,suffix-3,4096,take-swap-c,0,1048576,349525,1,31175000,15626320741824457733
normal-o3,0,256,suffix-3,4096,rust-vec,0,1048576,349525,1,25146000,15626320741824457733
normal-o3,0,256,suffix-3,4096,cpp-std-vector,0,1048576,349525,1,26086000,15626320741824457733
normal-o3,0,256,suffix-3,4096,reverse-c,1,1048576,349525,1,36535000,11900565124691961692
normal-o3,0,256,suffix-3,4096,direct-c,1,1048576,349525,1,26191000,11900565124691961692
normal-o3,0,256,suffix-3,4096,swap-take-c,1,1048576,349525,1,35947000,11900565124691961692
normal-o3,0,256,suffix-3,4096,take-swap-c,1,1048576,349525,1,31164000,11900565124691961692
normal-o3,0,256,suffix-3,4096,rust-vec,1,1048576,349525,1,25110000,11900565124691961692
normal-o3,0,256,suffix-3,4096,cpp-std-vector,1,1048576,349525,1,26213000,11900565124691961692
normal-o3,0,256,suffix-3,4096,whitefoot,1,1048576,349525,1,25237000,11900565124691961692
normal-o3,0,256,suffix-3,4096,direct-c,2,1048576,349525,1,25117000,8174809507559465651
normal-o3,0,256,suffix-3,4096,swap-take-c,2,1048576,349525,1,35391000,8174809507559465651
normal-o3,0,256,suffix-3,4096,take-swap-c,2,1048576,349525,1,31148000,8174809507559465651
normal-o3,0,256,suffix-3,4096,rust-vec,2,1048576,349525,1,25121000,8174809507559465651
normal-o3,0,256,suffix-3,4096,cpp-std-vector,2,1048576,349525,1,26049000,8174809507559465651
normal-o3,0,256,suffix-3,4096,whitefoot,2,1048576,349525,1,25012000,8174809507559465651
normal-o3,0,256,suffix-3,4096,reverse-c,2,1048576,349525,1,35353000,8174809507559465651
normal-o3,0,256,suffix-3,4096,swap-take-c,3,1048576,349525,1,35475000,4449053890426969610
normal-o3,0,256,suffix-3,4096,take-swap-c,3,1048576,349525,1,31184000,4449053890426969610
normal-o3,0,256,suffix-3,4096,rust-vec,3,1048576,349525,1,25095000,4449053890426969610
normal-o3,0,256,suffix-3,4096,cpp-std-vector,3,1048576,349525,1,26177000,4449053890426969610
normal-o3,0,256,suffix-3,4096,whitefoot,3,1048576,349525,1,25338000,4449053890426969610
normal-o3,0,256,suffix-3,4096,reverse-c,3,1048576,349525,1,35437000,4449053890426969610
normal-o3,0,256,suffix-3,4096,direct-c,3,1048576,349525,1,25142000,4449053890426969610
normal-o3,0,256,suffix-3,4096,take-swap-c,4,1048576,349525,1,31981000,723298273294473569
normal-o3,0,256,suffix-3,4096,rust-vec,4,1048576,349525,1,25093000,723298273294473569
normal-o3,0,256,suffix-3,4096,cpp-std-vector,4,1048576,349525,1,25986000,723298273294473569
normal-o3,0,256,suffix-3,4096,whitefoot,4,1048576,349525,1,25224000,723298273294473569
normal-o3,0,256,suffix-3,4096,reverse-c,4,1048576,349525,1,35449000,723298273294473569
normal-o3,0,256,suffix-3,4096,direct-c,4,1048576,349525,1,25228000,723298273294473569
normal-o3,0,256,suffix-3,4096,swap-take-c,4,1048576,349525,1,35315000,723298273294473569
normal-o3,0,256,suffix-3,4096,rust-vec,5,1048576,349525,1,25137000,15444286729871529144
normal-o3,0,256,suffix-3,4096,cpp-std-vector,5,1048576,349525,1,26102000,15444286729871529144
normal-o3,0,256,suffix-3,4096,whitefoot,5,1048576,349525,1,25185000,15444286729871529144
normal-o3,0,256,suffix-3,4096,reverse-c,5,1048576,349525,1,35413000,15444286729871529144
normal-o3,0,256,suffix-3,4096,direct-c,5,1048576,349525,1,26605000,15444286729871529144
normal-o3,0,256,suffix-3,4096,swap-take-c,5,1048576,349525,1,36429000,15444286729871529144
normal-o3,0,256,suffix-3,4096,take-swap-c,5,1048576,349525,1,31208000,15444286729871529144
normal-o3,0,256,suffix-3,4096,cpp-std-vector,6,1048576,349525,1,26989000,11718531112739033103
normal-o3,0,256,suffix-3,4096,whitefoot,6,1048576,349525,1,25967000,11718531112739033103
normal-o3,0,256,suffix-3,4096,reverse-c,6,1048576,349525,1,35981000,11718531112739033103
normal-o3,0,256,suffix-3,4096,direct-c,6,1048576,349525,1,25114000,11718531112739033103
normal-o3,0,256,suffix-3,4096,swap-take-c,6,1048576,349525,1,35352000,11718531112739033103
normal-o3,0,256,suffix-3,4096,take-swap-c,6,1048576,349525,1,31174000,11718531112739033103
normal-o3,0,256,suffix-3,4096,rust-vec,6,1048576,349525,1,25105000,11718531112739033103
normal-o3,1,8,reserved,16,cpp-std-vector,0,1048576,65536,1,3181000,1613149332516896869
normal-o3,1,8,reserved,16,rust-vec,0,1048576,65536,1,2384000,1613149332516896869
normal-o3,1,8,reserved,16,take-swap-c,0,1048576,65536,1,3664000,1613149332516896869
normal-o3,1,8,reserved,16,swap-take-c,0,1048576,65536,1,3784000,1613149332516896869
normal-o3,1,8,reserved,16,direct-c,0,1048576,65536,1,3299000,1613149332516896869
normal-o3,1,8,reserved,16,reverse-c,0,1048576,65536,1,3923000,1613149332516896869
normal-o3,1,8,reserved,16,whitefoot,0,1048576,65536,1,3050000,1613149332516896869
normal-o3,1,8,reserved,16,rust-vec,1,1048576,65536,1,2383000,15534383740606742630
normal-o3,1,8,reserved,16,take-swap-c,1,1048576,65536,1,3664000,15534383740606742630
normal-o3,1,8,reserved,16,swap-take-c,1,1048576,65536,1,3790000,15534383740606742630
normal-o3,1,8,reserved,16,direct-c,1,1048576,65536,1,3265000,15534383740606742630
normal-o3,1,8,reserved,16,reverse-c,1,1048576,65536,1,3925000,15534383740606742630
normal-o3,1,8,reserved,16,whitefoot,1,1048576,65536,1,3056000,15534383740606742630
normal-o3,1,8,reserved,16,cpp-std-vector,1,1048576,65536,1,3178000,15534383740606742630
normal-o3,1,8,reserved,16,take-swap-c,2,1048576,65536,1,3675000,11203551505675976807
normal-o3,1,8,reserved,16,swap-take-c,2,1048576,65536,1,3818000,11203551505675976807
normal-o3,1,8,reserved,16,direct-c,2,1048576,65536,1,3328000,11203551505675976807
normal-o3,1,8,reserved,16,reverse-c,2,1048576,65536,1,3978000,11203551505675976807
normal-o3,1,8,reserved,16,whitefoot,2,1048576,65536,1,3059000,11203551505675976807
normal-o3,1,8,reserved,16,cpp-std-vector,2,1048576,65536,1,3173000,11203551505675976807
normal-o3,1,8,reserved,16,rust-vec,2,1048576,65536,1,2461000,11203551505675976807
normal-o3,1,8,reserved,16,swap-take-c,3,1048576,65536,1,3838000,598448321840808040
normal-o3,1,8,reserved,16,direct-c,3,1048576,65536,1,3300000,598448321840808040
normal-o3,1,8,reserved,16,reverse-c,3,1048576,65536,1,4006000,598448321840808040
normal-o3,1,8,reserved,16,whitefoot,3,1048576,65536,1,3093000,598448321840808040
normal-o3,1,8,reserved,16,cpp-std-vector,3,1048576,65536,1,3182000,598448321840808040
normal-o3,1,8,reserved,16,rust-vec,3,1048576,65536,1,2374000,598448321840808040
normal-o3,1,8,reserved,16,take-swap-c,3,1048576,65536,1,3730000,598448321840808040
normal-o3,1,8,reserved,16,direct-c,4,1048576,65536,1,3259000,3717605000514633833
normal-o3,1,8,reserved,16,reverse-c,4,1048576,65536,1,3931000,3717605000514633833
normal-o3,1,8,reserved,16,whitefoot,4,1048576,65536,1,3050000,3717605000514633833
normal-o3,1,8,reserved,16,cpp-std-vector,4,1048576,65536,1,3181000,3717605000514633833
normal-o3,1,8,reserved,16,rust-vec,4,1048576,65536,1,2376000,3717605000514633833
normal-o3,1,8,reserved,16,take-swap-c,4,1048576,65536,1,3664000,3717605000514633833
normal-o3,1,8,reserved,16,swap-take-c,4,1048576,65536,1,3790000,3717605000514633833
normal-o3,1,8,reserved,16,reverse-c,5,1048576,65536,1,3927000,7745013020975693930
normal-o3,1,8,reserved,16,whitefoot,5,1048576,65536,1,3048000,7745013020975693930
normal-o3,1,8,reserved,16,cpp-std-vector,5,1048576,65536,1,3211000,7745013020975693930
normal-o3,1,8,reserved,16,rust-vec,5,1048576,65536,1,2382000,7745013020975693930
normal-o3,1,8,reserved,16,take-swap-c,5,1048576,65536,1,3667000,7745013020975693930
normal-o3,1,8,reserved,16,swap-take-c,5,1048576,65536,1,3789000,7745013020975693930
normal-o3,1,8,reserved,16,direct-c,5,1048576,65536,1,3260000,7745013020975693930
normal-o3,1,8,reserved,16,whitefoot,6,1048576,65536,1,3058000,6351481337365135467
normal-o3,1,8,reserved,16,cpp-std-vector,6,1048576,65536,1,3181000,6351481337365135467
normal-o3,1,8,reserved,16,rust-vec,6,1048576,65536,1,2374000,6351481337365135467
normal-o3,1,8,reserved,16,take-swap-c,6,1048576,65536,1,3663000,6351481337365135467
normal-o3,1,8,reserved,16,swap-take-c,6,1048576,65536,1,3787000,6351481337365135467
normal-o3,1,8,reserved,16,direct-c,6,1048576,65536,1,3254000,6351481337365135467
normal-o3,1,8,reserved,16,reverse-c,6,1048576,65536,1,3971000,6351481337365135467
normal-o3,1,8,reserved,256,cpp-std-vector,0,1048576,4096,1,2125000,1498897996573024357
normal-o3,1,8,reserved,256,rust-vec,0,1048576,4096,1,1541000,1498897996573024357
normal-o3,1,8,reserved,256,take-swap-c,0,1048576,4096,1,2165000,1498897996573024357
normal-o3,1,8,reserved,256,swap-take-c,0,1048576,4096,1,2219000,1498897996573024357
normal-o3,1,8,reserved,256,direct-c,0,1048576,4096,1,1697000,1498897996573024357
normal-o3,1,8,reserved,256,reverse-c,0,1048576,4096,1,3204000,1498897996573024357
normal-o3,1,8,reserved,256,whitefoot,0,1048576,4096,1,1708000,1498897996573024357
normal-o3,1,8,reserved,256,rust-vec,1,1048576,4096,1,1537000,7707534785925595238
normal-o3,1,8,reserved,256,take-swap-c,1,1048576,4096,1,2149000,7707534785925595238
normal-o3,1,8,reserved,256,swap-take-c,1,1048576,4096,1,2223000,7707534785925595238
normal-o3,1,8,reserved,256,direct-c,1,1048576,4096,1,1708000,7707534785925595238
normal-o3,1,8,reserved,256,reverse-c,1,1048576,4096,1,3210000,7707534785925595238
normal-o3,1,8,reserved,256,whitefoot,1,1048576,4096,1,1729000,7707534785925595238
normal-o3,1,8,reserved,256,cpp-std-vector,1,1048576,4096,1,2131000,7707534785925595238
normal-o3,1,8,reserved,256,take-swap-c,2,1048576,4096,1,2217000,5506079726878842983
normal-o3,1,8,reserved,256,swap-take-c,2,1048576,4096,1,2236000,5506079726878842983
normal-o3,1,8,reserved,256,direct-c,2,1048576,4096,1,1739000,5506079726878842983
normal-o3,1,8,reserved,256,reverse-c,2,1048576,4096,1,3228000,5506079726878842983
normal-o3,1,8,reserved,256,whitefoot,2,1048576,4096,1,1709000,5506079726878842983
normal-o3,1,8,reserved,256,cpp-std-vector,2,1048576,4096,1,2138000,5506079726878842983
normal-o3,1,8,reserved,256,rust-vec,2,1048576,4096,1,1545000,5506079726878842983
normal-o3,1,8,reserved,256,swap-take-c,3,1048576,4096,1,2220000,5888291873035911272
normal-o3,1,8,reserved,256,direct-c,3,1048576,4096,1,1699000,5888291873035911272
normal-o3,1,8,reserved,256,reverse-c,3,1048576,4096,1,3219000,5888291873035911272
normal-o3,1,8,reserved,256,whitefoot,3,1048576,4096,1,1706000,5888291873035911272
normal-o3,1,8,reserved,256,cpp-std-vector,3,1048576,4096,1,2126000,5888291873035911272
normal-o3,1,8,reserved,256,rust-vec,3,1048576,4096,1,1534000,5888291873035911272
normal-o3,1,8,reserved,256,take-swap-c,3,1048576,4096,1,2211000,5888291873035911272
normal-o3,1,8,reserved,256,direct-c,4,1048576,4096,1,1701000,7512286317303570537
normal-o3,1,8,reserved,256,reverse-c,4,1048576,4096,1,3202000,7512286317303570537
normal-o3,1,8,reserved,256,whitefoot,4,1048576,4096,1,1704000,7512286317303570537
normal-o3,1,8,reserved,256,cpp-std-vector,4,1048576,4096,1,2125000,7512286317303570537
normal-o3,1,8,reserved,256,rust-vec,4,1048576,4096,1,1545000,7512286317303570537
normal-o3,1,8,reserved,256,take-swap-c,4,1048576,4096,1,2163000,7512286317303570537
normal-o3,1,8,reserved,256,swap-take-c,4,1048576,4096,1,2280000,7512286317303570537
normal-o3,1,8,reserved,256,reverse-c,5,1048576,4096,1,3207000,13357584908658163818
normal-o3,1,8,reserved,256,whitefoot,5,1048576,4096,1,1709000,13357584908658163818
normal-o3,1,8,reserved,256,cpp-std-vector,5,1048576,4096,1,2075000,13357584908658163818
normal-o3,1,8,reserved,256,rust-vec,5,1048576,4096,1,1552000,13357584908658163818
normal-o3,1,8,reserved,256,take-swap-c,5,1048576,4096,1,2149000,13357584908658163818
normal-o3,1,8,reserved,256,swap-take-c,5,1048576,4096,1,2222000,13357584908658163818
normal-o3,1,8,reserved,256,direct-c,5,1048576,4096,1,1703000,13357584908658163818
normal-o3,1,8,reserved,256,whitefoot,6,1048576,4096,1,1735000,10011933332678926443
normal-o3,1,8,reserved,256,cpp-std-vector,6,1048576,4096,1,2127000,10011933332678926443
normal-o3,1,8,reserved,256,rust-vec,6,1048576,4096,1,1537000,10011933332678926443
normal-o3,1,8,reserved,256,take-swap-c,6,1048576,4096,1,2152000,10011933332678926443
normal-o3,1,8,reserved,256,swap-take-c,6,1048576,4096,1,2219000,10011933332678926443
normal-o3,1,8,reserved,256,direct-c,6,1048576,4096,1,1709000,10011933332678926443
normal-o3,1,8,reserved,256,reverse-c,6,1048576,4096,1,3208000,10011933332678926443
normal-o3,1,8,reserved,4096,cpp-std-vector,0,1048576,256,1,2111000,2256710881311081573
normal-o3,1,8,reserved,4096,rust-vec,0,1048576,256,1,1526000,2256710881311081573
normal-o3,1,8,reserved,4096,take-swap-c,0,1048576,256,1,2051000,2256710881311081573
normal-o3,1,8,reserved,4096,swap-take-c,0,1048576,256,1,2145000,2256710881311081573
normal-o3,1,8,reserved,4096,direct-c,0,1048576,256,1,1638000,2256710881311081573
normal-o3,1,8,reserved,4096,reverse-c,0,1048576,256,1,2849000,2256710881311081573
normal-o3,1,8,reserved,4096,whitefoot,0,1048576,256,1,1664000,2256710881311081573
normal-o3,1,8,reserved,4096,rust-vec,1,1048576,256,1,1526000,6904654748820097126
normal-o3,1,8,reserved,4096,take-swap-c,1,1048576,256,1,2080000,6904654748820097126
normal-o3,1,8,reserved,4096,swap-take-c,1,1048576,256,1,2147000,6904654748820097126
normal-o3,1,8,reserved,4096,direct-c,1,1048576,256,1,1646000,6904654748820097126
normal-o3,1,8,reserved,4096,reverse-c,1,1048576,256,1,2872000,6904654748820097126
normal-o3,1,8,reserved,4096,whitefoot,1,1048576,256,1,1664000,6904654748820097126
normal-o3,1,8,reserved,4096,cpp-std-vector,1,1048576,256,1,2108000,6904654748820097126
normal-o3,1,8,reserved,4096,take-swap-c,2,1048576,256,1,2062000,16426223538089053287
normal-o3,1,8,reserved,4096,swap-take-c,2,1048576,256,1,2144000,16426223538089053287
normal-o3,1,8,reserved,4096,direct-c,2,1048576,256,1,1639000,16426223538089053287
normal-o3,1,8,reserved,4096,reverse-c,2,1048576,256,1,2839000,16426223538089053287
normal-o3,1,8,reserved,4096,whitefoot,2,1048576,256,1,1665000,16426223538089053287
normal-o3,1,8,reserved,4096,cpp-std-vector,2,1048576,256,1,2053000,16426223538089053287
normal-o3,1,8,reserved,4096,rust-vec,2,1048576,256,1,1526000,16426223538089053287
normal-o3,1,8,reserved,4096,swap-take-c,3,1048576,256,1,2148000,9531859752620511336
normal-o3,1,8,reserved,4096,direct-c,3,1048576,256,1,1638000,9531859752620511336
normal-o3,1,8,reserved,4096,reverse-c,3,1048576,256,1,2912000,9531859752620511336
normal-o3,1,8,reserved,4096,whitefoot,3,1048576,256,1,1672000,9531859752620511336
normal-o3,1,8,reserved,4096,cpp-std-vector,3,1048576,256,1,2116000,9531859752620511336
normal-o3,1,8,reserved,4096,rust-vec,3,1048576,256,1,1532000,9531859752620511336
normal-o3,1,8,reserved,4096,take-swap-c,3,1048576,256,1,2051000,9531859752620511336
normal-o3,1,8,reserved,4096,direct-c,4,1048576,256,1,1645000,14830550356061344873
normal-o3,1,8,reserved,4096,reverse-c,4,1048576,256,1,2865000,14830550356061344873
normal-o3,1,8,reserved,4096,whitefoot,4,1048576,256,1,1665000,14830550356061344873
normal-o3,1,8,reserved,4096,cpp-std-vector,4,1048576,256,1,2046000,14830550356061344873
normal-o3,1,8,reserved,4096,rust-vec,4,1048576,256,1,1527000,14830550356061344873
normal-o3,1,8,reserved,4096,take-swap-c,4,1048576,256,1,2059000,14830550356061344873
normal-o3,1,8,reserved,4096,swap-take-c,4,1048576,256,1,2146000,14830550356061344873
normal-o3,1,8,reserved,4096,reverse-c,5,1048576,256,1,2852000,11014393161628833898
normal-o3,1,8,reserved,4096,whitefoot,5,1048576,256,1,1665000,11014393161628833898
normal-o3,1,8,reserved,4096,cpp-std-vector,5,1048576,256,1,2109000,11014393161628833898
normal-o3,1,8,reserved,4096,rust-vec,5,1048576,256,1,1526000,11014393161628833898
normal-o3,1,8,reserved,4096,take-swap-c,5,1048576,256,1,2060000,11014393161628833898
normal-o3,1,8,reserved,4096,swap-take-c,5,1048576,256,1,2164000,11014393161628833898
normal-o3,1,8,reserved,4096,direct-c,5,1048576,256,1,1640000,11014393161628833898
normal-o3,1,8,reserved,4096,whitefoot,6,1048576,256,1,1664000,3531045655943011435
normal-o3,1,8,reserved,4096,cpp-std-vector,6,1048576,256,1,2040000,3531045655943011435
normal-o3,1,8,reserved,4096,rust-vec,6,1048576,256,1,1525000,3531045655943011435
normal-o3,1,8,reserved,4096,take-swap-c,6,1048576,256,1,2060000,3531045655943011435
normal-o3,1,8,reserved,4096,swap-take-c,6,1048576,256,1,2200000,3531045655943011435
normal-o3,1,8,reserved,4096,direct-c,6,1048576,256,1,1666000,3531045655943011435
normal-o3,1,8,reserved,4096,reverse-c,6,1048576,256,1,2948000,3531045655943011435
normal-o3,1,8,growth,16,cpp-std-vector,0,1048576,65536,1,10971000,1613149332516896869
normal-o3,1,8,growth,16,rust-vec,0,1048576,65536,1,9369000,1613149332516896869
normal-o3,1,8,growth,16,take-swap-c,0,1048576,65536,1,10690000,1613149332516896869
normal-o3,1,8,growth,16,swap-take-c,0,1048576,65536,1,10554000,1613149332516896869
normal-o3,1,8,growth,16,direct-c,0,1048576,65536,1,10151000,1613149332516896869
normal-o3,1,8,growth,16,reverse-c,0,1048576,65536,1,10793000,1613149332516896869
normal-o3,1,8,growth,16,whitefoot,0,1048576,65536,1,10364000,1613149332516896869
normal-o3,1,8,growth,16,rust-vec,1,1048576,65536,1,9121000,15534383740606742630
normal-o3,1,8,growth,16,take-swap-c,1,1048576,65536,1,10432000,15534383740606742630
normal-o3,1,8,growth,16,swap-take-c,1,1048576,65536,1,10688000,15534383740606742630
normal-o3,1,8,growth,16,direct-c,1,1048576,65536,1,10093000,15534383740606742630
normal-o3,1,8,growth,16,reverse-c,1,1048576,65536,1,10815000,15534383740606742630
normal-o3,1,8,growth,16,whitefoot,1,1048576,65536,1,10385000,15534383740606742630
normal-o3,1,8,growth,16,cpp-std-vector,1,1048576,65536,1,10637000,15534383740606742630
normal-o3,1,8,growth,16,take-swap-c,2,1048576,65536,1,10530000,11203551505675976807
normal-o3,1,8,growth,16,swap-take-c,2,1048576,65536,1,10594000,11203551505675976807
normal-o3,1,8,growth,16,direct-c,2,1048576,65536,1,10094000,11203551505675976807
normal-o3,1,8,growth,16,reverse-c,2,1048576,65536,1,10813000,11203551505675976807
normal-o3,1,8,growth,16,whitefoot,2,1048576,65536,1,10301000,11203551505675976807
normal-o3,1,8,growth,16,cpp-std-vector,2,1048576,65536,1,10635000,11203551505675976807
normal-o3,1,8,growth,16,rust-vec,2,1048576,65536,1,9092000,11203551505675976807
normal-o3,1,8,growth,16,swap-take-c,3,1048576,65536,1,10800000,598448321840808040
normal-o3,1,8,growth,16,direct-c,3,1048576,65536,1,10080000,598448321840808040
normal-o3,1,8,growth,16,reverse-c,3,1048576,65536,1,10779000,598448321840808040
normal-o3,1,8,growth,16,whitefoot,3,1048576,65536,1,10735000,598448321840808040
normal-o3,1,8,growth,16,cpp-std-vector,3,1048576,65536,1,11387000,598448321840808040
normal-o3,1,8,growth,16,rust-vec,3,1048576,65536,1,9520000,598448321840808040
normal-o3,1,8,growth,16,take-swap-c,3,1048576,65536,1,11002000,598448321840808040
normal-o3,1,8,growth,16,direct-c,4,1048576,65536,1,10566000,3717605000514633833
normal-o3,1,8,growth,16,reverse-c,4,1048576,65536,1,11168000,3717605000514633833
normal-o3,1,8,growth,16,whitefoot,4,1048576,65536,1,10374000,3717605000514633833
normal-o3,1,8,growth,16,cpp-std-vector,4,1048576,65536,1,10674000,3717605000514633833
normal-o3,1,8,growth,16,rust-vec,4,1048576,65536,1,9096000,3717605000514633833
normal-o3,1,8,growth,16,take-swap-c,4,1048576,65536,1,10481000,3717605000514633833
normal-o3,1,8,growth,16,swap-take-c,4,1048576,65536,1,10688000,3717605000514633833
normal-o3,1,8,growth,16,reverse-c,5,1048576,65536,1,10790000,7745013020975693930
normal-o3,1,8,growth,16,whitefoot,5,1048576,65536,1,10338000,7745013020975693930
normal-o3,1,8,growth,16,cpp-std-vector,5,1048576,65536,1,10691000,7745013020975693930
normal-o3,1,8,growth,16,rust-vec,5,1048576,65536,1,9109000,7745013020975693930
normal-o3,1,8,growth,16,take-swap-c,5,1048576,65536,1,10478000,7745013020975693930
normal-o3,1,8,growth,16,swap-take-c,5,1048576,65536,1,10768000,7745013020975693930
normal-o3,1,8,growth,16,direct-c,5,1048576,65536,1,10104000,7745013020975693930
normal-o3,1,8,growth,16,whitefoot,6,1048576,65536,1,10343000,6351481337365135467
normal-o3,1,8,growth,16,cpp-std-vector,6,1048576,65536,1,10634000,6351481337365135467
normal-o3,1,8,growth,16,rust-vec,6,1048576,65536,1,9129000,6351481337365135467
normal-o3,1,8,growth,16,take-swap-c,6,1048576,65536,1,10452000,6351481337365135467
normal-o3,1,8,growth,16,swap-take-c,6,1048576,65536,1,10675000,6351481337365135467
normal-o3,1,8,growth,16,direct-c,6,1048576,65536,1,10155000,6351481337365135467
normal-o3,1,8,growth,16,reverse-c,6,1048576,65536,1,10790000,6351481337365135467
normal-o3,1,8,growth,256,cpp-std-vector,0,1048576,4096,1,3323000,1498897996573024357
normal-o3,1,8,growth,256,rust-vec,0,1048576,4096,1,2965000,1498897996573024357
normal-o3,1,8,growth,256,take-swap-c,0,1048576,4096,1,3279000,1498897996573024357
normal-o3,1,8,growth,256,swap-take-c,0,1048576,4096,1,3340000,1498897996573024357
normal-o3,1,8,growth,256,direct-c,0,1048576,4096,1,2840000,1498897996573024357
normal-o3,1,8,growth,256,reverse-c,0,1048576,4096,1,4415000,1498897996573024357
normal-o3,1,8,growth,256,whitefoot,0,1048576,4096,1,2852000,1498897996573024357
normal-o3,1,8,growth,256,rust-vec,1,1048576,4096,1,2966000,7707534785925595238
normal-o3,1,8,growth,256,take-swap-c,1,1048576,4096,1,3352000,7707534785925595238
normal-o3,1,8,growth,256,swap-take-c,1,1048576,4096,1,3346000,7707534785925595238
normal-o3,1,8,growth,256,direct-c,1,1048576,4096,1,2834000,7707534785925595238
normal-o3,1,8,growth,256,reverse-c,1,1048576,4096,1,4380000,7707534785925595238
normal-o3,1,8,growth,256,whitefoot,1,1048576,4096,1,2855000,7707534785925595238
normal-o3,1,8,growth,256,cpp-std-vector,1,1048576,4096,1,3326000,7707534785925595238
normal-o3,1,8,growth,256,take-swap-c,2,1048576,4096,1,3355000,5506079726878842983
normal-o3,1,8,growth,256,swap-take-c,2,1048576,4096,1,3369000,5506079726878842983
normal-o3,1,8,growth,256,direct-c,2,1048576,4096,1,2836000,5506079726878842983
normal-o3,1,8,growth,256,reverse-c,2,1048576,4096,1,4357000,5506079726878842983
normal-o3,1,8,growth,256,whitefoot,2,1048576,4096,1,2863000,5506079726878842983
normal-o3,1,8,growth,256,cpp-std-vector,2,1048576,4096,1,3325000,5506079726878842983
normal-o3,1,8,growth,256,rust-vec,2,1048576,4096,1,2960000,5506079726878842983
normal-o3,1,8,growth,256,swap-take-c,3,1048576,4096,1,3343000,5888291873035911272
normal-o3,1,8,growth,256,direct-c,3,1048576,4096,1,2832000,5888291873035911272
normal-o3,1,8,growth,256,reverse-c,3,1048576,4096,1,4376000,5888291873035911272
normal-o3,1,8,growth,256,whitefoot,3,1048576,4096,1,2863000,5888291873035911272
normal-o3,1,8,growth,256,cpp-std-vector,3,1048576,4096,1,3371000,5888291873035911272
normal-o3,1,8,growth,256,rust-vec,3,1048576,4096,1,2960000,5888291873035911272
normal-o3,1,8,growth,256,take-swap-c,3,1048576,4096,1,3347000,5888291873035911272
normal-o3,1,8,growth,256,direct-c,4,1048576,4096,1,2853000,7512286317303570537
normal-o3,1,8,growth,256,reverse-c,4,1048576,4096,1,4383000,7512286317303570537
normal-o3,1,8,growth,256,whitefoot,4,1048576,4096,1,2874000,7512286317303570537
normal-o3,1,8,growth,256,cpp-std-vector,4,1048576,4096,1,3312000,7512286317303570537
normal-o3,1,8,growth,256,rust-vec,4,1048576,4096,1,2964000,7512286317303570537
normal-o3,1,8,growth,256,take-swap-c,4,1048576,4096,1,3349000,7512286317303570537
normal-o3,1,8,growth,256,swap-take-c,4,1048576,4096,1,3350000,7512286317303570537
normal-o3,1,8,growth,256,reverse-c,5,1048576,4096,1,4438000,13357584908658163818
normal-o3,1,8,growth,256,whitefoot,5,1048576,4096,1,2861000,13357584908658163818
normal-o3,1,8,growth,256,cpp-std-vector,5,1048576,4096,1,3279000,13357584908658163818
normal-o3,1,8,growth,256,rust-vec,5,1048576,4096,1,2953000,13357584908658163818
normal-o3,1,8,growth,256,take-swap-c,5,1048576,4096,1,3380000,13357584908658163818
normal-o3,1,8,growth,256,swap-take-c,5,1048576,4096,1,3339000,13357584908658163818
normal-o3,1,8,growth,256,direct-c,5,1048576,4096,1,2836000,13357584908658163818
normal-o3,1,8,growth,256,whitefoot,6,1048576,4096,1,2855000,10011933332678926443
normal-o3,1,8,growth,256,cpp-std-vector,6,1048576,4096,1,3275000,10011933332678926443
normal-o3,1,8,growth,256,rust-vec,6,1048576,4096,1,2959000,10011933332678926443
normal-o3,1,8,growth,256,take-swap-c,6,1048576,4096,1,3385000,10011933332678926443
normal-o3,1,8,growth,256,swap-take-c,6,1048576,4096,1,3342000,10011933332678926443
normal-o3,1,8,growth,256,direct-c,6,1048576,4096,1,2835000,10011933332678926443
normal-o3,1,8,growth,256,reverse-c,6,1048576,4096,1,4373000,10011933332678926443
normal-o3,1,8,growth,4096,cpp-std-vector,0,1048576,256,1,2393000,2256710881311081573
normal-o3,1,8,growth,4096,rust-vec,0,1048576,256,1,1949000,2256710881311081573
normal-o3,1,8,growth,4096,take-swap-c,0,1048576,256,1,2445000,2256710881311081573
normal-o3,1,8,growth,4096,swap-take-c,0,1048576,256,1,2540000,2256710881311081573
normal-o3,1,8,growth,4096,direct-c,0,1048576,256,1,2049000,2256710881311081573
normal-o3,1,8,growth,4096,reverse-c,0,1048576,256,1,3233000,2256710881311081573
normal-o3,1,8,growth,4096,whitefoot,0,1048576,256,1,2054000,2256710881311081573
normal-o3,1,8,growth,4096,rust-vec,1,1048576,256,1,1987000,6904654748820097126
normal-o3,1,8,growth,4096,take-swap-c,1,1048576,256,1,2458000,6904654748820097126
normal-o3,1,8,growth,4096,swap-take-c,1,1048576,256,1,2549000,6904654748820097126
normal-o3,1,8,growth,4096,direct-c,1,1048576,256,1,2051000,6904654748820097126
normal-o3,1,8,growth,4096,reverse-c,1,1048576,256,1,3280000,6904654748820097126
normal-o3,1,8,growth,4096,whitefoot,1,1048576,256,1,2066000,6904654748820097126
normal-o3,1,8,growth,4096,cpp-std-vector,1,1048576,256,1,2408000,6904654748820097126
normal-o3,1,8,growth,4096,take-swap-c,2,1048576,256,1,2453000,16426223538089053287
normal-o3,1,8,growth,4096,swap-take-c,2,1048576,256,1,2564000,16426223538089053287
normal-o3,1,8,growth,4096,direct-c,2,1048576,256,1,2053000,16426223538089053287
normal-o3,1,8,growth,4096,reverse-c,2,1048576,256,1,3230000,16426223538089053287
normal-o3,1,8,growth,4096,whitefoot,2,1048576,256,1,2058000,16426223538089053287
normal-o3,1,8,growth,4096,cpp-std-vector,2,1048576,256,1,2409000,16426223538089053287
normal-o3,1,8,growth,4096,rust-vec,2,1048576,256,1,1959000,16426223538089053287
normal-o3,1,8,growth,4096,swap-take-c,3,1048576,256,1,2549000,9531859752620511336
normal-o3,1,8,growth,4096,direct-c,3,1048576,256,1,2045000,9531859752620511336
normal-o3,1,8,growth,4096,reverse-c,3,1048576,256,1,3236000,9531859752620511336
normal-o3,1,8,growth,4096,whitefoot,3,1048576,256,1,2060000,9531859752620511336
normal-o3,1,8,growth,4096,cpp-std-vector,3,1048576,256,1,2407000,9531859752620511336
normal-o3,1,8,growth,4096,rust-vec,3,1048576,256,1,1921000,9531859752620511336
normal-o3,1,8,growth,4096,take-swap-c,3,1048576,256,1,2445000,9531859752620511336
normal-o3,1,8,growth,4096,direct-c,4,1048576,256,1,2049000,14830550356061344873
normal-o3,1,8,growth,4096,reverse-c,4,1048576,256,1,3234000,14830550356061344873
normal-o3,1,8,growth,4096,whitefoot,4,1048576,256,1,2054000,14830550356061344873
normal-o3,1,8,growth,4096,cpp-std-vector,4,1048576,256,1,2400000,14830550356061344873
normal-o3,1,8,growth,4096,rust-vec,4,1048576,256,1,1930000,14830550356061344873
normal-o3,1,8,growth,4096,take-swap-c,4,1048576,256,1,2441000,14830550356061344873
normal-o3,1,8,growth,4096,swap-take-c,4,1048576,256,1,2568000,14830550356061344873
normal-o3,1,8,growth,4096,reverse-c,5,1048576,256,1,3247000,11014393161628833898
normal-o3,1,8,growth,4096,whitefoot,5,1048576,256,1,2055000,11014393161628833898
normal-o3,1,8,growth,4096,cpp-std-vector,5,1048576,256,1,2396000,11014393161628833898
normal-o3,1,8,growth,4096,rust-vec,5,1048576,256,1,1934000,11014393161628833898
normal-o3,1,8,growth,4096,take-swap-c,5,1048576,256,1,2450000,11014393161628833898
normal-o3,1,8,growth,4096,swap-take-c,5,1048576,256,1,2563000,11014393161628833898
normal-o3,1,8,growth,4096,direct-c,5,1048576,256,1,2056000,11014393161628833898
normal-o3,1,8,growth,4096,whitefoot,6,1048576,256,1,2057000,3531045655943011435
normal-o3,1,8,growth,4096,cpp-std-vector,6,1048576,256,1,2401000,3531045655943011435
normal-o3,1,8,growth,4096,rust-vec,6,1048576,256,1,1940000,3531045655943011435
normal-o3,1,8,growth,4096,take-swap-c,6,1048576,256,1,2446000,3531045655943011435
normal-o3,1,8,growth,4096,swap-take-c,6,1048576,256,1,2539000,3531045655943011435
normal-o3,1,8,growth,4096,direct-c,6,1048576,256,1,2039000,3531045655943011435
normal-o3,1,8,growth,4096,reverse-c,6,1048576,256,1,3280000,3531045655943011435
normal-o3,1,8,reuse,16,cpp-std-vector,0,1048576,65536,1,2146000,1613149332516896869
normal-o3,1,8,reuse,16,rust-vec,0,1048576,65536,1,1232000,1613149332516896869
normal-o3,1,8,reuse,16,take-swap-c,0,1048576,65536,1,1983000,1613149332516896869
normal-o3,1,8,reuse,16,swap-take-c,0,1048576,65536,1,1919000,1613149332516896869
normal-o3,1,8,reuse,16,direct-c,0,1048576,65536,1,1766000,1613149332516896869
normal-o3,1,8,reuse,16,reverse-c,0,1048576,65536,1,2268000,1613149332516896869
normal-o3,1,8,reuse,16,whitefoot,0,1048576,65536,1,1242000,1613149332516896869
normal-o3,1,8,reuse,16,rust-vec,1,1048576,65536,1,1235000,15534383740606742630
normal-o3,1,8,reuse,16,take-swap-c,1,1048576,65536,1,1991000,15534383740606742630
normal-o3,1,8,reuse,16,swap-take-c,1,1048576,65536,1,1918000,15534383740606742630
normal-o3,1,8,reuse,16,direct-c,1,1048576,65536,1,1765000,15534383740606742630
normal-o3,1,8,reuse,16,reverse-c,1,1048576,65536,1,2272000,15534383740606742630
normal-o3,1,8,reuse,16,whitefoot,1,1048576,65536,1,1239000,15534383740606742630
normal-o3,1,8,reuse,16,cpp-std-vector,1,1048576,65536,1,2242000,15534383740606742630
normal-o3,1,8,reuse,16,take-swap-c,2,1048576,65536,1,1982000,11203551505675976807
normal-o3,1,8,reuse,16,swap-take-c,2,1048576,65536,1,1920000,11203551505675976807
normal-o3,1,8,reuse,16,direct-c,2,1048576,65536,1,1797000,11203551505675976807
normal-o3,1,8,reuse,16,reverse-c,2,1048576,65536,1,2274000,11203551505675976807
normal-o3,1,8,reuse,16,whitefoot,2,1048576,65536,1,1246000,11203551505675976807
normal-o3,1,8,reuse,16,cpp-std-vector,2,1048576,65536,1,2243000,11203551505675976807
normal-o3,1,8,reuse,16,rust-vec,2,1048576,65536,1,1235000,11203551505675976807
normal-o3,1,8,reuse,16,swap-take-c,3,1048576,65536,1,1920000,598448321840808040
normal-o3,1,8,reuse,16,direct-c,3,1048576,65536,1,1778000,598448321840808040
normal-o3,1,8,reuse,16,reverse-c,3,1048576,65536,1,2270000,598448321840808040
normal-o3,1,8,reuse,16,whitefoot,3,1048576,65536,1,1240000,598448321840808040
normal-o3,1,8,reuse,16,cpp-std-vector,3,1048576,65536,1,2148000,598448321840808040
normal-o3,1,8,reuse,16,rust-vec,3,1048576,65536,1,1242000,598448321840808040
normal-o3,1,8,reuse,16,take-swap-c,3,1048576,65536,1,1998000,598448321840808040
normal-o3,1,8,reuse,16,direct-c,4,1048576,65536,1,1765000,3717605000514633833
normal-o3,1,8,reuse,16,reverse-c,4,1048576,65536,1,2271000,3717605000514633833
normal-o3,1,8,reuse,16,whitefoot,4,1048576,65536,1,1261000,3717605000514633833
normal-o3,1,8,reuse,16,cpp-std-vector,4,1048576,65536,1,2148000,3717605000514633833
normal-o3,1,8,reuse,16,rust-vec,4,1048576,65536,1,1247000,3717605000514633833
normal-o3,1,8,reuse,16,take-swap-c,4,1048576,65536,1,1986000,3717605000514633833
normal-o3,1,8,reuse,16,swap-take-c,4,1048576,65536,1,1945000,3717605000514633833
normal-o3,1,8,reuse,16,reverse-c,5,1048576,65536,1,2268000,7745013020975693930
normal-o3,1,8,reuse,16,whitefoot,5,1048576,65536,1,1242000,7745013020975693930
normal-o3,1,8,reuse,16,cpp-std-vector,5,1048576,65536,1,2148000,7745013020975693930
normal-o3,1,8,reuse,16,rust-vec,5,1048576,65536,1,1233000,7745013020975693930
normal-o3,1,8,reuse,16,take-swap-c,5,1048576,65536,1,1994000,7745013020975693930
normal-o3,1,8,reuse,16,swap-take-c,5,1048576,65536,1,1923000,7745013020975693930
normal-o3,1,8,reuse,16,direct-c,5,1048576,65536,1,1775000,7745013020975693930
normal-o3,1,8,reuse,16,whitefoot,6,1048576,65536,1,1257000,6351481337365135467
normal-o3,1,8,reuse,16,cpp-std-vector,6,1048576,65536,1,2243000,6351481337365135467
normal-o3,1,8,reuse,16,rust-vec,6,1048576,65536,1,1239000,6351481337365135467
normal-o3,1,8,reuse,16,take-swap-c,6,1048576,65536,1,1991000,6351481337365135467
normal-o3,1,8,reuse,16,swap-take-c,6,1048576,65536,1,1922000,6351481337365135467
normal-o3,1,8,reuse,16,direct-c,6,1048576,65536,1,1763000,6351481337365135467
normal-o3,1,8,reuse,16,reverse-c,6,1048576,65536,1,2273000,6351481337365135467
normal-o3,1,8,reuse,256,cpp-std-vector,0,1048576,4096,1,2029000,1498897996573024357
normal-o3,1,8,reuse,256,rust-vec,0,1048576,4096,1,1481000,1498897996573024357
normal-o3,1,8,reuse,256,take-swap-c,0,1048576,4096,1,2000000,1498897996573024357
normal-o3,1,8,reuse,256,swap-take-c,0,1048576,4096,1,1986000,1498897996573024357
normal-o3,1,8,reuse,256,direct-c,0,1048576,4096,1,1532000,1498897996573024357
normal-o3,1,8,reuse,256,reverse-c,0,1048576,4096,1,3086000,1498897996573024357
normal-o3,1,8,reuse,256,whitefoot,0,1048576,4096,1,1531000,1498897996573024357
normal-o3,1,8,reuse,256,rust-vec,1,1048576,4096,1,1473000,7707534785925595238
normal-o3,1,8,reuse,256,take-swap-c,1,1048576,4096,1,1981000,7707534785925595238
normal-o3,1,8,reuse,256,swap-take-c,1,1048576,4096,1,1948000,7707534785925595238
normal-o3,1,8,reuse,256,direct-c,1,1048576,4096,1,1535000,7707534785925595238
normal-o3,1,8,reuse,256,reverse-c,1,1048576,4096,1,3091000,7707534785925595238
normal-o3,1,8,reuse,256,whitefoot,1,1048576,4096,1,1528000,7707534785925595238
normal-o3,1,8,reuse,256,cpp-std-vector,1,1048576,4096,1,2063000,7707534785925595238
normal-o3,1,8,reuse,256,take-swap-c,2,1048576,4096,1,1977000,5506079726878842983
normal-o3,1,8,reuse,256,swap-take-c,2,1048576,4096,1,1949000,5506079726878842983
normal-o3,1,8,reuse,256,direct-c,2,1048576,4096,1,1537000,5506079726878842983
normal-o3,1,8,reuse,256,reverse-c,2,1048576,4096,1,3148000,5506079726878842983
normal-o3,1,8,reuse,256,whitefoot,2,1048576,4096,1,1543000,5506079726878842983
normal-o3,1,8,reuse,256,cpp-std-vector,2,1048576,4096,1,2030000,5506079726878842983
normal-o3,1,8,reuse,256,rust-vec,2,1048576,4096,1,1468000,5506079726878842983
normal-o3,1,8,reuse,256,swap-take-c,3,1048576,4096,1,2074000,5888291873035911272
normal-o3,1,8,reuse,256,direct-c,3,1048576,4096,1,1589000,5888291873035911272
normal-o3,1,8,reuse,256,reverse-c,3,1048576,4096,1,3190000,5888291873035911272
normal-o3,1,8,reuse,256,whitefoot,3,1048576,4096,1,1532000,5888291873035911272
normal-o3,1,8,reuse,256,cpp-std-vector,3,1048576,4096,1,2030000,5888291873035911272
normal-o3,1,8,reuse,256,rust-vec,3,1048576,4096,1,1481000,5888291873035911272
normal-o3,1,8,reuse,256,take-swap-c,3,1048576,4096,1,1986000,5888291873035911272
normal-o3,1,8,reuse,256,direct-c,4,1048576,4096,1,1532000,7512286317303570537
normal-o3,1,8,reuse,256,reverse-c,4,1048576,4096,1,3103000,7512286317303570537
normal-o3,1,8,reuse,256,whitefoot,4,1048576,4096,1,1543000,7512286317303570537
normal-o3,1,8,reuse,256,cpp-std-vector,4,1048576,4096,1,2046000,7512286317303570537
normal-o3,1,8,reuse,256,rust-vec,4,1048576,4096,1,1471000,7512286317303570537
normal-o3,1,8,reuse,256,take-swap-c,4,1048576,4096,1,1982000,7512286317303570537
normal-o3,1,8,reuse,256,swap-take-c,4,1048576,4096,1,2070000,7512286317303570537
normal-o3,1,8,reuse,256,reverse-c,5,1048576,4096,1,3105000,13357584908658163818
normal-o3,1,8,reuse,256,whitefoot,5,1048576,4096,1,1529000,13357584908658163818
normal-o3,1,8,reuse,256,cpp-std-vector,5,1048576,4096,1,2068000,13357584908658163818
normal-o3,1,8,reuse,256,rust-vec,5,1048576,4096,1,1471000,13357584908658163818
normal-o3,1,8,reuse,256,take-swap-c,5,1048576,4096,1,1982000,13357584908658163818
normal-o3,1,8,reuse,256,swap-take-c,5,1048576,4096,1,2048000,13357584908658163818
normal-o3,1,8,reuse,256,direct-c,5,1048576,4096,1,1542000,13357584908658163818
normal-o3,1,8,reuse,256,whitefoot,6,1048576,4096,1,1530000,10011933332678926443
normal-o3,1,8,reuse,256,cpp-std-vector,6,1048576,4096,1,2032000,10011933332678926443
normal-o3,1,8,reuse,256,rust-vec,6,1048576,4096,1,1467000,10011933332678926443
normal-o3,1,8,reuse,256,take-swap-c,6,1048576,4096,1,1977000,10011933332678926443
normal-o3,1,8,reuse,256,swap-take-c,6,1048576,4096,1,2050000,10011933332678926443
normal-o3,1,8,reuse,256,direct-c,6,1048576,4096,1,1536000,10011933332678926443
normal-o3,1,8,reuse,256,reverse-c,6,1048576,4096,1,3085000,10011933332678926443
normal-o3,1,8,reuse,4096,cpp-std-vector,0,1048576,256,1,2109000,2256710881311081573
normal-o3,1,8,reuse,4096,rust-vec,0,1048576,256,1,1502000,2256710881311081573
normal-o3,1,8,reuse,4096,take-swap-c,0,1048576,256,1,2023000,2256710881311081573
normal-o3,1,8,reuse,4096,swap-take-c,0,1048576,256,1,2112000,2256710881311081573
normal-o3,1,8,reuse,4096,direct-c,0,1048576,256,1,1617000,2256710881311081573
normal-o3,1,8,reuse,4096,reverse-c,0,1048576,256,1,2816000,2256710881311081573
normal-o3,1,8,reuse,4096,whitefoot,0,1048576,256,1,1641000,2256710881311081573
normal-o3,1,8,reuse,4096,rust-vec,1,1048576,256,1,1498000,6904654748820097126
normal-o3,1,8,reuse,4096,take-swap-c,1,1048576,256,1,2022000,6904654748820097126
normal-o3,1,8,reuse,4096,swap-take-c,1,1048576,256,1,2114000,6904654748820097126
normal-o3,1,8,reuse,4096,direct-c,1,1048576,256,1,1617000,6904654748820097126
normal-o3,1,8,reuse,4096,reverse-c,1,1048576,256,1,2802000,6904654748820097126
normal-o3,1,8,reuse,4096,whitefoot,1,1048576,256,1,1635000,6904654748820097126
normal-o3,1,8,reuse,4096,cpp-std-vector,1,1048576,256,1,2000000,6904654748820097126
normal-o3,1,8,reuse,4096,take-swap-c,2,1048576,256,1,2025000,16426223538089053287
normal-o3,1,8,reuse,4096,swap-take-c,2,1048576,256,1,2109000,16426223538089053287
normal-o3,1,8,reuse,4096,direct-c,2,1048576,256,1,1684000,16426223538089053287
normal-o3,1,8,reuse,4096,reverse-c,2,1048576,256,1,2824000,16426223538089053287
normal-o3,1,8,reuse,4096,whitefoot,2,1048576,256,1,1687000,16426223538089053287
normal-o3,1,8,reuse,4096,cpp-std-vector,2,1048576,256,1,2068000,16426223538089053287
normal-o3,1,8,reuse,4096,rust-vec,2,1048576,256,1,1558000,16426223538089053287
normal-o3,1,8,reuse,4096,swap-take-c,3,1048576,256,1,2168000,9531859752620511336
normal-o3,1,8,reuse,4096,direct-c,3,1048576,256,1,1661000,9531859752620511336
normal-o3,1,8,reuse,4096,reverse-c,3,1048576,256,1,2885000,9531859752620511336
normal-o3,1,8,reuse,4096,whitefoot,3,1048576,256,1,1688000,9531859752620511336
normal-o3,1,8,reuse,4096,cpp-std-vector,3,1048576,256,1,2149000,9531859752620511336
normal-o3,1,8,reuse,4096,rust-vec,3,1048576,256,1,1546000,9531859752620511336
normal-o3,1,8,reuse,4096,take-swap-c,3,1048576,256,1,2084000,9531859752620511336
normal-o3,1,8,reuse,4096,direct-c,4,1048576,256,1,1668000,14830550356061344873
normal-o3,1,8,reuse,4096,reverse-c,4,1048576,256,1,2895000,14830550356061344873
normal-o3,1,8,reuse,4096,whitefoot,4,1048576,256,1,1686000,14830550356061344873
normal-o3,1,8,reuse,4096,cpp-std-vector,4,1048576,256,1,2140000,14830550356061344873
normal-o3,1,8,reuse,4096,rust-vec,4,1048576,256,1,1588000,14830550356061344873
normal-o3,1,8,reuse,4096,take-swap-c,4,1048576,256,1,2102000,14830550356061344873
normal-o3,1,8,reuse,4096,swap-take-c,4,1048576,256,1,2109000,14830550356061344873
normal-o3,1,8,reuse,4096,reverse-c,5,1048576,256,1,2814000,11014393161628833898
normal-o3,1,8,reuse,4096,whitefoot,5,1048576,256,1,1643000,11014393161628833898
normal-o3,1,8,reuse,4096,cpp-std-vector,5,1048576,256,1,2005000,11014393161628833898
normal-o3,1,8,reuse,4096,rust-vec,5,1048576,256,1,1512000,11014393161628833898
normal-o3,1,8,reuse,4096,take-swap-c,5,1048576,256,1,2028000,11014393161628833898
normal-o3,1,8,reuse,4096,swap-take-c,5,1048576,256,1,2118000,11014393161628833898
normal-o3,1,8,reuse,4096,direct-c,5,1048576,256,1,1619000,11014393161628833898
normal-o3,1,8,reuse,4096,whitefoot,6,1048576,256,1,1635000,3531045655943011435
normal-o3,1,8,reuse,4096,cpp-std-vector,6,1048576,256,1,2077000,3531045655943011435
normal-o3,1,8,reuse,4096,rust-vec,6,1048576,256,1,1501000,3531045655943011435
normal-o3,1,8,reuse,4096,take-swap-c,6,1048576,256,1,2024000,3531045655943011435
normal-o3,1,8,reuse,4096,swap-take-c,6,1048576,256,1,2119000,3531045655943011435
normal-o3,1,8,reuse,4096,direct-c,6,1048576,256,1,1616000,3531045655943011435
normal-o3,1,8,reuse,4096,reverse-c,6,1048576,256,1,2813000,3531045655943011435
normal-o3,1,8,suffix-0,16,cpp-std-vector,0,1048576,1048576,1,985000,1953714321357298
normal-o3,1,8,suffix-0,16,rust-vec,0,1048576,1048576,1,999000,1953714321357298
normal-o3,1,8,suffix-0,16,take-swap-c,0,1048576,1048576,1,984000,1953714321357298
normal-o3,1,8,suffix-0,16,swap-take-c,0,1048576,1048576,1,2796000,1953714321357298
normal-o3,1,8,suffix-0,16,direct-c,0,1048576,1048576,1,2760000,1953714321357298
normal-o3,1,8,suffix-0,16,reverse-c,0,1048576,1048576,1,985000,1953714321357298
normal-o3,1,8,suffix-0,16,whitefoot,0,1048576,1048576,1,997000,1953714321357298
normal-o3,1,8,suffix-0,16,rust-vec,1,1048576,1048576,1,999000,7188693379551418836
normal-o3,1,8,suffix-0,16,take-swap-c,1,1048576,1048576,1,985000,7188693379551418836
normal-o3,1,8,suffix-0,16,swap-take-c,1,1048576,1048576,1,2768000,7188693379551418836
normal-o3,1,8,suffix-0,16,direct-c,1,1048576,1048576,1,2764000,7188693379551418836
normal-o3,1,8,suffix-0,16,reverse-c,1,1048576,1048576,1,978000,7188693379551418836
normal-o3,1,8,suffix-0,16,whitefoot,1,1048576,1048576,1,975000,7188693379551418836
normal-o3,1,8,suffix-0,16,cpp-std-vector,1,1048576,1048576,1,977000,7188693379551418836
normal-o3,1,8,suffix-0,16,take-swap-c,2,1048576,1048576,1,977000,14375433044781480374
normal-o3,1,8,suffix-0,16,swap-take-c,2,1048576,1048576,1,2764000,14375433044781480374
normal-o3,1,8,suffix-0,16,direct-c,2,1048576,1048576,1,2764000,14375433044781480374
normal-o3,1,8,suffix-0,16,reverse-c,2,1048576,1048576,1,975000,14375433044781480374
normal-o3,1,8,suffix-0,16,whitefoot,2,1048576,1048576,1,983000,14375433044781480374
normal-o3,1,8,suffix-0,16,cpp-std-vector,2,1048576,1048576,1,979000,14375433044781480374
normal-o3,1,8,suffix-0,16,rust-vec,2,1048576,1048576,1,1003000,14375433044781480374
normal-o3,1,8,suffix-0,16,swap-take-c,3,1048576,1048576,1,2757000,3115428636301990296
normal-o3,1,8,suffix-0,16,direct-c,3,1048576,1048576,1,2764000,3115428636301990296
normal-o3,1,8,suffix-0,16,reverse-c,3,1048576,1048576,1,978000,3115428636301990296
normal-o3,1,8,suffix-0,16,whitefoot,3,1048576,1048576,1,982000,3115428636301990296
normal-o3,1,8,suffix-0,16,cpp-std-vector,3,1048576,1048576,1,984000,3115428636301990296
normal-o3,1,8,suffix-0,16,rust-vec,3,1048576,1048576,1,1048000,3115428636301990296
normal-o3,1,8,suffix-0,16,take-swap-c,3,1048576,1048576,1,986000,3115428636301990296
normal-o3,1,8,suffix-0,16,direct-c,4,1048576,1048576,1,2767000,10302168301532051834
normal-o3,1,8,suffix-0,16,reverse-c,4,1048576,1048576,1,978000,10302168301532051834
normal-o3,1,8,suffix-0,16,whitefoot,4,1048576,1048576,1,982000,10302168301532051834
normal-o3,1,8,suffix-0,16,cpp-std-vector,4,1048576,1048576,1,975000,10302168301532051834
normal-o3,1,8,suffix-0,16,rust-vec,4,1048576,1048576,1,1002000,10302168301532051834
normal-o3,1,8,suffix-0,16,take-swap-c,4,1048576,1048576,1,984000,10302168301532051834
normal-o3,1,8,suffix-0,16,swap-take-c,4,1048576,1048576,1,2766000,10302168301532051834
normal-o3,1,8,suffix-0,16,reverse-c,5,1048576,1048576,1,978000,17488907966762113372
normal-o3,1,8,suffix-0,16,whitefoot,5,1048576,1048576,1,985000,17488907966762113372
normal-o3,1,8,suffix-0,16,cpp-std-vector,5,1048576,1048576,1,976000,17488907966762113372
normal-o3,1,8,suffix-0,16,rust-vec,5,1048576,1048576,1,996000,17488907966762113372
normal-o3,1,8,suffix-0,16,take-swap-c,5,1048576,1048576,1,991000,17488907966762113372
normal-o3,1,8,suffix-0,16,swap-take-c,5,1048576,1048576,1,2764000,17488907966762113372
normal-o3,1,8,suffix-0,16,direct-c,5,1048576,1048576,1,2788000,17488907966762113372
normal-o3,1,8,suffix-0,16,whitefoot,6,1048576,1048576,1,982000,6228903558282623294
normal-o3,1,8,suffix-0,16,cpp-std-vector,6,1048576,1048576,1,976000,6228903558282623294
normal-o3,1,8,suffix-0,16,rust-vec,6,1048576,1048576,1,1003000,6228903558282623294
normal-o3,1,8,suffix-0,16,take-swap-c,6,1048576,1048576,1,991000,6228903558282623294
normal-o3,1,8,suffix-0,16,swap-take-c,6,1048576,1048576,1,2726000,6228903558282623294
normal-o3,1,8,suffix-0,16,direct-c,6,1048576,1048576,1,2764000,6228903558282623294
normal-o3,1,8,suffix-0,16,reverse-c,6,1048576,1048576,1,975000,6228903558282623294
normal-o3,1,8,suffix-0,256,cpp-std-vector,0,1048576,1048576,1,979000,17116383760326379594
normal-o3,1,8,suffix-0,256,rust-vec,0,1048576,1048576,1,999000,17116383760326379594
normal-o3,1,8,suffix-0,256,take-swap-c,0,1048576,1048576,1,986000,17116383760326379594
normal-o3,1,8,suffix-0,256,swap-take-c,0,1048576,1048576,1,2829000,17116383760326379594
normal-o3,1,8,suffix-0,256,direct-c,0,1048576,1048576,1,2764000,17116383760326379594
normal-o3,1,8,suffix-0,256,reverse-c,0,1048576,1048576,1,981000,17116383760326379594
normal-o3,1,8,suffix-0,256,whitefoot,0,1048576,1048576,1,983000,17116383760326379594
normal-o3,1,8,suffix-0,256,rust-vec,1,1048576,1048576,1,988000,18422461136700962636
normal-o3,1,8,suffix-0,256,take-swap-c,1,1048576,1048576,1,988000,18422461136700962636
normal-o3,1,8,suffix-0,256,swap-take-c,1,1048576,1048576,1,2798000,18422461136700962636
normal-o3,1,8,suffix-0,256,direct-c,1,1048576,1048576,1,2761000,18422461136700962636
normal-o3,1,8,suffix-0,256,reverse-c,1,1048576,1048576,1,980000,18422461136700962636
normal-o3,1,8,suffix-0,256,whitefoot,1,1048576,1048576,1,984000,18422461136700962636
normal-o3,1,8,suffix-0,256,cpp-std-vector,1,1048576,1048576,1,1020000,18422461136700962636
normal-o3,1,8,suffix-0,256,take-swap-c,2,1048576,1048576,1,988000,1281794439365994062
normal-o3,1,8,suffix-0,256,swap-take-c,2,1048576,1048576,1,2837000,1281794439365994062
normal-o3,1,8,suffix-0,256,direct-c,2,1048576,1048576,1,2769000,1281794439365994062
normal-o3,1,8,suffix-0,256,reverse-c,2,1048576,1048576,1,983000,1281794439365994062
normal-o3,1,8,suffix-0,256,whitefoot,2,1048576,1048576,1,988000,1281794439365994062
normal-o3,1,8,suffix-0,256,cpp-std-vector,2,1048576,1048576,1,983000,1281794439365994062
normal-o3,1,8,suffix-0,256,rust-vec,2,1048576,1048576,1,985000,1281794439365994062
normal-o3,1,8,suffix-0,256,swap-take-c,3,1048576,1048576,1,2737000,2587871815740577104
normal-o3,1,8,suffix-0,256,direct-c,3,1048576,1048576,1,2762000,2587871815740577104
normal-o3,1,8,suffix-0,256,reverse-c,3,1048576,1048576,1,982000,2587871815740577104
normal-o3,1,8,suffix-0,256,whitefoot,3,1048576,1048576,1,981000,2587871815740577104
normal-o3,1,8,suffix-0,256,cpp-std-vector,3,1048576,1048576,1,980000,2587871815740577104
normal-o3,1,8,suffix-0,256,rust-vec,3,1048576,1048576,1,987000,2587871815740577104
normal-o3,1,8,suffix-0,256,take-swap-c,3,1048576,1048576,1,980000,2587871815740577104
normal-o3,1,8,suffix-0,256,direct-c,4,1048576,1048576,1,2764000,3893949192115160146
normal-o3,1,8,suffix-0,256,reverse-c,4,1048576,1048576,1,978000,3893949192115160146
normal-o3,1,8,suffix-0,256,whitefoot,4,1048576,1048576,1,981000,3893949192115160146
normal-o3,1,8,suffix-0,256,cpp-std-vector,4,1048576,1048576,1,988000,3893949192115160146
normal-o3,1,8,suffix-0,256,rust-vec,4,1048576,1048576,1,988000,3893949192115160146
normal-o3,1,8,suffix-0,256,take-swap-c,4,1048576,1048576,1,986000,3893949192115160146
normal-o3,1,8,suffix-0,256,swap-take-c,4,1048576,1048576,1,2759000,3893949192115160146
normal-o3,1,8,suffix-0,256,reverse-c,5,1048576,1048576,1,982000,5200026568489743188
normal-o3,1,8,suffix-0,256,whitefoot,5,1048576,1048576,1,978000,5200026568489743188
normal-o3,1,8,suffix-0,256,cpp-std-vector,5,1048576,1048576,1,980000,5200026568489743188
normal-o3,1,8,suffix-0,256,rust-vec,5,1048576,1048576,1,994000,5200026568489743188
normal-o3,1,8,suffix-0,256,take-swap-c,5,1048576,1048576,1,986000,5200026568489743188
normal-o3,1,8,suffix-0,256,swap-take-c,5,1048576,1048576,1,2768000,5200026568489743188
normal-o3,1,8,suffix-0,256,direct-c,5,1048576,1048576,1,2765000,5200026568489743188
normal-o3,1,8,suffix-0,256,whitefoot,6,1048576,1048576,1,985000,6506103944864326230
normal-o3,1,8,suffix-0,256,cpp-std-vector,6,1048576,1048576,1,982000,6506103944864326230
normal-o3,1,8,suffix-0,256,rust-vec,6,1048576,1048576,1,999000,6506103944864326230
normal-o3,1,8,suffix-0,256,take-swap-c,6,1048576,1048576,1,986000,6506103944864326230
normal-o3,1,8,suffix-0,256,swap-take-c,6,1048576,1048576,1,2752000,6506103944864326230
normal-o3,1,8,suffix-0,256,direct-c,6,1048576,1048576,1,2761000,6506103944864326230
normal-o3,1,8,suffix-0,256,reverse-c,6,1048576,1048576,1,975000,6506103944864326230
normal-o3,1,8,suffix-0,4096,cpp-std-vector,0,1048576,1048576,1,984000,4677669742816693706
normal-o3,1,8,suffix-0,4096,rust-vec,0,1048576,1048576,1,995000,4677669742816693706
normal-o3,1,8,suffix-0,4096,take-swap-c,0,1048576,1048576,1,989000,4677669742816693706
normal-o3,1,8,suffix-0,4096,swap-take-c,0,1048576,1048576,1,2793000,4677669742816693706
normal-o3,1,8,suffix-0,4096,direct-c,0,1048576,1048576,1,2767000,4677669742816693706
normal-o3,1,8,suffix-0,4096,reverse-c,0,1048576,1048576,1,982000,4677669742816693706
normal-o3,1,8,suffix-0,4096,whitefoot,0,1048576,1048576,1,1022000,4677669742816693706
normal-o3,1,8,suffix-0,4096,rust-vec,1,1048576,1048576,1,989000,3271637737093033676
normal-o3,1,8,suffix-0,4096,take-swap-c,1,1048576,1048576,1,981000,3271637737093033676
normal-o3,1,8,suffix-0,4096,swap-take-c,1,1048576,1048576,1,2767000,3271637737093033676
normal-o3,1,8,suffix-0,4096,direct-c,1,1048576,1048576,1,2767000,3271637737093033676
normal-o3,1,8,suffix-0,4096,reverse-c,1,1048576,1048576,1,989000,3271637737093033676
normal-o3,1,8,suffix-0,4096,whitefoot,1,1048576,1048576,1,986000,3271637737093033676
normal-o3,1,8,suffix-0,4096,cpp-std-vector,1,1048576,1048576,1,983000,3271637737093033676
normal-o3,1,8,suffix-0,4096,take-swap-c,2,1048576,1048576,1,990000,1865605731369373646
normal-o3,1,8,suffix-0,4096,swap-take-c,2,1048576,1048576,1,2887000,1865605731369373646
normal-o3,1,8,suffix-0,4096,direct-c,2,1048576,1048576,1,2852000,1865605731369373646
normal-o3,1,8,suffix-0,4096,reverse-c,2,1048576,1048576,1,1005000,1865605731369373646
normal-o3,1,8,suffix-0,4096,whitefoot,2,1048576,1048576,1,996000,1865605731369373646
normal-o3,1,8,suffix-0,4096,cpp-std-vector,2,1048576,1048576,1,987000,1865605731369373646
normal-o3,1,8,suffix-0,4096,rust-vec,2,1048576,1048576,1,992000,1865605731369373646
normal-o3,1,8,suffix-0,4096,swap-take-c,3,1048576,1048576,1,2890000,459573725645713616
normal-o3,1,8,suffix-0,4096,direct-c,3,1048576,1048576,1,2861000,459573725645713616
normal-o3,1,8,suffix-0,4096,reverse-c,3,1048576,1048576,1,1012000,459573725645713616
normal-o3,1,8,suffix-0,4096,whitefoot,3,1048576,1048576,1,1016000,459573725645713616
normal-o3,1,8,suffix-0,4096,cpp-std-vector,3,1048576,1048576,1,1017000,459573725645713616
normal-o3,1,8,suffix-0,4096,rust-vec,3,1048576,1048576,1,1021000,459573725645713616
normal-o3,1,8,suffix-0,4096,take-swap-c,3,1048576,1048576,1,1033000,459573725645713616
normal-o3,1,8,suffix-0,4096,direct-c,4,1048576,1048576,1,2913000,17500285793631605202
normal-o3,1,8,suffix-0,4096,reverse-c,4,1048576,1048576,1,1026000,17500285793631605202
normal-o3,1,8,suffix-0,4096,whitefoot,4,1048576,1048576,1,1029000,17500285793631605202
normal-o3,1,8,suffix-0,4096,cpp-std-vector,4,1048576,1048576,1,1027000,17500285793631605202
normal-o3,1,8,suffix-0,4096,rust-vec,4,1048576,1048576,1,1069000,17500285793631605202
normal-o3,1,8,suffix-0,4096,take-swap-c,4,1048576,1048576,1,1078000,17500285793631605202
normal-o3,1,8,suffix-0,4096,swap-take-c,4,1048576,1048576,1,2969000,17500285793631605202
normal-o3,1,8,suffix-0,4096,reverse-c,5,1048576,1048576,1,1055000,16094253787907945172
normal-o3,1,8,suffix-0,4096,whitefoot,5,1048576,1048576,1,1064000,16094253787907945172
normal-o3,1,8,suffix-0,4096,cpp-std-vector,5,1048576,1048576,1,1045000,16094253787907945172
normal-o3,1,8,suffix-0,4096,rust-vec,5,1048576,1048576,1,1061000,16094253787907945172
normal-o3,1,8,suffix-0,4096,take-swap-c,5,1048576,1048576,1,1033000,16094253787907945172
normal-o3,1,8,suffix-0,4096,swap-take-c,5,1048576,1048576,1,2976000,16094253787907945172
normal-o3,1,8,suffix-0,4096,direct-c,5,1048576,1048576,1,2883000,16094253787907945172
normal-o3,1,8,suffix-0,4096,whitefoot,6,1048576,1048576,1,1018000,14688221782184285142
normal-o3,1,8,suffix-0,4096,cpp-std-vector,6,1048576,1048576,1,1022000,14688221782184285142
normal-o3,1,8,suffix-0,4096,rust-vec,6,1048576,1048576,1,1027000,14688221782184285142
normal-o3,1,8,suffix-0,4096,take-swap-c,6,1048576,1048576,1,1046000,14688221782184285142
normal-o3,1,8,suffix-0,4096,swap-take-c,6,1048576,1048576,1,2928000,14688221782184285142
normal-o3,1,8,suffix-0,4096,direct-c,6,1048576,1048576,1,2911000,14688221782184285142
normal-o3,1,8,suffix-0,4096,reverse-c,6,1048576,1048576,1,1044000,14688221782184285142
normal-o3,1,8,suffix-1,16,cpp-std-vector,0,1048576,1048576,1,3022000,929898191272797080
normal-o3,1,8,suffix-1,16,rust-vec,0,1048576,1048576,1,1605000,929898191272797080
normal-o3,1,8,suffix-1,16,take-swap-c,0,1048576,1048576,1,3450000,929898191272797080
normal-o3,1,8,suffix-1,16,swap-take-c,0,1048576,1048576,1,3589000,929898191272797080
normal-o3,1,8,suffix-1,16,direct-c,0,1048576,1048576,1,2978000,929898191272797080
normal-o3,1,8,suffix-1,16,reverse-c,0,1048576,1048576,1,3386000,929898191272797080
normal-o3,1,8,suffix-1,16,whitefoot,0,1048576,1048576,1,1304000,929898191272797080
normal-o3,1,8,suffix-1,16,rust-vec,1,1048576,1048576,1,1546000,4026886324240061497
normal-o3,1,8,suffix-1,16,take-swap-c,1,1048576,1048576,1,3294000,4026886324240061497
normal-o3,1,8,suffix-1,16,swap-take-c,1,1048576,1048576,1,3383000,4026886324240061497
normal-o3,1,8,suffix-1,16,direct-c,1,1048576,1048576,1,2795000,4026886324240061497
normal-o3,1,8,suffix-1,16,reverse-c,1,1048576,1048576,1,3232000,4026886324240061497
normal-o3,1,8,suffix-1,16,whitefoot,1,1048576,1048576,1,1302000,4026886324240061497
normal-o3,1,8,suffix-1,16,cpp-std-vector,1,1048576,1048576,1,2934000,4026886324240061497
normal-o3,1,8,suffix-1,16,take-swap-c,2,1048576,1048576,1,3272000,7123874457207325914
normal-o3,1,8,suffix-1,16,swap-take-c,2,1048576,1048576,1,3373000,7123874457207325914
normal-o3,1,8,suffix-1,16,direct-c,2,1048576,1048576,1,2821000,7123874457207325914
normal-o3,1,8,suffix-1,16,reverse-c,2,1048576,1048576,1,3233000,7123874457207325914
normal-o3,1,8,suffix-1,16,whitefoot,2,1048576,1048576,1,1302000,7123874457207325914
normal-o3,1,8,suffix-1,16,cpp-std-vector,2,1048576,1048576,1,2926000,7123874457207325914
normal-o3,1,8,suffix-1,16,rust-vec,2,1048576,1048576,1,1582000,7123874457207325914
normal-o3,1,8,suffix-1,16,swap-take-c,3,1048576,1048576,1,3374000,10220862590174590331
normal-o3,1,8,suffix-1,16,direct-c,3,1048576,1048576,1,2791000,10220862590174590331
normal-o3,1,8,suffix-1,16,reverse-c,3,1048576,1048576,1,3240000,10220862590174590331
normal-o3,1,8,suffix-1,16,whitefoot,3,1048576,1048576,1,1302000,10220862590174590331
normal-o3,1,8,suffix-1,16,cpp-std-vector,3,1048576,1048576,1,2926000,10220862590174590331
normal-o3,1,8,suffix-1,16,rust-vec,3,1048576,1048576,1,1545000,10220862590174590331
normal-o3,1,8,suffix-1,16,take-swap-c,3,1048576,1048576,1,3266000,10220862590174590331
normal-o3,1,8,suffix-1,16,direct-c,4,1048576,1048576,1,2784000,13317850723141854748
normal-o3,1,8,suffix-1,16,reverse-c,4,1048576,1048576,1,3238000,13317850723141854748
normal-o3,1,8,suffix-1,16,whitefoot,4,1048576,1048576,1,1303000,13317850723141854748
normal-o3,1,8,suffix-1,16,cpp-std-vector,4,1048576,1048576,1,2930000,13317850723141854748
normal-o3,1,8,suffix-1,16,rust-vec,4,1048576,1048576,1,1553000,13317850723141854748
normal-o3,1,8,suffix-1,16,take-swap-c,4,1048576,1048576,1,3239000,13317850723141854748
normal-o3,1,8,suffix-1,16,swap-take-c,4,1048576,1048576,1,3374000,13317850723141854748
normal-o3,1,8,suffix-1,16,reverse-c,5,1048576,1048576,1,3241000,16414838856109119165
normal-o3,1,8,suffix-1,16,whitefoot,5,1048576,1048576,1,1300000,16414838856109119165
normal-o3,1,8,suffix-1,16,cpp-std-vector,5,1048576,1048576,1,2927000,16414838856109119165
normal-o3,1,8,suffix-1,16,rust-vec,5,1048576,1048576,1,1582000,16414838856109119165
normal-o3,1,8,suffix-1,16,take-swap-c,5,1048576,1048576,1,3253000,16414838856109119165
normal-o3,1,8,suffix-1,16,swap-take-c,5,1048576,1048576,1,3379000,16414838856109119165
normal-o3,1,8,suffix-1,16,direct-c,5,1048576,1048576,1,2780000,16414838856109119165
normal-o3,1,8,suffix-1,16,whitefoot,6,1048576,1048576,1,1303000,1065082915366831966
normal-o3,1,8,suffix-1,16,cpp-std-vector,6,1048576,1048576,1,2958000,1065082915366831966
normal-o3,1,8,suffix-1,16,rust-vec,6,1048576,1048576,1,1545000,1065082915366831966
normal-o3,1,8,suffix-1,16,take-swap-c,6,1048576,1048576,1,3273000,1065082915366831966
normal-o3,1,8,suffix-1,16,swap-take-c,6,1048576,1048576,1,3362000,1065082915366831966
normal-o3,1,8,suffix-1,16,direct-c,6,1048576,1048576,1,2788000,1065082915366831966
normal-o3,1,8,suffix-1,16,reverse-c,6,1048576,1048576,1,3234000,1065082915366831966
normal-o3,1,8,suffix-1,256,cpp-std-vector,0,1048576,1048576,1,2925000,14065998348325884944
normal-o3,1,8,suffix-1,256,rust-vec,0,1048576,1048576,1,1546000,14065998348325884944
normal-o3,1,8,suffix-1,256,take-swap-c,0,1048576,1048576,1,3230000,14065998348325884944
normal-o3,1,8,suffix-1,256,swap-take-c,0,1048576,1048576,1,3371000,14065998348325884944
normal-o3,1,8,suffix-1,256,direct-c,0,1048576,1048576,1,2820000,14065998348325884944
normal-o3,1,8,suffix-1,256,reverse-c,0,1048576,1048576,1,3240000,14065998348325884944
normal-o3,1,8,suffix-1,256,whitefoot,0,1048576,1048576,1,1303000,14065998348325884944
normal-o3,1,8,suffix-1,256,rust-vec,1,1048576,1048576,1,1547000,5008019667339890449
normal-o3,1,8,suffix-1,256,take-swap-c,1,1048576,1048576,1,3226000,5008019667339890449
normal-o3,1,8,suffix-1,256,swap-take-c,1,1048576,1048576,1,3388000,5008019667339890449
normal-o3,1,8,suffix-1,256,direct-c,1,1048576,1048576,1,2785000,5008019667339890449
normal-o3,1,8,suffix-1,256,reverse-c,1,1048576,1048576,1,3236000,5008019667339890449
normal-o3,1,8,suffix-1,256,whitefoot,1,1048576,1048576,1,1310000,5008019667339890449
normal-o3,1,8,suffix-1,256,cpp-std-vector,1,1048576,1048576,1,2931000,5008019667339890449
normal-o3,1,8,suffix-1,256,take-swap-c,2,1048576,1048576,1,3281000,14396785060063447570
normal-o3,1,8,suffix-1,256,swap-take-c,2,1048576,1048576,1,3399000,14396785060063447570
normal-o3,1,8,suffix-1,256,direct-c,2,1048576,1048576,1,2782000,14396785060063447570
normal-o3,1,8,suffix-1,256,reverse-c,2,1048576,1048576,1,3267000,14396785060063447570
normal-o3,1,8,suffix-1,256,whitefoot,2,1048576,1048576,1,1353000,14396785060063447570
normal-o3,1,8,suffix-1,256,cpp-std-vector,2,1048576,1048576,1,2930000,14396785060063447570
normal-o3,1,8,suffix-1,256,rust-vec,2,1048576,1048576,1,1544000,14396785060063447570
normal-o3,1,8,suffix-1,256,swap-take-c,3,1048576,1048576,1,3380000,5338806379077453075
normal-o3,1,8,suffix-1,256,direct-c,3,1048576,1048576,1,2783000,5338806379077453075
normal-o3,1,8,suffix-1,256,reverse-c,3,1048576,1048576,1,3235000,5338806379077453075
normal-o3,1,8,suffix-1,256,whitefoot,3,1048576,1048576,1,1307000,5338806379077453075
normal-o3,1,8,suffix-1,256,cpp-std-vector,3,1048576,1048576,1,2927000,5338806379077453075
normal-o3,1,8,suffix-1,256,rust-vec,3,1048576,1048576,1,1543000,5338806379077453075
normal-o3,1,8,suffix-1,256,take-swap-c,3,1048576,1048576,1,3263000,5338806379077453075
normal-o3,1,8,suffix-1,256,direct-c,4,1048576,1048576,1,2784000,14727571771801010196
normal-o3,1,8,suffix-1,256,reverse-c,4,1048576,1048576,1,3264000,14727571771801010196
normal-o3,1,8,suffix-1,256,whitefoot,4,1048576,1048576,1,1303000,14727571771801010196
normal-o3,1,8,suffix-1,256,cpp-std-vector,4,1048576,1048576,1,2933000,14727571771801010196
normal-o3,1,8,suffix-1,256,rust-vec,4,1048576,1048576,1,1546000,14727571771801010196
normal-o3,1,8,suffix-1,256,take-swap-c,4,1048576,1048576,1,3274000,14727571771801010196
normal-o3,1,8,suffix-1,256,swap-take-c,4,1048576,1048576,1,3356000,14727571771801010196
normal-o3,1,8,suffix-1,256,reverse-c,5,1048576,1048576,1,3234000,5669593090815015701
normal-o3,1,8,suffix-1,256,whitefoot,5,1048576,1048576,1,1302000,5669593090815015701
normal-o3,1,8,suffix-1,256,cpp-std-vector,5,1048576,1048576,1,2928000,5669593090815015701
normal-o3,1,8,suffix-1,256,rust-vec,5,1048576,1048576,1,1557000,5669593090815015701
normal-o3,1,8,suffix-1,256,take-swap-c,5,1048576,1048576,1,3294000,5669593090815015701
normal-o3,1,8,suffix-1,256,swap-take-c,5,1048576,1048576,1,3363000,5669593090815015701
normal-o3,1,8,suffix-1,256,direct-c,5,1048576,1048576,1,2792000,5669593090815015701
normal-o3,1,8,suffix-1,256,whitefoot,6,1048576,1048576,1,1300000,15058358483538572822
normal-o3,1,8,suffix-1,256,cpp-std-vector,6,1048576,1048576,1,2925000,15058358483538572822
normal-o3,1,8,suffix-1,256,rust-vec,6,1048576,1048576,1,1551000,15058358483538572822
normal-o3,1,8,suffix-1,256,take-swap-c,6,1048576,1048576,1,3270000,15058358483538572822
normal-o3,1,8,suffix-1,256,swap-take-c,6,1048576,1048576,1,3371000,15058358483538572822
normal-o3,1,8,suffix-1,256,direct-c,6,1048576,1048576,1,2787000,15058358483538572822
normal-o3,1,8,suffix-1,256,reverse-c,6,1048576,1048576,1,3239000,15058358483538572822
normal-o3,1,8,suffix-1,4096,cpp-std-vector,0,1048576,1048576,1,2985000,7456520226923789200
normal-o3,1,8,suffix-1,4096,rust-vec,0,1048576,1048576,1,1552000,7456520226923789200
normal-o3,1,8,suffix-1,4096,take-swap-c,0,1048576,1048576,1,3281000,7456520226923789200
normal-o3,1,8,suffix-1,4096,swap-take-c,0,1048576,1048576,1,3399000,7456520226923789200
normal-o3,1,8,suffix-1,4096,direct-c,0,1048576,1048576,1,2792000,7456520226923789200
normal-o3,1,8,suffix-1,4096,reverse-c,0,1048576,1048576,1,3245000,7456520226923789200
normal-o3,1,8,suffix-1,4096,whitefoot,0,1048576,1048576,1,1308000,7456520226923789200
normal-o3,1,8,suffix-1,4096,rust-vec,1,1048576,1048576,1,1551000,12459322446616091793
normal-o3,1,8,suffix-1,4096,take-swap-c,1,1048576,1048576,1,3275000,12459322446616091793
normal-o3,1,8,suffix-1,4096,swap-take-c,1,1048576,1048576,1,3377000,12459322446616091793
normal-o3,1,8,suffix-1,4096,direct-c,1,1048576,1048576,1,2809000,12459322446616091793
normal-o3,1,8,suffix-1,4096,reverse-c,1,1048576,1048576,1,3290000,12459322446616091793
normal-o3,1,8,suffix-1,4096,whitefoot,1,1048576,1048576,1,1310000,12459322446616091793
normal-o3,1,8,suffix-1,4096,cpp-std-vector,1,1048576,1048576,1,2934000,12459322446616091793
normal-o3,1,8,suffix-1,4096,take-swap-c,2,1048576,1048576,1,3283000,17462124666308394386
normal-o3,1,8,suffix-1,4096,swap-take-c,2,1048576,1048576,1,3373000,17462124666308394386
normal-o3,1,8,suffix-1,4096,direct-c,2,1048576,1048576,1,2797000,17462124666308394386
normal-o3,1,8,suffix-1,4096,reverse-c,2,1048576,1048576,1,3242000,17462124666308394386
normal-o3,1,8,suffix-1,4096,whitefoot,2,1048576,1048576,1,1305000,17462124666308394386
normal-o3,1,8,suffix-1,4096,cpp-std-vector,2,1048576,1048576,1,2934000,17462124666308394386
normal-o3,1,8,suffix-1,4096,rust-vec,2,1048576,1048576,1,1552000,17462124666308394386
normal-o3,1,8,suffix-1,4096,swap-take-c,3,1048576,1048576,1,3506000,4018182812291145363
normal-o3,1,8,suffix-1,4096,direct-c,3,1048576,1048576,1,2794000,4018182812291145363
normal-o3,1,8,suffix-1,4096,reverse-c,3,1048576,1048576,1,3249000,4018182812291145363
normal-o3,1,8,suffix-1,4096,whitefoot,3,1048576,1048576,1,1308000,4018182812291145363
normal-o3,1,8,suffix-1,4096,cpp-std-vector,3,1048576,1048576,1,2933000,4018182812291145363
normal-o3,1,8,suffix-1,4096,rust-vec,3,1048576,1048576,1,1551000,4018182812291145363
normal-o3,1,8,suffix-1,4096,take-swap-c,3,1048576,1048576,1,3265000,4018182812291145363
normal-o3,1,8,suffix-1,4096,direct-c,4,1048576,1048576,1,2789000,9020985031983447956
normal-o3,1,8,suffix-1,4096,reverse-c,4,1048576,1048576,1,3246000,9020985031983447956
normal-o3,1,8,suffix-1,4096,whitefoot,4,1048576,1048576,1,1308000,9020985031983447956
normal-o3,1,8,suffix-1,4096,cpp-std-vector,4,1048576,1048576,1,2935000,9020985031983447956
normal-o3,1,8,suffix-1,4096,rust-vec,4,1048576,1048576,1,1549000,9020985031983447956
normal-o3,1,8,suffix-1,4096,take-swap-c,4,1048576,1048576,1,3287000,9020985031983447956
normal-o3,1,8,suffix-1,4096,swap-take-c,4,1048576,1048576,1,3408000,9020985031983447956
normal-o3,1,8,suffix-1,4096,reverse-c,5,1048576,1048576,1,3242000,14023787251675750549
normal-o3,1,8,suffix-1,4096,whitefoot,5,1048576,1048576,1,1314000,14023787251675750549
normal-o3,1,8,suffix-1,4096,cpp-std-vector,5,1048576,1048576,1,2937000,14023787251675750549
normal-o3,1,8,suffix-1,4096,rust-vec,5,1048576,1048576,1,1548000,14023787251675750549
normal-o3,1,8,suffix-1,4096,take-swap-c,5,1048576,1048576,1,3288000,14023787251675750549
normal-o3,1,8,suffix-1,4096,swap-take-c,5,1048576,1048576,1,3483000,14023787251675750549
normal-o3,1,8,suffix-1,4096,direct-c,5,1048576,1048576,1,3008000,14023787251675750549
normal-o3,1,8,suffix-1,4096,whitefoot,6,1048576,1048576,1,1351000,579845397658501526
normal-o3,1,8,suffix-1,4096,cpp-std-vector,6,1048576,1048576,1,3022000,579845397658501526
normal-o3,1,8,suffix-1,4096,rust-vec,6,1048576,1048576,1,1555000,579845397658501526
normal-o3,1,8,suffix-1,4096,take-swap-c,6,1048576,1048576,1,3322000,579845397658501526
normal-o3,1,8,suffix-1,4096,swap-take-c,6,1048576,1048576,1,3399000,579845397658501526
normal-o3,1,8,suffix-1,4096,direct-c,6,1048576,1048576,1,2799000,579845397658501526
normal-o3,1,8,suffix-1,4096,reverse-c,6,1048576,1048576,1,3252000,579845397658501526
normal-o3,1,8,suffix-2,16,cpp-std-vector,0,1048576,524288,1,1624000,1685092048726590629
normal-o3,1,8,suffix-2,16,rust-vec,0,1048576,524288,1,1302000,1685092048726590629
normal-o3,1,8,suffix-2,16,take-swap-c,0,1048576,524288,1,3077000,1685092048726590629
normal-o3,1,8,suffix-2,16,swap-take-c,0,1048576,524288,1,2791000,1685092048726590629
normal-o3,1,8,suffix-2,16,direct-c,0,1048576,524288,1,1465000,1685092048726590629
normal-o3,1,8,suffix-2,16,reverse-c,0,1048576,524288,1,3187000,1685092048726590629
normal-o3,1,8,suffix-2,16,whitefoot,0,1048576,524288,1,852000,1685092048726590629
normal-o3,1,8,suffix-2,16,rust-vec,1,1048576,524288,1,1302000,5769615109122455387
normal-o3,1,8,suffix-2,16,take-swap-c,1,1048576,524288,1,3056000,5769615109122455387
normal-o3,1,8,suffix-2,16,swap-take-c,1,1048576,524288,1,2816000,5769615109122455387
normal-o3,1,8,suffix-2,16,direct-c,1,1048576,524288,1,1464000,5769615109122455387
normal-o3,1,8,suffix-2,16,reverse-c,1,1048576,524288,1,3195000,5769615109122455387
normal-o3,1,8,suffix-2,16,whitefoot,1,1048576,524288,1,855000,5769615109122455387
normal-o3,1,8,suffix-2,16,cpp-std-vector,1,1048576,524288,1,1627000,5769615109122455387
normal-o3,1,8,suffix-2,16,take-swap-c,2,1048576,524288,1,3076000,9854138169518320145
normal-o3,1,8,suffix-2,16,swap-take-c,2,1048576,524288,1,2787000,9854138169518320145
normal-o3,1,8,suffix-2,16,direct-c,2,1048576,524288,1,1459000,9854138169518320145
normal-o3,1,8,suffix-2,16,reverse-c,2,1048576,524288,1,3200000,9854138169518320145
normal-o3,1,8,suffix-2,16,whitefoot,2,1048576,524288,1,857000,9854138169518320145
normal-o3,1,8,suffix-2,16,cpp-std-vector,2,1048576,524288,1,1626000,9854138169518320145
normal-o3,1,8,suffix-2,16,rust-vec,2,1048576,524288,1,1300000,9854138169518320145
normal-o3,1,8,suffix-2,16,swap-take-c,3,1048576,524288,1,2780000,13938661229914184903
normal-o3,1,8,suffix-2,16,direct-c,3,1048576,524288,1,1459000,13938661229914184903
normal-o3,1,8,suffix-2,16,reverse-c,3,1048576,524288,1,3204000,13938661229914184903
normal-o3,1,8,suffix-2,16,whitefoot,3,1048576,524288,1,856000,13938661229914184903
normal-o3,1,8,suffix-2,16,cpp-std-vector,3,1048576,524288,1,1628000,13938661229914184903
normal-o3,1,8,suffix-2,16,rust-vec,3,1048576,524288,1,1303000,13938661229914184903
normal-o3,1,8,suffix-2,16,take-swap-c,3,1048576,524288,1,3189000,13938661229914184903
normal-o3,1,8,suffix-2,16,direct-c,4,1048576,524288,1,1457000,18023184290310049661
normal-o3,1,8,suffix-2,16,reverse-c,4,1048576,524288,1,3180000,18023184290310049661
normal-o3,1,8,suffix-2,16,whitefoot,4,1048576,524288,1,855000,18023184290310049661
normal-o3,1,8,suffix-2,16,cpp-std-vector,4,1048576,524288,1,1627000,18023184290310049661
normal-o3,1,8,suffix-2,16,rust-vec,4,1048576,524288,1,1304000,18023184290310049661
normal-o3,1,8,suffix-2,16,take-swap-c,4,1048576,524288,1,3065000,18023184290310049661
normal-o3,1,8,suffix-2,16,swap-take-c,4,1048576,524288,1,2781000,18023184290310049661
normal-o3,1,8,suffix-2,16,reverse-c,5,1048576,524288,1,3182000,3660963276996362803
normal-o3,1,8,suffix-2,16,whitefoot,5,1048576,524288,1,853000,3660963276996362803
normal-o3,1,8,suffix-2,16,cpp-std-vector,5,1048576,524288,1,1627000,3660963276996362803
normal-o3,1,8,suffix-2,16,rust-vec,5,1048576,524288,1,1300000,3660963276996362803
normal-o3,1,8,suffix-2,16,take-swap-c,5,1048576,524288,1,3171000,3660963276996362803
normal-o3,1,8,suffix-2,16,swap-take-c,5,1048576,524288,1,2792000,3660963276996362803
normal-o3,1,8,suffix-2,16,direct-c,5,1048576,524288,1,1461000,3660963276996362803
normal-o3,1,8,suffix-2,16,whitefoot,6,1048576,524288,1,855000,7745486337392227561
normal-o3,1,8,suffix-2,16,cpp-std-vector,6,1048576,524288,1,1634000,7745486337392227561
normal-o3,1,8,suffix-2,16,rust-vec,6,1048576,524288,1,1302000,7745486337392227561
normal-o3,1,8,suffix-2,16,take-swap-c,6,1048576,524288,1,3185000,7745486337392227561
normal-o3,1,8,suffix-2,16,swap-take-c,6,1048576,524288,1,2773000,7745486337392227561
normal-o3,1,8,suffix-2,16,direct-c,6,1048576,524288,1,1457000,7745486337392227561
normal-o3,1,8,suffix-2,16,reverse-c,6,1048576,524288,1,3205000,7745486337392227561
normal-o3,1,8,suffix-2,256,cpp-std-vector,0,1048576,524288,1,1638000,4355278901963944061
normal-o3,1,8,suffix-2,256,rust-vec,0,1048576,524288,1,1302000,4355278901963944061
normal-o3,1,8,suffix-2,256,take-swap-c,0,1048576,524288,1,3393000,4355278901963944061
normal-o3,1,8,suffix-2,256,swap-take-c,0,1048576,524288,1,2877000,4355278901963944061
normal-o3,1,8,suffix-2,256,direct-c,0,1048576,524288,1,1502000,4355278901963944061
normal-o3,1,8,suffix-2,256,reverse-c,0,1048576,524288,1,3289000,4355278901963944061
normal-o3,1,8,suffix-2,256,whitefoot,0,1048576,524288,1,859000,4355278901963944061
normal-o3,1,8,suffix-2,256,rust-vec,1,1048576,524288,1,1303000,15106128288498016595
normal-o3,1,8,suffix-2,256,take-swap-c,1,1048576,524288,1,3367000,15106128288498016595
normal-o3,1,8,suffix-2,256,swap-take-c,1,1048576,524288,1,2805000,15106128288498016595
normal-o3,1,8,suffix-2,256,direct-c,1,1048576,524288,1,3552000,15106128288498016595
normal-o3,1,8,suffix-2,256,reverse-c,1,1048576,524288,1,3255000,15106128288498016595
normal-o3,1,8,suffix-2,256,whitefoot,1,1048576,524288,1,853000,15106128288498016595
normal-o3,1,8,suffix-2,256,cpp-std-vector,1,1048576,524288,1,1628000,15106128288498016595
normal-o3,1,8,suffix-2,256,take-swap-c,2,1048576,524288,1,3383000,7410233601322537513
normal-o3,1,8,suffix-2,256,swap-take-c,2,1048576,524288,1,2815000,7410233601322537513
normal-o3,1,8,suffix-2,256,direct-c,2,1048576,524288,1,3798000,7410233601322537513
normal-o3,1,8,suffix-2,256,reverse-c,2,1048576,524288,1,3268000,7410233601322537513
normal-o3,1,8,suffix-2,256,whitefoot,2,1048576,524288,1,853000,7410233601322537513
normal-o3,1,8,suffix-2,256,cpp-std-vector,2,1048576,524288,1,1625000,7410233601322537513
normal-o3,1,8,suffix-2,256,rust-vec,2,1048576,524288,1,1302000,7410233601322537513
normal-o3,1,8,suffix-2,256,swap-take-c,3,1048576,524288,1,2781000,18161082987856610047
normal-o3,1,8,suffix-2,256,direct-c,3,1048576,524288,1,3623000,18161082987856610047
normal-o3,1,8,suffix-2,256,reverse-c,3,1048576,524288,1,3225000,18161082987856610047
normal-o3,1,8,suffix-2,256,whitefoot,3,1048576,524288,1,860000,18161082987856610047
normal-o3,1,8,suffix-2,256,cpp-std-vector,3,1048576,524288,1,1631000,18161082987856610047
normal-o3,1,8,suffix-2,256,rust-vec,3,1048576,524288,1,1300000,18161082987856610047
normal-o3,1,8,suffix-2,256,take-swap-c,3,1048576,524288,1,3380000,18161082987856610047
normal-o3,1,8,suffix-2,256,direct-c,4,1048576,524288,1,3729000,10465188300681130965
normal-o3,1,8,suffix-2,256,reverse-c,4,1048576,524288,1,3234000,10465188300681130965
normal-o3,1,8,suffix-2,256,whitefoot,4,1048576,524288,1,866000,10465188300681130965
normal-o3,1,8,suffix-2,256,cpp-std-vector,4,1048576,524288,1,1628000,10465188300681130965
normal-o3,1,8,suffix-2,256,rust-vec,4,1048576,524288,1,1303000,10465188300681130965
normal-o3,1,8,suffix-2,256,take-swap-c,4,1048576,524288,1,3382000,10465188300681130965
normal-o3,1,8,suffix-2,256,swap-take-c,4,1048576,524288,1,2802000,10465188300681130965
normal-o3,1,8,suffix-2,256,reverse-c,5,1048576,524288,1,3273000,2769293613505651883
normal-o3,1,8,suffix-2,256,whitefoot,5,1048576,524288,1,854000,2769293613505651883
normal-o3,1,8,suffix-2,256,cpp-std-vector,5,1048576,524288,1,1626000,2769293613505651883
normal-o3,1,8,suffix-2,256,rust-vec,5,1048576,524288,1,1300000,2769293613505651883
normal-o3,1,8,suffix-2,256,take-swap-c,5,1048576,524288,1,3364000,2769293613505651883
normal-o3,1,8,suffix-2,256,swap-take-c,5,1048576,524288,1,2788000,2769293613505651883
normal-o3,1,8,suffix-2,256,direct-c,5,1048576,524288,1,3779000,2769293613505651883
normal-o3,1,8,suffix-2,256,whitefoot,6,1048576,524288,1,853000,13520143000039724417
normal-o3,1,8,suffix-2,256,cpp-std-vector,6,1048576,524288,1,1625000,13520143000039724417
normal-o3,1,8,suffix-2,256,rust-vec,6,1048576,524288,1,1302000,13520143000039724417
normal-o3,1,8,suffix-2,256,take-swap-c,6,1048576,524288,1,3263000,13520143000039724417
normal-o3,1,8,suffix-2,256,swap-take-c,6,1048576,524288,1,2796000,13520143000039724417
normal-o3,1,8,suffix-2,256,direct-c,6,1048576,524288,1,3330000,13520143000039724417
normal-o3,1,8,suffix-2,256,reverse-c,6,1048576,524288,1,3269000,13520143000039724417
normal-o3,1,8,suffix-2,4096,cpp-std-vector,0,1048576,524288,1,1664000,16133918569289551357
normal-o3,1,8,suffix-2,4096,rust-vec,0,1048576,524288,1,1305000,16133918569289551357
normal-o3,1,8,suffix-2,4096,take-swap-c,0,1048576,524288,1,3371000,16133918569289551357
normal-o3,1,8,suffix-2,4096,swap-take-c,0,1048576,524288,1,2811000,16133918569289551357
normal-o3,1,8,suffix-2,4096,direct-c,0,1048576,524288,1,2777000,16133918569289551357
normal-o3,1,8,suffix-2,4096,reverse-c,0,1048576,524288,1,3302000,16133918569289551357
normal-o3,1,8,suffix-2,4096,whitefoot,0,1048576,524288,1,859000,16133918569289551357
normal-o3,1,8,suffix-2,4096,rust-vec,1,1048576,524288,1,1316000,17698322704188874963
normal-o3,1,8,suffix-2,4096,take-swap-c,1,1048576,524288,1,3281000,17698322704188874963
normal-o3,1,8,suffix-2,4096,swap-take-c,1,1048576,524288,1,2815000,17698322704188874963
normal-o3,1,8,suffix-2,4096,direct-c,1,1048576,524288,1,3072000,17698322704188874963
normal-o3,1,8,suffix-2,4096,reverse-c,1,1048576,524288,1,3213000,17698322704188874963
normal-o3,1,8,suffix-2,4096,whitefoot,1,1048576,524288,1,865000,17698322704188874963
normal-o3,1,8,suffix-2,4096,cpp-std-vector,1,1048576,524288,1,1633000,17698322704188874963
normal-o3,1,8,suffix-2,4096,take-swap-c,2,1048576,524288,1,3393000,815982765378646953
normal-o3,1,8,suffix-2,4096,swap-take-c,2,1048576,524288,1,2801000,815982765378646953
normal-o3,1,8,suffix-2,4096,direct-c,2,1048576,524288,1,2923000,815982765378646953
normal-o3,1,8,suffix-2,4096,reverse-c,2,1048576,524288,1,3204000,815982765378646953
normal-o3,1,8,suffix-2,4096,whitefoot,2,1048576,524288,1,862000,815982765378646953
normal-o3,1,8,suffix-2,4096,cpp-std-vector,2,1048576,524288,1,1690000,815982765378646953
normal-o3,1,8,suffix-2,4096,rust-vec,2,1048576,524288,1,1368000,815982765378646953
normal-o3,1,8,suffix-2,4096,swap-take-c,3,1048576,524288,1,2905000,2380386900277970559
normal-o3,1,8,suffix-2,4096,direct-c,3,1048576,524288,1,3444000,2380386900277970559
normal-o3,1,8,suffix-2,4096,reverse-c,3,1048576,524288,1,3308000,2380386900277970559
normal-o3,1,8,suffix-2,4096,whitefoot,3,1048576,524288,1,885000,2380386900277970559
normal-o3,1,8,suffix-2,4096,cpp-std-vector,3,1048576,524288,1,1683000,2380386900277970559
normal-o3,1,8,suffix-2,4096,rust-vec,3,1048576,524288,1,1351000,2380386900277970559
normal-o3,1,8,suffix-2,4096,take-swap-c,3,1048576,524288,1,3431000,2380386900277970559
normal-o3,1,8,suffix-2,4096,direct-c,4,1048576,524288,1,2902000,3944791035177294165
normal-o3,1,8,suffix-2,4096,reverse-c,4,1048576,524288,1,3341000,3944791035177294165
normal-o3,1,8,suffix-2,4096,whitefoot,4,1048576,524288,1,863000,3944791035177294165
normal-o3,1,8,suffix-2,4096,cpp-std-vector,4,1048576,524288,1,1635000,3944791035177294165
normal-o3,1,8,suffix-2,4096,rust-vec,4,1048576,524288,1,1306000,3944791035177294165
normal-o3,1,8,suffix-2,4096,take-swap-c,4,1048576,524288,1,3241000,3944791035177294165
normal-o3,1,8,suffix-2,4096,swap-take-c,4,1048576,524288,1,2796000,3944791035177294165
normal-o3,1,8,suffix-2,4096,reverse-c,5,1048576,524288,1,3235000,5509195170076617771
normal-o3,1,8,suffix-2,4096,whitefoot,5,1048576,524288,1,859000,5509195170076617771
normal-o3,1,8,suffix-2,4096,cpp-std-vector,5,1048576,524288,1,1635000,5509195170076617771
normal-o3,1,8,suffix-2,4096,rust-vec,5,1048576,524288,1,1308000,5509195170076617771
normal-o3,1,8,suffix-2,4096,take-swap-c,5,1048576,524288,1,3358000,5509195170076617771
normal-o3,1,8,suffix-2,4096,swap-take-c,5,1048576,524288,1,2809000,5509195170076617771
normal-o3,1,8,suffix-2,4096,direct-c,5,1048576,524288,1,3951000,5509195170076617771
normal-o3,1,8,suffix-2,4096,whitefoot,6,1048576,524288,1,859000,7073599304975941377
normal-o3,1,8,suffix-2,4096,cpp-std-vector,6,1048576,524288,1,1632000,7073599304975941377
normal-o3,1,8,suffix-2,4096,rust-vec,6,1048576,524288,1,1305000,7073599304975941377
normal-o3,1,8,suffix-2,4096,take-swap-c,6,1048576,524288,1,3277000,7073599304975941377
normal-o3,1,8,suffix-2,4096,swap-take-c,6,1048576,524288,1,2801000,7073599304975941377
normal-o3,1,8,suffix-2,4096,direct-c,6,1048576,524288,1,2258000,7073599304975941377
normal-o3,1,8,suffix-2,4096,reverse-c,6,1048576,524288,1,3240000,7073599304975941377
normal-o3,1,8,suffix-3,16,cpp-std-vector,0,1048576,349525,1,1739000,3578158727730397437
normal-o3,1,8,suffix-3,16,rust-vec,0,1048576,349525,1,1303000,3578158727730397437
normal-o3,1,8,suffix-3,16,take-swap-c,0,1048576,349525,1,2290000,3578158727730397437
normal-o3,1,8,suffix-3,16,swap-take-c,0,1048576,349525,1,2163000,3578158727730397437
normal-o3,1,8,suffix-3,16,direct-c,0,1048576,349525,1,1310000,3578158727730397437
normal-o3,1,8,suffix-3,16,reverse-c,0,1048576,349525,1,2503000,3578158727730397437
normal-o3,1,8,suffix-3,16,whitefoot,0,1048576,349525,1,1083000,3578158727730397437
normal-o3,1,8,suffix-3,16,rust-vec,1,1048576,349525,1,1299000,10503294698975091330
normal-o3,1,8,suffix-3,16,take-swap-c,1,1048576,349525,1,2273000,10503294698975091330
normal-o3,1,8,suffix-3,16,swap-take-c,1,1048576,349525,1,2162000,10503294698975091330
normal-o3,1,8,suffix-3,16,direct-c,1,1048576,349525,1,1308000,10503294698975091330
normal-o3,1,8,suffix-3,16,reverse-c,1,1048576,349525,1,2468000,10503294698975091330
normal-o3,1,8,suffix-3,16,whitefoot,1,1048576,349525,1,1083000,10503294698975091330
normal-o3,1,8,suffix-3,16,cpp-std-vector,1,1048576,349525,1,1736000,10503294698975091330
normal-o3,1,8,suffix-3,16,take-swap-c,2,1048576,349525,1,2263000,17428430670219785223
normal-o3,1,8,suffix-3,16,swap-take-c,2,1048576,349525,1,2245000,17428430670219785223
normal-o3,1,8,suffix-3,16,direct-c,2,1048576,349525,1,1359000,17428430670219785223
normal-o3,1,8,suffix-3,16,reverse-c,2,1048576,349525,1,2618000,17428430670219785223
normal-o3,1,8,suffix-3,16,whitefoot,2,1048576,349525,1,1159000,17428430670219785223
normal-o3,1,8,suffix-3,16,cpp-std-vector,2,1048576,349525,1,1748000,17428430670219785223
normal-o3,1,8,suffix-3,16,rust-vec,2,1048576,349525,1,1322000,17428430670219785223
normal-o3,1,8,suffix-3,16,swap-take-c,3,1048576,349525,1,2343000,5906822567754927500
normal-o3,1,8,suffix-3,16,direct-c,3,1048576,349525,1,1322000,5906822567754927500
normal-o3,1,8,suffix-3,16,reverse-c,3,1048576,349525,1,2514000,5906822567754927500
normal-o3,1,8,suffix-3,16,whitefoot,3,1048576,349525,1,1102000,5906822567754927500
normal-o3,1,8,suffix-3,16,cpp-std-vector,3,1048576,349525,1,1790000,5906822567754927500
normal-o3,1,8,suffix-3,16,rust-vec,3,1048576,349525,1,1308000,5906822567754927500
normal-o3,1,8,suffix-3,16,take-swap-c,3,1048576,349525,1,2396000,5906822567754927500
normal-o3,1,8,suffix-3,16,direct-c,4,1048576,349525,1,1357000,12831958538999621393
normal-o3,1,8,suffix-3,16,reverse-c,4,1048576,349525,1,2622000,12831958538999621393
normal-o3,1,8,suffix-3,16,whitefoot,4,1048576,349525,1,1119000,12831958538999621393
normal-o3,1,8,suffix-3,16,cpp-std-vector,4,1048576,349525,1,1800000,12831958538999621393
normal-o3,1,8,suffix-3,16,rust-vec,4,1048576,349525,1,1379000,12831958538999621393
normal-o3,1,8,suffix-3,16,take-swap-c,4,1048576,349525,1,2365000,12831958538999621393
normal-o3,1,8,suffix-3,16,swap-take-c,4,1048576,349525,1,2342000,12831958538999621393
normal-o3,1,8,suffix-3,16,reverse-c,5,1048576,349525,1,2571000,1310350436534763670
normal-o3,1,8,suffix-3,16,whitefoot,5,1048576,349525,1,1131000,1310350436534763670
normal-o3,1,8,suffix-3,16,cpp-std-vector,5,1048576,349525,1,1846000,1310350436534763670
normal-o3,1,8,suffix-3,16,rust-vec,5,1048576,349525,1,1352000,1310350436534763670
normal-o3,1,8,suffix-3,16,take-swap-c,5,1048576,349525,1,2347000,1310350436534763670
normal-o3,1,8,suffix-3,16,swap-take-c,5,1048576,349525,1,2297000,1310350436534763670
normal-o3,1,8,suffix-3,16,direct-c,5,1048576,349525,1,1378000,1310350436534763670
normal-o3,1,8,suffix-3,16,whitefoot,6,1048576,349525,1,1117000,8235486407779457563
normal-o3,1,8,suffix-3,16,cpp-std-vector,6,1048576,349525,1,1823000,8235486407779457563
normal-o3,1,8,suffix-3,16,rust-vec,6,1048576,349525,1,1376000,8235486407779457563
normal-o3,1,8,suffix-3,16,take-swap-c,6,1048576,349525,1,2365000,8235486407779457563
normal-o3,1,8,suffix-3,16,swap-take-c,6,1048576,349525,1,2276000,8235486407779457563
normal-o3,1,8,suffix-3,16,direct-c,6,1048576,349525,1,1304000,8235486407779457563
normal-o3,1,8,suffix-3,16,reverse-c,6,1048576,349525,1,2507000,8235486407779457563
normal-o3,1,8,suffix-3,256,cpp-std-vector,0,1048576,349525,1,1736000,17932052123014486501
normal-o3,1,8,suffix-3,256,rust-vec,0,1048576,349525,1,1331000,17932052123014486501
normal-o3,1,8,suffix-3,256,take-swap-c,0,1048576,349525,1,2315000,17932052123014486501
normal-o3,1,8,suffix-3,256,swap-take-c,0,1048576,349525,1,2259000,17932052123014486501
normal-o3,1,8,suffix-3,256,direct-c,0,1048576,349525,1,1369000,17932052123014486501
normal-o3,1,8,suffix-3,256,reverse-c,0,1048576,349525,1,2547000,17932052123014486501
normal-o3,1,8,suffix-3,256,whitefoot,0,1048576,349525,1,1087000,17932052123014486501
normal-o3,1,8,suffix-3,256,rust-vec,1,1048576,349525,1,1308000,6179702327257408202
normal-o3,1,8,suffix-3,256,take-swap-c,1,1048576,349525,1,2493000,6179702327257408202
normal-o3,1,8,suffix-3,256,swap-take-c,1,1048576,349525,1,2206000,6179702327257408202
normal-o3,1,8,suffix-3,256,direct-c,1,1048576,349525,1,1369000,6179702327257408202
normal-o3,1,8,suffix-3,256,reverse-c,1,1048576,349525,1,2555000,6179702327257408202
normal-o3,1,8,suffix-3,256,whitefoot,1,1048576,349525,1,1086000,6179702327257408202
normal-o3,1,8,suffix-3,256,cpp-std-vector,1,1048576,349525,1,1744000,6179702327257408202
normal-o3,1,8,suffix-3,256,take-swap-c,2,1048576,349525,1,2425000,12874096605209881519
normal-o3,1,8,suffix-3,256,swap-take-c,2,1048576,349525,1,3173000,12874096605209881519
normal-o3,1,8,suffix-3,256,direct-c,2,1048576,349525,1,1377000,12874096605209881519
normal-o3,1,8,suffix-3,256,reverse-c,2,1048576,349525,1,2569000,12874096605209881519
normal-o3,1,8,suffix-3,256,whitefoot,2,1048576,349525,1,1108000,12874096605209881519
normal-o3,1,8,suffix-3,256,cpp-std-vector,2,1048576,349525,1,1738000,12874096605209881519
normal-o3,1,8,suffix-3,256,rust-vec,2,1048576,349525,1,1302000,12874096605209881519
normal-o3,1,8,suffix-3,256,swap-take-c,3,1048576,349525,1,2214000,1121746809452803220
normal-o3,1,8,suffix-3,256,direct-c,3,1048576,349525,1,1362000,1121746809452803220
normal-o3,1,8,suffix-3,256,reverse-c,3,1048576,349525,1,2557000,1121746809452803220
normal-o3,1,8,suffix-3,256,whitefoot,3,1048576,349525,1,1089000,1121746809452803220
normal-o3,1,8,suffix-3,256,cpp-std-vector,3,1048576,349525,1,1733000,1121746809452803220
normal-o3,1,8,suffix-3,256,rust-vec,3,1048576,349525,1,1305000,1121746809452803220
normal-o3,1,8,suffix-3,256,take-swap-c,3,1048576,349525,1,2506000,1121746809452803220
normal-o3,1,8,suffix-3,256,direct-c,4,1048576,349525,1,1370000,7816141087405276537
normal-o3,1,8,suffix-3,256,reverse-c,4,1048576,349525,1,2564000,7816141087405276537
normal-o3,1,8,suffix-3,256,whitefoot,4,1048576,349525,1,1083000,7816141087405276537
normal-o3,1,8,suffix-3,256,cpp-std-vector,4,1048576,349525,1,1735000,7816141087405276537
normal-o3,1,8,suffix-3,256,rust-vec,4,1048576,349525,1,1303000,7816141087405276537
normal-o3,1,8,suffix-3,256,take-swap-c,4,1048576,349525,1,2296000,7816141087405276537
normal-o3,1,8,suffix-3,256,swap-take-c,4,1048576,349525,1,2251000,7816141087405276537
normal-o3,1,8,suffix-3,256,reverse-c,5,1048576,349525,1,2603000,14510535365357749854
normal-o3,1,8,suffix-3,256,whitefoot,5,1048576,349525,1,1086000,14510535365357749854
normal-o3,1,8,suffix-3,256,cpp-std-vector,5,1048576,349525,1,1744000,14510535365357749854
normal-o3,1,8,suffix-3,256,rust-vec,5,1048576,349525,1,1300000,14510535365357749854
normal-o3,1,8,suffix-3,256,take-swap-c,5,1048576,349525,1,2340000,14510535365357749854
normal-o3,1,8,suffix-3,256,swap-take-c,5,1048576,349525,1,2256000,14510535365357749854
normal-o3,1,8,suffix-3,256,direct-c,5,1048576,349525,1,1378000,14510535365357749854
normal-o3,1,8,suffix-3,256,whitefoot,6,1048576,349525,1,1087000,2758185569600671555
normal-o3,1,8,suffix-3,256,cpp-std-vector,6,1048576,349525,1,1735000,2758185569600671555
normal-o3,1,8,suffix-3,256,rust-vec,6,1048576,349525,1,1305000,2758185569600671555
normal-o3,1,8,suffix-3,256,take-swap-c,6,1048576,349525,1,2373000,2758185569600671555
normal-o3,1,8,suffix-3,256,swap-take-c,6,1048576,349525,1,2290000,2758185569600671555
normal-o3,1,8,suffix-3,256,direct-c,6,1048576,349525,1,1384000,2758185569600671555
normal-o3,1,8,suffix-3,256,reverse-c,6,1048576,349525,1,2551000,2758185569600671555
normal-o3,1,8,suffix-3,4096,cpp-std-vector,0,1048576,349525,1,1743000,13042235847276202085
normal-o3,1,8,suffix-3,4096,rust-vec,0,1048576,349525,1,1308000,13042235847276202085
normal-o3,1,8,suffix-3,4096,take-swap-c,0,1048576,349525,1,2409000,13042235847276202085
normal-o3,1,8,suffix-3,4096,swap-take-c,0,1048576,349525,1,2273000,13042235847276202085
normal-o3,1,8,suffix-3,4096,direct-c,0,1048576,349525,1,1401000,13042235847276202085
normal-o3,1,8,suffix-3,4096,reverse-c,0,1048576,349525,1,2562000,13042235847276202085
normal-o3,1,8,suffix-3,4096,whitefoot,0,1048576,349525,1,1091000,13042235847276202085
normal-o3,1,8,suffix-3,4096,rust-vec,1,1048576,349525,1,1307000,12907392256605062986
normal-o3,1,8,suffix-3,4096,take-swap-c,1,1048576,349525,1,2377000,12907392256605062986
normal-o3,1,8,suffix-3,4096,swap-take-c,1,1048576,349525,1,2250000,12907392256605062986
normal-o3,1,8,suffix-3,4096,direct-c,1,1048576,349525,1,1388000,12907392256605062986
normal-o3,1,8,suffix-3,4096,reverse-c,1,1048576,349525,1,2563000,12907392256605062986
normal-o3,1,8,suffix-3,4096,whitefoot,1,1048576,349525,1,1089000,12907392256605062986
normal-o3,1,8,suffix-3,4096,cpp-std-vector,1,1048576,349525,1,1743000,12907392256605062986
normal-o3,1,8,suffix-3,4096,take-swap-c,2,1048576,349525,1,2432000,12772548665933923887
normal-o3,1,8,suffix-3,4096,swap-take-c,2,1048576,349525,1,2244000,12772548665933923887
normal-o3,1,8,suffix-3,4096,direct-c,2,1048576,349525,1,1388000,12772548665933923887
normal-o3,1,8,suffix-3,4096,reverse-c,2,1048576,349525,1,2567000,12772548665933923887
normal-o3,1,8,suffix-3,4096,whitefoot,2,1048576,349525,1,1094000,12772548665933923887
normal-o3,1,8,suffix-3,4096,cpp-std-vector,2,1048576,349525,1,1743000,12772548665933923887
normal-o3,1,8,suffix-3,4096,rust-vec,2,1048576,349525,1,1306000,12772548665933923887
normal-o3,1,8,suffix-3,4096,swap-take-c,3,1048576,349525,1,2265000,12637705075262784788
normal-o3,1,8,suffix-3,4096,direct-c,3,1048576,349525,1,1393000,12637705075262784788
normal-o3,1,8,suffix-3,4096,reverse-c,3,1048576,349525,1,2566000,12637705075262784788
normal-o3,1,8,suffix-3,4096,whitefoot,3,1048576,349525,1,1092000,12637705075262784788
normal-o3,1,8,suffix-3,4096,cpp-std-vector,3,1048576,349525,1,1749000,12637705075262784788
normal-o3,1,8,suffix-3,4096,rust-vec,3,1048576,349525,1,1308000,12637705075262784788
normal-o3,1,8,suffix-3,4096,take-swap-c,3,1048576,349525,1,2328000,12637705075262784788
normal-o3,1,8,suffix-3,4096,direct-c,4,1048576,349525,1,1407000,12502861484591645689
normal-o3,1,8,suffix-3,4096,reverse-c,4,1048576,349525,1,2561000,12502861484591645689
normal-o3,1,8,suffix-3,4096,whitefoot,4,1048576,349525,1,1092000,12502861484591645689
normal-o3,1,8,suffix-3,4096,cpp-std-vector,4,1048576,349525,1,1744000,12502861484591645689
normal-o3,1,8,suffix-3,4096,rust-vec,4,1048576,349525,1,1305000,12502861484591645689
normal-o3,1,8,suffix-3,4096,take-swap-c,4,1048576,349525,1,2394000,12502861484591645689
normal-o3,1,8,suffix-3,4096,swap-take-c,4,1048576,349525,1,2246000,12502861484591645689
normal-o3,1,8,suffix-3,4096,reverse-c,5,1048576,349525,1,2551000,12368017893920506590
normal-o3,1,8,suffix-3,4096,whitefoot,5,1048576,349525,1,1091000,12368017893920506590
normal-o3,1,8,suffix-3,4096,cpp-std-vector,5,1048576,349525,1,1747000,12368017893920506590
normal-o3,1,8,suffix-3,4096,rust-vec,5,1048576,349525,1,1316000,12368017893920506590
normal-o3,1,8,suffix-3,4096,take-swap-c,5,1048576,349525,1,2452000,12368017893920506590
normal-o3,1,8,suffix-3,4096,swap-take-c,5,1048576,349525,1,2242000,12368017893920506590
normal-o3,1,8,suffix-3,4096,direct-c,5,1048576,349525,1,1389000,12368017893920506590
normal-o3,1,8,suffix-3,4096,whitefoot,6,1048576,349525,1,1089000,12233174303249367491
normal-o3,1,8,suffix-3,4096,cpp-std-vector,6,1048576,349525,1,1749000,12233174303249367491
normal-o3,1,8,suffix-3,4096,rust-vec,6,1048576,349525,1,1305000,12233174303249367491
normal-o3,1,8,suffix-3,4096,take-swap-c,6,1048576,349525,1,2497000,12233174303249367491
normal-o3,1,8,suffix-3,4096,swap-take-c,6,1048576,349525,1,2238000,12233174303249367491
normal-o3,1,8,suffix-3,4096,direct-c,6,1048576,349525,1,1376000,12233174303249367491
normal-o3,1,8,suffix-3,4096,reverse-c,6,1048576,349525,1,2557000,12233174303249367491
normal-o3,1,256,reserved,16,cpp-std-vector,0,1048576,65536,1,44324000,16095999890136793189
normal-o3,1,256,reserved,16,rust-vec,0,1048576,65536,1,41398000,16095999890136793189
normal-o3,1,256,reserved,16,take-swap-c,0,1048576,65536,1,46056000,16095999890136793189
normal-o3,1,256,reserved,16,swap-take-c,0,1048576,65536,1,49446000,16095999890136793189
normal-o3,1,256,reserved,16,direct-c,0,1048576,65536,1,45839000,16095999890136793189
normal-o3,1,256,reserved,16,reverse-c,0,1048576,65536,1,50141000,16095999890136793189
normal-o3,1,256,reserved,16,whitefoot,0,1048576,65536,1,42982000,16095999890136793189
normal-o3,1,256,reserved,16,rust-vec,1,1048576,65536,1,41311000,10905710204835692646
normal-o3,1,256,reserved,16,take-swap-c,1,1048576,65536,1,46107000,10905710204835692646
normal-o3,1,256,reserved,16,swap-take-c,1,1048576,65536,1,49479000,10905710204835692646
normal-o3,1,256,reserved,16,direct-c,1,1048576,65536,1,45754000,10905710204835692646
normal-o3,1,256,reserved,16,reverse-c,1,1048576,65536,1,50052000,10905710204835692646
normal-o3,1,256,reserved,16,whitefoot,1,1048576,65536,1,42771000,10905710204835692646
normal-o3,1,256,reserved,16,cpp-std-vector,1,1048576,65536,1,44965000,10905710204835692646
normal-o3,1,256,reserved,16,take-swap-c,2,1048576,65536,1,46096000,1136678281099509863
normal-o3,1,256,reserved,16,swap-take-c,2,1048576,65536,1,51573000,1136678281099509863
normal-o3,1,256,reserved,16,direct-c,2,1048576,65536,1,46210000,1136678281099509863
normal-o3,1,256,reserved,16,reverse-c,2,1048576,65536,1,50006000,1136678281099509863
normal-o3,1,256,reserved,16,whitefoot,2,1048576,65536,1,42205000,1136678281099509863
normal-o3,1,256,reserved,16,cpp-std-vector,2,1048576,65536,1,44314000,1136678281099509863
normal-o3,1,256,reserved,16,rust-vec,2,1048576,65536,1,41397000,1136678281099509863
normal-o3,1,256,reserved,16,swap-take-c,3,1048576,65536,1,49485000,1916000061831479400
normal-o3,1,256,reserved,16,direct-c,3,1048576,65536,1,45851000,1916000061831479400
normal-o3,1,256,reserved,16,reverse-c,3,1048576,65536,1,50016000,1916000061831479400
normal-o3,1,256,reserved,16,whitefoot,3,1048576,65536,1,42277000,1916000061831479400
normal-o3,1,256,reserved,16,cpp-std-vector,3,1048576,65536,1,44657000,1916000061831479400
normal-o3,1,256,reserved,16,rust-vec,3,1048576,65536,1,41374000,1916000061831479400
normal-o3,1,256,reserved,16,take-swap-c,3,1048576,65536,1,46091000,1916000061831479400
normal-o3,1,256,reserved,16,direct-c,4,1048576,65536,1,45788000,317124334665105513
normal-o3,1,256,reserved,16,reverse-c,4,1048576,65536,1,49993000,317124334665105513
normal-o3,1,256,reserved,16,whitefoot,4,1048576,65536,1,42265000,317124334665105513
normal-o3,1,256,reserved,16,cpp-std-vector,4,1048576,65536,1,44375000,317124334665105513
normal-o3,1,256,reserved,16,rust-vec,4,1048576,65536,1,41468000,317124334665105513
normal-o3,1,256,reserved,16,take-swap-c,4,1048576,65536,1,47021000,317124334665105513
normal-o3,1,256,reserved,16,swap-take-c,4,1048576,65536,1,51452000,317124334665105513
normal-o3,1,256,reserved,16,reverse-c,5,1048576,65536,1,50007000,16344508304658628714
normal-o3,1,256,reserved,16,whitefoot,5,1048576,65536,1,42273000,16344508304658628714
normal-o3,1,256,reserved,16,cpp-std-vector,5,1048576,65536,1,44388000,16344508304658628714
normal-o3,1,256,reserved,16,rust-vec,5,1048576,65536,1,41299000,16344508304658628714
normal-o3,1,256,reserved,16,take-swap-c,5,1048576,65536,1,46055000,16344508304658628714
normal-o3,1,256,reserved,16,swap-take-c,5,1048576,65536,1,49691000,16344508304658628714
normal-o3,1,256,reserved,16,direct-c,5,1048576,65536,1,45933000,16344508304658628714
normal-o3,1,256,reserved,16,whitefoot,6,1048576,65536,1,43612000,17728104047323021419
normal-o3,1,256,reserved,16,cpp-std-vector,6,1048576,65536,1,44957000,17728104047323021419
normal-o3,1,256,reserved,16,rust-vec,6,1048576,65536,1,41483000,17728104047323021419
normal-o3,1,256,reserved,16,take-swap-c,6,1048576,65536,1,46054000,17728104047323021419
normal-o3,1,256,reserved,16,swap-take-c,6,1048576,65536,1,49643000,17728104047323021419
normal-o3,1,256,reserved,16,direct-c,6,1048576,65536,1,45771000,17728104047323021419
normal-o3,1,256,reserved,16,reverse-c,6,1048576,65536,1,50031000,17728104047323021419
normal-o3,1,256,reserved,256,cpp-std-vector,0,1048576,4096,1,41749000,5774473182449584229
normal-o3,1,256,reserved,256,rust-vec,0,1048576,4096,1,39000000,5774473182449584229
normal-o3,1,256,reserved,256,take-swap-c,0,1048576,4096,1,41372000,5774473182449584229
normal-o3,1,256,reserved,256,swap-take-c,0,1048576,4096,1,45046000,5774473182449584229
normal-o3,1,256,reserved,256,direct-c,0,1048576,4096,1,42419000,5774473182449584229
normal-o3,1,256,reserved,256,reverse-c,0,1048576,4096,1,47295000,5774473182449584229
normal-o3,1,256,reserved,256,whitefoot,0,1048576,4096,1,38990000,5774473182449584229
normal-o3,1,256,reserved,256,rust-vec,1,1048576,4096,1,39472000,730816566922926182
normal-o3,1,256,reserved,256,take-swap-c,1,1048576,4096,1,41535000,730816566922926182
normal-o3,1,256,reserved,256,swap-take-c,1,1048576,4096,1,43509000,730816566922926182
normal-o3,1,256,reserved,256,direct-c,1,1048576,4096,1,40964000,730816566922926182
normal-o3,1,256,reserved,256,reverse-c,1,1048576,4096,1,46652000,730816566922926182
normal-o3,1,256,reserved,256,whitefoot,1,1048576,4096,1,38917000,730816566922926182
normal-o3,1,256,reserved,256,cpp-std-vector,1,1048576,4096,1,41886000,730816566922926182
normal-o3,1,256,reserved,256,take-swap-c,2,1048576,4096,1,41311000,3951699326411303015
normal-o3,1,256,reserved,256,swap-take-c,2,1048576,4096,1,43640000,3951699326411303015
normal-o3,1,256,reserved,256,direct-c,2,1048576,4096,1,41067000,3951699326411303015
normal-o3,1,256,reserved,256,reverse-c,2,1048576,4096,1,46632000,3951699326411303015
normal-o3,1,256,reserved,256,whitefoot,2,1048576,4096,1,38937000,3951699326411303015
normal-o3,1,256,reserved,256,cpp-std-vector,2,1048576,4096,1,41726000,3951699326411303015
normal-o3,1,256,reserved,256,rust-vec,2,1048576,4096,1,38990000,3951699326411303015
normal-o3,1,256,reserved,256,swap-take-c,3,1048576,4096,1,43498000,4669976213855500392
normal-o3,1,256,reserved,256,direct-c,3,1048576,4096,1,41030000,4669976213855500392
normal-o3,1,256,reserved,256,reverse-c,3,1048576,4096,1,46556000,4669976213855500392
normal-o3,1,256,reserved,256,whitefoot,3,1048576,4096,1,38934000,4669976213855500392
normal-o3,1,256,reserved,256,cpp-std-vector,3,1048576,4096,1,42802000,4669976213855500392
normal-o3,1,256,reserved,256,rust-vec,3,1048576,4096,1,40242000,4669976213855500392
normal-o3,1,256,reserved,256,take-swap-c,3,1048576,4096,1,41471000,4669976213855500392
normal-o3,1,256,reserved,256,direct-c,4,1048576,4096,1,41392000,4748812814999455849
normal-o3,1,256,reserved,256,reverse-c,4,1048576,4096,1,46672000,4748812814999455849
normal-o3,1,256,reserved,256,whitefoot,4,1048576,4096,1,38963000,4748812814999455849
normal-o3,1,256,reserved,256,cpp-std-vector,4,1048576,4096,1,41731000,4748812814999455849
normal-o3,1,256,reserved,256,rust-vec,4,1048576,4096,1,38964000,4748812814999455849
normal-o3,1,256,reserved,256,take-swap-c,4,1048576,4096,1,41529000,4748812814999455849
normal-o3,1,256,reserved,256,swap-take-c,4,1048576,4096,1,43530000,4748812814999455849
normal-o3,1,256,reserved,256,reverse-c,5,1048576,4096,1,46552000,9617966251147630698
normal-o3,1,256,reserved,256,whitefoot,5,1048576,4096,1,38931000,9617966251147630698
normal-o3,1,256,reserved,256,cpp-std-vector,5,1048576,4096,1,42136000,9617966251147630698
normal-o3,1,256,reserved,256,rust-vec,5,1048576,4096,1,39053000,9617966251147630698
normal-o3,1,256,reserved,256,take-swap-c,5,1048576,4096,1,41385000,9617966251147630698
normal-o3,1,256,reserved,256,swap-take-c,5,1048576,4096,1,43497000,9617966251147630698
normal-o3,1,256,reserved,256,direct-c,5,1048576,4096,1,41200000,9617966251147630698
normal-o3,1,256,reserved,256,whitefoot,6,1048576,4096,1,39049000,14780350119149938795
normal-o3,1,256,reserved,256,cpp-std-vector,6,1048576,4096,1,41815000,14780350119149938795
normal-o3,1,256,reserved,256,rust-vec,6,1048576,4096,1,38978000,14780350119149938795
normal-o3,1,256,reserved,256,take-swap-c,6,1048576,4096,1,41325000,14780350119149938795
normal-o3,1,256,reserved,256,swap-take-c,6,1048576,4096,1,44222000,14780350119149938795
normal-o3,1,256,reserved,256,direct-c,6,1048576,4096,1,42877000,14780350119149938795
normal-o3,1,256,reserved,256,reverse-c,6,1048576,4096,1,46798000,14780350119149938795
normal-o3,1,256,reserved,4096,cpp-std-vector,0,1048576,256,1,44111000,7990118519889974501
normal-o3,1,256,reserved,4096,rust-vec,0,1048576,256,1,41247000,7990118519889974501
normal-o3,1,256,reserved,4096,take-swap-c,0,1048576,256,1,43047000,7990118519889974501
normal-o3,1,256,reserved,4096,swap-take-c,0,1048576,256,1,45093000,7990118519889974501
normal-o3,1,256,reserved,4096,direct-c,0,1048576,256,1,42768000,7990118519889974501
normal-o3,1,256,reserved,4096,reverse-c,0,1048576,256,1,49445000,7990118519889974501
normal-o3,1,256,reserved,4096,whitefoot,0,1048576,256,1,42259000,7990118519889974501
normal-o3,1,256,reserved,4096,rust-vec,1,1048576,256,1,40985000,10660244701728609766
normal-o3,1,256,reserved,4096,take-swap-c,1,1048576,256,1,42967000,10660244701728609766
normal-o3,1,256,reserved,4096,swap-take-c,1,1048576,256,1,45514000,10660244701728609766
normal-o3,1,256,reserved,4096,direct-c,1,1048576,256,1,43152000,10660244701728609766
normal-o3,1,256,reserved,4096,reverse-c,1,1048576,256,1,49320000,10660244701728609766
normal-o3,1,256,reserved,4096,whitefoot,1,1048576,256,1,40561000,10660244701728609766
normal-o3,1,256,reserved,4096,cpp-std-vector,1,1048576,256,1,43531000,10660244701728609766
normal-o3,1,256,reserved,4096,take-swap-c,2,1048576,256,1,43024000,3495536164771485415
normal-o3,1,256,reserved,4096,swap-take-c,2,1048576,256,1,45128000,3495536164771485415
normal-o3,1,256,reserved,4096,direct-c,2,1048576,256,1,42823000,3495536164771485415
normal-o3,1,256,reserved,4096,reverse-c,2,1048576,256,1,49357000,3495536164771485415
normal-o3,1,256,reserved,4096,whitefoot,2,1048576,256,1,40542000,3495536164771485415
normal-o3,1,256,reserved,4096,cpp-std-vector,2,1048576,256,1,44349000,3495536164771485415
normal-o3,1,256,reserved,4096,rust-vec,2,1048576,256,1,42147000,3495536164771485415
normal-o3,1,256,reserved,4096,swap-take-c,3,1048576,256,1,45399000,15148529761215748072
normal-o3,1,256,reserved,4096,direct-c,3,1048576,256,1,43111000,15148529761215748072
normal-o3,1,256,reserved,4096,reverse-c,3,1048576,256,1,50004000,15148529761215748072
normal-o3,1,256,reserved,4096,whitefoot,3,1048576,256,1,40578000,15148529761215748072
normal-o3,1,256,reserved,4096,cpp-std-vector,3,1048576,256,1,44877000,15148529761215748072
normal-o3,1,256,reserved,4096,rust-vec,3,1048576,256,1,71930000,15148529761215748072
normal-o3,1,256,reserved,4096,take-swap-c,3,1048576,256,1,43277000,15148529761215748072
normal-o3,1,256,reserved,4096,direct-c,4,1048576,256,1,42781000,9298652180223940841
normal-o3,1,256,reserved,4096,reverse-c,4,1048576,256,1,49350000,9298652180223940841
normal-o3,1,256,reserved,4096,whitefoot,4,1048576,256,1,40615000,9298652180223940841
normal-o3,1,256,reserved,4096,cpp-std-vector,4,1048576,256,1,43522000,9298652180223940841
normal-o3,1,256,reserved,4096,rust-vec,4,1048576,256,1,40772000,9298652180223940841
normal-o3,1,256,reserved,4096,take-swap-c,4,1048576,256,1,43020000,9298652180223940841
normal-o3,1,256,reserved,4096,swap-take-c,4,1048576,256,1,45078000,9298652180223940841
normal-o3,1,256,reserved,4096,reverse-c,5,1048576,256,1,49327000,8375064059273222634
normal-o3,1,256,reserved,4096,whitefoot,5,1048576,256,1,40597000,8375064059273222634
normal-o3,1,256,reserved,4096,cpp-std-vector,5,1048576,256,1,43723000,8375064059273222634
normal-o3,1,256,reserved,4096,rust-vec,5,1048576,256,1,40853000,8375064059273222634
normal-o3,1,256,reserved,4096,take-swap-c,5,1048576,256,1,42998000,8375064059273222634
normal-o3,1,256,reserved,4096,swap-take-c,5,1048576,256,1,45038000,8375064059273222634
normal-o3,1,256,reserved,4096,direct-c,5,1048576,256,1,42846000,8375064059273222634
normal-o3,1,256,reserved,4096,whitefoot,6,1048576,256,1,40542000,18409727464639388395
normal-o3,1,256,reserved,4096,cpp-std-vector,6,1048576,256,1,43443000,18409727464639388395
normal-o3,1,256,reserved,4096,rust-vec,6,1048576,256,1,40724000,18409727464639388395
normal-o3,1,256,reserved,4096,take-swap-c,6,1048576,256,1,43092000,18409727464639388395
normal-o3,1,256,reserved,4096,swap-take-c,6,1048576,256,1,45078000,18409727464639388395
normal-o3,1,256,reserved,4096,direct-c,6,1048576,256,1,42798000,18409727464639388395
normal-o3,1,256,reserved,4096,reverse-c,6,1048576,256,1,49349000,18409727464639388395
normal-o3,1,256,growth,16,cpp-std-vector,0,1048576,65536,1,60132000,16095999890136793189
normal-o3,1,256,growth,16,rust-vec,0,1048576,65536,1,56527000,16095999890136793189
normal-o3,1,256,growth,16,take-swap-c,0,1048576,65536,1,64470000,16095999890136793189
normal-o3,1,256,growth,16,swap-take-c,0,1048576,65536,1,66204000,16095999890136793189
normal-o3,1,256,growth,16,direct-c,0,1048576,65536,1,61829000,16095999890136793189
normal-o3,1,256,growth,16,reverse-c,0,1048576,65536,1,66524000,16095999890136793189
normal-o3,1,256,growth,16,whitefoot,0,1048576,65536,1,59159000,16095999890136793189
normal-o3,1,256,growth,16,rust-vec,1,1048576,65536,1,58750000,10905710204835692646
normal-o3,1,256,growth,16,take-swap-c,1,1048576,65536,1,62912000,10905710204835692646
normal-o3,1,256,growth,16,swap-take-c,1,1048576,65536,1,65920000,10905710204835692646
normal-o3,1,256,growth,16,direct-c,1,1048576,65536,1,61493000,10905710204835692646
normal-o3,1,256,growth,16,reverse-c,1,1048576,65536,1,66467000,10905710204835692646
normal-o3,1,256,growth,16,whitefoot,1,1048576,65536,1,59819000,10905710204835692646
normal-o3,1,256,growth,16,cpp-std-vector,1,1048576,65536,1,60536000,10905710204835692646
normal-o3,1,256,growth,16,take-swap-c,2,1048576,65536,1,62298000,1136678281099509863
normal-o3,1,256,growth,16,swap-take-c,2,1048576,65536,1,65812000,1136678281099509863
normal-o3,1,256,growth,16,direct-c,2,1048576,65536,1,61524000,1136678281099509863
normal-o3,1,256,growth,16,reverse-c,2,1048576,65536,1,66522000,1136678281099509863
normal-o3,1,256,growth,16,whitefoot,2,1048576,65536,1,59024000,1136678281099509863
normal-o3,1,256,growth,16,cpp-std-vector,2,1048576,65536,1,60348000,1136678281099509863
normal-o3,1,256,growth,16,rust-vec,2,1048576,65536,1,55881000,1136678281099509863
normal-o3,1,256,growth,16,swap-take-c,3,1048576,65536,1,68099000,1916000061831479400
normal-o3,1,256,growth,16,direct-c,3,1048576,65536,1,61513000,1916000061831479400
normal-o3,1,256,growth,16,reverse-c,3,1048576,65536,1,66523000,1916000061831479400
normal-o3,1,256,growth,16,whitefoot,3,1048576,65536,1,59076000,1916000061831479400
normal-o3,1,256,growth,16,cpp-std-vector,3,1048576,65536,1,60641000,1916000061831479400
normal-o3,1,256,growth,16,rust-vec,3,1048576,65536,1,55977000,1916000061831479400
normal-o3,1,256,growth,16,take-swap-c,3,1048576,65536,1,62341000,1916000061831479400
normal-o3,1,256,growth,16,direct-c,4,1048576,65536,1,62303000,317124334665105513
normal-o3,1,256,growth,16,reverse-c,4,1048576,65536,1,66700000,317124334665105513
normal-o3,1,256,growth,16,whitefoot,4,1048576,65536,1,59142000,317124334665105513
normal-o3,1,256,growth,16,cpp-std-vector,4,1048576,65536,1,60372000,317124334665105513
normal-o3,1,256,growth,16,rust-vec,4,1048576,65536,1,55945000,317124334665105513
normal-o3,1,256,growth,16,take-swap-c,4,1048576,65536,1,62365000,317124334665105513
normal-o3,1,256,growth,16,swap-take-c,4,1048576,65536,1,65930000,317124334665105513
normal-o3,1,256,growth,16,reverse-c,5,1048576,65536,1,69462000,16344508304658628714
normal-o3,1,256,growth,16,whitefoot,5,1048576,65536,1,59086000,16344508304658628714
normal-o3,1,256,growth,16,cpp-std-vector,5,1048576,65536,1,62218000,16344508304658628714
normal-o3,1,256,growth,16,rust-vec,5,1048576,65536,1,56343000,16344508304658628714
normal-o3,1,256,growth,16,take-swap-c,5,1048576,65536,1,62408000,16344508304658628714
normal-o3,1,256,growth,16,swap-take-c,5,1048576,65536,1,65932000,16344508304658628714
normal-o3,1,256,growth,16,direct-c,5,1048576,65536,1,61588000,16344508304658628714
normal-o3,1,256,growth,16,whitefoot,6,1048576,65536,1,59032000,17728104047323021419
normal-o3,1,256,growth,16,cpp-std-vector,6,1048576,65536,1,60912000,17728104047323021419
normal-o3,1,256,growth,16,rust-vec,6,1048576,65536,1,56976000,17728104047323021419
normal-o3,1,256,growth,16,take-swap-c,6,1048576,65536,1,62980000,17728104047323021419
normal-o3,1,256,growth,16,swap-take-c,6,1048576,65536,1,65910000,17728104047323021419
normal-o3,1,256,growth,16,direct-c,6,1048576,65536,1,61484000,17728104047323021419
normal-o3,1,256,growth,16,reverse-c,6,1048576,65536,1,66518000,17728104047323021419
normal-o3,1,256,growth,256,cpp-std-vector,0,1048576,4096,1,55399000,5774473182449584229
normal-o3,1,256,growth,256,rust-vec,0,1048576,4096,1,46617000,5774473182449584229
normal-o3,1,256,growth,256,take-swap-c,0,1048576,4096,1,56276000,5774473182449584229
normal-o3,1,256,growth,256,swap-take-c,0,1048576,4096,1,56736000,5774473182449584229
normal-o3,1,256,growth,256,direct-c,0,1048576,4096,1,53802000,5774473182449584229
normal-o3,1,256,growth,256,reverse-c,0,1048576,4096,1,60097000,5774473182449584229
normal-o3,1,256,growth,256,whitefoot,0,1048576,4096,1,51434000,5774473182449584229
normal-o3,1,256,growth,256,rust-vec,1,1048576,4096,1,45370000,730816566922926182
normal-o3,1,256,growth,256,take-swap-c,1,1048576,4096,1,54245000,730816566922926182
normal-o3,1,256,growth,256,swap-take-c,1,1048576,4096,1,56709000,730816566922926182
normal-o3,1,256,growth,256,direct-c,1,1048576,4096,1,53825000,730816566922926182
normal-o3,1,256,growth,256,reverse-c,1,1048576,4096,1,60012000,730816566922926182
normal-o3,1,256,growth,256,whitefoot,1,1048576,4096,1,52395000,730816566922926182
normal-o3,1,256,growth,256,cpp-std-vector,1,1048576,4096,1,55534000,730816566922926182
normal-o3,1,256,growth,256,take-swap-c,2,1048576,4096,1,54205000,3951699326411303015
normal-o3,1,256,growth,256,swap-take-c,2,1048576,4096,1,56702000,3951699326411303015
normal-o3,1,256,growth,256,direct-c,2,1048576,4096,1,53756000,3951699326411303015
normal-o3,1,256,growth,256,reverse-c,2,1048576,4096,1,59958000,3951699326411303015
normal-o3,1,256,growth,256,whitefoot,2,1048576,4096,1,51539000,3951699326411303015
normal-o3,1,256,growth,256,cpp-std-vector,2,1048576,4096,1,55558000,3951699326411303015
normal-o3,1,256,growth,256,rust-vec,2,1048576,4096,1,46605000,3951699326411303015
normal-o3,1,256,growth,256,swap-take-c,3,1048576,4096,1,56782000,4669976213855500392
normal-o3,1,256,growth,256,direct-c,3,1048576,4096,1,53735000,4669976213855500392
normal-o3,1,256,growth,256,reverse-c,3,1048576,4096,1,60035000,4669976213855500392
normal-o3,1,256,growth,256,whitefoot,3,1048576,4096,1,51381000,4669976213855500392
normal-o3,1,256,growth,256,cpp-std-vector,3,1048576,4096,1,55156000,4669976213855500392
normal-o3,1,256,growth,256,rust-vec,3,1048576,4096,1,45270000,4669976213855500392
normal-o3,1,256,growth,256,take-swap-c,3,1048576,4096,1,54274000,4669976213855500392
normal-o3,1,256,growth,256,direct-c,4,1048576,4096,1,53725000,4748812814999455849
normal-o3,1,256,growth,256,reverse-c,4,1048576,4096,1,60139000,4748812814999455849
normal-o3,1,256,growth,256,whitefoot,4,1048576,4096,1,52133000,4748812814999455849
normal-o3,1,256,growth,256,cpp-std-vector,4,1048576,4096,1,55365000,4748812814999455849
normal-o3,1,256,growth,256,rust-vec,4,1048576,4096,1,45566000,4748812814999455849
normal-o3,1,256,growth,256,take-swap-c,4,1048576,4096,1,55174000,4748812814999455849
normal-o3,1,256,growth,256,swap-take-c,4,1048576,4096,1,56967000,4748812814999455849
normal-o3,1,256,growth,256,reverse-c,5,1048576,4096,1,62026000,9617966251147630698
normal-o3,1,256,growth,256,whitefoot,5,1048576,4096,1,54257000,9617966251147630698
normal-o3,1,256,growth,256,cpp-std-vector,5,1048576,4096,1,55952000,9617966251147630698
normal-o3,1,256,growth,256,rust-vec,5,1048576,4096,1,45491000,9617966251147630698
normal-o3,1,256,growth,256,take-swap-c,5,1048576,4096,1,54227000,9617966251147630698
normal-o3,1,256,growth,256,swap-take-c,5,1048576,4096,1,56723000,9617966251147630698
normal-o3,1,256,growth,256,direct-c,5,1048576,4096,1,53721000,9617966251147630698
normal-o3,1,256,growth,256,whitefoot,6,1048576,4096,1,51513000,14780350119149938795
normal-o3,1,256,growth,256,cpp-std-vector,6,1048576,4096,1,55544000,14780350119149938795
normal-o3,1,256,growth,256,rust-vec,6,1048576,4096,1,45270000,14780350119149938795
normal-o3,1,256,growth,256,take-swap-c,6,1048576,4096,1,54209000,14780350119149938795
normal-o3,1,256,growth,256,swap-take-c,6,1048576,4096,1,56709000,14780350119149938795
normal-o3,1,256,growth,256,direct-c,6,1048576,4096,1,53760000,14780350119149938795
normal-o3,1,256,growth,256,reverse-c,6,1048576,4096,1,63376000,14780350119149938795
normal-o3,1,256,growth,4096,cpp-std-vector,0,1048576,256,1,53220000,7990118519889974501
normal-o3,1,256,growth,4096,rust-vec,0,1048576,256,1,41323000,7990118519889974501
normal-o3,1,256,growth,4096,take-swap-c,0,1048576,256,1,55135000,7990118519889974501
normal-o3,1,256,growth,4096,swap-take-c,0,1048576,256,1,57131000,7990118519889974501
normal-o3,1,256,growth,4096,direct-c,0,1048576,256,1,55412000,7990118519889974501
normal-o3,1,256,growth,4096,reverse-c,0,1048576,256,1,64494000,7990118519889974501
normal-o3,1,256,growth,4096,whitefoot,0,1048576,256,1,52612000,7990118519889974501
normal-o3,1,256,growth,4096,rust-vec,1,1048576,256,1,41267000,10660244701728609766
normal-o3,1,256,growth,4096,take-swap-c,1,1048576,256,1,55155000,10660244701728609766
normal-o3,1,256,growth,4096,swap-take-c,1,1048576,256,1,57492000,10660244701728609766
normal-o3,1,256,growth,4096,direct-c,1,1048576,256,1,54538000,10660244701728609766
normal-o3,1,256,growth,4096,reverse-c,1,1048576,256,1,61706000,10660244701728609766
normal-o3,1,256,growth,4096,whitefoot,1,1048576,256,1,52842000,10660244701728609766
normal-o3,1,256,growth,4096,cpp-std-vector,1,1048576,256,1,52693000,10660244701728609766
normal-o3,1,256,growth,4096,take-swap-c,2,1048576,256,1,55094000,3495536164771485415
normal-o3,1,256,growth,4096,swap-take-c,2,1048576,256,1,57771000,3495536164771485415
normal-o3,1,256,growth,4096,direct-c,2,1048576,256,1,55508000,3495536164771485415
normal-o3,1,256,growth,4096,reverse-c,2,1048576,256,1,61520000,3495536164771485415
normal-o3,1,256,growth,4096,whitefoot,2,1048576,256,1,52997000,3495536164771485415
normal-o3,1,256,growth,4096,cpp-std-vector,2,1048576,256,1,52381000,3495536164771485415
normal-o3,1,256,growth,4096,rust-vec,2,1048576,256,1,42061000,3495536164771485415
normal-o3,1,256,growth,4096,swap-take-c,3,1048576,256,1,58047000,15148529761215748072
normal-o3,1,256,growth,4096,direct-c,3,1048576,256,1,55376000,15148529761215748072
normal-o3,1,256,growth,4096,reverse-c,3,1048576,256,1,61587000,15148529761215748072
normal-o3,1,256,growth,4096,whitefoot,3,1048576,256,1,52980000,15148529761215748072
normal-o3,1,256,growth,4096,cpp-std-vector,3,1048576,256,1,52372000,15148529761215748072
normal-o3,1,256,growth,4096,rust-vec,3,1048576,256,1,41465000,15148529761215748072
normal-o3,1,256,growth,4096,take-swap-c,3,1048576,256,1,57276000,15148529761215748072
normal-o3,1,256,growth,4096,direct-c,4,1048576,256,1,55375000,9298652180223940841
normal-o3,1,256,growth,4096,reverse-c,4,1048576,256,1,62819000,9298652180223940841
normal-o3,1,256,growth,4096,whitefoot,4,1048576,256,1,53516000,9298652180223940841
normal-o3,1,256,growth,4096,cpp-std-vector,4,1048576,256,1,160513000,9298652180223940841
normal-o3,1,256,growth,4096,rust-vec,4,1048576,256,1,41519000,9298652180223940841
normal-o3,1,256,growth,4096,take-swap-c,4,1048576,256,1,55826000,9298652180223940841
normal-o3,1,256,growth,4096,swap-take-c,4,1048576,256,1,57063000,9298652180223940841
normal-o3,1,256,growth,4096,reverse-c,5,1048576,256,1,64168000,8375064059273222634
normal-o3,1,256,growth,4096,whitefoot,5,1048576,256,1,53036000,8375064059273222634
normal-o3,1,256,growth,4096,cpp-std-vector,5,1048576,256,1,52441000,8375064059273222634
normal-o3,1,256,growth,4096,rust-vec,5,1048576,256,1,41329000,8375064059273222634
normal-o3,1,256,growth,4096,take-swap-c,5,1048576,256,1,54920000,8375064059273222634
normal-o3,1,256,growth,4096,swap-take-c,5,1048576,256,1,57419000,8375064059273222634
normal-o3,1,256,growth,4096,direct-c,5,1048576,256,1,55020000,8375064059273222634
normal-o3,1,256,growth,4096,whitefoot,6,1048576,256,1,52949000,18409727464639388395
normal-o3,1,256,growth,4096,cpp-std-vector,6,1048576,256,1,51344000,18409727464639388395
normal-o3,1,256,growth,4096,rust-vec,6,1048576,256,1,41250000,18409727464639388395
normal-o3,1,256,growth,4096,take-swap-c,6,1048576,256,1,54853000,18409727464639388395
normal-o3,1,256,growth,4096,swap-take-c,6,1048576,256,1,57352000,18409727464639388395
normal-o3,1,256,growth,4096,direct-c,6,1048576,256,1,54919000,18409727464639388395
normal-o3,1,256,growth,4096,reverse-c,6,1048576,256,1,61831000,18409727464639388395
normal-o3,1,256,reuse,16,cpp-std-vector,0,1048576,65536,1,43076000,16095999890136793189
normal-o3,1,256,reuse,16,rust-vec,0,1048576,65536,1,40181000,16095999890136793189
normal-o3,1,256,reuse,16,take-swap-c,0,1048576,65536,1,44129000,16095999890136793189
normal-o3,1,256,reuse,16,swap-take-c,0,1048576,65536,1,46684000,16095999890136793189
normal-o3,1,256,reuse,16,direct-c,0,1048576,65536,1,42935000,16095999890136793189
normal-o3,1,256,reuse,16,reverse-c,0,1048576,65536,1,48947000,16095999890136793189
normal-o3,1,256,reuse,16,whitefoot,0,1048576,65536,1,41406000,16095999890136793189
normal-o3,1,256,reuse,16,rust-vec,1,1048576,65536,1,40297000,10905710204835692646
normal-o3,1,256,reuse,16,take-swap-c,1,1048576,65536,1,43373000,10905710204835692646
normal-o3,1,256,reuse,16,swap-take-c,1,1048576,65536,1,46606000,10905710204835692646
normal-o3,1,256,reuse,16,direct-c,1,1048576,65536,1,43037000,10905710204835692646
normal-o3,1,256,reuse,16,reverse-c,1,1048576,65536,1,48257000,10905710204835692646
normal-o3,1,256,reuse,16,whitefoot,1,1048576,65536,1,40137000,10905710204835692646
normal-o3,1,256,reuse,16,cpp-std-vector,1,1048576,65536,1,43083000,10905710204835692646
normal-o3,1,256,reuse,16,take-swap-c,2,1048576,65536,1,43378000,1136678281099509863
normal-o3,1,256,reuse,16,swap-take-c,2,1048576,65536,1,46942000,1136678281099509863
normal-o3,1,256,reuse,16,direct-c,2,1048576,65536,1,43171000,1136678281099509863
normal-o3,1,256,reuse,16,reverse-c,2,1048576,65536,1,47829000,1136678281099509863
normal-o3,1,256,reuse,16,whitefoot,2,1048576,65536,1,43810000,1136678281099509863
normal-o3,1,256,reuse,16,cpp-std-vector,2,1048576,65536,1,43921000,1136678281099509863
normal-o3,1,256,reuse,16,rust-vec,2,1048576,65536,1,40359000,1136678281099509863
normal-o3,1,256,reuse,16,swap-take-c,3,1048576,65536,1,46798000,1916000061831479400
normal-o3,1,256,reuse,16,direct-c,3,1048576,65536,1,43324000,1916000061831479400
normal-o3,1,256,reuse,16,reverse-c,3,1048576,65536,1,48156000,1916000061831479400
normal-o3,1,256,reuse,16,whitefoot,3,1048576,65536,1,42332000,1916000061831479400
normal-o3,1,256,reuse,16,cpp-std-vector,3,1048576,65536,1,43618000,1916000061831479400
normal-o3,1,256,reuse,16,rust-vec,3,1048576,65536,1,40205000,1916000061831479400
normal-o3,1,256,reuse,16,take-swap-c,3,1048576,65536,1,43396000,1916000061831479400
normal-o3,1,256,reuse,16,direct-c,4,1048576,65536,1,43323000,317124334665105513
normal-o3,1,256,reuse,16,reverse-c,4,1048576,65536,1,52340000,317124334665105513
normal-o3,1,256,reuse,16,whitefoot,4,1048576,65536,1,41009000,317124334665105513
normal-o3,1,256,reuse,16,cpp-std-vector,4,1048576,65536,1,43390000,317124334665105513
normal-o3,1,256,reuse,16,rust-vec,4,1048576,65536,1,40394000,317124334665105513
normal-o3,1,256,reuse,16,take-swap-c,4,1048576,65536,1,43408000,317124334665105513
normal-o3,1,256,reuse,16,swap-take-c,4,1048576,65536,1,46617000,317124334665105513
normal-o3,1,256,reuse,16,reverse-c,5,1048576,65536,1,47824000,16344508304658628714
normal-o3,1,256,reuse,16,whitefoot,5,1048576,65536,1,40244000,16344508304658628714
normal-o3,1,256,reuse,16,cpp-std-vector,5,1048576,65536,1,43064000,16344508304658628714
normal-o3,1,256,reuse,16,rust-vec,5,1048576,65536,1,40936000,16344508304658628714
normal-o3,1,256,reuse,16,take-swap-c,5,1048576,65536,1,43461000,16344508304658628714
normal-o3,1,256,reuse,16,swap-take-c,5,1048576,65536,1,46623000,16344508304658628714
normal-o3,1,256,reuse,16,direct-c,5,1048576,65536,1,42977000,16344508304658628714
normal-o3,1,256,reuse,16,whitefoot,6,1048576,65536,1,40828000,17728104047323021419
normal-o3,1,256,reuse,16,cpp-std-vector,6,1048576,65536,1,43151000,17728104047323021419
normal-o3,1,256,reuse,16,rust-vec,6,1048576,65536,1,40170000,17728104047323021419
normal-o3,1,256,reuse,16,take-swap-c,6,1048576,65536,1,43408000,17728104047323021419
normal-o3,1,256,reuse,16,swap-take-c,6,1048576,65536,1,48386000,17728104047323021419
normal-o3,1,256,reuse,16,direct-c,6,1048576,65536,1,44592000,17728104047323021419
normal-o3,1,256,reuse,16,reverse-c,6,1048576,65536,1,47779000,17728104047323021419
normal-o3,1,256,reuse,256,cpp-std-vector,0,1048576,4096,1,41235000,5774473182449584229
normal-o3,1,256,reuse,256,rust-vec,0,1048576,4096,1,38568000,5774473182449584229
normal-o3,1,256,reuse,256,take-swap-c,0,1048576,4096,1,41007000,5774473182449584229
normal-o3,1,256,reuse,256,swap-take-c,0,1048576,4096,1,43192000,5774473182449584229
normal-o3,1,256,reuse,256,direct-c,0,1048576,4096,1,40623000,5774473182449584229
normal-o3,1,256,reuse,256,reverse-c,0,1048576,4096,1,46319000,5774473182449584229
normal-o3,1,256,reuse,256,whitefoot,0,1048576,4096,1,38493000,5774473182449584229
normal-o3,1,256,reuse,256,rust-vec,1,1048576,4096,1,38778000,730816566922926182
normal-o3,1,256,reuse,256,take-swap-c,1,1048576,4096,1,41470000,730816566922926182
normal-o3,1,256,reuse,256,swap-take-c,1,1048576,4096,1,43103000,730816566922926182
normal-o3,1,256,reuse,256,direct-c,1,1048576,4096,1,40645000,730816566922926182
normal-o3,1,256,reuse,256,reverse-c,1,1048576,4096,1,46316000,730816566922926182
normal-o3,1,256,reuse,256,whitefoot,1,1048576,4096,1,38408000,730816566922926182
normal-o3,1,256,reuse,256,cpp-std-vector,1,1048576,4096,1,41266000,730816566922926182
normal-o3,1,256,reuse,256,take-swap-c,2,1048576,4096,1,41026000,3951699326411303015
normal-o3,1,256,reuse,256,swap-take-c,2,1048576,4096,1,43098000,3951699326411303015
normal-o3,1,256,reuse,256,direct-c,2,1048576,4096,1,42220000,3951699326411303015
normal-o3,1,256,reuse,256,reverse-c,2,1048576,4096,1,47567000,3951699326411303015
normal-o3,1,256,reuse,256,whitefoot,2,1048576,4096,1,38370000,3951699326411303015
normal-o3,1,256,reuse,256,cpp-std-vector,2,1048576,4096,1,42038000,3951699326411303015
normal-o3,1,256,reuse,256,rust-vec,2,1048576,4096,1,38514000,3951699326411303015
normal-o3,1,256,reuse,256,swap-take-c,3,1048576,4096,1,43081000,4669976213855500392
normal-o3,1,256,reuse,256,direct-c,3,1048576,4096,1,40628000,4669976213855500392
normal-o3,1,256,reuse,256,reverse-c,3,1048576,4096,1,46290000,4669976213855500392
normal-o3,1,256,reuse,256,whitefoot,3,1048576,4096,1,38376000,4669976213855500392
normal-o3,1,256,reuse,256,cpp-std-vector,3,1048576,4096,1,41224000,4669976213855500392
normal-o3,1,256,reuse,256,rust-vec,3,1048576,4096,1,38505000,4669976213855500392
normal-o3,1,256,reuse,256,take-swap-c,3,1048576,4096,1,41068000,4669976213855500392
normal-o3,1,256,reuse,256,direct-c,4,1048576,4096,1,40719000,4748812814999455849
normal-o3,1,256,reuse,256,reverse-c,4,1048576,4096,1,47113000,4748812814999455849
normal-o3,1,256,reuse,256,whitefoot,4,1048576,4096,1,38373000,4748812814999455849
normal-o3,1,256,reuse,256,cpp-std-vector,4,1048576,4096,1,41271000,4748812814999455849
normal-o3,1,256,reuse,256,rust-vec,4,1048576,4096,1,38976000,4748812814999455849
normal-o3,1,256,reuse,256,take-swap-c,4,1048576,4096,1,41949000,4748812814999455849
normal-o3,1,256,reuse,256,swap-take-c,4,1048576,4096,1,43442000,4748812814999455849
normal-o3,1,256,reuse,256,reverse-c,5,1048576,4096,1,46918000,9617966251147630698
normal-o3,1,256,reuse,256,whitefoot,5,1048576,4096,1,38851000,9617966251147630698
normal-o3,1,256,reuse,256,cpp-std-vector,5,1048576,4096,1,42659000,9617966251147630698
normal-o3,1,256,reuse,256,rust-vec,5,1048576,4096,1,40166000,9617966251147630698
normal-o3,1,256,reuse,256,take-swap-c,5,1048576,4096,1,41086000,9617966251147630698
normal-o3,1,256,reuse,256,swap-take-c,5,1048576,4096,1,43132000,9617966251147630698
normal-o3,1,256,reuse,256,direct-c,5,1048576,4096,1,40867000,9617966251147630698
normal-o3,1,256,reuse,256,whitefoot,6,1048576,4096,1,38878000,14780350119149938795
normal-o3,1,256,reuse,256,cpp-std-vector,6,1048576,4096,1,41268000,14780350119149938795
normal-o3,1,256,reuse,256,rust-vec,6,1048576,4096,1,38544000,14780350119149938795
normal-o3,1,256,reuse,256,take-swap-c,6,1048576,4096,1,41014000,14780350119149938795
normal-o3,1,256,reuse,256,swap-take-c,6,1048576,4096,1,43101000,14780350119149938795
normal-o3,1,256,reuse,256,direct-c,6,1048576,4096,1,40657000,14780350119149938795
normal-o3,1,256,reuse,256,reverse-c,6,1048576,4096,1,46235000,14780350119149938795
normal-o3,1,256,reuse,4096,cpp-std-vector,0,1048576,256,1,43682000,7990118519889974501
normal-o3,1,256,reuse,4096,rust-vec,0,1048576,256,1,40800000,7990118519889974501
normal-o3,1,256,reuse,4096,take-swap-c,0,1048576,256,1,43033000,7990118519889974501
normal-o3,1,256,reuse,4096,swap-take-c,0,1048576,256,1,45199000,7990118519889974501
normal-o3,1,256,reuse,4096,direct-c,0,1048576,256,1,42847000,7990118519889974501
normal-o3,1,256,reuse,4096,reverse-c,0,1048576,256,1,49402000,7990118519889974501
normal-o3,1,256,reuse,4096,whitefoot,0,1048576,256,1,40450000,7990118519889974501
normal-o3,1,256,reuse,4096,rust-vec,1,1048576,256,1,40701000,10660244701728609766
normal-o3,1,256,reuse,4096,take-swap-c,1,1048576,256,1,43152000,10660244701728609766
normal-o3,1,256,reuse,4096,swap-take-c,1,1048576,256,1,45091000,10660244701728609766
normal-o3,1,256,reuse,4096,direct-c,1,1048576,256,1,42894000,10660244701728609766
normal-o3,1,256,reuse,4096,reverse-c,1,1048576,256,1,51236000,10660244701728609766
normal-o3,1,256,reuse,4096,whitefoot,1,1048576,256,1,41232000,10660244701728609766
normal-o3,1,256,reuse,4096,cpp-std-vector,1,1048576,256,1,43374000,10660244701728609766
normal-o3,1,256,reuse,4096,take-swap-c,2,1048576,256,1,43852000,3495536164771485415
normal-o3,1,256,reuse,4096,swap-take-c,2,1048576,256,1,45142000,3495536164771485415
normal-o3,1,256,reuse,4096,direct-c,2,1048576,256,1,42894000,3495536164771485415
normal-o3,1,256,reuse,4096,reverse-c,2,1048576,256,1,49558000,3495536164771485415
normal-o3,1,256,reuse,4096,whitefoot,2,1048576,256,1,40481000,3495536164771485415
normal-o3,1,256,reuse,4096,cpp-std-vector,2,1048576,256,1,43436000,3495536164771485415
normal-o3,1,256,reuse,4096,rust-vec,2,1048576,256,1,40694000,3495536164771485415
normal-o3,1,256,reuse,4096,swap-take-c,3,1048576,256,1,45178000,15148529761215748072
normal-o3,1,256,reuse,4096,direct-c,3,1048576,256,1,42877000,15148529761215748072
normal-o3,1,256,reuse,4096,reverse-c,3,1048576,256,1,49502000,15148529761215748072
normal-o3,1,256,reuse,4096,whitefoot,3,1048576,256,1,40550000,15148529761215748072
normal-o3,1,256,reuse,4096,cpp-std-vector,3,1048576,256,1,43389000,15148529761215748072
normal-o3,1,256,reuse,4096,rust-vec,3,1048576,256,1,40684000,15148529761215748072
normal-o3,1,256,reuse,4096,take-swap-c,3,1048576,256,1,43086000,15148529761215748072
normal-o3,1,256,reuse,4096,direct-c,4,1048576,256,1,42900000,9298652180223940841
normal-o3,1,256,reuse,4096,reverse-c,4,1048576,256,1,50056000,9298652180223940841
normal-o3,1,256,reuse,4096,whitefoot,4,1048576,256,1,41835000,9298652180223940841
normal-o3,1,256,reuse,4096,cpp-std-vector,4,1048576,256,1,43483000,9298652180223940841
normal-o3,1,256,reuse,4096,rust-vec,4,1048576,256,1,40849000,9298652180223940841
normal-o3,1,256,reuse,4096,take-swap-c,4,1048576,256,1,43012000,9298652180223940841
normal-o3,1,256,reuse,4096,swap-take-c,4,1048576,256,1,45171000,9298652180223940841
normal-o3,1,256,reuse,4096,reverse-c,5,1048576,256,1,49403000,8375064059273222634
normal-o3,1,256,reuse,4096,whitefoot,5,1048576,256,1,41482000,8375064059273222634
normal-o3,1,256,reuse,4096,cpp-std-vector,5,1048576,256,1,43515000,8375064059273222634
normal-o3,1,256,reuse,4096,rust-vec,5,1048576,256,1,40670000,8375064059273222634
normal-o3,1,256,reuse,4096,take-swap-c,5,1048576,256,1,43129000,8375064059273222634
normal-o3,1,256,reuse,4096,swap-take-c,5,1048576,256,1,45106000,8375064059273222634
normal-o3,1,256,reuse,4096,direct-c,5,1048576,256,1,42851000,8375064059273222634
normal-o3,1,256,reuse,4096,whitefoot,6,1048576,256,1,41820000,18409727464639388395
normal-o3,1,256,reuse,4096,cpp-std-vector,6,1048576,256,1,44111000,18409727464639388395
normal-o3,1,256,reuse,4096,rust-vec,6,1048576,256,1,40710000,18409727464639388395
normal-o3,1,256,reuse,4096,take-swap-c,6,1048576,256,1,43135000,18409727464639388395
normal-o3,1,256,reuse,4096,swap-take-c,6,1048576,256,1,45852000,18409727464639388395
normal-o3,1,256,reuse,4096,direct-c,6,1048576,256,1,42876000,18409727464639388395
normal-o3,1,256,reuse,4096,reverse-c,6,1048576,256,1,49386000,18409727464639388395
normal-o3,1,256,suffix-0,16,cpp-std-vector,0,1048576,1048576,1,2849000,6607130204449329354
normal-o3,1,256,suffix-0,16,rust-vec,0,1048576,1048576,1,975000,6607130204449329354
normal-o3,1,256,suffix-0,16,take-swap-c,0,1048576,1048576,1,4081000,6607130204449329354
normal-o3,1,256,suffix-0,16,swap-take-c,0,1048576,1048576,1,2877000,6607130204449329354
normal-o3,1,256,suffix-0,16,direct-c,0,1048576,1048576,1,2785000,6607130204449329354
normal-o3,1,256,suffix-0,16,reverse-c,0,1048576,1048576,1,2817000,6607130204449329354
normal-o3,1,256,suffix-0,16,whitefoot,0,1048576,1048576,1,2760000,6607130204449329354
normal-o3,1,256,suffix-0,16,rust-vec,1,1048576,1048576,1,975000,16952766600949476812
normal-o3,1,256,suffix-0,16,take-swap-c,1,1048576,1048576,1,3145000,16952766600949476812
normal-o3,1,256,suffix-0,16,swap-take-c,1,1048576,1048576,1,2878000,16952766600949476812
normal-o3,1,256,suffix-0,16,direct-c,1,1048576,1048576,1,2776000,16952766600949476812
normal-o3,1,256,suffix-0,16,reverse-c,1,1048576,1048576,1,2817000,16952766600949476812
normal-o3,1,256,suffix-0,16,whitefoot,1,1048576,1048576,1,2761000,16952766600949476812
normal-o3,1,256,suffix-0,16,cpp-std-vector,1,1048576,1048576,1,2811000,16952766600949476812
normal-o3,1,256,suffix-0,16,take-swap-c,2,1048576,1048576,1,3151000,8851658923740072654
normal-o3,1,256,suffix-0,16,swap-take-c,2,1048576,1048576,1,2871000,8851658923740072654
normal-o3,1,256,suffix-0,16,direct-c,2,1048576,1048576,1,2779000,8851658923740072654
normal-o3,1,256,suffix-0,16,reverse-c,2,1048576,1048576,1,2816000,8851658923740072654
normal-o3,1,256,suffix-0,16,whitefoot,2,1048576,1048576,1,2766000,8851658923740072654
normal-o3,1,256,suffix-0,16,cpp-std-vector,2,1048576,1048576,1,2763000,8851658923740072654
normal-o3,1,256,suffix-0,16,rust-vec,2,1048576,1048576,1,978000,8851658923740072654
normal-o3,1,256,suffix-0,16,swap-take-c,3,1048576,1048576,1,2878000,750551246530668496
normal-o3,1,256,suffix-0,16,direct-c,3,1048576,1048576,1,2791000,750551246530668496
normal-o3,1,256,suffix-0,16,reverse-c,3,1048576,1048576,1,2814000,750551246530668496
normal-o3,1,256,suffix-0,16,whitefoot,3,1048576,1048576,1,2803000,750551246530668496
normal-o3,1,256,suffix-0,16,cpp-std-vector,3,1048576,1048576,1,2808000,750551246530668496
normal-o3,1,256,suffix-0,16,rust-vec,3,1048576,1048576,1,985000,750551246530668496
normal-o3,1,256,suffix-0,16,take-swap-c,3,1048576,1048576,1,4113000,750551246530668496
normal-o3,1,256,suffix-0,16,direct-c,4,1048576,1048576,1,2785000,11096187643030815954
normal-o3,1,256,suffix-0,16,reverse-c,4,1048576,1048576,1,2831000,11096187643030815954
normal-o3,1,256,suffix-0,16,whitefoot,4,1048576,1048576,1,2762000,11096187643030815954
normal-o3,1,256,suffix-0,16,cpp-std-vector,4,1048576,1048576,1,2767000,11096187643030815954
normal-o3,1,256,suffix-0,16,rust-vec,4,1048576,1048576,1,975000,11096187643030815954
normal-o3,1,256,suffix-0,16,take-swap-c,4,1048576,1048576,1,4082000,11096187643030815954
normal-o3,1,256,suffix-0,16,swap-take-c,4,1048576,1048576,1,2868000,11096187643030815954
normal-o3,1,256,suffix-0,16,reverse-c,5,1048576,1048576,1,2811000,2995079965821411796
normal-o3,1,256,suffix-0,16,whitefoot,5,1048576,1048576,1,2766000,2995079965821411796
normal-o3,1,256,suffix-0,16,cpp-std-vector,5,1048576,1048576,1,2766000,2995079965821411796
normal-o3,1,256,suffix-0,16,rust-vec,5,1048576,1048576,1,996000,2995079965821411796
normal-o3,1,256,suffix-0,16,take-swap-c,5,1048576,1048576,1,4088000,2995079965821411796
normal-o3,1,256,suffix-0,16,swap-take-c,5,1048576,1048576,1,2891000,2995079965821411796
normal-o3,1,256,suffix-0,16,direct-c,5,1048576,1048576,1,2781000,2995079965821411796
normal-o3,1,256,suffix-0,16,whitefoot,6,1048576,1048576,1,2768000,13340716362321559254
normal-o3,1,256,suffix-0,16,cpp-std-vector,6,1048576,1048576,1,2775000,13340716362321559254
normal-o3,1,256,suffix-0,16,rust-vec,6,1048576,1048576,1,1014000,13340716362321559254
normal-o3,1,256,suffix-0,16,take-swap-c,6,1048576,1048576,1,3141000,13340716362321559254
normal-o3,1,256,suffix-0,16,swap-take-c,6,1048576,1048576,1,2878000,13340716362321559254
normal-o3,1,256,suffix-0,16,direct-c,6,1048576,1048576,1,2821000,13340716362321559254
normal-o3,1,256,suffix-0,16,reverse-c,6,1048576,1048576,1,2813000,13340716362321559254
normal-o3,1,256,suffix-0,256,cpp-std-vector,0,1048576,1048576,1,2776000,16711255245857297866
normal-o3,1,256,suffix-0,256,rust-vec,0,1048576,1048576,1,1014000,16711255245857297866
normal-o3,1,256,suffix-0,256,take-swap-c,0,1048576,1048576,1,4171000,16711255245857297866
normal-o3,1,256,suffix-0,256,swap-take-c,0,1048576,1048576,1,2933000,16711255245857297866
normal-o3,1,256,suffix-0,256,direct-c,0,1048576,1048576,1,2791000,16711255245857297866
normal-o3,1,256,suffix-0,256,reverse-c,0,1048576,1048576,1,2824000,16711255245857297866
normal-o3,1,256,suffix-0,256,whitefoot,0,1048576,1048576,1,2767000,16711255245857297866
normal-o3,1,256,suffix-0,256,rust-vec,1,1048576,1048576,1,983000,17222991059918444236
normal-o3,1,256,suffix-0,256,take-swap-c,1,1048576,1048576,1,3153000,17222991059918444236
normal-o3,1,256,suffix-0,256,swap-take-c,1,1048576,1048576,1,2886000,17222991059918444236
normal-o3,1,256,suffix-0,256,direct-c,1,1048576,1048576,1,2785000,17222991059918444236
normal-o3,1,256,suffix-0,256,reverse-c,1,1048576,1048576,1,2824000,17222991059918444236
normal-o3,1,256,suffix-0,256,whitefoot,1,1048576,1048576,1,2779000,17222991059918444236
normal-o3,1,256,suffix-0,256,cpp-std-vector,1,1048576,1048576,1,2782000,17222991059918444236
normal-o3,1,256,suffix-0,256,take-swap-c,2,1048576,1048576,1,3310000,17734726873979590606
normal-o3,1,256,suffix-0,256,swap-take-c,2,1048576,1048576,1,3022000,17734726873979590606
normal-o3,1,256,suffix-0,256,direct-c,2,1048576,1048576,1,2938000,17734726873979590606
normal-o3,1,256,suffix-0,256,reverse-c,2,1048576,1048576,1,3015000,17734726873979590606
normal-o3,1,256,suffix-0,256,whitefoot,2,1048576,1048576,1,2918000,17734726873979590606
normal-o3,1,256,suffix-0,256,cpp-std-vector,2,1048576,1048576,1,2977000,17734726873979590606
normal-o3,1,256,suffix-0,256,rust-vec,2,1048576,1048576,1,1084000,17734726873979590606
normal-o3,1,256,suffix-0,256,swap-take-c,3,1048576,1048576,1,3042000,18246462688040736976
normal-o3,1,256,suffix-0,256,direct-c,3,1048576,1048576,1,2924000,18246462688040736976
normal-o3,1,256,suffix-0,256,reverse-c,3,1048576,1048576,1,2920000,18246462688040736976
normal-o3,1,256,suffix-0,256,whitefoot,3,1048576,1048576,1,2934000,18246462688040736976
normal-o3,1,256,suffix-0,256,cpp-std-vector,3,1048576,1048576,1,2895000,18246462688040736976
normal-o3,1,256,suffix-0,256,rust-vec,3,1048576,1048576,1,1045000,18246462688040736976
normal-o3,1,256,suffix-0,256,take-swap-c,3,1048576,1048576,1,4255000,18246462688040736976
normal-o3,1,256,suffix-0,256,direct-c,4,1048576,1048576,1,2935000,311454428392331730
normal-o3,1,256,suffix-0,256,reverse-c,4,1048576,1048576,1,2930000,311454428392331730
normal-o3,1,256,suffix-0,256,whitefoot,4,1048576,1048576,1,2928000,311454428392331730
normal-o3,1,256,suffix-0,256,cpp-std-vector,4,1048576,1048576,1,2892000,311454428392331730
normal-o3,1,256,suffix-0,256,rust-vec,4,1048576,1048576,1,1026000,311454428392331730
normal-o3,1,256,suffix-0,256,take-swap-c,4,1048576,1048576,1,4304000,311454428392331730
normal-o3,1,256,suffix-0,256,swap-take-c,4,1048576,1048576,1,3001000,311454428392331730
normal-o3,1,256,suffix-0,256,reverse-c,5,1048576,1048576,1,2829000,823190242453478100
normal-o3,1,256,suffix-0,256,whitefoot,5,1048576,1048576,1,2774000,823190242453478100
normal-o3,1,256,suffix-0,256,cpp-std-vector,5,1048576,1048576,1,2803000,823190242453478100
normal-o3,1,256,suffix-0,256,rust-vec,5,1048576,1048576,1,989000,823190242453478100
normal-o3,1,256,suffix-0,256,take-swap-c,5,1048576,1048576,1,4104000,823190242453478100
normal-o3,1,256,suffix-0,256,swap-take-c,5,1048576,1048576,1,2879000,823190242453478100
normal-o3,1,256,suffix-0,256,direct-c,5,1048576,1048576,1,2787000,823190242453478100
normal-o3,1,256,suffix-0,256,whitefoot,6,1048576,1048576,1,2773000,1334926056514624470
normal-o3,1,256,suffix-0,256,cpp-std-vector,6,1048576,1048576,1,2816000,1334926056514624470
normal-o3,1,256,suffix-0,256,rust-vec,6,1048576,1048576,1,986000,1334926056514624470
normal-o3,1,256,suffix-0,256,take-swap-c,6,1048576,1048576,1,4090000,1334926056514624470
normal-o3,1,256,suffix-0,256,swap-take-c,6,1048576,1048576,1,2898000,1334926056514624470
normal-o3,1,256,suffix-0,256,direct-c,6,1048576,1048576,1,2784000,1334926056514624470
normal-o3,1,256,suffix-0,256,reverse-c,6,1048576,1048576,1,2823000,1334926056514624470
normal-o3,1,256,suffix-0,4096,cpp-std-vector,0,1048576,1048576,1,2936000,7001658466579473866
normal-o3,1,256,suffix-0,4096,rust-vec,0,1048576,1048576,1,1116000,7001658466579473866
normal-o3,1,256,suffix-0,4096,take-swap-c,0,1048576,1048576,1,4221000,7001658466579473866
normal-o3,1,256,suffix-0,4096,swap-take-c,0,1048576,1048576,1,3022000,7001658466579473866
normal-o3,1,256,suffix-0,4096,direct-c,0,1048576,1048576,1,2919000,7001658466579473866
normal-o3,1,256,suffix-0,4096,reverse-c,0,1048576,1048576,1,2975000,7001658466579473866
normal-o3,1,256,suffix-0,4096,whitefoot,0,1048576,1048576,1,2906000,7001658466579473866
normal-o3,1,256,suffix-0,4096,rust-vec,1,1048576,1048576,1,1116000,100047013315307212
normal-o3,1,256,suffix-0,4096,take-swap-c,1,1048576,1048576,1,4222000,100047013315307212
normal-o3,1,256,suffix-0,4096,swap-take-c,1,1048576,1048576,1,3033000,100047013315307212
normal-o3,1,256,suffix-0,4096,direct-c,1,1048576,1048576,1,2922000,100047013315307212
normal-o3,1,256,suffix-0,4096,reverse-c,1,1048576,1048576,1,3017000,100047013315307212
normal-o3,1,256,suffix-0,4096,whitefoot,1,1048576,1048576,1,2902000,100047013315307212
normal-o3,1,256,suffix-0,4096,cpp-std-vector,1,1048576,1048576,1,2916000,100047013315307212
normal-o3,1,256,suffix-0,4096,take-swap-c,2,1048576,1048576,1,4260000,11645179633760692174
normal-o3,1,256,suffix-0,4096,swap-take-c,2,1048576,1048576,1,3029000,11645179633760692174
normal-o3,1,256,suffix-0,4096,direct-c,2,1048576,1048576,1,2918000,11645179633760692174
normal-o3,1,256,suffix-0,4096,reverse-c,2,1048576,1048576,1,2977000,11645179633760692174
normal-o3,1,256,suffix-0,4096,whitefoot,2,1048576,1048576,1,2903000,11645179633760692174
normal-o3,1,256,suffix-0,4096,cpp-std-vector,2,1048576,1048576,1,2912000,11645179633760692174
normal-o3,1,256,suffix-0,4096,rust-vec,2,1048576,1048576,1,1118000,11645179633760692174
normal-o3,1,256,suffix-0,4096,swap-take-c,3,1048576,1048576,1,3016000,4743568180496525520
normal-o3,1,256,suffix-0,4096,direct-c,3,1048576,1048576,1,2953000,4743568180496525520
normal-o3,1,256,suffix-0,4096,reverse-c,3,1048576,1048576,1,2981000,4743568180496525520
normal-o3,1,256,suffix-0,4096,whitefoot,3,1048576,1048576,1,2902000,4743568180496525520
normal-o3,1,256,suffix-0,4096,cpp-std-vector,3,1048576,1048576,1,2919000,4743568180496525520
normal-o3,1,256,suffix-0,4096,rust-vec,3,1048576,1048576,1,1119000,4743568180496525520
normal-o3,1,256,suffix-0,4096,take-swap-c,3,1048576,1048576,1,4226000,4743568180496525520
normal-o3,1,256,suffix-0,4096,direct-c,4,1048576,1048576,1,2919000,16288700800941910482
normal-o3,1,256,suffix-0,4096,reverse-c,4,1048576,1048576,1,2984000,16288700800941910482
normal-o3,1,256,suffix-0,4096,whitefoot,4,1048576,1048576,1,2902000,16288700800941910482
normal-o3,1,256,suffix-0,4096,cpp-std-vector,4,1048576,1048576,1,2924000,16288700800941910482
normal-o3,1,256,suffix-0,4096,rust-vec,4,1048576,1048576,1,1116000,16288700800941910482
normal-o3,1,256,suffix-0,4096,take-swap-c,4,1048576,1048576,1,4222000,16288700800941910482
normal-o3,1,256,suffix-0,4096,swap-take-c,4,1048576,1048576,1,3060000,16288700800941910482
normal-o3,1,256,suffix-0,4096,reverse-c,5,1048576,1048576,1,2988000,9387089347677743828
normal-o3,1,256,suffix-0,4096,whitefoot,5,1048576,1048576,1,2938000,9387089347677743828
normal-o3,1,256,suffix-0,4096,cpp-std-vector,5,1048576,1048576,1,2911000,9387089347677743828
normal-o3,1,256,suffix-0,4096,rust-vec,5,1048576,1048576,1,1121000,9387089347677743828
normal-o3,1,256,suffix-0,4096,take-swap-c,5,1048576,1048576,1,4228000,9387089347677743828
normal-o3,1,256,suffix-0,4096,swap-take-c,5,1048576,1048576,1,3008000,9387089347677743828
normal-o3,1,256,suffix-0,4096,direct-c,5,1048576,1048576,1,2919000,9387089347677743828
normal-o3,1,256,suffix-0,4096,whitefoot,6,1048576,1048576,1,2910000,2485477894413577174
normal-o3,1,256,suffix-0,4096,cpp-std-vector,6,1048576,1048576,1,2915000,2485477894413577174
normal-o3,1,256,suffix-0,4096,rust-vec,6,1048576,1048576,1,1115000,2485477894413577174
normal-o3,1,256,suffix-0,4096,take-swap-c,6,1048576,1048576,1,4243000,2485477894413577174
normal-o3,1,256,suffix-0,4096,swap-take-c,6,1048576,1048576,1,3022000,2485477894413577174
normal-o3,1,256,suffix-0,4096,direct-c,6,1048576,1048576,1,2920000,2485477894413577174
normal-o3,1,256,suffix-0,4096,reverse-c,6,1048576,1048576,1,2981000,2485477894413577174
normal-o3,1,256,suffix-1,16,cpp-std-vector,0,1048576,1048576,1,16671000,10077132583444572090
normal-o3,1,256,suffix-1,16,rust-vec,0,1048576,1048576,1,16163000,10077132583444572090
normal-o3,1,256,suffix-1,16,take-swap-c,0,1048576,1048576,1,17785000,10077132583444572090
normal-o3,1,256,suffix-1,16,swap-take-c,0,1048576,1048576,1,34306000,10077132583444572090
normal-o3,1,256,suffix-1,16,direct-c,0,1048576,1048576,1,15562000,10077132583444572090
normal-o3,1,256,suffix-1,16,reverse-c,0,1048576,1048576,1,34193000,10077132583444572090
normal-o3,1,256,suffix-1,16,whitefoot,0,1048576,1048576,1,15699000,10077132583444572090
normal-o3,1,256,suffix-1,16,rust-vec,1,1048576,1048576,1,15884000,18010505805122801404
normal-o3,1,256,suffix-1,16,take-swap-c,1,1048576,1048576,1,18205000,18010505805122801404
normal-o3,1,256,suffix-1,16,swap-take-c,1,1048576,1048576,1,34479000,18010505805122801404
normal-o3,1,256,suffix-1,16,direct-c,1,1048576,1048576,1,15551000,18010505805122801404
normal-o3,1,256,suffix-1,16,reverse-c,1,1048576,1048576,1,34590000,18010505805122801404
normal-o3,1,256,suffix-1,16,whitefoot,1,1048576,1048576,1,15727000,18010505805122801404
normal-o3,1,256,suffix-1,16,cpp-std-vector,1,1048576,1048576,1,16491000,18010505805122801404
normal-o3,1,256,suffix-1,16,take-swap-c,2,1048576,1048576,1,17497000,7497134953091479102
normal-o3,1,256,suffix-1,16,swap-take-c,2,1048576,1048576,1,34276000,7497134953091479102
normal-o3,1,256,suffix-1,16,direct-c,2,1048576,1048576,1,15619000,7497134953091479102
normal-o3,1,256,suffix-1,16,reverse-c,2,1048576,1048576,1,34254000,7497134953091479102
normal-o3,1,256,suffix-1,16,whitefoot,2,1048576,1048576,1,15683000,7497134953091479102
normal-o3,1,256,suffix-1,16,cpp-std-vector,2,1048576,1048576,1,16471000,7497134953091479102
normal-o3,1,256,suffix-1,16,rust-vec,2,1048576,1048576,1,15651000,7497134953091479102
normal-o3,1,256,suffix-1,16,swap-take-c,3,1048576,1048576,1,34469000,15430508174769708416
normal-o3,1,256,suffix-1,16,direct-c,3,1048576,1048576,1,15568000,15430508174769708416
normal-o3,1,256,suffix-1,16,reverse-c,3,1048576,1048576,1,34262000,15430508174769708416
normal-o3,1,256,suffix-1,16,whitefoot,3,1048576,1048576,1,15669000,15430508174769708416
normal-o3,1,256,suffix-1,16,cpp-std-vector,3,1048576,1048576,1,16471000,15430508174769708416
normal-o3,1,256,suffix-1,16,rust-vec,3,1048576,1048576,1,16544000,15430508174769708416
normal-o3,1,256,suffix-1,16,take-swap-c,3,1048576,1048576,1,19716000,15430508174769708416
normal-o3,1,256,suffix-1,16,direct-c,4,1048576,1048576,1,15655000,4917137322738386114
normal-o3,1,256,suffix-1,16,reverse-c,4,1048576,1048576,1,34979000,4917137322738386114
normal-o3,1,256,suffix-1,16,whitefoot,4,1048576,1048576,1,15887000,4917137322738386114
normal-o3,1,256,suffix-1,16,cpp-std-vector,4,1048576,1048576,1,17155000,4917137322738386114
normal-o3,1,256,suffix-1,16,rust-vec,4,1048576,1048576,1,16352000,4917137322738386114
normal-o3,1,256,suffix-1,16,take-swap-c,4,1048576,1048576,1,17660000,4917137322738386114
normal-o3,1,256,suffix-1,16,swap-take-c,4,1048576,1048576,1,34272000,4917137322738386114
normal-o3,1,256,suffix-1,16,reverse-c,5,1048576,1048576,1,34228000,12850510544416615428
normal-o3,1,256,suffix-1,16,whitefoot,5,1048576,1048576,1,15680000,12850510544416615428
normal-o3,1,256,suffix-1,16,cpp-std-vector,5,1048576,1048576,1,16462000,12850510544416615428
normal-o3,1,256,suffix-1,16,rust-vec,5,1048576,1048576,1,15673000,12850510544416615428
normal-o3,1,256,suffix-1,16,take-swap-c,5,1048576,1048576,1,17528000,12850510544416615428
normal-o3,1,256,suffix-1,16,swap-take-c,5,1048576,1048576,1,34349000,12850510544416615428
normal-o3,1,256,suffix-1,16,direct-c,5,1048576,1048576,1,15540000,12850510544416615428
normal-o3,1,256,suffix-1,16,whitefoot,6,1048576,1048576,1,15652000,2337139692385293126
normal-o3,1,256,suffix-1,16,cpp-std-vector,6,1048576,1048576,1,16528000,2337139692385293126
normal-o3,1,256,suffix-1,16,rust-vec,6,1048576,1048576,1,15648000,2337139692385293126
normal-o3,1,256,suffix-1,16,take-swap-c,6,1048576,1048576,1,17515000,2337139692385293126
normal-o3,1,256,suffix-1,16,swap-take-c,6,1048576,1048576,1,35188000,2337139692385293126
normal-o3,1,256,suffix-1,16,direct-c,6,1048576,1048576,1,15952000,2337139692385293126
normal-o3,1,256,suffix-1,16,reverse-c,6,1048576,1048576,1,34233000,2337139692385293126
normal-o3,1,256,suffix-1,256,cpp-std-vector,0,1048576,1048576,1,16488000,16136919648563323066
normal-o3,1,256,suffix-1,256,rust-vec,0,1048576,1048576,1,16048000,16136919648563323066
normal-o3,1,256,suffix-1,256,take-swap-c,0,1048576,1048576,1,18165000,16136919648563323066
normal-o3,1,256,suffix-1,256,swap-take-c,0,1048576,1048576,1,40562000,16136919648563323066
normal-o3,1,256,suffix-1,256,direct-c,0,1048576,1048576,1,15588000,16136919648563323066
normal-o3,1,256,suffix-1,256,reverse-c,0,1048576,1048576,1,34253000,16136919648563323066
normal-o3,1,256,suffix-1,256,whitefoot,0,1048576,1048576,1,15722000,16136919648563323066
normal-o3,1,256,suffix-1,256,rust-vec,1,1048576,1048576,1,15760000,7049943648979053564
normal-o3,1,256,suffix-1,256,take-swap-c,1,1048576,1048576,1,17546000,7049943648979053564
normal-o3,1,256,suffix-1,256,swap-take-c,1,1048576,1048576,1,34421000,7049943648979053564
normal-o3,1,256,suffix-1,256,direct-c,1,1048576,1048576,1,15578000,7049943648979053564
normal-o3,1,256,suffix-1,256,reverse-c,1,1048576,1048576,1,34192000,7049943648979053564
normal-o3,1,256,suffix-1,256,whitefoot,1,1048576,1048576,1,16140000,7049943648979053564
normal-o3,1,256,suffix-1,256,cpp-std-vector,1,1048576,1048576,1,16456000,7049943648979053564
normal-o3,1,256,suffix-1,256,take-swap-c,2,1048576,1048576,1,17447000,16409711723104335678
normal-o3,1,256,suffix-1,256,swap-take-c,2,1048576,1048576,1,34386000,16409711723104335678
normal-o3,1,256,suffix-1,256,direct-c,2,1048576,1048576,1,15610000,16409711723104335678
normal-o3,1,256,suffix-1,256,reverse-c,2,1048576,1048576,1,34758000,16409711723104335678
normal-o3,1,256,suffix-1,256,whitefoot,2,1048576,1048576,1,16447000,16409711723104335678
normal-o3,1,256,suffix-1,256,cpp-std-vector,2,1048576,1048576,1,17213000,16409711723104335678
normal-o3,1,256,suffix-1,256,rust-vec,2,1048576,1048576,1,16330000,16409711723104335678
normal-o3,1,256,suffix-1,256,swap-take-c,3,1048576,1048576,1,34334000,7322735723520066176
normal-o3,1,256,suffix-1,256,direct-c,3,1048576,1048576,1,15598000,7322735723520066176
normal-o3,1,256,suffix-1,256,reverse-c,3,1048576,1048576,1,34220000,7322735723520066176
normal-o3,1,256,suffix-1,256,whitefoot,3,1048576,1048576,1,15709000,7322735723520066176
normal-o3,1,256,suffix-1,256,cpp-std-vector,3,1048576,1048576,1,16465000,7322735723520066176
normal-o3,1,256,suffix-1,256,rust-vec,3,1048576,1048576,1,15703000,7322735723520066176
normal-o3,1,256,suffix-1,256,take-swap-c,3,1048576,1048576,1,17512000,7322735723520066176
normal-o3,1,256,suffix-1,256,direct-c,4,1048576,1048576,1,15668000,16682503797645348290
normal-o3,1,256,suffix-1,256,reverse-c,4,1048576,1048576,1,34284000,16682503797645348290
normal-o3,1,256,suffix-1,256,whitefoot,4,1048576,1048576,1,15679000,16682503797645348290
normal-o3,1,256,suffix-1,256,cpp-std-vector,4,1048576,1048576,1,16531000,16682503797645348290
normal-o3,1,256,suffix-1,256,rust-vec,4,1048576,1048576,1,15697000,16682503797645348290
normal-o3,1,256,suffix-1,256,take-swap-c,4,1048576,1048576,1,17642000,16682503797645348290
normal-o3,1,256,suffix-1,256,swap-take-c,4,1048576,1048576,1,34437000,16682503797645348290
normal-o3,1,256,suffix-1,256,reverse-c,5,1048576,1048576,1,34495000,7595527798061078788
normal-o3,1,256,suffix-1,256,whitefoot,5,1048576,1048576,1,15733000,7595527798061078788
normal-o3,1,256,suffix-1,256,cpp-std-vector,5,1048576,1048576,1,16644000,7595527798061078788
normal-o3,1,256,suffix-1,256,rust-vec,5,1048576,1048576,1,15782000,7595527798061078788
normal-o3,1,256,suffix-1,256,take-swap-c,5,1048576,1048576,1,17554000,7595527798061078788
normal-o3,1,256,suffix-1,256,swap-take-c,5,1048576,1048576,1,34660000,7595527798061078788
normal-o3,1,256,suffix-1,256,direct-c,5,1048576,1048576,1,16048000,7595527798061078788
normal-o3,1,256,suffix-1,256,whitefoot,6,1048576,1048576,1,15766000,16955295872186360902
normal-o3,1,256,suffix-1,256,cpp-std-vector,6,1048576,1048576,1,16660000,16955295872186360902
normal-o3,1,256,suffix-1,256,rust-vec,6,1048576,1048576,1,15821000,16955295872186360902
normal-o3,1,256,suffix-1,256,take-swap-c,6,1048576,1048576,1,17656000,16955295872186360902
normal-o3,1,256,suffix-1,256,swap-take-c,6,1048576,1048576,1,34515000,16955295872186360902
normal-o3,1,256,suffix-1,256,direct-c,6,1048576,1048576,1,15548000,16955295872186360902
normal-o3,1,256,suffix-1,256,reverse-c,6,1048576,1048576,1,34258000,16955295872186360902
normal-o3,1,256,suffix-1,4096,cpp-std-vector,0,1048576,1048576,1,16663000,11423154033847496890
normal-o3,1,256,suffix-1,4096,rust-vec,0,1048576,1048576,1,15828000,11423154033847496890
normal-o3,1,256,suffix-1,4096,take-swap-c,0,1048576,1048576,1,17616000,11423154033847496890
normal-o3,1,256,suffix-1,4096,swap-take-c,0,1048576,1048576,1,34477000,11423154033847496890
normal-o3,1,256,suffix-1,4096,direct-c,0,1048576,1048576,1,15669000,11423154033847496890
normal-o3,1,256,suffix-1,4096,reverse-c,0,1048576,1048576,1,34420000,11423154033847496890
normal-o3,1,256,suffix-1,4096,whitefoot,0,1048576,1048576,1,15861000,11423154033847496890
normal-o3,1,256,suffix-1,4096,rust-vec,1,1048576,1048576,1,15820000,18279605564934372348
normal-o3,1,256,suffix-1,4096,take-swap-c,1,1048576,1048576,1,17634000,18279605564934372348
normal-o3,1,256,suffix-1,4096,swap-take-c,1,1048576,1048576,1,34440000,18279605564934372348
normal-o3,1,256,suffix-1,4096,direct-c,1,1048576,1048576,1,15714000,18279605564934372348
normal-o3,1,256,suffix-1,4096,reverse-c,1,1048576,1048576,1,34388000,18279605564934372348
normal-o3,1,256,suffix-1,4096,whitefoot,1,1048576,1048576,1,15832000,18279605564934372348
normal-o3,1,256,suffix-1,4096,cpp-std-vector,1,1048576,1048576,1,16598000,18279605564934372348
normal-o3,1,256,suffix-1,4096,take-swap-c,2,1048576,1048576,1,18557000,6689313022311696190
normal-o3,1,256,suffix-1,4096,swap-take-c,2,1048576,1048576,1,35668000,6689313022311696190
normal-o3,1,256,suffix-1,4096,direct-c,2,1048576,1048576,1,15730000,6689313022311696190
normal-o3,1,256,suffix-1,4096,reverse-c,2,1048576,1048576,1,34358000,6689313022311696190
normal-o3,1,256,suffix-1,4096,whitefoot,2,1048576,1048576,1,15818000,6689313022311696190
normal-o3,1,256,suffix-1,4096,cpp-std-vector,2,1048576,1048576,1,16654000,6689313022311696190
normal-o3,1,256,suffix-1,4096,rust-vec,2,1048576,1048576,1,15823000,6689313022311696190
normal-o3,1,256,suffix-1,4096,swap-take-c,3,1048576,1048576,1,34463000,13545764553398571648
normal-o3,1,256,suffix-1,4096,direct-c,3,1048576,1048576,1,15714000,13545764553398571648
normal-o3,1,256,suffix-1,4096,reverse-c,3,1048576,1048576,1,34469000,13545764553398571648
normal-o3,1,256,suffix-1,4096,whitefoot,3,1048576,1048576,1,15873000,13545764553398571648
normal-o3,1,256,suffix-1,4096,cpp-std-vector,3,1048576,1048576,1,16612000,13545764553398571648
normal-o3,1,256,suffix-1,4096,rust-vec,3,1048576,1048576,1,16052000,13545764553398571648
normal-o3,1,256,suffix-1,4096,take-swap-c,3,1048576,1048576,1,17741000,13545764553398571648
normal-o3,1,256,suffix-1,4096,direct-c,4,1048576,1048576,1,15708000,1955472010775895490
normal-o3,1,256,suffix-1,4096,reverse-c,4,1048576,1048576,1,34432000,1955472010775895490
normal-o3,1,256,suffix-1,4096,whitefoot,4,1048576,1048576,1,15981000,1955472010775895490
normal-o3,1,256,suffix-1,4096,cpp-std-vector,4,1048576,1048576,1,16591000,1955472010775895490
normal-o3,1,256,suffix-1,4096,rust-vec,4,1048576,1048576,1,15792000,1955472010775895490
normal-o3,1,256,suffix-1,4096,take-swap-c,4,1048576,1048576,1,17711000,1955472010775895490
normal-o3,1,256,suffix-1,4096,swap-take-c,4,1048576,1048576,1,34446000,1955472010775895490
normal-o3,1,256,suffix-1,4096,reverse-c,5,1048576,1048576,1,35146000,8811923541862770948
normal-o3,1,256,suffix-1,4096,whitefoot,5,1048576,1048576,1,16104000,8811923541862770948
normal-o3,1,256,suffix-1,4096,cpp-std-vector,5,1048576,1048576,1,16630000,8811923541862770948
normal-o3,1,256,suffix-1,4096,rust-vec,5,1048576,1048576,1,15905000,8811923541862770948
normal-o3,1,256,suffix-1,4096,take-swap-c,5,1048576,1048576,1,17616000,8811923541862770948
normal-o3,1,256,suffix-1,4096,swap-take-c,5,1048576,1048576,1,34528000,8811923541862770948
normal-o3,1,256,suffix-1,4096,direct-c,5,1048576,1048576,1,15707000,8811923541862770948
normal-o3,1,256,suffix-1,4096,whitefoot,6,1048576,1048576,1,15842000,15668375072949646406
normal-o3,1,256,suffix-1,4096,cpp-std-vector,6,1048576,1048576,1,16623000,15668375072949646406
normal-o3,1,256,suffix-1,4096,rust-vec,6,1048576,1048576,1,15881000,15668375072949646406
normal-o3,1,256,suffix-1,4096,take-swap-c,6,1048576,1048576,1,17692000,15668375072949646406
normal-o3,1,256,suffix-1,4096,swap-take-c,6,1048576,1048576,1,34448000,15668375072949646406
normal-o3,1,256,suffix-1,4096,direct-c,6,1048576,1048576,1,15748000,15668375072949646406
normal-o3,1,256,suffix-1,4096,reverse-c,6,1048576,1048576,1,34338000,15668375072949646406
normal-o3,1,256,suffix-2,16,cpp-std-vector,0,1048576,524288,1,21668000,7440959976666623466
normal-o3,1,256,suffix-2,16,rust-vec,0,1048576,524288,1,22920000,7440959976666623466
normal-o3,1,256,suffix-2,16,take-swap-c,0,1048576,524288,1,22976000,7440959976666623466
normal-o3,1,256,suffix-2,16,swap-take-c,0,1048576,524288,1,36121000,7440959976666623466
normal-o3,1,256,suffix-2,16,direct-c,0,1048576,524288,1,21591000,7440959976666623466
normal-o3,1,256,suffix-2,16,reverse-c,0,1048576,524288,1,36076000,7440959976666623466
normal-o3,1,256,suffix-2,16,whitefoot,0,1048576,524288,1,21769000,7440959976666623466
normal-o3,1,256,suffix-2,16,rust-vec,1,1048576,524288,1,21655000,5917089180867772268
normal-o3,1,256,suffix-2,16,take-swap-c,1,1048576,524288,1,22132000,5917089180867772268
normal-o3,1,256,suffix-2,16,swap-take-c,1,1048576,524288,1,35584000,5917089180867772268
normal-o3,1,256,suffix-2,16,direct-c,1,1048576,524288,1,21646000,5917089180867772268
normal-o3,1,256,suffix-2,16,reverse-c,1,1048576,524288,1,35569000,5917089180867772268
normal-o3,1,256,suffix-2,16,whitefoot,1,1048576,524288,1,21528000,5917089180867772268
normal-o3,1,256,suffix-2,16,cpp-std-vector,1,1048576,524288,1,21681000,5917089180867772268
normal-o3,1,256,suffix-2,16,take-swap-c,2,1048576,524288,1,21907000,4393218385068921070
normal-o3,1,256,suffix-2,16,swap-take-c,2,1048576,524288,1,35490000,4393218385068921070
normal-o3,1,256,suffix-2,16,direct-c,2,1048576,524288,1,21557000,4393218385068921070
normal-o3,1,256,suffix-2,16,reverse-c,2,1048576,524288,1,35542000,4393218385068921070
normal-o3,1,256,suffix-2,16,whitefoot,2,1048576,524288,1,21536000,4393218385068921070
normal-o3,1,256,suffix-2,16,cpp-std-vector,2,1048576,524288,1,21625000,4393218385068921070
normal-o3,1,256,suffix-2,16,rust-vec,2,1048576,524288,1,21543000,4393218385068921070
normal-o3,1,256,suffix-2,16,swap-take-c,3,1048576,524288,1,35624000,2869347589270069872
normal-o3,1,256,suffix-2,16,direct-c,3,1048576,524288,1,21621000,2869347589270069872
normal-o3,1,256,suffix-2,16,reverse-c,3,1048576,524288,1,35551000,2869347589270069872
normal-o3,1,256,suffix-2,16,whitefoot,3,1048576,524288,1,21897000,2869347589270069872
normal-o3,1,256,suffix-2,16,cpp-std-vector,3,1048576,524288,1,22183000,2869347589270069872
normal-o3,1,256,suffix-2,16,rust-vec,3,1048576,524288,1,21700000,2869347589270069872
normal-o3,1,256,suffix-2,16,take-swap-c,3,1048576,524288,1,23675000,2869347589270069872
normal-o3,1,256,suffix-2,16,direct-c,4,1048576,524288,1,23203000,1345476793471218674
normal-o3,1,256,suffix-2,16,reverse-c,4,1048576,524288,1,37332000,1345476793471218674
normal-o3,1,256,suffix-2,16,whitefoot,4,1048576,524288,1,21743000,1345476793471218674
normal-o3,1,256,suffix-2,16,cpp-std-vector,4,1048576,524288,1,22195000,1345476793471218674
normal-o3,1,256,suffix-2,16,rust-vec,4,1048576,524288,1,22406000,1345476793471218674
normal-o3,1,256,suffix-2,16,take-swap-c,4,1048576,524288,1,22790000,1345476793471218674
normal-o3,1,256,suffix-2,16,swap-take-c,4,1048576,524288,1,35561000,1345476793471218674
normal-o3,1,256,suffix-2,16,reverse-c,5,1048576,524288,1,36748000,18268350071381919092
normal-o3,1,256,suffix-2,16,whitefoot,5,1048576,524288,1,21704000,18268350071381919092
normal-o3,1,256,suffix-2,16,cpp-std-vector,5,1048576,524288,1,21586000,18268350071381919092
normal-o3,1,256,suffix-2,16,rust-vec,5,1048576,524288,1,21593000,18268350071381919092
normal-o3,1,256,suffix-2,16,take-swap-c,5,1048576,524288,1,21984000,18268350071381919092
normal-o3,1,256,suffix-2,16,swap-take-c,5,1048576,524288,1,35501000,18268350071381919092
normal-o3,1,256,suffix-2,16,direct-c,5,1048576,524288,1,21619000,18268350071381919092
normal-o3,1,256,suffix-2,16,whitefoot,6,1048576,524288,1,21536000,16744479275583067894
normal-o3,1,256,suffix-2,16,cpp-std-vector,6,1048576,524288,1,21702000,16744479275583067894
normal-o3,1,256,suffix-2,16,rust-vec,6,1048576,524288,1,21542000,16744479275583067894
normal-o3,1,256,suffix-2,16,take-swap-c,6,1048576,524288,1,21927000,16744479275583067894
normal-o3,1,256,suffix-2,16,swap-take-c,6,1048576,524288,1,35566000,16744479275583067894
normal-o3,1,256,suffix-2,16,direct-c,6,1048576,524288,1,21625000,16744479275583067894
normal-o3,1,256,suffix-2,16,reverse-c,6,1048576,524288,1,35571000,16744479275583067894
normal-o3,1,256,suffix-2,256,cpp-std-vector,0,1048576,524288,1,21532000,2462342821806119658
normal-o3,1,256,suffix-2,256,rust-vec,0,1048576,524288,1,21589000,2462342821806119658
normal-o3,1,256,suffix-2,256,take-swap-c,0,1048576,524288,1,21979000,2462342821806119658
normal-o3,1,256,suffix-2,256,swap-take-c,0,1048576,524288,1,35556000,2462342821806119658
normal-o3,1,256,suffix-2,256,direct-c,0,1048576,524288,1,21584000,2462342821806119658
normal-o3,1,256,suffix-2,256,reverse-c,0,1048576,524288,1,35481000,2462342821806119658
normal-o3,1,256,suffix-2,256,whitefoot,0,1048576,524288,1,21592000,2462342821806119658
normal-o3,1,256,suffix-2,256,rust-vec,1,1048576,524288,1,21826000,15413974867576442988
normal-o3,1,256,suffix-2,256,take-swap-c,1,1048576,524288,1,22165000,15413974867576442988
normal-o3,1,256,suffix-2,256,swap-take-c,1,1048576,524288,1,35903000,15413974867576442988
normal-o3,1,256,suffix-2,256,direct-c,1,1048576,524288,1,21630000,15413974867576442988
normal-o3,1,256,suffix-2,256,reverse-c,1,1048576,524288,1,35991000,15413974867576442988
normal-o3,1,256,suffix-2,256,whitefoot,1,1048576,524288,1,22108000,15413974867576442988
normal-o3,1,256,suffix-2,256,cpp-std-vector,1,1048576,524288,1,21578000,15413974867576442988
normal-o3,1,256,suffix-2,256,take-swap-c,2,1048576,524288,1,21895000,9918862839637214702
normal-o3,1,256,suffix-2,256,swap-take-c,2,1048576,524288,1,35510000,9918862839637214702
normal-o3,1,256,suffix-2,256,direct-c,2,1048576,524288,1,21707000,9918862839637214702
normal-o3,1,256,suffix-2,256,reverse-c,2,1048576,524288,1,35577000,9918862839637214702
normal-o3,1,256,suffix-2,256,whitefoot,2,1048576,524288,1,21630000,9918862839637214702
normal-o3,1,256,suffix-2,256,cpp-std-vector,2,1048576,524288,1,21555000,9918862839637214702
normal-o3,1,256,suffix-2,256,rust-vec,2,1048576,524288,1,21563000,9918862839637214702
normal-o3,1,256,suffix-2,256,swap-take-c,3,1048576,524288,1,35758000,4423750811697986416
normal-o3,1,256,suffix-2,256,direct-c,3,1048576,524288,1,22288000,4423750811697986416
normal-o3,1,256,suffix-2,256,reverse-c,3,1048576,524288,1,36494000,4423750811697986416
normal-o3,1,256,suffix-2,256,whitefoot,3,1048576,524288,1,21578000,4423750811697986416
normal-o3,1,256,suffix-2,256,cpp-std-vector,3,1048576,524288,1,21637000,4423750811697986416
normal-o3,1,256,suffix-2,256,rust-vec,3,1048576,524288,1,21525000,4423750811697986416
normal-o3,1,256,suffix-2,256,take-swap-c,3,1048576,524288,1,21954000,4423750811697986416
normal-o3,1,256,suffix-2,256,direct-c,4,1048576,524288,1,21625000,17375382857468309746
normal-o3,1,256,suffix-2,256,reverse-c,4,1048576,524288,1,35676000,17375382857468309746
normal-o3,1,256,suffix-2,256,whitefoot,4,1048576,524288,1,21556000,17375382857468309746
normal-o3,1,256,suffix-2,256,cpp-std-vector,4,1048576,524288,1,21516000,17375382857468309746
normal-o3,1,256,suffix-2,256,rust-vec,4,1048576,524288,1,21577000,17375382857468309746
normal-o3,1,256,suffix-2,256,take-swap-c,4,1048576,524288,1,21905000,17375382857468309746
normal-o3,1,256,suffix-2,256,swap-take-c,4,1048576,524288,1,35551000,17375382857468309746
normal-o3,1,256,suffix-2,256,reverse-c,5,1048576,524288,1,35589000,11880270829529081460
normal-o3,1,256,suffix-2,256,whitefoot,5,1048576,524288,1,21633000,11880270829529081460
normal-o3,1,256,suffix-2,256,cpp-std-vector,5,1048576,524288,1,21631000,11880270829529081460
normal-o3,1,256,suffix-2,256,rust-vec,5,1048576,524288,1,21603000,11880270829529081460
normal-o3,1,256,suffix-2,256,take-swap-c,5,1048576,524288,1,21980000,11880270829529081460
normal-o3,1,256,suffix-2,256,swap-take-c,5,1048576,524288,1,35474000,11880270829529081460
normal-o3,1,256,suffix-2,256,direct-c,5,1048576,524288,1,21764000,11880270829529081460
normal-o3,1,256,suffix-2,256,whitefoot,6,1048576,524288,1,21561000,6385158801589853174
normal-o3,1,256,suffix-2,256,cpp-std-vector,6,1048576,524288,1,21658000,6385158801589853174
normal-o3,1,256,suffix-2,256,rust-vec,6,1048576,524288,1,21586000,6385158801589853174
normal-o3,1,256,suffix-2,256,take-swap-c,6,1048576,524288,1,21927000,6385158801589853174
normal-o3,1,256,suffix-2,256,swap-take-c,6,1048576,524288,1,35605000,6385158801589853174
normal-o3,1,256,suffix-2,256,direct-c,6,1048576,524288,1,21601000,6385158801589853174
normal-o3,1,256,suffix-2,256,reverse-c,6,1048576,524288,1,35538000,6385158801589853174
normal-o3,1,256,suffix-2,4096,cpp-std-vector,0,1048576,524288,1,21806000,9641278357841734378
normal-o3,1,256,suffix-2,4096,rust-vec,0,1048576,524288,1,21702000,9641278357841734378
normal-o3,1,256,suffix-2,4096,take-swap-c,0,1048576,524288,1,22665000,9641278357841734378
normal-o3,1,256,suffix-2,4096,swap-take-c,0,1048576,524288,1,35663000,9641278357841734378
normal-o3,1,256,suffix-2,4096,direct-c,0,1048576,524288,1,22260000,9641278357841734378
normal-o3,1,256,suffix-2,4096,reverse-c,0,1048576,524288,1,37189000,9641278357841734378
normal-o3,1,256,suffix-2,4096,whitefoot,0,1048576,524288,1,21778000,9641278357841734378
normal-o3,1,256,suffix-2,4096,rust-vec,1,1048576,524288,1,21730000,1379187259122409580
normal-o3,1,256,suffix-2,4096,take-swap-c,1,1048576,524288,1,22036000,1379187259122409580
normal-o3,1,256,suffix-2,4096,swap-take-c,1,1048576,524288,1,35683000,1379187259122409580
normal-o3,1,256,suffix-2,4096,direct-c,1,1048576,524288,1,21723000,1379187259122409580
normal-o3,1,256,suffix-2,4096,reverse-c,1,1048576,524288,1,35757000,1379187259122409580
normal-o3,1,256,suffix-2,4096,whitefoot,1,1048576,524288,1,21724000,1379187259122409580
normal-o3,1,256,suffix-2,4096,cpp-std-vector,1,1048576,524288,1,21699000,1379187259122409580
normal-o3,1,256,suffix-2,4096,take-swap-c,2,1048576,524288,1,22106000,11563840234112636398
normal-o3,1,256,suffix-2,4096,swap-take-c,2,1048576,524288,1,35644000,11563840234112636398
normal-o3,1,256,suffix-2,4096,direct-c,2,1048576,524288,1,21693000,11563840234112636398
normal-o3,1,256,suffix-2,4096,reverse-c,2,1048576,524288,1,35712000,11563840234112636398
normal-o3,1,256,suffix-2,4096,whitefoot,2,1048576,524288,1,21694000,11563840234112636398
normal-o3,1,256,suffix-2,4096,cpp-std-vector,2,1048576,524288,1,21734000,11563840234112636398
normal-o3,1,256,suffix-2,4096,rust-vec,2,1048576,524288,1,21683000,11563840234112636398
normal-o3,1,256,suffix-2,4096,swap-take-c,3,1048576,524288,1,35631000,3301749135393311600
normal-o3,1,256,suffix-2,4096,direct-c,3,1048576,524288,1,21769000,3301749135393311600
normal-o3,1,256,suffix-2,4096,reverse-c,3,1048576,524288,1,36156000,3301749135393311600
normal-o3,1,256,suffix-2,4096,whitefoot,3,1048576,524288,1,22500000,3301749135393311600
normal-o3,1,256,suffix-2,4096,cpp-std-vector,3,1048576,524288,1,22366000,3301749135393311600
normal-o3,1,256,suffix-2,4096,rust-vec,3,1048576,524288,1,22354000,3301749135393311600
normal-o3,1,256,suffix-2,4096,take-swap-c,3,1048576,524288,1,22786000,3301749135393311600
normal-o3,1,256,suffix-2,4096,direct-c,4,1048576,524288,1,22394000,13486402110383538418
normal-o3,1,256,suffix-2,4096,reverse-c,4,1048576,524288,1,36878000,13486402110383538418
normal-o3,1,256,suffix-2,4096,whitefoot,4,1048576,524288,1,21843000,13486402110383538418
normal-o3,1,256,suffix-2,4096,cpp-std-vector,4,1048576,524288,1,21821000,13486402110383538418
normal-o3,1,256,suffix-2,4096,rust-vec,4,1048576,524288,1,21654000,13486402110383538418
normal-o3,1,256,suffix-2,4096,take-swap-c,4,1048576,524288,1,22048000,13486402110383538418
normal-o3,1,256,suffix-2,4096,swap-take-c,4,1048576,524288,1,35662000,13486402110383538418
normal-o3,1,256,suffix-2,4096,reverse-c,5,1048576,524288,1,37359000,5224311011664213620
normal-o3,1,256,suffix-2,4096,whitefoot,5,1048576,524288,1,21941000,5224311011664213620
normal-o3,1,256,suffix-2,4096,cpp-std-vector,5,1048576,524288,1,21772000,5224311011664213620
normal-o3,1,256,suffix-2,4096,rust-vec,5,1048576,524288,1,21724000,5224311011664213620
normal-o3,1,256,suffix-2,4096,take-swap-c,5,1048576,524288,1,22077000,5224311011664213620
normal-o3,1,256,suffix-2,4096,swap-take-c,5,1048576,524288,1,35755000,5224311011664213620
normal-o3,1,256,suffix-2,4096,direct-c,5,1048576,524288,1,22806000,5224311011664213620
normal-o3,1,256,suffix-2,4096,whitefoot,6,1048576,524288,1,22617000,15408963986654440438
normal-o3,1,256,suffix-2,4096,cpp-std-vector,6,1048576,524288,1,21738000,15408963986654440438
normal-o3,1,256,suffix-2,4096,rust-vec,6,1048576,524288,1,21682000,15408963986654440438
normal-o3,1,256,suffix-2,4096,take-swap-c,6,1048576,524288,1,22124000,15408963986654440438
normal-o3,1,256,suffix-2,4096,swap-take-c,6,1048576,524288,1,35660000,15408963986654440438
normal-o3,1,256,suffix-2,4096,direct-c,6,1048576,524288,1,21797000,15408963986654440438
normal-o3,1,256,suffix-2,4096,reverse-c,6,1048576,524288,1,35779000,15408963986654440438
normal-o3,1,256,suffix-3,16,cpp-std-vector,0,1048576,349525,1,25937000,1054367555497166597
normal-o3,1,256,suffix-3,16,rust-vec,0,1048576,349525,1,25013000,1054367555497166597
normal-o3,1,256,suffix-3,16,take-swap-c,0,1048576,349525,1,31046000,1054367555497166597
normal-o3,1,256,suffix-3,16,swap-take-c,0,1048576,349525,1,35259000,1054367555497166597
normal-o3,1,256,suffix-3,16,direct-c,0,1048576,349525,1,25004000,1054367555497166597
normal-o3,1,256,suffix-3,16,reverse-c,0,1048576,349525,1,35212000,1054367555497166597
normal-o3,1,256,suffix-3,16,whitefoot,0,1048576,349525,1,25005000,1054367555497166597
normal-o3,1,256,suffix-3,16,rust-vec,1,1048576,349525,1,24950000,5794397202544729692
normal-o3,1,256,suffix-3,16,take-swap-c,1,1048576,349525,1,31086000,5794397202544729692
normal-o3,1,256,suffix-3,16,swap-take-c,1,1048576,349525,1,35212000,5794397202544729692
normal-o3,1,256,suffix-3,16,direct-c,1,1048576,349525,1,25019000,5794397202544729692
normal-o3,1,256,suffix-3,16,reverse-c,1,1048576,349525,1,35276000,5794397202544729692
normal-o3,1,256,suffix-3,16,whitefoot,1,1048576,349525,1,24944000,5794397202544729692
normal-o3,1,256,suffix-3,16,cpp-std-vector,1,1048576,349525,1,26019000,5794397202544729692
normal-o3,1,256,suffix-3,16,take-swap-c,2,1048576,349525,1,30999000,10534426849592292787
normal-o3,1,256,suffix-3,16,swap-take-c,2,1048576,349525,1,35206000,10534426849592292787
normal-o3,1,256,suffix-3,16,direct-c,2,1048576,349525,1,24962000,10534426849592292787
normal-o3,1,256,suffix-3,16,reverse-c,2,1048576,349525,1,35215000,10534426849592292787
normal-o3,1,256,suffix-3,16,whitefoot,2,1048576,349525,1,25061000,10534426849592292787
normal-o3,1,256,suffix-3,16,cpp-std-vector,2,1048576,349525,1,26222000,10534426849592292787
normal-o3,1,256,suffix-3,16,rust-vec,2,1048576,349525,1,26066000,10534426849592292787
normal-o3,1,256,suffix-3,16,swap-take-c,3,1048576,349525,1,36137000,15274456496639855882
normal-o3,1,256,suffix-3,16,direct-c,3,1048576,349525,1,24977000,15274456496639855882
normal-o3,1,256,suffix-3,16,reverse-c,3,1048576,349525,1,35262000,15274456496639855882
normal-o3,1,256,suffix-3,16,whitefoot,3,1048576,349525,1,24987000,15274456496639855882
normal-o3,1,256,suffix-3,16,cpp-std-vector,3,1048576,349525,1,25952000,15274456496639855882
normal-o3,1,256,suffix-3,16,rust-vec,3,1048576,349525,1,24946000,15274456496639855882
normal-o3,1,256,suffix-3,16,take-swap-c,3,1048576,349525,1,31044000,15274456496639855882
normal-o3,1,256,suffix-3,16,direct-c,4,1048576,349525,1,24923000,1567742069977867361
normal-o3,1,256,suffix-3,16,reverse-c,4,1048576,349525,1,35216000,1567742069977867361
normal-o3,1,256,suffix-3,16,whitefoot,4,1048576,349525,1,25016000,1567742069977867361
normal-o3,1,256,suffix-3,16,cpp-std-vector,4,1048576,349525,1,26127000,1567742069977867361
normal-o3,1,256,suffix-3,16,rust-vec,4,1048576,349525,1,25038000,1567742069977867361
normal-o3,1,256,suffix-3,16,take-swap-c,4,1048576,349525,1,31085000,1567742069977867361
normal-o3,1,256,suffix-3,16,swap-take-c,4,1048576,349525,1,35235000,1567742069977867361
normal-o3,1,256,suffix-3,16,reverse-c,5,1048576,349525,1,35179000,6307771717025430456
normal-o3,1,256,suffix-3,16,whitefoot,5,1048576,349525,1,24997000,6307771717025430456
normal-o3,1,256,suffix-3,16,cpp-std-vector,5,1048576,349525,1,26032000,6307771717025430456
normal-o3,1,256,suffix-3,16,rust-vec,5,1048576,349525,1,24981000,6307771717025430456
normal-o3,1,256,suffix-3,16,take-swap-c,5,1048576,349525,1,31122000,6307771717025430456
normal-o3,1,256,suffix-3,16,swap-take-c,5,1048576,349525,1,35197000,6307771717025430456
normal-o3,1,256,suffix-3,16,direct-c,5,1048576,349525,1,25043000,6307771717025430456
normal-o3,1,256,suffix-3,16,whitefoot,6,1048576,349525,1,25055000,11047801364072993551
normal-o3,1,256,suffix-3,16,cpp-std-vector,6,1048576,349525,1,25900000,11047801364072993551
normal-o3,1,256,suffix-3,16,rust-vec,6,1048576,349525,1,24945000,11047801364072993551
normal-o3,1,256,suffix-3,16,take-swap-c,6,1048576,349525,1,31014000,11047801364072993551
normal-o3,1,256,suffix-3,16,swap-take-c,6,1048576,349525,1,35213000,11047801364072993551
normal-o3,1,256,suffix-3,16,direct-c,6,1048576,349525,1,25170000,11047801364072993551
normal-o3,1,256,suffix-3,16,reverse-c,6,1048576,349525,1,35553000,11047801364072993551
normal-o3,1,256,suffix-3,256,cpp-std-vector,0,1048576,349525,1,25860000,15528439189922159621
normal-o3,1,256,suffix-3,256,rust-vec,0,1048576,349525,1,25002000,15528439189922159621
normal-o3,1,256,suffix-3,256,take-swap-c,0,1048576,349525,1,31444000,15528439189922159621
normal-o3,1,256,suffix-3,256,swap-take-c,0,1048576,349525,1,36310000,15528439189922159621
normal-o3,1,256,suffix-3,256,direct-c,0,1048576,349525,1,26180000,15528439189922159621
normal-o3,1,256,suffix-3,256,reverse-c,0,1048576,349525,1,35832000,15528439189922159621
normal-o3,1,256,suffix-3,256,whitefoot,0,1048576,349525,1,25085000,15528439189922159621
normal-o3,1,256,suffix-3,256,rust-vec,1,1048576,349525,1,25877000,6728350532028667740
normal-o3,1,256,suffix-3,256,take-swap-c,1,1048576,349525,1,31509000,6728350532028667740
normal-o3,1,256,suffix-3,256,swap-take-c,1,1048576,349525,1,35251000,6728350532028667740
normal-o3,1,256,suffix-3,256,direct-c,1,1048576,349525,1,24984000,6728350532028667740
normal-o3,1,256,suffix-3,256,reverse-c,1,1048576,349525,1,35261000,6728350532028667740
normal-o3,1,256,suffix-3,256,whitefoot,1,1048576,349525,1,25077000,6728350532028667740
normal-o3,1,256,suffix-3,256,cpp-std-vector,1,1048576,349525,1,25926000,6728350532028667740
normal-o3,1,256,suffix-3,256,take-swap-c,2,1048576,349525,1,31083000,16375005947844727475
normal-o3,1,256,suffix-3,256,swap-take-c,2,1048576,349525,1,35218000,16375005947844727475
normal-o3,1,256,suffix-3,256,direct-c,2,1048576,349525,1,25000000,16375005947844727475
normal-o3,1,256,suffix-3,256,reverse-c,2,1048576,349525,1,35277000,16375005947844727475
normal-o3,1,256,suffix-3,256,whitefoot,2,1048576,349525,1,25043000,16375005947844727475
normal-o3,1,256,suffix-3,256,cpp-std-vector,2,1048576,349525,1,25872000,16375005947844727475
normal-o3,1,256,suffix-3,256,rust-vec,2,1048576,349525,1,24983000,16375005947844727475
normal-o3,1,256,suffix-3,256,swap-take-c,3,1048576,349525,1,35462000,7574917289951235594
normal-o3,1,256,suffix-3,256,direct-c,3,1048576,349525,1,25036000,7574917289951235594
normal-o3,1,256,suffix-3,256,reverse-c,3,1048576,349525,1,35199000,7574917289951235594
normal-o3,1,256,suffix-3,256,whitefoot,3,1048576,349525,1,24958000,7574917289951235594
normal-o3,1,256,suffix-3,256,cpp-std-vector,3,1048576,349525,1,25938000,7574917289951235594
normal-o3,1,256,suffix-3,256,rust-vec,3,1048576,349525,1,25039000,7574917289951235594
normal-o3,1,256,suffix-3,256,take-swap-c,3,1048576,349525,1,31036000,7574917289951235594
normal-o3,1,256,suffix-3,256,direct-c,4,1048576,349525,1,24937000,17221572705767295329
normal-o3,1,256,suffix-3,256,reverse-c,4,1048576,349525,1,35248000,17221572705767295329
normal-o3,1,256,suffix-3,256,whitefoot,4,1048576,349525,1,24887000,17221572705767295329
normal-o3,1,256,suffix-3,256,cpp-std-vector,4,1048576,349525,1,26919000,17221572705767295329
normal-o3,1,256,suffix-3,256,rust-vec,4,1048576,349525,1,26270000,17221572705767295329
normal-o3,1,256,suffix-3,256,take-swap-c,4,1048576,349525,1,31753000,17221572705767295329
normal-o3,1,256,suffix-3,256,swap-take-c,4,1048576,349525,1,35218000,17221572705767295329
normal-o3,1,256,suffix-3,256,reverse-c,5,1048576,349525,1,35662000,8421484047873803448
normal-o3,1,256,suffix-3,256,whitefoot,5,1048576,349525,1,25035000,8421484047873803448
normal-o3,1,256,suffix-3,256,cpp-std-vector,5,1048576,349525,1,25914000,8421484047873803448
normal-o3,1,256,suffix-3,256,rust-vec,5,1048576,349525,1,24976000,8421484047873803448
normal-o3,1,256,suffix-3,256,take-swap-c,5,1048576,349525,1,30995000,8421484047873803448
normal-o3,1,256,suffix-3,256,swap-take-c,5,1048576,349525,1,35298000,8421484047873803448
normal-o3,1,256,suffix-3,256,direct-c,5,1048576,349525,1,25053000,8421484047873803448
normal-o3,1,256,suffix-3,256,whitefoot,6,1048576,349525,1,24981000,18068139463689863183
normal-o3,1,256,suffix-3,256,cpp-std-vector,6,1048576,349525,1,25970000,18068139463689863183
normal-o3,1,256,suffix-3,256,rust-vec,6,1048576,349525,1,25019000,18068139463689863183
normal-o3,1,256,suffix-3,256,take-swap-c,6,1048576,349525,1,31138000,18068139463689863183
normal-o3,1,256,suffix-3,256,swap-take-c,6,1048576,349525,1,35362000,18068139463689863183
normal-o3,1,256,suffix-3,256,direct-c,6,1048576,349525,1,25040000,18068139463689863183
normal-o3,1,256,suffix-3,256,reverse-c,6,1048576,349525,1,35213000,18068139463689863183
normal-o3,1,256,suffix-3,4096,cpp-std-vector,0,1048576,349525,1,27220000,15626320741824457733
normal-o3,1,256,suffix-3,4096,rust-vec,0,1048576,349525,1,25104000,15626320741824457733
normal-o3,1,256,suffix-3,4096,take-swap-c,0,1048576,349525,1,32150000,15626320741824457733
normal-o3,1,256,suffix-3,4096,swap-take-c,0,1048576,349525,1,37765000,15626320741824457733
normal-o3,1,256,suffix-3,4096,direct-c,0,1048576,349525,1,25137000,15626320741824457733
normal-o3,1,256,suffix-3,4096,reverse-c,0,1048576,349525,1,35412000,15626320741824457733
normal-o3,1,256,suffix-3,4096,whitefoot,0,1048576,349525,1,25804000,15626320741824457733
normal-o3,1,256,suffix-3,4096,rust-vec,1,1048576,349525,1,25169000,11900565124691961692
normal-o3,1,256,suffix-3,4096,take-swap-c,1,1048576,349525,1,31779000,11900565124691961692
normal-o3,1,256,suffix-3,4096,swap-take-c,1,1048576,349525,1,35548000,11900565124691961692
normal-o3,1,256,suffix-3,4096,direct-c,1,1048576,349525,1,25202000,11900565124691961692
normal-o3,1,256,suffix-3,4096,reverse-c,1,1048576,349525,1,36482000,11900565124691961692
normal-o3,1,256,suffix-3,4096,whitefoot,1,1048576,349525,1,26303000,11900565124691961692
normal-o3,1,256,suffix-3,4096,cpp-std-vector,1,1048576,349525,1,26213000,11900565124691961692
normal-o3,1,256,suffix-3,4096,take-swap-c,2,1048576,349525,1,31172000,8174809507559465651
normal-o3,1,256,suffix-3,4096,swap-take-c,2,1048576,349525,1,35387000,8174809507559465651
normal-o3,1,256,suffix-3,4096,direct-c,2,1048576,349525,1,25109000,8174809507559465651
normal-o3,1,256,suffix-3,4096,reverse-c,2,1048576,349525,1,36229000,8174809507559465651
normal-o3,1,256,suffix-3,4096,whitefoot,2,1048576,349525,1,25228000,8174809507559465651
normal-o3,1,256,suffix-3,4096,cpp-std-vector,2,1048576,349525,1,26300000,8174809507559465651
normal-o3,1,256,suffix-3,4096,rust-vec,2,1048576,349525,1,25137000,8174809507559465651
normal-o3,1,256,suffix-3,4096,swap-take-c,3,1048576,349525,1,35379000,4449053890426969610
normal-o3,1,256,suffix-3,4096,direct-c,3,1048576,349525,1,25272000,4449053890426969610
normal-o3,1,256,suffix-3,4096,reverse-c,3,1048576,349525,1,35373000,4449053890426969610
normal-o3,1,256,suffix-3,4096,whitefoot,3,1048576,349525,1,25037000,4449053890426969610
normal-o3,1,256,suffix-3,4096,cpp-std-vector,3,1048576,349525,1,26428000,4449053890426969610
normal-o3,1,256,suffix-3,4096,rust-vec,3,1048576,349525,1,25118000,4449053890426969610
normal-o3,1,256,suffix-3,4096,take-swap-c,3,1048576,349525,1,31452000,4449053890426969610
normal-o3,1,256,suffix-3,4096,direct-c,4,1048576,349525,1,25668000,723298273294473569
normal-o3,1,256,suffix-3,4096,reverse-c,4,1048576,349525,1,35357000,723298273294473569
normal-o3,1,256,suffix-3,4096,whitefoot,4,1048576,349525,1,25379000,723298273294473569
normal-o3,1,256,suffix-3,4096,cpp-std-vector,4,1048576,349525,1,26096000,723298273294473569
normal-o3,1,256,suffix-3,4096,rust-vec,4,1048576,349525,1,25155000,723298273294473569
normal-o3,1,256,suffix-3,4096,take-swap-c,4,1048576,349525,1,31162000,723298273294473569
normal-o3,1,256,suffix-3,4096,swap-take-c,4,1048576,349525,1,35431000,723298273294473569
normal-o3,1,256,suffix-3,4096,reverse-c,5,1048576,349525,1,35831000,15444286729871529144
normal-o3,1,256,suffix-3,4096,whitefoot,5,1048576,349525,1,26060000,15444286729871529144
normal-o3,1,256,suffix-3,4096,cpp-std-vector,5,1048576,349525,1,26386000,15444286729871529144
normal-o3,1,256,suffix-3,4096,rust-vec,5,1048576,349525,1,25157000,15444286729871529144
normal-o3,1,256,suffix-3,4096,take-swap-c,5,1048576,349525,1,31113000,15444286729871529144
normal-o3,1,256,suffix-3,4096,swap-take-c,5,1048576,349525,1,35413000,15444286729871529144
normal-o3,1,256,suffix-3,4096,direct-c,5,1048576,349525,1,25162000,15444286729871529144
normal-o3,1,256,suffix-3,4096,whitefoot,6,1048576,349525,1,25926000,11718531112739033103
normal-o3,1,256,suffix-3,4096,cpp-std-vector,6,1048576,349525,1,26819000,11718531112739033103
normal-o3,1,256,suffix-3,4096,rust-vec,6,1048576,349525,1,25161000,11718531112739033103
normal-o3,1,256,suffix-3,4096,take-swap-c,6,1048576,349525,1,31163000,11718531112739033103
normal-o3,1,256,suffix-3,4096,swap-take-c,6,1048576,349525,1,35389000,11718531112739033103
normal-o3,1,256,suffix-3,4096,direct-c,6,1048576,349525,1,25117000,11718531112739033103
normal-o3,1,256,suffix-3,4096,reverse-c,6,1048576,349525,1,35397000,11718531112739033103
