run,contract,cohort,element_bytes,count,variant,sample,control,contexts,payload_bytes,descriptor_bytes,cycles,operations,elapsed_ns,initial_capacity,capacity,work_bytes,allowance_bytes
A1,append-growth-o3,0,8,0,whitefoot,0,0,1024,0,24576,256,262144,2044584,0,1,67108864,256
A1,append-growth-snapshot-control-o3,0,8,0,whitefoot,0,1,1024,0,24576,256,0,249043,0,0,67108864,256
A1,append-growth-o3,0,8,0,rust-vec,0,0,1024,0,24576,256,262144,3158406,0,4,67108864,256
A1,append-growth-snapshot-control-o3,0,8,0,rust-vec,0,1,1024,0,24576,256,0,247962,0,0,67108864,256
A1,append-growth-o3,0,8,0,cpp-std-vector,0,0,1024,0,24576,256,262144,3004416,0,1,67108864,256
A1,append-growth-snapshot-control-o3,0,8,0,cpp-std-vector,0,1,1024,0,24576,256,0,248253,0,0,67108864,256
A1,append-growth-o3,0,8,0,rust-vec,1,0,1024,0,24576,256,262144,3069955,0,4,67108864,256
A1,append-growth-snapshot-control-o3,0,8,0,rust-vec,1,1,1024,0,24576,256,0,248293,0,0,67108864,256
A1,append-growth-o3,0,8,0,cpp-std-vector,1,0,1024,0,24576,256,262144,2884455,0,1,67108864,256
A1,append-growth-snapshot-control-o3,0,8,0,cpp-std-vector,1,1,1024,0,24576,256,0,252624,0,0,67108864,256
A1,append-growth-o3,0,8,0,whitefoot,1,0,1024,0,24576,256,262144,1984997,0,1,67108864,256
A1,append-growth-snapshot-control-o3,0,8,0,whitefoot,1,1,1024,0,24576,256,0,248009,0,0,67108864,256
A1,append-growth-o3,0,8,0,cpp-std-vector,2,0,1024,0,24576,256,262144,2863743,0,1,67108864,256
A1,append-growth-snapshot-control-o3,0,8,0,cpp-std-vector,2,1,1024,0,24576,256,0,246832,0,0,67108864,256
A1,append-growth-o3,0,8,0,whitefoot,2,0,1024,0,24576,256,262144,1964414,0,1,67108864,256
A1,append-growth-snapshot-control-o3,0,8,0,whitefoot,2,1,1024,0,24576,256,0,246962,0,0,67108864,256
A1,append-growth-o3,0,8,0,rust-vec,2,0,1024,0,24576,256,262144,3090880,0,4,67108864,256
A1,append-growth-snapshot-control-o3,0,8,0,rust-vec,2,1,1024,0,24576,256,0,256117,0,0,67108864,256
A1,append-growth-o3,0,8,0,whitefoot,3,0,1024,0,24576,256,262144,1968415,0,1,67108864,256
A1,append-growth-snapshot-control-o3,0,8,0,whitefoot,3,1,1024,0,24576,256,0,248750,0,0,67108864,256
A1,append-growth-o3,0,8,0,rust-vec,3,0,1024,0,24576,256,262144,3092798,0,4,67108864,256
A1,append-growth-snapshot-control-o3,0,8,0,rust-vec,3,1,1024,0,24576,256,0,248374,0,0,67108864,256
A1,append-growth-o3,0,8,0,cpp-std-vector,3,0,1024,0,24576,256,262144,2863169,0,1,67108864,256
A1,append-growth-snapshot-control-o3,0,8,0,cpp-std-vector,3,1,1024,0,24576,256,0,253121,0,0,67108864,256
A1,append-growth-o3,0,8,0,rust-vec,4,0,1024,0,24576,256,262144,3080375,0,4,67108864,256
A1,append-growth-snapshot-control-o3,0,8,0,rust-vec,4,1,1024,0,24576,256,0,262999,0,0,67108864,256
A1,append-growth-o3,0,8,0,cpp-std-vector,4,0,1024,0,24576,256,262144,2865824,0,1,67108864,256
A1,append-growth-snapshot-control-o3,0,8,0,cpp-std-vector,4,1,1024,0,24576,256,0,247953,0,0,67108864,256
A1,append-growth-o3,0,8,0,whitefoot,4,0,1024,0,24576,256,262144,1964494,0,1,67108864,256
A1,append-growth-snapshot-control-o3,0,8,0,whitefoot,4,1,1024,0,24576,256,0,247755,0,0,67108864,256
A1,append-growth-o3,0,8,0,cpp-std-vector,5,0,1024,0,24576,256,262144,3003665,0,1,67108864,256
A1,append-growth-snapshot-control-o3,0,8,0,cpp-std-vector,5,1,1024,0,24576,256,0,267298,0,0,67108864,256
A1,append-growth-o3,0,8,0,whitefoot,5,0,1024,0,24576,256,262144,2102833,0,1,67108864,256
A1,append-growth-snapshot-control-o3,0,8,0,whitefoot,5,1,1024,0,24576,256,0,258209,0,0,67108864,256
A1,append-growth-o3,0,8,0,rust-vec,5,0,1024,0,24576,256,262144,3206505,0,4,67108864,256
A1,append-growth-snapshot-control-o3,0,8,0,rust-vec,5,1,1024,0,24576,256,0,258661,0,0,67108864,256
A1,append-growth-o3,0,8,0,whitefoot,6,0,1024,0,24576,256,262144,2064914,0,1,67108864,256
A1,append-growth-snapshot-control-o3,0,8,0,whitefoot,6,1,1024,0,24576,256,0,261963,0,0,67108864,256
A1,append-growth-o3,0,8,0,rust-vec,6,0,1024,0,24576,256,262144,3256954,0,4,67108864,256
A1,append-growth-snapshot-control-o3,0,8,0,rust-vec,6,1,1024,0,24576,256,0,264909,0,0,67108864,256
A1,append-growth-o3,0,8,0,cpp-std-vector,6,0,1024,0,24576,256,262144,3015411,0,1,67108864,256
A1,append-growth-snapshot-control-o3,0,8,0,cpp-std-vector,6,1,1024,0,24576,256,0,255417,0,0,67108864,256
A1,append-growth-o3,1,8,0,cpp-std-vector,0,0,1024,0,24576,256,262144,2935247,0,1,67108864,256
A1,append-growth-snapshot-control-o3,1,8,0,cpp-std-vector,0,1,1024,0,24576,256,0,249017,0,0,67108864,256
A1,append-growth-o3,1,8,0,rust-vec,0,0,1024,0,24576,256,262144,3093082,0,4,67108864,256
A1,append-growth-snapshot-control-o3,1,8,0,rust-vec,0,1,1024,0,24576,256,0,248160,0,0,67108864,256
A1,append-growth-o3,1,8,0,whitefoot,0,0,1024,0,24576,256,262144,1963665,0,1,67108864,256
A1,append-growth-snapshot-control-o3,1,8,0,whitefoot,0,1,1024,0,24576,256,0,248045,0,0,67108864,256
A1,append-growth-o3,1,8,0,rust-vec,1,0,1024,0,24576,256,262144,3087864,0,4,67108864,256
A1,append-growth-snapshot-control-o3,1,8,0,rust-vec,1,1,1024,0,24576,256,0,247868,0,0,67108864,256
A1,append-growth-o3,1,8,0,whitefoot,1,0,1024,0,24576,256,262144,1967999,0,1,67108864,256
A1,append-growth-snapshot-control-o3,1,8,0,whitefoot,1,1,1024,0,24576,256,0,248414,0,0,67108864,256
A1,append-growth-o3,1,8,0,cpp-std-vector,1,0,1024,0,24576,256,262144,2866295,0,1,67108864,256
A1,append-growth-snapshot-control-o3,1,8,0,cpp-std-vector,1,1,1024,0,24576,256,0,246660,0,0,67108864,256
A1,append-growth-o3,1,8,0,whitefoot,2,0,1024,0,24576,256,262144,1967464,0,1,67108864,256
A1,append-growth-snapshot-control-o3,1,8,0,whitefoot,2,1,1024,0,24576,256,0,248127,0,0,67108864,256
A1,append-growth-o3,1,8,0,cpp-std-vector,2,0,1024,0,24576,256,262144,2919029,0,1,67108864,256
A1,append-growth-snapshot-control-o3,1,8,0,cpp-std-vector,2,1,1024,0,24576,256,0,247206,0,0,67108864,256
A1,append-growth-o3,1,8,0,rust-vec,2,0,1024,0,24576,256,262144,3072258,0,4,67108864,256
A1,append-growth-snapshot-control-o3,1,8,0,rust-vec,2,1,1024,0,24576,256,0,247210,0,0,67108864,256
A1,append-growth-o3,1,8,0,cpp-std-vector,3,0,1024,0,24576,256,262144,2866087,0,1,67108864,256
A1,append-growth-snapshot-control-o3,1,8,0,cpp-std-vector,3,1,1024,0,24576,256,0,247798,0,0,67108864,256
A1,append-growth-o3,1,8,0,rust-vec,3,0,1024,0,24576,256,262144,3099130,0,4,67108864,256
A1,append-growth-snapshot-control-o3,1,8,0,rust-vec,3,1,1024,0,24576,256,0,248549,0,0,67108864,256
A1,append-growth-o3,1,8,0,whitefoot,3,0,1024,0,24576,256,262144,1964372,0,1,67108864,256
A1,append-growth-snapshot-control-o3,1,8,0,whitefoot,3,1,1024,0,24576,256,0,247328,0,0,67108864,256
A1,append-growth-o3,1,8,0,rust-vec,4,0,1024,0,24576,256,262144,3070947,0,4,67108864,256
A1,append-growth-snapshot-control-o3,1,8,0,rust-vec,4,1,1024,0,24576,256,0,247502,0,0,67108864,256
A1,append-growth-o3,1,8,0,whitefoot,4,0,1024,0,24576,256,262144,1985757,0,1,67108864,256
A1,append-growth-snapshot-control-o3,1,8,0,whitefoot,4,1,1024,0,24576,256,0,248748,0,0,67108864,256
A1,append-growth-o3,1,8,0,cpp-std-vector,4,0,1024,0,24576,256,262144,2865710,0,1,67108864,256
A1,append-growth-snapshot-control-o3,1,8,0,cpp-std-vector,4,1,1024,0,24576,256,0,247542,0,0,67108864,256
A1,append-growth-o3,1,8,0,whitefoot,5,0,1024,0,24576,256,262144,1962585,0,1,67108864,256
A1,append-growth-snapshot-control-o3,1,8,0,whitefoot,5,1,1024,0,24576,256,0,248336,0,0,67108864,256
A1,append-growth-o3,1,8,0,cpp-std-vector,5,0,1024,0,24576,256,262144,2871623,0,1,67108864,256
A1,append-growth-snapshot-control-o3,1,8,0,cpp-std-vector,5,1,1024,0,24576,256,0,254241,0,0,67108864,256
A1,append-growth-o3,1,8,0,rust-vec,5,0,1024,0,24576,256,262144,3077878,0,4,67108864,256
A1,append-growth-snapshot-control-o3,1,8,0,rust-vec,5,1,1024,0,24576,256,0,248793,0,0,67108864,256
A1,append-growth-o3,1,8,0,cpp-std-vector,6,0,1024,0,24576,256,262144,2865005,0,1,67108864,256
A1,append-growth-snapshot-control-o3,1,8,0,cpp-std-vector,6,1,1024,0,24576,256,0,247125,0,0,67108864,256
A1,append-growth-o3,1,8,0,rust-vec,6,0,1024,0,24576,256,262144,3069882,0,4,67108864,256
A1,append-growth-snapshot-control-o3,1,8,0,rust-vec,6,1,1024,0,24576,256,0,254504,0,0,67108864,256
A1,append-growth-o3,1,8,0,whitefoot,6,0,1024,0,24576,256,262144,1963667,0,1,67108864,256
A1,append-growth-snapshot-control-o3,1,8,0,whitefoot,6,1,1024,0,24576,256,0,248167,0,0,67108864,256
A1,append-growth-o3,0,8,1,whitefoot,0,0,1024,8192,24576,249,254976,4565918,1,2,67108864,256
A1,append-growth-snapshot-control-o3,0,8,1,whitefoot,0,1,1024,8192,24576,249,0,240959,1,1,67108864,256
A1,append-growth-o3,0,8,1,rust-vec,0,0,1024,8192,24576,249,254976,8346629,1,4,67108864,256
A1,append-growth-snapshot-control-o3,0,8,1,rust-vec,0,1,1024,8192,24576,249,0,241954,1,1,67108864,256
A1,append-growth-o3,0,8,1,cpp-std-vector,0,0,1024,8192,24576,249,254976,5184663,1,2,67108864,256
A1,append-growth-snapshot-control-o3,0,8,1,cpp-std-vector,0,1,1024,8192,24576,249,0,241040,1,1,67108864,256
A1,append-growth-o3,0,8,1,rust-vec,1,0,1024,8192,24576,249,254976,8344000,1,4,67108864,256
A1,append-growth-snapshot-control-o3,0,8,1,rust-vec,1,1,1024,8192,24576,249,0,259374,1,1,67108864,256
A1,append-growth-o3,0,8,1,cpp-std-vector,1,0,1024,8192,24576,249,254976,5185253,1,2,67108864,256
A1,append-growth-snapshot-control-o3,0,8,1,cpp-std-vector,1,1,1024,8192,24576,249,0,248428,1,1,67108864,256
A1,append-growth-o3,0,8,1,whitefoot,1,0,1024,8192,24576,249,254976,4557868,1,2,67108864,256
A1,append-growth-snapshot-control-o3,0,8,1,whitefoot,1,1,1024,8192,24576,249,0,240626,1,1,67108864,256
A1,append-growth-o3,0,8,1,cpp-std-vector,2,0,1024,8192,24576,249,254976,5176445,1,2,67108864,256
A1,append-growth-snapshot-control-o3,0,8,1,cpp-std-vector,2,1,1024,8192,24576,249,0,244076,1,1,67108864,256
A1,append-growth-o3,0,8,1,whitefoot,2,0,1024,8192,24576,249,254976,4570209,1,2,67108864,256
A1,append-growth-snapshot-control-o3,0,8,1,whitefoot,2,1,1024,8192,24576,249,0,240077,1,1,67108864,256
A1,append-growth-o3,0,8,1,rust-vec,2,0,1024,8192,24576,249,254976,8272585,1,4,67108864,256
A1,append-growth-snapshot-control-o3,0,8,1,rust-vec,2,1,1024,8192,24576,249,0,241297,1,1,67108864,256
A1,append-growth-o3,0,8,1,whitefoot,3,0,1024,8192,24576,249,254976,4569209,1,2,67108864,256
A1,append-growth-snapshot-control-o3,0,8,1,whitefoot,3,1,1024,8192,24576,249,0,242036,1,1,67108864,256
A1,append-growth-o3,0,8,1,rust-vec,3,0,1024,8192,24576,249,254976,8256834,1,4,67108864,256
A1,append-growth-snapshot-control-o3,0,8,1,rust-vec,3,1,1024,8192,24576,249,0,241712,1,1,67108864,256
A1,append-growth-o3,0,8,1,cpp-std-vector,3,0,1024,8192,24576,249,254976,5176999,1,2,67108864,256
A1,append-growth-snapshot-control-o3,0,8,1,cpp-std-vector,3,1,1024,8192,24576,249,0,241506,1,1,67108864,256
A1,append-growth-o3,0,8,1,rust-vec,4,0,1024,8192,24576,249,254976,8525379,1,4,67108864,256
A1,append-growth-snapshot-control-o3,0,8,1,rust-vec,4,1,1024,8192,24576,249,0,249159,1,1,67108864,256
A1,append-growth-o3,0,8,1,cpp-std-vector,4,0,1024,8192,24576,249,254976,5368992,1,2,67108864,256
A1,append-growth-snapshot-control-o3,0,8,1,cpp-std-vector,4,1,1024,8192,24576,249,0,262002,1,1,67108864,256
A1,append-growth-o3,0,8,1,whitefoot,4,0,1024,8192,24576,249,254976,4847116,1,2,67108864,256
A1,append-growth-snapshot-control-o3,0,8,1,whitefoot,4,1,1024,8192,24576,249,0,241712,1,1,67108864,256
A1,append-growth-o3,0,8,1,cpp-std-vector,5,0,1024,8192,24576,249,254976,5202534,1,2,67108864,256
A1,append-growth-snapshot-control-o3,0,8,1,cpp-std-vector,5,1,1024,8192,24576,249,0,241328,1,1,67108864,256
A1,append-growth-o3,0,8,1,whitefoot,5,0,1024,8192,24576,249,254976,4554787,1,2,67108864,256
A1,append-growth-snapshot-control-o3,0,8,1,whitefoot,5,1,1024,8192,24576,249,0,245786,1,1,67108864,256
A1,append-growth-o3,0,8,1,rust-vec,5,0,1024,8192,24576,249,254976,8299961,1,4,67108864,256
A1,append-growth-snapshot-control-o3,0,8,1,rust-vec,5,1,1024,8192,24576,249,0,241582,1,1,67108864,256
A1,append-growth-o3,0,8,1,whitefoot,6,0,1024,8192,24576,249,254976,4555335,1,2,67108864,256
A1,append-growth-snapshot-control-o3,0,8,1,whitefoot,6,1,1024,8192,24576,249,0,240290,1,1,67108864,256
A1,append-growth-o3,0,8,1,rust-vec,6,0,1024,8192,24576,249,254976,8307125,1,4,67108864,256
A1,append-growth-snapshot-control-o3,0,8,1,rust-vec,6,1,1024,8192,24576,249,0,241211,1,1,67108864,256
A1,append-growth-o3,0,8,1,cpp-std-vector,6,0,1024,8192,24576,249,254976,5190832,1,2,67108864,256
A1,append-growth-snapshot-control-o3,0,8,1,cpp-std-vector,6,1,1024,8192,24576,249,0,240912,1,1,67108864,256
A1,append-growth-o3,1,8,1,cpp-std-vector,0,0,1024,8192,24576,249,254976,5204454,1,2,67108864,256
A1,append-growth-snapshot-control-o3,1,8,1,cpp-std-vector,0,1,1024,8192,24576,249,0,242833,1,1,67108864,256
A1,append-growth-o3,1,8,1,rust-vec,0,0,1024,8192,24576,249,254976,8236453,1,4,67108864,256
A1,append-growth-snapshot-control-o3,1,8,1,rust-vec,0,1,1024,8192,24576,249,0,244502,1,1,67108864,256
A1,append-growth-o3,1,8,1,whitefoot,0,0,1024,8192,24576,249,254976,4555008,1,2,67108864,256
A1,append-growth-snapshot-control-o3,1,8,1,whitefoot,0,1,1024,8192,24576,249,0,240625,1,1,67108864,256
A1,append-growth-o3,1,8,1,rust-vec,1,0,1024,8192,24576,249,254976,8252754,1,4,67108864,256
A1,append-growth-snapshot-control-o3,1,8,1,rust-vec,1,1,1024,8192,24576,249,0,241093,1,1,67108864,256
A1,append-growth-o3,1,8,1,whitefoot,1,0,1024,8192,24576,249,254976,4593284,1,2,67108864,256
A1,append-growth-snapshot-control-o3,1,8,1,whitefoot,1,1,1024,8192,24576,249,0,241132,1,1,67108864,256
A1,append-growth-o3,1,8,1,cpp-std-vector,1,0,1024,8192,24576,249,254976,5196873,1,2,67108864,256
A1,append-growth-snapshot-control-o3,1,8,1,cpp-std-vector,1,1,1024,8192,24576,249,0,240284,1,1,67108864,256
A1,append-growth-o3,1,8,1,whitefoot,2,0,1024,8192,24576,249,254976,4555202,1,2,67108864,256
A1,append-growth-snapshot-control-o3,1,8,1,whitefoot,2,1,1024,8192,24576,249,0,239997,1,1,67108864,256
A1,append-growth-o3,1,8,1,cpp-std-vector,2,0,1024,8192,24576,249,254976,5206424,1,2,67108864,256
A1,append-growth-snapshot-control-o3,1,8,1,cpp-std-vector,2,1,1024,8192,24576,249,0,240216,1,1,67108864,256
A1,append-growth-o3,1,8,1,rust-vec,2,0,1024,8192,24576,249,254976,8493005,1,4,67108864,256
A1,append-growth-snapshot-control-o3,1,8,1,rust-vec,2,1,1024,8192,24576,249,0,249577,1,1,67108864,256
A1,append-growth-o3,1,8,1,cpp-std-vector,3,0,1024,8192,24576,249,254976,5283216,1,2,67108864,256
A1,append-growth-snapshot-control-o3,1,8,1,cpp-std-vector,3,1,1024,8192,24576,249,0,240872,1,1,67108864,256
A1,append-growth-o3,1,8,1,rust-vec,3,0,1024,8192,24576,249,254976,8233659,1,4,67108864,256
A1,append-growth-snapshot-control-o3,1,8,1,rust-vec,3,1,1024,8192,24576,249,0,244335,1,1,67108864,256
A1,append-growth-o3,1,8,1,whitefoot,3,0,1024,8192,24576,249,254976,4572334,1,2,67108864,256
A1,append-growth-snapshot-control-o3,1,8,1,whitefoot,3,1,1024,8192,24576,249,0,240833,1,1,67108864,256
A1,append-growth-o3,1,8,1,rust-vec,4,0,1024,8192,24576,249,254976,8253173,1,4,67108864,256
A1,append-growth-snapshot-control-o3,1,8,1,rust-vec,4,1,1024,8192,24576,249,0,240336,1,1,67108864,256
A1,append-growth-o3,1,8,1,whitefoot,4,0,1024,8192,24576,249,254976,4555964,1,2,67108864,256
A1,append-growth-snapshot-control-o3,1,8,1,whitefoot,4,1,1024,8192,24576,249,0,241293,1,1,67108864,256
A1,append-growth-o3,1,8,1,cpp-std-vector,4,0,1024,8192,24576,249,254976,5221325,1,2,67108864,256
A1,append-growth-snapshot-control-o3,1,8,1,cpp-std-vector,4,1,1024,8192,24576,249,0,249126,1,1,67108864,256
A1,append-growth-o3,1,8,1,whitefoot,5,0,1024,8192,24576,249,254976,4593167,1,2,67108864,256
A1,append-growth-snapshot-control-o3,1,8,1,whitefoot,5,1,1024,8192,24576,249,0,241835,1,1,67108864,256
A1,append-growth-o3,1,8,1,cpp-std-vector,5,0,1024,8192,24576,249,254976,5195633,1,2,67108864,256
A1,append-growth-snapshot-control-o3,1,8,1,cpp-std-vector,5,1,1024,8192,24576,249,0,240751,1,1,67108864,256
A1,append-growth-o3,1,8,1,rust-vec,5,0,1024,8192,24576,249,254976,8247161,1,4,67108864,256
A1,append-growth-snapshot-control-o3,1,8,1,rust-vec,5,1,1024,8192,24576,249,0,241094,1,1,67108864,256
A1,append-growth-o3,1,8,1,cpp-std-vector,6,0,1024,8192,24576,249,254976,5201171,1,2,67108864,256
A1,append-growth-snapshot-control-o3,1,8,1,cpp-std-vector,6,1,1024,8192,24576,249,0,244963,1,1,67108864,256
A1,append-growth-o3,1,8,1,rust-vec,6,0,1024,8192,24576,249,254976,8279584,1,4,67108864,256
A1,append-growth-snapshot-control-o3,1,8,1,rust-vec,6,1,1024,8192,24576,249,0,242018,1,1,67108864,256
A1,append-growth-o3,1,8,1,whitefoot,6,0,1024,8192,24576,249,254976,4601252,1,2,67108864,256
A1,append-growth-snapshot-control-o3,1,8,1,whitefoot,6,1,1024,8192,24576,249,0,255337,1,1,67108864,256
A1,append-growth-o3,0,8,16,whitefoot,0,0,1024,131072,24576,171,175104,6593583,16,32,67108864,256
A1,append-growth-snapshot-control-o3,0,8,16,whitefoot,0,1,1024,131072,24576,171,0,360511,16,16,67108864,256
A1,append-growth-o3,0,8,16,rust-vec,0,0,1024,131072,24576,171,175104,6944254,16,32,67108864,256
A1,append-growth-snapshot-control-o3,0,8,16,rust-vec,0,1,1024,131072,24576,171,0,345084,16,16,67108864,256
A1,append-growth-o3,0,8,16,cpp-std-vector,0,0,1024,131072,24576,171,175104,4730253,16,32,67108864,256
A1,append-growth-snapshot-control-o3,0,8,16,cpp-std-vector,0,1,1024,131072,24576,171,0,343752,16,16,67108864,256
A1,append-growth-o3,0,8,16,rust-vec,1,0,1024,131072,24576,171,175104,6484705,16,32,67108864,256
A1,append-growth-snapshot-control-o3,0,8,16,rust-vec,1,1,1024,131072,24576,171,0,333582,16,16,67108864,256
A1,append-growth-o3,0,8,16,cpp-std-vector,1,0,1024,131072,24576,171,175104,4444210,16,32,67108864,256
A1,append-growth-snapshot-control-o3,0,8,16,cpp-std-vector,1,1,1024,131072,24576,171,0,330964,16,16,67108864,256
A1,append-growth-o3,0,8,16,whitefoot,1,0,1024,131072,24576,171,175104,5997955,16,32,67108864,256
A1,append-growth-snapshot-control-o3,0,8,16,whitefoot,1,1,1024,131072,24576,171,0,330913,16,16,67108864,256
A1,append-growth-o3,0,8,16,cpp-std-vector,2,0,1024,131072,24576,171,175104,4432750,16,32,67108864,256
A1,append-growth-snapshot-control-o3,0,8,16,cpp-std-vector,2,1,1024,131072,24576,171,0,335128,16,16,67108864,256
A1,append-growth-o3,0,8,16,whitefoot,2,0,1024,131072,24576,171,175104,5959665,16,32,67108864,256
A1,append-growth-snapshot-control-o3,0,8,16,whitefoot,2,1,1024,131072,24576,171,0,330832,16,16,67108864,256
A1,append-growth-o3,0,8,16,rust-vec,2,0,1024,131072,24576,171,175104,6435627,16,32,67108864,256
A1,append-growth-snapshot-control-o3,0,8,16,rust-vec,2,1,1024,131072,24576,171,0,337117,16,16,67108864,256
A1,append-growth-o3,0,8,16,whitefoot,3,0,1024,131072,24576,171,175104,5945834,16,32,67108864,256
A1,append-growth-snapshot-control-o3,0,8,16,whitefoot,3,1,1024,131072,24576,171,0,334261,16,16,67108864,256
A1,append-growth-o3,0,8,16,rust-vec,3,0,1024,131072,24576,171,175104,6426659,16,32,67108864,256
A1,append-growth-snapshot-control-o3,0,8,16,rust-vec,3,1,1024,131072,24576,171,0,327087,16,16,67108864,256
A1,append-growth-o3,0,8,16,cpp-std-vector,3,0,1024,131072,24576,171,175104,4474835,16,32,67108864,256
A1,append-growth-snapshot-control-o3,0,8,16,cpp-std-vector,3,1,1024,131072,24576,171,0,331418,16,16,67108864,256
A1,append-growth-o3,0,8,16,rust-vec,4,0,1024,131072,24576,171,175104,6438046,16,32,67108864,256
A1,append-growth-snapshot-control-o3,0,8,16,rust-vec,4,1,1024,131072,24576,171,0,332694,16,16,67108864,256
A1,append-growth-o3,0,8,16,cpp-std-vector,4,0,1024,131072,24576,171,175104,4442493,16,32,67108864,256
A1,append-growth-snapshot-control-o3,0,8,16,cpp-std-vector,4,1,1024,131072,24576,171,0,333790,16,16,67108864,256
A1,append-growth-o3,0,8,16,whitefoot,4,0,1024,131072,24576,171,175104,5979956,16,32,67108864,256
A1,append-growth-snapshot-control-o3,0,8,16,whitefoot,4,1,1024,131072,24576,171,0,329953,16,16,67108864,256
A1,append-growth-o3,0,8,16,cpp-std-vector,5,0,1024,131072,24576,171,175104,4472637,16,32,67108864,256
A1,append-growth-snapshot-control-o3,0,8,16,cpp-std-vector,5,1,1024,131072,24576,171,0,330742,16,16,67108864,256
A1,append-growth-o3,0,8,16,whitefoot,5,0,1024,131072,24576,171,175104,5961835,16,32,67108864,256
A1,append-growth-snapshot-control-o3,0,8,16,whitefoot,5,1,1024,131072,24576,171,0,330299,16,16,67108864,256
A1,append-growth-o3,0,8,16,rust-vec,5,0,1024,131072,24576,171,175104,6437579,16,32,67108864,256
A1,append-growth-snapshot-control-o3,0,8,16,rust-vec,5,1,1024,131072,24576,171,0,331961,16,16,67108864,256
A1,append-growth-o3,0,8,16,whitefoot,6,0,1024,131072,24576,171,175104,5993046,16,32,67108864,256
A1,append-growth-snapshot-control-o3,0,8,16,whitefoot,6,1,1024,131072,24576,171,0,331301,16,16,67108864,256
A1,append-growth-o3,0,8,16,rust-vec,6,0,1024,131072,24576,171,175104,6417459,16,32,67108864,256
A1,append-growth-snapshot-control-o3,0,8,16,rust-vec,6,1,1024,131072,24576,171,0,337205,16,16,67108864,256
A1,append-growth-o3,0,8,16,cpp-std-vector,6,0,1024,131072,24576,171,175104,4629038,16,32,67108864,256
A1,append-growth-snapshot-control-o3,0,8,16,cpp-std-vector,6,1,1024,131072,24576,171,0,345754,16,16,67108864,256
A1,append-growth-o3,1,8,16,cpp-std-vector,0,0,1024,131072,24576,171,175104,4669793,16,32,67108864,256
A1,append-growth-snapshot-control-o3,1,8,16,cpp-std-vector,0,1,1024,131072,24576,171,0,354487,16,16,67108864,256
A1,append-growth-o3,1,8,16,rust-vec,0,0,1024,131072,24576,171,175104,6434166,16,32,67108864,256
A1,append-growth-snapshot-control-o3,1,8,16,rust-vec,0,1,1024,131072,24576,171,0,339375,16,16,67108864,256
A1,append-growth-o3,1,8,16,whitefoot,0,0,1024,131072,24576,171,175104,6067331,16,32,67108864,256
A1,append-growth-snapshot-control-o3,1,8,16,whitefoot,0,1,1024,131072,24576,171,0,334538,16,16,67108864,256
A1,append-growth-o3,1,8,16,rust-vec,1,0,1024,131072,24576,171,175104,6565876,16,32,67108864,256
A1,append-growth-snapshot-control-o3,1,8,16,rust-vec,1,1,1024,131072,24576,171,0,326632,16,16,67108864,256
A1,append-growth-o3,1,8,16,whitefoot,1,0,1024,131072,24576,171,175104,6007079,16,32,67108864,256
A1,append-growth-snapshot-control-o3,1,8,16,whitefoot,1,1,1024,131072,24576,171,0,329029,16,16,67108864,256
A1,append-growth-o3,1,8,16,cpp-std-vector,1,0,1024,131072,24576,171,175104,4448333,16,32,67108864,256
A1,append-growth-snapshot-control-o3,1,8,16,cpp-std-vector,1,1,1024,131072,24576,171,0,332917,16,16,67108864,256
A1,append-growth-o3,1,8,16,whitefoot,2,0,1024,131072,24576,171,175104,5943082,16,32,67108864,256
A1,append-growth-snapshot-control-o3,1,8,16,whitefoot,2,1,1024,131072,24576,171,0,331375,16,16,67108864,256
A1,append-growth-o3,1,8,16,cpp-std-vector,2,0,1024,131072,24576,171,175104,4457413,16,32,67108864,256
A1,append-growth-snapshot-control-o3,1,8,16,cpp-std-vector,2,1,1024,131072,24576,171,0,331796,16,16,67108864,256
A1,append-growth-o3,1,8,16,rust-vec,2,0,1024,131072,24576,171,175104,6459406,16,32,67108864,256
A1,append-growth-snapshot-control-o3,1,8,16,rust-vec,2,1,1024,131072,24576,171,0,331961,16,16,67108864,256
A1,append-growth-o3,1,8,16,cpp-std-vector,3,0,1024,131072,24576,171,175104,4453213,16,32,67108864,256
A1,append-growth-snapshot-control-o3,1,8,16,cpp-std-vector,3,1,1024,131072,24576,171,0,330838,16,16,67108864,256
A1,append-growth-o3,1,8,16,rust-vec,3,0,1024,131072,24576,171,175104,6430966,16,32,67108864,256
A1,append-growth-snapshot-control-o3,1,8,16,rust-vec,3,1,1024,131072,24576,171,0,328252,16,16,67108864,256
A1,append-growth-o3,1,8,16,whitefoot,3,0,1024,131072,24576,171,175104,5961840,16,32,67108864,256
A1,append-growth-snapshot-control-o3,1,8,16,whitefoot,3,1,1024,131072,24576,171,0,333500,16,16,67108864,256
A1,append-growth-o3,1,8,16,rust-vec,4,0,1024,131072,24576,171,175104,6414832,16,32,67108864,256
A1,append-growth-snapshot-control-o3,1,8,16,rust-vec,4,1,1024,131072,24576,171,0,332798,16,16,67108864,256
A1,append-growth-o3,1,8,16,whitefoot,4,0,1024,131072,24576,171,175104,5977950,16,32,67108864,256
A1,append-growth-snapshot-control-o3,1,8,16,whitefoot,4,1,1024,131072,24576,171,0,331171,16,16,67108864,256
A1,append-growth-o3,1,8,16,cpp-std-vector,4,0,1024,131072,24576,171,175104,4448497,16,32,67108864,256
A1,append-growth-snapshot-control-o3,1,8,16,cpp-std-vector,4,1,1024,131072,24576,171,0,334133,16,16,67108864,256
A1,append-growth-o3,1,8,16,whitefoot,5,0,1024,131072,24576,171,175104,5940746,16,32,67108864,256
A1,append-growth-snapshot-control-o3,1,8,16,whitefoot,5,1,1024,131072,24576,171,0,330833,16,16,67108864,256
A1,append-growth-o3,1,8,16,cpp-std-vector,5,0,1024,131072,24576,171,175104,4478042,16,32,67108864,256
A1,append-growth-snapshot-control-o3,1,8,16,cpp-std-vector,5,1,1024,131072,24576,171,0,332451,16,16,67108864,256
A1,append-growth-o3,1,8,16,rust-vec,5,0,1024,131072,24576,171,175104,6431801,16,32,67108864,256
A1,append-growth-snapshot-control-o3,1,8,16,rust-vec,5,1,1024,131072,24576,171,0,332464,16,16,67108864,256
A1,append-growth-o3,1,8,16,cpp-std-vector,6,0,1024,131072,24576,171,175104,4458673,16,32,67108864,256
A1,append-growth-snapshot-control-o3,1,8,16,cpp-std-vector,6,1,1024,131072,24576,171,0,333907,16,16,67108864,256
A1,append-growth-o3,1,8,16,rust-vec,6,0,1024,131072,24576,171,175104,6845292,16,32,67108864,256
A1,append-growth-snapshot-control-o3,1,8,16,rust-vec,6,1,1024,131072,24576,171,0,348335,16,16,67108864,256
A1,append-growth-o3,1,8,16,whitefoot,6,0,1024,131072,24576,171,175104,6238752,16,32,67108864,256
A1,append-growth-snapshot-control-o3,1,8,16,whitefoot,6,1,1024,131072,24576,171,0,351670,16,16,67108864,256
A1,append-growth-o3,0,8,256,whitefoot,0,0,455,931840,10920,65,29575,3151828,256,512,67108864,256
A1,append-growth-snapshot-control-o3,0,8,256,whitefoot,0,1,455,931840,10920,65,0,55377,256,256,67108864,256
A1,append-growth-o3,0,8,256,rust-vec,0,0,455,931840,10920,65,29575,3236376,256,512,67108864,256
A1,append-growth-snapshot-control-o3,0,8,256,rust-vec,0,1,455,931840,10920,65,0,53585,256,256,67108864,256
A1,append-growth-o3,0,8,256,cpp-std-vector,0,0,455,931840,10920,65,29575,2852878,256,512,67108864,256
A1,append-growth-snapshot-control-o3,0,8,256,cpp-std-vector,0,1,455,931840,10920,65,0,53838,256,256,67108864,256
A1,append-growth-o3,0,8,256,rust-vec,1,0,455,931840,10920,65,29575,3001711,256,512,67108864,256
A1,append-growth-snapshot-control-o3,0,8,256,rust-vec,1,1,455,931840,10920,65,0,55956,256,256,67108864,256
A1,append-growth-o3,0,8,256,cpp-std-vector,1,0,455,931840,10920,65,29575,2710210,256,512,67108864,256
A1,append-growth-snapshot-control-o3,0,8,256,cpp-std-vector,1,1,455,931840,10920,65,0,53457,256,256,67108864,256
A1,append-growth-o3,0,8,256,whitefoot,1,0,455,931840,10920,65,29575,2966670,256,512,67108864,256
A1,append-growth-snapshot-control-o3,0,8,256,whitefoot,1,1,455,931840,10920,65,0,53583,256,256,67108864,256
A1,append-growth-o3,0,8,256,cpp-std-vector,2,0,455,931840,10920,65,29575,2723121,256,512,67108864,256
A1,append-growth-snapshot-control-o3,0,8,256,cpp-std-vector,2,1,455,931840,10920,65,0,53627,256,256,67108864,256
A1,append-growth-o3,0,8,256,whitefoot,2,0,455,931840,10920,65,29575,2934372,256,512,67108864,256
A1,append-growth-snapshot-control-o3,0,8,256,whitefoot,2,1,455,931840,10920,65,0,53128,256,256,67108864,256
A1,append-growth-o3,0,8,256,rust-vec,2,0,455,931840,10920,65,29575,3038700,256,512,67108864,256
A1,append-growth-snapshot-control-o3,0,8,256,rust-vec,2,1,455,931840,10920,65,0,53332,256,256,67108864,256
A1,append-growth-o3,0,8,256,whitefoot,3,0,455,931840,10920,65,29575,2944119,256,512,67108864,256
A1,append-growth-snapshot-control-o3,0,8,256,whitefoot,3,1,455,931840,10920,65,0,53416,256,256,67108864,256
A1,append-growth-o3,0,8,256,rust-vec,3,0,455,931840,10920,65,29575,3000333,256,512,67108864,256
A1,append-growth-snapshot-control-o3,0,8,256,rust-vec,3,1,455,931840,10920,65,0,53326,256,256,67108864,256
A1,append-growth-o3,0,8,256,cpp-std-vector,3,0,455,931840,10920,65,29575,2737375,256,512,67108864,256
A1,append-growth-snapshot-control-o3,0,8,256,cpp-std-vector,3,1,455,931840,10920,65,0,53666,256,256,67108864,256
A1,append-growth-o3,0,8,256,rust-vec,4,0,455,931840,10920,65,29575,3014707,256,512,67108864,256
A1,append-growth-snapshot-control-o3,0,8,256,rust-vec,4,1,455,931840,10920,65,0,53581,256,256,67108864,256
A1,append-growth-o3,0,8,256,cpp-std-vector,4,0,455,931840,10920,65,29575,2733789,256,512,67108864,256
A1,append-growth-snapshot-control-o3,0,8,256,cpp-std-vector,4,1,455,931840,10920,65,0,53210,256,256,67108864,256
A1,append-growth-o3,0,8,256,whitefoot,4,0,455,931840,10920,65,29575,3055290,256,512,67108864,256
A1,append-growth-snapshot-control-o3,0,8,256,whitefoot,4,1,455,931840,10920,65,0,52747,256,256,67108864,256
A1,append-growth-o3,0,8,256,cpp-std-vector,5,0,455,931840,10920,65,29575,2713625,256,512,67108864,256
A1,append-growth-snapshot-control-o3,0,8,256,cpp-std-vector,5,1,455,931840,10920,65,0,53078,256,256,67108864,256
A1,append-growth-o3,0,8,256,whitefoot,5,0,455,931840,10920,65,29575,2931886,256,512,67108864,256
A1,append-growth-snapshot-control-o3,0,8,256,whitefoot,5,1,455,931840,10920,65,0,52833,256,256,67108864,256
A1,append-growth-o3,0,8,256,rust-vec,5,0,455,931840,10920,65,29575,3021628,256,512,67108864,256
A1,append-growth-snapshot-control-o3,0,8,256,rust-vec,5,1,455,931840,10920,65,0,53829,256,256,67108864,256
A1,append-growth-o3,0,8,256,whitefoot,6,0,455,931840,10920,65,29575,3050125,256,512,67108864,256
A1,append-growth-snapshot-control-o3,0,8,256,whitefoot,6,1,455,931840,10920,65,0,57000,256,256,67108864,256
A1,append-growth-o3,0,8,256,rust-vec,6,0,455,931840,10920,65,29575,3217463,256,512,67108864,256
A1,append-growth-snapshot-control-o3,0,8,256,rust-vec,6,1,455,931840,10920,65,0,54588,256,256,67108864,256
A1,append-growth-o3,0,8,256,cpp-std-vector,6,0,455,931840,10920,65,29575,2896714,256,512,67108864,256
A1,append-growth-snapshot-control-o3,0,8,256,cpp-std-vector,6,1,455,931840,10920,65,0,52748,256,256,67108864,256
A1,append-growth-o3,1,8,256,cpp-std-vector,0,0,455,931840,10920,65,29575,2820292,256,512,67108864,256
A1,append-growth-snapshot-control-o3,1,8,256,cpp-std-vector,0,1,455,931840,10920,65,0,59795,256,256,67108864,256
A1,append-growth-o3,1,8,256,rust-vec,0,0,455,931840,10920,65,29575,3234795,256,512,67108864,256
A1,append-growth-snapshot-control-o3,1,8,256,rust-vec,0,1,455,931840,10920,65,0,56037,256,256,67108864,256
A1,append-growth-o3,1,8,256,whitefoot,0,0,455,931840,10920,65,29575,2992500,256,512,67108864,256
A1,append-growth-snapshot-control-o3,1,8,256,whitefoot,0,1,455,931840,10920,65,0,53003,256,256,67108864,256
A1,append-growth-o3,1,8,256,rust-vec,1,0,455,931840,10920,65,29575,2991752,256,512,67108864,256
A1,append-growth-snapshot-control-o3,1,8,256,rust-vec,1,1,455,931840,10920,65,0,53501,256,256,67108864,256
A1,append-growth-o3,1,8,256,whitefoot,1,0,455,931840,10920,65,29575,2953043,256,512,67108864,256
A1,append-growth-snapshot-control-o3,1,8,256,whitefoot,1,1,455,931840,10920,65,0,53667,256,256,67108864,256
A1,append-growth-o3,1,8,256,cpp-std-vector,1,0,455,931840,10920,65,29575,2786587,256,512,67108864,256
A1,append-growth-snapshot-control-o3,1,8,256,cpp-std-vector,1,1,455,931840,10920,65,0,54456,256,256,67108864,256
A1,append-growth-o3,1,8,256,whitefoot,2,0,455,931840,10920,65,29575,3067002,256,512,67108864,256
A1,append-growth-snapshot-control-o3,1,8,256,whitefoot,2,1,455,931840,10920,65,0,52830,256,256,67108864,256
A1,append-growth-o3,1,8,256,cpp-std-vector,2,0,455,931840,10920,65,29575,2753125,256,512,67108864,256
A1,append-growth-snapshot-control-o3,1,8,256,cpp-std-vector,2,1,455,931840,10920,65,0,53174,256,256,67108864,256
A1,append-growth-o3,1,8,256,rust-vec,2,0,455,931840,10920,65,29575,3047293,256,512,67108864,256
A1,append-growth-snapshot-control-o3,1,8,256,rust-vec,2,1,455,931840,10920,65,0,53787,256,256,67108864,256
A1,append-growth-o3,1,8,256,cpp-std-vector,3,0,455,931840,10920,65,29575,2719997,256,512,67108864,256
A1,append-growth-snapshot-control-o3,1,8,256,cpp-std-vector,3,1,455,931840,10920,65,0,53041,256,256,67108864,256
A1,append-growth-o3,1,8,256,rust-vec,3,0,455,931840,10920,65,29575,3018919,256,512,67108864,256
A1,append-growth-snapshot-control-o3,1,8,256,rust-vec,3,1,455,931840,10920,65,0,53290,256,256,67108864,256
A1,append-growth-o3,1,8,256,whitefoot,3,0,455,931840,10920,65,29575,2994043,256,512,67108864,256
A1,append-growth-snapshot-control-o3,1,8,256,whitefoot,3,1,455,931840,10920,65,0,53255,256,256,67108864,256
A1,append-growth-o3,1,8,256,rust-vec,4,0,455,931840,10920,65,29575,3005626,256,512,67108864,256
A1,append-growth-snapshot-control-o3,1,8,256,rust-vec,4,1,455,931840,10920,65,0,53252,256,256,67108864,256
A1,append-growth-o3,1,8,256,whitefoot,4,0,455,931840,10920,65,29575,2951166,256,512,67108864,256
A1,append-growth-snapshot-control-o3,1,8,256,whitefoot,4,1,455,931840,10920,65,0,53041,256,256,67108864,256
A1,append-growth-o3,1,8,256,cpp-std-vector,4,0,455,931840,10920,65,29575,2747751,256,512,67108864,256
A1,append-growth-snapshot-control-o3,1,8,256,cpp-std-vector,4,1,455,931840,10920,65,0,53000,256,256,67108864,256
A1,append-growth-o3,1,8,256,whitefoot,5,0,455,931840,10920,65,29575,2931831,256,512,67108864,256
A1,append-growth-snapshot-control-o3,1,8,256,whitefoot,5,1,455,931840,10920,65,0,53289,256,256,67108864,256
A1,append-growth-o3,1,8,256,cpp-std-vector,5,0,455,931840,10920,65,29575,2711214,256,512,67108864,256
A1,append-growth-snapshot-control-o3,1,8,256,cpp-std-vector,5,1,455,931840,10920,65,0,53292,256,256,67108864,256
A1,append-growth-o3,1,8,256,rust-vec,5,0,455,931840,10920,65,29575,3106455,256,512,67108864,256
A1,append-growth-snapshot-control-o3,1,8,256,rust-vec,5,1,455,931840,10920,65,0,53044,256,256,67108864,256
A1,append-growth-o3,1,8,256,cpp-std-vector,6,0,455,931840,10920,65,29575,2712164,256,512,67108864,256
A1,append-growth-snapshot-control-o3,1,8,256,cpp-std-vector,6,1,455,931840,10920,65,0,52877,256,256,67108864,256
A1,append-growth-o3,1,8,256,rust-vec,6,0,455,931840,10920,65,29575,3025878,256,512,67108864,256
A1,append-growth-snapshot-control-o3,1,8,256,rust-vec,6,1,455,931840,10920,65,0,53300,256,256,67108864,256
A1,append-growth-o3,1,8,256,whitefoot,6,0,455,931840,10920,65,29575,3035955,256,512,67108864,256
A1,append-growth-snapshot-control-o3,1,8,256,whitefoot,6,1,455,931840,10920,65,0,52872,256,256,67108864,256
A1,append-growth-o3,0,8,4096,whitefoot,0,0,31,1015808,744,66,2046,1595414,4096,8192,67108864,256
A1,append-growth-snapshot-control-o3,0,8,4096,whitefoot,0,1,31,1015808,744,66,0,2415,4096,4096,67108864,256
A1,append-growth-o3,0,8,4096,rust-vec,0,0,31,1015808,744,66,2046,1313707,4096,8192,67108864,256
A1,append-growth-snapshot-control-o3,0,8,4096,rust-vec,0,1,31,1015808,744,66,0,2582,4096,4096,67108864,256
A1,append-growth-o3,0,8,4096,cpp-std-vector,0,0,31,1015808,744,66,2046,1628872,4096,8192,67108864,256
A1,append-growth-snapshot-control-o3,0,8,4096,cpp-std-vector,0,1,31,1015808,744,66,0,2169,4096,4096,67108864,256
A1,append-growth-o3,0,8,4096,rust-vec,1,0,31,1015808,744,66,2046,1476875,4096,8192,67108864,256
A1,append-growth-snapshot-control-o3,0,8,4096,rust-vec,1,1,31,1015808,744,66,0,2466,4096,4096,67108864,256
A1,append-growth-o3,0,8,4096,cpp-std-vector,1,0,31,1015808,744,66,2046,1555419,4096,8192,67108864,256
A1,append-growth-snapshot-control-o3,0,8,4096,cpp-std-vector,1,1,31,1015808,744,66,0,2412,4096,4096,67108864,256
A1,append-growth-o3,0,8,4096,whitefoot,1,0,31,1015808,744,66,2046,1454083,4096,8192,67108864,256
A1,append-growth-snapshot-control-o3,0,8,4096,whitefoot,1,1,31,1015808,744,66,0,2086,4096,4096,67108864,256
A1,append-growth-o3,0,8,4096,cpp-std-vector,2,0,31,1015808,744,66,2046,1461958,4096,8192,67108864,256
A1,append-growth-snapshot-control-o3,0,8,4096,cpp-std-vector,2,1,31,1015808,744,66,0,2245,4096,4096,67108864,256
A1,append-growth-o3,0,8,4096,whitefoot,2,0,31,1015808,744,66,2046,1418748,4096,8192,67108864,256
A1,append-growth-snapshot-control-o3,0,8,4096,whitefoot,2,1,31,1015808,744,66,0,2042,4096,4096,67108864,256
A1,append-growth-o3,0,8,4096,rust-vec,2,0,31,1015808,744,66,2046,1307496,4096,8192,67108864,256
A1,append-growth-snapshot-control-o3,0,8,4096,rust-vec,2,1,31,1015808,744,66,0,2790,4096,4096,67108864,256
A1,append-growth-o3,0,8,4096,whitefoot,3,0,31,1015808,744,66,2046,1408166,4096,8192,67108864,256
A1,append-growth-snapshot-control-o3,0,8,4096,whitefoot,3,1,31,1015808,744,66,0,2002,4096,4096,67108864,256
A1,append-growth-o3,0,8,4096,rust-vec,3,0,31,1015808,744,66,2046,1424047,4096,8192,67108864,256
A1,append-growth-snapshot-control-o3,0,8,4096,rust-vec,3,1,31,1015808,744,66,0,2835,4096,4096,67108864,256
A1,append-growth-o3,0,8,4096,cpp-std-vector,3,0,31,1015808,744,66,2046,1463750,4096,8192,67108864,256
A1,append-growth-snapshot-control-o3,0,8,4096,cpp-std-vector,3,1,31,1015808,744,66,0,2495,4096,4096,67108864,256
A1,append-growth-o3,0,8,4096,rust-vec,4,0,31,1015808,744,66,2046,1325170,4096,8192,67108864,256
A1,append-growth-snapshot-control-o3,0,8,4096,rust-vec,4,1,31,1015808,744,66,0,2869,4096,4096,67108864,256
A1,append-growth-o3,0,8,4096,cpp-std-vector,4,0,31,1015808,744,66,2046,1466118,4096,8192,67108864,256
A1,append-growth-snapshot-control-o3,0,8,4096,cpp-std-vector,4,1,31,1015808,744,66,0,2333,4096,4096,67108864,256
A1,append-growth-o3,0,8,4096,whitefoot,4,0,31,1015808,744,66,2046,1533671,4096,8192,67108864,256
A1,append-growth-snapshot-control-o3,0,8,4096,whitefoot,4,1,31,1015808,744,66,0,1916,4096,4096,67108864,256
A1,append-growth-o3,0,8,4096,cpp-std-vector,5,0,31,1015808,744,66,2046,1474748,4096,8192,67108864,256
A1,append-growth-snapshot-control-o3,0,8,4096,cpp-std-vector,5,1,31,1015808,744,66,0,2210,4096,4096,67108864,256
A1,append-growth-o3,0,8,4096,whitefoot,5,0,31,1015808,744,66,2046,1466963,4096,8192,67108864,256
A1,append-growth-snapshot-control-o3,0,8,4096,whitefoot,5,1,31,1015808,744,66,0,2124,4096,4096,67108864,256
A1,append-growth-o3,0,8,4096,rust-vec,5,0,31,1015808,744,66,2046,1330127,4096,8192,67108864,256
A1,append-growth-snapshot-control-o3,0,8,4096,rust-vec,5,1,31,1015808,744,66,0,2540,4096,4096,67108864,256
A1,append-growth-o3,0,8,4096,whitefoot,6,0,31,1015808,744,66,2046,1408247,4096,8192,67108864,256
A1,append-growth-snapshot-control-o3,0,8,4096,whitefoot,6,1,31,1015808,744,66,0,2044,4096,4096,67108864,256
A1,append-growth-o3,0,8,4096,rust-vec,6,0,31,1015808,744,66,2046,1311831,4096,8192,67108864,256
A1,append-growth-snapshot-control-o3,0,8,4096,rust-vec,6,1,31,1015808,744,66,0,2126,4096,4096,67108864,256
A1,append-growth-o3,0,8,4096,cpp-std-vector,6,0,31,1015808,744,66,2046,1470917,4096,8192,67108864,256
A1,append-growth-snapshot-control-o3,0,8,4096,cpp-std-vector,6,1,31,1015808,744,66,0,2459,4096,4096,67108864,256
A1,append-growth-o3,1,8,4096,cpp-std-vector,0,0,31,1015808,744,66,2046,1480207,4096,8192,67108864,256
A1,append-growth-snapshot-control-o3,1,8,4096,cpp-std-vector,0,1,31,1015808,744,66,0,2375,4096,4096,67108864,256
A1,append-growth-o3,1,8,4096,rust-vec,0,0,31,1015808,744,66,2046,1319456,4096,8192,67108864,256
A1,append-growth-snapshot-control-o3,1,8,4096,rust-vec,0,1,31,1015808,744,66,0,2957,4096,4096,67108864,256
A1,append-growth-o3,1,8,4096,whitefoot,0,0,31,1015808,744,66,2046,1562291,4096,8192,67108864,256
A1,append-growth-snapshot-control-o3,1,8,4096,whitefoot,0,1,31,1015808,744,66,0,2293,4096,4096,67108864,256
A1,append-growth-o3,1,8,4096,rust-vec,1,0,31,1015808,744,66,2046,1301457,4096,8192,67108864,256
A1,append-growth-snapshot-control-o3,1,8,4096,rust-vec,1,1,31,1015808,744,66,0,2791,4096,4096,67108864,256
A1,append-growth-o3,1,8,4096,whitefoot,1,0,31,1015808,744,66,2046,1408001,4096,8192,67108864,256
A1,append-growth-snapshot-control-o3,1,8,4096,whitefoot,1,1,31,1015808,744,66,0,2131,4096,4096,67108864,256
A1,append-growth-o3,1,8,4096,cpp-std-vector,1,0,31,1015808,744,66,2046,1465836,4096,8192,67108864,256
A1,append-growth-snapshot-control-o3,1,8,4096,cpp-std-vector,1,1,31,1015808,744,66,0,2536,4096,4096,67108864,256
A1,append-growth-o3,1,8,4096,whitefoot,2,0,31,1015808,744,66,2046,1636671,4096,8192,67108864,256
A1,append-growth-snapshot-control-o3,1,8,4096,whitefoot,2,1,31,1015808,744,66,0,2505,4096,4096,67108864,256
A1,append-growth-o3,1,8,4096,cpp-std-vector,2,0,31,1015808,744,66,2046,1566044,4096,8192,67108864,256
A1,append-growth-snapshot-control-o3,1,8,4096,cpp-std-vector,2,1,31,1015808,744,66,0,2835,4096,4096,67108864,256
A1,append-growth-o3,1,8,4096,rust-vec,2,0,31,1015808,744,66,2046,1321669,4096,8192,67108864,256
A1,append-growth-snapshot-control-o3,1,8,4096,rust-vec,2,1,31,1015808,744,66,0,2378,4096,4096,67108864,256
A1,append-growth-o3,1,8,4096,cpp-std-vector,3,0,31,1015808,744,66,2046,1481668,4096,8192,67108864,256
A1,append-growth-snapshot-control-o3,1,8,4096,cpp-std-vector,3,1,31,1015808,744,66,0,2378,4096,4096,67108864,256
A1,append-growth-o3,1,8,4096,rust-vec,3,0,31,1015808,744,66,2046,1327083,4096,8192,67108864,256
A1,append-growth-snapshot-control-o3,1,8,4096,rust-vec,3,1,31,1015808,744,66,0,2787,4096,4096,67108864,256
A1,append-growth-o3,1,8,4096,whitefoot,3,0,31,1015808,744,66,2046,1447207,4096,8192,67108864,256
A1,append-growth-snapshot-control-o3,1,8,4096,whitefoot,3,1,31,1015808,744,66,0,2215,4096,4096,67108864,256
A1,append-growth-o3,1,8,4096,rust-vec,4,0,31,1015808,744,66,2046,1341250,4096,8192,67108864,256
A1,append-growth-snapshot-control-o3,1,8,4096,rust-vec,4,1,31,1015808,744,66,0,2958,4096,4096,67108864,256
A1,append-growth-o3,1,8,4096,whitefoot,4,0,31,1015808,744,66,2046,1453331,4096,8192,67108864,256
A1,append-growth-snapshot-control-o3,1,8,4096,whitefoot,4,1,31,1015808,744,66,0,2163,4096,4096,67108864,256
A1,append-growth-o3,1,8,4096,cpp-std-vector,4,0,31,1015808,744,66,2046,1468706,4096,8192,67108864,256
A1,append-growth-snapshot-control-o3,1,8,4096,cpp-std-vector,4,1,31,1015808,744,66,0,2206,4096,4096,67108864,256
A1,append-growth-o3,1,8,4096,whitefoot,5,0,31,1015808,744,66,2046,1463001,4096,8192,67108864,256
A1,append-growth-snapshot-control-o3,1,8,4096,whitefoot,5,1,31,1015808,744,66,0,2085,4096,4096,67108864,256
A1,append-growth-o3,1,8,4096,cpp-std-vector,5,0,31,1015808,744,66,2046,1470834,4096,8192,67108864,256
A1,append-growth-snapshot-control-o3,1,8,4096,cpp-std-vector,5,1,31,1015808,744,66,0,2622,4096,4096,67108864,256
A1,append-growth-o3,1,8,4096,rust-vec,5,0,31,1015808,744,66,2046,1320375,4096,8192,67108864,256
A1,append-growth-snapshot-control-o3,1,8,4096,rust-vec,5,1,31,1015808,744,66,0,2542,4096,4096,67108864,256
A1,append-growth-o3,1,8,4096,cpp-std-vector,6,0,31,1015808,744,66,2046,1476542,4096,8192,67108864,256
A1,append-growth-snapshot-control-o3,1,8,4096,cpp-std-vector,6,1,31,1015808,744,66,0,2788,4096,4096,67108864,256
A1,append-growth-o3,1,8,4096,rust-vec,6,0,31,1015808,744,66,2046,1323377,4096,8192,67108864,256
A1,append-growth-snapshot-control-o3,1,8,4096,rust-vec,6,1,31,1015808,744,66,0,2839,4096,4096,67108864,256
A1,append-growth-o3,1,8,4096,whitefoot,6,0,31,1015808,744,66,2046,1453000,4096,8192,67108864,256
A1,append-growth-snapshot-control-o3,1,8,4096,whitefoot,6,1,31,1015808,744,66,0,2626,4096,4096,67108864,256
A1,append-growth-o3,0,256,0,whitefoot,0,0,1024,0,24576,256,262144,3249292,0,1,67108864,256
A1,append-growth-snapshot-control-o3,0,256,0,whitefoot,0,1,1024,0,24576,256,0,247837,0,0,67108864,256
A1,append-growth-o3,0,256,0,rust-vec,0,0,1024,0,24576,256,262144,6050510,0,4,67108864,256
A1,append-growth-snapshot-control-o3,0,256,0,rust-vec,0,1,1024,0,24576,256,0,248163,0,0,67108864,256
A1,append-growth-o3,0,256,0,cpp-std-vector,0,0,1024,0,24576,256,262144,4099326,0,1,67108864,256
A1,append-growth-snapshot-control-o3,0,256,0,cpp-std-vector,0,1,1024,0,24576,256,0,249568,0,0,67108864,256
A1,append-growth-o3,0,256,0,rust-vec,1,0,1024,0,24576,256,262144,5894634,0,4,67108864,256
A1,append-growth-snapshot-control-o3,0,256,0,rust-vec,1,1,1024,0,24576,256,0,249757,0,0,67108864,256
A1,append-growth-o3,0,256,0,cpp-std-vector,1,0,1024,0,24576,256,262144,4082114,0,1,67108864,256
A1,append-growth-snapshot-control-o3,0,256,0,cpp-std-vector,1,1,1024,0,24576,256,0,248210,0,0,67108864,256
A1,append-growth-o3,0,256,0,whitefoot,1,0,1024,0,24576,256,262144,3106041,0,1,67108864,256
A1,append-growth-snapshot-control-o3,0,256,0,whitefoot,1,1,1024,0,24576,256,0,248499,0,0,67108864,256
A1,append-growth-o3,0,256,0,cpp-std-vector,2,0,1024,0,24576,256,262144,4078584,0,1,67108864,256
A1,append-growth-snapshot-control-o3,0,256,0,cpp-std-vector,2,1,1024,0,24576,256,0,249258,0,0,67108864,256
A1,append-growth-o3,0,256,0,whitefoot,2,0,1024,0,24576,256,262144,3097911,0,1,67108864,256
A1,append-growth-snapshot-control-o3,0,256,0,whitefoot,2,1,1024,0,24576,256,0,249701,0,0,67108864,256
A1,append-growth-o3,0,256,0,rust-vec,2,0,1024,0,24576,256,262144,5858085,0,4,67108864,256
A1,append-growth-snapshot-control-o3,0,256,0,rust-vec,2,1,1024,0,24576,256,0,251528,0,0,67108864,256
A1,append-growth-o3,0,256,0,whitefoot,3,0,1024,0,24576,256,262144,3095160,0,1,67108864,256
A1,append-growth-snapshot-control-o3,0,256,0,whitefoot,3,1,1024,0,24576,256,0,248667,0,0,67108864,256
A1,append-growth-o3,0,256,0,rust-vec,3,0,1024,0,24576,256,262144,5882535,0,4,67108864,256
A1,append-growth-snapshot-control-o3,0,256,0,rust-vec,3,1,1024,0,24576,256,0,248579,0,0,67108864,256
A1,append-growth-o3,0,256,0,cpp-std-vector,3,0,1024,0,24576,256,262144,4083565,0,1,67108864,256
A1,append-growth-snapshot-control-o3,0,256,0,cpp-std-vector,3,1,1024,0,24576,256,0,248963,0,0,67108864,256
A1,append-growth-o3,0,256,0,rust-vec,4,0,1024,0,24576,256,262144,5961536,0,4,67108864,256
A1,append-growth-snapshot-control-o3,0,256,0,rust-vec,4,1,1024,0,24576,256,0,263619,0,0,67108864,256
A1,append-growth-o3,0,256,0,cpp-std-vector,4,0,1024,0,24576,256,262144,4301252,0,1,67108864,256
A1,append-growth-snapshot-control-o3,0,256,0,cpp-std-vector,4,1,1024,0,24576,256,0,261756,0,0,67108864,256
A1,append-growth-o3,0,256,0,whitefoot,4,0,1024,0,24576,256,262144,3284998,0,1,67108864,256
A1,append-growth-snapshot-control-o3,0,256,0,whitefoot,4,1,1024,0,24576,256,0,257087,0,0,67108864,256
A1,append-growth-o3,0,256,0,cpp-std-vector,5,0,1024,0,24576,256,262144,4267210,0,1,67108864,256
A1,append-growth-snapshot-control-o3,0,256,0,cpp-std-vector,5,1,1024,0,24576,256,0,248913,0,0,67108864,256
A1,append-growth-o3,0,256,0,whitefoot,5,0,1024,0,24576,256,262144,3102165,0,1,67108864,256
A1,append-growth-snapshot-control-o3,0,256,0,whitefoot,5,1,1024,0,24576,256,0,249173,0,0,67108864,256
A1,append-growth-o3,0,256,0,rust-vec,5,0,1024,0,24576,256,262144,5946049,0,4,67108864,256
A1,append-growth-snapshot-control-o3,0,256,0,rust-vec,5,1,1024,0,24576,256,0,248751,0,0,67108864,256
A1,append-growth-o3,0,256,0,whitefoot,6,0,1024,0,24576,256,262144,3093704,0,1,67108864,256
A1,append-growth-snapshot-control-o3,0,256,0,whitefoot,6,1,1024,0,24576,256,0,259667,0,0,67108864,256
A1,append-growth-o3,0,256,0,rust-vec,6,0,1024,0,24576,256,262144,5929712,0,4,67108864,256
A1,append-growth-snapshot-control-o3,0,256,0,rust-vec,6,1,1024,0,24576,256,0,249128,0,0,67108864,256
A1,append-growth-o3,0,256,0,cpp-std-vector,6,0,1024,0,24576,256,262144,4072669,0,1,67108864,256
A1,append-growth-snapshot-control-o3,0,256,0,cpp-std-vector,6,1,1024,0,24576,256,0,248791,0,0,67108864,256
A1,append-growth-o3,1,256,0,cpp-std-vector,0,0,1024,0,24576,256,262144,4094086,0,1,67108864,256
A1,append-growth-snapshot-control-o3,1,256,0,cpp-std-vector,0,1,1024,0,24576,256,0,252753,0,0,67108864,256
A1,append-growth-o3,1,256,0,rust-vec,0,0,1024,0,24576,256,262144,5850834,0,4,67108864,256
A1,append-growth-snapshot-control-o3,1,256,0,rust-vec,0,1,1024,0,24576,256,0,248507,0,0,67108864,256
A1,append-growth-o3,1,256,0,whitefoot,0,0,1024,0,24576,256,262144,3115542,0,1,67108864,256
A1,append-growth-snapshot-control-o3,1,256,0,whitefoot,0,1,1024,0,24576,256,0,248462,0,0,67108864,256
A1,append-growth-o3,1,256,0,rust-vec,1,0,1024,0,24576,256,262144,5862420,0,4,67108864,256
A1,append-growth-snapshot-control-o3,1,256,0,rust-vec,1,1,1024,0,24576,256,0,249749,0,0,67108864,256
A1,append-growth-o3,1,256,0,whitefoot,1,0,1024,0,24576,256,262144,3143493,0,1,67108864,256
A1,append-growth-snapshot-control-o3,1,256,0,whitefoot,1,1,1024,0,24576,256,0,249411,0,0,67108864,256
A1,append-growth-o3,1,256,0,cpp-std-vector,1,0,1024,0,24576,256,262144,4086046,0,1,67108864,256
A1,append-growth-snapshot-control-o3,1,256,0,cpp-std-vector,1,1,1024,0,24576,256,0,250370,0,0,67108864,256
A1,append-growth-o3,1,256,0,whitefoot,2,0,1024,0,24576,256,262144,3103208,0,1,67108864,256
A1,append-growth-snapshot-control-o3,1,256,0,whitefoot,2,1,1024,0,24576,256,0,248792,0,0,67108864,256
A1,append-growth-o3,1,256,0,cpp-std-vector,2,0,1024,0,24576,256,262144,4098099,0,1,67108864,256
A1,append-growth-snapshot-control-o3,1,256,0,cpp-std-vector,2,1,1024,0,24576,256,0,250127,0,0,67108864,256
A1,append-growth-o3,1,256,0,rust-vec,2,0,1024,0,24576,256,262144,5900911,0,4,67108864,256
A1,append-growth-snapshot-control-o3,1,256,0,rust-vec,2,1,1024,0,24576,256,0,249458,0,0,67108864,256
A1,append-growth-o3,1,256,0,cpp-std-vector,3,0,1024,0,24576,256,262144,4071745,0,1,67108864,256
A1,append-growth-snapshot-control-o3,1,256,0,cpp-std-vector,3,1,1024,0,24576,256,0,250373,0,0,67108864,256
A1,append-growth-o3,1,256,0,rust-vec,3,0,1024,0,24576,256,262144,5884826,0,4,67108864,256
A1,append-growth-snapshot-control-o3,1,256,0,rust-vec,3,1,1024,0,24576,256,0,248578,0,0,67108864,256
A1,append-growth-o3,1,256,0,whitefoot,3,0,1024,0,24576,256,262144,3112161,0,1,67108864,256
A1,append-growth-snapshot-control-o3,1,256,0,whitefoot,3,1,1024,0,24576,256,0,248341,0,0,67108864,256
A1,append-growth-o3,1,256,0,rust-vec,4,0,1024,0,24576,256,262144,5867948,0,4,67108864,256
A1,append-growth-snapshot-control-o3,1,256,0,rust-vec,4,1,1024,0,24576,256,0,249255,0,0,67108864,256
A1,append-growth-o3,1,256,0,whitefoot,4,0,1024,0,24576,256,262144,3097707,0,1,67108864,256
A1,append-growth-snapshot-control-o3,1,256,0,whitefoot,4,1,1024,0,24576,256,0,258037,0,0,67108864,256
A1,append-growth-o3,1,256,0,cpp-std-vector,4,0,1024,0,24576,256,262144,4209708,0,1,67108864,256
A1,append-growth-snapshot-control-o3,1,256,0,cpp-std-vector,4,1,1024,0,24576,256,0,256373,0,0,67108864,256
A1,append-growth-o3,1,256,0,whitefoot,5,0,1024,0,24576,256,262144,3124291,0,1,67108864,256
A1,append-growth-snapshot-control-o3,1,256,0,whitefoot,5,1,1024,0,24576,256,0,249043,0,0,67108864,256
A1,append-growth-o3,1,256,0,cpp-std-vector,5,0,1024,0,24576,256,262144,4071780,0,1,67108864,256
A1,append-growth-snapshot-control-o3,1,256,0,cpp-std-vector,5,1,1024,0,24576,256,0,249130,0,0,67108864,256
A1,append-growth-o3,1,256,0,rust-vec,5,0,1024,0,24576,256,262144,5933912,0,4,67108864,256
A1,append-growth-snapshot-control-o3,1,256,0,rust-vec,5,1,1024,0,24576,256,0,248545,0,0,67108864,256
A1,append-growth-o3,1,256,0,cpp-std-vector,6,0,1024,0,24576,256,262144,4061130,0,1,67108864,256
A1,append-growth-snapshot-control-o3,1,256,0,cpp-std-vector,6,1,1024,0,24576,256,0,249077,0,0,67108864,256
A1,append-growth-o3,1,256,0,rust-vec,6,0,1024,0,24576,256,262144,5864172,0,4,67108864,256
A1,append-growth-snapshot-control-o3,1,256,0,rust-vec,6,1,1024,0,24576,256,0,248164,0,0,67108864,256
A1,append-growth-o3,1,256,0,whitefoot,6,0,1024,0,24576,256,262144,3108466,0,1,67108864,256
A1,append-growth-snapshot-control-o3,1,256,0,whitefoot,6,1,1024,0,24576,256,0,249013,0,0,67108864,256
A1,append-growth-o3,0,256,1,whitefoot,0,0,1024,262144,24576,128,131072,6471827,1,2,67108864,256
A1,append-growth-snapshot-control-o3,0,256,1,whitefoot,0,1,1024,262144,24576,128,0,246793,1,1,67108864,256
A1,append-growth-o3,0,256,1,rust-vec,0,0,1024,262144,24576,128,131072,7142126,1,4,67108864,256
A1,append-growth-snapshot-control-o3,0,256,1,rust-vec,0,1,1024,262144,24576,128,0,259912,1,1,67108864,256
A1,append-growth-o3,0,256,1,cpp-std-vector,0,0,1024,262144,24576,128,131072,5728373,1,2,67108864,256
A1,append-growth-snapshot-control-o3,0,256,1,cpp-std-vector,0,1,1024,262144,24576,128,0,250286,1,1,67108864,256
A1,append-growth-o3,0,256,1,rust-vec,1,0,1024,262144,24576,128,131072,6930626,1,4,67108864,256
A1,append-growth-snapshot-control-o3,0,256,1,rust-vec,1,1,1024,262144,24576,128,0,249291,1,1,67108864,256
A1,append-growth-o3,0,256,1,cpp-std-vector,1,0,1024,262144,24576,128,131072,5648455,1,2,67108864,256
A1,append-growth-snapshot-control-o3,0,256,1,cpp-std-vector,1,1,1024,262144,24576,128,0,250034,1,1,67108864,256
A1,append-growth-o3,0,256,1,whitefoot,1,0,1024,262144,24576,128,131072,6328877,1,2,67108864,256
A1,append-growth-snapshot-control-o3,0,256,1,whitefoot,1,1,1024,262144,24576,128,0,250588,1,1,67108864,256
A1,append-growth-o3,0,256,1,cpp-std-vector,2,0,1024,262144,24576,128,131072,5599955,1,2,67108864,256
A1,append-growth-snapshot-control-o3,0,256,1,cpp-std-vector,2,1,1024,262144,24576,128,0,252164,1,1,67108864,256
A1,append-growth-o3,0,256,1,whitefoot,2,0,1024,262144,24576,128,131072,6398131,1,2,67108864,256
A1,append-growth-snapshot-control-o3,0,256,1,whitefoot,2,1,1024,262144,24576,128,0,249788,1,1,67108864,256
A1,append-growth-o3,0,256,1,rust-vec,2,0,1024,262144,24576,128,131072,6940413,1,4,67108864,256
A1,append-growth-snapshot-control-o3,0,256,1,rust-vec,2,1,1024,262144,24576,128,0,249626,1,1,67108864,256
A1,append-growth-o3,0,256,1,whitefoot,3,0,1024,262144,24576,128,131072,6325041,1,2,67108864,256
A1,append-growth-snapshot-control-o3,0,256,1,whitefoot,3,1,1024,262144,24576,128,0,249203,1,1,67108864,256
A1,append-growth-o3,0,256,1,rust-vec,3,0,1024,262144,24576,128,131072,6968584,1,4,67108864,256
A1,append-growth-snapshot-control-o3,0,256,1,rust-vec,3,1,1024,262144,24576,128,0,251707,1,1,67108864,256
A1,append-growth-o3,0,256,1,cpp-std-vector,3,0,1024,262144,24576,128,131072,5600169,1,2,67108864,256
A1,append-growth-snapshot-control-o3,0,256,1,cpp-std-vector,3,1,1024,262144,24576,128,0,256755,1,1,67108864,256
A1,append-growth-o3,0,256,1,rust-vec,4,0,1024,262144,24576,128,131072,6942245,1,4,67108864,256
A1,append-growth-snapshot-control-o3,0,256,1,rust-vec,4,1,1024,262144,24576,128,0,252208,1,1,67108864,256
A1,append-growth-o3,0,256,1,cpp-std-vector,4,0,1024,262144,24576,128,131072,5714413,1,2,67108864,256
A1,append-growth-snapshot-control-o3,0,256,1,cpp-std-vector,4,1,1024,262144,24576,128,0,254925,1,1,67108864,256
A1,append-growth-o3,0,256,1,whitefoot,4,0,1024,262144,24576,128,131072,6357164,1,2,67108864,256
A1,append-growth-snapshot-control-o3,0,256,1,whitefoot,4,1,1024,262144,24576,128,0,249541,1,1,67108864,256
A1,append-growth-o3,0,256,1,cpp-std-vector,5,0,1024,262144,24576,128,131072,5637794,1,2,67108864,256
A1,append-growth-snapshot-control-o3,0,256,1,cpp-std-vector,5,1,1024,262144,24576,128,0,250878,1,1,67108864,256
A1,append-growth-o3,0,256,1,whitefoot,5,0,1024,262144,24576,128,131072,6335330,1,2,67108864,256
A1,append-growth-snapshot-control-o3,0,256,1,whitefoot,5,1,1024,262144,24576,128,0,262504,1,1,67108864,256
A1,append-growth-o3,0,256,1,rust-vec,5,0,1024,262144,24576,128,131072,7336167,1,4,67108864,256
A1,append-growth-snapshot-control-o3,0,256,1,rust-vec,5,1,1024,262144,24576,128,0,265207,1,1,67108864,256
A1,append-growth-o3,0,256,1,whitefoot,6,0,1024,262144,24576,128,131072,6590116,1,2,67108864,256
A1,append-growth-snapshot-control-o3,0,256,1,whitefoot,6,1,1024,262144,24576,128,0,263541,1,1,67108864,256
A1,append-growth-o3,0,256,1,rust-vec,6,0,1024,262144,24576,128,131072,7123922,1,4,67108864,256
A1,append-growth-snapshot-control-o3,0,256,1,rust-vec,6,1,1024,262144,24576,128,0,265497,1,1,67108864,256
A1,append-growth-o3,0,256,1,cpp-std-vector,6,0,1024,262144,24576,128,131072,5934335,1,2,67108864,256
A1,append-growth-snapshot-control-o3,0,256,1,cpp-std-vector,6,1,1024,262144,24576,128,0,267707,1,1,67108864,256
A1,append-growth-o3,1,256,1,cpp-std-vector,0,0,1024,262144,24576,128,131072,5645165,1,2,67108864,256
A1,append-growth-snapshot-control-o3,1,256,1,cpp-std-vector,0,1,1024,262144,24576,128,0,250284,1,1,67108864,256
A1,append-growth-o3,1,256,1,rust-vec,0,0,1024,262144,24576,128,131072,7088796,1,4,67108864,256
A1,append-growth-snapshot-control-o3,1,256,1,rust-vec,0,1,1024,262144,24576,128,0,249047,1,1,67108864,256
A1,append-growth-o3,1,256,1,whitefoot,0,0,1024,262144,24576,128,131072,6511704,1,2,67108864,256
A1,append-growth-snapshot-control-o3,1,256,1,whitefoot,0,1,1024,262144,24576,128,0,254373,1,1,67108864,256
A1,append-growth-o3,1,256,1,rust-vec,1,0,1024,262144,24576,128,131072,6932251,1,4,67108864,256
A1,append-growth-snapshot-control-o3,1,256,1,rust-vec,1,1,1024,262144,24576,128,0,254086,1,1,67108864,256
A1,append-growth-o3,1,256,1,whitefoot,1,0,1024,262144,24576,128,131072,6317407,1,2,67108864,256
A1,append-growth-snapshot-control-o3,1,256,1,whitefoot,1,1,1024,262144,24576,128,0,249657,1,1,67108864,256
A1,append-growth-o3,1,256,1,cpp-std-vector,1,0,1024,262144,24576,128,131072,5745664,1,2,67108864,256
A1,append-growth-snapshot-control-o3,1,256,1,cpp-std-vector,1,1,1024,262144,24576,128,0,251127,1,1,67108864,256
A1,append-growth-o3,1,256,1,whitefoot,2,0,1024,262144,24576,128,131072,6321000,1,2,67108864,256
A1,append-growth-snapshot-control-o3,1,256,1,whitefoot,2,1,1024,262144,24576,128,0,248293,1,1,67108864,256
A1,append-growth-o3,1,256,1,cpp-std-vector,2,0,1024,262144,24576,128,131072,5650793,1,2,67108864,256
A1,append-growth-snapshot-control-o3,1,256,1,cpp-std-vector,2,1,1024,262144,24576,128,0,250045,1,1,67108864,256
A1,append-growth-o3,1,256,1,rust-vec,2,0,1024,262144,24576,128,131072,6992994,1,4,67108864,256
A1,append-growth-snapshot-control-o3,1,256,1,rust-vec,2,1,1024,262144,24576,128,0,250801,1,1,67108864,256
A1,append-growth-o3,1,256,1,cpp-std-vector,3,0,1024,262144,24576,128,131072,5650463,1,2,67108864,256
A1,append-growth-snapshot-control-o3,1,256,1,cpp-std-vector,3,1,1024,262144,24576,128,0,250750,1,1,67108864,256
A1,append-growth-o3,1,256,1,rust-vec,3,0,1024,262144,24576,128,131072,6941744,1,4,67108864,256
A1,append-growth-snapshot-control-o3,1,256,1,rust-vec,3,1,1024,262144,24576,128,0,249291,1,1,67108864,256
A1,append-growth-o3,1,256,1,whitefoot,3,0,1024,262144,24576,128,131072,6327622,1,2,67108864,256
A1,append-growth-snapshot-control-o3,1,256,1,whitefoot,3,1,1024,262144,24576,128,0,248757,1,1,67108864,256
A1,append-growth-o3,1,256,1,rust-vec,4,0,1024,262144,24576,128,131072,6958589,1,4,67108864,256
A1,append-growth-snapshot-control-o3,1,256,1,rust-vec,4,1,1024,262144,24576,128,0,249504,1,1,67108864,256
A1,append-growth-o3,1,256,1,whitefoot,4,0,1024,262144,24576,128,131072,6332301,1,2,67108864,256
A1,append-growth-snapshot-control-o3,1,256,1,whitefoot,4,1,1024,262144,24576,128,0,253751,1,1,67108864,256
A1,append-growth-o3,1,256,1,cpp-std-vector,4,0,1024,262144,24576,128,131072,5655794,1,2,67108864,256
A1,append-growth-snapshot-control-o3,1,256,1,cpp-std-vector,4,1,1024,262144,24576,128,0,253747,1,1,67108864,256
A1,append-growth-o3,1,256,1,whitefoot,5,0,1024,262144,24576,128,131072,6374867,1,2,67108864,256
A1,append-growth-snapshot-control-o3,1,256,1,whitefoot,5,1,1024,262144,24576,128,0,257748,1,1,67108864,256
A1,append-growth-o3,1,256,1,cpp-std-vector,5,0,1024,262144,24576,128,131072,5833295,1,2,67108864,256
A1,append-growth-snapshot-control-o3,1,256,1,cpp-std-vector,5,1,1024,262144,24576,128,0,258662,1,1,67108864,256
A1,append-growth-o3,1,256,1,rust-vec,5,0,1024,262144,24576,128,131072,6943628,1,4,67108864,256
A1,append-growth-snapshot-control-o3,1,256,1,rust-vec,5,1,1024,262144,24576,128,0,260371,1,1,67108864,256
A1,append-growth-o3,1,256,1,cpp-std-vector,6,0,1024,262144,24576,128,131072,5651297,1,2,67108864,256
A1,append-growth-snapshot-control-o3,1,256,1,cpp-std-vector,6,1,1024,262144,24576,128,0,250451,1,1,67108864,256
A1,append-growth-o3,1,256,1,rust-vec,6,0,1024,262144,24576,128,131072,6973541,1,4,67108864,256
A1,append-growth-snapshot-control-o3,1,256,1,rust-vec,6,1,1024,262144,24576,128,0,249246,1,1,67108864,256
A1,append-growth-o3,1,256,1,whitefoot,6,0,1024,262144,24576,128,131072,6332747,1,2,67108864,256
A1,append-growth-snapshot-control-o3,1,256,1,whitefoot,6,1,1024,262144,24576,128,0,250249,1,1,67108864,256
A1,append-growth-o3,0,256,16,whitefoot,0,0,240,983040,5760,65,15600,2592084,16,32,67108864,256
A1,append-growth-snapshot-control-o3,0,256,16,whitefoot,0,1,240,983040,5760,65,0,24708,16,16,67108864,256
A1,append-growth-o3,0,256,16,rust-vec,0,0,240,983040,5760,65,15600,2497539,16,32,67108864,256
A1,append-growth-snapshot-control-o3,0,256,16,rust-vec,0,1,240,983040,5760,65,0,24707,16,16,67108864,256
A1,append-growth-o3,0,256,16,cpp-std-vector,0,0,240,983040,5760,65,15600,2570002,16,32,67108864,256
A1,append-growth-snapshot-control-o3,0,256,16,cpp-std-vector,0,1,240,983040,5760,65,0,28210,16,16,67108864,256
A1,append-growth-o3,0,256,16,rust-vec,1,0,240,983040,5760,65,15600,2359997,16,32,67108864,256
A1,append-growth-snapshot-control-o3,0,256,16,rust-vec,1,1,240,983040,5760,65,0,24918,16,16,67108864,256
A1,append-growth-o3,0,256,16,cpp-std-vector,1,0,240,983040,5760,65,15600,2228670,16,32,67108864,256
A1,append-growth-snapshot-control-o3,0,256,16,cpp-std-vector,1,1,240,983040,5760,65,0,24583,16,16,67108864,256
A1,append-growth-o3,0,256,16,whitefoot,1,0,240,983040,5760,65,15600,2384000,16,32,67108864,256
A1,append-growth-snapshot-control-o3,0,256,16,whitefoot,1,1,240,983040,5760,65,0,24668,16,16,67108864,256
A1,append-growth-o3,0,256,16,cpp-std-vector,2,0,240,983040,5760,65,15600,2171670,16,32,67108864,256
A1,append-growth-snapshot-control-o3,0,256,16,cpp-std-vector,2,1,240,983040,5760,65,0,24627,16,16,67108864,256
A1,append-growth-o3,0,256,16,whitefoot,2,0,240,983040,5760,65,15600,2288416,16,32,67108864,256
A1,append-growth-snapshot-control-o3,0,256,16,whitefoot,2,1,240,983040,5760,65,0,24458,16,16,67108864,256
A1,append-growth-o3,0,256,16,rust-vec,2,0,240,983040,5760,65,15600,2346287,16,32,67108864,256
A1,append-growth-snapshot-control-o3,0,256,16,rust-vec,2,1,240,983040,5760,65,0,24792,16,16,67108864,256
A1,append-growth-o3,0,256,16,whitefoot,3,0,240,983040,5760,65,15600,2289959,16,32,67108864,256
A1,append-growth-snapshot-control-o3,0,256,16,whitefoot,3,1,240,983040,5760,65,0,24622,16,16,67108864,256
A1,append-growth-o3,0,256,16,rust-vec,3,0,240,983040,5760,65,15600,2332373,16,32,67108864,256
A1,append-growth-snapshot-control-o3,0,256,16,rust-vec,3,1,240,983040,5760,65,0,25126,16,16,67108864,256
A1,append-growth-o3,0,256,16,cpp-std-vector,3,0,240,983040,5760,65,15600,2194916,16,32,67108864,256
A1,append-growth-snapshot-control-o3,0,256,16,cpp-std-vector,3,1,240,983040,5760,65,0,24915,16,16,67108864,256
A1,append-growth-o3,0,256,16,rust-vec,4,0,240,983040,5760,65,15600,2373288,16,32,67108864,256
A1,append-growth-snapshot-control-o3,0,256,16,rust-vec,4,1,240,983040,5760,65,0,27499,16,16,67108864,256
A1,append-growth-o3,0,256,16,cpp-std-vector,4,0,240,983040,5760,65,15600,2182622,16,32,67108864,256
A1,append-growth-snapshot-control-o3,0,256,16,cpp-std-vector,4,1,240,983040,5760,65,0,24961,16,16,67108864,256
A1,append-growth-o3,0,256,16,whitefoot,4,0,240,983040,5760,65,15600,2343374,16,32,67108864,256
A1,append-growth-snapshot-control-o3,0,256,16,whitefoot,4,1,240,983040,5760,65,0,26958,16,16,67108864,256
A1,append-growth-o3,0,256,16,cpp-std-vector,5,0,240,983040,5760,65,15600,2246375,16,32,67108864,256
A1,append-growth-snapshot-control-o3,0,256,16,cpp-std-vector,5,1,240,983040,5760,65,0,28000,16,16,67108864,256
A1,append-growth-o3,0,256,16,whitefoot,5,0,240,983040,5760,65,15600,2275918,16,32,67108864,256
A1,append-growth-snapshot-control-o3,0,256,16,whitefoot,5,1,240,983040,5760,65,0,24668,16,16,67108864,256
A1,append-growth-o3,0,256,16,rust-vec,5,0,240,983040,5760,65,15600,2514502,16,32,67108864,256
A1,append-growth-snapshot-control-o3,0,256,16,rust-vec,5,1,240,983040,5760,65,0,26829,16,16,67108864,256
A1,append-growth-o3,0,256,16,whitefoot,6,0,240,983040,5760,65,15600,2462830,16,32,67108864,256
A1,append-growth-snapshot-control-o3,0,256,16,whitefoot,6,1,240,983040,5760,65,0,25416,16,16,67108864,256
A1,append-growth-o3,0,256,16,rust-vec,6,0,240,983040,5760,65,15600,2504333,16,32,67108864,256
A1,append-growth-snapshot-control-o3,0,256,16,rust-vec,6,1,240,983040,5760,65,0,24917,16,16,67108864,256
A1,append-growth-o3,0,256,16,cpp-std-vector,6,0,240,983040,5760,65,15600,2256414,16,32,67108864,256
A1,append-growth-snapshot-control-o3,0,256,16,cpp-std-vector,6,1,240,983040,5760,65,0,25001,16,16,67108864,256
A1,append-growth-o3,1,256,16,cpp-std-vector,0,0,240,983040,5760,65,15600,2158416,16,32,67108864,256
A1,append-growth-snapshot-control-o3,1,256,16,cpp-std-vector,0,1,240,983040,5760,65,0,24873,16,16,67108864,256
A1,append-growth-o3,1,256,16,rust-vec,0,0,240,983040,5760,65,15600,2341460,16,32,67108864,256
A1,append-growth-snapshot-control-o3,1,256,16,rust-vec,0,1,240,983040,5760,65,0,24709,16,16,67108864,256
A1,append-growth-o3,1,256,16,whitefoot,0,0,240,983040,5760,65,15600,2338584,16,32,67108864,256
A1,append-growth-snapshot-control-o3,1,256,16,whitefoot,0,1,240,983040,5760,65,0,24417,16,16,67108864,256
A1,append-growth-o3,1,256,16,rust-vec,1,0,240,983040,5760,65,15600,2335089,16,32,67108864,256
A1,append-growth-snapshot-control-o3,1,256,16,rust-vec,1,1,240,983040,5760,65,0,25585,16,16,67108864,256
A1,append-growth-o3,1,256,16,whitefoot,1,0,240,983040,5760,65,15600,2401212,16,32,67108864,256
A1,append-growth-snapshot-control-o3,1,256,16,whitefoot,1,1,240,983040,5760,65,0,24586,16,16,67108864,256
A1,append-growth-o3,1,256,16,cpp-std-vector,1,0,240,983040,5760,65,15600,2211625,16,32,67108864,256
A1,append-growth-snapshot-control-o3,1,256,16,cpp-std-vector,1,1,240,983040,5760,65,0,24542,16,16,67108864,256
A1,append-growth-o3,1,256,16,whitefoot,2,0,240,983040,5760,65,15600,2338251,16,32,67108864,256
A1,append-growth-snapshot-control-o3,1,256,16,whitefoot,2,1,240,983040,5760,65,0,26293,16,16,67108864,256
A1,append-growth-o3,1,256,16,cpp-std-vector,2,0,240,983040,5760,65,15600,2295415,16,32,67108864,256
A1,append-growth-snapshot-control-o3,1,256,16,cpp-std-vector,2,1,240,983040,5760,65,0,25791,16,16,67108864,256
A1,append-growth-o3,1,256,16,rust-vec,2,0,240,983040,5760,65,15600,2456417,16,32,67108864,256
A1,append-growth-snapshot-control-o3,1,256,16,rust-vec,2,1,240,983040,5760,65,0,25747,16,16,67108864,256
A1,append-growth-o3,1,256,16,cpp-std-vector,3,0,240,983040,5760,65,15600,2244628,16,32,67108864,256
A1,append-growth-snapshot-control-o3,1,256,16,cpp-std-vector,3,1,240,983040,5760,65,0,24584,16,16,67108864,256
A1,append-growth-o3,1,256,16,rust-vec,3,0,240,983040,5760,65,15600,2384126,16,32,67108864,256
A1,append-growth-snapshot-control-o3,1,256,16,rust-vec,3,1,240,983040,5760,65,0,25208,16,16,67108864,256
A1,append-growth-o3,1,256,16,whitefoot,3,0,240,983040,5760,65,15600,2316502,16,32,67108864,256
A1,append-growth-snapshot-control-o3,1,256,16,whitefoot,3,1,240,983040,5760,65,0,24621,16,16,67108864,256
A1,append-growth-o3,1,256,16,rust-vec,4,0,240,983040,5760,65,15600,2345875,16,32,67108864,256
A1,append-growth-snapshot-control-o3,1,256,16,rust-vec,4,1,240,983040,5760,65,0,24792,16,16,67108864,256
A1,append-growth-o3,1,256,16,whitefoot,4,0,240,983040,5760,65,15600,2295292,16,32,67108864,256
A1,append-growth-snapshot-control-o3,1,256,16,whitefoot,4,1,240,983040,5760,65,0,24500,16,16,67108864,256
A1,append-growth-o3,1,256,16,cpp-std-vector,4,0,240,983040,5760,65,15600,2176751,16,32,67108864,256
A1,append-growth-snapshot-control-o3,1,256,16,cpp-std-vector,4,1,240,983040,5760,65,0,25249,16,16,67108864,256
A1,append-growth-o3,1,256,16,whitefoot,5,0,240,983040,5760,65,15600,2330959,16,32,67108864,256
A1,append-growth-snapshot-control-o3,1,256,16,whitefoot,5,1,240,983040,5760,65,0,27043,16,16,67108864,256
A1,append-growth-o3,1,256,16,cpp-std-vector,5,0,240,983040,5760,65,15600,2188955,16,32,67108864,256
A1,append-growth-snapshot-control-o3,1,256,16,cpp-std-vector,5,1,240,983040,5760,65,0,24876,16,16,67108864,256
A1,append-growth-o3,1,256,16,rust-vec,5,0,240,983040,5760,65,15600,2351501,16,32,67108864,256
A1,append-growth-snapshot-control-o3,1,256,16,rust-vec,5,1,240,983040,5760,65,0,25041,16,16,67108864,256
A1,append-growth-o3,1,256,16,cpp-std-vector,6,0,240,983040,5760,65,15600,2179994,16,32,67108864,256
A1,append-growth-snapshot-control-o3,1,256,16,cpp-std-vector,6,1,240,983040,5760,65,0,24543,16,16,67108864,256
A1,append-growth-o3,1,256,16,rust-vec,6,0,240,983040,5760,65,15600,2358579,16,32,67108864,256
A1,append-growth-snapshot-control-o3,1,256,16,rust-vec,6,1,240,983040,5760,65,0,25169,16,16,67108864,256
A1,append-growth-o3,1,256,16,whitefoot,6,0,240,983040,5760,65,15600,2313582,16,32,67108864,256
A1,append-growth-snapshot-control-o3,1,256,16,whitefoot,6,1,240,983040,5760,65,0,25331,16,16,67108864,256
A1,append-growth-o3,0,256,256,whitefoot,0,0,15,983040,360,69,1035,1419882,256,512,67108864,256
A1,append-growth-snapshot-control-o3,0,256,256,whitefoot,0,1,15,983040,360,69,0,1750,256,256,67108864,256
A1,append-growth-o3,0,256,256,rust-vec,0,0,15,983040,360,69,1035,1361828,256,512,67108864,256
A1,append-growth-snapshot-control-o3,0,256,256,rust-vec,0,1,15,983040,360,69,0,1914,256,256,67108864,256
A1,append-growth-o3,0,256,256,cpp-std-vector,0,0,15,983040,360,69,1035,1356796,256,512,67108864,256
A1,append-growth-snapshot-control-o3,0,256,256,cpp-std-vector,0,1,15,983040,360,69,0,2119,256,256,67108864,256
A1,append-growth-o3,0,256,256,rust-vec,1,0,15,983040,360,69,1035,1360498,256,512,67108864,256
A1,append-growth-snapshot-control-o3,0,256,256,rust-vec,1,1,15,983040,360,69,0,1626,256,256,67108864,256
A1,append-growth-o3,0,256,256,cpp-std-vector,1,0,15,983040,360,69,1035,1358124,256,512,67108864,256
A1,append-growth-snapshot-control-o3,0,256,256,cpp-std-vector,1,1,15,983040,360,69,0,1874,256,256,67108864,256
A1,append-growth-o3,0,256,256,whitefoot,1,0,15,983040,360,69,1035,1360916,256,512,67108864,256
A1,append-growth-snapshot-control-o3,0,256,256,whitefoot,1,1,15,983040,360,69,0,1875,256,256,67108864,256
A1,append-growth-o3,0,256,256,cpp-std-vector,2,0,15,983040,360,69,1035,1338251,256,512,67108864,256
A1,append-growth-snapshot-control-o3,0,256,256,cpp-std-vector,2,1,15,983040,360,69,0,1834,256,256,67108864,256
A1,append-growth-o3,0,256,256,whitefoot,2,0,15,983040,360,69,1035,1359919,256,512,67108864,256
A1,append-growth-snapshot-control-o3,0,256,256,whitefoot,2,1,15,983040,360,69,0,1412,256,256,67108864,256
A1,append-growth-o3,0,256,256,rust-vec,2,0,15,983040,360,69,1035,1374210,256,512,67108864,256
A1,append-growth-snapshot-control-o3,0,256,256,rust-vec,2,1,15,983040,360,69,0,1958,256,256,67108864,256
A1,append-growth-o3,0,256,256,whitefoot,3,0,15,983040,360,69,1035,1360125,256,512,67108864,256
A1,append-growth-snapshot-control-o3,0,256,256,whitefoot,3,1,15,983040,360,69,0,1750,256,256,67108864,256
A1,append-growth-o3,0,256,256,rust-vec,3,0,15,983040,360,69,1035,1357669,256,512,67108864,256
A1,append-growth-snapshot-control-o3,0,256,256,rust-vec,3,1,15,983040,360,69,0,1795,256,256,67108864,256
A1,append-growth-o3,0,256,256,cpp-std-vector,3,0,15,983040,360,69,1035,1356041,256,512,67108864,256
A1,append-growth-snapshot-control-o3,0,256,256,cpp-std-vector,3,1,15,983040,360,69,0,2123,256,256,67108864,256
A1,append-growth-o3,0,256,256,rust-vec,4,0,15,983040,360,69,1035,1354454,256,512,67108864,256
A1,append-growth-snapshot-control-o3,0,256,256,rust-vec,4,1,15,983040,360,69,0,1502,256,256,67108864,256
A1,append-growth-o3,0,256,256,cpp-std-vector,4,0,15,983040,360,69,1035,1382666,256,512,67108864,256
A1,append-growth-snapshot-control-o3,0,256,256,cpp-std-vector,4,1,15,983040,360,69,0,2122,256,256,67108864,256
A1,append-growth-o3,0,256,256,whitefoot,4,0,15,983040,360,69,1035,1369787,256,512,67108864,256
A1,append-growth-snapshot-control-o3,0,256,256,whitefoot,4,1,15,983040,360,69,0,1748,256,256,67108864,256
A1,append-growth-o3,0,256,256,cpp-std-vector,5,0,15,983040,360,69,1035,1367085,256,512,67108864,256
A1,append-growth-snapshot-control-o3,0,256,256,cpp-std-vector,5,1,15,983040,360,69,0,1625,256,256,67108864,256
A1,append-growth-o3,0,256,256,whitefoot,5,0,15,983040,360,69,1035,1360497,256,512,67108864,256
A1,append-growth-snapshot-control-o3,0,256,256,whitefoot,5,1,15,983040,360,69,0,1583,256,256,67108864,256
A1,append-growth-o3,0,256,256,rust-vec,5,0,15,983040,360,69,1035,1358252,256,512,67108864,256
A1,append-growth-snapshot-control-o3,0,256,256,rust-vec,5,1,15,983040,360,69,0,1747,256,256,67108864,256
A1,append-growth-o3,0,256,256,whitefoot,6,0,15,983040,360,69,1035,1363664,256,512,67108864,256
A1,append-growth-snapshot-control-o3,0,256,256,whitefoot,6,1,15,983040,360,69,0,1415,256,256,67108864,256
A1,append-growth-o3,0,256,256,rust-vec,6,0,15,983040,360,69,1035,1363328,256,512,67108864,256
A1,append-growth-snapshot-control-o3,0,256,256,rust-vec,6,1,15,983040,360,69,0,1751,256,256,67108864,256
A1,append-growth-o3,0,256,256,cpp-std-vector,6,0,15,983040,360,69,1035,1450789,256,512,67108864,256
A1,append-growth-snapshot-control-o3,0,256,256,cpp-std-vector,6,1,15,983040,360,69,0,2294,256,256,67108864,256
A1,append-growth-o3,1,256,256,cpp-std-vector,0,0,15,983040,360,69,1035,1440871,256,512,67108864,256
A1,append-growth-snapshot-control-o3,1,256,256,cpp-std-vector,0,1,15,983040,360,69,0,2206,256,256,67108864,256
A1,append-growth-o3,1,256,256,rust-vec,0,0,15,983040,360,69,1035,1436248,256,512,67108864,256
A1,append-growth-snapshot-control-o3,1,256,256,rust-vec,0,1,15,983040,360,69,0,1750,256,256,67108864,256
A1,append-growth-o3,1,256,256,whitefoot,0,0,15,983040,360,69,1035,1396585,256,512,67108864,256
A1,append-growth-snapshot-control-o3,1,256,256,whitefoot,0,1,15,983040,360,69,0,1374,256,256,67108864,256
A1,append-growth-o3,1,256,256,rust-vec,1,0,15,983040,360,69,1035,1366213,256,512,67108864,256
A1,append-growth-snapshot-control-o3,1,256,256,rust-vec,1,1,15,983040,360,69,0,1707,256,256,67108864,256
A1,append-growth-o3,1,256,256,whitefoot,1,0,15,983040,360,69,1035,1420502,256,512,67108864,256
A1,append-growth-snapshot-control-o3,1,256,256,whitefoot,1,1,15,983040,360,69,0,1874,256,256,67108864,256
A1,append-growth-o3,1,256,256,cpp-std-vector,1,0,15,983040,360,69,1035,1375121,256,512,67108864,256
A1,append-growth-snapshot-control-o3,1,256,256,cpp-std-vector,1,1,15,983040,360,69,0,2084,256,256,67108864,256
A1,append-growth-o3,1,256,256,whitefoot,2,0,15,983040,360,69,1035,1360086,256,512,67108864,256
A1,append-growth-snapshot-control-o3,1,256,256,whitefoot,2,1,15,983040,360,69,0,1462,256,256,67108864,256
A1,append-growth-o3,1,256,256,cpp-std-vector,2,0,15,983040,360,69,1035,1361377,256,512,67108864,256
A1,append-growth-snapshot-control-o3,1,256,256,cpp-std-vector,2,1,15,983040,360,69,0,2042,256,256,67108864,256
A1,append-growth-o3,1,256,256,rust-vec,2,0,15,983040,360,69,1035,1360335,256,512,67108864,256
A1,append-growth-snapshot-control-o3,1,256,256,rust-vec,2,1,15,983040,360,69,0,1713,256,256,67108864,256
A1,append-growth-o3,1,256,256,cpp-std-vector,3,0,15,983040,360,69,1035,1358372,256,512,67108864,256
A1,append-growth-snapshot-control-o3,1,256,256,cpp-std-vector,3,1,15,983040,360,69,0,1794,256,256,67108864,256
A1,append-growth-o3,1,256,256,rust-vec,3,0,15,983040,360,69,1035,1363333,256,512,67108864,256
A1,append-growth-snapshot-control-o3,1,256,256,rust-vec,3,1,15,983040,360,69,0,1629,256,256,67108864,256
A1,append-growth-o3,1,256,256,whitefoot,3,0,15,983040,360,69,1035,1364000,256,512,67108864,256
A1,append-growth-snapshot-control-o3,1,256,256,whitefoot,3,1,15,983040,360,69,0,1540,256,256,67108864,256
A1,append-growth-o3,1,256,256,rust-vec,4,0,15,983040,360,69,1035,1365000,256,512,67108864,256
A1,append-growth-snapshot-control-o3,1,256,256,rust-vec,4,1,15,983040,360,69,0,1962,256,256,67108864,256
A1,append-growth-o3,1,256,256,whitefoot,4,0,15,983040,360,69,1035,1361622,256,512,67108864,256
A1,append-growth-snapshot-control-o3,1,256,256,whitefoot,4,1,15,983040,360,69,0,1792,256,256,67108864,256
A1,append-growth-o3,1,256,256,cpp-std-vector,4,0,15,983040,360,69,1035,1370625,256,512,67108864,256
A1,append-growth-snapshot-control-o3,1,256,256,cpp-std-vector,4,1,15,983040,360,69,0,2203,256,256,67108864,256
A1,append-growth-o3,1,256,256,whitefoot,5,0,15,983040,360,69,1035,1366924,256,512,67108864,256
A1,append-growth-snapshot-control-o3,1,256,256,whitefoot,5,1,15,983040,360,69,0,1875,256,256,67108864,256
A1,append-growth-o3,1,256,256,cpp-std-vector,5,0,15,983040,360,69,1035,1367082,256,512,67108864,256
A1,append-growth-snapshot-control-o3,1,256,256,cpp-std-vector,5,1,15,983040,360,69,0,2123,256,256,67108864,256
A1,append-growth-o3,1,256,256,rust-vec,5,0,15,983040,360,69,1035,1363298,256,512,67108864,256
A1,append-growth-snapshot-control-o3,1,256,256,rust-vec,5,1,15,983040,360,69,0,1789,256,256,67108864,256
A1,append-growth-o3,1,256,256,cpp-std-vector,6,0,15,983040,360,69,1035,1430376,256,512,67108864,256
A1,append-growth-snapshot-control-o3,1,256,256,cpp-std-vector,6,1,15,983040,360,69,0,1669,256,256,67108864,256
A1,append-growth-o3,1,256,256,rust-vec,6,0,15,983040,360,69,1035,1369331,256,512,67108864,256
A1,append-growth-snapshot-control-o3,1,256,256,rust-vec,6,1,15,983040,360,69,0,1877,256,256,67108864,256
A1,append-growth-o3,1,256,256,whitefoot,6,0,15,983040,360,69,1035,1373666,256,512,67108864,256
A1,append-growth-snapshot-control-o3,1,256,256,whitefoot,6,1,15,983040,360,69,0,2122,256,256,67108864,256
A1,append-growth-o3,0,256,4096,whitefoot,0,0,1,1048576,24,8191,8191,1283182,4096,8192,8589934592,256
A1,append-growth-snapshot-control-o3,0,256,4096,whitefoot,0,1,1,1048576,24,8191,0,142904,4096,4096,8589934592,256
A1,append-growth-o3,0,256,4096,rust-vec,0,0,1,1048576,24,8191,8191,1331263,4096,8192,8589934592,256
A1,append-growth-snapshot-control-o3,0,256,4096,rust-vec,0,1,1,1048576,24,8191,0,136264,4096,4096,8589934592,256
A1,append-growth-o3,0,256,4096,cpp-std-vector,0,0,1,1048576,24,8191,8191,120964281,4096,8192,8589934592,256
A1,append-growth-snapshot-control-o3,0,256,4096,cpp-std-vector,0,1,1,1048576,24,8191,0,137416,4096,4096,8589934592,256
A1,append-growth-o3,0,256,4096,rust-vec,1,0,1,1048576,24,8191,8191,1332932,4096,8192,8589934592,256
A1,append-growth-snapshot-control-o3,0,256,4096,rust-vec,1,1,1,1048576,24,8191,0,133852,4096,4096,8589934592,256
A1,append-growth-o3,0,256,4096,cpp-std-vector,1,0,1,1048576,24,8191,8191,121831079,4096,8192,8589934592,256
A1,append-growth-snapshot-control-o3,0,256,4096,cpp-std-vector,1,1,1,1048576,24,8191,0,134688,4096,4096,8589934592,256
A1,append-growth-o3,0,256,4096,whitefoot,1,0,1,1048576,24,8191,8191,1272905,4096,8192,8589934592,256
A1,append-growth-snapshot-control-o3,0,256,4096,whitefoot,1,1,1,1048576,24,8191,0,140756,4096,4096,8589934592,256
A1,append-growth-o3,0,256,4096,cpp-std-vector,2,0,1,1048576,24,8191,8191,121063953,4096,8192,8589934592,256
A1,append-growth-snapshot-control-o3,0,256,4096,cpp-std-vector,2,1,1,1048576,24,8191,0,135700,4096,4096,8589934592,256
A1,append-growth-o3,0,256,4096,whitefoot,2,0,1,1048576,24,8191,8191,1318221,4096,8192,8589934592,256
A1,append-growth-snapshot-control-o3,0,256,4096,whitefoot,2,1,1,1048576,24,8191,0,139872,4096,4096,8589934592,256
A1,append-growth-o3,0,256,4096,rust-vec,2,0,1,1048576,24,8191,8191,1331619,4096,8192,8589934592,256
A1,append-growth-snapshot-control-o3,0,256,4096,rust-vec,2,1,1,1048576,24,8191,0,137157,4096,4096,8589934592,256
A1,append-growth-o3,0,256,4096,whitefoot,3,0,1,1048576,24,8191,8191,1282530,4096,8192,8589934592,256
A1,append-growth-snapshot-control-o3,0,256,4096,whitefoot,3,1,1,1048576,24,8191,0,142323,4096,4096,8589934592,256
A1,append-growth-o3,0,256,4096,rust-vec,3,0,1,1048576,24,8191,8191,1351366,4096,8192,8589934592,256
A1,append-growth-snapshot-control-o3,0,256,4096,rust-vec,3,1,1,1048576,24,8191,0,137790,4096,4096,8589934592,256
A1,append-growth-o3,0,256,4096,cpp-std-vector,3,0,1,1048576,24,8191,8191,121162340,4096,8192,8589934592,256
A1,append-growth-snapshot-control-o3,0,256,4096,cpp-std-vector,3,1,1,1048576,24,8191,0,134633,4096,4096,8589934592,256
A1,append-growth-o3,0,256,4096,rust-vec,4,0,1,1048576,24,8191,8191,1357449,4096,8192,8589934592,256
A1,append-growth-snapshot-control-o3,0,256,4096,rust-vec,4,1,1,1048576,24,8191,0,134671,4096,4096,8589934592,256
A1,append-growth-o3,0,256,4096,cpp-std-vector,4,0,1,1048576,24,8191,8191,121392228,4096,8192,8589934592,256
A1,append-growth-snapshot-control-o3,0,256,4096,cpp-std-vector,4,1,1,1048576,24,8191,0,136922,4096,4096,8589934592,256
A1,append-growth-o3,0,256,4096,whitefoot,4,0,1,1048576,24,8191,8191,1296224,4096,8192,8589934592,256
A1,append-growth-snapshot-control-o3,0,256,4096,whitefoot,4,1,1,1048576,24,8191,0,144384,4096,4096,8589934592,256
A1,append-growth-o3,0,256,4096,cpp-std-vector,5,0,1,1048576,24,8191,8191,121114155,4096,8192,8589934592,256
A1,append-growth-snapshot-control-o3,0,256,4096,cpp-std-vector,5,1,1,1048576,24,8191,0,133839,4096,4096,8589934592,256
A1,append-growth-o3,0,256,4096,whitefoot,5,0,1,1048576,24,8191,8191,1288906,4096,8192,8589934592,256
A1,append-growth-snapshot-control-o3,0,256,4096,whitefoot,5,1,1,1048576,24,8191,0,137459,4096,4096,8589934592,256
A1,append-growth-o3,0,256,4096,rust-vec,5,0,1,1048576,24,8191,8191,1268383,4096,8192,8589934592,256
A1,append-growth-snapshot-control-o3,0,256,4096,rust-vec,5,1,1,1048576,24,8191,0,135570,4096,4096,8589934592,256
A1,append-growth-o3,0,256,4096,whitefoot,6,0,1,1048576,24,8191,8191,1244225,4096,8192,8589934592,256
A1,append-growth-snapshot-control-o3,0,256,4096,whitefoot,6,1,1,1048576,24,8191,0,137896,4096,4096,8589934592,256
A1,append-growth-o3,0,256,4096,rust-vec,6,0,1,1048576,24,8191,8191,1287538,4096,8192,8589934592,256
A1,append-growth-snapshot-control-o3,0,256,4096,rust-vec,6,1,1,1048576,24,8191,0,134661,4096,4096,8589934592,256
A1,append-growth-o3,0,256,4096,cpp-std-vector,6,0,1,1048576,24,8191,8191,120464142,4096,8192,8589934592,256
A1,append-growth-snapshot-control-o3,0,256,4096,cpp-std-vector,6,1,1,1048576,24,8191,0,141007,4096,4096,8589934592,256
A1,append-growth-o3,1,256,4096,cpp-std-vector,0,0,1,1048576,24,8191,8191,120985299,4096,8192,8589934592,256
A1,append-growth-snapshot-control-o3,1,256,4096,cpp-std-vector,0,1,1,1048576,24,8191,0,136443,4096,4096,8589934592,256
A1,append-growth-o3,1,256,4096,rust-vec,0,0,1,1048576,24,8191,8191,1274823,4096,8192,8589934592,256
A1,append-growth-snapshot-control-o3,1,256,4096,rust-vec,0,1,1,1048576,24,8191,0,134763,4096,4096,8589934592,256
A1,append-growth-o3,1,256,4096,whitefoot,0,0,1,1048576,24,8191,8191,1258938,4096,8192,8589934592,256
A1,append-growth-snapshot-control-o3,1,256,4096,whitefoot,0,1,1,1048576,24,8191,0,135896,4096,4096,8589934592,256
A1,append-growth-o3,1,256,4096,rust-vec,1,0,1,1048576,24,8191,8191,1263563,4096,8192,8589934592,256
A1,append-growth-snapshot-control-o3,1,256,4096,rust-vec,1,1,1,1048576,24,8191,0,132908,4096,4096,8589934592,256
A1,append-growth-o3,1,256,4096,whitefoot,1,0,1,1048576,24,8191,8191,1294868,4096,8192,8589934592,256
A1,append-growth-snapshot-control-o3,1,256,4096,whitefoot,1,1,1,1048576,24,8191,0,141028,4096,4096,8589934592,256
A1,append-growth-o3,1,256,4096,cpp-std-vector,1,0,1,1048576,24,8191,8191,120258700,4096,8192,8589934592,256
A1,append-growth-snapshot-control-o3,1,256,4096,cpp-std-vector,1,1,1,1048576,24,8191,0,135434,4096,4096,8589934592,256
A1,append-growth-o3,1,256,4096,whitefoot,2,0,1,1048576,24,8191,8191,1215999,4096,8192,8589934592,256
A1,append-growth-snapshot-control-o3,1,256,4096,whitefoot,2,1,1,1048576,24,8191,0,141472,4096,4096,8589934592,256
A1,append-growth-o3,1,256,4096,cpp-std-vector,2,0,1,1048576,24,8191,8191,120738642,4096,8192,8589934592,256
A1,append-growth-snapshot-control-o3,1,256,4096,cpp-std-vector,2,1,1,1048576,24,8191,0,135338,4096,4096,8589934592,256
A1,append-growth-o3,1,256,4096,rust-vec,2,0,1,1048576,24,8191,8191,1326311,4096,8192,8589934592,256
A1,append-growth-snapshot-control-o3,1,256,4096,rust-vec,2,1,1,1048576,24,8191,0,132485,4096,4096,8589934592,256
A1,append-growth-o3,1,256,4096,cpp-std-vector,3,0,1,1048576,24,8191,8191,120269063,4096,8192,8589934592,256
A1,append-growth-snapshot-control-o3,1,256,4096,cpp-std-vector,3,1,1,1048576,24,8191,0,131651,4096,4096,8589934592,256
A1,append-growth-o3,1,256,4096,rust-vec,3,0,1,1048576,24,8191,8191,1269251,4096,8192,8589934592,256
A1,append-growth-snapshot-control-o3,1,256,4096,rust-vec,3,1,1,1048576,24,8191,0,135972,4096,4096,8589934592,256
A1,append-growth-o3,1,256,4096,whitefoot,3,0,1,1048576,24,8191,8191,1228566,4096,8192,8589934592,256
A1,append-growth-snapshot-control-o3,1,256,4096,whitefoot,3,1,1,1048576,24,8191,0,135589,4096,4096,8589934592,256
A1,append-growth-o3,1,256,4096,rust-vec,4,0,1,1048576,24,8191,8191,1294934,4096,8192,8589934592,256
A1,append-growth-snapshot-control-o3,1,256,4096,rust-vec,4,1,1,1048576,24,8191,0,134882,4096,4096,8589934592,256
A1,append-growth-o3,1,256,4096,whitefoot,4,0,1,1048576,24,8191,8191,1250063,4096,8192,8589934592,256
A1,append-growth-snapshot-control-o3,1,256,4096,whitefoot,4,1,1,1048576,24,8191,0,137846,4096,4096,8589934592,256
A1,append-growth-o3,1,256,4096,cpp-std-vector,4,0,1,1048576,24,8191,8191,120401536,4096,8192,8589934592,256
A1,append-growth-snapshot-control-o3,1,256,4096,cpp-std-vector,4,1,1,1048576,24,8191,0,130696,4096,4096,8589934592,256
A1,append-growth-o3,1,256,4096,whitefoot,5,0,1,1048576,24,8191,8191,1235168,4096,8192,8589934592,256
A1,append-growth-snapshot-control-o3,1,256,4096,whitefoot,5,1,1,1048576,24,8191,0,135573,4096,4096,8589934592,256
A1,append-growth-o3,1,256,4096,cpp-std-vector,5,0,1,1048576,24,8191,8191,121718591,4096,8192,8589934592,256
A1,append-growth-snapshot-control-o3,1,256,4096,cpp-std-vector,5,1,1,1048576,24,8191,0,136084,4096,4096,8589934592,256
A1,append-growth-o3,1,256,4096,rust-vec,5,0,1,1048576,24,8191,8191,1283565,4096,8192,8589934592,256
A1,append-growth-snapshot-control-o3,1,256,4096,rust-vec,5,1,1,1048576,24,8191,0,132760,4096,4096,8589934592,256
A1,append-growth-o3,1,256,4096,cpp-std-vector,6,0,1,1048576,24,8191,8191,120161887,4096,8192,8589934592,256
A1,append-growth-snapshot-control-o3,1,256,4096,cpp-std-vector,6,1,1,1048576,24,8191,0,138378,4096,4096,8589934592,256
A1,append-growth-o3,1,256,4096,rust-vec,6,0,1,1048576,24,8191,8191,1269778,4096,8192,8589934592,256
A1,append-growth-snapshot-control-o3,1,256,4096,rust-vec,6,1,1,1048576,24,8191,0,134563,4096,4096,8589934592,256
A1,append-growth-o3,1,256,4096,whitefoot,6,0,1,1048576,24,8191,8191,1255225,4096,8192,8589934592,256
A1,append-growth-snapshot-control-o3,1,256,4096,whitefoot,6,1,1,1048576,24,8191,0,139022,4096,4096,8589934592,256
B1,append-growth-o3,0,8,0,whitefoot,0,0,1024,0,24576,256,262144,2122875,0,1,67108864,256
B1,append-growth-snapshot-control-o3,0,8,0,whitefoot,0,1,1024,0,24576,256,0,248831,0,0,67108864,256
B1,append-growth-o3,0,8,0,rust-vec,0,0,1024,0,24576,256,262144,3168671,0,4,67108864,256
B1,append-growth-snapshot-control-o3,0,8,0,rust-vec,0,1,1024,0,24576,256,0,248922,0,0,67108864,256
B1,append-growth-o3,0,8,0,cpp-std-vector,0,0,1024,0,24576,256,262144,2977212,0,1,67108864,256
B1,append-growth-snapshot-control-o3,0,8,0,cpp-std-vector,0,1,1024,0,24576,256,0,246864,0,0,67108864,256
B1,append-growth-o3,0,8,0,rust-vec,1,0,1024,0,24576,256,262144,3080973,0,4,67108864,256
B1,append-growth-snapshot-control-o3,0,8,0,rust-vec,1,1,1024,0,24576,256,0,247925,0,0,67108864,256
B1,append-growth-o3,0,8,0,cpp-std-vector,1,0,1024,0,24576,256,262144,2879503,0,1,67108864,256
B1,append-growth-snapshot-control-o3,0,8,0,cpp-std-vector,1,1,1024,0,24576,256,0,247659,0,0,67108864,256
B1,append-growth-o3,0,8,0,whitefoot,1,0,1024,0,24576,256,262144,2044671,0,1,67108864,256
B1,append-growth-snapshot-control-o3,0,8,0,whitefoot,1,1,1024,0,24576,256,0,254346,0,0,67108864,256
B1,append-growth-o3,0,8,0,cpp-std-vector,2,0,1024,0,24576,256,262144,2877538,0,1,67108864,256
B1,append-growth-snapshot-control-o3,0,8,0,cpp-std-vector,2,1,1024,0,24576,256,0,248046,0,0,67108864,256
B1,append-growth-o3,0,8,0,whitefoot,2,0,1024,0,24576,256,262144,2045624,0,1,67108864,256
B1,append-growth-snapshot-control-o3,0,8,0,whitefoot,2,1,1024,0,24576,256,0,247248,0,0,67108864,256
B1,append-growth-o3,0,8,0,rust-vec,2,0,1024,0,24576,256,262144,3081124,0,4,67108864,256
B1,append-growth-snapshot-control-o3,0,8,0,rust-vec,2,1,1024,0,24576,256,0,251705,0,0,67108864,256
B1,append-growth-o3,0,8,0,whitefoot,3,0,1024,0,24576,256,262144,2054669,0,1,67108864,256
B1,append-growth-snapshot-control-o3,0,8,0,whitefoot,3,1,1024,0,24576,256,0,247668,0,0,67108864,256
B1,append-growth-o3,0,8,0,rust-vec,3,0,1024,0,24576,256,262144,3104289,0,4,67108864,256
B1,append-growth-snapshot-control-o3,0,8,0,rust-vec,3,1,1024,0,24576,256,0,247581,0,0,67108864,256
B1,append-growth-o3,0,8,0,cpp-std-vector,3,0,1024,0,24576,256,262144,2870503,0,1,67108864,256
B1,append-growth-snapshot-control-o3,0,8,0,cpp-std-vector,3,1,1024,0,24576,256,0,247868,0,0,67108864,256
B1,append-growth-o3,0,8,0,rust-vec,4,0,1024,0,24576,256,262144,3101335,0,4,67108864,256
B1,append-growth-snapshot-control-o3,0,8,0,rust-vec,4,1,1024,0,24576,256,0,249052,0,0,67108864,256
B1,append-growth-o3,0,8,0,cpp-std-vector,4,0,1024,0,24576,256,262144,2876752,0,1,67108864,256
B1,append-growth-snapshot-control-o3,0,8,0,cpp-std-vector,4,1,1024,0,24576,256,0,246042,0,0,67108864,256
B1,append-growth-o3,0,8,0,whitefoot,4,0,1024,0,24576,256,262144,2053707,0,1,67108864,256
B1,append-growth-snapshot-control-o3,0,8,0,whitefoot,4,1,1024,0,24576,256,0,247337,0,0,67108864,256
B1,append-growth-o3,0,8,0,cpp-std-vector,5,0,1024,0,24576,256,262144,2880206,0,1,67108864,256
B1,append-growth-snapshot-control-o3,0,8,0,cpp-std-vector,5,1,1024,0,24576,256,0,247087,0,0,67108864,256
B1,append-growth-o3,0,8,0,whitefoot,5,0,1024,0,24576,256,262144,2045201,0,1,67108864,256
B1,append-growth-snapshot-control-o3,0,8,0,whitefoot,5,1,1024,0,24576,256,0,248745,0,0,67108864,256
B1,append-growth-o3,0,8,0,rust-vec,5,0,1024,0,24576,256,262144,3086873,0,4,67108864,256
B1,append-growth-snapshot-control-o3,0,8,0,rust-vec,5,1,1024,0,24576,256,0,263585,0,0,67108864,256
B1,append-growth-o3,0,8,0,whitefoot,6,0,1024,0,24576,256,262144,2045289,0,1,67108864,256
B1,append-growth-snapshot-control-o3,0,8,0,whitefoot,6,1,1024,0,24576,256,0,260089,0,0,67108864,256
B1,append-growth-o3,0,8,0,rust-vec,6,0,1024,0,24576,256,262144,3249417,0,4,67108864,256
B1,append-growth-snapshot-control-o3,0,8,0,rust-vec,6,1,1024,0,24576,256,0,250550,0,0,67108864,256
B1,append-growth-o3,0,8,0,cpp-std-vector,6,0,1024,0,24576,256,262144,3006918,0,1,67108864,256
B1,append-growth-snapshot-control-o3,0,8,0,cpp-std-vector,6,1,1024,0,24576,256,0,263174,0,0,67108864,256
B1,append-growth-o3,1,8,0,cpp-std-vector,0,0,1024,0,24576,256,262144,2992457,0,1,67108864,256
B1,append-growth-snapshot-control-o3,1,8,0,cpp-std-vector,0,1,1024,0,24576,256,0,261001,0,0,67108864,256
B1,append-growth-o3,1,8,0,rust-vec,0,0,1024,0,24576,256,262144,3240415,0,4,67108864,256
B1,append-growth-snapshot-control-o3,1,8,0,rust-vec,0,1,1024,0,24576,256,0,261124,0,0,67108864,256
B1,append-growth-o3,1,8,0,whitefoot,0,0,1024,0,24576,256,262144,2152923,0,1,67108864,256
B1,append-growth-snapshot-control-o3,1,8,0,whitefoot,0,1,1024,0,24576,256,0,258794,0,0,67108864,256
B1,append-growth-o3,1,8,0,rust-vec,1,0,1024,0,24576,256,262144,3106383,0,4,67108864,256
B1,append-growth-snapshot-control-o3,1,8,0,rust-vec,1,1,1024,0,24576,256,0,248051,0,0,67108864,256
B1,append-growth-o3,1,8,0,whitefoot,1,0,1024,0,24576,256,262144,2081208,0,1,67108864,256
B1,append-growth-snapshot-control-o3,1,8,0,whitefoot,1,1,1024,0,24576,256,0,248003,0,0,67108864,256
B1,append-growth-o3,1,8,0,cpp-std-vector,1,0,1024,0,24576,256,262144,2868949,0,1,67108864,256
B1,append-growth-snapshot-control-o3,1,8,0,cpp-std-vector,1,1,1024,0,24576,256,0,247295,0,0,67108864,256
B1,append-growth-o3,1,8,0,whitefoot,2,0,1024,0,24576,256,262144,2047376,0,1,67108864,256
B1,append-growth-snapshot-control-o3,1,8,0,whitefoot,2,1,1024,0,24576,256,0,247289,0,0,67108864,256
B1,append-growth-o3,1,8,0,cpp-std-vector,2,0,1024,0,24576,256,262144,2888668,0,1,67108864,256
B1,append-growth-snapshot-control-o3,1,8,0,cpp-std-vector,2,1,1024,0,24576,256,0,247957,0,0,67108864,256
B1,append-growth-o3,1,8,0,rust-vec,2,0,1024,0,24576,256,262144,3082954,0,4,67108864,256
B1,append-growth-snapshot-control-o3,1,8,0,rust-vec,2,1,1024,0,24576,256,0,247992,0,0,67108864,256
B1,append-growth-o3,1,8,0,cpp-std-vector,3,0,1024,0,24576,256,262144,2873087,0,1,67108864,256
B1,append-growth-snapshot-control-o3,1,8,0,cpp-std-vector,3,1,1024,0,24576,256,0,247509,0,0,67108864,256
B1,append-growth-o3,1,8,0,rust-vec,3,0,1024,0,24576,256,262144,3095701,0,4,67108864,256
B1,append-growth-snapshot-control-o3,1,8,0,rust-vec,3,1,1024,0,24576,256,0,248158,0,0,67108864,256
B1,append-growth-o3,1,8,0,whitefoot,3,0,1024,0,24576,256,262144,2081752,0,1,67108864,256
B1,append-growth-snapshot-control-o3,1,8,0,whitefoot,3,1,1024,0,24576,256,0,255958,0,0,67108864,256
B1,append-growth-o3,1,8,0,rust-vec,4,0,1024,0,24576,256,262144,3178544,0,4,67108864,256
B1,append-growth-snapshot-control-o3,1,8,0,rust-vec,4,1,1024,0,24576,256,0,256167,0,0,67108864,256
B1,append-growth-o3,1,8,0,whitefoot,4,0,1024,0,24576,256,262144,2091993,0,1,67108864,256
B1,append-growth-snapshot-control-o3,1,8,0,whitefoot,4,1,1024,0,24576,256,0,253803,0,0,67108864,256
B1,append-growth-o3,1,8,0,cpp-std-vector,4,0,1024,0,24576,256,262144,2871285,0,1,67108864,256
B1,append-growth-snapshot-control-o3,1,8,0,cpp-std-vector,4,1,1024,0,24576,256,0,248327,0,0,67108864,256
B1,append-growth-o3,1,8,0,whitefoot,5,0,1024,0,24576,256,262144,2053419,0,1,67108864,256
B1,append-growth-snapshot-control-o3,1,8,0,whitefoot,5,1,1024,0,24576,256,0,248535,0,0,67108864,256
B1,append-growth-o3,1,8,0,cpp-std-vector,5,0,1024,0,24576,256,262144,2862878,0,1,67108864,256
B1,append-growth-snapshot-control-o3,1,8,0,cpp-std-vector,5,1,1024,0,24576,256,0,247615,0,0,67108864,256
B1,append-growth-o3,1,8,0,rust-vec,5,0,1024,0,24576,256,262144,3104163,0,4,67108864,256
B1,append-growth-snapshot-control-o3,1,8,0,rust-vec,5,1,1024,0,24576,256,0,248068,0,0,67108864,256
B1,append-growth-o3,1,8,0,cpp-std-vector,6,0,1024,0,24576,256,262144,2866286,0,1,67108864,256
B1,append-growth-snapshot-control-o3,1,8,0,cpp-std-vector,6,1,1024,0,24576,256,0,246500,0,0,67108864,256
B1,append-growth-o3,1,8,0,rust-vec,6,0,1024,0,24576,256,262144,3080464,0,4,67108864,256
B1,append-growth-snapshot-control-o3,1,8,0,rust-vec,6,1,1024,0,24576,256,0,248615,0,0,67108864,256
B1,append-growth-o3,1,8,0,whitefoot,6,0,1024,0,24576,256,262144,2072174,0,1,67108864,256
B1,append-growth-snapshot-control-o3,1,8,0,whitefoot,6,1,1024,0,24576,256,0,248047,0,0,67108864,256
B1,append-growth-o3,0,8,1,whitefoot,0,0,1024,8192,24576,249,254976,4190675,1,2,67108864,256
B1,append-growth-snapshot-control-o3,0,8,1,whitefoot,0,1,1024,8192,24576,249,0,241041,1,1,67108864,256
B1,append-growth-o3,0,8,1,rust-vec,0,0,1024,8192,24576,249,254976,8351291,1,4,67108864,256
B1,append-growth-snapshot-control-o3,0,8,1,rust-vec,0,1,1024,8192,24576,249,0,240988,1,1,67108864,256
B1,append-growth-o3,0,8,1,cpp-std-vector,0,0,1024,8192,24576,249,254976,4855085,1,2,67108864,256
B1,append-growth-snapshot-control-o3,0,8,1,cpp-std-vector,0,1,1024,8192,24576,249,0,240444,1,1,67108864,256
B1,append-growth-o3,0,8,1,rust-vec,1,0,1024,8192,24576,249,254976,8254627,1,4,67108864,256
B1,append-growth-snapshot-control-o3,0,8,1,rust-vec,1,1,1024,8192,24576,249,0,242037,1,1,67108864,256
B1,append-growth-o3,0,8,1,cpp-std-vector,1,0,1024,8192,24576,249,254976,4850409,1,2,67108864,256
B1,append-growth-snapshot-control-o3,0,8,1,cpp-std-vector,1,1,1024,8192,24576,249,0,239989,1,1,67108864,256
B1,append-growth-o3,0,8,1,whitefoot,1,0,1024,8192,24576,249,254976,4206949,1,2,67108864,256
B1,append-growth-snapshot-control-o3,0,8,1,whitefoot,1,1,1024,8192,24576,249,0,240673,1,1,67108864,256
B1,append-growth-o3,0,8,1,cpp-std-vector,2,0,1024,8192,24576,249,254976,4853884,1,2,67108864,256
B1,append-growth-snapshot-control-o3,0,8,1,cpp-std-vector,2,1,1024,8192,24576,249,0,240744,1,1,67108864,256
B1,append-growth-o3,0,8,1,whitefoot,2,0,1024,8192,24576,249,254976,4219711,1,2,67108864,256
B1,append-growth-snapshot-control-o3,0,8,1,whitefoot,2,1,1024,8192,24576,249,0,244325,1,1,67108864,256
B1,append-growth-o3,0,8,1,rust-vec,2,0,1024,8192,24576,249,254976,8245214,1,4,67108864,256
B1,append-growth-snapshot-control-o3,0,8,1,rust-vec,2,1,1024,8192,24576,249,0,248413,1,1,67108864,256
B1,append-growth-o3,0,8,1,whitefoot,3,0,1024,8192,24576,249,254976,4266997,1,2,67108864,256
B1,append-growth-snapshot-control-o3,0,8,1,whitefoot,3,1,1024,8192,24576,249,0,244757,1,1,67108864,256
B1,append-growth-o3,0,8,1,rust-vec,3,0,1024,8192,24576,249,254976,8229632,1,4,67108864,256
B1,append-growth-snapshot-control-o3,0,8,1,rust-vec,3,1,1024,8192,24576,249,0,248757,1,1,67108864,256
B1,append-growth-o3,0,8,1,cpp-std-vector,3,0,1024,8192,24576,249,254976,4859878,1,2,67108864,256
B1,append-growth-snapshot-control-o3,0,8,1,cpp-std-vector,3,1,1024,8192,24576,249,0,258248,1,1,67108864,256
B1,append-growth-o3,0,8,1,rust-vec,4,0,1024,8192,24576,249,254976,8460169,1,4,67108864,256
B1,append-growth-snapshot-control-o3,0,8,1,rust-vec,4,1,1024,8192,24576,249,0,267993,1,1,67108864,256
B1,append-growth-o3,0,8,1,cpp-std-vector,4,0,1024,8192,24576,249,254976,4845457,1,2,67108864,256
B1,append-growth-snapshot-control-o3,0,8,1,cpp-std-vector,4,1,1024,8192,24576,249,0,240406,1,1,67108864,256
B1,append-growth-o3,0,8,1,whitefoot,4,0,1024,8192,24576,249,254976,4207211,1,2,67108864,256
B1,append-growth-snapshot-control-o3,0,8,1,whitefoot,4,1,1024,8192,24576,249,0,241502,1,1,67108864,256
B1,append-growth-o3,0,8,1,cpp-std-vector,5,0,1024,8192,24576,249,254976,4850374,1,2,67108864,256
B1,append-growth-snapshot-control-o3,0,8,1,cpp-std-vector,5,1,1024,8192,24576,249,0,240710,1,1,67108864,256
B1,append-growth-o3,0,8,1,whitefoot,5,0,1024,8192,24576,249,254976,4182864,1,2,67108864,256
B1,append-growth-snapshot-control-o3,0,8,1,whitefoot,5,1,1024,8192,24576,249,0,299365,1,1,67108864,256
B1,append-growth-o3,0,8,1,rust-vec,5,0,1024,8192,24576,249,254976,8242338,1,4,67108864,256
B1,append-growth-snapshot-control-o3,0,8,1,rust-vec,5,1,1024,8192,24576,249,0,248008,1,1,67108864,256
B1,append-growth-o3,0,8,1,whitefoot,6,0,1024,8192,24576,249,254976,4177760,1,2,67108864,256
B1,append-growth-snapshot-control-o3,0,8,1,whitefoot,6,1,1024,8192,24576,249,0,240789,1,1,67108864,256
B1,append-growth-o3,0,8,1,rust-vec,6,0,1024,8192,24576,249,254976,8211045,1,4,67108864,256
B1,append-growth-snapshot-control-o3,0,8,1,rust-vec,6,1,1024,8192,24576,249,0,243786,1,1,67108864,256
B1,append-growth-o3,0,8,1,cpp-std-vector,6,0,1024,8192,24576,249,254976,4864659,1,2,67108864,256
B1,append-growth-snapshot-control-o3,0,8,1,cpp-std-vector,6,1,1024,8192,24576,249,0,244378,1,1,67108864,256
B1,append-growth-o3,1,8,1,cpp-std-vector,0,0,1024,8192,24576,249,254976,4850827,1,2,67108864,256
B1,append-growth-snapshot-control-o3,1,8,1,cpp-std-vector,0,1,1024,8192,24576,249,0,243713,1,1,67108864,256
B1,append-growth-o3,1,8,1,rust-vec,0,0,1024,8192,24576,249,254976,8231128,1,4,67108864,256
B1,append-growth-snapshot-control-o3,1,8,1,rust-vec,0,1,1024,8192,24576,249,0,240876,1,1,67108864,256
B1,append-growth-o3,1,8,1,whitefoot,0,0,1024,8192,24576,249,254976,4192748,1,2,67108864,256
B1,append-growth-snapshot-control-o3,1,8,1,whitefoot,0,1,1024,8192,24576,249,0,240656,1,1,67108864,256
B1,append-growth-o3,1,8,1,rust-vec,1,0,1024,8192,24576,249,254976,8236544,1,4,67108864,256
B1,append-growth-snapshot-control-o3,1,8,1,rust-vec,1,1,1024,8192,24576,249,0,240874,1,1,67108864,256
B1,append-growth-o3,1,8,1,whitefoot,1,0,1024,8192,24576,249,254976,4218377,1,2,67108864,256
B1,append-growth-snapshot-control-o3,1,8,1,whitefoot,1,1,1024,8192,24576,249,0,242334,1,1,67108864,256
B1,append-growth-o3,1,8,1,cpp-std-vector,1,0,1024,8192,24576,249,254976,4848129,1,2,67108864,256
B1,append-growth-snapshot-control-o3,1,8,1,cpp-std-vector,1,1,1024,8192,24576,249,0,241632,1,1,67108864,256
B1,append-growth-o3,1,8,1,whitefoot,2,0,1024,8192,24576,249,254976,4206494,1,2,67108864,256
B1,append-growth-snapshot-control-o3,1,8,1,whitefoot,2,1,1024,8192,24576,249,0,241162,1,1,67108864,256
B1,append-growth-o3,1,8,1,cpp-std-vector,2,0,1024,8192,24576,249,254976,4848534,1,2,67108864,256
B1,append-growth-snapshot-control-o3,1,8,1,cpp-std-vector,2,1,1024,8192,24576,249,0,240338,1,1,67108864,256
B1,append-growth-o3,1,8,1,rust-vec,2,0,1024,8192,24576,249,254976,8256294,1,4,67108864,256
B1,append-growth-snapshot-control-o3,1,8,1,rust-vec,2,1,1024,8192,24576,249,0,241166,1,1,67108864,256
B1,append-growth-o3,1,8,1,cpp-std-vector,3,0,1024,8192,24576,249,254976,4851963,1,2,67108864,256
B1,append-growth-snapshot-control-o3,1,8,1,cpp-std-vector,3,1,1024,8192,24576,249,0,244369,1,1,67108864,256
B1,append-growth-o3,1,8,1,rust-vec,3,0,1024,8192,24576,249,254976,8242001,1,4,67108864,256
B1,append-growth-snapshot-control-o3,1,8,1,rust-vec,3,1,1024,8192,24576,249,0,240300,1,1,67108864,256
B1,append-growth-o3,1,8,1,whitefoot,3,0,1024,8192,24576,249,254976,4244005,1,2,67108864,256
B1,append-growth-snapshot-control-o3,1,8,1,whitefoot,3,1,1024,8192,24576,249,0,245248,1,1,67108864,256
B1,append-growth-o3,1,8,1,rust-vec,4,0,1024,8192,24576,249,254976,8230459,1,4,67108864,256
B1,append-growth-snapshot-control-o3,1,8,1,rust-vec,4,1,1024,8192,24576,249,0,241712,1,1,67108864,256
B1,append-growth-o3,1,8,1,whitefoot,4,0,1024,8192,24576,249,254976,4212498,1,2,67108864,256
B1,append-growth-snapshot-control-o3,1,8,1,whitefoot,4,1,1024,8192,24576,249,0,241255,1,1,67108864,256
B1,append-growth-o3,1,8,1,cpp-std-vector,4,0,1024,8192,24576,249,254976,4857966,1,2,67108864,256
B1,append-growth-snapshot-control-o3,1,8,1,cpp-std-vector,4,1,1024,8192,24576,249,0,240992,1,1,67108864,256
B1,append-growth-o3,1,8,1,whitefoot,5,0,1024,8192,24576,249,254976,4198504,1,2,67108864,256
B1,append-growth-snapshot-control-o3,1,8,1,whitefoot,5,1,1024,8192,24576,249,0,240211,1,1,67108864,256
B1,append-growth-o3,1,8,1,cpp-std-vector,5,0,1024,8192,24576,249,254976,4851501,1,2,67108864,256
B1,append-growth-snapshot-control-o3,1,8,1,cpp-std-vector,5,1,1024,8192,24576,249,0,240054,1,1,67108864,256
B1,append-growth-o3,1,8,1,rust-vec,5,0,1024,8192,24576,249,254976,8254242,1,4,67108864,256
B1,append-growth-snapshot-control-o3,1,8,1,rust-vec,5,1,1024,8192,24576,249,0,241494,1,1,67108864,256
B1,append-growth-o3,1,8,1,cpp-std-vector,6,0,1024,8192,24576,249,254976,4854124,1,2,67108864,256
B1,append-growth-snapshot-control-o3,1,8,1,cpp-std-vector,6,1,1024,8192,24576,249,0,240160,1,1,67108864,256
B1,append-growth-o3,1,8,1,rust-vec,6,0,1024,8192,24576,249,254976,8599409,1,4,67108864,256
B1,append-growth-snapshot-control-o3,1,8,1,rust-vec,6,1,1024,8192,24576,249,0,243792,1,1,67108864,256
B1,append-growth-o3,1,8,1,whitefoot,6,0,1024,8192,24576,249,254976,4349217,1,2,67108864,256
B1,append-growth-snapshot-control-o3,1,8,1,whitefoot,6,1,1024,8192,24576,249,0,254919,1,1,67108864,256
B1,append-growth-o3,0,8,16,whitefoot,0,0,1024,131072,24576,171,175104,4234003,16,32,67108864,256
B1,append-growth-snapshot-control-o3,0,8,16,whitefoot,0,1,1024,131072,24576,171,0,352289,16,16,67108864,256
B1,append-growth-o3,0,8,16,rust-vec,0,0,1024,131072,24576,171,175104,6593531,16,32,67108864,256
B1,append-growth-snapshot-control-o3,0,8,16,rust-vec,0,1,1024,131072,24576,171,0,329920,16,16,67108864,256
B1,append-growth-o3,0,8,16,cpp-std-vector,0,0,1024,131072,24576,171,175104,4607872,16,32,67108864,256
B1,append-growth-snapshot-control-o3,0,8,16,cpp-std-vector,0,1,1024,131072,24576,171,0,333707,16,16,67108864,256
B1,append-growth-o3,0,8,16,rust-vec,1,0,1024,131072,24576,171,175104,6428132,16,32,67108864,256
B1,append-growth-snapshot-control-o3,0,8,16,rust-vec,1,1,1024,131072,24576,171,0,331254,16,16,67108864,256
B1,append-growth-o3,0,8,16,cpp-std-vector,1,0,1024,131072,24576,171,175104,4463668,16,32,67108864,256
B1,append-growth-snapshot-control-o3,0,8,16,cpp-std-vector,1,1,1024,131072,24576,171,0,331423,16,16,67108864,256
B1,append-growth-o3,0,8,16,whitefoot,1,0,1024,131072,24576,171,175104,3926704,16,32,67108864,256
B1,append-growth-snapshot-control-o3,0,8,16,whitefoot,1,1,1024,131072,24576,171,0,334037,16,16,67108864,256
B1,append-growth-o3,0,8,16,cpp-std-vector,2,0,1024,131072,24576,171,175104,4488040,16,32,67108864,256
B1,append-growth-snapshot-control-o3,0,8,16,cpp-std-vector,2,1,1024,131072,24576,171,0,340503,16,16,67108864,256
B1,append-growth-o3,0,8,16,whitefoot,2,0,1024,131072,24576,171,175104,4002336,16,32,67108864,256
B1,append-growth-snapshot-control-o3,0,8,16,whitefoot,2,1,1024,131072,24576,171,0,327673,16,16,67108864,256
B1,append-growth-o3,0,8,16,rust-vec,2,0,1024,131072,24576,171,175104,6433628,16,32,67108864,256
B1,append-growth-snapshot-control-o3,0,8,16,rust-vec,2,1,1024,131072,24576,171,0,330253,16,16,67108864,256
B1,append-growth-o3,0,8,16,whitefoot,3,0,1024,131072,24576,171,175104,3919250,16,32,67108864,256
B1,append-growth-snapshot-control-o3,0,8,16,whitefoot,3,1,1024,131072,24576,171,0,331424,16,16,67108864,256
B1,append-growth-o3,0,8,16,rust-vec,3,0,1024,131072,24576,171,175104,6464709,16,32,67108864,256
B1,append-growth-snapshot-control-o3,0,8,16,rust-vec,3,1,1024,131072,24576,171,0,332324,16,16,67108864,256
B1,append-growth-o3,0,8,16,cpp-std-vector,3,0,1024,131072,24576,171,175104,4459588,16,32,67108864,256
B1,append-growth-snapshot-control-o3,0,8,16,cpp-std-vector,3,1,1024,131072,24576,171,0,333880,16,16,67108864,256
B1,append-growth-o3,0,8,16,rust-vec,4,0,1024,131072,24576,171,175104,6412795,16,32,67108864,256
B1,append-growth-snapshot-control-o3,0,8,16,rust-vec,4,1,1024,131072,24576,171,0,336949,16,16,67108864,256
B1,append-growth-o3,0,8,16,cpp-std-vector,4,0,1024,131072,24576,171,175104,4464459,16,32,67108864,256
B1,append-growth-snapshot-control-o3,0,8,16,cpp-std-vector,4,1,1024,131072,24576,171,0,332297,16,16,67108864,256
B1,append-growth-o3,0,8,16,whitefoot,4,0,1024,131072,24576,171,175104,3945669,16,32,67108864,256
B1,append-growth-snapshot-control-o3,0,8,16,whitefoot,4,1,1024,131072,24576,171,0,330502,16,16,67108864,256
B1,append-growth-o3,0,8,16,cpp-std-vector,5,0,1024,131072,24576,171,175104,4454829,16,32,67108864,256
B1,append-growth-snapshot-control-o3,0,8,16,cpp-std-vector,5,1,1024,131072,24576,171,0,330847,16,16,67108864,256
B1,append-growth-o3,0,8,16,whitefoot,5,0,1024,131072,24576,171,175104,3953171,16,32,67108864,256
B1,append-growth-snapshot-control-o3,0,8,16,whitefoot,5,1,1024,131072,24576,171,0,331334,16,16,67108864,256
B1,append-growth-o3,0,8,16,rust-vec,5,0,1024,131072,24576,171,175104,6412578,16,32,67108864,256
B1,append-growth-snapshot-control-o3,0,8,16,rust-vec,5,1,1024,131072,24576,171,0,333551,16,16,67108864,256
B1,append-growth-o3,0,8,16,whitefoot,6,0,1024,131072,24576,171,175104,3947044,16,32,67108864,256
B1,append-growth-snapshot-control-o3,0,8,16,whitefoot,6,1,1024,131072,24576,171,0,330587,16,16,67108864,256
B1,append-growth-o3,0,8,16,rust-vec,6,0,1024,131072,24576,171,175104,6432665,16,32,67108864,256
B1,append-growth-snapshot-control-o3,0,8,16,rust-vec,6,1,1024,131072,24576,171,0,328197,16,16,67108864,256
B1,append-growth-o3,0,8,16,cpp-std-vector,6,0,1024,131072,24576,171,175104,4449130,16,32,67108864,256
B1,append-growth-snapshot-control-o3,0,8,16,cpp-std-vector,6,1,1024,131072,24576,171,0,333405,16,16,67108864,256
B1,append-growth-o3,1,8,16,cpp-std-vector,0,0,1024,131072,24576,171,175104,4475370,16,32,67108864,256
B1,append-growth-snapshot-control-o3,1,8,16,cpp-std-vector,0,1,1024,131072,24576,171,0,333206,16,16,67108864,256
B1,append-growth-o3,1,8,16,rust-vec,0,0,1024,131072,24576,171,175104,6427503,16,32,67108864,256
B1,append-growth-snapshot-control-o3,1,8,16,rust-vec,0,1,1024,131072,24576,171,0,327463,16,16,67108864,256
B1,append-growth-o3,1,8,16,whitefoot,0,0,1024,131072,24576,171,175104,3941000,16,32,67108864,256
B1,append-growth-snapshot-control-o3,1,8,16,whitefoot,0,1,1024,131072,24576,171,0,328591,16,16,67108864,256
B1,append-growth-o3,1,8,16,rust-vec,1,0,1024,131072,24576,171,175104,6420879,16,32,67108864,256
B1,append-growth-snapshot-control-o3,1,8,16,rust-vec,1,1,1024,131072,24576,171,0,329087,16,16,67108864,256
B1,append-growth-o3,1,8,16,whitefoot,1,0,1024,131072,24576,171,175104,3944701,16,32,67108864,256
B1,append-growth-snapshot-control-o3,1,8,16,whitefoot,1,1,1024,131072,24576,171,0,330385,16,16,67108864,256
B1,append-growth-o3,1,8,16,cpp-std-vector,1,0,1024,131072,24576,171,175104,4480541,16,32,67108864,256
B1,append-growth-snapshot-control-o3,1,8,16,cpp-std-vector,1,1,1024,131072,24576,171,0,338581,16,16,67108864,256
B1,append-growth-o3,1,8,16,whitefoot,2,0,1024,131072,24576,171,175104,3949711,16,32,67108864,256
B1,append-growth-snapshot-control-o3,1,8,16,whitefoot,2,1,1024,131072,24576,171,0,331424,16,16,67108864,256
B1,append-growth-o3,1,8,16,cpp-std-vector,2,0,1024,131072,24576,171,175104,4630420,16,32,67108864,256
B1,append-growth-snapshot-control-o3,1,8,16,cpp-std-vector,2,1,1024,131072,24576,171,0,333755,16,16,67108864,256
B1,append-growth-o3,1,8,16,rust-vec,2,0,1024,131072,24576,171,175104,6465116,16,32,67108864,256
B1,append-growth-snapshot-control-o3,1,8,16,rust-vec,2,1,1024,131072,24576,171,0,327170,16,16,67108864,256
B1,append-growth-o3,1,8,16,cpp-std-vector,3,0,1024,131072,24576,171,175104,4452292,16,32,67108864,256
B1,append-growth-snapshot-control-o3,1,8,16,cpp-std-vector,3,1,1024,131072,24576,171,0,331965,16,16,67108864,256
B1,append-growth-o3,1,8,16,rust-vec,3,0,1024,131072,24576,171,175104,6413508,16,32,67108864,256
B1,append-growth-snapshot-control-o3,1,8,16,rust-vec,3,1,1024,131072,24576,171,0,332699,16,16,67108864,256
B1,append-growth-o3,1,8,16,whitefoot,3,0,1024,131072,24576,171,175104,3951085,16,32,67108864,256
B1,append-growth-snapshot-control-o3,1,8,16,whitefoot,3,1,1024,131072,24576,171,0,331092,16,16,67108864,256
B1,append-growth-o3,1,8,16,rust-vec,4,0,1024,131072,24576,171,175104,6429994,16,32,67108864,256
B1,append-growth-snapshot-control-o3,1,8,16,rust-vec,4,1,1024,131072,24576,171,0,333879,16,16,67108864,256
B1,append-growth-o3,1,8,16,whitefoot,4,0,1024,131072,24576,171,175104,3920248,16,32,67108864,256
B1,append-growth-snapshot-control-o3,1,8,16,whitefoot,4,1,1024,131072,24576,171,0,328707,16,16,67108864,256
B1,append-growth-o3,1,8,16,cpp-std-vector,4,0,1024,131072,24576,171,175104,4474790,16,32,67108864,256
B1,append-growth-snapshot-control-o3,1,8,16,cpp-std-vector,4,1,1024,131072,24576,171,0,331909,16,16,67108864,256
B1,append-growth-o3,1,8,16,whitefoot,5,0,1024,131072,24576,171,175104,3914038,16,32,67108864,256
B1,append-growth-snapshot-control-o3,1,8,16,whitefoot,5,1,1024,131072,24576,171,0,331085,16,16,67108864,256
B1,append-growth-o3,1,8,16,cpp-std-vector,5,0,1024,131072,24576,171,175104,4460534,16,32,67108864,256
B1,append-growth-snapshot-control-o3,1,8,16,cpp-std-vector,5,1,1024,131072,24576,171,0,331826,16,16,67108864,256
B1,append-growth-o3,1,8,16,rust-vec,5,0,1024,131072,24576,171,175104,6432247,16,32,67108864,256
B1,append-growth-snapshot-control-o3,1,8,16,rust-vec,5,1,1024,131072,24576,171,0,331756,16,16,67108864,256
B1,append-growth-o3,1,8,16,cpp-std-vector,6,0,1024,131072,24576,171,175104,4460668,16,32,67108864,256
B1,append-growth-snapshot-control-o3,1,8,16,cpp-std-vector,6,1,1024,131072,24576,171,0,350450,16,16,67108864,256
B1,append-growth-o3,1,8,16,rust-vec,6,0,1024,131072,24576,171,175104,6860088,16,32,67108864,256
B1,append-growth-snapshot-control-o3,1,8,16,rust-vec,6,1,1024,131072,24576,171,0,349705,16,16,67108864,256
B1,append-growth-o3,1,8,16,whitefoot,6,0,1024,131072,24576,171,175104,4122668,16,32,67108864,256
B1,append-growth-snapshot-control-o3,1,8,16,whitefoot,6,1,1024,131072,24576,171,0,354079,16,16,67108864,256
B1,append-growth-o3,0,8,256,whitefoot,0,0,455,931840,10920,65,29575,2799794,256,512,67108864,256
B1,append-growth-snapshot-control-o3,0,8,256,whitefoot,0,1,455,931840,10920,65,0,52508,256,256,67108864,256
B1,append-growth-o3,0,8,256,rust-vec,0,0,455,931840,10920,65,29575,3149293,256,512,67108864,256
B1,append-growth-snapshot-control-o3,0,8,256,rust-vec,0,1,455,931840,10920,65,0,58208,256,256,67108864,256
B1,append-growth-o3,0,8,256,cpp-std-vector,0,0,455,931840,10920,65,29575,2865416,256,512,67108864,256
B1,append-growth-snapshot-control-o3,0,8,256,cpp-std-vector,0,1,455,931840,10920,65,0,52922,256,256,67108864,256
B1,append-growth-o3,0,8,256,rust-vec,1,0,455,931840,10920,65,29575,3178292,256,512,67108864,256
B1,append-growth-snapshot-control-o3,0,8,256,rust-vec,1,1,455,931840,10920,65,0,54585,256,256,67108864,256
B1,append-growth-o3,0,8,256,cpp-std-vector,1,0,455,931840,10920,65,29575,2736336,256,512,67108864,256
B1,append-growth-snapshot-control-o3,0,8,256,cpp-std-vector,1,1,455,931840,10920,65,0,53130,256,256,67108864,256
B1,append-growth-o3,0,8,256,whitefoot,1,0,455,931840,10920,65,29575,2787584,256,512,67108864,256
B1,append-growth-snapshot-control-o3,0,8,256,whitefoot,1,1,455,931840,10920,65,0,54209,256,256,67108864,256
B1,append-growth-o3,0,8,256,cpp-std-vector,2,0,455,931840,10920,65,29575,2787292,256,512,67108864,256
B1,append-growth-snapshot-control-o3,0,8,256,cpp-std-vector,2,1,455,931840,10920,65,0,53829,256,256,67108864,256
B1,append-growth-o3,0,8,256,whitefoot,2,0,455,931840,10920,65,29575,2658168,256,512,67108864,256
B1,append-growth-snapshot-control-o3,0,8,256,whitefoot,2,1,455,931840,10920,65,0,55626,256,256,67108864,256
B1,append-growth-o3,0,8,256,rust-vec,2,0,455,931840,10920,65,29575,3044456,256,512,67108864,256
B1,append-growth-snapshot-control-o3,0,8,256,rust-vec,2,1,455,931840,10920,65,0,53253,256,256,67108864,256
B1,append-growth-o3,0,8,256,whitefoot,3,0,455,931840,10920,65,29575,2615920,256,512,67108864,256
B1,append-growth-snapshot-control-o3,0,8,256,whitefoot,3,1,455,931840,10920,65,0,52830,256,256,67108864,256
B1,append-growth-o3,0,8,256,rust-vec,3,0,455,931840,10920,65,29575,3101956,256,512,67108864,256
B1,append-growth-snapshot-control-o3,0,8,256,rust-vec,3,1,455,931840,10920,65,0,55657,256,256,67108864,256
B1,append-growth-o3,0,8,256,cpp-std-vector,3,0,455,931840,10920,65,29575,2733284,256,512,67108864,256
B1,append-growth-snapshot-control-o3,0,8,256,cpp-std-vector,3,1,455,931840,10920,65,0,52667,256,256,67108864,256
B1,append-growth-o3,0,8,256,rust-vec,4,0,455,931840,10920,65,29575,3023210,256,512,67108864,256
B1,append-growth-snapshot-control-o3,0,8,256,rust-vec,4,1,455,931840,10920,65,0,53245,256,256,67108864,256
B1,append-growth-o3,0,8,256,cpp-std-vector,4,0,455,931840,10920,65,29575,2724503,256,512,67108864,256
B1,append-growth-snapshot-control-o3,0,8,256,cpp-std-vector,4,1,455,931840,10920,65,0,52416,256,256,67108864,256
B1,append-growth-o3,0,8,256,whitefoot,4,0,455,931840,10920,65,29575,2662126,256,512,67108864,256
B1,append-growth-snapshot-control-o3,0,8,256,whitefoot,4,1,455,931840,10920,65,0,52583,256,256,67108864,256
B1,append-growth-o3,0,8,256,cpp-std-vector,5,0,455,931840,10920,65,29575,2697757,256,512,67108864,256
B1,append-growth-snapshot-control-o3,0,8,256,cpp-std-vector,5,1,455,931840,10920,65,0,52955,256,256,67108864,256
B1,append-growth-o3,0,8,256,whitefoot,5,0,455,931840,10920,65,29575,2600003,256,512,67108864,256
B1,append-growth-snapshot-control-o3,0,8,256,whitefoot,5,1,455,931840,10920,65,0,52580,256,256,67108864,256
B1,append-growth-o3,0,8,256,rust-vec,5,0,455,931840,10920,65,29575,3033626,256,512,67108864,256
B1,append-growth-snapshot-control-o3,0,8,256,rust-vec,5,1,455,931840,10920,65,0,53539,256,256,67108864,256
B1,append-growth-o3,0,8,256,whitefoot,6,0,455,931840,10920,65,29575,2619043,256,512,67108864,256
B1,append-growth-snapshot-control-o3,0,8,256,whitefoot,6,1,455,931840,10920,65,0,52582,256,256,67108864,256
B1,append-growth-o3,0,8,256,rust-vec,6,0,455,931840,10920,65,29575,3015747,256,512,67108864,256
B1,append-growth-snapshot-control-o3,0,8,256,rust-vec,6,1,455,931840,10920,65,0,52964,256,256,67108864,256
B1,append-growth-o3,0,8,256,cpp-std-vector,6,0,455,931840,10920,65,29575,2768539,256,512,67108864,256
B1,append-growth-snapshot-control-o3,0,8,256,cpp-std-vector,6,1,455,931840,10920,65,0,52667,256,256,67108864,256
B1,append-growth-o3,1,8,256,cpp-std-vector,0,0,455,931840,10920,65,29575,2687502,256,512,67108864,256
B1,append-growth-snapshot-control-o3,1,8,256,cpp-std-vector,0,1,455,931840,10920,65,0,52912,256,256,67108864,256
B1,append-growth-o3,1,8,256,rust-vec,0,0,455,931840,10920,65,29575,3076080,256,512,67108864,256
B1,append-growth-snapshot-control-o3,1,8,256,rust-vec,0,1,455,931840,10920,65,0,53168,256,256,67108864,256
B1,append-growth-o3,1,8,256,whitefoot,0,0,455,931840,10920,65,29575,2794246,256,512,67108864,256
B1,append-growth-snapshot-control-o3,1,8,256,whitefoot,0,1,455,931840,10920,65,0,56299,256,256,67108864,256
B1,append-growth-o3,1,8,256,rust-vec,1,0,455,931840,10920,65,29575,3209085,256,512,67108864,256
B1,append-growth-snapshot-control-o3,1,8,256,rust-vec,1,1,455,931840,10920,65,0,57169,256,256,67108864,256
B1,append-growth-o3,1,8,256,whitefoot,1,0,455,931840,10920,65,29575,2713457,256,512,67108864,256
B1,append-growth-snapshot-control-o3,1,8,256,whitefoot,1,1,455,931840,10920,65,0,53128,256,256,67108864,256
B1,append-growth-o3,1,8,256,cpp-std-vector,1,0,455,931840,10920,65,29575,2747164,256,512,67108864,256
B1,append-growth-snapshot-control-o3,1,8,256,cpp-std-vector,1,1,455,931840,10920,65,0,52874,256,256,67108864,256
B1,append-growth-o3,1,8,256,whitefoot,2,0,455,931840,10920,65,29575,2667540,256,512,67108864,256
B1,append-growth-snapshot-control-o3,1,8,256,whitefoot,2,1,455,931840,10920,65,0,52666,256,256,67108864,256
B1,append-growth-o3,1,8,256,cpp-std-vector,2,0,455,931840,10920,65,29575,2689959,256,512,67108864,256
B1,append-growth-snapshot-control-o3,1,8,256,cpp-std-vector,2,1,455,931840,10920,65,0,53330,256,256,67108864,256
B1,append-growth-o3,1,8,256,rust-vec,2,0,455,931840,10920,65,29575,3062579,256,512,67108864,256
B1,append-growth-snapshot-control-o3,1,8,256,rust-vec,2,1,455,931840,10920,65,0,53417,256,256,67108864,256
B1,append-growth-o3,1,8,256,cpp-std-vector,3,0,455,931840,10920,65,29575,2701499,256,512,67108864,256
B1,append-growth-snapshot-control-o3,1,8,256,cpp-std-vector,3,1,455,931840,10920,65,0,52499,256,256,67108864,256
B1,append-growth-o3,1,8,256,rust-vec,3,0,455,931840,10920,65,29575,3053535,256,512,67108864,256
B1,append-growth-snapshot-control-o3,1,8,256,rust-vec,3,1,455,931840,10920,65,0,54918,256,256,67108864,256
B1,append-growth-o3,1,8,256,whitefoot,3,0,455,931840,10920,65,29575,2702960,256,512,67108864,256
B1,append-growth-snapshot-control-o3,1,8,256,whitefoot,3,1,455,931840,10920,65,0,52458,256,256,67108864,256
B1,append-growth-o3,1,8,256,rust-vec,4,0,455,931840,10920,65,29575,3034922,256,512,67108864,256
B1,append-growth-snapshot-control-o3,1,8,256,rust-vec,4,1,455,931840,10920,65,0,52912,256,256,67108864,256
B1,append-growth-o3,1,8,256,whitefoot,4,0,455,931840,10920,65,29575,2628917,256,512,67108864,256
B1,append-growth-snapshot-control-o3,1,8,256,whitefoot,4,1,455,931840,10920,65,0,52959,256,256,67108864,256
B1,append-growth-o3,1,8,256,cpp-std-vector,4,0,455,931840,10920,65,29575,2755634,256,512,67108864,256
B1,append-growth-snapshot-control-o3,1,8,256,cpp-std-vector,4,1,455,931840,10920,65,0,52460,256,256,67108864,256
B1,append-growth-o3,1,8,256,whitefoot,5,0,455,931840,10920,65,29575,2607673,256,512,67108864,256
B1,append-growth-snapshot-control-o3,1,8,256,whitefoot,5,1,455,931840,10920,65,0,52750,256,256,67108864,256
B1,append-growth-o3,1,8,256,cpp-std-vector,5,0,455,931840,10920,65,29575,2702585,256,512,67108864,256
B1,append-growth-snapshot-control-o3,1,8,256,cpp-std-vector,5,1,455,931840,10920,65,0,52496,256,256,67108864,256
B1,append-growth-o3,1,8,256,rust-vec,5,0,455,931840,10920,65,29575,3015002,256,512,67108864,256
B1,append-growth-snapshot-control-o3,1,8,256,rust-vec,5,1,455,931840,10920,65,0,52627,256,256,67108864,256
B1,append-growth-o3,1,8,256,cpp-std-vector,6,0,455,931840,10920,65,29575,2699500,256,512,67108864,256
B1,append-growth-snapshot-control-o3,1,8,256,cpp-std-vector,6,1,455,931840,10920,65,0,53164,256,256,67108864,256
B1,append-growth-o3,1,8,256,rust-vec,6,0,455,931840,10920,65,29575,3007584,256,512,67108864,256
B1,append-growth-snapshot-control-o3,1,8,256,rust-vec,6,1,455,931840,10920,65,0,53879,256,256,67108864,256
B1,append-growth-o3,1,8,256,whitefoot,6,0,455,931840,10920,65,29575,2642373,256,512,67108864,256
B1,append-growth-snapshot-control-o3,1,8,256,whitefoot,6,1,455,931840,10920,65,0,53031,256,256,67108864,256
B1,append-growth-o3,0,8,4096,whitefoot,0,0,31,1015808,744,66,2046,1730080,4096,8192,67108864,256
B1,append-growth-snapshot-control-o3,0,8,4096,whitefoot,0,1,31,1015808,744,66,0,1837,4096,4096,67108864,256
B1,append-growth-o3,0,8,4096,rust-vec,0,0,31,1015808,744,66,2046,1381624,4096,8192,67108864,256
B1,append-growth-snapshot-control-o3,0,8,4096,rust-vec,0,1,31,1015808,744,66,0,2749,4096,4096,67108864,256
B1,append-growth-o3,0,8,4096,cpp-std-vector,0,0,31,1015808,744,66,2046,1273792,4096,8192,67108864,256
B1,append-growth-snapshot-control-o3,0,8,4096,cpp-std-vector,0,1,31,1015808,744,66,0,2588,4096,4096,67108864,256
B1,append-growth-o3,0,8,4096,rust-vec,1,0,31,1015808,744,66,2046,1365292,4096,8192,67108864,256
B1,append-growth-snapshot-control-o3,0,8,4096,rust-vec,1,1,31,1015808,744,66,0,2619,4096,4096,67108864,256
B1,append-growth-o3,0,8,4096,cpp-std-vector,1,0,31,1015808,744,66,2046,1267625,4096,8192,67108864,256
B1,append-growth-snapshot-control-o3,0,8,4096,cpp-std-vector,1,1,31,1015808,744,66,0,2081,4096,4096,67108864,256
B1,append-growth-o3,0,8,4096,whitefoot,1,0,31,1015808,744,66,2046,1823168,4096,8192,67108864,256
B1,append-growth-snapshot-control-o3,0,8,4096,whitefoot,1,1,31,1015808,744,66,0,2290,4096,4096,67108864,256
B1,append-growth-o3,0,8,4096,cpp-std-vector,2,0,31,1015808,744,66,2046,1378921,4096,8192,67108864,256
B1,append-growth-snapshot-control-o3,0,8,4096,cpp-std-vector,2,1,31,1015808,744,66,0,2537,4096,4096,67108864,256
B1,append-growth-o3,0,8,4096,whitefoot,2,0,31,1015808,744,66,2046,1373870,4096,8192,67108864,256
B1,append-growth-snapshot-control-o3,0,8,4096,whitefoot,2,1,31,1015808,744,66,0,1921,4096,4096,67108864,256
B1,append-growth-o3,0,8,4096,rust-vec,2,0,31,1015808,744,66,2046,1378622,4096,8192,67108864,256
B1,append-growth-snapshot-control-o3,0,8,4096,rust-vec,2,1,31,1015808,744,66,0,2330,4096,4096,67108864,256
B1,append-growth-o3,0,8,4096,whitefoot,3,0,31,1015808,744,66,2046,1511382,4096,8192,67108864,256
B1,append-growth-snapshot-control-o3,0,8,4096,whitefoot,3,1,31,1015808,744,66,0,1871,4096,4096,67108864,256
B1,append-growth-o3,0,8,4096,rust-vec,3,0,31,1015808,744,66,2046,1396417,4096,8192,67108864,256
B1,append-growth-snapshot-control-o3,0,8,4096,rust-vec,3,1,31,1015808,744,66,0,5664,4096,4096,67108864,256
B1,append-growth-o3,0,8,4096,cpp-std-vector,3,0,31,1015808,744,66,2046,1358383,4096,8192,67108864,256
B1,append-growth-snapshot-control-o3,0,8,4096,cpp-std-vector,3,1,31,1015808,744,66,0,6833,4096,4096,67108864,256
B1,append-growth-o3,0,8,4096,rust-vec,4,0,31,1015808,744,66,2046,1411916,4096,8192,67108864,256
B1,append-growth-snapshot-control-o3,0,8,4096,rust-vec,4,1,31,1015808,744,66,0,5549,4096,4096,67108864,256
B1,append-growth-o3,0,8,4096,cpp-std-vector,4,0,31,1015808,744,66,2046,1275501,4096,8192,67108864,256
B1,append-growth-snapshot-control-o3,0,8,4096,cpp-std-vector,4,1,31,1015808,744,66,0,6375,4096,4096,67108864,256
B1,append-growth-o3,0,8,4096,whitefoot,4,0,31,1015808,744,66,2046,1491912,4096,8192,67108864,256
B1,append-growth-snapshot-control-o3,0,8,4096,whitefoot,4,1,31,1015808,744,66,0,4667,4096,4096,67108864,256
B1,append-growth-o3,0,8,4096,cpp-std-vector,5,0,31,1015808,744,66,2046,1285375,4096,8192,67108864,256
B1,append-growth-snapshot-control-o3,0,8,4096,cpp-std-vector,5,1,31,1015808,744,66,0,6040,4096,4096,67108864,256
B1,append-growth-o3,0,8,4096,whitefoot,5,0,31,1015808,744,66,2046,1364498,4096,8192,67108864,256
B1,append-growth-snapshot-control-o3,0,8,4096,whitefoot,5,1,31,1015808,744,66,0,4751,4096,4096,67108864,256
B1,append-growth-o3,0,8,4096,rust-vec,5,0,31,1015808,744,66,2046,1399748,4096,8192,67108864,256
B1,append-growth-snapshot-control-o3,0,8,4096,rust-vec,5,1,31,1015808,744,66,0,5463,4096,4096,67108864,256
B1,append-growth-o3,0,8,4096,whitefoot,6,0,31,1015808,744,66,2046,1360461,4096,8192,67108864,256
B1,append-growth-snapshot-control-o3,0,8,4096,whitefoot,6,1,31,1015808,744,66,0,4544,4096,4096,67108864,256
B1,append-growth-o3,0,8,4096,rust-vec,6,0,31,1015808,744,66,2046,1378124,4096,8192,67108864,256
B1,append-growth-snapshot-control-o3,0,8,4096,rust-vec,6,1,31,1015808,744,66,0,5460,4096,4096,67108864,256
B1,append-growth-o3,0,8,4096,cpp-std-vector,6,0,31,1015808,744,66,2046,1278377,4096,8192,67108864,256
B1,append-growth-snapshot-control-o3,0,8,4096,cpp-std-vector,6,1,31,1015808,744,66,0,6413,4096,4096,67108864,256
B1,append-growth-o3,1,8,4096,cpp-std-vector,0,0,31,1015808,744,66,2046,1289956,4096,8192,67108864,256
B1,append-growth-snapshot-control-o3,1,8,4096,cpp-std-vector,0,1,31,1015808,744,66,0,6333,4096,4096,67108864,256
B1,append-growth-o3,1,8,4096,rust-vec,0,0,31,1015808,744,66,2046,1374124,4096,8192,67108864,256
B1,append-growth-snapshot-control-o3,1,8,4096,rust-vec,0,1,31,1015808,744,66,0,5464,4096,4096,67108864,256
B1,append-growth-o3,1,8,4096,whitefoot,0,0,31,1015808,744,66,2046,1470543,4096,8192,67108864,256
B1,append-growth-snapshot-control-o3,1,8,4096,whitefoot,0,1,31,1015808,744,66,0,4964,4096,4096,67108864,256
B1,append-growth-o3,1,8,4096,rust-vec,1,0,31,1015808,744,66,2046,1387209,4096,8192,67108864,256
B1,append-growth-snapshot-control-o3,1,8,4096,rust-vec,1,1,31,1015808,744,66,0,5576,4096,4096,67108864,256
B1,append-growth-o3,1,8,4096,whitefoot,1,0,31,1015808,744,66,2046,1379292,4096,8192,67108864,256
B1,append-growth-snapshot-control-o3,1,8,4096,whitefoot,1,1,31,1015808,744,66,0,4536,4096,4096,67108864,256
B1,append-growth-o3,1,8,4096,cpp-std-vector,1,0,31,1015808,744,66,2046,1275495,4096,8192,67108864,256
B1,append-growth-snapshot-control-o3,1,8,4096,cpp-std-vector,1,1,31,1015808,744,66,0,6288,4096,4096,67108864,256
B1,append-growth-o3,1,8,4096,whitefoot,2,0,31,1015808,744,66,2046,1419957,4096,8192,67108864,256
B1,append-growth-snapshot-control-o3,1,8,4096,whitefoot,2,1,31,1015808,744,66,0,7328,4096,4096,67108864,256
B1,append-growth-o3,1,8,4096,cpp-std-vector,2,0,31,1015808,744,66,2046,1366873,4096,8192,67108864,256
B1,append-growth-snapshot-control-o3,1,8,4096,cpp-std-vector,2,1,31,1015808,744,66,0,7045,4096,4096,67108864,256
B1,append-growth-o3,1,8,4096,rust-vec,2,0,31,1015808,744,66,2046,1434090,4096,8192,67108864,256
B1,append-growth-snapshot-control-o3,1,8,4096,rust-vec,2,1,31,1015808,744,66,0,5588,4096,4096,67108864,256
B1,append-growth-o3,1,8,4096,cpp-std-vector,3,0,31,1015808,744,66,2046,1286163,4096,8192,67108864,256
B1,append-growth-snapshot-control-o3,1,8,4096,cpp-std-vector,3,1,31,1015808,744,66,0,6171,4096,4096,67108864,256
B1,append-growth-o3,1,8,4096,rust-vec,3,0,31,1015808,744,66,2046,1407331,4096,8192,67108864,256
B1,append-growth-snapshot-control-o3,1,8,4096,rust-vec,3,1,31,1015808,744,66,0,5173,4096,4096,67108864,256
B1,append-growth-o3,1,8,4096,whitefoot,3,0,31,1015808,744,66,2046,1387042,4096,8192,67108864,256
B1,append-growth-snapshot-control-o3,1,8,4096,whitefoot,3,1,31,1015808,744,66,0,4954,4096,4096,67108864,256
B1,append-growth-o3,1,8,4096,rust-vec,4,0,31,1015808,744,66,2046,1377131,4096,8192,67108864,256
B1,append-growth-snapshot-control-o3,1,8,4096,rust-vec,4,1,31,1015808,744,66,0,5457,4096,4096,67108864,256
B1,append-growth-o3,1,8,4096,whitefoot,4,0,31,1015808,744,66,2046,1354835,4096,8192,67108864,256
B1,append-growth-snapshot-control-o3,1,8,4096,whitefoot,4,1,31,1015808,744,66,0,5080,4096,4096,67108864,256
B1,append-growth-o3,1,8,4096,cpp-std-vector,4,0,31,1015808,744,66,2046,1283375,4096,8192,67108864,256
B1,append-growth-snapshot-control-o3,1,8,4096,cpp-std-vector,4,1,31,1015808,744,66,0,6333,4096,4096,67108864,256
B1,append-growth-o3,1,8,4096,whitefoot,5,0,31,1015808,744,66,2046,1390375,4096,8192,67108864,256
B1,append-growth-snapshot-control-o3,1,8,4096,whitefoot,5,1,31,1015808,744,66,0,4840,4096,4096,67108864,256
B1,append-growth-o3,1,8,4096,cpp-std-vector,5,0,31,1015808,744,66,2046,1293922,4096,8192,67108864,256
B1,append-growth-snapshot-control-o3,1,8,4096,cpp-std-vector,5,1,31,1015808,744,66,0,6460,4096,4096,67108864,256
B1,append-growth-o3,1,8,4096,rust-vec,5,0,31,1015808,744,66,2046,1401123,4096,8192,67108864,256
B1,append-growth-snapshot-control-o3,1,8,4096,rust-vec,5,1,31,1015808,744,66,0,5750,4096,4096,67108864,256
B1,append-growth-o3,1,8,4096,cpp-std-vector,6,0,31,1015808,744,66,2046,1292457,4096,8192,67108864,256
B1,append-growth-snapshot-control-o3,1,8,4096,cpp-std-vector,6,1,31,1015808,744,66,0,6874,4096,4096,67108864,256
B1,append-growth-o3,1,8,4096,rust-vec,6,0,31,1015808,744,66,2046,1393872,4096,8192,67108864,256
B1,append-growth-snapshot-control-o3,1,8,4096,rust-vec,6,1,31,1015808,744,66,0,5711,4096,4096,67108864,256
B1,append-growth-o3,1,8,4096,whitefoot,6,0,31,1015808,744,66,2046,1465832,4096,8192,67108864,256
B1,append-growth-snapshot-control-o3,1,8,4096,whitefoot,6,1,31,1015808,744,66,0,5081,4096,4096,67108864,256
B1,append-growth-o3,0,256,0,whitefoot,0,0,1024,0,24576,256,262144,3212007,0,1,67108864,256
B1,append-growth-snapshot-control-o3,0,256,0,whitefoot,0,1,1024,0,24576,256,0,248498,0,0,67108864,256
B1,append-growth-o3,0,256,0,rust-vec,0,0,1024,0,24576,256,262144,6176667,0,4,67108864,256
B1,append-growth-snapshot-control-o3,0,256,0,rust-vec,0,1,1024,0,24576,256,0,256497,0,0,67108864,256
B1,append-growth-o3,0,256,0,cpp-std-vector,0,0,1024,0,24576,256,262144,4340716,0,1,67108864,256
B1,append-growth-snapshot-control-o3,0,256,0,cpp-std-vector,0,1,1024,0,24576,256,0,266838,0,0,67108864,256
B1,append-growth-o3,0,256,0,rust-vec,1,0,1024,0,24576,256,262144,6163164,0,4,67108864,256
B1,append-growth-snapshot-control-o3,0,256,0,rust-vec,1,1,1024,0,24576,256,0,248761,0,0,67108864,256
B1,append-growth-o3,0,256,0,cpp-std-vector,1,0,1024,0,24576,256,262144,4103836,0,1,67108864,256
B1,append-growth-snapshot-control-o3,0,256,0,cpp-std-vector,1,1,1024,0,24576,256,0,255880,0,0,67108864,256
B1,append-growth-o3,0,256,0,whitefoot,1,0,1024,0,24576,256,262144,3205669,0,1,67108864,256
B1,append-growth-snapshot-control-o3,0,256,0,whitefoot,1,1,1024,0,24576,256,0,256419,0,0,67108864,256
B1,append-growth-o3,0,256,0,cpp-std-vector,2,0,1024,0,24576,256,262144,4090629,0,1,67108864,256
B1,append-growth-snapshot-control-o3,0,256,0,cpp-std-vector,2,1,1024,0,24576,256,0,256996,0,0,67108864,256
B1,append-growth-o3,0,256,0,whitefoot,2,0,1024,0,24576,256,262144,3193994,0,1,67108864,256
B1,append-growth-snapshot-control-o3,0,256,0,whitefoot,2,1,1024,0,24576,256,0,249126,0,0,67108864,256
B1,append-growth-o3,0,256,0,rust-vec,2,0,1024,0,24576,256,262144,5883837,0,4,67108864,256
B1,append-growth-snapshot-control-o3,0,256,0,rust-vec,2,1,1024,0,24576,256,0,248464,0,0,67108864,256
B1,append-growth-o3,0,256,0,whitefoot,3,0,1024,0,24576,256,262144,3182173,0,1,67108864,256
B1,append-growth-snapshot-control-o3,0,256,0,whitefoot,3,1,1024,0,24576,256,0,248330,0,0,67108864,256
B1,append-growth-o3,0,256,0,rust-vec,3,0,1024,0,24576,256,262144,5851049,0,4,67108864,256
B1,append-growth-snapshot-control-o3,0,256,0,rust-vec,3,1,1024,0,24576,256,0,255956,0,0,67108864,256
B1,append-growth-o3,0,256,0,cpp-std-vector,3,0,1024,0,24576,256,262144,4091698,0,1,67108864,256
B1,append-growth-snapshot-control-o3,0,256,0,cpp-std-vector,3,1,1024,0,24576,256,0,247751,0,0,67108864,256
B1,append-growth-o3,0,256,0,rust-vec,4,0,1024,0,24576,256,262144,5862588,0,4,67108864,256
B1,append-growth-snapshot-control-o3,0,256,0,rust-vec,4,1,1024,0,24576,256,0,248753,0,0,67108864,256
B1,append-growth-o3,0,256,0,cpp-std-vector,4,0,1024,0,24576,256,262144,4100905,0,1,67108864,256
B1,append-growth-snapshot-control-o3,0,256,0,cpp-std-vector,4,1,1024,0,24576,256,0,248583,0,0,67108864,256
B1,append-growth-o3,0,256,0,whitefoot,4,0,1024,0,24576,256,262144,3176086,0,1,67108864,256
B1,append-growth-snapshot-control-o3,0,256,0,whitefoot,4,1,1024,0,24576,256,0,248120,0,0,67108864,256
B1,append-growth-o3,0,256,0,cpp-std-vector,5,0,1024,0,24576,256,262144,4092962,0,1,67108864,256
B1,append-growth-snapshot-control-o3,0,256,0,cpp-std-vector,5,1,1024,0,24576,256,0,252914,0,0,67108864,256
B1,append-growth-o3,0,256,0,whitefoot,5,0,1024,0,24576,256,262144,3187334,0,1,67108864,256
B1,append-growth-snapshot-control-o3,0,256,0,whitefoot,5,1,1024,0,24576,256,0,248701,0,0,67108864,256
B1,append-growth-o3,0,256,0,rust-vec,5,0,1024,0,24576,256,262144,5899370,0,4,67108864,256
B1,append-growth-snapshot-control-o3,0,256,0,rust-vec,5,1,1024,0,24576,256,0,261843,0,0,67108864,256
B1,append-growth-o3,0,256,0,whitefoot,6,0,1024,0,24576,256,262144,3272753,0,1,67108864,256
B1,append-growth-snapshot-control-o3,0,256,0,whitefoot,6,1,1024,0,24576,256,0,258830,0,0,67108864,256
B1,append-growth-o3,0,256,0,rust-vec,6,0,1024,0,24576,256,262144,6141752,0,4,67108864,256
B1,append-growth-snapshot-control-o3,0,256,0,rust-vec,6,1,1024,0,24576,256,0,264334,0,0,67108864,256
B1,append-growth-o3,0,256,0,cpp-std-vector,6,0,1024,0,24576,256,262144,4229090,0,1,67108864,256
B1,append-growth-snapshot-control-o3,0,256,0,cpp-std-vector,6,1,1024,0,24576,256,0,248954,0,0,67108864,256
B1,append-growth-o3,1,256,0,cpp-std-vector,0,0,1024,0,24576,256,262144,4134417,0,1,67108864,256
B1,append-growth-snapshot-control-o3,1,256,0,cpp-std-vector,0,1,1024,0,24576,256,0,248798,0,0,67108864,256
B1,append-growth-o3,1,256,0,rust-vec,0,0,1024,0,24576,256,262144,5872291,0,4,67108864,256
B1,append-growth-snapshot-control-o3,1,256,0,rust-vec,0,1,1024,0,24576,256,0,247885,0,0,67108864,256
B1,append-growth-o3,1,256,0,whitefoot,0,0,1024,0,24576,256,262144,3177963,0,1,67108864,256
B1,append-growth-snapshot-control-o3,1,256,0,whitefoot,0,1,1024,0,24576,256,0,248425,0,0,67108864,256
B1,append-growth-o3,1,256,0,rust-vec,1,0,1024,0,24576,256,262144,5876169,0,4,67108864,256
B1,append-growth-snapshot-control-o3,1,256,0,rust-vec,1,1,1024,0,24576,256,0,248463,0,0,67108864,256
B1,append-growth-o3,1,256,0,whitefoot,1,0,1024,0,24576,256,262144,3166296,0,1,67108864,256
B1,append-growth-snapshot-control-o3,1,256,0,whitefoot,1,1,1024,0,24576,256,0,248337,0,0,67108864,256
B1,append-growth-o3,1,256,0,cpp-std-vector,1,0,1024,0,24576,256,262144,4109701,0,1,67108864,256
B1,append-growth-snapshot-control-o3,1,256,0,cpp-std-vector,1,1,1024,0,24576,256,0,249000,0,0,67108864,256
B1,append-growth-o3,1,256,0,whitefoot,2,0,1024,0,24576,256,262144,3170500,0,1,67108864,256
B1,append-growth-snapshot-control-o3,1,256,0,whitefoot,2,1,1024,0,24576,256,0,248579,0,0,67108864,256
B1,append-growth-o3,1,256,0,cpp-std-vector,2,0,1024,0,24576,256,262144,4110787,0,1,67108864,256
B1,append-growth-snapshot-control-o3,1,256,0,cpp-std-vector,2,1,1024,0,24576,256,0,248916,0,0,67108864,256
B1,append-growth-o3,1,256,0,rust-vec,2,0,1024,0,24576,256,262144,5832716,0,4,67108864,256
B1,append-growth-snapshot-control-o3,1,256,0,rust-vec,2,1,1024,0,24576,256,0,248420,0,0,67108864,256
B1,append-growth-o3,1,256,0,cpp-std-vector,3,0,1024,0,24576,256,262144,4118692,0,1,67108864,256
B1,append-growth-snapshot-control-o3,1,256,0,cpp-std-vector,3,1,1024,0,24576,256,0,248950,0,0,67108864,256
B1,append-growth-o3,1,256,0,rust-vec,3,0,1024,0,24576,256,262144,5835031,0,4,67108864,256
B1,append-growth-snapshot-control-o3,1,256,0,rust-vec,3,1,1024,0,24576,256,0,249033,0,0,67108864,256
B1,append-growth-o3,1,256,0,whitefoot,3,0,1024,0,24576,256,262144,3188746,0,1,67108864,256
B1,append-growth-snapshot-control-o3,1,256,0,whitefoot,3,1,1024,0,24576,256,0,248669,0,0,67108864,256
B1,append-growth-o3,1,256,0,rust-vec,4,0,1024,0,24576,256,262144,5847912,0,4,67108864,256
B1,append-growth-snapshot-control-o3,1,256,0,rust-vec,4,1,1024,0,24576,256,0,257003,0,0,67108864,256
B1,append-growth-o3,1,256,0,whitefoot,4,0,1024,0,24576,256,262144,3195830,0,1,67108864,256
B1,append-growth-snapshot-control-o3,1,256,0,whitefoot,4,1,1024,0,24576,256,0,249579,0,0,67108864,256
B1,append-growth-o3,1,256,0,cpp-std-vector,4,0,1024,0,24576,256,262144,4111049,0,1,67108864,256
B1,append-growth-snapshot-control-o3,1,256,0,cpp-std-vector,4,1,1024,0,24576,256,0,248700,0,0,67108864,256
B1,append-growth-o3,1,256,0,whitefoot,5,0,1024,0,24576,256,262144,3189625,0,1,67108864,256
B1,append-growth-snapshot-control-o3,1,256,0,whitefoot,5,1,1024,0,24576,256,0,248253,0,0,67108864,256
B1,append-growth-o3,1,256,0,cpp-std-vector,5,0,1024,0,24576,256,262144,4118087,0,1,67108864,256
B1,append-growth-snapshot-control-o3,1,256,0,cpp-std-vector,5,1,1024,0,24576,256,0,248043,0,0,67108864,256
B1,append-growth-o3,1,256,0,rust-vec,5,0,1024,0,24576,256,262144,6052158,0,4,67108864,256
B1,append-growth-snapshot-control-o3,1,256,0,rust-vec,5,1,1024,0,24576,256,0,250166,0,0,67108864,256
B1,append-growth-o3,1,256,0,cpp-std-vector,6,0,1024,0,24576,256,262144,4136131,0,1,67108864,256
B1,append-growth-snapshot-control-o3,1,256,0,cpp-std-vector,6,1,1024,0,24576,256,0,249330,0,0,67108864,256
B1,append-growth-o3,1,256,0,rust-vec,6,0,1024,0,24576,256,262144,5842538,0,4,67108864,256
B1,append-growth-snapshot-control-o3,1,256,0,rust-vec,6,1,1024,0,24576,256,0,248665,0,0,67108864,256
B1,append-growth-o3,1,256,0,whitefoot,6,0,1024,0,24576,256,262144,3194132,0,1,67108864,256
B1,append-growth-snapshot-control-o3,1,256,0,whitefoot,6,1,1024,0,24576,256,0,248705,0,0,67108864,256
B1,append-growth-o3,0,256,1,whitefoot,0,0,1024,262144,24576,128,131072,4973589,1,2,67108864,256
B1,append-growth-snapshot-control-o3,0,256,1,whitefoot,0,1,1024,262144,24576,128,0,250537,1,1,67108864,256
B1,append-growth-o3,0,256,1,rust-vec,0,0,1024,262144,24576,128,131072,7108625,1,4,67108864,256
B1,append-growth-snapshot-control-o3,0,256,1,rust-vec,0,1,1024,262144,24576,128,0,257959,1,1,67108864,256
B1,append-growth-o3,0,256,1,cpp-std-vector,0,0,1024,262144,24576,128,131072,5811289,1,2,67108864,256
B1,append-growth-snapshot-control-o3,0,256,1,cpp-std-vector,0,1,1024,262144,24576,128,0,257539,1,1,67108864,256
B1,append-growth-o3,0,256,1,rust-vec,1,0,1024,262144,24576,128,131072,7014208,1,4,67108864,256
B1,append-growth-snapshot-control-o3,0,256,1,rust-vec,1,1,1024,262144,24576,128,0,249288,1,1,67108864,256
B1,append-growth-o3,0,256,1,cpp-std-vector,1,0,1024,262144,24576,128,131072,5631415,1,2,67108864,256
B1,append-growth-snapshot-control-o3,0,256,1,cpp-std-vector,1,1,1024,262144,24576,128,0,250876,1,1,67108864,256
B1,append-growth-o3,0,256,1,whitefoot,1,0,1024,262144,24576,128,131072,4838869,1,2,67108864,256
B1,append-growth-snapshot-control-o3,0,256,1,whitefoot,1,1,1024,262144,24576,128,0,249791,1,1,67108864,256
B1,append-growth-o3,0,256,1,cpp-std-vector,2,0,1024,262144,24576,128,131072,5676174,1,2,67108864,256
B1,append-growth-snapshot-control-o3,0,256,1,cpp-std-vector,2,1,1024,262144,24576,128,0,250334,1,1,67108864,256
B1,append-growth-o3,0,256,1,whitefoot,2,0,1024,262144,24576,128,131072,4796085,1,2,67108864,256
B1,append-growth-snapshot-control-o3,0,256,1,whitefoot,2,1,1024,262144,24576,128,0,248582,1,1,67108864,256
B1,append-growth-o3,0,256,1,rust-vec,2,0,1024,262144,24576,128,131072,6900416,1,4,67108864,256
B1,append-growth-snapshot-control-o3,0,256,1,rust-vec,2,1,1024,262144,24576,128,0,252877,1,1,67108864,256
B1,append-growth-o3,0,256,1,whitefoot,3,0,1024,262144,24576,128,131072,4833090,1,2,67108864,256
B1,append-growth-snapshot-control-o3,0,256,1,whitefoot,3,1,1024,262144,24576,128,0,248994,1,1,67108864,256
B1,append-growth-o3,0,256,1,rust-vec,3,0,1024,262144,24576,128,131072,6877714,1,4,67108864,256
B1,append-growth-snapshot-control-o3,0,256,1,rust-vec,3,1,1024,262144,24576,128,0,251072,1,1,67108864,256
B1,append-growth-o3,0,256,1,cpp-std-vector,3,0,1024,262144,24576,128,131072,5641545,1,2,67108864,256
B1,append-growth-snapshot-control-o3,0,256,1,cpp-std-vector,3,1,1024,262144,24576,128,0,251208,1,1,67108864,256
B1,append-growth-o3,0,256,1,rust-vec,4,0,1024,262144,24576,128,131072,6905336,1,4,67108864,256
B1,append-growth-snapshot-control-o3,0,256,1,rust-vec,4,1,1024,262144,24576,128,0,249459,1,1,67108864,256
B1,append-growth-o3,0,256,1,cpp-std-vector,4,0,1024,262144,24576,128,131072,5661119,1,2,67108864,256
B1,append-growth-snapshot-control-o3,0,256,1,cpp-std-vector,4,1,1024,262144,24576,128,0,254335,1,1,67108864,256
B1,append-growth-o3,0,256,1,whitefoot,4,0,1024,262144,24576,128,131072,4817824,1,2,67108864,256
B1,append-growth-snapshot-control-o3,0,256,1,whitefoot,4,1,1024,262144,24576,128,0,251959,1,1,67108864,256
B1,append-growth-o3,0,256,1,cpp-std-vector,5,0,1024,262144,24576,128,131072,5751881,1,2,67108864,256
B1,append-growth-snapshot-control-o3,0,256,1,cpp-std-vector,5,1,1024,262144,24576,128,0,250417,1,1,67108864,256
B1,append-growth-o3,0,256,1,whitefoot,5,0,1024,262144,24576,128,131072,4857784,1,2,67108864,256
B1,append-growth-snapshot-control-o3,0,256,1,whitefoot,5,1,1024,262144,24576,128,0,249457,1,1,67108864,256
B1,append-growth-o3,0,256,1,rust-vec,5,0,1024,262144,24576,128,131072,6882503,1,4,67108864,256
B1,append-growth-snapshot-control-o3,0,256,1,rust-vec,5,1,1024,262144,24576,128,0,249959,1,1,67108864,256
B1,append-growth-o3,0,256,1,whitefoot,6,0,1024,262144,24576,128,131072,4842791,1,2,67108864,256
B1,append-growth-snapshot-control-o3,0,256,1,whitefoot,6,1,1024,262144,24576,128,0,249245,1,1,67108864,256
B1,append-growth-o3,0,256,1,rust-vec,6,0,1024,262144,24576,128,131072,6898875,1,4,67108864,256
B1,append-growth-snapshot-control-o3,0,256,1,rust-vec,6,1,1024,262144,24576,128,0,250038,1,1,67108864,256
B1,append-growth-o3,0,256,1,cpp-std-vector,6,0,1024,262144,24576,128,131072,5631621,1,2,67108864,256
B1,append-growth-snapshot-control-o3,0,256,1,cpp-std-vector,6,1,1024,262144,24576,128,0,252625,1,1,67108864,256
B1,append-growth-o3,1,256,1,cpp-std-vector,0,0,1024,262144,24576,128,131072,5642792,1,2,67108864,256
B1,append-growth-snapshot-control-o3,1,256,1,cpp-std-vector,0,1,1024,262144,24576,128,0,251077,1,1,67108864,256
B1,append-growth-o3,1,256,1,rust-vec,0,0,1024,262144,24576,128,131072,7098335,1,4,67108864,256
B1,append-growth-snapshot-control-o3,1,256,1,rust-vec,0,1,1024,262144,24576,128,0,250955,1,1,67108864,256
B1,append-growth-o3,1,256,1,whitefoot,0,0,1024,262144,24576,128,131072,4853215,1,2,67108864,256
B1,append-growth-snapshot-control-o3,1,256,1,whitefoot,0,1,1024,262144,24576,128,0,248716,1,1,67108864,256
B1,append-growth-o3,1,256,1,rust-vec,1,0,1024,262144,24576,128,131072,6885382,1,4,67108864,256
B1,append-growth-snapshot-control-o3,1,256,1,rust-vec,1,1,1024,262144,24576,128,0,250879,1,1,67108864,256
B1,append-growth-o3,1,256,1,whitefoot,1,0,1024,262144,24576,128,131072,5009048,1,2,67108864,256
B1,append-growth-snapshot-control-o3,1,256,1,whitefoot,1,1,1024,262144,24576,128,0,264500,1,1,67108864,256
B1,append-growth-o3,1,256,1,cpp-std-vector,1,0,1024,262144,24576,128,131072,5914295,1,2,67108864,256
B1,append-growth-snapshot-control-o3,1,256,1,cpp-std-vector,1,1,1024,262144,24576,128,0,265960,1,1,67108864,256
B1,append-growth-o3,1,256,1,whitefoot,2,0,1024,262144,24576,128,131072,4945455,1,2,67108864,256
B1,append-growth-snapshot-control-o3,1,256,1,whitefoot,2,1,1024,262144,24576,128,0,250915,1,1,67108864,256
B1,append-growth-o3,1,256,1,cpp-std-vector,2,0,1024,262144,24576,128,131072,5637497,1,2,67108864,256
B1,append-growth-snapshot-control-o3,1,256,1,cpp-std-vector,2,1,1024,262144,24576,128,0,250592,1,1,67108864,256
B1,append-growth-o3,1,256,1,rust-vec,2,0,1024,262144,24576,128,131072,7165245,1,4,67108864,256
B1,append-growth-snapshot-control-o3,1,256,1,rust-vec,2,1,1024,262144,24576,128,0,252205,1,1,67108864,256
B1,append-growth-o3,1,256,1,cpp-std-vector,3,0,1024,262144,24576,128,131072,5743701,1,2,67108864,256
B1,append-growth-snapshot-control-o3,1,256,1,cpp-std-vector,3,1,1024,262144,24576,128,0,253667,1,1,67108864,256
B1,append-growth-o3,1,256,1,rust-vec,3,0,1024,262144,24576,128,131072,6885589,1,4,67108864,256
B1,append-growth-snapshot-control-o3,1,256,1,rust-vec,3,1,1024,262144,24576,128,0,249288,1,1,67108864,256
B1,append-growth-o3,1,256,1,whitefoot,3,0,1024,262144,24576,128,131072,4846046,1,2,67108864,256
B1,append-growth-snapshot-control-o3,1,256,1,whitefoot,3,1,1024,262144,24576,128,0,248798,1,1,67108864,256
B1,append-growth-o3,1,256,1,rust-vec,4,0,1024,262144,24576,128,131072,6903166,1,4,67108864,256
B1,append-growth-snapshot-control-o3,1,256,1,rust-vec,4,1,1024,262144,24576,128,0,249537,1,1,67108864,256
B1,append-growth-o3,1,256,1,whitefoot,4,0,1024,262144,24576,128,131072,4815082,1,2,67108864,256
B1,append-growth-snapshot-control-o3,1,256,1,whitefoot,4,1,1024,262144,24576,128,0,259790,1,1,67108864,256
B1,append-growth-o3,1,256,1,cpp-std-vector,4,0,1024,262144,24576,128,131072,5657795,1,2,67108864,256
B1,append-growth-snapshot-control-o3,1,256,1,cpp-std-vector,4,1,1024,262144,24576,128,0,250633,1,1,67108864,256
B1,append-growth-o3,1,256,1,whitefoot,5,0,1024,262144,24576,128,131072,4827370,1,2,67108864,256
B1,append-growth-snapshot-control-o3,1,256,1,whitefoot,5,1,1024,262144,24576,128,0,249290,1,1,67108864,256
B1,append-growth-o3,1,256,1,cpp-std-vector,5,0,1024,262144,24576,128,131072,5628292,1,2,67108864,256
B1,append-growth-snapshot-control-o3,1,256,1,cpp-std-vector,5,1,1024,262144,24576,128,0,254130,1,1,67108864,256
B1,append-growth-o3,1,256,1,rust-vec,5,0,1024,262144,24576,128,131072,6889573,1,4,67108864,256
B1,append-growth-snapshot-control-o3,1,256,1,rust-vec,5,1,1024,262144,24576,128,0,250286,1,1,67108864,256
B1,append-growth-o3,1,256,1,cpp-std-vector,6,0,1024,262144,24576,128,131072,5661085,1,2,67108864,256
B1,append-growth-snapshot-control-o3,1,256,1,cpp-std-vector,6,1,1024,262144,24576,128,0,251579,1,1,67108864,256
B1,append-growth-o3,1,256,1,rust-vec,6,0,1024,262144,24576,128,131072,6890127,1,4,67108864,256
B1,append-growth-snapshot-control-o3,1,256,1,rust-vec,6,1,1024,262144,24576,128,0,252447,1,1,67108864,256
B1,append-growth-o3,1,256,1,whitefoot,6,0,1024,262144,24576,128,131072,4836134,1,2,67108864,256
B1,append-growth-snapshot-control-o3,1,256,1,whitefoot,6,1,1024,262144,24576,128,0,250082,1,1,67108864,256
B1,append-growth-o3,0,256,16,whitefoot,0,0,240,983040,5760,65,15600,2622584,16,32,67108864,256
B1,append-growth-snapshot-control-o3,0,256,16,whitefoot,0,1,240,983040,5760,65,0,24458,16,16,67108864,256
B1,append-growth-o3,0,256,16,rust-vec,0,0,240,983040,5760,65,15600,2501705,16,32,67108864,256
B1,append-growth-snapshot-control-o3,0,256,16,rust-vec,0,1,240,983040,5760,65,0,25547,16,16,67108864,256
B1,append-growth-o3,0,256,16,cpp-std-vector,0,0,240,983040,5760,65,15600,2442417,16,32,67108864,256
B1,append-growth-snapshot-control-o3,0,256,16,cpp-std-vector,0,1,240,983040,5760,65,0,26041,16,16,67108864,256
B1,append-growth-o3,0,256,16,rust-vec,1,0,240,983040,5760,65,15600,2352209,16,32,67108864,256
B1,append-growth-snapshot-control-o3,0,256,16,rust-vec,1,1,240,983040,5760,65,0,25083,16,16,67108864,256
B1,append-growth-o3,0,256,16,cpp-std-vector,1,0,240,983040,5760,65,15600,2198291,16,32,67108864,256
B1,append-growth-snapshot-control-o3,0,256,16,cpp-std-vector,1,1,240,983040,5760,65,0,25712,16,16,67108864,256
B1,append-growth-o3,0,256,16,whitefoot,1,0,240,983040,5760,65,15600,2265294,16,32,67108864,256
B1,append-growth-snapshot-control-o3,0,256,16,whitefoot,1,1,240,983040,5760,65,0,24748,16,16,67108864,256
B1,append-growth-o3,0,256,16,cpp-std-vector,2,0,240,983040,5760,65,15600,2204752,16,32,67108864,256
B1,append-growth-snapshot-control-o3,0,256,16,cpp-std-vector,2,1,240,983040,5760,65,0,28001,16,16,67108864,256
B1,append-growth-o3,0,256,16,whitefoot,2,0,240,983040,5760,65,15600,2160377,16,32,67108864,256
B1,append-growth-snapshot-control-o3,0,256,16,whitefoot,2,1,240,983040,5760,65,0,24248,16,16,67108864,256
B1,append-growth-o3,0,256,16,rust-vec,2,0,240,983040,5760,65,15600,2415086,16,32,67108864,256
B1,append-growth-snapshot-control-o3,0,256,16,rust-vec,2,1,240,983040,5760,65,0,25041,16,16,67108864,256
B1,append-growth-o3,0,256,16,whitefoot,3,0,240,983040,5760,65,15600,2184459,16,32,67108864,256
B1,append-growth-snapshot-control-o3,0,256,16,whitefoot,3,1,240,983040,5760,65,0,24667,16,16,67108864,256
B1,append-growth-o3,0,256,16,rust-vec,3,0,240,983040,5760,65,15600,2347538,16,32,67108864,256
B1,append-growth-snapshot-control-o3,0,256,16,rust-vec,3,1,240,983040,5760,65,0,25459,16,16,67108864,256
B1,append-growth-o3,0,256,16,cpp-std-vector,3,0,240,983040,5760,65,15600,2209085,16,32,67108864,256
B1,append-growth-snapshot-control-o3,0,256,16,cpp-std-vector,3,1,240,983040,5760,65,0,24417,16,16,67108864,256
B1,append-growth-o3,0,256,16,rust-vec,4,0,240,983040,5760,65,15600,2343249,16,32,67108864,256
B1,append-growth-snapshot-control-o3,0,256,16,rust-vec,4,1,240,983040,5760,65,0,25000,16,16,67108864,256
B1,append-growth-o3,0,256,16,cpp-std-vector,4,0,240,983040,5760,65,15600,2163711,16,32,67108864,256
B1,append-growth-snapshot-control-o3,0,256,16,cpp-std-vector,4,1,240,983040,5760,65,0,24414,16,16,67108864,256
B1,append-growth-o3,0,256,16,whitefoot,4,0,240,983040,5760,65,15600,2187880,16,32,67108864,256
B1,append-growth-snapshot-control-o3,0,256,16,whitefoot,4,1,240,983040,5760,65,0,24625,16,16,67108864,256
B1,append-growth-o3,0,256,16,cpp-std-vector,5,0,240,983040,5760,65,15600,2176670,16,32,67108864,256
B1,append-growth-snapshot-control-o3,0,256,16,cpp-std-vector,5,1,240,983040,5760,65,0,24752,16,16,67108864,256
B1,append-growth-o3,0,256,16,whitefoot,5,0,240,983040,5760,65,15600,2186583,16,32,67108864,256
B1,append-growth-snapshot-control-o3,0,256,16,whitefoot,5,1,240,983040,5760,65,0,24708,16,16,67108864,256
B1,append-growth-o3,0,256,16,rust-vec,5,0,240,983040,5760,65,15600,2346379,16,32,67108864,256
B1,append-growth-snapshot-control-o3,0,256,16,rust-vec,5,1,240,983040,5760,65,0,24832,16,16,67108864,256
B1,append-growth-o3,0,256,16,whitefoot,6,0,240,983040,5760,65,15600,2152583,16,32,67108864,256
B1,append-growth-snapshot-control-o3,0,256,16,whitefoot,6,1,240,983040,5760,65,0,24458,16,16,67108864,256
B1,append-growth-o3,0,256,16,rust-vec,6,0,240,983040,5760,65,15600,2339752,16,32,67108864,256
B1,append-growth-snapshot-control-o3,0,256,16,rust-vec,6,1,240,983040,5760,65,0,24957,16,16,67108864,256
B1,append-growth-o3,0,256,16,cpp-std-vector,6,0,240,983040,5760,65,15600,2188165,16,32,67108864,256
B1,append-growth-snapshot-control-o3,0,256,16,cpp-std-vector,6,1,240,983040,5760,65,0,25000,16,16,67108864,256
B1,append-growth-o3,1,256,16,cpp-std-vector,0,0,240,983040,5760,65,15600,2168958,16,32,67108864,256
B1,append-growth-snapshot-control-o3,1,256,16,cpp-std-vector,0,1,240,983040,5760,65,0,24625,16,16,67108864,256
B1,append-growth-o3,1,256,16,rust-vec,0,0,240,983040,5760,65,15600,2425918,16,32,67108864,256
B1,append-growth-snapshot-control-o3,1,256,16,rust-vec,0,1,240,983040,5760,65,0,27001,16,16,67108864,256
B1,append-growth-o3,1,256,16,whitefoot,0,0,240,983040,5760,65,15600,2372498,16,32,67108864,256
B1,append-growth-snapshot-control-o3,1,256,16,whitefoot,0,1,240,983040,5760,65,0,29084,16,16,67108864,256
B1,append-growth-o3,1,256,16,rust-vec,1,0,240,983040,5760,65,15600,2480543,16,32,67108864,256
B1,append-growth-snapshot-control-o3,1,256,16,rust-vec,1,1,240,983040,5760,65,0,26167,16,16,67108864,256
B1,append-growth-o3,1,256,16,whitefoot,1,0,240,983040,5760,65,15600,2199962,16,32,67108864,256
B1,append-growth-snapshot-control-o3,1,256,16,whitefoot,1,1,240,983040,5760,65,0,24459,16,16,67108864,256
B1,append-growth-o3,1,256,16,cpp-std-vector,1,0,240,983040,5760,65,15600,2196414,16,32,67108864,256
B1,append-growth-snapshot-control-o3,1,256,16,cpp-std-vector,1,1,240,983040,5760,65,0,24501,16,16,67108864,256
B1,append-growth-o3,1,256,16,whitefoot,2,0,240,983040,5760,65,15600,2165042,16,32,67108864,256
B1,append-growth-snapshot-control-o3,1,256,16,whitefoot,2,1,240,983040,5760,65,0,24622,16,16,67108864,256
B1,append-growth-o3,1,256,16,cpp-std-vector,2,0,240,983040,5760,65,15600,2163248,16,32,67108864,256
B1,append-growth-snapshot-control-o3,1,256,16,cpp-std-vector,2,1,240,983040,5760,65,0,24542,16,16,67108864,256
B1,append-growth-o3,1,256,16,rust-vec,2,0,240,983040,5760,65,15600,2374292,16,32,67108864,256
B1,append-growth-snapshot-control-o3,1,256,16,rust-vec,2,1,240,983040,5760,65,0,24917,16,16,67108864,256
B1,append-growth-o3,1,256,16,cpp-std-vector,3,0,240,983040,5760,65,15600,2172331,16,32,67108864,256
B1,append-growth-snapshot-control-o3,1,256,16,cpp-std-vector,3,1,240,983040,5760,65,0,24502,16,16,67108864,256
B1,append-growth-o3,1,256,16,rust-vec,3,0,240,983040,5760,65,15600,2336373,16,32,67108864,256
B1,append-growth-snapshot-control-o3,1,256,16,rust-vec,3,1,240,983040,5760,65,0,25710,16,16,67108864,256
B1,append-growth-o3,1,256,16,whitefoot,3,0,240,983040,5760,65,15600,2172129,16,32,67108864,256
B1,append-growth-snapshot-control-o3,1,256,16,whitefoot,3,1,240,983040,5760,65,0,24333,16,16,67108864,256
B1,append-growth-o3,1,256,16,rust-vec,4,0,240,983040,5760,65,15600,2368040,16,32,67108864,256
B1,append-growth-snapshot-control-o3,1,256,16,rust-vec,4,1,240,983040,5760,65,0,25415,16,16,67108864,256
B1,append-growth-o3,1,256,16,whitefoot,4,0,240,983040,5760,65,15600,2239538,16,32,67108864,256
B1,append-growth-snapshot-control-o3,1,256,16,whitefoot,4,1,240,983040,5760,65,0,24622,16,16,67108864,256
B1,append-growth-o3,1,256,16,cpp-std-vector,4,0,240,983040,5760,65,15600,2217085,16,32,67108864,256
B1,append-growth-snapshot-control-o3,1,256,16,cpp-std-vector,4,1,240,983040,5760,65,0,24627,16,16,67108864,256
B1,append-growth-o3,1,256,16,whitefoot,5,0,240,983040,5760,65,15600,2184701,16,32,67108864,256
B1,append-growth-snapshot-control-o3,1,256,16,whitefoot,5,1,240,983040,5760,65,0,24626,16,16,67108864,256
B1,append-growth-o3,1,256,16,cpp-std-vector,5,0,240,983040,5760,65,15600,2176379,16,32,67108864,256
B1,append-growth-snapshot-control-o3,1,256,16,cpp-std-vector,5,1,240,983040,5760,65,0,24959,16,16,67108864,256
B1,append-growth-o3,1,256,16,rust-vec,5,0,240,983040,5760,65,15600,2388287,16,32,67108864,256
B1,append-growth-snapshot-control-o3,1,256,16,rust-vec,5,1,240,983040,5760,65,0,27417,16,16,67108864,256
B1,append-growth-o3,1,256,16,cpp-std-vector,6,0,240,983040,5760,65,15600,2223206,16,32,67108864,256
B1,append-growth-snapshot-control-o3,1,256,16,cpp-std-vector,6,1,240,983040,5760,65,0,26833,16,16,67108864,256
B1,append-growth-o3,1,256,16,rust-vec,6,0,240,983040,5760,65,15600,2336998,16,32,67108864,256
B1,append-growth-snapshot-control-o3,1,256,16,rust-vec,6,1,240,983040,5760,65,0,25457,16,16,67108864,256
B1,append-growth-o3,1,256,16,whitefoot,6,0,240,983040,5760,65,15600,2162129,16,32,67108864,256
B1,append-growth-snapshot-control-o3,1,256,16,whitefoot,6,1,240,983040,5760,65,0,24996,16,16,67108864,256
B1,append-growth-o3,0,256,256,whitefoot,0,0,15,983040,360,69,1035,1390130,256,512,67108864,256
B1,append-growth-snapshot-control-o3,0,256,256,whitefoot,0,1,15,983040,360,69,0,5538,256,256,67108864,256
B1,append-growth-o3,0,256,256,rust-vec,0,0,15,983040,360,69,1035,1381751,256,512,67108864,256
B1,append-growth-snapshot-control-o3,0,256,256,rust-vec,0,1,15,983040,360,69,0,1668,256,256,67108864,256
B1,append-growth-o3,0,256,256,cpp-std-vector,0,0,15,983040,360,69,1035,1374795,256,512,67108864,256
B1,append-growth-snapshot-control-o3,0,256,256,cpp-std-vector,0,1,15,983040,360,69,0,1710,256,256,67108864,256
B1,append-growth-o3,0,256,256,rust-vec,1,0,15,983040,360,69,1035,1364751,256,512,67108864,256
B1,append-growth-snapshot-control-o3,0,256,256,rust-vec,1,1,15,983040,360,69,0,1250,256,256,67108864,256
B1,append-growth-o3,0,256,256,cpp-std-vector,1,0,15,983040,360,69,1035,1340163,256,512,67108864,256
B1,append-growth-snapshot-control-o3,0,256,256,cpp-std-vector,1,1,15,983040,360,69,0,1538,256,256,67108864,256
B1,append-growth-o3,0,256,256,whitefoot,1,0,15,983040,360,69,1035,1369670,256,512,67108864,256
B1,append-growth-snapshot-control-o3,0,256,256,whitefoot,1,1,15,983040,360,69,0,1791,256,256,67108864,256
B1,append-growth-o3,0,256,256,cpp-std-vector,2,0,15,983040,360,69,1035,1378587,256,512,67108864,256
B1,append-growth-snapshot-control-o3,0,256,256,cpp-std-vector,2,1,15,983040,360,69,0,1879,256,256,67108864,256
B1,append-growth-o3,0,256,256,whitefoot,2,0,15,983040,360,69,1035,1364461,256,512,67108864,256
B1,append-growth-snapshot-control-o3,0,256,256,whitefoot,2,1,15,983040,360,69,0,1750,256,256,67108864,256
B1,append-growth-o3,0,256,256,rust-vec,2,0,15,983040,360,69,1035,1369462,256,512,67108864,256
B1,append-growth-snapshot-control-o3,0,256,256,rust-vec,2,1,15,983040,360,69,0,1501,256,256,67108864,256
B1,append-growth-o3,0,256,256,whitefoot,3,0,15,983040,360,69,1035,1359163,256,512,67108864,256
B1,append-growth-snapshot-control-o3,0,256,256,whitefoot,3,1,15,983040,360,69,0,1495,256,256,67108864,256
B1,append-growth-o3,0,256,256,rust-vec,3,0,15,983040,360,69,1035,1388333,256,512,67108864,256
B1,append-growth-snapshot-control-o3,0,256,256,rust-vec,3,1,15,983040,360,69,0,1670,256,256,67108864,256
B1,append-growth-o3,0,256,256,cpp-std-vector,3,0,15,983040,360,69,1035,1410545,256,512,67108864,256
B1,append-growth-snapshot-control-o3,0,256,256,cpp-std-vector,3,1,15,983040,360,69,0,1504,256,256,67108864,256
B1,append-growth-o3,0,256,256,rust-vec,4,0,15,983040,360,69,1035,1399253,256,512,67108864,256
B1,append-growth-snapshot-control-o3,0,256,256,rust-vec,4,1,15,983040,360,69,0,1630,256,256,67108864,256
B1,append-growth-o3,0,256,256,cpp-std-vector,4,0,15,983040,360,69,1035,1375544,256,512,67108864,256
B1,append-growth-snapshot-control-o3,0,256,256,cpp-std-vector,4,1,15,983040,360,69,0,1667,256,256,67108864,256
B1,append-growth-o3,0,256,256,whitefoot,4,0,15,983040,360,69,1035,1361167,256,512,67108864,256
B1,append-growth-snapshot-control-o3,0,256,256,whitefoot,4,1,15,983040,360,69,0,1751,256,256,67108864,256
B1,append-growth-o3,0,256,256,cpp-std-vector,5,0,15,983040,360,69,1035,1381537,256,512,67108864,256
B1,append-growth-snapshot-control-o3,0,256,256,cpp-std-vector,5,1,15,983040,360,69,0,1875,256,256,67108864,256
B1,append-growth-o3,0,256,256,whitefoot,5,0,15,983040,360,69,1035,1362174,256,512,67108864,256
B1,append-growth-snapshot-control-o3,0,256,256,whitefoot,5,1,15,983040,360,69,0,1920,256,256,67108864,256
B1,append-growth-o3,0,256,256,rust-vec,5,0,15,983040,360,69,1035,1369371,256,512,67108864,256
B1,append-growth-snapshot-control-o3,0,256,256,rust-vec,5,1,15,983040,360,69,0,1874,256,256,67108864,256
B1,append-growth-o3,0,256,256,whitefoot,6,0,15,983040,360,69,1035,1360207,256,512,67108864,256
B1,append-growth-snapshot-control-o3,0,256,256,whitefoot,6,1,15,983040,360,69,0,1710,256,256,67108864,256
B1,append-growth-o3,0,256,256,rust-vec,6,0,15,983040,360,69,1035,1368165,256,512,67108864,256
B1,append-growth-snapshot-control-o3,0,256,256,rust-vec,6,1,15,983040,360,69,0,1667,256,256,67108864,256
B1,append-growth-o3,0,256,256,cpp-std-vector,6,0,15,983040,360,69,1035,1390167,256,512,67108864,256
B1,append-growth-snapshot-control-o3,0,256,256,cpp-std-vector,6,1,15,983040,360,69,0,1580,256,256,67108864,256
B1,append-growth-o3,1,256,256,cpp-std-vector,0,0,15,983040,360,69,1035,1365291,256,512,67108864,256
B1,append-growth-snapshot-control-o3,1,256,256,cpp-std-vector,0,1,15,983040,360,69,0,1745,256,256,67108864,256
B1,append-growth-o3,1,256,256,rust-vec,0,0,15,983040,360,69,1035,1365667,256,512,67108864,256
B1,append-growth-snapshot-control-o3,1,256,256,rust-vec,0,1,15,983040,360,69,0,1918,256,256,67108864,256
B1,append-growth-o3,1,256,256,whitefoot,0,0,15,983040,360,69,1035,1372166,256,512,67108864,256
B1,append-growth-snapshot-control-o3,1,256,256,whitefoot,0,1,15,983040,360,69,0,1664,256,256,67108864,256
B1,append-growth-o3,1,256,256,rust-vec,1,0,15,983040,360,69,1035,1369832,256,512,67108864,256
B1,append-growth-snapshot-control-o3,1,256,256,rust-vec,1,1,15,983040,360,69,0,1878,256,256,67108864,256
B1,append-growth-o3,1,256,256,whitefoot,1,0,15,983040,360,69,1035,1374923,256,512,67108864,256
B1,append-growth-snapshot-control-o3,1,256,256,whitefoot,1,1,15,983040,360,69,0,1586,256,256,67108864,256
B1,append-growth-o3,1,256,256,cpp-std-vector,1,0,15,983040,360,69,1035,1372670,256,512,67108864,256
B1,append-growth-snapshot-control-o3,1,256,256,cpp-std-vector,1,1,15,983040,360,69,0,2249,256,256,67108864,256
B1,append-growth-o3,1,256,256,whitefoot,2,0,15,983040,360,69,1035,1465163,256,512,67108864,256
B1,append-growth-snapshot-control-o3,1,256,256,whitefoot,2,1,15,983040,360,69,0,1873,256,256,67108864,256
B1,append-growth-o3,1,256,256,cpp-std-vector,2,0,15,983040,360,69,1035,1452206,256,512,67108864,256
B1,append-growth-snapshot-control-o3,1,256,256,cpp-std-vector,2,1,15,983040,360,69,0,1916,256,256,67108864,256
B1,append-growth-o3,1,256,256,rust-vec,2,0,15,983040,360,69,1035,1471836,256,512,67108864,256
B1,append-growth-snapshot-control-o3,1,256,256,rust-vec,2,1,15,983040,360,69,0,1954,256,256,67108864,256
B1,append-growth-o3,1,256,256,cpp-std-vector,3,0,15,983040,360,69,1035,1399833,256,512,67108864,256
B1,append-growth-snapshot-control-o3,1,256,256,cpp-std-vector,3,1,15,983040,360,69,0,1705,256,256,67108864,256
B1,append-growth-o3,1,256,256,rust-vec,3,0,15,983040,360,69,1035,1366832,256,512,67108864,256
B1,append-growth-snapshot-control-o3,1,256,256,rust-vec,3,1,15,983040,360,69,0,1623,256,256,67108864,256
B1,append-growth-o3,1,256,256,whitefoot,3,0,15,983040,360,69,1035,1359208,256,512,67108864,256
B1,append-growth-snapshot-control-o3,1,256,256,whitefoot,3,1,15,983040,360,69,0,1503,256,256,67108864,256
B1,append-growth-o3,1,256,256,rust-vec,4,0,15,983040,360,69,1035,1379834,256,512,67108864,256
B1,append-growth-snapshot-control-o3,1,256,256,rust-vec,4,1,15,983040,360,69,0,1416,256,256,67108864,256
B1,append-growth-o3,1,256,256,whitefoot,4,0,15,983040,360,69,1035,1360000,256,512,67108864,256
B1,append-growth-snapshot-control-o3,1,256,256,whitefoot,4,1,15,983040,360,69,0,1376,256,256,67108864,256
B1,append-growth-o3,1,256,256,cpp-std-vector,4,0,15,983040,360,69,1035,1443375,256,512,67108864,256
B1,append-growth-snapshot-control-o3,1,256,256,cpp-std-vector,4,1,15,983040,360,69,0,1789,256,256,67108864,256
B1,append-growth-o3,1,256,256,whitefoot,5,0,15,983040,360,69,1035,1359878,256,512,67108864,256
B1,append-growth-snapshot-control-o3,1,256,256,whitefoot,5,1,15,983040,360,69,0,1792,256,256,67108864,256
B1,append-growth-o3,1,256,256,cpp-std-vector,5,0,15,983040,360,69,1035,1361041,256,512,67108864,256
B1,append-growth-snapshot-control-o3,1,256,256,cpp-std-vector,5,1,15,983040,360,69,0,1790,256,256,67108864,256
B1,append-growth-o3,1,256,256,rust-vec,5,0,15,983040,360,69,1035,1373253,256,512,67108864,256
B1,append-growth-snapshot-control-o3,1,256,256,rust-vec,5,1,15,983040,360,69,0,1332,256,256,67108864,256
B1,append-growth-o3,1,256,256,cpp-std-vector,6,0,15,983040,360,69,1035,1364916,256,512,67108864,256
B1,append-growth-snapshot-control-o3,1,256,256,cpp-std-vector,6,1,15,983040,360,69,0,1953,256,256,67108864,256
B1,append-growth-o3,1,256,256,rust-vec,6,0,15,983040,360,69,1035,1370003,256,512,67108864,256
B1,append-growth-snapshot-control-o3,1,256,256,rust-vec,6,1,15,983040,360,69,0,5455,256,256,67108864,256
B1,append-growth-o3,1,256,256,whitefoot,6,0,15,983040,360,69,1035,1362204,256,512,67108864,256
B1,append-growth-snapshot-control-o3,1,256,256,whitefoot,6,1,15,983040,360,69,0,1414,256,256,67108864,256
B1,append-growth-o3,0,256,4096,whitefoot,0,0,1,1048576,24,8191,8191,122553728,4096,8192,8589934592,256
B1,append-growth-snapshot-control-o3,0,256,4096,whitefoot,0,1,1,1048576,24,8191,0,142796,4096,4096,8589934592,256
B1,append-growth-o3,0,256,4096,rust-vec,0,0,1,1048576,24,8191,8191,1341347,4096,8192,8589934592,256
B1,append-growth-snapshot-control-o3,0,256,4096,rust-vec,0,1,1,1048576,24,8191,0,135071,4096,4096,8589934592,256
B1,append-growth-o3,0,256,4096,cpp-std-vector,0,0,1,1048576,24,8191,8191,123003365,4096,8192,8589934592,256
B1,append-growth-snapshot-control-o3,0,256,4096,cpp-std-vector,0,1,1,1048576,24,8191,0,145846,4096,4096,8589934592,256
B1,append-growth-o3,0,256,4096,rust-vec,1,0,1,1048576,24,8191,8191,1352629,4096,8192,8589934592,256
B1,append-growth-snapshot-control-o3,0,256,4096,rust-vec,1,1,1,1048576,24,8191,0,132325,4096,4096,8589934592,256
B1,append-growth-o3,0,256,4096,cpp-std-vector,1,0,1,1048576,24,8191,8191,123118968,4096,8192,8589934592,256
B1,append-growth-snapshot-control-o3,0,256,4096,cpp-std-vector,1,1,1,1048576,24,8191,0,133157,4096,4096,8589934592,256
B1,append-growth-o3,0,256,4096,whitefoot,1,0,1,1048576,24,8191,8191,121818266,4096,8192,8589934592,256
B1,append-growth-snapshot-control-o3,0,256,4096,whitefoot,1,1,1,1048576,24,8191,0,141243,4096,4096,8589934592,256
B1,append-growth-o3,0,256,4096,cpp-std-vector,2,0,1,1048576,24,8191,8191,122728560,4096,8192,8589934592,256
B1,append-growth-snapshot-control-o3,0,256,4096,cpp-std-vector,2,1,1,1048576,24,8191,0,132898,4096,4096,8589934592,256
B1,append-growth-o3,0,256,4096,whitefoot,2,0,1,1048576,24,8191,8191,122091879,4096,8192,8589934592,256
B1,append-growth-snapshot-control-o3,0,256,4096,whitefoot,2,1,1,1048576,24,8191,0,137090,4096,4096,8589934592,256
B1,append-growth-o3,0,256,4096,rust-vec,2,0,1,1048576,24,8191,8191,1370063,4096,8192,8589934592,256
B1,append-growth-snapshot-control-o3,0,256,4096,rust-vec,2,1,1,1048576,24,8191,0,134322,4096,4096,8589934592,256
B1,append-growth-o3,0,256,4096,whitefoot,3,0,1,1048576,24,8191,8191,121943643,4096,8192,8589934592,256
B1,append-growth-snapshot-control-o3,0,256,4096,whitefoot,3,1,1,1048576,24,8191,0,141634,4096,4096,8589934592,256
B1,append-growth-o3,0,256,4096,rust-vec,3,0,1,1048576,24,8191,8191,1383388,4096,8192,8589934592,256
B1,append-growth-snapshot-control-o3,0,256,4096,rust-vec,3,1,1,1048576,24,8191,0,136120,4096,4096,8589934592,256
B1,append-growth-o3,0,256,4096,cpp-std-vector,3,0,1,1048576,24,8191,8191,121952032,4096,8192,8589934592,256
B1,append-growth-snapshot-control-o3,0,256,4096,cpp-std-vector,3,1,1,1048576,24,8191,0,135708,4096,4096,8589934592,256
B1,append-growth-o3,0,256,4096,rust-vec,4,0,1,1048576,24,8191,8191,1349756,4096,8192,8589934592,256
B1,append-growth-snapshot-control-o3,0,256,4096,rust-vec,4,1,1,1048576,24,8191,0,139673,4096,4096,8589934592,256
B1,append-growth-o3,0,256,4096,cpp-std-vector,4,0,1,1048576,24,8191,8191,122080006,4096,8192,8589934592,256
B1,append-growth-snapshot-control-o3,0,256,4096,cpp-std-vector,4,1,1,1048576,24,8191,0,135402,4096,4096,8589934592,256
B1,append-growth-o3,0,256,4096,whitefoot,4,0,1,1048576,24,8191,8191,123072871,4096,8192,8589934592,256
B1,append-growth-snapshot-control-o3,0,256,4096,whitefoot,4,1,1,1048576,24,8191,0,140148,4096,4096,8589934592,256
B1,append-growth-o3,0,256,4096,cpp-std-vector,5,0,1,1048576,24,8191,8191,122267263,4096,8192,8589934592,256
B1,append-growth-snapshot-control-o3,0,256,4096,cpp-std-vector,5,1,1,1048576,24,8191,0,135238,4096,4096,8589934592,256
B1,append-growth-o3,0,256,4096,whitefoot,5,0,1,1048576,24,8191,8191,121834942,4096,8192,8589934592,256
B1,append-growth-snapshot-control-o3,0,256,4096,whitefoot,5,1,1,1048576,24,8191,0,137550,4096,4096,8589934592,256
B1,append-growth-o3,0,256,4096,rust-vec,5,0,1,1048576,24,8191,8191,1371113,4096,8192,8589934592,256
B1,append-growth-snapshot-control-o3,0,256,4096,rust-vec,5,1,1,1048576,24,8191,0,137239,4096,4096,8589934592,256
B1,append-growth-o3,0,256,4096,whitefoot,6,0,1,1048576,24,8191,8191,122329217,4096,8192,8589934592,256
B1,append-growth-snapshot-control-o3,0,256,4096,whitefoot,6,1,1,1048576,24,8191,0,141824,4096,4096,8589934592,256
B1,append-growth-o3,0,256,4096,rust-vec,6,0,1,1048576,24,8191,8191,1376938,4096,8192,8589934592,256
B1,append-growth-snapshot-control-o3,0,256,4096,rust-vec,6,1,1,1048576,24,8191,0,135416,4096,4096,8589934592,256
B1,append-growth-o3,0,256,4096,cpp-std-vector,6,0,1,1048576,24,8191,8191,122199732,4096,8192,8589934592,256
B1,append-growth-snapshot-control-o3,0,256,4096,cpp-std-vector,6,1,1,1048576,24,8191,0,136321,4096,4096,8589934592,256
B1,append-growth-o3,1,256,4096,cpp-std-vector,0,0,1,1048576,24,8191,8191,122524958,4096,8192,8589934592,256
B1,append-growth-snapshot-control-o3,1,256,4096,cpp-std-vector,0,1,1,1048576,24,8191,0,134008,4096,4096,8589934592,256
B1,append-growth-o3,1,256,4096,rust-vec,0,0,1,1048576,24,8191,8191,1357176,4096,8192,8589934592,256
B1,append-growth-snapshot-control-o3,1,256,4096,rust-vec,0,1,1,1048576,24,8191,0,141139,4096,4096,8589934592,256
B1,append-growth-o3,1,256,4096,whitefoot,0,0,1,1048576,24,8191,8191,121829087,4096,8192,8589934592,256
B1,append-growth-snapshot-control-o3,1,256,4096,whitefoot,0,1,1,1048576,24,8191,0,135597,4096,4096,8589934592,256
B1,append-growth-o3,1,256,4096,rust-vec,1,0,1,1048576,24,8191,8191,1378258,4096,8192,8589934592,256
B1,append-growth-snapshot-control-o3,1,256,4096,rust-vec,1,1,1,1048576,24,8191,0,137697,4096,4096,8589934592,256
B1,append-growth-o3,1,256,4096,whitefoot,1,0,1,1048576,24,8191,8191,122204004,4096,8192,8589934592,256
B1,append-growth-snapshot-control-o3,1,256,4096,whitefoot,1,1,1,1048576,24,8191,0,138936,4096,4096,8589934592,256
B1,append-growth-o3,1,256,4096,cpp-std-vector,1,0,1,1048576,24,8191,8191,122211476,4096,8192,8589934592,256
B1,append-growth-snapshot-control-o3,1,256,4096,cpp-std-vector,1,1,1,1048576,24,8191,0,131377,4096,4096,8589934592,256
B1,append-growth-o3,1,256,4096,whitefoot,2,0,1,1048576,24,8191,8191,122459484,4096,8192,8589934592,256
B1,append-growth-snapshot-control-o3,1,256,4096,whitefoot,2,1,1,1048576,24,8191,0,136050,4096,4096,8589934592,256
B1,append-growth-o3,1,256,4096,cpp-std-vector,2,0,1,1048576,24,8191,8191,121951972,4096,8192,8589934592,256
B1,append-growth-snapshot-control-o3,1,256,4096,cpp-std-vector,2,1,1,1048576,24,8191,0,130532,4096,4096,8589934592,256
B1,append-growth-o3,1,256,4096,rust-vec,2,0,1,1048576,24,8191,8191,1360812,4096,8192,8589934592,256
B1,append-growth-snapshot-control-o3,1,256,4096,rust-vec,2,1,1,1048576,24,8191,0,136242,4096,4096,8589934592,256
B1,append-growth-o3,1,256,4096,cpp-std-vector,3,0,1,1048576,24,8191,8191,121995267,4096,8192,8589934592,256
B1,append-growth-snapshot-control-o3,1,256,4096,cpp-std-vector,3,1,1,1048576,24,8191,0,132379,4096,4096,8589934592,256
B1,append-growth-o3,1,256,4096,rust-vec,3,0,1,1048576,24,8191,8191,1347334,4096,8192,8589934592,256
B1,append-growth-snapshot-control-o3,1,256,4096,rust-vec,3,1,1,1048576,24,8191,0,136287,4096,4096,8589934592,256
B1,append-growth-o3,1,256,4096,whitefoot,3,0,1,1048576,24,8191,8191,123012738,4096,8192,8589934592,256
B1,append-growth-snapshot-control-o3,1,256,4096,whitefoot,3,1,1,1048576,24,8191,0,133966,4096,4096,8589934592,256
B1,append-growth-o3,1,256,4096,rust-vec,4,0,1,1048576,24,8191,8191,1339293,4096,8192,8589934592,256
B1,append-growth-snapshot-control-o3,1,256,4096,rust-vec,4,1,1,1048576,24,8191,0,136497,4096,4096,8589934592,256
B1,append-growth-o3,1,256,4096,whitefoot,4,0,1,1048576,24,8191,8191,122181067,4096,8192,8589934592,256
B1,append-growth-snapshot-control-o3,1,256,4096,whitefoot,4,1,1,1048576,24,8191,0,142794,4096,4096,8589934592,256
B1,append-growth-o3,1,256,4096,cpp-std-vector,4,0,1,1048576,24,8191,8191,123077456,4096,8192,8589934592,256
B1,append-growth-snapshot-control-o3,1,256,4096,cpp-std-vector,4,1,1,1048576,24,8191,0,130430,4096,4096,8589934592,256
B1,append-growth-o3,1,256,4096,whitefoot,5,0,1,1048576,24,8191,8191,122265906,4096,8192,8589934592,256
B1,append-growth-snapshot-control-o3,1,256,4096,whitefoot,5,1,1,1048576,24,8191,0,138956,4096,4096,8589934592,256
B1,append-growth-o3,1,256,4096,cpp-std-vector,5,0,1,1048576,24,8191,8191,122219407,4096,8192,8589934592,256
B1,append-growth-snapshot-control-o3,1,256,4096,cpp-std-vector,5,1,1,1048576,24,8191,0,136030,4096,4096,8589934592,256
B1,append-growth-o3,1,256,4096,rust-vec,5,0,1,1048576,24,8191,8191,1344680,4096,8192,8589934592,256
B1,append-growth-snapshot-control-o3,1,256,4096,rust-vec,5,1,1,1048576,24,8191,0,134405,4096,4096,8589934592,256
B1,append-growth-o3,1,256,4096,cpp-std-vector,6,0,1,1048576,24,8191,8191,122245649,4096,8192,8589934592,256
B1,append-growth-snapshot-control-o3,1,256,4096,cpp-std-vector,6,1,1,1048576,24,8191,0,132387,4096,4096,8589934592,256
B1,append-growth-o3,1,256,4096,rust-vec,6,0,1,1048576,24,8191,8191,1342631,4096,8192,8589934592,256
B1,append-growth-snapshot-control-o3,1,256,4096,rust-vec,6,1,1,1048576,24,8191,0,134378,4096,4096,8589934592,256
B1,append-growth-o3,1,256,4096,whitefoot,6,0,1,1048576,24,8191,8191,121818155,4096,8192,8589934592,256
B1,append-growth-snapshot-control-o3,1,256,4096,whitefoot,6,1,1,1048576,24,8191,0,138702,4096,4096,8589934592,256
B2,append-growth-o3,0,8,0,whitefoot,0,0,1024,0,24576,256,262144,2127331,0,1,67108864,256
B2,append-growth-snapshot-control-o3,0,8,0,whitefoot,0,1,1024,0,24576,256,0,249911,0,0,67108864,256
B2,append-growth-o3,0,8,0,rust-vec,0,0,1024,0,24576,256,262144,3154334,0,4,67108864,256
B2,append-growth-snapshot-control-o3,0,8,0,rust-vec,0,1,1024,0,24576,256,0,248380,0,0,67108864,256
B2,append-growth-o3,0,8,0,cpp-std-vector,0,0,1024,0,24576,256,262144,2977408,0,1,67108864,256
B2,append-growth-snapshot-control-o3,0,8,0,cpp-std-vector,0,1,1024,0,24576,256,0,248029,0,0,67108864,256
B2,append-growth-o3,0,8,0,rust-vec,1,0,1024,0,24576,256,262144,3087585,0,4,67108864,256
B2,append-growth-snapshot-control-o3,0,8,0,rust-vec,1,1,1024,0,24576,256,0,247870,0,0,67108864,256
B2,append-growth-o3,0,8,0,cpp-std-vector,1,0,1024,0,24576,256,262144,2863047,0,1,67108864,256
B2,append-growth-snapshot-control-o3,0,8,0,cpp-std-vector,1,1,1024,0,24576,256,0,248002,0,0,67108864,256
B2,append-growth-o3,0,8,0,whitefoot,1,0,1024,0,24576,256,262144,2062792,0,1,67108864,256
B2,append-growth-snapshot-control-o3,0,8,0,whitefoot,1,1,1024,0,24576,256,0,248506,0,0,67108864,256
B2,append-growth-o3,0,8,0,cpp-std-vector,2,0,1024,0,24576,256,262144,2864047,0,1,67108864,256
B2,append-growth-snapshot-control-o3,0,8,0,cpp-std-vector,2,1,1024,0,24576,256,0,247704,0,0,67108864,256
B2,append-growth-o3,0,8,0,whitefoot,2,0,1024,0,24576,256,262144,2045663,0,1,67108864,256
B2,append-growth-snapshot-control-o3,0,8,0,whitefoot,2,1,1024,0,24576,256,0,247334,0,0,67108864,256
B2,append-growth-o3,0,8,0,rust-vec,2,0,1024,0,24576,256,262144,3070712,0,4,67108864,256
B2,append-growth-snapshot-control-o3,0,8,0,rust-vec,2,1,1024,0,24576,256,0,249500,0,0,67108864,256
B2,append-growth-o3,0,8,0,whitefoot,3,0,1024,0,24576,256,262144,2056996,0,1,67108864,256
B2,append-growth-snapshot-control-o3,0,8,0,whitefoot,3,1,1024,0,24576,256,0,249882,0,0,67108864,256
B2,append-growth-o3,0,8,0,rust-vec,3,0,1024,0,24576,256,262144,3105916,0,4,67108864,256
B2,append-growth-snapshot-control-o3,0,8,0,rust-vec,3,1,1024,0,24576,256,0,249835,0,0,67108864,256
B2,append-growth-o3,0,8,0,cpp-std-vector,3,0,1024,0,24576,256,262144,2863465,0,1,67108864,256
B2,append-growth-snapshot-control-o3,0,8,0,cpp-std-vector,3,1,1024,0,24576,256,0,251089,0,0,67108864,256
B2,append-growth-o3,0,8,0,rust-vec,4,0,1024,0,24576,256,262144,3088370,0,4,67108864,256
B2,append-growth-snapshot-control-o3,0,8,0,rust-vec,4,1,1024,0,24576,256,0,247782,0,0,67108864,256
B2,append-growth-o3,0,8,0,cpp-std-vector,4,0,1024,0,24576,256,262144,2886836,0,1,67108864,256
B2,append-growth-snapshot-control-o3,0,8,0,cpp-std-vector,4,1,1024,0,24576,256,0,247626,0,0,67108864,256
B2,append-growth-o3,0,8,0,whitefoot,4,0,1024,0,24576,256,262144,2044919,0,1,67108864,256
B2,append-growth-snapshot-control-o3,0,8,0,whitefoot,4,1,1024,0,24576,256,0,247090,0,0,67108864,256
B2,append-growth-o3,0,8,0,cpp-std-vector,5,0,1024,0,24576,256,262144,2893372,0,1,67108864,256
B2,append-growth-snapshot-control-o3,0,8,0,cpp-std-vector,5,1,1024,0,24576,256,0,247667,0,0,67108864,256
B2,append-growth-o3,0,8,0,whitefoot,5,0,1024,0,24576,256,262144,2044588,0,1,67108864,256
B2,append-growth-snapshot-control-o3,0,8,0,whitefoot,5,1,1024,0,24576,256,0,247699,0,0,67108864,256
B2,append-growth-o3,0,8,0,rust-vec,5,0,1024,0,24576,256,262144,3075793,0,4,67108864,256
B2,append-growth-snapshot-control-o3,0,8,0,rust-vec,5,1,1024,0,24576,256,0,248334,0,0,67108864,256
B2,append-growth-o3,0,8,0,whitefoot,6,0,1024,0,24576,256,262144,2051711,0,1,67108864,256
B2,append-growth-snapshot-control-o3,0,8,0,whitefoot,6,1,1024,0,24576,256,0,260499,0,0,67108864,256
B2,append-growth-o3,0,8,0,rust-vec,6,0,1024,0,24576,256,262144,3147665,0,4,67108864,256
B2,append-growth-snapshot-control-o3,0,8,0,rust-vec,6,1,1024,0,24576,256,0,249377,0,0,67108864,256
B2,append-growth-o3,0,8,0,cpp-std-vector,6,0,1024,0,24576,256,262144,2887040,0,1,67108864,256
B2,append-growth-snapshot-control-o3,0,8,0,cpp-std-vector,6,1,1024,0,24576,256,0,247102,0,0,67108864,256
B2,append-growth-o3,1,8,0,cpp-std-vector,0,0,1024,0,24576,256,262144,2863497,0,1,67108864,256
B2,append-growth-snapshot-control-o3,1,8,0,cpp-std-vector,0,1,1024,0,24576,256,0,254618,0,0,67108864,256
B2,append-growth-o3,1,8,0,rust-vec,0,0,1024,0,24576,256,262144,3097755,0,4,67108864,256
B2,append-growth-snapshot-control-o3,1,8,0,rust-vec,0,1,1024,0,24576,256,0,248295,0,0,67108864,256
B2,append-growth-o3,1,8,0,whitefoot,0,0,1024,0,24576,256,262144,2045505,0,1,67108864,256
B2,append-growth-snapshot-control-o3,1,8,0,whitefoot,0,1,1024,0,24576,256,0,253327,0,0,67108864,256
B2,append-growth-o3,1,8,0,rust-vec,1,0,1024,0,24576,256,262144,3078667,0,4,67108864,256
B2,append-growth-snapshot-control-o3,1,8,0,rust-vec,1,1,1024,0,24576,256,0,249207,0,0,67108864,256
B2,append-growth-o3,1,8,0,whitefoot,1,0,1024,0,24576,256,262144,2078748,0,1,67108864,256
B2,append-growth-snapshot-control-o3,1,8,0,whitefoot,1,1,1024,0,24576,256,0,248833,0,0,67108864,256
B2,append-growth-o3,1,8,0,cpp-std-vector,1,0,1024,0,24576,256,262144,2876632,0,1,67108864,256
B2,append-growth-snapshot-control-o3,1,8,0,cpp-std-vector,1,1,1024,0,24576,256,0,248193,0,0,67108864,256
B2,append-growth-o3,1,8,0,whitefoot,2,0,1024,0,24576,256,262144,2050250,0,1,67108864,256
B2,append-growth-snapshot-control-o3,1,8,0,whitefoot,2,1,1024,0,24576,256,0,248244,0,0,67108864,256
B2,append-growth-o3,1,8,0,cpp-std-vector,2,0,1024,0,24576,256,262144,2891335,0,1,67108864,256
B2,append-growth-snapshot-control-o3,1,8,0,cpp-std-vector,2,1,1024,0,24576,256,0,252166,0,0,67108864,256
B2,append-growth-o3,1,8,0,rust-vec,2,0,1024,0,24576,256,262144,3182087,0,4,67108864,256
B2,append-growth-snapshot-control-o3,1,8,0,rust-vec,2,1,1024,0,24576,256,0,256252,0,0,67108864,256
B2,append-growth-o3,1,8,0,cpp-std-vector,3,0,1024,0,24576,256,262144,2963503,0,1,67108864,256
B2,append-growth-snapshot-control-o3,1,8,0,cpp-std-vector,3,1,1024,0,24576,256,0,265582,0,0,67108864,256
B2,append-growth-o3,1,8,0,rust-vec,3,0,1024,0,24576,256,262144,3181089,0,4,67108864,256
B2,append-growth-snapshot-control-o3,1,8,0,rust-vec,3,1,1024,0,24576,256,0,254332,0,0,67108864,256
B2,append-growth-o3,1,8,0,whitefoot,3,0,1024,0,24576,256,262144,2056580,0,1,67108864,256
B2,append-growth-snapshot-control-o3,1,8,0,whitefoot,3,1,1024,0,24576,256,0,254082,0,0,67108864,256
B2,append-growth-o3,1,8,0,rust-vec,4,0,1024,0,24576,256,262144,3081834,0,4,67108864,256
B2,append-growth-snapshot-control-o3,1,8,0,rust-vec,4,1,1024,0,24576,256,0,247659,0,0,67108864,256
B2,append-growth-o3,1,8,0,whitefoot,4,0,1024,0,24576,256,262144,2044913,0,1,67108864,256
B2,append-growth-snapshot-control-o3,1,8,0,whitefoot,4,1,1024,0,24576,256,0,247617,0,0,67108864,256
B2,append-growth-o3,1,8,0,cpp-std-vector,4,0,1024,0,24576,256,262144,2894211,0,1,67108864,256
B2,append-growth-snapshot-control-o3,1,8,0,cpp-std-vector,4,1,1024,0,24576,256,0,246609,0,0,67108864,256
B2,append-growth-o3,1,8,0,whitefoot,5,0,1024,0,24576,256,262144,2054210,0,1,67108864,256
B2,append-growth-snapshot-control-o3,1,8,0,whitefoot,5,1,1024,0,24576,256,0,247367,0,0,67108864,256
B2,append-growth-o3,1,8,0,cpp-std-vector,5,0,1024,0,24576,256,262144,2871700,0,1,67108864,256
B2,append-growth-snapshot-control-o3,1,8,0,cpp-std-vector,5,1,1024,0,24576,256,0,247463,0,0,67108864,256
B2,append-growth-o3,1,8,0,rust-vec,5,0,1024,0,24576,256,262144,3101212,0,4,67108864,256
B2,append-growth-snapshot-control-o3,1,8,0,rust-vec,5,1,1024,0,24576,256,0,285963,0,0,67108864,256
B2,append-growth-o3,1,8,0,cpp-std-vector,6,0,1024,0,24576,256,262144,2921710,0,1,67108864,256
B2,append-growth-snapshot-control-o3,1,8,0,cpp-std-vector,6,1,1024,0,24576,256,0,249217,0,0,67108864,256
B2,append-growth-o3,1,8,0,rust-vec,6,0,1024,0,24576,256,262144,3074086,0,4,67108864,256
B2,append-growth-snapshot-control-o3,1,8,0,rust-vec,6,1,1024,0,24576,256,0,247366,0,0,67108864,256
B2,append-growth-o3,1,8,0,whitefoot,6,0,1024,0,24576,256,262144,2070210,0,1,67108864,256
B2,append-growth-snapshot-control-o3,1,8,0,whitefoot,6,1,1024,0,24576,256,0,248163,0,0,67108864,256
B2,append-growth-o3,0,8,1,whitefoot,0,0,1024,8192,24576,249,254976,4212289,1,2,67108864,256
B2,append-growth-snapshot-control-o3,0,8,1,whitefoot,0,1,1024,8192,24576,249,0,241505,1,1,67108864,256
B2,append-growth-o3,0,8,1,rust-vec,0,0,1024,8192,24576,249,254976,8341209,1,4,67108864,256
B2,append-growth-snapshot-control-o3,0,8,1,rust-vec,0,1,1024,8192,24576,249,0,241004,1,1,67108864,256
B2,append-growth-o3,0,8,1,cpp-std-vector,0,0,1024,8192,24576,249,254976,4860749,1,2,67108864,256
B2,append-growth-snapshot-control-o3,0,8,1,cpp-std-vector,0,1,1024,8192,24576,249,0,241369,1,1,67108864,256
B2,append-growth-o3,0,8,1,rust-vec,1,0,1024,8192,24576,249,254976,8244959,1,4,67108864,256
B2,append-growth-snapshot-control-o3,0,8,1,rust-vec,1,1,1024,8192,24576,249,0,241077,1,1,67108864,256
B2,append-growth-o3,0,8,1,cpp-std-vector,1,0,1024,8192,24576,249,254976,4877784,1,2,67108864,256
B2,append-growth-snapshot-control-o3,0,8,1,cpp-std-vector,1,1,1024,8192,24576,249,0,240069,1,1,67108864,256
B2,append-growth-o3,0,8,1,whitefoot,1,0,1024,8192,24576,249,254976,4238792,1,2,67108864,256
B2,append-growth-snapshot-control-o3,0,8,1,whitefoot,1,1,1024,8192,24576,249,0,240593,1,1,67108864,256
B2,append-growth-o3,0,8,1,cpp-std-vector,2,0,1024,8192,24576,249,254976,4859498,1,2,67108864,256
B2,append-growth-snapshot-control-o3,0,8,1,cpp-std-vector,2,1,1024,8192,24576,249,0,240097,1,1,67108864,256
B2,append-growth-o3,0,8,1,whitefoot,2,0,1024,8192,24576,249,254976,4229174,1,2,67108864,256
B2,append-growth-snapshot-control-o3,0,8,1,whitefoot,2,1,1024,8192,24576,249,0,242453,1,1,67108864,256
B2,append-growth-o3,0,8,1,rust-vec,2,0,1024,8192,24576,249,254976,8219589,1,4,67108864,256
B2,append-growth-snapshot-control-o3,0,8,1,rust-vec,2,1,1024,8192,24576,249,0,244627,1,1,67108864,256
B2,append-growth-o3,0,8,1,whitefoot,3,0,1024,8192,24576,249,254976,4184910,1,2,67108864,256
B2,append-growth-snapshot-control-o3,0,8,1,whitefoot,3,1,1024,8192,24576,249,0,240624,1,1,67108864,256
B2,append-growth-o3,0,8,1,rust-vec,3,0,1024,8192,24576,249,254976,8204711,1,4,67108864,256
B2,append-growth-snapshot-control-o3,0,8,1,rust-vec,3,1,1024,8192,24576,249,0,243952,1,1,67108864,256
B2,append-growth-o3,0,8,1,cpp-std-vector,3,0,1024,8192,24576,249,254976,4864255,1,2,67108864,256
B2,append-growth-snapshot-control-o3,0,8,1,cpp-std-vector,3,1,1024,8192,24576,249,0,241167,1,1,67108864,256
B2,append-growth-o3,0,8,1,rust-vec,4,0,1024,8192,24576,249,254976,8277700,1,4,67108864,256
B2,append-growth-snapshot-control-o3,0,8,1,rust-vec,4,1,1024,8192,24576,249,0,241667,1,1,67108864,256
B2,append-growth-o3,0,8,1,cpp-std-vector,4,0,1024,8192,24576,249,254976,4853596,1,2,67108864,256
B2,append-growth-snapshot-control-o3,0,8,1,cpp-std-vector,4,1,1024,8192,24576,249,0,240004,1,1,67108864,256
B2,append-growth-o3,0,8,1,whitefoot,4,0,1024,8192,24576,249,254976,4192803,1,2,67108864,256
B2,append-growth-snapshot-control-o3,0,8,1,whitefoot,4,1,1024,8192,24576,249,0,241170,1,1,67108864,256
B2,append-growth-o3,0,8,1,cpp-std-vector,5,0,1024,8192,24576,249,254976,4855006,1,2,67108864,256
B2,append-growth-snapshot-control-o3,0,8,1,cpp-std-vector,5,1,1024,8192,24576,249,0,240701,1,1,67108864,256
B2,append-growth-o3,0,8,1,whitefoot,5,0,1024,8192,24576,249,254976,4303635,1,2,67108864,256
B2,append-growth-snapshot-control-o3,0,8,1,whitefoot,5,1,1024,8192,24576,249,0,257787,1,1,67108864,256
B2,append-growth-o3,0,8,1,rust-vec,5,0,1024,8192,24576,249,254976,8731420,1,4,67108864,256
B2,append-growth-snapshot-control-o3,0,8,1,rust-vec,5,1,1024,8192,24576,249,0,253073,1,1,67108864,256
B2,append-growth-o3,0,8,1,whitefoot,6,0,1024,8192,24576,249,254976,4222794,1,2,67108864,256
B2,append-growth-snapshot-control-o3,0,8,1,whitefoot,6,1,1024,8192,24576,249,0,254499,1,1,67108864,256
B2,append-growth-o3,0,8,1,rust-vec,6,0,1024,8192,24576,249,254976,8393720,1,4,67108864,256
B2,append-growth-snapshot-control-o3,0,8,1,rust-vec,6,1,1024,8192,24576,249,0,260669,1,1,67108864,256
B2,append-growth-o3,0,8,1,cpp-std-vector,6,0,1024,8192,24576,249,254976,4926211,1,2,67108864,256
B2,append-growth-snapshot-control-o3,0,8,1,cpp-std-vector,6,1,1024,8192,24576,249,0,240975,1,1,67108864,256
B2,append-growth-o3,1,8,1,cpp-std-vector,0,0,1024,8192,24576,249,254976,4877712,1,2,67108864,256
B2,append-growth-snapshot-control-o3,1,8,1,cpp-std-vector,0,1,1024,8192,24576,249,0,241076,1,1,67108864,256
B2,append-growth-o3,1,8,1,rust-vec,0,0,1024,8192,24576,249,254976,8219708,1,4,67108864,256
B2,append-growth-snapshot-control-o3,1,8,1,rust-vec,0,1,1024,8192,24576,249,0,241581,1,1,67108864,256
B2,append-growth-o3,1,8,1,whitefoot,0,0,1024,8192,24576,249,254976,4215923,1,2,67108864,256
B2,append-growth-snapshot-control-o3,1,8,1,whitefoot,0,1,1024,8192,24576,249,0,240295,1,1,67108864,256
B2,append-growth-o3,1,8,1,rust-vec,1,0,1024,8192,24576,249,254976,8233916,1,4,67108864,256
B2,append-growth-snapshot-control-o3,1,8,1,rust-vec,1,1,1024,8192,24576,249,0,240661,1,1,67108864,256
B2,append-growth-o3,1,8,1,whitefoot,1,0,1024,8192,24576,249,254976,4192295,1,2,67108864,256
B2,append-growth-snapshot-control-o3,1,8,1,whitefoot,1,1,1024,8192,24576,249,0,256297,1,1,67108864,256
B2,append-growth-o3,1,8,1,cpp-std-vector,1,0,1024,8192,24576,249,254976,4849913,1,2,67108864,256
B2,append-growth-snapshot-control-o3,1,8,1,cpp-std-vector,1,1,1024,8192,24576,249,0,240788,1,1,67108864,256
B2,append-growth-o3,1,8,1,whitefoot,2,0,1024,8192,24576,249,254976,4189753,1,2,67108864,256
B2,append-growth-snapshot-control-o3,1,8,1,whitefoot,2,1,1024,8192,24576,249,0,241054,1,1,67108864,256
B2,append-growth-o3,1,8,1,cpp-std-vector,2,0,1024,8192,24576,249,254976,4871956,1,2,67108864,256
B2,append-growth-snapshot-control-o3,1,8,1,cpp-std-vector,2,1,1024,8192,24576,249,0,240373,1,1,67108864,256
B2,append-growth-o3,1,8,1,rust-vec,2,0,1024,8192,24576,249,254976,8255665,1,4,67108864,256
B2,append-growth-snapshot-control-o3,1,8,1,rust-vec,2,1,1024,8192,24576,249,0,241079,1,1,67108864,256
B2,append-growth-o3,1,8,1,cpp-std-vector,3,0,1024,8192,24576,249,254976,4850166,1,2,67108864,256
B2,append-growth-snapshot-control-o3,1,8,1,cpp-std-vector,3,1,1024,8192,24576,249,0,241988,1,1,67108864,256
B2,append-growth-o3,1,8,1,rust-vec,3,0,1024,8192,24576,249,254976,8310129,1,4,67108864,256
B2,append-growth-snapshot-control-o3,1,8,1,rust-vec,3,1,1024,8192,24576,249,0,241952,1,1,67108864,256
B2,append-growth-o3,1,8,1,whitefoot,3,0,1024,8192,24576,249,254976,4219711,1,2,67108864,256
B2,append-growth-snapshot-control-o3,1,8,1,whitefoot,3,1,1024,8192,24576,249,0,245087,1,1,67108864,256
B2,append-growth-o3,1,8,1,rust-vec,4,0,1024,8192,24576,249,254976,8334381,1,4,67108864,256
B2,append-growth-snapshot-control-o3,1,8,1,rust-vec,4,1,1024,8192,24576,249,0,241342,1,1,67108864,256
B2,append-growth-o3,1,8,1,whitefoot,4,0,1024,8192,24576,249,254976,4184836,1,2,67108864,256
B2,append-growth-snapshot-control-o3,1,8,1,whitefoot,4,1,1024,8192,24576,249,0,240329,1,1,67108864,256
B2,append-growth-o3,1,8,1,cpp-std-vector,4,0,1024,8192,24576,249,254976,4847003,1,2,67108864,256
B2,append-growth-snapshot-control-o3,1,8,1,cpp-std-vector,4,1,1024,8192,24576,249,0,240092,1,1,67108864,256
B2,append-growth-o3,1,8,1,whitefoot,5,0,1024,8192,24576,249,254976,4193752,1,2,67108864,256
B2,append-growth-snapshot-control-o3,1,8,1,whitefoot,5,1,1024,8192,24576,249,0,240831,1,1,67108864,256
B2,append-growth-o3,1,8,1,cpp-std-vector,5,0,1024,8192,24576,249,254976,4849825,1,2,67108864,256
B2,append-growth-snapshot-control-o3,1,8,1,cpp-std-vector,5,1,1024,8192,24576,249,0,240954,1,1,67108864,256
B2,append-growth-o3,1,8,1,rust-vec,5,0,1024,8192,24576,249,254976,8242584,1,4,67108864,256
B2,append-growth-snapshot-control-o3,1,8,1,rust-vec,5,1,1024,8192,24576,249,0,241540,1,1,67108864,256
B2,append-growth-o3,1,8,1,cpp-std-vector,6,0,1024,8192,24576,249,254976,4855881,1,2,67108864,256
B2,append-growth-snapshot-control-o3,1,8,1,cpp-std-vector,6,1,1024,8192,24576,249,0,255553,1,1,67108864,256
B2,append-growth-o3,1,8,1,rust-vec,6,0,1024,8192,24576,249,254976,8247656,1,4,67108864,256
B2,append-growth-snapshot-control-o3,1,8,1,rust-vec,6,1,1024,8192,24576,249,0,241173,1,1,67108864,256
B2,append-growth-o3,1,8,1,whitefoot,6,0,1024,8192,24576,249,254976,4172582,1,2,67108864,256
B2,append-growth-snapshot-control-o3,1,8,1,whitefoot,6,1,1024,8192,24576,249,0,242336,1,1,67108864,256
B2,append-growth-o3,0,8,16,whitefoot,0,0,1024,131072,24576,171,175104,4093127,16,32,67108864,256
B2,append-growth-snapshot-control-o3,0,8,16,whitefoot,0,1,1024,131072,24576,171,0,328005,16,16,67108864,256
B2,append-growth-o3,0,8,16,rust-vec,0,0,1024,131072,24576,171,175104,6617411,16,32,67108864,256
B2,append-growth-snapshot-control-o3,0,8,16,rust-vec,0,1,1024,131072,24576,171,0,330373,16,16,67108864,256
B2,append-growth-o3,0,8,16,cpp-std-vector,0,0,1024,131072,24576,171,175104,4439874,16,32,67108864,256
B2,append-growth-snapshot-control-o3,0,8,16,cpp-std-vector,0,1,1024,131072,24576,171,0,329593,16,16,67108864,256
B2,append-growth-o3,0,8,16,rust-vec,1,0,1024,131072,24576,171,175104,6414838,16,32,67108864,256
B2,append-growth-snapshot-control-o3,0,8,16,rust-vec,1,1,1024,131072,24576,171,0,332627,16,16,67108864,256
B2,append-growth-o3,0,8,16,cpp-std-vector,1,0,1024,131072,24576,171,175104,4471583,16,32,67108864,256
B2,append-growth-snapshot-control-o3,0,8,16,cpp-std-vector,1,1,1024,131072,24576,171,0,330506,16,16,67108864,256
B2,append-growth-o3,0,8,16,whitefoot,1,0,1024,131072,24576,171,175104,4013087,16,32,67108864,256
B2,append-growth-snapshot-control-o3,0,8,16,whitefoot,1,1,1024,131072,24576,171,0,341376,16,16,67108864,256
B2,append-growth-o3,0,8,16,cpp-std-vector,2,0,1024,131072,24576,171,175104,4592407,16,32,67108864,256
B2,append-growth-snapshot-control-o3,0,8,16,cpp-std-vector,2,1,1024,131072,24576,171,0,338749,16,16,67108864,256
B2,append-growth-o3,0,8,16,whitefoot,2,0,1024,131072,24576,171,175104,3927381,16,32,67108864,256
B2,append-growth-snapshot-control-o3,0,8,16,whitefoot,2,1,1024,131072,24576,171,0,330458,16,16,67108864,256
B2,append-growth-o3,0,8,16,rust-vec,2,0,1024,131072,24576,171,175104,6462255,16,32,67108864,256
B2,append-growth-snapshot-control-o3,0,8,16,rust-vec,2,1,1024,131072,24576,171,0,331211,16,16,67108864,256
B2,append-growth-o3,0,8,16,whitefoot,3,0,1024,131072,24576,171,175104,3919836,16,32,67108864,256
B2,append-growth-snapshot-control-o3,0,8,16,whitefoot,3,1,1024,131072,24576,171,0,330329,16,16,67108864,256
B2,append-growth-o3,0,8,16,rust-vec,3,0,1024,131072,24576,171,175104,6471719,16,32,67108864,256
B2,append-growth-snapshot-control-o3,0,8,16,rust-vec,3,1,1024,131072,24576,171,0,331090,16,16,67108864,256
B2,append-growth-o3,0,8,16,cpp-std-vector,3,0,1024,131072,24576,171,175104,4480455,16,32,67108864,256
B2,append-growth-snapshot-control-o3,0,8,16,cpp-std-vector,3,1,1024,131072,24576,171,0,331926,16,16,67108864,256
B2,append-growth-o3,0,8,16,rust-vec,4,0,1024,131072,24576,171,175104,6441370,16,32,67108864,256
B2,append-growth-snapshot-control-o3,0,8,16,rust-vec,4,1,1024,131072,24576,171,0,332622,16,16,67108864,256
B2,append-growth-o3,0,8,16,cpp-std-vector,4,0,1024,131072,24576,171,175104,4447208,16,32,67108864,256
B2,append-growth-snapshot-control-o3,0,8,16,cpp-std-vector,4,1,1024,131072,24576,171,0,333792,16,16,67108864,256
B2,append-growth-o3,0,8,16,whitefoot,4,0,1024,131072,24576,171,175104,3946207,16,32,67108864,256
B2,append-growth-snapshot-control-o3,0,8,16,whitefoot,4,1,1024,131072,24576,171,0,330391,16,16,67108864,256
B2,append-growth-o3,0,8,16,cpp-std-vector,5,0,1024,131072,24576,171,175104,4489627,16,32,67108864,256
B2,append-growth-snapshot-control-o3,0,8,16,cpp-std-vector,5,1,1024,131072,24576,171,0,338173,16,16,67108864,256
B2,append-growth-o3,0,8,16,whitefoot,5,0,1024,131072,24576,171,175104,3928543,16,32,67108864,256
B2,append-growth-snapshot-control-o3,0,8,16,whitefoot,5,1,1024,131072,24576,171,0,327586,16,16,67108864,256
B2,append-growth-o3,0,8,16,rust-vec,5,0,1024,131072,24576,171,175104,6658507,16,32,67108864,256
B2,append-growth-snapshot-control-o3,0,8,16,rust-vec,5,1,1024,131072,24576,171,0,344996,16,16,67108864,256
B2,append-growth-o3,0,8,16,whitefoot,6,0,1024,131072,24576,171,175104,4130754,16,32,67108864,256
B2,append-growth-snapshot-control-o3,0,8,16,whitefoot,6,1,1024,131072,24576,171,0,355704,16,16,67108864,256
B2,append-growth-o3,0,8,16,rust-vec,6,0,1024,131072,24576,171,175104,6723993,16,32,67108864,256
B2,append-growth-snapshot-control-o3,0,8,16,rust-vec,6,1,1024,131072,24576,171,0,331373,16,16,67108864,256
B2,append-growth-o3,0,8,16,cpp-std-vector,6,0,1024,131072,24576,171,175104,4494047,16,32,67108864,256
B2,append-growth-snapshot-control-o3,0,8,16,cpp-std-vector,6,1,1024,131072,24576,171,0,329706,16,16,67108864,256
B2,append-growth-o3,1,8,16,cpp-std-vector,0,0,1024,131072,24576,171,175104,4464756,16,32,67108864,256
B2,append-growth-snapshot-control-o3,1,8,16,cpp-std-vector,0,1,1024,131072,24576,171,0,329453,16,16,67108864,256
B2,append-growth-o3,1,8,16,rust-vec,0,0,1024,131072,24576,171,175104,6434377,16,32,67108864,256
B2,append-growth-snapshot-control-o3,1,8,16,rust-vec,0,1,1024,131072,24576,171,0,331826,16,16,67108864,256
B2,append-growth-o3,1,8,16,whitefoot,0,0,1024,131072,24576,171,175104,3932874,16,32,67108864,256
B2,append-growth-snapshot-control-o3,1,8,16,whitefoot,0,1,1024,131072,24576,171,0,330672,16,16,67108864,256
B2,append-growth-o3,1,8,16,rust-vec,1,0,1024,131072,24576,171,175104,6444961,16,32,67108864,256
B2,append-growth-snapshot-control-o3,1,8,16,rust-vec,1,1,1024,131072,24576,171,0,330420,16,16,67108864,256
B2,append-growth-o3,1,8,16,whitefoot,1,0,1024,131072,24576,171,175104,3917990,16,32,67108864,256
B2,append-growth-snapshot-control-o3,1,8,16,whitefoot,1,1,1024,131072,24576,171,0,332539,16,16,67108864,256
B2,append-growth-o3,1,8,16,cpp-std-vector,1,0,1024,131072,24576,171,175104,4477924,16,32,67108864,256
B2,append-growth-snapshot-control-o3,1,8,16,cpp-std-vector,1,1,1024,131072,24576,171,0,330181,16,16,67108864,256
B2,append-growth-o3,1,8,16,whitefoot,2,0,1024,131072,24576,171,175104,3929493,16,32,67108864,256
B2,append-growth-snapshot-control-o3,1,8,16,whitefoot,2,1,1024,131072,24576,171,0,330754,16,16,67108864,256
B2,append-growth-o3,1,8,16,cpp-std-vector,2,0,1024,131072,24576,171,175104,4464912,16,32,67108864,256
B2,append-growth-snapshot-control-o3,1,8,16,cpp-std-vector,2,1,1024,131072,24576,171,0,332414,16,16,67108864,256
B2,append-growth-o3,1,8,16,rust-vec,2,0,1024,131072,24576,171,175104,6405576,16,32,67108864,256
B2,append-growth-snapshot-control-o3,1,8,16,rust-vec,2,1,1024,131072,24576,171,0,332545,16,16,67108864,256
B2,append-growth-o3,1,8,16,cpp-std-vector,3,0,1024,131072,24576,171,175104,4455043,16,32,67108864,256
B2,append-growth-snapshot-control-o3,1,8,16,cpp-std-vector,3,1,1024,131072,24576,171,0,330923,16,16,67108864,256
B2,append-growth-o3,1,8,16,rust-vec,3,0,1024,131072,24576,171,175104,6439624,16,32,67108864,256
B2,append-growth-snapshot-control-o3,1,8,16,rust-vec,3,1,1024,131072,24576,171,0,327085,16,16,67108864,256
B2,append-growth-o3,1,8,16,whitefoot,3,0,1024,131072,24576,171,175104,3926748,16,32,67108864,256
B2,append-growth-snapshot-control-o3,1,8,16,whitefoot,3,1,1024,131072,24576,171,0,331001,16,16,67108864,256
B2,append-growth-o3,1,8,16,rust-vec,4,0,1024,131072,24576,171,175104,6420949,16,32,67108864,256
B2,append-growth-snapshot-control-o3,1,8,16,rust-vec,4,1,1024,131072,24576,171,0,331327,16,16,67108864,256
B2,append-growth-o3,1,8,16,whitefoot,4,0,1024,131072,24576,171,175104,3944291,16,32,67108864,256
B2,append-growth-snapshot-control-o3,1,8,16,whitefoot,4,1,1024,131072,24576,171,0,338216,16,16,67108864,256
B2,append-growth-o3,1,8,16,cpp-std-vector,4,0,1024,131072,24576,171,175104,4473765,16,32,67108864,256
B2,append-growth-snapshot-control-o3,1,8,16,cpp-std-vector,4,1,1024,131072,24576,171,0,332831,16,16,67108864,256
B2,append-growth-o3,1,8,16,whitefoot,5,0,1024,131072,24576,171,175104,3925699,16,32,67108864,256
B2,append-growth-snapshot-control-o3,1,8,16,whitefoot,5,1,1024,131072,24576,171,0,330793,16,16,67108864,256
B2,append-growth-o3,1,8,16,cpp-std-vector,5,0,1024,131072,24576,171,175104,4475537,16,32,67108864,256
B2,append-growth-snapshot-control-o3,1,8,16,cpp-std-vector,5,1,1024,131072,24576,171,0,330495,16,16,67108864,256
B2,append-growth-o3,1,8,16,rust-vec,5,0,1024,131072,24576,171,175104,6457999,16,32,67108864,256
B2,append-growth-snapshot-control-o3,1,8,16,rust-vec,5,1,1024,131072,24576,171,0,328928,16,16,67108864,256
B2,append-growth-o3,1,8,16,cpp-std-vector,6,0,1024,131072,24576,171,175104,4472747,16,32,67108864,256
B2,append-growth-snapshot-control-o3,1,8,16,cpp-std-vector,6,1,1024,131072,24576,171,0,322421,16,16,67108864,256
B2,append-growth-o3,1,8,16,rust-vec,6,0,1024,131072,24576,171,175104,6439537,16,32,67108864,256
B2,append-growth-snapshot-control-o3,1,8,16,rust-vec,6,1,1024,131072,24576,171,0,331119,16,16,67108864,256
B2,append-growth-o3,1,8,16,whitefoot,6,0,1024,131072,24576,171,175104,3945454,16,32,67108864,256
B2,append-growth-snapshot-control-o3,1,8,16,whitefoot,6,1,1024,131072,24576,171,0,338665,16,16,67108864,256
B2,append-growth-o3,0,8,256,whitefoot,0,0,455,931840,10920,65,29575,2898168,256,512,67108864,256
B2,append-growth-snapshot-control-o3,0,8,256,whitefoot,0,1,455,931840,10920,65,0,52878,256,256,67108864,256
B2,append-growth-o3,0,8,256,rust-vec,0,0,455,931840,10920,65,29575,3155792,256,512,67108864,256
B2,append-growth-snapshot-control-o3,0,8,256,rust-vec,0,1,455,931840,10920,65,0,53292,256,256,67108864,256
B2,append-growth-o3,0,8,256,cpp-std-vector,0,0,455,931840,10920,65,29575,2700413,256,512,67108864,256
B2,append-growth-snapshot-control-o3,0,8,256,cpp-std-vector,0,1,455,931840,10920,65,0,52668,256,256,67108864,256
B2,append-growth-o3,0,8,256,rust-vec,1,0,455,931840,10920,65,29575,2997082,256,512,67108864,256
B2,append-growth-snapshot-control-o3,0,8,256,rust-vec,1,1,455,931840,10920,65,0,53414,256,256,67108864,256
B2,append-growth-o3,0,8,256,cpp-std-vector,1,0,455,931840,10920,65,29575,2762876,256,512,67108864,256
B2,append-growth-snapshot-control-o3,0,8,256,cpp-std-vector,1,1,455,931840,10920,65,0,55045,256,256,67108864,256
B2,append-growth-o3,0,8,256,whitefoot,1,0,455,931840,10920,65,29575,2660338,256,512,67108864,256
B2,append-growth-snapshot-control-o3,0,8,256,whitefoot,1,1,455,931840,10920,65,0,53329,256,256,67108864,256
B2,append-growth-o3,0,8,256,cpp-std-vector,2,0,455,931840,10920,65,29575,2679540,256,512,67108864,256
B2,append-growth-snapshot-control-o3,0,8,256,cpp-std-vector,2,1,455,931840,10920,65,0,53041,256,256,67108864,256
B2,append-growth-o3,0,8,256,whitefoot,2,0,455,931840,10920,65,29575,2586915,256,512,67108864,256
B2,append-growth-snapshot-control-o3,0,8,256,whitefoot,2,1,455,931840,10920,65,0,53291,256,256,67108864,256
B2,append-growth-o3,0,8,256,rust-vec,2,0,455,931840,10920,65,29575,3075087,256,512,67108864,256
B2,append-growth-snapshot-control-o3,0,8,256,rust-vec,2,1,455,931840,10920,65,0,53870,256,256,67108864,256
B2,append-growth-o3,0,8,256,whitefoot,3,0,455,931840,10920,65,29575,2677334,256,512,67108864,256
B2,append-growth-snapshot-control-o3,0,8,256,whitefoot,3,1,455,931840,10920,65,0,56085,256,256,67108864,256
B2,append-growth-o3,0,8,256,rust-vec,3,0,455,931840,10920,65,29575,3275833,256,512,67108864,256
B2,append-growth-snapshot-control-o3,0,8,256,rust-vec,3,1,455,931840,10920,65,0,57333,256,256,67108864,256
B2,append-growth-o3,0,8,256,cpp-std-vector,3,0,455,931840,10920,65,29575,2745252,256,512,67108864,256
B2,append-growth-snapshot-control-o3,0,8,256,cpp-std-vector,3,1,455,931840,10920,65,0,54001,256,256,67108864,256
B2,append-growth-o3,0,8,256,rust-vec,4,0,455,931840,10920,65,29575,3064748,256,512,67108864,256
B2,append-growth-snapshot-control-o3,0,8,256,rust-vec,4,1,455,931840,10920,65,0,55996,256,256,67108864,256
B2,append-growth-o3,0,8,256,cpp-std-vector,4,0,455,931840,10920,65,29575,2692791,256,512,67108864,256
B2,append-growth-snapshot-control-o3,0,8,256,cpp-std-vector,4,1,455,931840,10920,65,0,53835,256,256,67108864,256
B2,append-growth-o3,0,8,256,whitefoot,4,0,455,931840,10920,65,29575,2610295,256,512,67108864,256
B2,append-growth-snapshot-control-o3,0,8,256,whitefoot,4,1,455,931840,10920,65,0,53332,256,256,67108864,256
B2,append-growth-o3,0,8,256,cpp-std-vector,5,0,455,931840,10920,65,29575,2688875,256,512,67108864,256
B2,append-growth-snapshot-control-o3,0,8,256,cpp-std-vector,5,1,455,931840,10920,65,0,52790,256,256,67108864,256
B2,append-growth-o3,0,8,256,whitefoot,5,0,455,931840,10920,65,29575,2578625,256,512,67108864,256
B2,append-growth-snapshot-control-o3,0,8,256,whitefoot,5,1,455,931840,10920,65,0,53289,256,256,67108864,256
B2,append-growth-o3,0,8,256,rust-vec,5,0,455,931840,10920,65,29575,3091213,256,512,67108864,256
B2,append-growth-snapshot-control-o3,0,8,256,rust-vec,5,1,455,931840,10920,65,0,55630,256,256,67108864,256
B2,append-growth-o3,0,8,256,whitefoot,6,0,455,931840,10920,65,29575,2623627,256,512,67108864,256
B2,append-growth-snapshot-control-o3,0,8,256,whitefoot,6,1,455,931840,10920,65,0,53131,256,256,67108864,256
B2,append-growth-o3,0,8,256,rust-vec,6,0,455,931840,10920,65,29575,3098879,256,512,67108864,256
B2,append-growth-snapshot-control-o3,0,8,256,rust-vec,6,1,455,931840,10920,65,0,56538,256,256,67108864,256
B2,append-growth-o3,0,8,256,cpp-std-vector,6,0,455,931840,10920,65,29575,2696501,256,512,67108864,256
B2,append-growth-snapshot-control-o3,0,8,256,cpp-std-vector,6,1,455,931840,10920,65,0,52834,256,256,67108864,256
B2,append-growth-o3,1,8,256,cpp-std-vector,0,0,455,931840,10920,65,29575,2718962,256,512,67108864,256
B2,append-growth-snapshot-control-o3,1,8,256,cpp-std-vector,0,1,455,931840,10920,65,0,52626,256,256,67108864,256
B2,append-growth-o3,1,8,256,rust-vec,0,0,455,931840,10920,65,29575,3057085,256,512,67108864,256
B2,append-growth-snapshot-control-o3,1,8,256,rust-vec,0,1,455,931840,10920,65,0,53166,256,256,67108864,256
B2,append-growth-o3,1,8,256,whitefoot,0,0,455,931840,10920,65,29575,2599668,256,512,67108864,256
B2,append-growth-snapshot-control-o3,1,8,256,whitefoot,0,1,455,931840,10920,65,0,53331,256,256,67108864,256
B2,append-growth-o3,1,8,256,rust-vec,1,0,455,931840,10920,65,29575,3007502,256,512,67108864,256
B2,append-growth-snapshot-control-o3,1,8,256,rust-vec,1,1,455,931840,10920,65,0,53372,256,256,67108864,256
B2,append-growth-o3,1,8,256,whitefoot,1,0,455,931840,10920,65,29575,2589959,256,512,67108864,256
B2,append-growth-snapshot-control-o3,1,8,256,whitefoot,1,1,455,931840,10920,65,0,53628,256,256,67108864,256
B2,append-growth-o3,1,8,256,cpp-std-vector,1,0,455,931840,10920,65,29575,2683338,256,512,67108864,256
B2,append-growth-snapshot-control-o3,1,8,256,cpp-std-vector,1,1,455,931840,10920,65,0,53164,256,256,67108864,256
B2,append-growth-o3,1,8,256,whitefoot,2,0,455,931840,10920,65,29575,2608119,256,512,67108864,256
B2,append-growth-snapshot-control-o3,1,8,256,whitefoot,2,1,455,931840,10920,65,0,53289,256,256,67108864,256
B2,append-growth-o3,1,8,256,cpp-std-vector,2,0,455,931840,10920,65,29575,2795792,256,512,67108864,256
B2,append-growth-snapshot-control-o3,1,8,256,cpp-std-vector,2,1,455,931840,10920,65,0,52992,256,256,67108864,256
B2,append-growth-o3,1,8,256,rust-vec,2,0,455,931840,10920,65,29575,3115038,256,512,67108864,256
B2,append-growth-snapshot-control-o3,1,8,256,rust-vec,2,1,455,931840,10920,65,0,53208,256,256,67108864,256
B2,append-growth-o3,1,8,256,cpp-std-vector,3,0,455,931840,10920,65,29575,2758712,256,512,67108864,256
B2,append-growth-snapshot-control-o3,1,8,256,cpp-std-vector,3,1,455,931840,10920,65,0,53708,256,256,67108864,256
B2,append-growth-o3,1,8,256,rust-vec,3,0,455,931840,10920,65,29575,3093999,256,512,67108864,256
B2,append-growth-snapshot-control-o3,1,8,256,rust-vec,3,1,455,931840,10920,65,0,52999,256,256,67108864,256
B2,append-growth-o3,1,8,256,whitefoot,3,0,455,931840,10920,65,29575,2617836,256,512,67108864,256
B2,append-growth-snapshot-control-o3,1,8,256,whitefoot,3,1,455,931840,10920,65,0,52873,256,256,67108864,256
B2,append-growth-o3,1,8,256,rust-vec,4,0,455,931840,10920,65,29575,2994748,256,512,67108864,256
B2,append-growth-snapshot-control-o3,1,8,256,rust-vec,4,1,455,931840,10920,65,0,53163,256,256,67108864,256
B2,append-growth-o3,1,8,256,whitefoot,4,0,455,931840,10920,65,29575,2621834,256,512,67108864,256
B2,append-growth-snapshot-control-o3,1,8,256,whitefoot,4,1,455,931840,10920,65,0,54917,256,256,67108864,256
B2,append-growth-o3,1,8,256,cpp-std-vector,4,0,455,931840,10920,65,29575,2918537,256,512,67108864,256
B2,append-growth-snapshot-control-o3,1,8,256,cpp-std-vector,4,1,455,931840,10920,65,0,54335,256,256,67108864,256
B2,append-growth-o3,1,8,256,whitefoot,5,0,455,931840,10920,65,29575,2615917,256,512,67108864,256
B2,append-growth-snapshot-control-o3,1,8,256,whitefoot,5,1,455,931840,10920,65,0,53036,256,256,67108864,256
B2,append-growth-o3,1,8,256,cpp-std-vector,5,0,455,931840,10920,65,29575,2685997,256,512,67108864,256
B2,append-growth-snapshot-control-o3,1,8,256,cpp-std-vector,5,1,455,931840,10920,65,0,53332,256,256,67108864,256
B2,append-growth-o3,1,8,256,rust-vec,5,0,455,931840,10920,65,29575,3025581,256,512,67108864,256
B2,append-growth-snapshot-control-o3,1,8,256,rust-vec,5,1,455,931840,10920,65,0,53665,256,256,67108864,256
B2,append-growth-o3,1,8,256,cpp-std-vector,6,0,455,931840,10920,65,29575,2704583,256,512,67108864,256
B2,append-growth-snapshot-control-o3,1,8,256,cpp-std-vector,6,1,455,931840,10920,65,0,53209,256,256,67108864,256
B2,append-growth-o3,1,8,256,rust-vec,6,0,455,931840,10920,65,29575,3006584,256,512,67108864,256
B2,append-growth-snapshot-control-o3,1,8,256,rust-vec,6,1,455,931840,10920,65,0,53582,256,256,67108864,256
B2,append-growth-o3,1,8,256,whitefoot,6,0,455,931840,10920,65,29575,2582838,256,512,67108864,256
B2,append-growth-snapshot-control-o3,1,8,256,whitefoot,6,1,455,931840,10920,65,0,53252,256,256,67108864,256
B2,append-growth-o3,0,8,4096,whitefoot,0,0,31,1015808,744,66,2046,1562458,4096,8192,67108864,256
B2,append-growth-snapshot-control-o3,0,8,4096,whitefoot,0,1,31,1015808,744,66,0,2001,4096,4096,67108864,256
B2,append-growth-o3,0,8,4096,rust-vec,0,0,31,1015808,744,66,2046,1290377,4096,8192,67108864,256
B2,append-growth-snapshot-control-o3,0,8,4096,rust-vec,0,1,31,1015808,744,66,0,1954,4096,4096,67108864,256
B2,append-growth-o3,0,8,4096,cpp-std-vector,0,0,31,1015808,744,66,2046,1310207,4096,8192,67108864,256
B2,append-growth-snapshot-control-o3,0,8,4096,cpp-std-vector,0,1,31,1015808,744,66,0,2250,4096,4096,67108864,256
B2,append-growth-o3,0,8,4096,rust-vec,1,0,31,1015808,744,66,2046,1278952,4096,8192,67108864,256
B2,append-growth-snapshot-control-o3,0,8,4096,rust-vec,1,1,31,1015808,744,66,0,2617,4096,4096,67108864,256
B2,append-growth-o3,0,8,4096,cpp-std-vector,1,0,31,1015808,744,66,2046,1329791,4096,8192,67108864,256
B2,append-growth-snapshot-control-o3,0,8,4096,cpp-std-vector,1,1,31,1015808,744,66,0,2586,4096,4096,67108864,256
B2,append-growth-o3,0,8,4096,whitefoot,1,0,31,1015808,744,66,2046,1446508,4096,8192,67108864,256
B2,append-growth-snapshot-control-o3,0,8,4096,whitefoot,1,1,31,1015808,744,66,0,2419,4096,4096,67108864,256
B2,append-growth-o3,0,8,4096,cpp-std-vector,2,0,31,1015808,744,66,2046,1395543,4096,8192,67108864,256
B2,append-growth-snapshot-control-o3,0,8,4096,cpp-std-vector,2,1,31,1015808,744,66,0,2583,4096,4096,67108864,256
B2,append-growth-o3,0,8,4096,whitefoot,2,0,31,1015808,744,66,2046,1483545,4096,8192,67108864,256
B2,append-growth-snapshot-control-o3,0,8,4096,whitefoot,2,1,31,1015808,744,66,0,1622,4096,4096,67108864,256
B2,append-growth-o3,0,8,4096,rust-vec,2,0,31,1015808,744,66,2046,1311875,4096,8192,67108864,256
B2,append-growth-snapshot-control-o3,0,8,4096,rust-vec,2,1,31,1015808,744,66,0,2163,4096,4096,67108864,256
B2,append-growth-o3,0,8,4096,whitefoot,3,0,31,1015808,744,66,2046,1398048,4096,8192,67108864,256
B2,append-growth-snapshot-control-o3,0,8,4096,whitefoot,3,1,31,1015808,744,66,0,1996,4096,4096,67108864,256
B2,append-growth-o3,0,8,4096,rust-vec,3,0,31,1015808,744,66,2046,1298868,4096,8192,67108864,256
B2,append-growth-snapshot-control-o3,0,8,4096,rust-vec,3,1,31,1015808,744,66,0,2295,4096,4096,67108864,256
B2,append-growth-o3,0,8,4096,cpp-std-vector,3,0,31,1015808,744,66,2046,1312160,4096,8192,67108864,256
B2,append-growth-snapshot-control-o3,0,8,4096,cpp-std-vector,3,1,31,1015808,744,66,0,2586,4096,4096,67108864,256
B2,append-growth-o3,0,8,4096,rust-vec,4,0,31,1015808,744,66,2046,1307671,4096,8192,67108864,256
B2,append-growth-snapshot-control-o3,0,8,4096,rust-vec,4,1,31,1015808,744,66,0,2211,4096,4096,67108864,256
B2,append-growth-o3,0,8,4096,cpp-std-vector,4,0,31,1015808,744,66,2046,1363413,4096,8192,67108864,256
B2,append-growth-snapshot-control-o3,0,8,4096,cpp-std-vector,4,1,31,1015808,744,66,0,3125,4096,4096,67108864,256
B2,append-growth-o3,0,8,4096,whitefoot,4,0,31,1015808,744,66,2046,1467915,4096,8192,67108864,256
B2,append-growth-snapshot-control-o3,0,8,4096,whitefoot,4,1,31,1015808,744,66,0,2786,4096,4096,67108864,256
B2,append-growth-o3,0,8,4096,cpp-std-vector,5,0,31,1015808,744,66,2046,1518871,4096,8192,67108864,256
B2,append-growth-snapshot-control-o3,0,8,4096,cpp-std-vector,5,1,31,1015808,744,66,0,2629,4096,4096,67108864,256
B2,append-growth-o3,0,8,4096,whitefoot,5,0,31,1015808,744,66,2046,1448913,4096,8192,67108864,256
B2,append-growth-snapshot-control-o3,0,8,4096,whitefoot,5,1,31,1015808,744,66,0,1912,4096,4096,67108864,256
B2,append-growth-o3,0,8,4096,rust-vec,5,0,31,1015808,744,66,2046,1287129,4096,8192,67108864,256
B2,append-growth-snapshot-control-o3,0,8,4096,rust-vec,5,1,31,1015808,744,66,0,2668,4096,4096,67108864,256
B2,append-growth-o3,0,8,4096,whitefoot,6,0,31,1015808,744,66,2046,1389667,4096,8192,67108864,256
B2,append-growth-snapshot-control-o3,0,8,4096,whitefoot,6,1,31,1015808,744,66,0,2211,4096,4096,67108864,256
B2,append-growth-o3,0,8,4096,rust-vec,6,0,31,1015808,744,66,2046,1317835,4096,8192,67108864,256
B2,append-growth-snapshot-control-o3,0,8,4096,rust-vec,6,1,31,1015808,744,66,0,2546,4096,4096,67108864,256
B2,append-growth-o3,0,8,4096,cpp-std-vector,6,0,31,1015808,744,66,2046,1318338,4096,8192,67108864,256
B2,append-growth-snapshot-control-o3,0,8,4096,cpp-std-vector,6,1,31,1015808,744,66,0,2623,4096,4096,67108864,256
B2,append-growth-o3,1,8,4096,cpp-std-vector,0,0,31,1015808,744,66,2046,1310579,4096,8192,67108864,256
B2,append-growth-snapshot-control-o3,1,8,4096,cpp-std-vector,0,1,31,1015808,744,66,0,2829,4096,4096,67108864,256
B2,append-growth-o3,1,8,4096,rust-vec,0,0,31,1015808,744,66,2046,1284624,4096,8192,67108864,256
B2,append-growth-snapshot-control-o3,1,8,4096,rust-vec,0,1,31,1015808,744,66,0,2543,4096,4096,67108864,256
B2,append-growth-o3,1,8,4096,whitefoot,0,0,31,1015808,744,66,2046,1489543,4096,8192,67108864,256
B2,append-growth-snapshot-control-o3,1,8,4096,whitefoot,0,1,31,1015808,744,66,0,2206,4096,4096,67108864,256
B2,append-growth-o3,1,8,4096,rust-vec,1,0,31,1015808,744,66,2046,1326215,4096,8192,67108864,256
B2,append-growth-snapshot-control-o3,1,8,4096,rust-vec,1,1,31,1015808,744,66,0,2783,4096,4096,67108864,256
B2,append-growth-o3,1,8,4096,whitefoot,1,0,31,1015808,744,66,2046,1422873,4096,8192,67108864,256
B2,append-growth-snapshot-control-o3,1,8,4096,whitefoot,1,1,31,1015808,744,66,0,2374,4096,4096,67108864,256
B2,append-growth-o3,1,8,4096,cpp-std-vector,1,0,31,1015808,744,66,2046,1312957,4096,8192,67108864,256
B2,append-growth-snapshot-control-o3,1,8,4096,cpp-std-vector,1,1,31,1015808,744,66,0,4959,4096,4096,67108864,256
B2,append-growth-o3,1,8,4096,whitefoot,2,0,31,1015808,744,66,2046,1457749,4096,8192,67108864,256
B2,append-growth-snapshot-control-o3,1,8,4096,whitefoot,2,1,31,1015808,744,66,0,4588,4096,4096,67108864,256
B2,append-growth-o3,1,8,4096,cpp-std-vector,2,0,31,1015808,744,66,2046,1325455,4096,8192,67108864,256
B2,append-growth-snapshot-control-o3,1,8,4096,cpp-std-vector,2,1,31,1015808,744,66,0,2289,4096,4096,67108864,256
B2,append-growth-o3,1,8,4096,rust-vec,2,0,31,1015808,744,66,2046,1284088,4096,8192,67108864,256
B2,append-growth-snapshot-control-o3,1,8,4096,rust-vec,2,1,31,1015808,744,66,0,2287,4096,4096,67108864,256
B2,append-growth-o3,1,8,4096,cpp-std-vector,3,0,31,1015808,744,66,2046,1318790,4096,8192,67108864,256
B2,append-growth-snapshot-control-o3,1,8,4096,cpp-std-vector,3,1,31,1015808,744,66,0,2463,4096,4096,67108864,256
B2,append-growth-o3,1,8,4096,rust-vec,3,0,31,1015808,744,66,2046,1299709,4096,8192,67108864,256
B2,append-growth-snapshot-control-o3,1,8,4096,rust-vec,3,1,31,1015808,744,66,0,2543,4096,4096,67108864,256
B2,append-growth-o3,1,8,4096,whitefoot,3,0,31,1015808,744,66,2046,1425416,4096,8192,67108864,256
B2,append-growth-snapshot-control-o3,1,8,4096,whitefoot,3,1,31,1015808,744,66,0,2458,4096,4096,67108864,256
B2,append-growth-o3,1,8,4096,rust-vec,4,0,31,1015808,744,66,2046,1297537,4096,8192,67108864,256
B2,append-growth-snapshot-control-o3,1,8,4096,rust-vec,4,1,31,1015808,744,66,0,2912,4096,4096,67108864,256
B2,append-growth-o3,1,8,4096,whitefoot,4,0,31,1015808,744,66,2046,1403711,4096,8192,67108864,256
B2,append-growth-snapshot-control-o3,1,8,4096,whitefoot,4,1,31,1015808,744,66,0,2038,4096,4096,67108864,256
B2,append-growth-o3,1,8,4096,cpp-std-vector,4,0,31,1015808,744,66,2046,1321959,4096,8192,67108864,256
B2,append-growth-snapshot-control-o3,1,8,4096,cpp-std-vector,4,1,31,1015808,744,66,0,2665,4096,4096,67108864,256
B2,append-growth-o3,1,8,4096,whitefoot,5,0,31,1015808,744,66,2046,1446210,4096,8192,67108864,256
B2,append-growth-snapshot-control-o3,1,8,4096,whitefoot,5,1,31,1015808,744,66,0,2208,4096,4096,67108864,256
B2,append-growth-o3,1,8,4096,cpp-std-vector,5,0,31,1015808,744,66,2046,1357161,4096,8192,67108864,256
B2,append-growth-snapshot-control-o3,1,8,4096,cpp-std-vector,5,1,31,1015808,744,66,0,3037,4096,4096,67108864,256
B2,append-growth-o3,1,8,4096,rust-vec,5,0,31,1015808,744,66,2046,1450331,4096,8192,67108864,256
B2,append-growth-snapshot-control-o3,1,8,4096,rust-vec,5,1,31,1015808,744,66,0,2792,4096,4096,67108864,256
B2,append-growth-o3,1,8,4096,cpp-std-vector,6,0,31,1015808,744,66,2046,1328373,4096,8192,67108864,256
B2,append-growth-snapshot-control-o3,1,8,4096,cpp-std-vector,6,1,31,1015808,744,66,0,2540,4096,4096,67108864,256
B2,append-growth-o3,1,8,4096,rust-vec,6,0,31,1015808,744,66,2046,1294379,4096,8192,67108864,256
B2,append-growth-snapshot-control-o3,1,8,4096,rust-vec,6,1,31,1015808,744,66,0,2167,4096,4096,67108864,256
B2,append-growth-o3,1,8,4096,whitefoot,6,0,31,1015808,744,66,2046,1440708,4096,8192,67108864,256
B2,append-growth-snapshot-control-o3,1,8,4096,whitefoot,6,1,31,1015808,744,66,0,2463,4096,4096,67108864,256
B2,append-growth-o3,0,256,0,whitefoot,0,0,1024,0,24576,256,262144,3339490,0,1,67108864,256
B2,append-growth-snapshot-control-o3,0,256,0,whitefoot,0,1,1024,0,24576,256,0,248670,0,0,67108864,256
B2,append-growth-o3,0,256,0,rust-vec,0,0,1024,0,24576,256,262144,5940967,0,4,67108864,256
B2,append-growth-snapshot-control-o3,0,256,0,rust-vec,0,1,1024,0,24576,256,0,334543,0,0,67108864,256
B2,append-growth-o3,0,256,0,cpp-std-vector,0,0,1024,0,24576,256,262144,4090370,0,1,67108864,256
B2,append-growth-snapshot-control-o3,0,256,0,cpp-std-vector,0,1,1024,0,24576,256,0,248416,0,0,67108864,256
B2,append-growth-o3,0,256,0,rust-vec,1,0,1024,0,24576,256,262144,5915470,0,4,67108864,256
B2,append-growth-snapshot-control-o3,0,256,0,rust-vec,1,1,1024,0,24576,256,0,249085,0,0,67108864,256
B2,append-growth-o3,0,256,0,cpp-std-vector,1,0,1024,0,24576,256,262144,4084414,0,1,67108864,256
B2,append-growth-snapshot-control-o3,0,256,0,cpp-std-vector,1,1,1024,0,24576,256,0,248870,0,0,67108864,256
B2,append-growth-o3,0,256,0,whitefoot,1,0,1024,0,24576,256,262144,3197879,0,1,67108864,256
B2,append-growth-snapshot-control-o3,0,256,0,whitefoot,1,1,1024,0,24576,256,0,249577,0,0,67108864,256
B2,append-growth-o3,0,256,0,cpp-std-vector,2,0,1024,0,24576,256,262144,4089877,0,1,67108864,256
B2,append-growth-snapshot-control-o3,0,256,0,cpp-std-vector,2,1,1024,0,24576,256,0,248842,0,0,67108864,256
B2,append-growth-o3,0,256,0,whitefoot,2,0,1024,0,24576,256,262144,3170085,0,1,67108864,256
B2,append-growth-snapshot-control-o3,0,256,0,whitefoot,2,1,1024,0,24576,256,0,248663,0,0,67108864,256
B2,append-growth-o3,0,256,0,rust-vec,2,0,1024,0,24576,256,262144,5850076,0,4,67108864,256
B2,append-growth-snapshot-control-o3,0,256,0,rust-vec,2,1,1024,0,24576,256,0,252252,0,0,67108864,256
B2,append-growth-o3,0,256,0,whitefoot,3,0,1024,0,24576,256,262144,3179830,0,1,67108864,256
B2,append-growth-snapshot-control-o3,0,256,0,whitefoot,3,1,1024,0,24576,256,0,248084,0,0,67108864,256
B2,append-growth-o3,0,256,0,rust-vec,3,0,1024,0,24576,256,262144,5859790,0,4,67108864,256
B2,append-growth-snapshot-control-o3,0,256,0,rust-vec,3,1,1024,0,24576,256,0,248177,0,0,67108864,256
B2,append-growth-o3,0,256,0,cpp-std-vector,3,0,1024,0,24576,256,262144,4097800,0,1,67108864,256
B2,append-growth-snapshot-control-o3,0,256,0,cpp-std-vector,3,1,1024,0,24576,256,0,248828,0,0,67108864,256
B2,append-growth-o3,0,256,0,rust-vec,4,0,1024,0,24576,256,262144,5861529,0,4,67108864,256
B2,append-growth-snapshot-control-o3,0,256,0,rust-vec,4,1,1024,0,24576,256,0,249079,0,0,67108864,256
B2,append-growth-o3,0,256,0,cpp-std-vector,4,0,1024,0,24576,256,262144,4088339,0,1,67108864,256
B2,append-growth-snapshot-control-o3,0,256,0,cpp-std-vector,4,1,1024,0,24576,256,0,249459,0,0,67108864,256
B2,append-growth-o3,0,256,0,whitefoot,4,0,1024,0,24576,256,262144,3177201,0,1,67108864,256
B2,append-growth-snapshot-control-o3,0,256,0,whitefoot,4,1,1024,0,24576,256,0,249421,0,0,67108864,256
B2,append-growth-o3,0,256,0,cpp-std-vector,5,0,1024,0,24576,256,262144,4116509,0,1,67108864,256
B2,append-growth-snapshot-control-o3,0,256,0,cpp-std-vector,5,1,1024,0,24576,256,0,249553,0,0,67108864,256
B2,append-growth-o3,0,256,0,whitefoot,5,0,1024,0,24576,256,262144,3183872,0,1,67108864,256
B2,append-growth-snapshot-control-o3,0,256,0,whitefoot,5,1,1024,0,24576,256,0,259127,0,0,67108864,256
B2,append-growth-o3,0,256,0,rust-vec,5,0,1024,0,24576,256,262144,5854957,0,4,67108864,256
B2,append-growth-snapshot-control-o3,0,256,0,rust-vec,5,1,1024,0,24576,256,0,248620,0,0,67108864,256
B2,append-growth-o3,0,256,0,whitefoot,6,0,1024,0,24576,256,262144,3195172,0,1,67108864,256
B2,append-growth-snapshot-control-o3,0,256,0,whitefoot,6,1,1024,0,24576,256,0,248038,0,0,67108864,256
B2,append-growth-o3,0,256,0,rust-vec,6,0,1024,0,24576,256,262144,5854086,0,4,67108864,256
B2,append-growth-snapshot-control-o3,0,256,0,rust-vec,6,1,1024,0,24576,256,0,248618,0,0,67108864,256
B2,append-growth-o3,0,256,0,cpp-std-vector,6,0,1024,0,24576,256,262144,4125623,0,1,67108864,256
B2,append-growth-snapshot-control-o3,0,256,0,cpp-std-vector,6,1,1024,0,24576,256,0,249257,0,0,67108864,256
B2,append-growth-o3,1,256,0,cpp-std-vector,0,0,1024,0,24576,256,262144,4086500,0,1,67108864,256
B2,append-growth-snapshot-control-o3,1,256,0,cpp-std-vector,0,1,1024,0,24576,256,0,256209,0,0,67108864,256
B2,append-growth-o3,1,256,0,rust-vec,0,0,1024,0,24576,256,262144,5843127,0,4,67108864,256
B2,append-growth-snapshot-control-o3,1,256,0,rust-vec,0,1,1024,0,24576,256,0,248587,0,0,67108864,256
B2,append-growth-o3,1,256,0,whitefoot,0,0,1024,0,24576,256,262144,3181366,0,1,67108864,256
B2,append-growth-snapshot-control-o3,1,256,0,whitefoot,0,1,1024,0,24576,256,0,249292,0,0,67108864,256
B2,append-growth-o3,1,256,0,rust-vec,1,0,1024,0,24576,256,262144,5860211,0,4,67108864,256
B2,append-growth-snapshot-control-o3,1,256,0,rust-vec,1,1,1024,0,24576,256,0,248505,0,0,67108864,256
B2,append-growth-o3,1,256,0,whitefoot,1,0,1024,0,24576,256,262144,3174705,0,1,67108864,256
B2,append-growth-snapshot-control-o3,1,256,0,whitefoot,1,1,1024,0,24576,256,0,248834,0,0,67108864,256
B2,append-growth-o3,1,256,0,cpp-std-vector,1,0,1024,0,24576,256,262144,4092749,0,1,67108864,256
B2,append-growth-snapshot-control-o3,1,256,0,cpp-std-vector,1,1,1024,0,24576,256,0,248579,0,0,67108864,256
B2,append-growth-o3,1,256,0,whitefoot,2,0,1024,0,24576,256,262144,3174287,0,1,67108864,256
B2,append-growth-snapshot-control-o3,1,256,0,whitefoot,2,1,1024,0,24576,256,0,249089,0,0,67108864,256
B2,append-growth-o3,1,256,0,cpp-std-vector,2,0,1024,0,24576,256,262144,4100796,0,1,67108864,256
B2,append-growth-snapshot-control-o3,1,256,0,cpp-std-vector,2,1,1024,0,24576,256,0,256169,0,0,67108864,256
B2,append-growth-o3,1,256,0,rust-vec,2,0,1024,0,24576,256,262144,5875447,0,4,67108864,256
B2,append-growth-snapshot-control-o3,1,256,0,rust-vec,2,1,1024,0,24576,256,0,248039,0,0,67108864,256
B2,append-growth-o3,1,256,0,cpp-std-vector,3,0,1024,0,24576,256,262144,4088211,0,1,67108864,256
B2,append-growth-snapshot-control-o3,1,256,0,cpp-std-vector,3,1,1024,0,24576,256,0,249533,0,0,67108864,256
B2,append-growth-o3,1,256,0,rust-vec,3,0,1024,0,24576,256,262144,5871999,0,4,67108864,256
B2,append-growth-snapshot-control-o3,1,256,0,rust-vec,3,1,1024,0,24576,256,0,248328,0,0,67108864,256
B2,append-growth-o3,1,256,0,whitefoot,3,0,1024,0,24576,256,262144,3289081,0,1,67108864,256
B2,append-growth-snapshot-control-o3,1,256,0,whitefoot,3,1,1024,0,24576,256,0,248672,0,0,67108864,256
B2,append-growth-o3,1,256,0,rust-vec,4,0,1024,0,24576,256,262144,5876872,0,4,67108864,256
B2,append-growth-snapshot-control-o3,1,256,0,rust-vec,4,1,1024,0,24576,256,0,248963,0,0,67108864,256
B2,append-growth-o3,1,256,0,whitefoot,4,0,1024,0,24576,256,262144,3181699,0,1,67108864,256
B2,append-growth-snapshot-control-o3,1,256,0,whitefoot,4,1,1024,0,24576,256,0,247040,0,0,67108864,256
B2,append-growth-o3,1,256,0,cpp-std-vector,4,0,1024,0,24576,256,262144,4099218,0,1,67108864,256
B2,append-growth-snapshot-control-o3,1,256,0,cpp-std-vector,4,1,1024,0,24576,256,0,248286,0,0,67108864,256
B2,append-growth-o3,1,256,0,whitefoot,5,0,1024,0,24576,256,262144,3177378,0,1,67108864,256
B2,append-growth-snapshot-control-o3,1,256,0,whitefoot,5,1,1024,0,24576,256,0,248753,0,0,67108864,256
B2,append-growth-o3,1,256,0,cpp-std-vector,5,0,1024,0,24576,256,262144,4095720,0,1,67108864,256
B2,append-growth-snapshot-control-o3,1,256,0,cpp-std-vector,5,1,1024,0,24576,256,0,248169,0,0,67108864,256
B2,append-growth-o3,1,256,0,rust-vec,5,0,1024,0,24576,256,262144,5889517,0,4,67108864,256
B2,append-growth-snapshot-control-o3,1,256,0,rust-vec,5,1,1024,0,24576,256,0,248826,0,0,67108864,256
B2,append-growth-o3,1,256,0,cpp-std-vector,6,0,1024,0,24576,256,262144,4086702,0,1,67108864,256
B2,append-growth-snapshot-control-o3,1,256,0,cpp-std-vector,6,1,1024,0,24576,256,0,252087,0,0,67108864,256
B2,append-growth-o3,1,256,0,rust-vec,6,0,1024,0,24576,256,262144,6125461,0,4,67108864,256
B2,append-growth-snapshot-control-o3,1,256,0,rust-vec,6,1,1024,0,24576,256,0,289331,0,0,67108864,256
B2,append-growth-o3,1,256,0,whitefoot,6,0,1024,0,24576,256,262144,3343122,0,1,67108864,256
B2,append-growth-snapshot-control-o3,1,256,0,whitefoot,6,1,1024,0,24576,256,0,250535,0,0,67108864,256
B2,append-growth-o3,0,256,1,whitefoot,0,0,1024,262144,24576,128,131072,5025417,1,2,67108864,256
B2,append-growth-snapshot-control-o3,0,256,1,whitefoot,0,1,1024,262144,24576,128,0,254287,1,1,67108864,256
B2,append-growth-o3,0,256,1,rust-vec,0,0,1024,262144,24576,128,131072,7133052,1,4,67108864,256
B2,append-growth-snapshot-control-o3,0,256,1,rust-vec,0,1,1024,262144,24576,128,0,257919,1,1,67108864,256
B2,append-growth-o3,0,256,1,cpp-std-vector,0,0,1024,262144,24576,128,131072,5770249,1,2,67108864,256
B2,append-growth-snapshot-control-o3,0,256,1,cpp-std-vector,0,1,1024,262144,24576,128,0,249989,1,1,67108864,256
B2,append-growth-o3,0,256,1,rust-vec,1,0,1024,262144,24576,128,131072,6904711,1,4,67108864,256
B2,append-growth-snapshot-control-o3,0,256,1,rust-vec,1,1,1024,262144,24576,128,0,249044,1,1,67108864,256
B2,append-growth-o3,0,256,1,cpp-std-vector,1,0,1024,262144,24576,128,131072,5681042,1,2,67108864,256
B2,append-growth-snapshot-control-o3,0,256,1,cpp-std-vector,1,1,1024,262144,24576,128,0,250291,1,1,67108864,256
B2,append-growth-o3,0,256,1,whitefoot,1,0,1024,262144,24576,128,131072,4854006,1,2,67108864,256
B2,append-growth-snapshot-control-o3,0,256,1,whitefoot,1,1,1024,262144,24576,128,0,249753,1,1,67108864,256
B2,append-growth-o3,0,256,1,cpp-std-vector,2,0,1024,262144,24576,128,131072,5637126,1,2,67108864,256
B2,append-growth-snapshot-control-o3,0,256,1,cpp-std-vector,2,1,1024,262144,24576,128,0,250462,1,1,67108864,256
B2,append-growth-o3,0,256,1,whitefoot,2,0,1024,262144,24576,128,131072,4852958,1,2,67108864,256
B2,append-growth-snapshot-control-o3,0,256,1,whitefoot,2,1,1024,262144,24576,128,0,250084,1,1,67108864,256
B2,append-growth-o3,0,256,1,rust-vec,2,0,1024,262144,24576,128,131072,6905621,1,4,67108864,256
B2,append-growth-snapshot-control-o3,0,256,1,rust-vec,2,1,1024,262144,24576,128,0,250254,1,1,67108864,256
B2,append-growth-o3,0,256,1,whitefoot,3,0,1024,262144,24576,128,131072,4857795,1,2,67108864,256
B2,append-growth-snapshot-control-o3,0,256,1,whitefoot,3,1,1024,262144,24576,128,0,250255,1,1,67108864,256
B2,append-growth-o3,0,256,1,rust-vec,3,0,1024,262144,24576,128,131072,6874462,1,4,67108864,256
B2,append-growth-snapshot-control-o3,0,256,1,rust-vec,3,1,1024,262144,24576,128,0,250248,1,1,67108864,256
B2,append-growth-o3,0,256,1,cpp-std-vector,3,0,1024,262144,24576,128,131072,5667718,1,2,67108864,256
B2,append-growth-snapshot-control-o3,0,256,1,cpp-std-vector,3,1,1024,262144,24576,128,0,249749,1,1,67108864,256
B2,append-growth-o3,0,256,1,rust-vec,4,0,1024,262144,24576,128,131072,6922334,1,4,67108864,256
B2,append-growth-snapshot-control-o3,0,256,1,rust-vec,4,1,1024,262144,24576,128,0,255715,1,1,67108864,256
B2,append-growth-o3,0,256,1,cpp-std-vector,4,0,1024,262144,24576,128,131072,5687664,1,2,67108864,256
B2,append-growth-snapshot-control-o3,0,256,1,cpp-std-vector,4,1,1024,262144,24576,128,0,250290,1,1,67108864,256
B2,append-growth-o3,0,256,1,whitefoot,4,0,1024,262144,24576,128,131072,4914338,1,2,67108864,256
B2,append-growth-snapshot-control-o3,0,256,1,whitefoot,4,1,1024,262144,24576,128,0,249629,1,1,67108864,256
B2,append-growth-o3,0,256,1,cpp-std-vector,5,0,1024,262144,24576,128,131072,5677838,1,2,67108864,256
B2,append-growth-snapshot-control-o3,0,256,1,cpp-std-vector,5,1,1024,262144,24576,128,0,250039,1,1,67108864,256
B2,append-growth-o3,0,256,1,whitefoot,5,0,1024,262144,24576,128,131072,4840079,1,2,67108864,256
B2,append-growth-snapshot-control-o3,0,256,1,whitefoot,5,1,1024,262144,24576,128,0,249744,1,1,67108864,256
B2,append-growth-o3,0,256,1,rust-vec,5,0,1024,262144,24576,128,131072,6910162,1,4,67108864,256
B2,append-growth-snapshot-control-o3,0,256,1,rust-vec,5,1,1024,262144,24576,128,0,249042,1,1,67108864,256
B2,append-growth-o3,0,256,1,whitefoot,6,0,1024,262144,24576,128,131072,4839536,1,2,67108864,256
B2,append-growth-snapshot-control-o3,0,256,1,whitefoot,6,1,1024,262144,24576,128,0,248673,1,1,67108864,256
B2,append-growth-o3,0,256,1,rust-vec,6,0,1024,262144,24576,128,131072,6888377,1,4,67108864,256
B2,append-growth-snapshot-control-o3,0,256,1,rust-vec,6,1,1024,262144,24576,128,0,251665,1,1,67108864,256
B2,append-growth-o3,0,256,1,cpp-std-vector,6,0,1024,262144,24576,128,131072,5648913,1,2,67108864,256
B2,append-growth-snapshot-control-o3,0,256,1,cpp-std-vector,6,1,1024,262144,24576,128,0,248997,1,1,67108864,256
B2,append-growth-o3,1,256,1,cpp-std-vector,0,0,1024,262144,24576,128,131072,5660294,1,2,67108864,256
B2,append-growth-snapshot-control-o3,1,256,1,cpp-std-vector,0,1,1024,262144,24576,128,0,249380,1,1,67108864,256
B2,append-growth-o3,1,256,1,rust-vec,0,0,1024,262144,24576,128,131072,6912664,1,4,67108864,256
B2,append-growth-snapshot-control-o3,1,256,1,rust-vec,0,1,1024,262144,24576,128,0,253288,1,1,67108864,256
B2,append-growth-o3,1,256,1,whitefoot,0,0,1024,262144,24576,128,131072,4835457,1,2,67108864,256
B2,append-growth-snapshot-control-o3,1,256,1,whitefoot,0,1,1024,262144,24576,128,0,250379,1,1,67108864,256
B2,append-growth-o3,1,256,1,rust-vec,1,0,1024,262144,24576,128,131072,6917547,1,4,67108864,256
B2,append-growth-snapshot-control-o3,1,256,1,rust-vec,1,1,1024,262144,24576,128,0,250508,1,1,67108864,256
B2,append-growth-o3,1,256,1,whitefoot,1,0,1024,262144,24576,128,131072,4858748,1,2,67108864,256
B2,append-growth-snapshot-control-o3,1,256,1,whitefoot,1,1,1024,262144,24576,128,0,251034,1,1,67108864,256
B2,append-growth-o3,1,256,1,cpp-std-vector,1,0,1024,262144,24576,128,131072,5707039,1,2,67108864,256
B2,append-growth-snapshot-control-o3,1,256,1,cpp-std-vector,1,1,1024,262144,24576,128,0,253750,1,1,67108864,256
B2,append-growth-o3,1,256,1,whitefoot,2,0,1024,262144,24576,128,131072,4874210,1,2,67108864,256
B2,append-growth-snapshot-control-o3,1,256,1,whitefoot,2,1,1024,262144,24576,128,0,250914,1,1,67108864,256
B2,append-growth-o3,1,256,1,cpp-std-vector,2,0,1024,262144,24576,128,131072,5724828,1,2,67108864,256
B2,append-growth-snapshot-control-o3,1,256,1,cpp-std-vector,2,1,1024,262144,24576,128,0,249333,1,1,67108864,256
B2,append-growth-o3,1,256,1,rust-vec,2,0,1024,262144,24576,128,131072,6903207,1,4,67108864,256
B2,append-growth-snapshot-control-o3,1,256,1,rust-vec,2,1,1024,262144,24576,128,0,253078,1,1,67108864,256
B2,append-growth-o3,1,256,1,cpp-std-vector,3,0,1024,262144,24576,128,131072,5652876,1,2,67108864,256
B2,append-growth-snapshot-control-o3,1,256,1,cpp-std-vector,3,1,1024,262144,24576,128,0,249240,1,1,67108864,256
B2,append-growth-o3,1,256,1,rust-vec,3,0,1024,262144,24576,128,131072,6911672,1,4,67108864,256
B2,append-growth-snapshot-control-o3,1,256,1,rust-vec,3,1,1024,262144,24576,128,0,249130,1,1,67108864,256
B2,append-growth-o3,1,256,1,whitefoot,3,0,1024,262144,24576,128,131072,4843377,1,2,67108864,256
B2,append-growth-snapshot-control-o3,1,256,1,whitefoot,3,1,1024,262144,24576,128,0,251339,1,1,67108864,256
B2,append-growth-o3,1,256,1,rust-vec,4,0,1024,262144,24576,128,131072,6876041,1,4,67108864,256
B2,append-growth-snapshot-control-o3,1,256,1,rust-vec,4,1,1024,262144,24576,128,0,250289,1,1,67108864,256
B2,append-growth-o3,1,256,1,whitefoot,4,0,1024,262144,24576,128,131072,4871589,1,2,67108864,256
B2,append-growth-snapshot-control-o3,1,256,1,whitefoot,4,1,1024,262144,24576,128,0,250249,1,1,67108864,256
B2,append-growth-o3,1,256,1,cpp-std-vector,4,0,1024,262144,24576,128,131072,5700662,1,2,67108864,256
B2,append-growth-snapshot-control-o3,1,256,1,cpp-std-vector,4,1,1024,262144,24576,128,0,248999,1,1,67108864,256
B2,append-growth-o3,1,256,1,whitefoot,5,0,1024,262144,24576,128,131072,4839249,1,2,67108864,256
B2,append-growth-snapshot-control-o3,1,256,1,whitefoot,5,1,1024,262144,24576,128,0,251369,1,1,67108864,256
B2,append-growth-o3,1,256,1,cpp-std-vector,5,0,1024,262144,24576,128,131072,5653205,1,2,67108864,256
B2,append-growth-snapshot-control-o3,1,256,1,cpp-std-vector,5,1,1024,262144,24576,128,0,250205,1,1,67108864,256
B2,append-growth-o3,1,256,1,rust-vec,5,0,1024,262144,24576,128,131072,6919968,1,4,67108864,256
B2,append-growth-snapshot-control-o3,1,256,1,rust-vec,5,1,1024,262144,24576,128,0,250255,1,1,67108864,256
B2,append-growth-o3,1,256,1,cpp-std-vector,6,0,1024,262144,24576,128,131072,5631535,1,2,67108864,256
B2,append-growth-snapshot-control-o3,1,256,1,cpp-std-vector,6,1,1024,262144,24576,128,0,252703,1,1,67108864,256
B2,append-growth-o3,1,256,1,rust-vec,6,0,1024,262144,24576,128,131072,7275085,1,4,67108864,256
B2,append-growth-snapshot-control-o3,1,256,1,rust-vec,6,1,1024,262144,24576,128,0,268838,1,1,67108864,256
B2,append-growth-o3,1,256,1,whitefoot,6,0,1024,262144,24576,128,131072,5090084,1,2,67108864,256
B2,append-growth-snapshot-control-o3,1,256,1,whitefoot,6,1,1024,262144,24576,128,0,264502,1,1,67108864,256
B2,append-growth-o3,0,256,16,whitefoot,0,0,240,983040,5760,65,15600,2323209,16,32,67108864,256
B2,append-growth-snapshot-control-o3,0,256,16,whitefoot,0,1,240,983040,5760,65,0,25253,16,16,67108864,256
B2,append-growth-o3,0,256,16,rust-vec,0,0,240,983040,5760,65,15600,2540458,16,32,67108864,256
B2,append-growth-snapshot-control-o3,0,256,16,rust-vec,0,1,240,983040,5760,65,0,25043,16,16,67108864,256
B2,append-growth-o3,0,256,16,cpp-std-vector,0,0,240,983040,5760,65,15600,2320622,16,32,67108864,256
B2,append-growth-snapshot-control-o3,0,256,16,cpp-std-vector,0,1,240,983040,5760,65,0,25042,16,16,67108864,256
B2,append-growth-o3,0,256,16,rust-vec,1,0,240,983040,5760,65,15600,2429831,16,32,67108864,256
B2,append-growth-snapshot-control-o3,0,256,16,rust-vec,1,1,240,983040,5760,65,0,25835,16,16,67108864,256
B2,append-growth-o3,0,256,16,cpp-std-vector,1,0,240,983040,5760,65,15600,2217627,16,32,67108864,256
B2,append-growth-snapshot-control-o3,0,256,16,cpp-std-vector,1,1,240,983040,5760,65,0,27831,16,16,67108864,256
B2,append-growth-o3,0,256,16,whitefoot,1,0,240,983040,5760,65,15600,2160955,16,32,67108864,256
B2,append-growth-snapshot-control-o3,0,256,16,whitefoot,1,1,240,983040,5760,65,0,25162,16,16,67108864,256
B2,append-growth-o3,0,256,16,cpp-std-vector,2,0,240,983040,5760,65,15600,2194921,16,32,67108864,256
B2,append-growth-snapshot-control-o3,0,256,16,cpp-std-vector,2,1,240,983040,5760,65,0,24086,16,16,67108864,256
B2,append-growth-o3,0,256,16,whitefoot,2,0,240,983040,5760,65,15600,2130792,16,32,67108864,256
B2,append-growth-snapshot-control-o3,0,256,16,whitefoot,2,1,240,983040,5760,65,0,25210,16,16,67108864,256
B2,append-growth-o3,0,256,16,rust-vec,2,0,240,983040,5760,65,15600,2363955,16,32,67108864,256
B2,append-growth-snapshot-control-o3,0,256,16,rust-vec,2,1,240,983040,5760,65,0,25082,16,16,67108864,256
B2,append-growth-o3,0,256,16,whitefoot,3,0,240,983040,5760,65,15600,2135210,16,32,67108864,256
B2,append-growth-snapshot-control-o3,0,256,16,whitefoot,3,1,240,983040,5760,65,0,24792,16,16,67108864,256
B2,append-growth-o3,0,256,16,rust-vec,3,0,240,983040,5760,65,15600,2357875,16,32,67108864,256
B2,append-growth-snapshot-control-o3,0,256,16,rust-vec,3,1,240,983040,5760,65,0,25127,16,16,67108864,256
B2,append-growth-o3,0,256,16,cpp-std-vector,3,0,240,983040,5760,65,15600,2325962,16,32,67108864,256
B2,append-growth-snapshot-control-o3,0,256,16,cpp-std-vector,3,1,240,983040,5760,65,0,24537,16,16,67108864,256
B2,append-growth-o3,0,256,16,rust-vec,4,0,240,983040,5760,65,15600,2343040,16,32,67108864,256
B2,append-growth-snapshot-control-o3,0,256,16,rust-vec,4,1,240,983040,5760,65,0,24837,16,16,67108864,256
B2,append-growth-o3,0,256,16,cpp-std-vector,4,0,240,983040,5760,65,15600,2191838,16,32,67108864,256
B2,append-growth-snapshot-control-o3,0,256,16,cpp-std-vector,4,1,240,983040,5760,65,0,24376,16,16,67108864,256
B2,append-growth-o3,0,256,16,whitefoot,4,0,240,983040,5760,65,15600,2135998,16,32,67108864,256
B2,append-growth-snapshot-control-o3,0,256,16,whitefoot,4,1,240,983040,5760,65,0,24957,16,16,67108864,256
B2,append-growth-o3,0,256,16,cpp-std-vector,5,0,240,983040,5760,65,15600,2167708,16,32,67108864,256
B2,append-growth-snapshot-control-o3,0,256,16,cpp-std-vector,5,1,240,983040,5760,65,0,24625,16,16,67108864,256
B2,append-growth-o3,0,256,16,whitefoot,5,0,240,983040,5760,65,15600,2125544,16,32,67108864,256
B2,append-growth-snapshot-control-o3,0,256,16,whitefoot,5,1,240,983040,5760,65,0,24625,16,16,67108864,256
B2,append-growth-o3,0,256,16,rust-vec,5,0,240,983040,5760,65,15600,2335415,16,32,67108864,256
B2,append-growth-snapshot-control-o3,0,256,16,rust-vec,5,1,240,983040,5760,65,0,24873,16,16,67108864,256
B2,append-growth-o3,0,256,16,whitefoot,6,0,240,983040,5760,65,15600,2113917,16,32,67108864,256
B2,append-growth-snapshot-control-o3,0,256,16,whitefoot,6,1,240,983040,5760,65,0,25127,16,16,67108864,256
B2,append-growth-o3,0,256,16,rust-vec,6,0,240,983040,5760,65,15600,2333589,16,32,67108864,256
B2,append-growth-snapshot-control-o3,0,256,16,rust-vec,6,1,240,983040,5760,65,0,24833,16,16,67108864,256
B2,append-growth-o3,0,256,16,cpp-std-vector,6,0,240,983040,5760,65,15600,2175208,16,32,67108864,256
B2,append-growth-snapshot-control-o3,0,256,16,cpp-std-vector,6,1,240,983040,5760,65,0,24414,16,16,67108864,256
B2,append-growth-o3,1,256,16,cpp-std-vector,0,0,240,983040,5760,65,15600,2162793,16,32,67108864,256
B2,append-growth-snapshot-control-o3,1,256,16,cpp-std-vector,0,1,240,983040,5760,65,0,24539,16,16,67108864,256
B2,append-growth-o3,1,256,16,rust-vec,0,0,240,983040,5760,65,15600,2344921,16,32,67108864,256
B2,append-growth-snapshot-control-o3,1,256,16,rust-vec,0,1,240,983040,5760,65,0,25000,16,16,67108864,256
B2,append-growth-o3,1,256,16,whitefoot,0,0,240,983040,5760,65,15600,2133040,16,32,67108864,256
B2,append-growth-snapshot-control-o3,1,256,16,whitefoot,0,1,240,983040,5760,65,0,24878,16,16,67108864,256
B2,append-growth-o3,1,256,16,rust-vec,1,0,240,983040,5760,65,15600,2337256,16,32,67108864,256
B2,append-growth-snapshot-control-o3,1,256,16,rust-vec,1,1,240,983040,5760,65,0,25207,16,16,67108864,256
B2,append-growth-o3,1,256,16,whitefoot,1,0,240,983040,5760,65,15600,2128413,16,32,67108864,256
B2,append-growth-snapshot-control-o3,1,256,16,whitefoot,1,1,240,983040,5760,65,0,25208,16,16,67108864,256
B2,append-growth-o3,1,256,16,cpp-std-vector,1,0,240,983040,5760,65,15600,2184829,16,32,67108864,256
B2,append-growth-snapshot-control-o3,1,256,16,cpp-std-vector,1,1,240,983040,5760,65,0,24250,16,16,67108864,256
B2,append-growth-o3,1,256,16,whitefoot,2,0,240,983040,5760,65,15600,2114042,16,32,67108864,256
B2,append-growth-snapshot-control-o3,1,256,16,whitefoot,2,1,240,983040,5760,65,0,25165,16,16,67108864,256
B2,append-growth-o3,1,256,16,cpp-std-vector,2,0,240,983040,5760,65,15600,2170796,16,32,67108864,256
B2,append-growth-snapshot-control-o3,1,256,16,cpp-std-vector,2,1,240,983040,5760,65,0,24416,16,16,67108864,256
B2,append-growth-o3,1,256,16,rust-vec,2,0,240,983040,5760,65,15600,2381460,16,32,67108864,256
B2,append-growth-snapshot-control-o3,1,256,16,rust-vec,2,1,240,983040,5760,65,0,25001,16,16,67108864,256
B2,append-growth-o3,1,256,16,cpp-std-vector,3,0,240,983040,5760,65,15600,2164582,16,32,67108864,256
B2,append-growth-snapshot-control-o3,1,256,16,cpp-std-vector,3,1,240,983040,5760,65,0,24748,16,16,67108864,256
B2,append-growth-o3,1,256,16,rust-vec,3,0,240,983040,5760,65,15600,2348252,16,32,67108864,256
B2,append-growth-snapshot-control-o3,1,256,16,rust-vec,3,1,240,983040,5760,65,0,24666,16,16,67108864,256
B2,append-growth-o3,1,256,16,whitefoot,3,0,240,983040,5760,65,15600,2127582,16,32,67108864,256
B2,append-growth-snapshot-control-o3,1,256,16,whitefoot,3,1,240,983040,5760,65,0,24999,16,16,67108864,256
B2,append-growth-o3,1,256,16,rust-vec,4,0,240,983040,5760,65,15600,2334873,16,32,67108864,256
B2,append-growth-snapshot-control-o3,1,256,16,rust-vec,4,1,240,983040,5760,65,0,24500,16,16,67108864,256
B2,append-growth-o3,1,256,16,whitefoot,4,0,240,983040,5760,65,15600,2122248,16,32,67108864,256
B2,append-growth-snapshot-control-o3,1,256,16,whitefoot,4,1,240,983040,5760,65,0,25043,16,16,67108864,256
B2,append-growth-o3,1,256,16,cpp-std-vector,4,0,240,983040,5760,65,15600,2178879,16,32,67108864,256
B2,append-growth-snapshot-control-o3,1,256,16,cpp-std-vector,4,1,240,983040,5760,65,0,24749,16,16,67108864,256
B2,append-growth-o3,1,256,16,whitefoot,5,0,240,983040,5760,65,15600,2110752,16,32,67108864,256
B2,append-growth-snapshot-control-o3,1,256,16,whitefoot,5,1,240,983040,5760,65,0,24623,16,16,67108864,256
B2,append-growth-o3,1,256,16,cpp-std-vector,5,0,240,983040,5760,65,15600,2199042,16,32,67108864,256
B2,append-growth-snapshot-control-o3,1,256,16,cpp-std-vector,5,1,240,983040,5760,65,0,24542,16,16,67108864,256
B2,append-growth-o3,1,256,16,rust-vec,5,0,240,983040,5760,65,15600,2328583,16,32,67108864,256
B2,append-growth-snapshot-control-o3,1,256,16,rust-vec,5,1,240,983040,5760,65,0,25413,16,16,67108864,256
B2,append-growth-o3,1,256,16,cpp-std-vector,6,0,240,983040,5760,65,15600,2172337,16,32,67108864,256
B2,append-growth-snapshot-control-o3,1,256,16,cpp-std-vector,6,1,240,983040,5760,65,0,24416,16,16,67108864,256
B2,append-growth-o3,1,256,16,rust-vec,6,0,240,983040,5760,65,15600,2328414,16,32,67108864,256
B2,append-growth-snapshot-control-o3,1,256,16,rust-vec,6,1,240,983040,5760,65,0,25205,16,16,67108864,256
B2,append-growth-o3,1,256,16,whitefoot,6,0,240,983040,5760,65,15600,2121919,16,32,67108864,256
B2,append-growth-snapshot-control-o3,1,256,16,whitefoot,6,1,240,983040,5760,65,0,25126,16,16,67108864,256
B2,append-growth-o3,0,256,256,whitefoot,0,0,15,983040,360,69,1035,1439834,256,512,67108864,256
B2,append-growth-snapshot-control-o3,0,256,256,whitefoot,0,1,15,983040,360,69,0,1876,256,256,67108864,256
B2,append-growth-o3,0,256,256,rust-vec,0,0,15,983040,360,69,1035,1453462,256,512,67108864,256
B2,append-growth-snapshot-control-o3,0,256,256,rust-vec,0,1,15,983040,360,69,0,1551,256,256,67108864,256
B2,append-growth-o3,0,256,256,cpp-std-vector,0,0,15,983040,360,69,1035,1438878,256,512,67108864,256
B2,append-growth-snapshot-control-o3,0,256,256,cpp-std-vector,0,1,15,983040,360,69,0,2247,256,256,67108864,256
B2,append-growth-o3,0,256,256,rust-vec,1,0,15,983040,360,69,1035,1376704,256,512,67108864,256
B2,append-growth-snapshot-control-o3,0,256,256,rust-vec,1,1,15,983040,360,69,0,1753,256,256,67108864,256
B2,append-growth-o3,0,256,256,cpp-std-vector,1,0,15,983040,360,69,1035,1338702,256,512,67108864,256
B2,append-growth-snapshot-control-o3,0,256,256,cpp-std-vector,1,1,15,983040,360,69,0,1708,256,256,67108864,256
B2,append-growth-o3,0,256,256,whitefoot,1,0,15,983040,360,69,1035,1372169,256,512,67108864,256
B2,append-growth-snapshot-control-o3,0,256,256,whitefoot,1,1,15,983040,360,69,0,1875,256,256,67108864,256
B2,append-growth-o3,0,256,256,cpp-std-vector,2,0,15,983040,360,69,1035,1346496,256,512,67108864,256
B2,append-growth-snapshot-control-o3,0,256,256,cpp-std-vector,2,1,15,983040,360,69,0,1999,256,256,67108864,256
B2,append-growth-o3,0,256,256,whitefoot,2,0,15,983040,360,69,1035,1349500,256,512,67108864,256
B2,append-growth-snapshot-control-o3,0,256,256,whitefoot,2,1,15,983040,360,69,0,1830,256,256,67108864,256
B2,append-growth-o3,0,256,256,rust-vec,2,0,15,983040,360,69,1035,1366127,256,512,67108864,256
B2,append-growth-snapshot-control-o3,0,256,256,rust-vec,2,1,15,983040,360,69,0,1581,256,256,67108864,256
B2,append-growth-o3,0,256,256,whitefoot,3,0,15,983040,360,69,1035,1380792,256,512,67108864,256
B2,append-growth-snapshot-control-o3,0,256,256,whitefoot,3,1,15,983040,360,69,0,1996,256,256,67108864,256
B2,append-growth-o3,0,256,256,rust-vec,3,0,15,983040,360,69,1035,1396212,256,512,67108864,256
B2,append-growth-snapshot-control-o3,0,256,256,rust-vec,3,1,15,983040,360,69,0,1415,256,256,67108864,256
B2,append-growth-o3,0,256,256,cpp-std-vector,3,0,15,983040,360,69,1035,1348330,256,512,67108864,256
B2,append-growth-snapshot-control-o3,0,256,256,cpp-std-vector,3,1,15,983040,360,69,0,1789,256,256,67108864,256
B2,append-growth-o3,0,256,256,rust-vec,4,0,15,983040,360,69,1035,1353335,256,512,67108864,256
B2,append-growth-snapshot-control-o3,0,256,256,rust-vec,4,1,15,983040,360,69,0,2129,256,256,67108864,256
B2,append-growth-o3,0,256,256,cpp-std-vector,4,0,15,983040,360,69,1035,1374625,256,512,67108864,256
B2,append-growth-snapshot-control-o3,0,256,256,cpp-std-vector,4,1,15,983040,360,69,0,1915,256,256,67108864,256
B2,append-growth-o3,0,256,256,whitefoot,4,0,15,983040,360,69,1035,1354129,256,512,67108864,256
B2,append-growth-snapshot-control-o3,0,256,256,whitefoot,4,1,15,983040,360,69,0,1827,256,256,67108864,256
B2,append-growth-o3,0,256,256,cpp-std-vector,5,0,15,983040,360,69,1035,1369704,256,512,67108864,256
B2,append-growth-snapshot-control-o3,0,256,256,cpp-std-vector,5,1,15,983040,360,69,0,1707,256,256,67108864,256
B2,append-growth-o3,0,256,256,whitefoot,5,0,15,983040,360,69,1035,1350372,256,512,67108864,256
B2,append-growth-snapshot-control-o3,0,256,256,whitefoot,5,1,15,983040,360,69,0,1665,256,256,67108864,256
B2,append-growth-o3,0,256,256,rust-vec,5,0,15,983040,360,69,1035,1352629,256,512,67108864,256
B2,append-growth-snapshot-control-o3,0,256,256,rust-vec,5,1,15,983040,360,69,0,1914,256,256,67108864,256
B2,append-growth-o3,0,256,256,whitefoot,6,0,15,983040,360,69,1035,1359043,256,512,67108864,256
B2,append-growth-snapshot-control-o3,0,256,256,whitefoot,6,1,15,983040,360,69,0,1792,256,256,67108864,256
B2,append-growth-o3,0,256,256,rust-vec,6,0,15,983040,360,69,1035,1431708,256,512,67108864,256
B2,append-growth-snapshot-control-o3,0,256,256,rust-vec,6,1,15,983040,360,69,0,2249,256,256,67108864,256
B2,append-growth-o3,0,256,256,cpp-std-vector,6,0,15,983040,360,69,1035,1382335,256,512,67108864,256
B2,append-growth-snapshot-control-o3,0,256,256,cpp-std-vector,6,1,15,983040,360,69,0,2160,256,256,67108864,256
B2,append-growth-o3,1,256,256,cpp-std-vector,0,0,15,983040,360,69,1035,1416121,256,512,67108864,256
B2,append-growth-snapshot-control-o3,1,256,256,cpp-std-vector,0,1,15,983040,360,69,0,1589,256,256,67108864,256
B2,append-growth-o3,1,256,256,rust-vec,0,0,15,983040,360,69,1035,1400918,256,512,67108864,256
B2,append-growth-snapshot-control-o3,1,256,256,rust-vec,0,1,15,983040,360,69,0,1707,256,256,67108864,256
B2,append-growth-o3,1,256,256,whitefoot,0,0,15,983040,360,69,1035,1353086,256,512,67108864,256
B2,append-growth-snapshot-control-o3,1,256,256,whitefoot,0,1,15,983040,360,69,0,5332,256,256,67108864,256
B2,append-growth-o3,1,256,256,rust-vec,1,0,15,983040,360,69,1035,1367666,256,512,67108864,256
B2,append-growth-snapshot-control-o3,1,256,256,rust-vec,1,1,15,983040,360,69,0,1750,256,256,67108864,256
B2,append-growth-o3,1,256,256,whitefoot,1,0,15,983040,360,69,1035,1355878,256,512,67108864,256
B2,append-growth-snapshot-control-o3,1,256,256,whitefoot,1,1,15,983040,360,69,0,2166,256,256,67108864,256
B2,append-growth-o3,1,256,256,cpp-std-vector,1,0,15,983040,360,69,1035,1354377,256,512,67108864,256
B2,append-growth-snapshot-control-o3,1,256,256,cpp-std-vector,1,1,15,983040,360,69,0,1670,256,256,67108864,256
B2,append-growth-o3,1,256,256,whitefoot,2,0,15,983040,360,69,1035,1364167,256,512,67108864,256
B2,append-growth-snapshot-control-o3,1,256,256,whitefoot,2,1,15,983040,360,69,0,1829,256,256,67108864,256
B2,append-growth-o3,1,256,256,cpp-std-vector,2,0,15,983040,360,69,1035,1369419,256,512,67108864,256
B2,append-growth-snapshot-control-o3,1,256,256,cpp-std-vector,2,1,15,983040,360,69,0,1581,256,256,67108864,256
B2,append-growth-o3,1,256,256,rust-vec,2,0,15,983040,360,69,1035,1367665,256,512,67108864,256
B2,append-growth-snapshot-control-o3,1,256,256,rust-vec,2,1,15,983040,360,69,0,1792,256,256,67108864,256
B2,append-growth-o3,1,256,256,cpp-std-vector,3,0,15,983040,360,69,1035,1351040,256,512,67108864,256
B2,append-growth-snapshot-control-o3,1,256,256,cpp-std-vector,3,1,15,983040,360,69,0,1748,256,256,67108864,256
B2,append-growth-o3,1,256,256,rust-vec,3,0,15,983040,360,69,1035,1364417,256,512,67108864,256
B2,append-growth-snapshot-control-o3,1,256,256,rust-vec,3,1,15,983040,360,69,0,1958,256,256,67108864,256
B2,append-growth-o3,1,256,256,whitefoot,3,0,15,983040,360,69,1035,1356084,256,512,67108864,256
B2,append-growth-snapshot-control-o3,1,256,256,whitefoot,3,1,15,983040,360,69,0,1794,256,256,67108864,256
B2,append-growth-o3,1,256,256,rust-vec,4,0,15,983040,360,69,1035,1360545,256,512,67108864,256
B2,append-growth-snapshot-control-o3,1,256,256,rust-vec,4,1,15,983040,360,69,0,1960,256,256,67108864,256
B2,append-growth-o3,1,256,256,whitefoot,4,0,15,983040,360,69,1035,1427578,256,512,67108864,256
B2,append-growth-snapshot-control-o3,1,256,256,whitefoot,4,1,15,983040,360,69,0,1666,256,256,67108864,256
B2,append-growth-o3,1,256,256,cpp-std-vector,4,0,15,983040,360,69,1035,1444421,256,512,67108864,256
B2,append-growth-snapshot-control-o3,1,256,256,cpp-std-vector,4,1,15,983040,360,69,0,2211,256,256,67108864,256
B2,append-growth-o3,1,256,256,whitefoot,5,0,15,983040,360,69,1035,1359253,256,512,67108864,256
B2,append-growth-snapshot-control-o3,1,256,256,whitefoot,5,1,15,983040,360,69,0,1792,256,256,67108864,256
B2,append-growth-o3,1,256,256,cpp-std-vector,5,0,15,983040,360,69,1035,1353535,256,512,67108864,256
B2,append-growth-snapshot-control-o3,1,256,256,cpp-std-vector,5,1,15,983040,360,69,0,1626,256,256,67108864,256
B2,append-growth-o3,1,256,256,rust-vec,5,0,15,983040,360,69,1035,1366665,256,512,67108864,256
B2,append-growth-snapshot-control-o3,1,256,256,rust-vec,5,1,15,983040,360,69,0,1294,256,256,67108864,256
B2,append-growth-o3,1,256,256,cpp-std-vector,6,0,15,983040,360,69,1035,1363375,256,512,67108864,256
B2,append-growth-snapshot-control-o3,1,256,256,cpp-std-vector,6,1,15,983040,360,69,0,1836,256,256,67108864,256
B2,append-growth-o3,1,256,256,rust-vec,6,0,15,983040,360,69,1035,1355628,256,512,67108864,256
B2,append-growth-snapshot-control-o3,1,256,256,rust-vec,6,1,15,983040,360,69,0,1501,256,256,67108864,256
B2,append-growth-o3,1,256,256,whitefoot,6,0,15,983040,360,69,1035,1353003,256,512,67108864,256
B2,append-growth-snapshot-control-o3,1,256,256,whitefoot,6,1,15,983040,360,69,0,1457,256,256,67108864,256
B2,append-growth-o3,0,256,4096,whitefoot,0,0,1,1048576,24,8191,8191,121629997,4096,8192,8589934592,256
B2,append-growth-snapshot-control-o3,0,256,4096,whitefoot,0,1,1,1048576,24,8191,0,138502,4096,4096,8589934592,256
B2,append-growth-o3,0,256,4096,rust-vec,0,0,1,1048576,24,8191,8191,1325612,4096,8192,8589934592,256
B2,append-growth-snapshot-control-o3,0,256,4096,rust-vec,0,1,1,1048576,24,8191,0,140930,4096,4096,8589934592,256
B2,append-growth-o3,0,256,4096,cpp-std-vector,0,0,1,1048576,24,8191,8191,122074354,4096,8192,8589934592,256
B2,append-growth-snapshot-control-o3,0,256,4096,cpp-std-vector,0,1,1,1048576,24,8191,0,130582,4096,4096,8589934592,256
B2,append-growth-o3,0,256,4096,rust-vec,1,0,1,1048576,24,8191,8191,1328086,4096,8192,8589934592,256
B2,append-growth-snapshot-control-o3,0,256,4096,rust-vec,1,1,1,1048576,24,8191,0,136701,4096,4096,8589934592,256
B2,append-growth-o3,0,256,4096,cpp-std-vector,1,0,1,1048576,24,8191,8191,121753263,4096,8192,8589934592,256
B2,append-growth-snapshot-control-o3,0,256,4096,cpp-std-vector,1,1,1,1048576,24,8191,0,134786,4096,4096,8589934592,256
B2,append-growth-o3,0,256,4096,whitefoot,1,0,1,1048576,24,8191,8191,121510039,4096,8192,8589934592,256
B2,append-growth-snapshot-control-o3,0,256,4096,whitefoot,1,1,1,1048576,24,8191,0,145830,4096,4096,8589934592,256
B2,append-growth-o3,0,256,4096,cpp-std-vector,2,0,1,1048576,24,8191,8191,121372180,4096,8192,8589934592,256
B2,append-growth-snapshot-control-o3,0,256,4096,cpp-std-vector,2,1,1,1048576,24,8191,0,137624,4096,4096,8589934592,256
B2,append-growth-o3,0,256,4096,whitefoot,2,0,1,1048576,24,8191,8191,121508855,4096,8192,8589934592,256
B2,append-growth-snapshot-control-o3,0,256,4096,whitefoot,2,1,1,1048576,24,8191,0,143157,4096,4096,8589934592,256
B2,append-growth-o3,0,256,4096,rust-vec,2,0,1,1048576,24,8191,8191,1340711,4096,8192,8589934592,256
B2,append-growth-snapshot-control-o3,0,256,4096,rust-vec,2,1,1,1048576,24,8191,0,141293,4096,4096,8589934592,256
B2,append-growth-o3,0,256,4096,whitefoot,3,0,1,1048576,24,8191,8191,123619268,4096,8192,8589934592,256
B2,append-growth-snapshot-control-o3,0,256,4096,whitefoot,3,1,1,1048576,24,8191,0,145442,4096,4096,8589934592,256
B2,append-growth-o3,0,256,4096,rust-vec,3,0,1,1048576,24,8191,8191,1361213,4096,8192,8589934592,256
B2,append-growth-snapshot-control-o3,0,256,4096,rust-vec,3,1,1,1048576,24,8191,0,140851,4096,4096,8589934592,256
B2,append-growth-o3,0,256,4096,cpp-std-vector,3,0,1,1048576,24,8191,8191,121028369,4096,8192,8589934592,256
B2,append-growth-snapshot-control-o3,0,256,4096,cpp-std-vector,3,1,1,1048576,24,8191,0,137247,4096,4096,8589934592,256
B2,append-growth-o3,0,256,4096,rust-vec,4,0,1,1048576,24,8191,8191,1338601,4096,8192,8589934592,256
B2,append-growth-snapshot-control-o3,0,256,4096,rust-vec,4,1,1,1048576,24,8191,0,147292,4096,4096,8589934592,256
B2,append-growth-o3,0,256,4096,cpp-std-vector,4,0,1,1048576,24,8191,8191,121348679,4096,8192,8589934592,256
B2,append-growth-snapshot-control-o3,0,256,4096,cpp-std-vector,4,1,1,1048576,24,8191,0,133019,4096,4096,8589934592,256
B2,append-growth-o3,0,256,4096,whitefoot,4,0,1,1048576,24,8191,8191,121306067,4096,8192,8589934592,256
B2,append-growth-snapshot-control-o3,0,256,4096,whitefoot,4,1,1,1048576,24,8191,0,141737,4096,4096,8589934592,256
B2,append-growth-o3,0,256,4096,cpp-std-vector,5,0,1,1048576,24,8191,8191,121067156,4096,8192,8589934592,256
B2,append-growth-snapshot-control-o3,0,256,4096,cpp-std-vector,5,1,1,1048576,24,8191,0,139646,4096,4096,8589934592,256
B2,append-growth-o3,0,256,4096,whitefoot,5,0,1,1048576,24,8191,8191,121404521,4096,8192,8589934592,256
B2,append-growth-snapshot-control-o3,0,256,4096,whitefoot,5,1,1,1048576,24,8191,0,143803,4096,4096,8589934592,256
B2,append-growth-o3,0,256,4096,rust-vec,5,0,1,1048576,24,8191,8191,1346529,4096,8192,8589934592,256
B2,append-growth-snapshot-control-o3,0,256,4096,rust-vec,5,1,1,1048576,24,8191,0,139336,4096,4096,8589934592,256
B2,append-growth-o3,0,256,4096,whitefoot,6,0,1,1048576,24,8191,8191,121115562,4096,8192,8589934592,256
B2,append-growth-snapshot-control-o3,0,256,4096,whitefoot,6,1,1,1048576,24,8191,0,151094,4096,4096,8589934592,256
B2,append-growth-o3,0,256,4096,rust-vec,6,0,1,1048576,24,8191,8191,1329873,4096,8192,8589934592,256
B2,append-growth-snapshot-control-o3,0,256,4096,rust-vec,6,1,1,1048576,24,8191,0,142981,4096,4096,8589934592,256
B2,append-growth-o3,0,256,4096,cpp-std-vector,6,0,1,1048576,24,8191,8191,121408188,4096,8192,8589934592,256
B2,append-growth-snapshot-control-o3,0,256,4096,cpp-std-vector,6,1,1,1048576,24,8191,0,136604,4096,4096,8589934592,256
B2,append-growth-o3,1,256,4096,cpp-std-vector,0,0,1,1048576,24,8191,8191,121522669,4096,8192,8589934592,256
B2,append-growth-snapshot-control-o3,1,256,4096,cpp-std-vector,0,1,1,1048576,24,8191,0,133945,4096,4096,8589934592,256
B2,append-growth-o3,1,256,4096,rust-vec,0,0,1,1048576,24,8191,8191,1327582,4096,8192,8589934592,256
B2,append-growth-snapshot-control-o3,1,256,4096,rust-vec,0,1,1,1048576,24,8191,0,136032,4096,4096,8589934592,256
B2,append-growth-o3,1,256,4096,whitefoot,0,0,1,1048576,24,8191,8191,121636178,4096,8192,8589934592,256
B2,append-growth-snapshot-control-o3,1,256,4096,whitefoot,0,1,1,1048576,24,8191,0,142202,4096,4096,8589934592,256
B2,append-growth-o3,1,256,4096,rust-vec,1,0,1,1048576,24,8191,8191,1334286,4096,8192,8589934592,256
B2,append-growth-snapshot-control-o3,1,256,4096,rust-vec,1,1,1,1048576,24,8191,0,139273,4096,4096,8589934592,256
B2,append-growth-o3,1,256,4096,whitefoot,1,0,1,1048576,24,8191,8191,121327249,4096,8192,8589934592,256
B2,append-growth-snapshot-control-o3,1,256,4096,whitefoot,1,1,1,1048576,24,8191,0,141948,4096,4096,8589934592,256
B2,append-growth-o3,1,256,4096,cpp-std-vector,1,0,1,1048576,24,8191,8191,121225493,4096,8192,8589934592,256
B2,append-growth-snapshot-control-o3,1,256,4096,cpp-std-vector,1,1,1,1048576,24,8191,0,133679,4096,4096,8589934592,256
B2,append-growth-o3,1,256,4096,whitefoot,2,0,1,1048576,24,8191,8191,121304170,4096,8192,8589934592,256
B2,append-growth-snapshot-control-o3,1,256,4096,whitefoot,2,1,1,1048576,24,8191,0,141160,4096,4096,8589934592,256
B2,append-growth-o3,1,256,4096,cpp-std-vector,2,0,1,1048576,24,8191,8191,121257876,4096,8192,8589934592,256
B2,append-growth-snapshot-control-o3,1,256,4096,cpp-std-vector,2,1,1,1048576,24,8191,0,136870,4096,4096,8589934592,256
B2,append-growth-o3,1,256,4096,rust-vec,2,0,1,1048576,24,8191,8191,1338594,4096,8192,8589934592,256
B2,append-growth-snapshot-control-o3,1,256,4096,rust-vec,2,1,1,1048576,24,8191,0,147255,4096,4096,8589934592,256
B2,append-growth-o3,1,256,4096,cpp-std-vector,3,0,1,1048576,24,8191,8191,122435893,4096,8192,8589934592,256
B2,append-growth-snapshot-control-o3,1,256,4096,cpp-std-vector,3,1,1,1048576,24,8191,0,135569,4096,4096,8589934592,256
B2,append-growth-o3,1,256,4096,rust-vec,3,0,1,1048576,24,8191,8191,1354084,4096,8192,8589934592,256
B2,append-growth-snapshot-control-o3,1,256,4096,rust-vec,3,1,1,1048576,24,8191,0,136984,4096,4096,8589934592,256
B2,append-growth-o3,1,256,4096,whitefoot,3,0,1,1048576,24,8191,8191,121244629,4096,8192,8589934592,256
B2,append-growth-snapshot-control-o3,1,256,4096,whitefoot,3,1,1,1048576,24,8191,0,148813,4096,4096,8589934592,256
B2,append-growth-o3,1,256,4096,rust-vec,4,0,1,1048576,24,8191,8191,1358250,4096,8192,8589934592,256
B2,append-growth-snapshot-control-o3,1,256,4096,rust-vec,4,1,1,1048576,24,8191,0,141675,4096,4096,8589934592,256
B2,append-growth-o3,1,256,4096,whitefoot,4,0,1,1048576,24,8191,8191,121083955,4096,8192,8589934592,256
B2,append-growth-snapshot-control-o3,1,256,4096,whitefoot,4,1,1,1048576,24,8191,0,141604,4096,4096,8589934592,256
B2,append-growth-o3,1,256,4096,cpp-std-vector,4,0,1,1048576,24,8191,8191,122184389,4096,8192,8589934592,256
B2,append-growth-snapshot-control-o3,1,256,4096,cpp-std-vector,4,1,1,1048576,24,8191,0,135085,4096,4096,8589934592,256
B2,append-growth-o3,1,256,4096,whitefoot,5,0,1,1048576,24,8191,8191,121063441,4096,8192,8589934592,256
B2,append-growth-snapshot-control-o3,1,256,4096,whitefoot,5,1,1,1048576,24,8191,0,141530,4096,4096,8589934592,256
B2,append-growth-o3,1,256,4096,cpp-std-vector,5,0,1,1048576,24,8191,8191,121263871,4096,8192,8589934592,256
B2,append-growth-snapshot-control-o3,1,256,4096,cpp-std-vector,5,1,1,1048576,24,8191,0,134857,4096,4096,8589934592,256
B2,append-growth-o3,1,256,4096,rust-vec,5,0,1,1048576,24,8191,8191,1348608,4096,8192,8589934592,256
B2,append-growth-snapshot-control-o3,1,256,4096,rust-vec,5,1,1,1048576,24,8191,0,153108,4096,4096,8589934592,256
B2,append-growth-o3,1,256,4096,cpp-std-vector,6,0,1,1048576,24,8191,8191,121884324,4096,8192,8589934592,256
B2,append-growth-snapshot-control-o3,1,256,4096,cpp-std-vector,6,1,1,1048576,24,8191,0,134159,4096,4096,8589934592,256
B2,append-growth-o3,1,256,4096,rust-vec,6,0,1,1048576,24,8191,8191,1331087,4096,8192,8589934592,256
B2,append-growth-snapshot-control-o3,1,256,4096,rust-vec,6,1,1,1048576,24,8191,0,141894,4096,4096,8589934592,256
B2,append-growth-o3,1,256,4096,whitefoot,6,0,1,1048576,24,8191,8191,121315960,4096,8192,8589934592,256
B2,append-growth-snapshot-control-o3,1,256,4096,whitefoot,6,1,1,1048576,24,8191,0,141118,4096,4096,8589934592,256
A2,append-growth-o3,0,8,0,whitefoot,0,0,1024,0,24576,256,262144,2059335,0,1,67108864,256
A2,append-growth-snapshot-control-o3,0,8,0,whitefoot,0,1,1024,0,24576,256,0,252251,0,0,67108864,256
A2,append-growth-o3,0,8,0,rust-vec,0,0,1024,0,24576,256,262144,3167416,0,4,67108864,256
A2,append-growth-snapshot-control-o3,0,8,0,rust-vec,0,1,1024,0,24576,256,0,248290,0,0,67108864,256
A2,append-growth-o3,0,8,0,cpp-std-vector,0,0,1024,0,24576,256,262144,2980876,0,1,67108864,256
A2,append-growth-snapshot-control-o3,0,8,0,cpp-std-vector,0,1,1024,0,24576,256,0,248625,0,0,67108864,256
A2,append-growth-o3,0,8,0,rust-vec,1,0,1024,0,24576,256,262144,3089838,0,4,67108864,256
A2,append-growth-snapshot-control-o3,0,8,0,rust-vec,1,1,1024,0,24576,256,0,248248,0,0,67108864,256
A2,append-growth-o3,0,8,0,cpp-std-vector,1,0,1024,0,24576,256,262144,2862494,0,1,67108864,256
A2,append-growth-snapshot-control-o3,0,8,0,cpp-std-vector,1,1,1024,0,24576,256,0,247584,0,0,67108864,256
A2,append-growth-o3,0,8,0,whitefoot,1,0,1024,0,24576,256,262144,1973586,0,1,67108864,256
A2,append-growth-snapshot-control-o3,0,8,0,whitefoot,1,1,1024,0,24576,256,0,265625,0,0,67108864,256
A2,append-growth-o3,0,8,0,cpp-std-vector,2,0,1024,0,24576,256,262144,3084129,0,1,67108864,256
A2,append-growth-snapshot-control-o3,0,8,0,cpp-std-vector,2,1,1024,0,24576,256,0,259411,0,0,67108864,256
A2,append-growth-o3,0,8,0,whitefoot,2,0,1024,0,24576,256,262144,2026494,0,1,67108864,256
A2,append-growth-snapshot-control-o3,0,8,0,whitefoot,2,1,1024,0,24576,256,0,263079,0,0,67108864,256
A2,append-growth-o3,0,8,0,rust-vec,2,0,1024,0,24576,256,262144,3240036,0,4,67108864,256
A2,append-growth-snapshot-control-o3,0,8,0,rust-vec,2,1,1024,0,24576,256,0,262832,0,0,67108864,256
A2,append-growth-o3,0,8,0,whitefoot,3,0,1024,0,24576,256,262144,2055163,0,1,67108864,256
A2,append-growth-snapshot-control-o3,0,8,0,whitefoot,3,1,1024,0,24576,256,0,262046,0,0,67108864,256
A2,append-growth-o3,0,8,0,rust-vec,3,0,1024,0,24576,256,262144,3226921,0,4,67108864,256
A2,append-growth-snapshot-control-o3,0,8,0,rust-vec,3,1,1024,0,24576,256,0,257875,0,0,67108864,256
A2,append-growth-o3,0,8,0,cpp-std-vector,3,0,1024,0,24576,256,262144,2881670,0,1,67108864,256
A2,append-growth-snapshot-control-o3,0,8,0,cpp-std-vector,3,1,1024,0,24576,256,0,253335,0,0,67108864,256
A2,append-growth-o3,0,8,0,rust-vec,4,0,1024,0,24576,256,262144,3093920,0,4,67108864,256
A2,append-growth-snapshot-control-o3,0,8,0,rust-vec,4,1,1024,0,24576,256,0,248344,0,0,67108864,256
A2,append-growth-o3,0,8,0,cpp-std-vector,4,0,1024,0,24576,256,262144,2873117,0,1,67108864,256
A2,append-growth-snapshot-control-o3,0,8,0,cpp-std-vector,4,1,1024,0,24576,256,0,248608,0,0,67108864,256
A2,append-growth-o3,0,8,0,whitefoot,4,0,1024,0,24576,256,262144,1965833,0,1,67108864,256
A2,append-growth-snapshot-control-o3,0,8,0,whitefoot,4,1,1024,0,24576,256,0,247546,0,0,67108864,256
A2,append-growth-o3,0,8,0,cpp-std-vector,5,0,1024,0,24576,256,262144,2885498,0,1,67108864,256
A2,append-growth-snapshot-control-o3,0,8,0,cpp-std-vector,5,1,1024,0,24576,256,0,248070,0,0,67108864,256
A2,append-growth-o3,0,8,0,whitefoot,5,0,1024,0,24576,256,262144,1962743,0,1,67108864,256
A2,append-growth-snapshot-control-o3,0,8,0,whitefoot,5,1,1024,0,24576,256,0,247835,0,0,67108864,256
A2,append-growth-o3,0,8,0,rust-vec,5,0,1024,0,24576,256,262144,3080672,0,4,67108864,256
A2,append-growth-snapshot-control-o3,0,8,0,rust-vec,5,1,1024,0,24576,256,0,247699,0,0,67108864,256
A2,append-growth-o3,0,8,0,whitefoot,6,0,1024,0,24576,256,262144,1982373,0,1,67108864,256
A2,append-growth-snapshot-control-o3,0,8,0,whitefoot,6,1,1024,0,24576,256,0,248498,0,0,67108864,256
A2,append-growth-o3,0,8,0,rust-vec,6,0,1024,0,24576,256,262144,3082497,0,4,67108864,256
A2,append-growth-snapshot-control-o3,0,8,0,rust-vec,6,1,1024,0,24576,256,0,248329,0,0,67108864,256
A2,append-growth-o3,0,8,0,cpp-std-vector,6,0,1024,0,24576,256,262144,2869450,0,1,67108864,256
A2,append-growth-snapshot-control-o3,0,8,0,cpp-std-vector,6,1,1024,0,24576,256,0,247826,0,0,67108864,256
A2,append-growth-o3,1,8,0,cpp-std-vector,0,0,1024,0,24576,256,262144,2886503,0,1,67108864,256
A2,append-growth-snapshot-control-o3,1,8,0,cpp-std-vector,0,1,1024,0,24576,256,0,248494,0,0,67108864,256
A2,append-growth-o3,1,8,0,rust-vec,0,0,1024,0,24576,256,262144,3110704,0,4,67108864,256
A2,append-growth-snapshot-control-o3,1,8,0,rust-vec,0,1,1024,0,24576,256,0,255791,0,0,67108864,256
A2,append-growth-o3,1,8,0,whitefoot,0,0,1024,0,24576,256,262144,2030497,0,1,67108864,256
A2,append-growth-snapshot-control-o3,1,8,0,whitefoot,0,1,1024,0,24576,256,0,250210,0,0,67108864,256
A2,append-growth-o3,1,8,0,rust-vec,1,0,1024,0,24576,256,262144,3089419,0,4,67108864,256
A2,append-growth-snapshot-control-o3,1,8,0,rust-vec,1,1,1024,0,24576,256,0,253329,0,0,67108864,256
A2,append-growth-o3,1,8,0,whitefoot,1,0,1024,0,24576,256,262144,1966241,0,1,67108864,256
A2,append-growth-snapshot-control-o3,1,8,0,whitefoot,1,1,1024,0,24576,256,0,250916,0,0,67108864,256
A2,append-growth-o3,1,8,0,cpp-std-vector,1,0,1024,0,24576,256,262144,2960879,0,1,67108864,256
A2,append-growth-snapshot-control-o3,1,8,0,cpp-std-vector,1,1,1024,0,24576,256,0,255579,0,0,67108864,256
A2,append-growth-o3,1,8,0,whitefoot,2,0,1024,0,24576,256,262144,2021994,0,1,67108864,256
A2,append-growth-snapshot-control-o3,1,8,0,whitefoot,2,1,1024,0,24576,256,0,256122,0,0,67108864,256
A2,append-growth-o3,1,8,0,cpp-std-vector,2,0,1024,0,24576,256,262144,2952493,0,1,67108864,256
A2,append-growth-snapshot-control-o3,1,8,0,cpp-std-vector,2,1,1024,0,24576,256,0,247257,0,0,67108864,256
A2,append-growth-o3,1,8,0,rust-vec,2,0,1024,0,24576,256,262144,3090455,0,4,67108864,256
A2,append-growth-snapshot-control-o3,1,8,0,rust-vec,2,1,1024,0,24576,256,0,247825,0,0,67108864,256
A2,append-growth-o3,1,8,0,cpp-std-vector,3,0,1024,0,24576,256,262144,2863250,0,1,67108864,256
A2,append-growth-snapshot-control-o3,1,8,0,cpp-std-vector,3,1,1024,0,24576,256,0,247162,0,0,67108864,256
A2,append-growth-o3,1,8,0,rust-vec,3,0,1024,0,24576,256,262144,3101210,0,4,67108864,256
A2,append-growth-snapshot-control-o3,1,8,0,rust-vec,3,1,1024,0,24576,256,0,248129,0,0,67108864,256
A2,append-growth-o3,1,8,0,whitefoot,3,0,1024,0,24576,256,262144,1968920,0,1,67108864,256
A2,append-growth-snapshot-control-o3,1,8,0,whitefoot,3,1,1024,0,24576,256,0,247751,0,0,67108864,256
A2,append-growth-o3,1,8,0,rust-vec,4,0,1024,0,24576,256,262144,3080746,0,4,67108864,256
A2,append-growth-snapshot-control-o3,1,8,0,rust-vec,4,1,1024,0,24576,256,0,266002,0,0,67108864,256
A2,append-growth-o3,1,8,0,whitefoot,4,0,1024,0,24576,256,262144,1980620,0,1,67108864,256
A2,append-growth-snapshot-control-o3,1,8,0,whitefoot,4,1,1024,0,24576,256,0,248544,0,0,67108864,256
A2,append-growth-o3,1,8,0,cpp-std-vector,4,0,1024,0,24576,256,262144,2867753,0,1,67108864,256
A2,append-growth-snapshot-control-o3,1,8,0,cpp-std-vector,4,1,1024,0,24576,256,0,247538,0,0,67108864,256
A2,append-growth-o3,1,8,0,whitefoot,5,0,1024,0,24576,256,262144,1968127,0,1,67108864,256
A2,append-growth-snapshot-control-o3,1,8,0,whitefoot,5,1,1024,0,24576,256,0,247415,0,0,67108864,256
A2,append-growth-o3,1,8,0,cpp-std-vector,5,0,1024,0,24576,256,262144,2876205,0,1,67108864,256
A2,append-growth-snapshot-control-o3,1,8,0,cpp-std-vector,5,1,1024,0,24576,256,0,248872,0,0,67108864,256
A2,append-growth-o3,1,8,0,rust-vec,5,0,1024,0,24576,256,262144,3082290,0,4,67108864,256
A2,append-growth-snapshot-control-o3,1,8,0,rust-vec,5,1,1024,0,24576,256,0,247918,0,0,67108864,256
A2,append-growth-o3,1,8,0,cpp-std-vector,6,0,1024,0,24576,256,262144,2862871,0,1,67108864,256
A2,append-growth-snapshot-control-o3,1,8,0,cpp-std-vector,6,1,1024,0,24576,256,0,247296,0,0,67108864,256
A2,append-growth-o3,1,8,0,rust-vec,6,0,1024,0,24576,256,262144,3086200,0,4,67108864,256
A2,append-growth-snapshot-control-o3,1,8,0,rust-vec,6,1,1024,0,24576,256,0,254164,0,0,67108864,256
A2,append-growth-o3,1,8,0,whitefoot,6,0,1024,0,24576,256,262144,1963126,0,1,67108864,256
A2,append-growth-snapshot-control-o3,1,8,0,whitefoot,6,1,1024,0,24576,256,0,247465,0,0,67108864,256
A2,append-growth-o3,0,8,1,whitefoot,0,0,1024,8192,24576,249,254976,4567744,1,2,67108864,256
A2,append-growth-snapshot-control-o3,0,8,1,whitefoot,0,1,1024,8192,24576,249,0,240495,1,1,67108864,256
A2,append-growth-o3,0,8,1,rust-vec,0,0,1024,8192,24576,249,254976,8354329,1,4,67108864,256
A2,append-growth-snapshot-control-o3,0,8,1,rust-vec,0,1,1024,8192,24576,249,0,241096,1,1,67108864,256
A2,append-growth-o3,0,8,1,cpp-std-vector,0,0,1024,8192,24576,249,254976,5185263,1,2,67108864,256
A2,append-growth-snapshot-control-o3,0,8,1,cpp-std-vector,0,1,1024,8192,24576,249,0,243778,1,1,67108864,256
A2,append-growth-o3,0,8,1,rust-vec,1,0,1024,8192,24576,249,254976,8218672,1,4,67108864,256
A2,append-growth-snapshot-control-o3,0,8,1,rust-vec,1,1,1024,8192,24576,249,0,241215,1,1,67108864,256
A2,append-growth-o3,0,8,1,cpp-std-vector,1,0,1024,8192,24576,249,254976,5206129,1,2,67108864,256
A2,append-growth-snapshot-control-o3,0,8,1,cpp-std-vector,1,1,1024,8192,24576,249,0,240958,1,1,67108864,256
A2,append-growth-o3,0,8,1,whitefoot,1,0,1024,8192,24576,249,254976,4554119,1,2,67108864,256
A2,append-growth-snapshot-control-o3,0,8,1,whitefoot,1,1,1024,8192,24576,249,0,240309,1,1,67108864,256
A2,append-growth-o3,0,8,1,cpp-std-vector,2,0,1024,8192,24576,249,254976,5209047,1,2,67108864,256
A2,append-growth-snapshot-control-o3,0,8,1,cpp-std-vector,2,1,1024,8192,24576,249,0,247364,1,1,67108864,256
A2,append-growth-o3,0,8,1,whitefoot,2,0,1024,8192,24576,249,254976,4596705,1,2,67108864,256
A2,append-growth-snapshot-control-o3,0,8,1,whitefoot,2,1,1024,8192,24576,249,0,241343,1,1,67108864,256
A2,append-growth-o3,0,8,1,rust-vec,2,0,1024,8192,24576,249,254976,8249162,1,4,67108864,256
A2,append-growth-snapshot-control-o3,0,8,1,rust-vec,2,1,1024,8192,24576,249,0,241500,1,1,67108864,256
A2,append-growth-o3,0,8,1,whitefoot,3,0,1024,8192,24576,249,254976,4609085,1,2,67108864,256
A2,append-growth-snapshot-control-o3,0,8,1,whitefoot,3,1,1024,8192,24576,249,0,240885,1,1,67108864,256
A2,append-growth-o3,0,8,1,rust-vec,3,0,1024,8192,24576,249,254976,8269549,1,4,67108864,256
A2,append-growth-snapshot-control-o3,0,8,1,rust-vec,3,1,1024,8192,24576,249,0,240840,1,1,67108864,256
A2,append-growth-o3,0,8,1,cpp-std-vector,3,0,1024,8192,24576,249,254976,5180619,1,2,67108864,256
A2,append-growth-snapshot-control-o3,0,8,1,cpp-std-vector,3,1,1024,8192,24576,249,0,243920,1,1,67108864,256
A2,append-growth-o3,0,8,1,rust-vec,4,0,1024,8192,24576,249,254976,8222302,1,4,67108864,256
A2,append-growth-snapshot-control-o3,0,8,1,rust-vec,4,1,1024,8192,24576,249,0,241332,1,1,67108864,256
A2,append-growth-o3,0,8,1,cpp-std-vector,4,0,1024,8192,24576,249,254976,5191629,1,2,67108864,256
A2,append-growth-snapshot-control-o3,0,8,1,cpp-std-vector,4,1,1024,8192,24576,249,0,242087,1,1,67108864,256
A2,append-growth-o3,0,8,1,whitefoot,4,0,1024,8192,24576,249,254976,4552156,1,2,67108864,256
A2,append-growth-snapshot-control-o3,0,8,1,whitefoot,4,1,1024,8192,24576,249,0,240364,1,1,67108864,256
A2,append-growth-o3,0,8,1,cpp-std-vector,5,0,1024,8192,24576,249,254976,5210462,1,2,67108864,256
A2,append-growth-snapshot-control-o3,0,8,1,cpp-std-vector,5,1,1024,8192,24576,249,0,240915,1,1,67108864,256
A2,append-growth-o3,0,8,1,whitefoot,5,0,1024,8192,24576,249,254976,4574626,1,2,67108864,256
A2,append-growth-snapshot-control-o3,0,8,1,whitefoot,5,1,1024,8192,24576,249,0,240376,1,1,67108864,256
A2,append-growth-o3,0,8,1,rust-vec,5,0,1024,8192,24576,249,254976,8227916,1,4,67108864,256
A2,append-growth-snapshot-control-o3,0,8,1,rust-vec,5,1,1024,8192,24576,249,0,250763,1,1,67108864,256
A2,append-growth-o3,0,8,1,whitefoot,6,0,1024,8192,24576,249,254976,4551965,1,2,67108864,256
A2,append-growth-snapshot-control-o3,0,8,1,whitefoot,6,1,1024,8192,24576,249,0,240296,1,1,67108864,256
A2,append-growth-o3,0,8,1,rust-vec,6,0,1024,8192,24576,249,254976,8249506,1,4,67108864,256
A2,append-growth-snapshot-control-o3,0,8,1,rust-vec,6,1,1024,8192,24576,249,0,240744,1,1,67108864,256
A2,append-growth-o3,0,8,1,cpp-std-vector,6,0,1024,8192,24576,249,254976,5203747,1,2,67108864,256
A2,append-growth-snapshot-control-o3,0,8,1,cpp-std-vector,6,1,1024,8192,24576,249,0,244137,1,1,67108864,256
A2,append-growth-o3,1,8,1,cpp-std-vector,0,0,1024,8192,24576,249,254976,5176049,1,2,67108864,256
A2,append-growth-snapshot-control-o3,1,8,1,cpp-std-vector,0,1,1024,8192,24576,249,0,240417,1,1,67108864,256
A2,append-growth-o3,1,8,1,rust-vec,0,0,1024,8192,24576,249,254976,8253598,1,4,67108864,256
A2,append-growth-snapshot-control-o3,1,8,1,rust-vec,0,1,1024,8192,24576,249,0,243243,1,1,67108864,256
A2,append-growth-o3,1,8,1,whitefoot,0,0,1024,8192,24576,249,254976,4563090,1,2,67108864,256
A2,append-growth-snapshot-control-o3,1,8,1,whitefoot,0,1,1024,8192,24576,249,0,240681,1,1,67108864,256
A2,append-growth-o3,1,8,1,rust-vec,1,0,1024,8192,24576,249,254976,8227458,1,4,67108864,256
A2,append-growth-snapshot-control-o3,1,8,1,rust-vec,1,1,1024,8192,24576,249,0,241126,1,1,67108864,256
A2,append-growth-o3,1,8,1,whitefoot,1,0,1024,8192,24576,249,254976,4557498,1,2,67108864,256
A2,append-growth-snapshot-control-o3,1,8,1,whitefoot,1,1,1024,8192,24576,249,0,240559,1,1,67108864,256
A2,append-growth-o3,1,8,1,cpp-std-vector,1,0,1024,8192,24576,249,254976,5203709,1,2,67108864,256
A2,append-growth-snapshot-control-o3,1,8,1,cpp-std-vector,1,1,1024,8192,24576,249,0,240458,1,1,67108864,256
A2,append-growth-o3,1,8,1,whitefoot,2,0,1024,8192,24576,249,254976,4552790,1,2,67108864,256
A2,append-growth-snapshot-control-o3,1,8,1,whitefoot,2,1,1024,8192,24576,249,0,239743,1,1,67108864,256
A2,append-growth-o3,1,8,1,cpp-std-vector,2,0,1024,8192,24576,249,254976,5204090,1,2,67108864,256
A2,append-growth-snapshot-control-o3,1,8,1,cpp-std-vector,2,1,1024,8192,24576,249,0,241418,1,1,67108864,256
A2,append-growth-o3,1,8,1,rust-vec,2,0,1024,8192,24576,249,254976,8214251,1,4,67108864,256
A2,append-growth-snapshot-control-o3,1,8,1,rust-vec,2,1,1024,8192,24576,249,0,245340,1,1,67108864,256
A2,append-growth-o3,1,8,1,cpp-std-vector,3,0,1024,8192,24576,249,254976,5183337,1,2,67108864,256
A2,append-growth-snapshot-control-o3,1,8,1,cpp-std-vector,3,1,1024,8192,24576,249,0,240207,1,1,67108864,256
A2,append-growth-o3,1,8,1,rust-vec,3,0,1024,8192,24576,249,254976,8294466,1,4,67108864,256
A2,append-growth-snapshot-control-o3,1,8,1,rust-vec,3,1,1024,8192,24576,249,0,250374,1,1,67108864,256
A2,append-growth-o3,1,8,1,whitefoot,3,0,1024,8192,24576,249,254976,4732447,1,2,67108864,256
A2,append-growth-snapshot-control-o3,1,8,1,whitefoot,3,1,1024,8192,24576,249,0,245965,1,1,67108864,256
A2,append-growth-o3,1,8,1,rust-vec,4,0,1024,8192,24576,249,254976,8624248,1,4,67108864,256
A2,append-growth-snapshot-control-o3,1,8,1,rust-vec,4,1,1024,8192,24576,249,0,251504,1,1,67108864,256
A2,append-growth-o3,1,8,1,whitefoot,4,0,1024,8192,24576,249,254976,4715498,1,2,67108864,256
A2,append-growth-snapshot-control-o3,1,8,1,whitefoot,4,1,1024,8192,24576,249,0,241526,1,1,67108864,256
A2,append-growth-o3,1,8,1,cpp-std-vector,4,0,1024,8192,24576,249,254976,5209458,1,2,67108864,256
A2,append-growth-snapshot-control-o3,1,8,1,cpp-std-vector,4,1,1024,8192,24576,249,0,241165,1,1,67108864,256
A2,append-growth-o3,1,8,1,whitefoot,5,0,1024,8192,24576,249,254976,4549799,1,2,67108864,256
A2,append-growth-snapshot-control-o3,1,8,1,whitefoot,5,1,1024,8192,24576,249,0,239945,1,1,67108864,256
A2,append-growth-o3,1,8,1,cpp-std-vector,5,0,1024,8192,24576,249,254976,5216244,1,2,67108864,256
A2,append-growth-snapshot-control-o3,1,8,1,cpp-std-vector,5,1,1024,8192,24576,249,0,240446,1,1,67108864,256
A2,append-growth-o3,1,8,1,rust-vec,5,0,1024,8192,24576,249,254976,8204667,1,4,67108864,256
A2,append-growth-snapshot-control-o3,1,8,1,rust-vec,5,1,1024,8192,24576,249,0,244469,1,1,67108864,256
A2,append-growth-o3,1,8,1,cpp-std-vector,6,0,1024,8192,24576,249,254976,5175924,1,2,67108864,256
A2,append-growth-snapshot-control-o3,1,8,1,cpp-std-vector,6,1,1024,8192,24576,249,0,240597,1,1,67108864,256
A2,append-growth-o3,1,8,1,rust-vec,6,0,1024,8192,24576,249,254976,8275458,1,4,67108864,256
A2,append-growth-snapshot-control-o3,1,8,1,rust-vec,6,1,1024,8192,24576,249,0,241034,1,1,67108864,256
A2,append-growth-o3,1,8,1,whitefoot,6,0,1024,8192,24576,249,254976,4549416,1,2,67108864,256
A2,append-growth-snapshot-control-o3,1,8,1,whitefoot,6,1,1024,8192,24576,249,0,240034,1,1,67108864,256
A2,append-growth-o3,0,8,16,whitefoot,0,0,1024,131072,24576,171,175104,6136168,16,32,67108864,256
A2,append-growth-snapshot-control-o3,0,8,16,whitefoot,0,1,1024,131072,24576,171,0,327542,16,16,67108864,256
A2,append-growth-o3,0,8,16,rust-vec,0,0,1024,131072,24576,171,175104,6595244,16,32,67108864,256
A2,append-growth-snapshot-control-o3,0,8,16,rust-vec,0,1,1024,131072,24576,171,0,329675,16,16,67108864,256
A2,append-growth-o3,0,8,16,cpp-std-vector,0,0,1024,131072,24576,171,175104,4626920,16,32,67108864,256
A2,append-growth-snapshot-control-o3,0,8,16,cpp-std-vector,0,1,1024,131072,24576,171,0,332868,16,16,67108864,256
A2,append-growth-o3,0,8,16,rust-vec,1,0,1024,131072,24576,171,175104,6510792,16,32,67108864,256
A2,append-growth-snapshot-control-o3,0,8,16,rust-vec,1,1,1024,131072,24576,171,0,339585,16,16,67108864,256
A2,append-growth-o3,0,8,16,cpp-std-vector,1,0,1024,131072,24576,171,175104,4582926,16,32,67108864,256
A2,append-growth-snapshot-control-o3,0,8,16,cpp-std-vector,1,1,1024,131072,24576,171,0,332208,16,16,67108864,256
A2,append-growth-o3,0,8,16,whitefoot,1,0,1024,131072,24576,171,175104,5937793,16,32,67108864,256
A2,append-growth-snapshot-control-o3,0,8,16,whitefoot,1,1,1024,131072,24576,171,0,337248,16,16,67108864,256
A2,append-growth-o3,0,8,16,cpp-std-vector,2,0,1024,131072,24576,171,175104,4458415,16,32,67108864,256
A2,append-growth-snapshot-control-o3,0,8,16,cpp-std-vector,2,1,1024,131072,24576,171,0,331127,16,16,67108864,256
A2,append-growth-o3,0,8,16,whitefoot,2,0,1024,131072,24576,171,175104,5949372,16,32,67108864,256
A2,append-growth-snapshot-control-o3,0,8,16,whitefoot,2,1,1024,131072,24576,171,0,328825,16,16,67108864,256
A2,append-growth-o3,0,8,16,rust-vec,2,0,1024,131072,24576,171,175104,6416296,16,32,67108864,256
A2,append-growth-snapshot-control-o3,0,8,16,rust-vec,2,1,1024,131072,24576,171,0,330913,16,16,67108864,256
A2,append-growth-o3,0,8,16,whitefoot,3,0,1024,131072,24576,171,175104,5959251,16,32,67108864,256
A2,append-growth-snapshot-control-o3,0,8,16,whitefoot,3,1,1024,131072,24576,171,0,331424,16,16,67108864,256
A2,append-growth-o3,0,8,16,rust-vec,3,0,1024,131072,24576,171,175104,6441283,16,32,67108864,256
A2,append-growth-snapshot-control-o3,0,8,16,rust-vec,3,1,1024,131072,24576,171,0,331095,16,16,67108864,256
A2,append-growth-o3,0,8,16,cpp-std-vector,3,0,1024,131072,24576,171,175104,4451669,16,32,67108864,256
A2,append-growth-snapshot-control-o3,0,8,16,cpp-std-vector,3,1,1024,131072,24576,171,0,334078,16,16,67108864,256
A2,append-growth-o3,0,8,16,rust-vec,4,0,1024,131072,24576,171,175104,6412377,16,32,67108864,256
A2,append-growth-snapshot-control-o3,0,8,16,rust-vec,4,1,1024,131072,24576,171,0,335959,16,16,67108864,256
A2,append-growth-o3,0,8,16,cpp-std-vector,4,0,1024,131072,24576,171,175104,4479121,16,32,67108864,256
A2,append-growth-snapshot-control-o3,0,8,16,cpp-std-vector,4,1,1024,131072,24576,171,0,338916,16,16,67108864,256
A2,append-growth-o3,0,8,16,whitefoot,4,0,1024,131072,24576,171,175104,5978372,16,32,67108864,256
A2,append-growth-snapshot-control-o3,0,8,16,whitefoot,4,1,1024,131072,24576,171,0,330841,16,16,67108864,256
A2,append-growth-o3,0,8,16,cpp-std-vector,5,0,1024,131072,24576,171,175104,4443617,16,32,67108864,256
A2,append-growth-snapshot-control-o3,0,8,16,cpp-std-vector,5,1,1024,131072,24576,171,0,340453,16,16,67108864,256
A2,append-growth-o3,0,8,16,whitefoot,5,0,1024,131072,24576,171,175104,5965129,16,32,67108864,256
A2,append-growth-snapshot-control-o3,0,8,16,whitefoot,5,1,1024,131072,24576,171,0,329922,16,16,67108864,256
A2,append-growth-o3,0,8,16,rust-vec,5,0,1024,131072,24576,171,175104,6452117,16,32,67108864,256
A2,append-growth-snapshot-control-o3,0,8,16,rust-vec,5,1,1024,131072,24576,171,0,331666,16,16,67108864,256
A2,append-growth-o3,0,8,16,whitefoot,6,0,1024,131072,24576,171,175104,5931755,16,32,67108864,256
A2,append-growth-snapshot-control-o3,0,8,16,whitefoot,6,1,1024,131072,24576,171,0,330000,16,16,67108864,256
A2,append-growth-o3,0,8,16,rust-vec,6,0,1024,131072,24576,171,175104,6435955,16,32,67108864,256
A2,append-growth-snapshot-control-o3,0,8,16,rust-vec,6,1,1024,131072,24576,171,0,331293,16,16,67108864,256
A2,append-growth-o3,0,8,16,cpp-std-vector,6,0,1024,131072,24576,171,175104,4461255,16,32,67108864,256
A2,append-growth-snapshot-control-o3,0,8,16,cpp-std-vector,6,1,1024,131072,24576,171,0,332578,16,16,67108864,256
A2,append-growth-o3,1,8,16,cpp-std-vector,0,0,1024,131072,24576,171,175104,4461170,16,32,67108864,256
A2,append-growth-snapshot-control-o3,1,8,16,cpp-std-vector,0,1,1024,131072,24576,171,0,334539,16,16,67108864,256
A2,append-growth-o3,1,8,16,rust-vec,0,0,1024,131072,24576,171,175104,6420543,16,32,67108864,256
A2,append-growth-snapshot-control-o3,1,8,16,rust-vec,0,1,1024,131072,24576,171,0,332461,16,16,67108864,256
A2,append-growth-o3,1,8,16,whitefoot,0,0,1024,131072,24576,171,175104,6129051,16,32,67108864,256
A2,append-growth-snapshot-control-o3,1,8,16,whitefoot,0,1,1024,131072,24576,171,0,328588,16,16,67108864,256
A2,append-growth-o3,1,8,16,rust-vec,1,0,1024,131072,24576,171,175104,6455836,16,32,67108864,256
A2,append-growth-snapshot-control-o3,1,8,16,rust-vec,1,1,1024,131072,24576,171,0,329951,16,16,67108864,256
A2,append-growth-o3,1,8,16,whitefoot,1,0,1024,131072,24576,171,175104,5950248,16,32,67108864,256
A2,append-growth-snapshot-control-o3,1,8,16,whitefoot,1,1,1024,131072,24576,171,0,328867,16,16,67108864,256
A2,append-growth-o3,1,8,16,cpp-std-vector,1,0,1024,131072,24576,171,175104,4512072,16,32,67108864,256
A2,append-growth-snapshot-control-o3,1,8,16,cpp-std-vector,1,1,1024,131072,24576,171,0,331952,16,16,67108864,256
A2,append-growth-o3,1,8,16,whitefoot,2,0,1024,131072,24576,171,175104,5989337,16,32,67108864,256
A2,append-growth-snapshot-control-o3,1,8,16,whitefoot,2,1,1024,131072,24576,171,0,329160,16,16,67108864,256
A2,append-growth-o3,1,8,16,cpp-std-vector,2,0,1024,131072,24576,171,175104,4454078,16,32,67108864,256
A2,append-growth-snapshot-control-o3,1,8,16,cpp-std-vector,2,1,1024,131072,24576,171,0,331542,16,16,67108864,256
A2,append-growth-o3,1,8,16,rust-vec,2,0,1024,131072,24576,171,175104,6450865,16,32,67108864,256
A2,append-growth-snapshot-control-o3,1,8,16,rust-vec,2,1,1024,131072,24576,171,0,330957,16,16,67108864,256
A2,append-growth-o3,1,8,16,cpp-std-vector,3,0,1024,131072,24576,171,175104,4447327,16,32,67108864,256
A2,append-growth-snapshot-control-o3,1,8,16,cpp-std-vector,3,1,1024,131072,24576,171,0,332579,16,16,67108864,256
A2,append-growth-o3,1,8,16,rust-vec,3,0,1024,131072,24576,171,175104,6409379,16,32,67108864,256
A2,append-growth-snapshot-control-o3,1,8,16,rust-vec,3,1,1024,131072,24576,171,0,332792,16,16,67108864,256
A2,append-growth-o3,1,8,16,whitefoot,3,0,1024,131072,24576,171,175104,5930833,16,32,67108864,256
A2,append-growth-snapshot-control-o3,1,8,16,whitefoot,3,1,1024,131072,24576,171,0,331662,16,16,67108864,256
A2,append-growth-o3,1,8,16,rust-vec,4,0,1024,131072,24576,171,175104,6436583,16,32,67108864,256
A2,append-growth-snapshot-control-o3,1,8,16,rust-vec,4,1,1024,131072,24576,171,0,332377,16,16,67108864,256
A2,append-growth-o3,1,8,16,whitefoot,4,0,1024,131072,24576,171,175104,5952504,16,32,67108864,256
A2,append-growth-snapshot-control-o3,1,8,16,whitefoot,4,1,1024,131072,24576,171,0,332929,16,16,67108864,256
A2,append-growth-o3,1,8,16,cpp-std-vector,4,0,1024,131072,24576,171,175104,4498665,16,32,67108864,256
A2,append-growth-snapshot-control-o3,1,8,16,cpp-std-vector,4,1,1024,131072,24576,171,0,332201,16,16,67108864,256
A2,append-growth-o3,1,8,16,whitefoot,5,0,1024,131072,24576,171,175104,6151919,16,32,67108864,256
A2,append-growth-snapshot-control-o3,1,8,16,whitefoot,5,1,1024,131072,24576,171,0,349540,16,16,67108864,256
A2,append-growth-o3,1,8,16,cpp-std-vector,5,0,1024,131072,24576,171,175104,4639421,16,32,67108864,256
A2,append-growth-snapshot-control-o3,1,8,16,cpp-std-vector,5,1,1024,131072,24576,171,0,352459,16,16,67108864,256
A2,append-growth-o3,1,8,16,rust-vec,5,0,1024,131072,24576,171,175104,6739416,16,32,67108864,256
A2,append-growth-snapshot-control-o3,1,8,16,rust-vec,5,1,1024,131072,24576,171,0,327787,16,16,67108864,256
A2,append-growth-o3,1,8,16,cpp-std-vector,6,0,1024,131072,24576,171,175104,4473336,16,32,67108864,256
A2,append-growth-snapshot-control-o3,1,8,16,cpp-std-vector,6,1,1024,131072,24576,171,0,331661,16,16,67108864,256
A2,append-growth-o3,1,8,16,rust-vec,6,0,1024,131072,24576,171,175104,6659003,16,32,67108864,256
A2,append-growth-snapshot-control-o3,1,8,16,rust-vec,6,1,1024,131072,24576,171,0,329828,16,16,67108864,256
A2,append-growth-o3,1,8,16,whitefoot,6,0,1024,131072,24576,171,175104,5949006,16,32,67108864,256
A2,append-growth-snapshot-control-o3,1,8,16,whitefoot,6,1,1024,131072,24576,171,0,333006,16,16,67108864,256
A2,append-growth-o3,0,8,256,whitefoot,0,0,455,931840,10920,65,29575,3079537,256,512,67108864,256
A2,append-growth-snapshot-control-o3,0,8,256,whitefoot,0,1,455,931840,10920,65,0,53165,256,256,67108864,256
A2,append-growth-o3,0,8,256,rust-vec,0,0,455,931840,10920,65,29575,3143457,256,512,67108864,256
A2,append-growth-snapshot-control-o3,0,8,256,rust-vec,0,1,455,931840,10920,65,0,56371,256,256,67108864,256
A2,append-growth-o3,0,8,256,cpp-std-vector,0,0,455,931840,10920,65,29575,2847340,256,512,67108864,256
A2,append-growth-snapshot-control-o3,0,8,256,cpp-std-vector,0,1,455,931840,10920,65,0,54123,256,256,67108864,256
A2,append-growth-o3,0,8,256,rust-vec,1,0,455,931840,10920,65,29575,3102831,256,512,67108864,256
A2,append-growth-snapshot-control-o3,0,8,256,rust-vec,1,1,455,931840,10920,65,0,56920,256,256,67108864,256
A2,append-growth-o3,0,8,256,cpp-std-vector,1,0,455,931840,10920,65,29575,2742835,256,512,67108864,256
A2,append-growth-snapshot-control-o3,0,8,256,cpp-std-vector,1,1,455,931840,10920,65,0,53167,256,256,67108864,256
A2,append-growth-o3,0,8,256,whitefoot,1,0,455,931840,10920,65,29575,3004125,256,512,67108864,256
A2,append-growth-snapshot-control-o3,0,8,256,whitefoot,1,1,455,931840,10920,65,0,52871,256,256,67108864,256
A2,append-growth-o3,0,8,256,cpp-std-vector,2,0,455,931840,10920,65,29575,2770543,256,512,67108864,256
A2,append-growth-snapshot-control-o3,0,8,256,cpp-std-vector,2,1,455,931840,10920,65,0,53374,256,256,67108864,256
A2,append-growth-o3,0,8,256,whitefoot,2,0,455,931840,10920,65,29575,2961337,256,512,67108864,256
A2,append-growth-snapshot-control-o3,0,8,256,whitefoot,2,1,455,931840,10920,65,0,53170,256,256,67108864,256
A2,append-growth-o3,0,8,256,rust-vec,2,0,455,931840,10920,65,29575,3035705,256,512,67108864,256
A2,append-growth-snapshot-control-o3,0,8,256,rust-vec,2,1,455,931840,10920,65,0,53585,256,256,67108864,256
A2,append-growth-o3,0,8,256,whitefoot,3,0,455,931840,10920,65,29575,2945168,256,512,67108864,256
A2,append-growth-snapshot-control-o3,0,8,256,whitefoot,3,1,455,931840,10920,65,0,52460,256,256,67108864,256
A2,append-growth-o3,0,8,256,rust-vec,3,0,455,931840,10920,65,29575,3060794,256,512,67108864,256
A2,append-growth-snapshot-control-o3,0,8,256,rust-vec,3,1,455,931840,10920,65,0,57294,256,256,67108864,256
A2,append-growth-o3,0,8,256,cpp-std-vector,3,0,455,931840,10920,65,29575,2825749,256,512,67108864,256
A2,append-growth-snapshot-control-o3,0,8,256,cpp-std-vector,3,1,455,931840,10920,65,0,55706,256,256,67108864,256
A2,append-growth-o3,0,8,256,rust-vec,4,0,455,931840,10920,65,29575,3037537,256,512,67108864,256
A2,append-growth-snapshot-control-o3,0,8,256,rust-vec,4,1,455,931840,10920,65,0,53878,256,256,67108864,256
A2,append-growth-o3,0,8,256,cpp-std-vector,4,0,455,931840,10920,65,29575,2697422,256,512,67108864,256
A2,append-growth-snapshot-control-o3,0,8,256,cpp-std-vector,4,1,455,931840,10920,65,0,53547,256,256,67108864,256
A2,append-growth-o3,0,8,256,whitefoot,4,0,455,931840,10920,65,29575,2982168,256,512,67108864,256
A2,append-growth-snapshot-control-o3,0,8,256,whitefoot,4,1,455,931840,10920,65,0,52920,256,256,67108864,256
A2,append-growth-o3,0,8,256,cpp-std-vector,5,0,455,931840,10920,65,29575,2710666,256,512,67108864,256
A2,append-growth-snapshot-control-o3,0,8,256,cpp-std-vector,5,1,455,931840,10920,65,0,61831,256,256,67108864,256
A2,append-growth-o3,0,8,256,whitefoot,5,0,455,931840,10920,65,29575,2958164,256,512,67108864,256
A2,append-growth-snapshot-control-o3,0,8,256,whitefoot,5,1,455,931840,10920,65,0,52912,256,256,67108864,256
A2,append-growth-o3,0,8,256,rust-vec,5,0,455,931840,10920,65,29575,3053333,256,512,67108864,256
A2,append-growth-snapshot-control-o3,0,8,256,rust-vec,5,1,455,931840,10920,65,0,53624,256,256,67108864,256
A2,append-growth-o3,0,8,256,whitefoot,6,0,455,931840,10920,65,29575,2935542,256,512,67108864,256
A2,append-growth-snapshot-control-o3,0,8,256,whitefoot,6,1,455,931840,10920,65,0,54454,256,256,67108864,256
A2,append-growth-o3,0,8,256,rust-vec,6,0,455,931840,10920,65,29575,3208250,256,512,67108864,256
A2,append-growth-snapshot-control-o3,0,8,256,rust-vec,6,1,455,931840,10920,65,0,59542,256,256,67108864,256
A2,append-growth-o3,0,8,256,cpp-std-vector,6,0,455,931840,10920,65,29575,2827162,256,512,67108864,256
A2,append-growth-snapshot-control-o3,0,8,256,cpp-std-vector,6,1,455,931840,10920,65,0,54750,256,256,67108864,256
A2,append-growth-o3,1,8,256,cpp-std-vector,0,0,455,931840,10920,65,29575,2705205,256,512,67108864,256
A2,append-growth-snapshot-control-o3,1,8,256,cpp-std-vector,0,1,455,931840,10920,65,0,52961,256,256,67108864,256
A2,append-growth-o3,1,8,256,rust-vec,0,0,455,931840,10920,65,29575,3058793,256,512,67108864,256
A2,append-growth-snapshot-control-o3,1,8,256,rust-vec,0,1,455,931840,10920,65,0,52955,256,256,67108864,256
A2,append-growth-o3,1,8,256,whitefoot,0,0,455,931840,10920,65,29575,2977004,256,512,67108864,256
A2,append-growth-snapshot-control-o3,1,8,256,whitefoot,0,1,455,931840,10920,65,0,52875,256,256,67108864,256
A2,append-growth-o3,1,8,256,rust-vec,1,0,455,931840,10920,65,29575,2999377,256,512,67108864,256
A2,append-growth-snapshot-control-o3,1,8,256,rust-vec,1,1,455,931840,10920,65,0,53461,256,256,67108864,256
A2,append-growth-o3,1,8,256,whitefoot,1,0,455,931840,10920,65,29575,2935709,256,512,67108864,256
A2,append-growth-snapshot-control-o3,1,8,256,whitefoot,1,1,455,931840,10920,65,0,52874,256,256,67108864,256
A2,append-growth-o3,1,8,256,cpp-std-vector,1,0,455,931840,10920,65,29575,2736289,256,512,67108864,256
A2,append-growth-snapshot-control-o3,1,8,256,cpp-std-vector,1,1,455,931840,10920,65,0,53083,256,256,67108864,256
A2,append-growth-o3,1,8,256,whitefoot,2,0,455,931840,10920,65,29575,2943711,256,512,67108864,256
A2,append-growth-snapshot-control-o3,1,8,256,whitefoot,2,1,455,931840,10920,65,0,52874,256,256,67108864,256
A2,append-growth-o3,1,8,256,cpp-std-vector,2,0,455,931840,10920,65,29575,2767462,256,512,67108864,256
A2,append-growth-snapshot-control-o3,1,8,256,cpp-std-vector,2,1,455,931840,10920,65,0,57169,256,256,67108864,256
A2,append-growth-o3,1,8,256,rust-vec,2,0,455,931840,10920,65,29575,3190543,256,512,67108864,256
A2,append-growth-snapshot-control-o3,1,8,256,rust-vec,2,1,455,931840,10920,65,0,55667,256,256,67108864,256
A2,append-growth-o3,1,8,256,cpp-std-vector,3,0,455,931840,10920,65,29575,2863203,256,512,67108864,256
A2,append-growth-snapshot-control-o3,1,8,256,cpp-std-vector,3,1,455,931840,10920,65,0,54787,256,256,67108864,256
A2,append-growth-o3,1,8,256,rust-vec,3,0,455,931840,10920,65,29575,3081544,256,512,67108864,256
A2,append-growth-snapshot-control-o3,1,8,256,rust-vec,3,1,455,931840,10920,65,0,56169,256,256,67108864,256
A2,append-growth-o3,1,8,256,whitefoot,3,0,455,931840,10920,65,29575,2977297,256,512,67108864,256
A2,append-growth-snapshot-control-o3,1,8,256,whitefoot,3,1,455,931840,10920,65,0,53336,256,256,67108864,256
A2,append-growth-o3,1,8,256,rust-vec,4,0,455,931840,10920,65,29575,3032333,256,512,67108864,256
A2,append-growth-snapshot-control-o3,1,8,256,rust-vec,4,1,455,931840,10920,65,0,55252,256,256,67108864,256
A2,append-growth-o3,1,8,256,whitefoot,4,0,455,931840,10920,65,29575,2999534,256,512,67108864,256
A2,append-growth-snapshot-control-o3,1,8,256,whitefoot,4,1,455,931840,10920,65,0,55208,256,256,67108864,256
A2,append-growth-o3,1,8,256,cpp-std-vector,4,0,455,931840,10920,65,29575,2764211,256,512,67108864,256
A2,append-growth-snapshot-control-o3,1,8,256,cpp-std-vector,4,1,455,931840,10920,65,0,53087,256,256,67108864,256
A2,append-growth-o3,1,8,256,whitefoot,5,0,455,931840,10920,65,29575,2950332,256,512,67108864,256
A2,append-growth-snapshot-control-o3,1,8,256,whitefoot,5,1,455,931840,10920,65,0,52494,256,256,67108864,256
A2,append-growth-o3,1,8,256,cpp-std-vector,5,0,455,931840,10920,65,29575,2692627,256,512,67108864,256
A2,append-growth-snapshot-control-o3,1,8,256,cpp-std-vector,5,1,455,931840,10920,65,0,53249,256,256,67108864,256
A2,append-growth-o3,1,8,256,rust-vec,5,0,455,931840,10920,65,29575,3030211,256,512,67108864,256
A2,append-growth-snapshot-control-o3,1,8,256,rust-vec,5,1,455,931840,10920,65,0,53203,256,256,67108864,256
A2,append-growth-o3,1,8,256,cpp-std-vector,6,0,455,931840,10920,65,29575,2690336,256,512,67108864,256
A2,append-growth-snapshot-control-o3,1,8,256,cpp-std-vector,6,1,455,931840,10920,65,0,53073,256,256,67108864,256
A2,append-growth-o3,1,8,256,rust-vec,6,0,455,931840,10920,65,29575,2999085,256,512,67108864,256
A2,append-growth-snapshot-control-o3,1,8,256,rust-vec,6,1,455,931840,10920,65,0,54461,256,256,67108864,256
A2,append-growth-o3,1,8,256,whitefoot,6,0,455,931840,10920,65,29575,3162955,256,512,67108864,256
A2,append-growth-snapshot-control-o3,1,8,256,whitefoot,6,1,455,931840,10920,65,0,55797,256,256,67108864,256
A2,append-growth-o3,0,8,4096,whitefoot,0,0,31,1015808,744,66,2046,1741128,4096,8192,67108864,256
A2,append-growth-snapshot-control-o3,0,8,4096,whitefoot,0,1,31,1015808,744,66,0,2001,4096,4096,67108864,256
A2,append-growth-o3,0,8,4096,rust-vec,0,0,31,1015808,744,66,2046,1629623,4096,8192,67108864,256
A2,append-growth-snapshot-control-o3,0,8,4096,rust-vec,0,1,31,1015808,744,66,0,2333,4096,4096,67108864,256
A2,append-growth-o3,0,8,4096,cpp-std-vector,0,0,31,1015808,744,66,2046,1458628,4096,8192,67108864,256
A2,append-growth-snapshot-control-o3,0,8,4096,cpp-std-vector,0,1,31,1015808,744,66,0,2421,4096,4096,67108864,256
A2,append-growth-o3,0,8,4096,rust-vec,1,0,31,1015808,744,66,2046,1508123,4096,8192,67108864,256
A2,append-growth-snapshot-control-o3,0,8,4096,rust-vec,1,1,31,1015808,744,66,0,2495,4096,4096,67108864,256
A2,append-growth-o3,0,8,4096,cpp-std-vector,1,0,31,1015808,744,66,2046,1417752,4096,8192,67108864,256
A2,append-growth-snapshot-control-o3,0,8,4096,cpp-std-vector,1,1,31,1015808,744,66,0,2329,4096,4096,67108864,256
A2,append-growth-o3,0,8,4096,whitefoot,1,0,31,1015808,744,66,2046,1479879,4096,8192,67108864,256
A2,append-growth-snapshot-control-o3,0,8,4096,whitefoot,1,1,31,1015808,744,66,0,2208,4096,4096,67108864,256
A2,append-growth-o3,0,8,4096,cpp-std-vector,2,0,31,1015808,744,66,2046,1419711,4096,8192,67108864,256
A2,append-growth-snapshot-control-o3,0,8,4096,cpp-std-vector,2,1,31,1015808,744,66,0,2373,4096,4096,67108864,256
A2,append-growth-o3,0,8,4096,whitefoot,2,0,31,1015808,744,66,2046,1442413,4096,8192,67108864,256
A2,append-growth-snapshot-control-o3,0,8,4096,whitefoot,2,1,31,1015808,744,66,0,2209,4096,4096,67108864,256
A2,append-growth-o3,0,8,4096,rust-vec,2,0,31,1015808,744,66,2046,1491998,4096,8192,67108864,256
A2,append-growth-snapshot-control-o3,0,8,4096,rust-vec,2,1,31,1015808,744,66,0,2710,4096,4096,67108864,256
A2,append-growth-o3,0,8,4096,whitefoot,3,0,31,1015808,744,66,2046,1482331,4096,8192,67108864,256
A2,append-growth-snapshot-control-o3,0,8,4096,whitefoot,3,1,31,1015808,744,66,0,1961,4096,4096,67108864,256
A2,append-growth-o3,0,8,4096,rust-vec,3,0,31,1015808,744,66,2046,1498003,4096,8192,67108864,256
A2,append-growth-snapshot-control-o3,0,8,4096,rust-vec,3,1,31,1015808,744,66,0,2787,4096,4096,67108864,256
A2,append-growth-o3,0,8,4096,cpp-std-vector,3,0,31,1015808,744,66,2046,1481752,4096,8192,67108864,256
A2,append-growth-snapshot-control-o3,0,8,4096,cpp-std-vector,3,1,31,1015808,744,66,0,2419,4096,4096,67108864,256
A2,append-growth-o3,0,8,4096,rust-vec,4,0,31,1015808,744,66,2046,1537164,4096,8192,67108864,256
A2,append-growth-snapshot-control-o3,0,8,4096,rust-vec,4,1,31,1015808,744,66,0,4498,4096,4096,67108864,256
A2,append-growth-o3,0,8,4096,cpp-std-vector,4,0,31,1015808,744,66,2046,1460082,4096,8192,67108864,256
A2,append-growth-snapshot-control-o3,0,8,4096,cpp-std-vector,4,1,31,1015808,744,66,0,2331,4096,4096,67108864,256
A2,append-growth-o3,0,8,4096,whitefoot,4,0,31,1015808,744,66,2046,1456752,4096,8192,67108864,256
A2,append-growth-snapshot-control-o3,0,8,4096,whitefoot,4,1,31,1015808,744,66,0,2296,4096,4096,67108864,256
A2,append-growth-o3,0,8,4096,cpp-std-vector,5,0,31,1015808,744,66,2046,1434040,4096,8192,67108864,256
A2,append-growth-snapshot-control-o3,0,8,4096,cpp-std-vector,5,1,31,1015808,744,66,0,2461,4096,4096,67108864,256
A2,append-growth-o3,0,8,4096,whitefoot,5,0,31,1015808,744,66,2046,1418084,4096,8192,67108864,256
A2,append-growth-snapshot-control-o3,0,8,4096,whitefoot,5,1,31,1015808,744,66,0,2201,4096,4096,67108864,256
A2,append-growth-o3,0,8,4096,rust-vec,5,0,31,1015808,744,66,2046,1491411,4096,8192,67108864,256
A2,append-growth-snapshot-control-o3,0,8,4096,rust-vec,5,1,31,1015808,744,66,0,2624,4096,4096,67108864,256
A2,append-growth-o3,0,8,4096,whitefoot,6,0,31,1015808,744,66,2046,1528666,4096,8192,67108864,256
A2,append-growth-snapshot-control-o3,0,8,4096,whitefoot,6,1,31,1015808,744,66,0,2292,4096,4096,67108864,256
A2,append-growth-o3,0,8,4096,rust-vec,6,0,31,1015808,744,66,2046,1500496,4096,8192,67108864,256
A2,append-growth-snapshot-control-o3,0,8,4096,rust-vec,6,1,31,1015808,744,66,0,2583,4096,4096,67108864,256
A2,append-growth-o3,0,8,4096,cpp-std-vector,6,0,31,1015808,744,66,2046,1448006,4096,8192,67108864,256
A2,append-growth-snapshot-control-o3,0,8,4096,cpp-std-vector,6,1,31,1015808,744,66,0,2880,4096,4096,67108864,256
A2,append-growth-o3,1,8,4096,cpp-std-vector,0,0,31,1015808,744,66,2046,1428665,4096,8192,67108864,256
A2,append-growth-snapshot-control-o3,1,8,4096,cpp-std-vector,0,1,31,1015808,744,66,0,2542,4096,4096,67108864,256
A2,append-growth-o3,1,8,4096,rust-vec,0,0,31,1015808,744,66,2046,1491835,4096,8192,67108864,256
A2,append-growth-snapshot-control-o3,1,8,4096,rust-vec,0,1,31,1015808,744,66,0,2536,4096,4096,67108864,256
A2,append-growth-o3,1,8,4096,whitefoot,0,0,31,1015808,744,66,2046,1690375,4096,8192,67108864,256
A2,append-growth-snapshot-control-o3,1,8,4096,whitefoot,0,1,31,1015808,744,66,0,2663,4096,4096,67108864,256
A2,append-growth-o3,1,8,4096,rust-vec,1,0,31,1015808,744,66,2046,1594212,4096,8192,67108864,256
A2,append-growth-snapshot-control-o3,1,8,4096,rust-vec,1,1,31,1015808,744,66,0,2708,4096,4096,67108864,256
A2,append-growth-o3,1,8,4096,whitefoot,1,0,31,1015808,744,66,2046,1467499,4096,8192,67108864,256
A2,append-growth-snapshot-control-o3,1,8,4096,whitefoot,1,1,31,1015808,744,66,0,1958,4096,4096,67108864,256
A2,append-growth-o3,1,8,4096,cpp-std-vector,1,0,31,1015808,744,66,2046,1417958,4096,8192,67108864,256
A2,append-growth-snapshot-control-o3,1,8,4096,cpp-std-vector,1,1,31,1015808,744,66,0,2501,4096,4096,67108864,256
A2,append-growth-o3,1,8,4096,whitefoot,2,0,31,1015808,744,66,2046,1419041,4096,8192,67108864,256
A2,append-growth-snapshot-control-o3,1,8,4096,whitefoot,2,1,31,1015808,744,66,0,1875,4096,4096,67108864,256
A2,append-growth-o3,1,8,4096,cpp-std-vector,2,0,31,1015808,744,66,2046,1410248,4096,8192,67108864,256
A2,append-growth-snapshot-control-o3,1,8,4096,cpp-std-vector,2,1,31,1015808,744,66,0,2297,4096,4096,67108864,256
A2,append-growth-o3,1,8,4096,rust-vec,2,0,31,1015808,744,66,2046,1487503,4096,8192,67108864,256
A2,append-growth-snapshot-control-o3,1,8,4096,rust-vec,2,1,31,1015808,744,66,0,2878,4096,4096,67108864,256
A2,append-growth-o3,1,8,4096,cpp-std-vector,3,0,31,1015808,744,66,2046,1427040,4096,8192,67108864,256
A2,append-growth-snapshot-control-o3,1,8,4096,cpp-std-vector,3,1,31,1015808,744,66,0,2626,4096,4096,67108864,256
A2,append-growth-o3,1,8,4096,rust-vec,3,0,31,1015808,744,66,2046,1500540,4096,8192,67108864,256
A2,append-growth-snapshot-control-o3,1,8,4096,rust-vec,3,1,31,1015808,744,66,0,3163,4096,4096,67108864,256
A2,append-growth-o3,1,8,4096,whitefoot,3,0,31,1015808,744,66,2046,1542415,4096,8192,67108864,256
A2,append-growth-snapshot-control-o3,1,8,4096,whitefoot,3,1,31,1015808,744,66,0,2251,4096,4096,67108864,256
A2,append-growth-o3,1,8,4096,rust-vec,4,0,31,1015808,744,66,2046,1511743,4096,8192,67108864,256
A2,append-growth-snapshot-control-o3,1,8,4096,rust-vec,4,1,31,1015808,744,66,0,3039,4096,4096,67108864,256
A2,append-growth-o3,1,8,4096,whitefoot,4,0,31,1015808,744,66,2046,1405545,4096,8192,67108864,256
A2,append-growth-snapshot-control-o3,1,8,4096,whitefoot,4,1,31,1015808,744,66,0,2127,4096,4096,67108864,256
A2,append-growth-o3,1,8,4096,cpp-std-vector,4,0,31,1015808,744,66,2046,1494922,4096,8192,67108864,256
A2,append-growth-snapshot-control-o3,1,8,4096,cpp-std-vector,4,1,31,1015808,744,66,0,2790,4096,4096,67108864,256
A2,append-growth-o3,1,8,4096,whitefoot,5,0,31,1015808,744,66,2046,1460623,4096,8192,67108864,256
A2,append-growth-snapshot-control-o3,1,8,4096,whitefoot,5,1,31,1015808,744,66,0,2124,4096,4096,67108864,256
A2,append-growth-o3,1,8,4096,cpp-std-vector,5,0,31,1015808,744,66,2046,1425250,4096,8192,67108864,256
A2,append-growth-snapshot-control-o3,1,8,4096,cpp-std-vector,5,1,31,1015808,744,66,0,2290,4096,4096,67108864,256
A2,append-growth-o3,1,8,4096,rust-vec,5,0,31,1015808,744,66,2046,1514665,4096,8192,67108864,256
A2,append-growth-snapshot-control-o3,1,8,4096,rust-vec,5,1,31,1015808,744,66,0,2712,4096,4096,67108864,256
A2,append-growth-o3,1,8,4096,cpp-std-vector,6,0,31,1015808,744,66,2046,1436836,4096,8192,67108864,256
A2,append-growth-snapshot-control-o3,1,8,4096,cpp-std-vector,6,1,31,1015808,744,66,0,2456,4096,4096,67108864,256
A2,append-growth-o3,1,8,4096,rust-vec,6,0,31,1015808,744,66,2046,1499500,4096,8192,67108864,256
A2,append-growth-snapshot-control-o3,1,8,4096,rust-vec,6,1,31,1015808,744,66,0,3005,4096,4096,67108864,256
A2,append-growth-o3,1,8,4096,whitefoot,6,0,31,1015808,744,66,2046,1538833,4096,8192,67108864,256
A2,append-growth-snapshot-control-o3,1,8,4096,whitefoot,6,1,31,1015808,744,66,0,2253,4096,4096,67108864,256
A2,append-growth-o3,0,256,0,whitefoot,0,0,1024,0,24576,256,262144,3287404,0,1,67108864,256
A2,append-growth-snapshot-control-o3,0,256,0,whitefoot,0,1,1024,0,24576,256,0,248669,0,0,67108864,256
A2,append-growth-o3,0,256,0,rust-vec,0,0,1024,0,24576,256,262144,5978919,0,4,67108864,256
A2,append-growth-snapshot-control-o3,0,256,0,rust-vec,0,1,1024,0,24576,256,0,247296,0,0,67108864,256
A2,append-growth-o3,0,256,0,cpp-std-vector,0,0,1024,0,24576,256,262144,4090780,0,1,67108864,256
A2,append-growth-snapshot-control-o3,0,256,0,cpp-std-vector,0,1,1024,0,24576,256,0,248211,0,0,67108864,256
A2,append-growth-o3,0,256,0,rust-vec,1,0,1024,0,24576,256,262144,5838488,0,4,67108864,256
A2,append-growth-snapshot-control-o3,0,256,0,rust-vec,1,1,1024,0,24576,256,0,247631,0,0,67108864,256
A2,append-growth-o3,0,256,0,cpp-std-vector,1,0,1024,0,24576,256,262144,4113247,0,1,67108864,256
A2,append-growth-snapshot-control-o3,0,256,0,cpp-std-vector,1,1,1024,0,24576,256,0,249624,0,0,67108864,256
A2,append-growth-o3,0,256,0,whitefoot,1,0,1024,0,24576,256,262144,3083625,0,1,67108864,256
A2,append-growth-snapshot-control-o3,0,256,0,whitefoot,1,1,1024,0,24576,256,0,248749,0,0,67108864,256
A2,append-growth-o3,0,256,0,cpp-std-vector,2,0,1024,0,24576,256,262144,4107246,0,1,67108864,256
A2,append-growth-snapshot-control-o3,0,256,0,cpp-std-vector,2,1,1024,0,24576,256,0,249286,0,0,67108864,256
A2,append-growth-o3,0,256,0,whitefoot,2,0,1024,0,24576,256,262144,3083745,0,1,67108864,256
A2,append-growth-snapshot-control-o3,0,256,0,whitefoot,2,1,1024,0,24576,256,0,248376,0,0,67108864,256
A2,append-growth-o3,0,256,0,rust-vec,2,0,1024,0,24576,256,262144,6069256,0,4,67108864,256
A2,append-growth-snapshot-control-o3,0,256,0,rust-vec,2,1,1024,0,24576,256,0,266335,0,0,67108864,256
A2,append-growth-o3,0,256,0,whitefoot,3,0,1024,0,24576,256,262144,3223590,0,1,67108864,256
A2,append-growth-snapshot-control-o3,0,256,0,whitefoot,3,1,1024,0,24576,256,0,257088,0,0,67108864,256
A2,append-growth-o3,0,256,0,rust-vec,3,0,1024,0,24576,256,262144,6173045,0,4,67108864,256
A2,append-growth-snapshot-control-o3,0,256,0,rust-vec,3,1,1024,0,24576,256,0,247463,0,0,67108864,256
A2,append-growth-o3,0,256,0,cpp-std-vector,3,0,1024,0,24576,256,262144,4101750,0,1,67108864,256
A2,append-growth-snapshot-control-o3,0,256,0,cpp-std-vector,3,1,1024,0,24576,256,0,248431,0,0,67108864,256
A2,append-growth-o3,0,256,0,rust-vec,4,0,1024,0,24576,256,262144,5865466,0,4,67108864,256
A2,append-growth-snapshot-control-o3,0,256,0,rust-vec,4,1,1024,0,24576,256,0,247507,0,0,67108864,256
A2,append-growth-o3,0,256,0,cpp-std-vector,4,0,1024,0,24576,256,262144,4096756,0,1,67108864,256
A2,append-growth-snapshot-control-o3,0,256,0,cpp-std-vector,4,1,1024,0,24576,256,0,248882,0,0,67108864,256
A2,append-growth-o3,0,256,0,whitefoot,4,0,1024,0,24576,256,262144,3144208,0,1,67108864,256
A2,append-growth-snapshot-control-o3,0,256,0,whitefoot,4,1,1024,0,24576,256,0,248704,0,0,67108864,256
A2,append-growth-o3,0,256,0,cpp-std-vector,5,0,1024,0,24576,256,262144,4088166,0,1,67108864,256
A2,append-growth-snapshot-control-o3,0,256,0,cpp-std-vector,5,1,1024,0,24576,256,0,248658,0,0,67108864,256
A2,append-growth-o3,0,256,0,whitefoot,5,0,1024,0,24576,256,262144,3085675,0,1,67108864,256
A2,append-growth-snapshot-control-o3,0,256,0,whitefoot,5,1,1024,0,24576,256,0,249202,0,0,67108864,256
A2,append-growth-o3,0,256,0,rust-vec,5,0,1024,0,24576,256,262144,5871456,0,4,67108864,256
A2,append-growth-snapshot-control-o3,0,256,0,rust-vec,5,1,1024,0,24576,256,0,247209,0,0,67108864,256
A2,append-growth-o3,0,256,0,whitefoot,6,0,1024,0,24576,256,262144,3088498,0,1,67108864,256
A2,append-growth-snapshot-control-o3,0,256,0,whitefoot,6,1,1024,0,24576,256,0,249053,0,0,67108864,256
A2,append-growth-o3,0,256,0,rust-vec,6,0,1024,0,24576,256,262144,5876713,0,4,67108864,256
A2,append-growth-snapshot-control-o3,0,256,0,rust-vec,6,1,1024,0,24576,256,0,247380,0,0,67108864,256
A2,append-growth-o3,0,256,0,cpp-std-vector,6,0,1024,0,24576,256,262144,4096546,0,1,67108864,256
A2,append-growth-snapshot-control-o3,0,256,0,cpp-std-vector,6,1,1024,0,24576,256,0,248335,0,0,67108864,256
A2,append-growth-o3,1,256,0,cpp-std-vector,0,0,1024,0,24576,256,262144,4084097,0,1,67108864,256
A2,append-growth-snapshot-control-o3,1,256,0,cpp-std-vector,0,1,1024,0,24576,256,0,252543,0,0,67108864,256
A2,append-growth-o3,1,256,0,rust-vec,0,0,1024,0,24576,256,262144,5898742,0,4,67108864,256
A2,append-growth-snapshot-control-o3,1,256,0,rust-vec,0,1,1024,0,24576,256,0,248040,0,0,67108864,256
A2,append-growth-o3,1,256,0,whitefoot,0,0,1024,0,24576,256,262144,3109588,0,1,67108864,256
A2,append-growth-snapshot-control-o3,1,256,0,whitefoot,0,1,1024,0,24576,256,0,247791,0,0,67108864,256
A2,append-growth-o3,1,256,0,rust-vec,1,0,1024,0,24576,256,262144,5866747,0,4,67108864,256
A2,append-growth-snapshot-control-o3,1,256,0,rust-vec,1,1,1024,0,24576,256,0,247466,0,0,67108864,256
A2,append-growth-o3,1,256,0,whitefoot,1,0,1024,0,24576,256,262144,3097251,0,1,67108864,256
A2,append-growth-snapshot-control-o3,1,256,0,whitefoot,1,1,1024,0,24576,256,0,248928,0,0,67108864,256
A2,append-growth-o3,1,256,0,cpp-std-vector,1,0,1024,0,24576,256,262144,4109957,0,1,67108864,256
A2,append-growth-snapshot-control-o3,1,256,0,cpp-std-vector,1,1,1024,0,24576,256,0,248167,0,0,67108864,256
A2,append-growth-o3,1,256,0,whitefoot,2,0,1024,0,24576,256,262144,3092300,0,1,67108864,256
A2,append-growth-snapshot-control-o3,1,256,0,whitefoot,2,1,1024,0,24576,256,0,249460,0,0,67108864,256
A2,append-growth-o3,1,256,0,cpp-std-vector,2,0,1024,0,24576,256,262144,4082600,0,1,67108864,256
A2,append-growth-snapshot-control-o3,1,256,0,cpp-std-vector,2,1,1024,0,24576,256,0,249126,0,0,67108864,256
A2,append-growth-o3,1,256,0,rust-vec,2,0,1024,0,24576,256,262144,5894416,0,4,67108864,256
A2,append-growth-snapshot-control-o3,1,256,0,rust-vec,2,1,1024,0,24576,256,0,248005,0,0,67108864,256
A2,append-growth-o3,1,256,0,cpp-std-vector,3,0,1024,0,24576,256,262144,4092007,0,1,67108864,256
A2,append-growth-snapshot-control-o3,1,256,0,cpp-std-vector,3,1,1024,0,24576,256,0,248371,0,0,67108864,256
A2,append-growth-o3,1,256,0,rust-vec,3,0,1024,0,24576,256,262144,6102129,0,4,67108864,256
A2,append-growth-snapshot-control-o3,1,256,0,rust-vec,3,1,1024,0,24576,256,0,249325,0,0,67108864,256
A2,append-growth-o3,1,256,0,whitefoot,3,0,1024,0,24576,256,262144,3090959,0,1,67108864,256
A2,append-growth-snapshot-control-o3,1,256,0,whitefoot,3,1,1024,0,24576,256,0,248166,0,0,67108864,256
A2,append-growth-o3,1,256,0,rust-vec,4,0,1024,0,24576,256,262144,5873758,0,4,67108864,256
A2,append-growth-snapshot-control-o3,1,256,0,rust-vec,4,1,1024,0,24576,256,0,247203,0,0,67108864,256
A2,append-growth-o3,1,256,0,whitefoot,4,0,1024,0,24576,256,262144,3127548,0,1,67108864,256
A2,append-growth-snapshot-control-o3,1,256,0,whitefoot,4,1,1024,0,24576,256,0,248747,0,0,67108864,256
A2,append-growth-o3,1,256,0,cpp-std-vector,4,0,1024,0,24576,256,262144,4096797,0,1,67108864,256
A2,append-growth-snapshot-control-o3,1,256,0,cpp-std-vector,4,1,1024,0,24576,256,0,248537,0,0,67108864,256
A2,append-growth-o3,1,256,0,whitefoot,5,0,1024,0,24576,256,262144,3100759,0,1,67108864,256
A2,append-growth-snapshot-control-o3,1,256,0,whitefoot,5,1,1024,0,24576,256,0,248373,0,0,67108864,256
A2,append-growth-o3,1,256,0,cpp-std-vector,5,0,1024,0,24576,256,262144,4092325,0,1,67108864,256
A2,append-growth-snapshot-control-o3,1,256,0,cpp-std-vector,5,1,1024,0,24576,256,0,248501,0,0,67108864,256
A2,append-growth-o3,1,256,0,rust-vec,5,0,1024,0,24576,256,262144,5906220,0,4,67108864,256
A2,append-growth-snapshot-control-o3,1,256,0,rust-vec,5,1,1024,0,24576,256,0,249286,0,0,67108864,256
A2,append-growth-o3,1,256,0,cpp-std-vector,6,0,1024,0,24576,256,262144,4172710,0,1,67108864,256
A2,append-growth-snapshot-control-o3,1,256,0,cpp-std-vector,6,1,1024,0,24576,256,0,255666,0,0,67108864,256
A2,append-growth-o3,1,256,0,rust-vec,6,0,1024,0,24576,256,262144,6236486,0,4,67108864,256
A2,append-growth-snapshot-control-o3,1,256,0,rust-vec,6,1,1024,0,24576,256,0,258667,0,0,67108864,256
A2,append-growth-o3,1,256,0,whitefoot,6,0,1024,0,24576,256,262144,3087621,0,1,67108864,256
A2,append-growth-snapshot-control-o3,1,256,0,whitefoot,6,1,1024,0,24576,256,0,259503,0,0,67108864,256
A2,append-growth-o3,0,256,1,whitefoot,0,0,1024,262144,24576,128,131072,6379459,1,2,67108864,256
A2,append-growth-snapshot-control-o3,0,256,1,whitefoot,0,1,1024,262144,24576,128,0,247715,1,1,67108864,256
A2,append-growth-o3,0,256,1,rust-vec,0,0,1024,262144,24576,128,131072,7064289,1,4,67108864,256
A2,append-growth-snapshot-control-o3,0,256,1,rust-vec,0,1,1024,262144,24576,128,0,127039,1,1,67108864,256
A2,append-growth-o3,0,256,1,cpp-std-vector,0,0,1024,262144,24576,128,131072,5628128,1,2,67108864,256
A2,append-growth-snapshot-control-o3,0,256,1,cpp-std-vector,0,1,1024,262144,24576,128,0,253663,1,1,67108864,256
A2,append-growth-o3,0,256,1,rust-vec,1,0,1024,262144,24576,128,131072,6944374,1,4,67108864,256
A2,append-growth-snapshot-control-o3,0,256,1,rust-vec,1,1,1024,262144,24576,128,0,126622,1,1,67108864,256
A2,append-growth-o3,0,256,1,cpp-std-vector,1,0,1024,262144,24576,128,131072,5689505,1,2,67108864,256
A2,append-growth-snapshot-control-o3,0,256,1,cpp-std-vector,1,1,1024,262144,24576,128,0,250498,1,1,67108864,256
A2,append-growth-o3,0,256,1,whitefoot,1,0,1024,262144,24576,128,131072,6313667,1,2,67108864,256
A2,append-growth-snapshot-control-o3,0,256,1,whitefoot,1,1,1024,262144,24576,128,0,248623,1,1,67108864,256
A2,append-growth-o3,0,256,1,cpp-std-vector,2,0,1024,262144,24576,128,131072,5642831,1,2,67108864,256
A2,append-growth-snapshot-control-o3,0,256,1,cpp-std-vector,2,1,1024,262144,24576,128,0,248507,1,1,67108864,256
A2,append-growth-o3,0,256,1,whitefoot,2,0,1024,262144,24576,128,131072,6340965,1,2,67108864,256
A2,append-growth-snapshot-control-o3,0,256,1,whitefoot,2,1,1024,262144,24576,128,0,249203,1,1,67108864,256
A2,append-growth-o3,0,256,1,rust-vec,2,0,1024,262144,24576,128,131072,6965375,1,4,67108864,256
A2,append-growth-snapshot-control-o3,0,256,1,rust-vec,2,1,1024,262144,24576,128,0,130704,1,1,67108864,256
A2,append-growth-o3,0,256,1,whitefoot,3,0,1024,262144,24576,128,131072,6300867,1,2,67108864,256
A2,append-growth-snapshot-control-o3,0,256,1,whitefoot,3,1,1024,262144,24576,128,0,251372,1,1,67108864,256
A2,append-growth-o3,0,256,1,rust-vec,3,0,1024,262144,24576,128,131072,6946710,1,4,67108864,256
A2,append-growth-snapshot-control-o3,0,256,1,rust-vec,3,1,1024,262144,24576,128,0,126466,1,1,67108864,256
A2,append-growth-o3,0,256,1,cpp-std-vector,3,0,1024,262144,24576,128,131072,5679665,1,2,67108864,256
A2,append-growth-snapshot-control-o3,0,256,1,cpp-std-vector,3,1,1024,262144,24576,128,0,250255,1,1,67108864,256
A2,append-growth-o3,0,256,1,rust-vec,4,0,1024,262144,24576,128,131072,6973748,1,4,67108864,256
A2,append-growth-snapshot-control-o3,0,256,1,rust-vec,4,1,1024,262144,24576,128,0,136881,1,1,67108864,256
A2,append-growth-o3,0,256,1,cpp-std-vector,4,0,1024,262144,24576,128,131072,5822582,1,2,67108864,256
A2,append-growth-snapshot-control-o3,0,256,1,cpp-std-vector,4,1,1024,262144,24576,128,0,269876,1,1,67108864,256
A2,append-growth-o3,0,256,1,whitefoot,4,0,1024,262144,24576,128,131072,6506958,1,2,67108864,256
A2,append-growth-snapshot-control-o3,0,256,1,whitefoot,4,1,1024,262144,24576,128,0,253003,1,1,67108864,256
A2,append-growth-o3,0,256,1,cpp-std-vector,5,0,1024,262144,24576,128,131072,5715256,1,2,67108864,256
A2,append-growth-snapshot-control-o3,0,256,1,cpp-std-vector,5,1,1024,262144,24576,128,0,254486,1,1,67108864,256
A2,append-growth-o3,0,256,1,whitefoot,5,0,1024,262144,24576,128,131072,6342334,1,2,67108864,256
A2,append-growth-snapshot-control-o3,0,256,1,whitefoot,5,1,1024,262144,24576,128,0,253870,1,1,67108864,256
A2,append-growth-o3,0,256,1,rust-vec,5,0,1024,262144,24576,128,131072,6936163,1,4,67108864,256
A2,append-growth-snapshot-control-o3,0,256,1,rust-vec,5,1,1024,262144,24576,128,0,127499,1,1,67108864,256
A2,append-growth-o3,0,256,1,whitefoot,6,0,1024,262144,24576,128,131072,6353840,1,2,67108864,256
A2,append-growth-snapshot-control-o3,0,256,1,whitefoot,6,1,1024,262144,24576,128,0,248906,1,1,67108864,256
A2,append-growth-o3,0,256,1,rust-vec,6,0,1024,262144,24576,128,131072,6966916,1,4,67108864,256
A2,append-growth-snapshot-control-o3,0,256,1,rust-vec,6,1,1024,262144,24576,128,0,126669,1,1,67108864,256
A2,append-growth-o3,0,256,1,cpp-std-vector,6,0,1024,262144,24576,128,131072,5634827,1,2,67108864,256
A2,append-growth-snapshot-control-o3,0,256,1,cpp-std-vector,6,1,1024,262144,24576,128,0,267031,1,1,67108864,256
A2,append-growth-o3,1,256,1,cpp-std-vector,0,0,1024,262144,24576,128,131072,5651367,1,2,67108864,256
A2,append-growth-snapshot-control-o3,1,256,1,cpp-std-vector,0,1,1024,262144,24576,128,0,252251,1,1,67108864,256
A2,append-growth-o3,1,256,1,rust-vec,0,0,1024,262144,24576,128,131072,6974000,1,4,67108864,256
A2,append-growth-snapshot-control-o3,1,256,1,rust-vec,0,1,1024,262144,24576,128,0,126505,1,1,67108864,256
A2,append-growth-o3,1,256,1,whitefoot,0,0,1024,262144,24576,128,131072,6312002,1,2,67108864,256
A2,append-growth-snapshot-control-o3,1,256,1,whitefoot,0,1,1024,262144,24576,128,0,249836,1,1,67108864,256
A2,append-growth-o3,1,256,1,rust-vec,1,0,1024,262144,24576,128,131072,6935746,1,4,67108864,256
A2,append-growth-snapshot-control-o3,1,256,1,rust-vec,1,1,1024,262144,24576,128,0,128623,1,1,67108864,256
A2,append-growth-o3,1,256,1,whitefoot,1,0,1024,262144,24576,128,131072,6349086,1,2,67108864,256
A2,append-growth-snapshot-control-o3,1,256,1,whitefoot,1,1,1024,262144,24576,128,0,249451,1,1,67108864,256
A2,append-growth-o3,1,256,1,cpp-std-vector,1,0,1024,262144,24576,128,131072,5663665,1,2,67108864,256
A2,append-growth-snapshot-control-o3,1,256,1,cpp-std-vector,1,1,1024,262144,24576,128,0,250079,1,1,67108864,256
A2,append-growth-o3,1,256,1,whitefoot,2,0,1024,262144,24576,128,131072,6296494,1,2,67108864,256
A2,append-growth-snapshot-control-o3,1,256,1,whitefoot,2,1,1024,262144,24576,128,0,259837,1,1,67108864,256
A2,append-growth-o3,1,256,1,cpp-std-vector,2,0,1024,262144,24576,128,131072,5635339,1,2,67108864,256
A2,append-growth-snapshot-control-o3,1,256,1,cpp-std-vector,2,1,1024,262144,24576,128,0,249629,1,1,67108864,256
A2,append-growth-o3,1,256,1,rust-vec,2,0,1024,262144,24576,128,131072,6947625,1,4,67108864,256
A2,append-growth-snapshot-control-o3,1,256,1,rust-vec,2,1,1024,262144,24576,128,0,126125,1,1,67108864,256
A2,append-growth-o3,1,256,1,cpp-std-vector,3,0,1024,262144,24576,128,131072,5635332,1,2,67108864,256
A2,append-growth-snapshot-control-o3,1,256,1,cpp-std-vector,3,1,1024,262144,24576,128,0,259208,1,1,67108864,256
A2,append-growth-o3,1,256,1,rust-vec,3,0,1024,262144,24576,128,131072,6943794,1,4,67108864,256
A2,append-growth-snapshot-control-o3,1,256,1,rust-vec,3,1,1024,262144,24576,128,0,125758,1,1,67108864,256
A2,append-growth-o3,1,256,1,whitefoot,3,0,1024,262144,24576,128,131072,6329668,1,2,67108864,256
A2,append-growth-snapshot-control-o3,1,256,1,whitefoot,3,1,1024,262144,24576,128,0,249961,1,1,67108864,256
A2,append-growth-o3,1,256,1,rust-vec,4,0,1024,262144,24576,128,131072,6954418,1,4,67108864,256
A2,append-growth-snapshot-control-o3,1,256,1,rust-vec,4,1,1024,262144,24576,128,0,127294,1,1,67108864,256
A2,append-growth-o3,1,256,1,whitefoot,4,0,1024,262144,24576,128,131072,6311126,1,2,67108864,256
A2,append-growth-snapshot-control-o3,1,256,1,whitefoot,4,1,1024,262144,24576,128,0,251460,1,1,67108864,256
A2,append-growth-o3,1,256,1,cpp-std-vector,4,0,1024,262144,24576,128,131072,5644750,1,2,67108864,256
A2,append-growth-snapshot-control-o3,1,256,1,cpp-std-vector,4,1,1024,262144,24576,128,0,250574,1,1,67108864,256
A2,append-growth-o3,1,256,1,whitefoot,5,0,1024,262144,24576,128,131072,6334668,1,2,67108864,256
A2,append-growth-snapshot-control-o3,1,256,1,whitefoot,5,1,1024,262144,24576,128,0,250671,1,1,67108864,256
A2,append-growth-o3,1,256,1,cpp-std-vector,5,0,1024,262144,24576,128,131072,5654422,1,2,67108864,256
A2,append-growth-snapshot-control-o3,1,256,1,cpp-std-vector,5,1,1024,262144,24576,128,0,251909,1,1,67108864,256
A2,append-growth-o3,1,256,1,rust-vec,5,0,1024,262144,24576,128,131072,6939917,1,4,67108864,256
A2,append-growth-snapshot-control-o3,1,256,1,rust-vec,5,1,1024,262144,24576,128,0,126460,1,1,67108864,256
A2,append-growth-o3,1,256,1,cpp-std-vector,6,0,1024,262144,24576,128,131072,5673754,1,2,67108864,256
A2,append-growth-snapshot-control-o3,1,256,1,cpp-std-vector,6,1,1024,262144,24576,128,0,250373,1,1,67108864,256
A2,append-growth-o3,1,256,1,rust-vec,6,0,1024,262144,24576,128,131072,7016505,1,4,67108864,256
A2,append-growth-snapshot-control-o3,1,256,1,rust-vec,6,1,1024,262144,24576,128,0,127377,1,1,67108864,256
A2,append-growth-o3,1,256,1,whitefoot,6,0,1024,262144,24576,128,131072,6482828,1,2,67108864,256
A2,append-growth-snapshot-control-o3,1,256,1,whitefoot,6,1,1024,262144,24576,128,0,257833,1,1,67108864,256
A2,append-growth-o3,0,256,16,whitefoot,0,0,240,983040,5760,65,15600,2434916,16,32,67108864,256
A2,append-growth-snapshot-control-o3,0,256,16,whitefoot,0,1,240,983040,5760,65,0,24625,16,16,67108864,256
A2,append-growth-o3,0,256,16,rust-vec,0,0,240,983040,5760,65,15600,2568794,16,32,67108864,256
A2,append-growth-snapshot-control-o3,0,256,16,rust-vec,0,1,240,983040,5760,65,0,16625,16,16,67108864,256
A2,append-growth-o3,0,256,16,cpp-std-vector,0,0,240,983040,5760,65,15600,2206628,16,32,67108864,256
A2,append-growth-snapshot-control-o3,0,256,16,cpp-std-vector,0,1,240,983040,5760,65,0,24584,16,16,67108864,256
A2,append-growth-o3,0,256,16,rust-vec,1,0,240,983040,5760,65,15600,2375254,16,32,67108864,256
A2,append-growth-snapshot-control-o3,0,256,16,rust-vec,1,1,240,983040,5760,65,0,16625,16,16,67108864,256
A2,append-growth-o3,0,256,16,cpp-std-vector,1,0,240,983040,5760,65,15600,2197168,16,32,67108864,256
A2,append-growth-snapshot-control-o3,0,256,16,cpp-std-vector,1,1,240,983040,5760,65,0,24750,16,16,67108864,256
A2,append-growth-o3,0,256,16,whitefoot,1,0,240,983040,5760,65,15600,2293040,16,32,67108864,256
A2,append-growth-snapshot-control-o3,0,256,16,whitefoot,1,1,240,983040,5760,65,0,24915,16,16,67108864,256
A2,append-growth-o3,0,256,16,cpp-std-vector,2,0,240,983040,5760,65,15600,2216790,16,32,67108864,256
A2,append-growth-snapshot-control-o3,0,256,16,cpp-std-vector,2,1,240,983040,5760,65,0,24750,16,16,67108864,256
A2,append-growth-o3,0,256,16,whitefoot,2,0,240,983040,5760,65,15600,2284540,16,32,67108864,256
A2,append-growth-snapshot-control-o3,0,256,16,whitefoot,2,1,240,983040,5760,65,0,25334,16,16,67108864,256
A2,append-growth-o3,0,256,16,rust-vec,2,0,240,983040,5760,65,15600,2492210,16,32,67108864,256
A2,append-growth-snapshot-control-o3,0,256,16,rust-vec,2,1,240,983040,5760,65,0,19416,16,16,67108864,256
A2,append-growth-o3,0,256,16,whitefoot,3,0,240,983040,5760,65,15600,2321499,16,32,67108864,256
A2,append-growth-snapshot-control-o3,0,256,16,whitefoot,3,1,240,983040,5760,65,0,24583,16,16,67108864,256
A2,append-growth-o3,0,256,16,rust-vec,3,0,240,983040,5760,65,15600,2358542,16,32,67108864,256
A2,append-growth-snapshot-control-o3,0,256,16,rust-vec,3,1,240,983040,5760,65,0,16498,16,16,67108864,256
A2,append-growth-o3,0,256,16,cpp-std-vector,3,0,240,983040,5760,65,15600,2263124,16,32,67108864,256
A2,append-growth-snapshot-control-o3,0,256,16,cpp-std-vector,3,1,240,983040,5760,65,0,27540,16,16,67108864,256
A2,append-growth-o3,0,256,16,rust-vec,4,0,240,983040,5760,65,15600,2340707,16,32,67108864,256
A2,append-growth-snapshot-control-o3,0,256,16,rust-vec,4,1,240,983040,5760,65,0,17249,16,16,67108864,256
A2,append-growth-o3,0,256,16,cpp-std-vector,4,0,240,983040,5760,65,15600,2380253,16,32,67108864,256
A2,append-growth-snapshot-control-o3,0,256,16,cpp-std-vector,4,1,240,983040,5760,65,0,25579,16,16,67108864,256
A2,append-growth-o3,0,256,16,whitefoot,4,0,240,983040,5760,65,15600,2367790,16,32,67108864,256
A2,append-growth-snapshot-control-o3,0,256,16,whitefoot,4,1,240,983040,5760,65,0,25956,16,16,67108864,256
A2,append-growth-o3,0,256,16,cpp-std-vector,5,0,240,983040,5760,65,15600,2297624,16,32,67108864,256
A2,append-growth-snapshot-control-o3,0,256,16,cpp-std-vector,5,1,240,983040,5760,65,0,24876,16,16,67108864,256
A2,append-growth-o3,0,256,16,whitefoot,5,0,240,983040,5760,65,15600,2277543,16,32,67108864,256
A2,append-growth-snapshot-control-o3,0,256,16,whitefoot,5,1,240,983040,5760,65,0,24710,16,16,67108864,256
A2,append-growth-o3,0,256,16,rust-vec,5,0,240,983040,5760,65,15600,2394874,16,32,67108864,256
A2,append-growth-snapshot-control-o3,0,256,16,rust-vec,5,1,240,983040,5760,65,0,16500,16,16,67108864,256
A2,append-growth-o3,0,256,16,whitefoot,6,0,240,983040,5760,65,15600,2295875,16,32,67108864,256
A2,append-growth-snapshot-control-o3,0,256,16,whitefoot,6,1,240,983040,5760,65,0,25289,16,16,67108864,256
A2,append-growth-o3,0,256,16,rust-vec,6,0,240,983040,5760,65,15600,2337710,16,32,67108864,256
A2,append-growth-snapshot-control-o3,0,256,16,rust-vec,6,1,240,983040,5760,65,0,16499,16,16,67108864,256
A2,append-growth-o3,0,256,16,cpp-std-vector,6,0,240,983040,5760,65,15600,2210254,16,32,67108864,256
A2,append-growth-snapshot-control-o3,0,256,16,cpp-std-vector,6,1,240,983040,5760,65,0,24836,16,16,67108864,256
A2,append-growth-o3,1,256,16,cpp-std-vector,0,0,240,983040,5760,65,15600,2200459,16,32,67108864,256
A2,append-growth-snapshot-control-o3,1,256,16,cpp-std-vector,0,1,240,983040,5760,65,0,24415,16,16,67108864,256
A2,append-growth-o3,1,256,16,rust-vec,0,0,240,983040,5760,65,15600,2371004,16,32,67108864,256
A2,append-growth-snapshot-control-o3,1,256,16,rust-vec,0,1,240,983040,5760,65,0,16334,16,16,67108864,256
A2,append-growth-o3,1,256,16,whitefoot,0,0,240,983040,5760,65,15600,2293081,16,32,67108864,256
A2,append-growth-snapshot-control-o3,1,256,16,whitefoot,0,1,240,983040,5760,65,0,24832,16,16,67108864,256
A2,append-growth-o3,1,256,16,rust-vec,1,0,240,983040,5760,65,15600,2362253,16,32,67108864,256
A2,append-growth-snapshot-control-o3,1,256,16,rust-vec,1,1,240,983040,5760,65,0,16625,16,16,67108864,256
A2,append-growth-o3,1,256,16,whitefoot,1,0,240,983040,5760,65,15600,2300291,16,32,67108864,256
A2,append-growth-snapshot-control-o3,1,256,16,whitefoot,1,1,240,983040,5760,65,0,24625,16,16,67108864,256
A2,append-growth-o3,1,256,16,cpp-std-vector,1,0,240,983040,5760,65,15600,2198544,16,32,67108864,256
A2,append-growth-snapshot-control-o3,1,256,16,cpp-std-vector,1,1,240,983040,5760,65,0,25252,16,16,67108864,256
A2,append-growth-o3,1,256,16,whitefoot,2,0,240,983040,5760,65,15600,2316373,16,32,67108864,256
A2,append-growth-snapshot-control-o3,1,256,16,whitefoot,2,1,240,983040,5760,65,0,24582,16,16,67108864,256
A2,append-growth-o3,1,256,16,cpp-std-vector,2,0,240,983040,5760,65,15600,2217958,16,32,67108864,256
A2,append-growth-snapshot-control-o3,1,256,16,cpp-std-vector,2,1,240,983040,5760,65,0,24667,16,16,67108864,256
A2,append-growth-o3,1,256,16,rust-vec,2,0,240,983040,5760,65,15600,2363295,16,32,67108864,256
A2,append-growth-snapshot-control-o3,1,256,16,rust-vec,2,1,240,983040,5760,65,0,16745,16,16,67108864,256
A2,append-growth-o3,1,256,16,cpp-std-vector,3,0,240,983040,5760,65,15600,2238839,16,32,67108864,256
A2,append-growth-snapshot-control-o3,1,256,16,cpp-std-vector,3,1,240,983040,5760,65,0,24750,16,16,67108864,256
A2,append-growth-o3,1,256,16,rust-vec,3,0,240,983040,5760,65,15600,2356169,16,32,67108864,256
A2,append-growth-snapshot-control-o3,1,256,16,rust-vec,3,1,240,983040,5760,65,0,16708,16,16,67108864,256
A2,append-growth-o3,1,256,16,whitefoot,3,0,240,983040,5760,65,15600,2295712,16,32,67108864,256
A2,append-growth-snapshot-control-o3,1,256,16,whitefoot,3,1,240,983040,5760,65,0,24582,16,16,67108864,256
A2,append-growth-o3,1,256,16,rust-vec,4,0,240,983040,5760,65,15600,2447584,16,32,67108864,256
A2,append-growth-snapshot-control-o3,1,256,16,rust-vec,4,1,240,983040,5760,65,0,20081,16,16,67108864,256
A2,append-growth-o3,1,256,16,whitefoot,4,0,240,983040,5760,65,15600,2283707,16,32,67108864,256
A2,append-growth-snapshot-control-o3,1,256,16,whitefoot,4,1,240,983040,5760,65,0,24835,16,16,67108864,256
A2,append-growth-o3,1,256,16,cpp-std-vector,4,0,240,983040,5760,65,15600,2209414,16,32,67108864,256
A2,append-growth-snapshot-control-o3,1,256,16,cpp-std-vector,4,1,240,983040,5760,65,0,24543,16,16,67108864,256
A2,append-growth-o3,1,256,16,whitefoot,5,0,240,983040,5760,65,15600,2283082,16,32,67108864,256
A2,append-growth-snapshot-control-o3,1,256,16,whitefoot,5,1,240,983040,5760,65,0,24752,16,16,67108864,256
A2,append-growth-o3,1,256,16,cpp-std-vector,5,0,240,983040,5760,65,15600,2272036,16,32,67108864,256
A2,append-growth-snapshot-control-o3,1,256,16,cpp-std-vector,5,1,240,983040,5760,65,0,25371,16,16,67108864,256
A2,append-growth-o3,1,256,16,rust-vec,5,0,240,983040,5760,65,15600,2397958,16,32,67108864,256
A2,append-growth-snapshot-control-o3,1,256,16,rust-vec,5,1,240,983040,5760,65,0,16751,16,16,67108864,256
A2,append-growth-o3,1,256,16,cpp-std-vector,6,0,240,983040,5760,65,15600,2249207,16,32,67108864,256
A2,append-growth-snapshot-control-o3,1,256,16,cpp-std-vector,6,1,240,983040,5760,65,0,24708,16,16,67108864,256
A2,append-growth-o3,1,256,16,rust-vec,6,0,240,983040,5760,65,15600,2359087,16,32,67108864,256
A2,append-growth-snapshot-control-o3,1,256,16,rust-vec,6,1,240,983040,5760,65,0,16500,16,16,67108864,256
A2,append-growth-o3,1,256,16,whitefoot,6,0,240,983040,5760,65,15600,2285964,16,32,67108864,256
A2,append-growth-snapshot-control-o3,1,256,16,whitefoot,6,1,240,983040,5760,65,0,24668,16,16,67108864,256
A2,append-growth-o3,0,256,256,whitefoot,0,0,15,983040,360,69,1035,1366048,256,512,67108864,256
A2,append-growth-snapshot-control-o3,0,256,256,whitefoot,0,1,15,983040,360,69,0,1872,256,256,67108864,256
A2,append-growth-o3,0,256,256,rust-vec,0,0,15,983040,360,69,1035,1352628,256,512,67108864,256
A2,append-growth-snapshot-control-o3,0,256,256,rust-vec,0,1,15,983040,360,69,0,1750,256,256,67108864,256
A2,append-growth-o3,0,256,256,cpp-std-vector,0,0,15,983040,360,69,1035,1380420,256,512,67108864,256
A2,append-growth-snapshot-control-o3,0,256,256,cpp-std-vector,0,1,15,983040,360,69,0,2127,256,256,67108864,256
A2,append-growth-o3,0,256,256,rust-vec,1,0,15,983040,360,69,1035,1360333,256,512,67108864,256
A2,append-growth-snapshot-control-o3,0,256,256,rust-vec,1,1,15,983040,360,69,0,1751,256,256,67108864,256
A2,append-growth-o3,0,256,256,cpp-std-vector,1,0,15,983040,360,69,1035,1363463,256,512,67108864,256
A2,append-growth-snapshot-control-o3,0,256,256,cpp-std-vector,1,1,15,983040,360,69,0,2157,256,256,67108864,256
A2,append-growth-o3,0,256,256,whitefoot,1,0,15,983040,360,69,1035,1395794,256,512,67108864,256
A2,append-growth-snapshot-control-o3,0,256,256,whitefoot,1,1,15,983040,360,69,0,1709,256,256,67108864,256
A2,append-growth-o3,0,256,256,cpp-std-vector,2,0,15,983040,360,69,1035,1366087,256,512,67108864,256
A2,append-growth-snapshot-control-o3,0,256,256,cpp-std-vector,2,1,15,983040,360,69,0,2041,256,256,67108864,256
A2,append-growth-o3,0,256,256,whitefoot,2,0,15,983040,360,69,1035,1355663,256,512,67108864,256
A2,append-growth-snapshot-control-o3,0,256,256,whitefoot,2,1,15,983040,360,69,0,1706,256,256,67108864,256
A2,append-growth-o3,0,256,256,rust-vec,2,0,15,983040,360,69,1035,1353833,256,512,67108864,256
A2,append-growth-snapshot-control-o3,0,256,256,rust-vec,2,1,15,983040,360,69,0,1918,256,256,67108864,256
A2,append-growth-o3,0,256,256,whitefoot,3,0,15,983040,360,69,1035,1356955,256,512,67108864,256
A2,append-growth-snapshot-control-o3,0,256,256,whitefoot,3,1,15,983040,360,69,0,1708,256,256,67108864,256
A2,append-growth-o3,0,256,256,rust-vec,3,0,15,983040,360,69,1035,1353993,256,512,67108864,256
A2,append-growth-snapshot-control-o3,0,256,256,rust-vec,3,1,15,983040,360,69,0,2041,256,256,67108864,256
A2,append-growth-o3,0,256,256,cpp-std-vector,3,0,15,983040,360,69,1035,1350464,256,512,67108864,256
A2,append-growth-snapshot-control-o3,0,256,256,cpp-std-vector,3,1,15,983040,360,69,0,1957,256,256,67108864,256
A2,append-growth-o3,0,256,256,rust-vec,4,0,15,983040,360,69,1035,1369498,256,512,67108864,256
A2,append-growth-snapshot-control-o3,0,256,256,rust-vec,4,1,15,983040,360,69,0,1712,256,256,67108864,256
A2,append-growth-o3,0,256,256,cpp-std-vector,4,0,15,983040,360,69,1035,1364911,256,512,67108864,256
A2,append-growth-snapshot-control-o3,0,256,256,cpp-std-vector,4,1,15,983040,360,69,0,1920,256,256,67108864,256
A2,append-growth-o3,0,256,256,whitefoot,4,0,15,983040,360,69,1035,1362378,256,512,67108864,256
A2,append-growth-snapshot-control-o3,0,256,256,whitefoot,4,1,15,983040,360,69,0,1669,256,256,67108864,256
A2,append-growth-o3,0,256,256,cpp-std-vector,5,0,15,983040,360,69,1035,1368372,256,512,67108864,256
A2,append-growth-snapshot-control-o3,0,256,256,cpp-std-vector,5,1,15,983040,360,69,0,2083,256,256,67108864,256
A2,append-growth-o3,0,256,256,whitefoot,5,0,15,983040,360,69,1035,1472499,256,512,67108864,256
A2,append-growth-snapshot-control-o3,0,256,256,whitefoot,5,1,15,983040,360,69,0,1752,256,256,67108864,256
A2,append-growth-o3,0,256,256,rust-vec,5,0,15,983040,360,69,1035,1479961,256,512,67108864,256
A2,append-growth-snapshot-control-o3,0,256,256,rust-vec,5,1,15,983040,360,69,0,1879,256,256,67108864,256
A2,append-growth-o3,0,256,256,whitefoot,6,0,15,983040,360,69,1035,1453080,256,512,67108864,256
A2,append-growth-snapshot-control-o3,0,256,256,whitefoot,6,1,15,983040,360,69,0,1917,256,256,67108864,256
A2,append-growth-o3,0,256,256,rust-vec,6,0,15,983040,360,69,1035,1447965,256,512,67108864,256
A2,append-growth-snapshot-control-o3,0,256,256,rust-vec,6,1,15,983040,360,69,0,1293,256,256,67108864,256
A2,append-growth-o3,0,256,256,cpp-std-vector,6,0,15,983040,360,69,1035,1355916,256,512,67108864,256
A2,append-growth-snapshot-control-o3,0,256,256,cpp-std-vector,6,1,15,983040,360,69,0,2328,256,256,67108864,256
A2,append-growth-o3,1,256,256,cpp-std-vector,0,0,15,983040,360,69,1035,1372333,256,512,67108864,256
A2,append-growth-snapshot-control-o3,1,256,256,cpp-std-vector,0,1,15,983040,360,69,0,1540,256,256,67108864,256
A2,append-growth-o3,1,256,256,rust-vec,0,0,15,983040,360,69,1035,1350961,256,512,67108864,256
A2,append-growth-snapshot-control-o3,1,256,256,rust-vec,0,1,15,983040,360,69,0,1877,256,256,67108864,256
A2,append-growth-o3,1,256,256,whitefoot,0,0,15,983040,360,69,1035,1353792,256,512,67108864,256
A2,append-growth-snapshot-control-o3,1,256,256,whitefoot,0,1,15,983040,360,69,0,2461,256,256,67108864,256
A2,append-growth-o3,1,256,256,rust-vec,1,0,15,983040,360,69,1035,1405672,256,512,67108864,256
A2,append-growth-snapshot-control-o3,1,256,256,rust-vec,1,1,15,983040,360,69,0,1583,256,256,67108864,256
A2,append-growth-o3,1,256,256,whitefoot,1,0,15,983040,360,69,1035,1357126,256,512,67108864,256
A2,append-growth-snapshot-control-o3,1,256,256,whitefoot,1,1,15,983040,360,69,0,1878,256,256,67108864,256
A2,append-growth-o3,1,256,256,cpp-std-vector,1,0,15,983040,360,69,1035,1355414,256,512,67108864,256
A2,append-growth-snapshot-control-o3,1,256,256,cpp-std-vector,1,1,15,983040,360,69,0,1790,256,256,67108864,256
A2,append-growth-o3,1,256,256,whitefoot,2,0,15,983040,360,69,1035,1373668,256,512,67108864,256
A2,append-growth-snapshot-control-o3,1,256,256,whitefoot,2,1,15,983040,360,69,0,1711,256,256,67108864,256
A2,append-growth-o3,1,256,256,cpp-std-vector,2,0,15,983040,360,69,1035,1454211,256,512,67108864,256
A2,append-growth-snapshot-control-o3,1,256,256,cpp-std-vector,2,1,15,983040,360,69,0,1832,256,256,67108864,256
A2,append-growth-o3,1,256,256,rust-vec,2,0,15,983040,360,69,1035,1437461,256,512,67108864,256
A2,append-growth-snapshot-control-o3,1,256,256,rust-vec,2,1,15,983040,360,69,0,1709,256,256,67108864,256
A2,append-growth-o3,1,256,256,cpp-std-vector,3,0,15,983040,360,69,1035,1413626,256,512,67108864,256
A2,append-growth-snapshot-control-o3,1,256,256,cpp-std-vector,3,1,15,983040,360,69,0,2251,256,256,67108864,256
A2,append-growth-o3,1,256,256,rust-vec,3,0,15,983040,360,69,1035,1362335,256,512,67108864,256
A2,append-growth-snapshot-control-o3,1,256,256,rust-vec,3,1,15,983040,360,69,0,1753,256,256,67108864,256
A2,append-growth-o3,1,256,256,whitefoot,3,0,15,983040,360,69,1035,1402749,256,512,67108864,256
A2,append-growth-snapshot-control-o3,1,256,256,whitefoot,3,1,15,983040,360,69,0,1956,256,256,67108864,256
A2,append-growth-o3,1,256,256,rust-vec,4,0,15,983040,360,69,1035,1362705,256,512,67108864,256
A2,append-growth-snapshot-control-o3,1,256,256,rust-vec,4,1,15,983040,360,69,0,2000,256,256,67108864,256
A2,append-growth-o3,1,256,256,whitefoot,4,0,15,983040,360,69,1035,1362501,256,512,67108864,256
A2,append-growth-snapshot-control-o3,1,256,256,whitefoot,4,1,15,983040,360,69,0,1582,256,256,67108864,256
A2,append-growth-o3,1,256,256,cpp-std-vector,4,0,15,983040,360,69,1035,1361416,256,512,67108864,256
A2,append-growth-snapshot-control-o3,1,256,256,cpp-std-vector,4,1,15,983040,360,69,0,2079,256,256,67108864,256
A2,append-growth-o3,1,256,256,whitefoot,5,0,15,983040,360,69,1035,1362792,256,512,67108864,256
A2,append-growth-snapshot-control-o3,1,256,256,whitefoot,5,1,15,983040,360,69,0,2509,256,256,67108864,256
A2,append-growth-o3,1,256,256,cpp-std-vector,5,0,15,983040,360,69,1035,1366663,256,512,67108864,256
A2,append-growth-snapshot-control-o3,1,256,256,cpp-std-vector,5,1,15,983040,360,69,0,1831,256,256,67108864,256
A2,append-growth-o3,1,256,256,rust-vec,5,0,15,983040,360,69,1035,1360256,256,512,67108864,256
A2,append-growth-snapshot-control-o3,1,256,256,rust-vec,5,1,15,983040,360,69,0,1710,256,256,67108864,256
A2,append-growth-o3,1,256,256,cpp-std-vector,6,0,15,983040,360,69,1035,1362836,256,512,67108864,256
A2,append-growth-snapshot-control-o3,1,256,256,cpp-std-vector,6,1,15,983040,360,69,0,1749,256,256,67108864,256
A2,append-growth-o3,1,256,256,rust-vec,6,0,15,983040,360,69,1035,1352877,256,512,67108864,256
A2,append-growth-snapshot-control-o3,1,256,256,rust-vec,6,1,15,983040,360,69,0,1713,256,256,67108864,256
A2,append-growth-o3,1,256,256,whitefoot,6,0,15,983040,360,69,1035,1354960,256,512,67108864,256
A2,append-growth-snapshot-control-o3,1,256,256,whitefoot,6,1,15,983040,360,69,0,1463,256,256,67108864,256
A2,append-growth-o3,0,256,4096,whitefoot,0,0,1,1048576,24,8191,8191,1274389,4096,8192,8589934592,256
A2,append-growth-snapshot-control-o3,0,256,4096,whitefoot,0,1,1,1048576,24,8191,0,135133,4096,4096,8589934592,256
A2,append-growth-o3,0,256,4096,rust-vec,0,0,1,1048576,24,8191,8191,1340497,4096,8192,8589934592,256
A2,append-growth-snapshot-control-o3,0,256,4096,rust-vec,0,1,1,1048576,24,8191,0,133020,4096,4096,8589934592,256
A2,append-growth-o3,0,256,4096,cpp-std-vector,0,0,1,1048576,24,8191,8191,121548324,4096,8192,8589934592,256
A2,append-growth-snapshot-control-o3,0,256,4096,cpp-std-vector,0,1,1,1048576,24,8191,0,138642,4096,4096,8589934592,256
A2,append-growth-o3,0,256,4096,rust-vec,1,0,1,1048576,24,8191,8191,1345493,4096,8192,8589934592,256
A2,append-growth-snapshot-control-o3,0,256,4096,rust-vec,1,1,1,1048576,24,8191,0,135291,4096,4096,8589934592,256
A2,append-growth-o3,0,256,4096,cpp-std-vector,1,0,1,1048576,24,8191,8191,121758386,4096,8192,8589934592,256
A2,append-growth-snapshot-control-o3,0,256,4096,cpp-std-vector,1,1,1,1048576,24,8191,0,134722,4096,4096,8589934592,256
A2,append-growth-o3,0,256,4096,whitefoot,1,0,1,1048576,24,8191,8191,1294045,4096,8192,8589934592,256
A2,append-growth-snapshot-control-o3,0,256,4096,whitefoot,1,1,1,1048576,24,8191,0,140840,4096,4096,8589934592,256
A2,append-growth-o3,0,256,4096,cpp-std-vector,2,0,1,1048576,24,8191,8191,122260970,4096,8192,8589934592,256
A2,append-growth-snapshot-control-o3,0,256,4096,cpp-std-vector,2,1,1,1048576,24,8191,0,134818,4096,4096,8589934592,256
A2,append-growth-o3,0,256,4096,whitefoot,2,0,1,1048576,24,8191,8191,1292546,4096,8192,8589934592,256
A2,append-growth-snapshot-control-o3,0,256,4096,whitefoot,2,1,1,1048576,24,8191,0,136217,4096,4096,8589934592,256
A2,append-growth-o3,0,256,4096,rust-vec,2,0,1,1048576,24,8191,8191,1365561,4096,8192,8589934592,256
A2,append-growth-snapshot-control-o3,0,256,4096,rust-vec,2,1,1,1048576,24,8191,0,135933,4096,4096,8589934592,256
A2,append-growth-o3,0,256,4096,whitefoot,3,0,1,1048576,24,8191,8191,1297967,4096,8192,8589934592,256
A2,append-growth-snapshot-control-o3,0,256,4096,whitefoot,3,1,1,1048576,24,8191,0,135457,4096,4096,8589934592,256
A2,append-growth-o3,0,256,4096,rust-vec,3,0,1,1048576,24,8191,8191,1337264,4096,8192,8589934592,256
A2,append-growth-snapshot-control-o3,0,256,4096,rust-vec,3,1,1,1048576,24,8191,0,142929,4096,4096,8589934592,256
A2,append-growth-o3,0,256,4096,cpp-std-vector,3,0,1,1048576,24,8191,8191,121796074,4096,8192,8589934592,256
A2,append-growth-snapshot-control-o3,0,256,4096,cpp-std-vector,3,1,1,1048576,24,8191,0,132792,4096,4096,8589934592,256
A2,append-growth-o3,0,256,4096,rust-vec,4,0,1,1048576,24,8191,8191,1354883,4096,8192,8589934592,256
A2,append-growth-snapshot-control-o3,0,256,4096,rust-vec,4,1,1,1048576,24,8191,0,134861,4096,4096,8589934592,256
A2,append-growth-o3,0,256,4096,cpp-std-vector,4,0,1,1048576,24,8191,8191,121354330,4096,8192,8589934592,256
A2,append-growth-snapshot-control-o3,0,256,4096,cpp-std-vector,4,1,1,1048576,24,8191,0,131426,4096,4096,8589934592,256
A2,append-growth-o3,0,256,4096,whitefoot,4,0,1,1048576,24,8191,8191,1292307,4096,8192,8589934592,256
A2,append-growth-snapshot-control-o3,0,256,4096,whitefoot,4,1,1,1048576,24,8191,0,139025,4096,4096,8589934592,256
A2,append-growth-o3,0,256,4096,cpp-std-vector,5,0,1,1048576,24,8191,8191,121103410,4096,8192,8589934592,256
A2,append-growth-snapshot-control-o3,0,256,4096,cpp-std-vector,5,1,1,1048576,24,8191,0,136717,4096,4096,8589934592,256
A2,append-growth-o3,0,256,4096,whitefoot,5,0,1,1048576,24,8191,8191,1284154,4096,8192,8589934592,256
A2,append-growth-snapshot-control-o3,0,256,4096,whitefoot,5,1,1,1048576,24,8191,0,137871,4096,4096,8589934592,256
A2,append-growth-o3,0,256,4096,rust-vec,5,0,1,1048576,24,8191,8191,1316808,4096,8192,8589934592,256
A2,append-growth-snapshot-control-o3,0,256,4096,rust-vec,5,1,1,1048576,24,8191,0,138013,4096,4096,8589934592,256
A2,append-growth-o3,0,256,4096,whitefoot,6,0,1,1048576,24,8191,8191,1288505,4096,8192,8589934592,256
A2,append-growth-snapshot-control-o3,0,256,4096,whitefoot,6,1,1,1048576,24,8191,0,136560,4096,4096,8589934592,256
A2,append-growth-o3,0,256,4096,rust-vec,6,0,1,1048576,24,8191,8191,1331643,4096,8192,8589934592,256
A2,append-growth-snapshot-control-o3,0,256,4096,rust-vec,6,1,1,1048576,24,8191,0,137456,4096,4096,8589934592,256
A2,append-growth-o3,0,256,4096,cpp-std-vector,6,0,1,1048576,24,8191,8191,121066390,4096,8192,8589934592,256
A2,append-growth-snapshot-control-o3,0,256,4096,cpp-std-vector,6,1,1,1048576,24,8191,0,138176,4096,4096,8589934592,256
A2,append-growth-o3,1,256,4096,cpp-std-vector,0,0,1,1048576,24,8191,8191,121903123,4096,8192,8589934592,256
A2,append-growth-snapshot-control-o3,1,256,4096,cpp-std-vector,0,1,1,1048576,24,8191,0,131953,4096,4096,8589934592,256
A2,append-growth-o3,1,256,4096,rust-vec,0,0,1,1048576,24,8191,8191,1342073,4096,8192,8589934592,256
A2,append-growth-snapshot-control-o3,1,256,4096,rust-vec,0,1,1,1048576,24,8191,0,131600,4096,4096,8589934592,256
A2,append-growth-o3,1,256,4096,whitefoot,0,0,1,1048576,24,8191,8191,1290739,4096,8192,8589934592,256
A2,append-growth-snapshot-control-o3,1,256,4096,whitefoot,0,1,1,1048576,24,8191,0,140269,4096,4096,8589934592,256
A2,append-growth-o3,1,256,4096,rust-vec,1,0,1,1048576,24,8191,8191,1315717,4096,8192,8589934592,256
A2,append-growth-snapshot-control-o3,1,256,4096,rust-vec,1,1,1,1048576,24,8191,0,134827,4096,4096,8589934592,256
A2,append-growth-o3,1,256,4096,whitefoot,1,0,1,1048576,24,8191,8191,1339161,4096,8192,8589934592,256
A2,append-growth-snapshot-control-o3,1,256,4096,whitefoot,1,1,1,1048576,24,8191,0,142990,4096,4096,8589934592,256
A2,append-growth-o3,1,256,4096,cpp-std-vector,1,0,1,1048576,24,8191,8191,120727240,4096,8192,8589934592,256
A2,append-growth-snapshot-control-o3,1,256,4096,cpp-std-vector,1,1,1,1048576,24,8191,0,132781,4096,4096,8589934592,256
A2,append-growth-o3,1,256,4096,whitefoot,2,0,1,1048576,24,8191,8191,1294782,4096,8192,8589934592,256
A2,append-growth-snapshot-control-o3,1,256,4096,whitefoot,2,1,1,1048576,24,8191,0,139127,4096,4096,8589934592,256
A2,append-growth-o3,1,256,4096,cpp-std-vector,2,0,1,1048576,24,8191,8191,121065632,4096,8192,8589934592,256
A2,append-growth-snapshot-control-o3,1,256,4096,cpp-std-vector,2,1,1,1048576,24,8191,0,137895,4096,4096,8589934592,256
A2,append-growth-o3,1,256,4096,rust-vec,2,0,1,1048576,24,8191,8191,1340501,4096,8192,8589934592,256
A2,append-growth-snapshot-control-o3,1,256,4096,rust-vec,2,1,1,1048576,24,8191,0,131689,4096,4096,8589934592,256
A2,append-growth-o3,1,256,4096,cpp-std-vector,3,0,1,1048576,24,8191,8191,121031003,4096,8192,8589934592,256
A2,append-growth-snapshot-control-o3,1,256,4096,cpp-std-vector,3,1,1,1048576,24,8191,0,134652,4096,4096,8589934592,256
A2,append-growth-o3,1,256,4096,rust-vec,3,0,1,1048576,24,8191,8191,1361202,4096,8192,8589934592,256
A2,append-growth-snapshot-control-o3,1,256,4096,rust-vec,3,1,1,1048576,24,8191,0,134000,4096,4096,8589934592,256
A2,append-growth-o3,1,256,4096,whitefoot,3,0,1,1048576,24,8191,8191,1280114,4096,8192,8589934592,256
A2,append-growth-snapshot-control-o3,1,256,4096,whitefoot,3,1,1,1048576,24,8191,0,141666,4096,4096,8589934592,256
A2,append-growth-o3,1,256,4096,rust-vec,4,0,1,1048576,24,8191,8191,1332027,4096,8192,8589934592,256
A2,append-growth-snapshot-control-o3,1,256,4096,rust-vec,4,1,1,1048576,24,8191,0,135072,4096,4096,8589934592,256
A2,append-growth-o3,1,256,4096,whitefoot,4,0,1,1048576,24,8191,8191,1299799,4096,8192,8589934592,256
A2,append-growth-snapshot-control-o3,1,256,4096,whitefoot,4,1,1,1048576,24,8191,0,139553,4096,4096,8589934592,256
A2,append-growth-o3,1,256,4096,cpp-std-vector,4,0,1,1048576,24,8191,8191,120933293,4096,8192,8589934592,256
A2,append-growth-snapshot-control-o3,1,256,4096,cpp-std-vector,4,1,1,1048576,24,8191,0,134008,4096,4096,8589934592,256
A2,append-growth-o3,1,256,4096,whitefoot,5,0,1,1048576,24,8191,8191,1280694,4096,8192,8589934592,256
A2,append-growth-snapshot-control-o3,1,256,4096,whitefoot,5,1,1,1048576,24,8191,0,140346,4096,4096,8589934592,256
A2,append-growth-o3,1,256,4096,cpp-std-vector,5,0,1,1048576,24,8191,8191,121168296,4096,8192,8589934592,256
A2,append-growth-snapshot-control-o3,1,256,4096,cpp-std-vector,5,1,1,1048576,24,8191,0,132933,4096,4096,8589934592,256
A2,append-growth-o3,1,256,4096,rust-vec,5,0,1,1048576,24,8191,8191,1359550,4096,8192,8589934592,256
A2,append-growth-snapshot-control-o3,1,256,4096,rust-vec,5,1,1,1048576,24,8191,0,134596,4096,4096,8589934592,256
A2,append-growth-o3,1,256,4096,cpp-std-vector,6,0,1,1048576,24,8191,8191,120982637,4096,8192,8589934592,256
A2,append-growth-snapshot-control-o3,1,256,4096,cpp-std-vector,6,1,1,1048576,24,8191,0,136135,4096,4096,8589934592,256
A2,append-growth-o3,1,256,4096,rust-vec,6,0,1,1048576,24,8191,8191,1328675,4096,8192,8589934592,256
A2,append-growth-snapshot-control-o3,1,256,4096,rust-vec,6,1,1,1048576,24,8191,0,135615,4096,4096,8589934592,256
A2,append-growth-o3,1,256,4096,whitefoot,6,0,1,1048576,24,8191,8191,1282730,4096,8192,8589934592,256
A2,append-growth-snapshot-control-o3,1,256,4096,whitefoot,6,1,1,1048576,24,8191,0,135967,4096,4096,8589934592,256
